0 0 0 0 0 0 0 0 0 0 0 0 0 0 0 0 0 0 0 0 0 0 0 0 0 0 0 0 0 0 0 0 0 0 0 0 0 0 0 0 0 0 0 0 0 0 0 0 0 0 0 0 0 0 0 0 0 0 0 0 0 0 0 0 0 0 0 0 0 0 0 0 0 0 0 0 0 0 0 0 0 0 0 0 0 0 0 0 0 0 0 0 0 0 0 0 0 0 0 0 0 0 0 0 0 0 0 0 0 0 0 0 0 0 0 0 0 0 0 0 0 0 0 0 0 0 0 0 0 0 0 0 0 0 0 0 0 0 0 0 0 0 0 0 0 0 0 0 0 0 0 0 0 0 0 0 0 0 0 0 0 0 0 0 0 0 0 0 0 0 0 0 0 0 0 0 0 0 0 0 0 0 0 0 0 0 0 0 0 0 0 0 0 0 0 0 0 0 0 0 0 0 0 0 0 0 0 0 0 0 0 0 0 0 0 0 0 0 0 0 0 0 0 0 0 0 0 0 0 0 0 0 0 0 0 0 0 0 0 0 0 0 0 0 0 0 0 0 0 0 0 0 0 0 0 0 0 0 0 0 0 0 0 0 0 0 0 0 0 0 0 0 0 0 0 0 0 0 0 0 0 0 0 0 0 0 0 0 0 0 0 0 0 0 0 0 0 0 0 0 0 0 0 0 0 0 0 0 0 0 0 0 0 0 0 0 0 0 0 0
0 0 0 0 0 0 0 0 0 0 0 0 0 0 0 0 0 0 0 0 0 0 0 0 0 0 0 0 0 0 0 0 0 0 0 0 0 0 0 0 0 0 0 0 0 0 0 0 0 0 0 0 0 0 0 0 0 0 0 0 0 0 0 0 0 0 0 0 0 0 0 0 0 0 0 0 0 0 0 0 0 0 0 0 0 0 0 0 0 0 0 0 0 0 0 0 0 0 0 0 0 0 0 0 0 0 0 0 0 0 0 0 0 0 0 0 0 0 0 0 0 0 0 0 0 0 0 0 0 0 0 0 0 0 0 0 0 0 0 0 0 0 0 0 0 0 0 0 0 0 0 0 0 0 0 0 0 0 0 0 0 0 0 0 0 0 0 0 0 0 0 0 0 0 0 0 0 0 0 0 0 0 0 0 0 0 0 0 0 0 0 0 0 0 0 0 0 0 0 0 0 0 0 0 0 0 0 0 0 0 0 0 0 0 0 0 0 0 0 0 0 0 0 0 0 0 0 0 0 0 0 0 0 0 0 0 0 0 0 0 0 0 0 0 0 0 0 0 0 0 0 0 0 0 0 0 0 0 0 0 0 0 0 0 0 0 0 0 0 0 0 0 0 0 0 0 0 0 0 0 0 0 0 0 0 0 0 0 0 0 0 0 0 0 0 0 0 0 0 0 0 0 0 0 0 0 0 0 0 0 0 0 0 0 0 0 0 0 0 0
0 0 0 0 0 0 0 0 0 0 0 0 0 0 0 0 0 0 0 0 0 0 0 0 0 0 0 0 0 0 0 0 0 0 0 0 0 0 0 0 0 0 0 0 0 0 0 0 0 0 0 0 0 0 0 0 0 0 0 0 0 0 0 0 0 0 0 0 0 0 0 0 0 0 0 0 0 0 0 0 0 0 0 0 0 0 0 0 0 0 0 0 0 0 0 0 0 0 0 0 0 0 0 0 0 0 0 0 0 0 0 0 0 0 0 0 0 0 0 0 0 0 0 0 0 0 0 0 0 0 0 0 0 0 0 0 0 0 0 0 0 0 0 0 0 0 0 0 0 0 0 0 0 0 0 0 0 0 0 0 0 0 0 0 0 0 0 0 0 0 0 0 0 0 0 0 0 0 0 0 0 0 0 0 0 0 0 0 0 0 0 0 0 0 0 0 0 0 0 0 0 0 0 0 0 0 0 0 0 0 0 0 0 0 0 0 0 0 0 0 0 0 0 0 0 0 0 0 0 0 0 0 0 0 0 0 0 0 0 0 0 0 0 0 0 0 0 0 0 0 0 0 0 0 0 0 0 0 0 0 0 0 0 0 0 0 0 0 0 0 0 0 0 0 0 0 0 0 0 0 0 0 0 0 0 0 0 0 0 0 0 0 0 0 0 0 0 0 0 0 0 0 0 0 0 0 0 0 0 0 0 0 0 0 0 0 0 0 0 0
0 0 0 0 0 0 0 0 0 0 0 0 0 0 0 0 0 0 0 0 0 0 0 0 0 0 0 0 0 0 0 0 0 0 0 0 0 0 0 0 0 0 0 0 0 0 0 0 0 0 0 0 0 0 0 0 0 0 0 0 0 0 0 0 0 0 0 0 0 0 0 0 0 0 0 0 0 0 0 0 0 0 0 0 0 0 0 0 0 0 0 0 0 0 0 0 0 0 0 0 0 0 0 0 0 0 0 0 0 0 0 0 0 0 0 0 0 0 0 0 0 0 0 0 0 0 0 0 0 0 0 0 0 0 0 0 0 0 0 0 0 0 0 0 0 0 0 0 0 0 0 0 0 0 0 0 0 0 0 0 0 0 0 0 0 0 0 0 0 0 0 0 0 0 0 0 0 0 0 0 0 0 0 0 0 0 0 0 0 0 0 0 0 0 0 0 0 0 0 0 0 0 0 0 0 0 0 0 0 0 0 0 0 0 0 0 0 0 0 0 0 0 0 0 0 0 0 0 0 0 0 0 0 0 0 0 0 0 0 0 0 0 0 0 0 0 0 0 0 0 0 0 0 0 0 0 0 0 0 0 0 0 0 0 0 0 0 0 0 0 0 0 0 0 0 0 0 0 0 0 0 0 0 0 0 0 0 0 0 0 0 0 0 0 0 0 0 0 0 0 0 0 0 0 0 0 0 0 0 0 0 0 0 0 0 0 0 0 0 0
0 0 0 0 0 0 0 0 0 0 0 0 0 0 0 0 0 0 0 0 0 0 0 0 0 0 0 0 0 0 0 0 0 0 0 0 0 0 0 0 0 0 0 0 0 0 0 0 0 0 0 0 0 0 0 0 0 0 0 0 0 0 0 0 0 0 0 0 0 0 0 0 0 0 0 0 0 0 0 0 0 0 0 0 0 0 0 0 0 0 0 0 0 0 0 0 0 0 0 0 0 0 0 0 0 0 0 0 0 0 0 0 0 0 0 0 0 0 0 0 0 0 0 0 0 0 0 0 0 0 0 0 0 0 0 0 0 0 0 0 0 0 0 0 0 0 0 0 0 0 0 0 0 0 0 0 0 0 0 0 0 0 0 0 0 0 0 0 0 0 0 0 0 0 0 0 0 0 0 0 0 0 0 0 0 0 0 0 0 0 0 0 0 0 0 0 0 0 0 0 0 0 0 0 0 0 0 0 0 0 0 0 0 0 0 0 0 0 0 0 0 0 0 0 0 0 0 0 0 0 0 0 0 0 0 0 0 0 0 0 0 0 0 0 0 0 0 0 0 0 0 0 0 0 0 0 0 0 0 0 0 0 0 0 0 0 0 0 0 0 0 0 0 0 0 0 0 0 0 0 0 0 0 0 0 0 0 0 0 0 0 0 0 0 0 0 0 0 0 0 0 0 0 0 0 0 0 0 0 0 0 0 0 0 0 0 0 0 0 0
0 0 0 0 0 0 0 0 0 0 0 0 2560 2560 2579 2598 2639 2659 2701 2701 2680 2680 2680 2680 2701 2701 2723 2723 2723 2723 2701 2701 2701 2701 2701 2680 2680 2701 2701 2701 2723 2723 2723 2744 2767 2767 2767 2789 2789 2789 2789 2789 2789 2789 2789 2767 2744 2744 2701 2701 2680 2680 2680 2680 2680 2680 2680 2723 2744 2767 2812 2835 2835 2835 2835 2835 2835 2859 2859 2859 2859 2883 2908 2908 2908 2908 2908 2908 2908 2908 2908 2908 2933 2908 2908 2908 2933 2933 2958 3010 3010 3010 3010 3010 3037 3037 3037 3064 3064 3037 3010 3010 3010 3010 3010 3010 3037 3037 3064 3064 3064 3064 3064 3120 3149 3149 3149 3149 3149 3208 3208 3208 3178 3178 3178 3208 3208 3238 3238 3238 3269 3269 3269 3269 3269 3269 3269 3269 3269 3269 3269 3269 3269 3269 3269 3300 3300 3300 3300 3333 3300 3269 3269 3269 3269 3269 3300 3333 3333 3333 3333 3333 3333 3333 3333 3300 3300 3300 3300 3365 3365 3399 3399 3433 3399 3399 3433 3365 3238 3238 3208 3208 3208 3178 3178 3149 3149 3120 3092 3092 3092 0 3037 3010 3010 3010 3010 3010 0 0 2883 2835 2835 2812 2789 2789 2789 2789 2789 2744 2744 2723 2723 2723 2701 2680 2639 2639 2639 2639 2639 2618 2598 2598 2579 2579 2579 2579 2579 2579 2579 2579 0 0 0 0 0 0 0 0 0 0 0 0 0 0 0 0 0 0 0 0 0 0 0 2659 2659 2659 2659 2659 2659 2659 2639 2639 2618 2598 2579 2579 2579 2579 2579 2579 2579 2579 2579 2541 2541 2541 2522 2503 2485 2485 2485 2467 2450 2450 2450 2450 2450 2450 2450 2450 2432 2432 2432 2432 2432 2398 2398 2381 2365 2365 2415 2415 0 0 0 0 0 0
0 0 0 0 0 0 0 0 0 0 0 0 2560 2560 2579 2598 2618 2659 2680 2680 2680 2680 2680 2680 2701 2701 2723 2723 2723 2723 2701 2701 2701 2701 2701 2680 2680 2701 2701 2701 2723 2723 2723 2744 2767 2767 2767 2789 2789 2789 2789 2789 2789 2789 2789 2767 2723 2723 2680 2680 2680 2659 2659 2659 2659 2680 2680 2701 2723 2744 2789 2812 2835 2835 2835 2835 2835 2859 2859 2859 2859 2883 2883 2908 2908 2908 2908 2908 2908 2908 2908 2908 2908 2908 2883 2859 2859 2859 2859 2883 2883 2933 3010 3010 3037 3037 3037 3064 3064 3037 3010 3010 3010 3010 3010 3010 3037 3037 3064 3064 3064 3064 3064 3120 3149 3149 3149 3149 3149 3208 3208 3208 3178 3178 3178 3208 3208 3238 3238 3238 3238 3269 3269 3269 3269 3269 3269 3269 3269 3269 3269 3269 3269 3269 3269 3269 3269 3269 3300 3300 3300 3269 3269 3269 3269 3269 3300 3333 3333 3333 3333 3333 3333 3333 3333 3300 3300 3300 3300 3365 3365 3399 3399 3399 3399 3399 3433 3365 3238 3238 3208 3208 3208 3178 3178 3149 3120 3120 3092 3092 3092 3092 3037 3010 3010 3010 2984 2984 0 0 2859 2812 2812 2812 2789 2789 2767 2767 2767 2744 2744 2723 2723 2723 2701 2680 2639 2639 2639 2618 2618 2598 2598 2598 2579 2579 2579 2579 2579 2579 2579 2579 0 0 0 0 0 0 0 2271 2271 2286 0 0 0 0 0 0 0 0 0 0 0 0 0 2659 2639 2639 2639 2639 2639 2659 2639 2639 2618 2598 2579 2579 2579 2579 2560 2560 2579 2560 2560 2541 2522 2522 2522 2503 2485 2485 2485 2467 2450 2450 2450 2432 2432 2432 2450 2450 2432 2432 2432 2432 2432 2398 2398 2381 2365 2365 2381 2398 0 0 0 0 0 0
0 0 0 0 0 0 0 0 0 0 0 0 2579 2579 2579 2598 2618 2659 2680 2680 2680 2680 2680 2701 2701 2701 2701 2701 2701 2723 2723 2701 2701 2701 2701 2701 2701 2701 2701 2701 2701 2701 2723 2723 2767 2767 2789 2789 2789 2789 2789 2789 2789 2789 2789 2767 2723 2723 2680 2680 2680 2659 2659 2659 2659 2680 2680 2701 2723 2744 2744 2767 2812 2835 2835 2835 2835 2859 2859 2859 2859 2859 2859 2908 2908 2908 2908 2933 2933 2933 2933 2933 2908 2908 2859 2789 2789 2789 2789 2789 2812 2835 2835 3037 3037 3037 3037 3064 3064 3037 3037 3037 3037 3010 3010 3037 3037 3064 3064 3064 3064 3064 3064 3120 3149 3149 3149 3149 3178 3208 3208 3208 3208 3208 3208 3208 3238 3238 3238 3238 3238 3238 3269 3269 3269 3269 3269 3269 3269 3269 3269 3269 3269 3269 3269 3269 3269 3269 3300 3300 3300 3300 3269 3269 3333 3300 3300 3333 3333 3365 3333 3333 3333 3333 3333 3333 3333 3333 3333 3365 3365 3365 3399 3399 3399 3433 3433 3365 3238 3238 3238 3208 3208 3178 3178 3149 3120 3120 3092 3092 3092 3064 3037 3010 3010 3010 2984 2984 2984 2859 2835 2812 2812 2812 2789 2789 2767 2767 2767 2767 2744 2744 2744 2701 2701 2680 2659 2659 2639 2618 2618 2598 2579 2579 2579 2560 2560 2579 2579 0 0 0 0 0 0 0 0 0 2286 2271 2271 2286 0 0 0 0 0 0 0 0 0 0 0 0 0 2639 2639 2639 2639 2639 2639 2659 2639 2639 2639 2598 2579 2579 2579 2579 2560 2560 2579 2560 2560 2541 2522 2522 2522 2503 2503 2485 2467 2467 2467 2450 2450 2432 2432 2432 2432 2432 2432 2432 2432 2432 2432 2415 2415 2381 2381 2381 2381 2398 0 0 0 0 0 0
0 0 0 0 0 0 0 0 0 0 0 0 2598 2598 2598 2618 2618 2659 2680 2680 2659 2659 2659 2680 2701 2701 2701 2701 2701 2723 2744 2723 2723 2701 2701 2701 2701 2701 2701 2701 2701 2701 2723 2723 2744 2789 2789 2789 2812 2812 2789 2789 2789 2789 2789 2767 2744 2723 2701 2680 2680 2680 2680 2680 2680 2680 2680 2723 2723 2723 2723 2723 2812 2835 2835 2835 2835 2859 2859 2859 2859 2859 2859 2908 2908 2908 2908 2933 2933 2933 2933 2933 2933 2883 2812 2767 2767 2767 2767 2789 2789 2789 2789 3037 3037 3037 3037 3064 3064 3037 3037 3037 3037 3037 3037 3037 3064 3064 3092 3092 3092 3092 3092 3120 3149 3149 3149 3149 3149 3208 3208 3208 3208 3238 3238 3238 3238 3238 3238 3238 3238 3238 3269 3269 3269 3269 3269 3269 3269 3269 3269 3269 3269 3269 3269 3269 3269 3269 3300 3333 3300 3300 3300 3333 3333 3333 3333 3333 3333 3365 3365 3365 3333 3333 3365 3365 3365 3365 3399 3365 3365 3365 3399 3399 3399 3433 3468 3468 3238 3238 3238 3208 3208 3178 3178 3149 3149 3120 3092 3092 3064 3064 3010 3010 3010 3010 2984 2984 2883 2859 2835 2789 2789 2789 2789 2767 2767 2723 2723 2723 2723 2723 2723 2701 2701 2680 2659 2659 2639 2639 2618 2598 2579 2579 2560 2560 2560 2560 0 2450 0 0 0 0 0 0 0 0 2286 2286 2286 2286 0 0 0 0 0 0 0 0 0 0 0 0 0 0 2639 2639 2639 2639 2639 2659 2639 2639 2639 2598 2598 2579 2579 2579 2579 2579 2579 2579 2579 2541 2522 2522 2522 2503 2503 2485 2450 2450 2450 2450 2450 2450 2450 2450 2432 2432 2432 2432 2432 2432 2432 2415 2415 2398 2381 2381 2381 2415 0 0 0 0 0 0
0 0 0 0 0 0 0 0 0 0 0 0 2598 2598 2598 2618 2639 2659 2680 2680 2659 2659 2659 2680 2680 2701 2701 2701 2701 2723 2723 2723 2723 2701 2701 2701 2701 2701 2701 2701 2701 2701 2701 2723 2744 2789 2789 2789 2812 2812 2789 2789 2789 2789 2789 2767 2744 2723 2701 2701 2701 2701 2701 2701 2680 2680 2680 2680 2723 2723 2723 2723 2789 2812 2835 2835 2835 2859 2859 2859 2859 2859 2883 2908 2883 2883 2908 2933 2933 2933 2933 2933 2933 2859 2789 2767 2767 2767 2767 2767 2767 2789 2789 3037 3037 3037 3064 3064 3064 3037 3037 3037 3037 3037 3037 3037 3064 3064 3092 3092 3092 3092 3120 3120 3120 3149 3149 3149 3149 3178 3178 3178 3208 3238 3238 3238 3238 3238 3238 3238 3238 3238 3269 3269 3269 3269 3269 3269 3269 3269 3269 3269 3269 3269 3269 3300 3333 3333 3333 3333 3300 3300 3333 3333 3300 3300 3333 3333 3333 3333 3365 3365 3365 3365 3365 3365 3365 3399 3399 3365 3365 3365 3399 3399 3399 3433 3468 3468 3269 3238 3238 3208 3208 3208 3208 3208 3178 3120 3092 3092 3064 3037 3010 2984 2984 2984 2984 2933 2883 2859 2835 2789 2789 2789 2767 2767 2767 2723 2723 2723 2723 2723 2701 2680 2680 2659 2659 2659 2659 2639 2618 2598 2579 2579 2560 2560 2560 2560 2450 0 0 0 0 0 0 0 0 0 2301 2286 2286 2333 2333 0 0 0 0 0 0 0 2365 2365 2398 0 0 0 0 2415 2639 2639 2639 2639 2639 2639 2618 2618 2618 2579 2579 2579 2579 2579 2560 2560 2560 2522 2522 2522 2522 2503 2503 2485 2450 2450 2450 2450 2432 2432 2450 2450 2432 2432 2432 2432 2432 2432 2432 2415 2415 2398 2381 2381 2398 2415 0 0 0 0 0 0
0 0 0 0 0 0 0 0 0 0 0 0 2598 2598 2598 2618 2639 2659 2701 2701 2680 2680 2680 2680 2680 2701 2701 2701 2723 2723 2723 2723 2723 2723 2723 2701 2701 2701 2701 2701 2701 2701 2701 2701 2723 2767 2789 2789 2812 2812 2812 2789 2789 2789 2789 2767 2744 2744 2744 2744 2744 2744 2744 2701 2701 2680 2680 2680 2701 2701 2723 2723 2744 2789 2835 2835 2835 2859 2859 2859 2859 2859 2883 2883 2883 2883 2908 2933 2933 2933 2933 2933 2933 2859 2789 2767 2767 2767 2767 2767 2767 2767 3064 3064 3037 3037 3064 3064 3064 3037 3037 3037 3037 3037 3037 3037 3064 3064 3092 3120 3092 3092 3120 3120 3120 3149 3149 3178 3178 3178 3149 3149 3208 3208 3208 3238 3238 3238 3238 3238 3269 3269 3269 3269 3269 3300 3300 3269 3269 3269 3269 3269 3269 3300 3300 3300 3333 3333 3333 3333 3333 3333 3333 3333 3300 3300 3333 3333 3333 3333 3365 3365 3365 3365 3365 3365 3365 3399 3399 3399 3399 3399 3399 3399 3399 3433 3468 3433 3269 3238 3208 3208 3178 3178 3178 3208 3178 3120 3092 3092 3064 3037 2984 2984 2984 2984 2984 2933 2883 2859 2835 2789 2789 2789 2767 2767 2767 2723 2723 2723 2723 2723 2701 2680 2680 2659 2659 2659 2659 2659 2618 2598 2579 2579 2598 2598 2598 2450 2450 2450 2467 0 0 0 0 0 2365 2365 2365 2365 2365 2333 2333 2398 2415 2398 2381 2349 2349 2381 2365 2365 2398 2415 0 2415 2415 2415 2398 2639 2639 2618 2618 2639 2618 2618 2618 2598 2598 2579 2579 2579 2560 2560 2560 2522 2522 2522 2503 2503 2503 2485 2467 2467 2467 2450 2432 2432 2450 2450 2432 2432 2432 2432 2432 2432 2432 2415 2415 2398 2398 2398 2415 2415 0 0 0 0 0 0
0 0 0 0 0 0 0 0 0 0 0 0 2598 2598 2618 2639 2680 2680 2680 2680 2680 2680 2680 2680 2680 2723 2723 2723 2723 2723 2723 2723 2723 2723 2701 2701 2701 2701 2701 2701 2701 2701 2701 2701 2723 2767 2767 2789 2812 2812 2812 2812 2789 2789 2789 2789 2767 2767 2767 2744 2744 2767 2767 2744 2723 2680 2680 2680 2701 2701 2723 2723 2744 2767 2812 2835 2835 2859 2859 2859 2859 2859 2883 2883 2883 2908 2908 2933 2958 2933 2933 2933 2883 2835 2789 2767 2767 2767 2767 2767 2789 3037 3064 3064 3064 3064 3064 3064 3064 3064 3064 3037 3037 3037 3037 3037 3064 3064 3092 3092 3092 3092 3120 3120 3120 3149 3178 3208 3178 3178 3149 3149 3178 3208 3208 3238 3238 3238 3269 3269 3269 3269 3269 3269 3269 3300 3300 3269 3269 3269 3269 3269 3300 3300 3300 3333 3333 3333 3333 3333 3333 3333 3333 3333 3333 3333 3333 3333 3333 3333 3365 3365 3365 3365 3365 3365 3365 3399 3399 3399 3399 3399 3399 3399 3433 3433 3433 3365 3269 3238 3208 3208 3178 3178 3178 3208 3208 3120 3120 3092 3092 3037 2984 2984 2984 2984 2984 2908 2883 2859 2859 2812 2789 2789 2767 2767 2767 2723 2723 2723 2723 2723 2701 2680 2680 2659 2659 2659 2680 2659 2618 2598 2598 2598 2541 2541 2522 2522 2450 2450 2467 2522 0 0 0 0 2365 2365 2381 2381 2381 2365 2365 2398 2415 2398 2381 2349 2349 2381 2381 2381 2398 2415 2415 2415 2415 2415 2398 2398 2432 2432 2598 2639 2639 2639 2618 2598 2579 2579 2579 2579 2579 2579 2560 2541 2522 2522 2503 2503 2485 2485 2485 2485 2485 2485 2450 2450 2450 2450 2450 2432 2432 2432 2432 2432 2432 2415 2415 2415 2398 2398 2415 2432 0 0 0 0 0 0
0 0 0 0 0 0 0 0 0 0 0 0 2598 2598 2618 2680 2680 2680 2680 2680 2680 2680 2680 2680 2701 2723 2723 2723 2723 2723 2723 2723 2723 2723 2701 2701 2723 2701 2701 2701 2701 2701 2701 2701 2744 2767 2767 2789 2812 2812 2812 2789 2789 2789 2789 2789 2767 2767 2767 2767 2767 2767 2767 2744 2723 2701 2701 2701 2723 2723 2723 2723 2723 2744 2767 2767 2812 2835 2859 2859 2859 2883 2883 2883 2883 2908 2908 2908 2933 2933 2933 2908 2859 2835 2789 2789 2789 2789 2789 2789 2908 3037 3037 3064 3064 3064 3064 3064 3064 3064 3064 3037 3037 3037 3037 3037 3064 3064 3064 3092 3092 3092 3120 3120 3120 3149 3149 3178 3178 3178 3178 3178 3178 3208 3238 3238 3238 3238 3269 3269 3269 3269 3269 3269 3300 3300 3300 3300 3269 3269 3300 3300 3333 3333 3300 3300 3300 3300 3333 3333 3333 3333 3333 3333 3333 3333 3333 3333 3333 3333 3365 3365 3365 3365 3365 3365 3365 3399 3399 3433 3433 3433 3399 3399 3433 3433 3433 3365 3269 3238 3208 3208 3178 3178 3178 3178 3178 3149 3120 3120 3092 3037 2984 2984 2984 2984 2984 2908 2883 2835 2835 2812 2789 2789 2767 2767 2767 2723 2723 2723 2723 2723 2701 2680 2680 2680 2659 2659 2680 2659 2639 2639 2639 2560 2541 2541 2541 2522 2503 2503 2503 2467 2467 2432 2432 2432 2381 2381 2398 2398 2398 2398 2398 2432 2432 2415 2381 2365 2365 2381 2398 2398 2415 2415 2415 2398 2398 2415 2398 2398 2415 2415 2598 2639 2639 2639 2618 2598 2579 2579 2579 2579 2579 2579 2560 2541 2541 2522 2503 2503 2485 2485 2485 2485 2467 2467 2450 2450 2450 2450 2432 2432 2450 2450 2432 2432 2432 2415 2415 2415 2398 2398 2415 2415 0 0 0 0 0 0
0 0 0 0 0 0 0 0 0 0 0 0 2598 2598 2618 2680 2680 2680 2680 2701 2701 2701 2701 2701 2701 2701 2723 2701 2701 2723 2744 2723 2723 2723 2723 2723 2723 2701 2701 2701 2701 2701 2701 2701 2744 2767 2789 2789 2789 2812 2789 2789 2789 2789 2789 2789 2789 2789 2767 2767 2767 2767 2767 2767 2744 2723 2723 2723 2723 2723 2723 2701 2701 2723 2744 2744 2789 2835 2859 2859 2859 2883 2883 2908 2908 2908 2908 2908 2933 2933 2933 2883 2859 2812 2789 2789 2789 2789 2789 2812 3010 3037 3037 3064 3064 3064 3064 3064 3064 3064 3037 3037 3037 3037 3037 3037 3037 3064 3064 3092 3092 3092 3120 3120 3149 3149 3149 3178 3178 3178 3178 3178 3178 3208 3238 3238 3238 3238 3269 3269 3269 3269 3269 3269 3300 3300 3300 3300 3300 3300 3300 3333 3333 3333 3300 3300 3300 3300 3333 3333 3333 3333 3333 3333 3333 3333 3333 3333 3333 3333 3365 3365 3365 3365 3365 3365 3365 3399 3433 3433 3433 3433 3433 3433 3433 3468 3468 3365 3269 3238 3238 3238 3208 3208 3178 3178 3120 3120 3120 3092 3037 3037 2984 2984 2984 2984 2984 2908 2883 2835 2835 2812 2812 2789 2767 2767 2767 2744 2744 2723 2723 2723 2723 2701 2680 2680 2680 2680 2659 2659 2639 2639 2639 2560 2560 2541 2541 2541 2522 2522 2503 2467 2450 2432 2432 2450 2503 2415 2398 2398 2398 2398 2398 2432 2450 2432 2398 2398 2398 2415 2432 2450 2450 2432 2432 2398 2398 2415 2398 2398 2415 2415 2598 2639 2639 2639 2618 2598 2579 2579 2579 2579 2579 2579 2560 2541 2541 2522 2503 2503 2503 2503 2485 2485 2467 2467 2450 2450 2450 2450 2432 2432 2450 2450 2432 2432 2432 2415 2415 2415 2398 2398 2398 2415 0 0 0 0 0 0
0 0 0 0 0 0 0 0 0 0 0 0 2598 2598 2659 2680 2680 2680 2701 2701 2701 2701 2680 2680 2701 2701 2723 2701 2701 2723 2744 2744 2744 2723 2723 2723 2723 2701 2701 2701 2701 2701 2723 2723 2744 2767 2789 2789 2789 2812 2789 2789 2789 2789 2789 2812 2789 2789 2767 2767 2767 2767 2744 2744 2767 2767 2744 2744 2723 2723 2723 2701 2701 2723 2723 2744 2767 2835 2859 2859 2883 2883 2883 2908 2908 2933 2933 2933 2933 2933 2908 2859 2835 2812 2789 2789 2789 2789 2835 2908 3037 3037 3037 3064 3064 3064 3064 3064 3064 3064 3037 3037 3037 3037 3037 3037 3037 3064 3064 3092 3092 3092 3120 3120 3149 3178 3178 3178 3178 3208 3208 3208 3208 3208 3238 3238 3269 3269 3269 3269 3269 3269 3269 3269 3300 3300 3333 3300 3300 3300 3333 3333 3365 3365 3333 3333 3300 3300 3333 3333 3333 3333 3300 3300 3333 3333 3333 3365 3365 3365 3365 3365 3365 3365 3365 3365 3399 3433 3433 3433 3433 3433 3433 3433 3433 3468 3468 3399 3300 3238 3238 3238 3208 3208 3178 3149 3120 3120 3120 3092 3010 3010 2984 2984 2984 2984 2958 2883 2883 2859 2859 2812 2812 2789 2767 2767 2767 2744 2744 2723 2723 2723 2723 2701 2701 2680 2680 2680 2659 2659 2659 2659 2560 2560 2560 2541 2541 2541 2541 2541 2503 2467 2450 2450 2450 2450 2503 2541 2541 2541 2398 2398 2415 2450 2503 2432 2415 2415 2415 2432 2450 2467 2450 2432 2432 2432 2432 2432 2415 2415 2415 2432 2598 2639 2639 2639 2618 2598 2598 2598 2579 2579 2579 2560 2541 2541 2541 2522 2503 2503 2503 2503 2485 2485 2485 2467 2450 2450 2450 2450 2450 2432 2432 2432 2415 2415 2415 2415 2415 2398 2398 2398 2398 2415 0 0 0 0 0 0
0 0 0 0 0 0 0 0 0 0 0 0 2618 2618 2639 2680 2680 2680 2701 2701 2701 2701 2680 2680 2701 2723 2723 2723 2723 2723 2744 2744 2723 2723 2723 2723 2723 2701 2701 2701 2701 2723 2723 2744 2767 2767 2789 2789 2789 2812 2789 2789 2789 2789 2789 2812 2789 2789 2789 2789 2767 2767 2744 2744 2789 2789 2767 2767 2744 2723 2723 2701 2701 2723 2723 2744 2767 2835 2859 2859 2883 2883 2883 2908 2908 2933 2933 2933 2933 2933 2883 2835 2835 2812 2789 2789 2812 2812 2859 2958 3037 3037 3037 3064 3064 3064 3064 3064 3092 3064 3037 3037 3037 3037 3037 3037 3064 3064 3092 3092 3092 3092 3120 3120 3149 3149 3149 3178 3208 3208 3208 3208 3208 3238 3238 3269 3269 3269 3269 3269 3269 3269 3300 3300 3333 3333 3333 3300 3300 3333 3365 3365 3365 3365 3333 3333 3333 3333 3365 3365 3333 3333 3300 3300 3333 3333 3333 3365 3365 3365 3365 3365 3365 3365 3365 3365 3365 3399 3399 3399 3399 3433 3433 3468 3468 3468 3503 3433 3300 3238 3238 3238 3238 3208 3178 3149 3120 3092 3092 3092 3010 3010 2984 2984 2984 2958 2933 2883 2883 2883 2859 2835 2812 2789 2789 2767 2767 2744 2744 2744 2723 2723 2701 2701 2701 2680 2680 2680 2659 2659 2560 2541 2541 2560 2560 2560 2560 2560 2560 2560 2541 2485 2467 2467 2467 2503 2522 2541 2541 2541 2503 2503 2522 2522 2522 2485 2485 2485 2485 2503 2503 2503 2485 2467 2467 2450 2450 2432 2432 2415 2415 2432 2618 2639 2659 2659 2618 2598 2598 2598 2598 2598 2579 2560 2541 2541 2522 2522 2503 2503 2503 2503 2485 2485 2485 2467 2467 2450 2450 2450 2450 2432 2432 2415 2415 2415 2415 2415 2415 2398 2398 2398 2398 2398 0 0 0 0 0 0
0 0 0 0 0 0 0 0 0 0 0 0 2618 2618 2639 2680 2680 2701 2701 2701 2701 2701 2701 2701 2701 2701 2723 2723 2723 2723 2744 2744 2723 2723 2723 2723 2723 2701 2701 2701 2701 2723 2723 2744 2767 2767 2789 2789 2789 2812 2789 2789 2789 2789 2789 2789 2812 2812 2789 2789 2789 2789 2767 2767 2812 2812 2789 2767 2767 2744 2744 2744 2744 2744 2744 2744 2767 2835 2859 2859 2859 2883 2883 2908 2933 2933 2933 2933 2933 2933 2883 2835 2835 2812 2789 2789 2789 2812 2984 3010 3037 3037 3064 3037 3037 3064 3064 3092 3092 3064 3064 3037 3037 3037 3037 3064 3064 3064 3092 3092 3120 3120 3149 3149 3149 3149 3149 3178 3178 3178 3208 3208 3208 3238 3238 3269 3269 3269 3269 3269 3269 3300 3300 3300 3333 3333 3333 3333 3333 3365 3365 3365 3365 3365 3365 3365 3365 3365 3365 3365 3333 3333 3333 3333 3333 3365 3365 3399 3365 3365 3365 3365 3399 3365 3365 3365 3365 3365 3365 3365 3399 3433 3433 3468 3468 3503 3503 3433 3333 3269 3238 3238 3208 3178 3149 3149 3120 3092 3092 3037 3010 3010 2984 2984 2984 2958 2933 2933 2908 2883 2883 2835 2812 2789 2789 2767 2767 2744 2744 2744 2701 2701 2701 2701 2701 2680 2680 2680 2680 2639 2560 2541 2541 2560 2560 2579 2579 2579 2579 2579 2560 2503 2467 2467 2485 2522 2541 2579 2560 2541 2522 2522 2560 2541 2541 2522 2522 2522 2522 2522 2522 2522 2485 2467 2467 2467 2450 2450 2432 2398 2398 2659 2659 2659 2659 2659 2618 2598 2598 2598 2598 2598 2579 2560 2560 2541 2522 2522 2503 2503 2503 2503 2485 2485 2485 2467 2467 2450 2450 2450 2450 2450 2432 2415 2415 2415 2415 2415 2415 2398 2398 2398 2398 2398 0 0 0 0 0 0
0 0 0 0 0 0 0 0 0 0 0 0 2598 2598 2639 2680 2680 2701 2723 2723 2723 2701 2701 2701 2701 2701 2723 2723 2723 2723 2744 2744 2723 2701 2701 2701 2701 2701 2701 2701 2701 2723 2723 2744 2767 2767 2789 2789 2789 2812 2812 2789 2789 2789 2789 2789 2812 2812 2812 2789 2789 2789 2789 2789 2812 2812 2835 2812 2812 2767 2767 2767 2767 2767 2767 2767 2789 2835 2859 2859 2859 2883 2883 2933 2933 2933 2933 2933 2933 2933 2859 2812 2812 2812 2789 2767 2767 2984 2984 3010 3037 3037 3037 3037 3037 3064 3064 3092 3120 3092 3064 3037 3037 3064 3064 3064 3064 3092 3120 3120 3120 3120 3149 3149 3149 3178 3178 3178 3178 3178 3238 3238 3238 3238 3238 3269 3269 3269 3269 3269 3300 3300 3300 3300 3333 3333 3333 3365 3365 3365 3365 3365 3365 3365 3365 3365 3365 3365 3399 3399 3333 3333 3333 3333 3365 3365 3365 3399 3399 3399 3399 3399 3399 3399 3365 3365 3365 3365 3365 3365 3399 3433 3433 3468 3468 3503 3468 3433 3333 3269 3238 3238 3208 3149 3149 3120 3120 3092 3064 3037 3010 3010 2984 2984 2984 2958 2933 2933 2908 2883 2883 2859 2812 2789 2789 2767 2767 2744 2744 2744 2701 2701 2701 2701 2701 2701 2680 2680 2680 2639 2560 2541 2541 2560 2560 2579 2579 2579 2579 2579 2579 2560 2560 2560 2579 2579 2598 2598 2579 2522 2522 2522 2560 2579 2579 2541 2541 2541 2541 2541 2522 2522 2522 2485 2485 2467 2467 2467 2432 2398 2398 2659 2659 2680 2659 2659 2618 2598 2598 2598 2598 2598 2579 2560 2560 2560 2541 2541 2522 2503 2503 2503 2503 2503 2485 2485 2485 2450 2450 2450 2450 2450 2415 2415 2415 2398 2398 2415 2415 2398 2398 2398 2398 2398 0 0 0 0 0 0
0 0 0 0 0 0 0 0 0 0 0 0 2598 2598 2639 2680 2701 2723 2723 2723 2723 2701 2701 2701 2723 2723 2723 2723 2744 2744 2744 2723 2723 2701 2701 2701 2701 2701 2701 2701 2701 2723 2723 2744 2767 2767 2789 2789 2789 2789 2812 2789 2789 2789 2789 2789 2812 2835 2812 2789 2789 2789 2789 2812 2812 2812 2835 2835 2835 2812 2812 2812 2812 2812 2812 2812 2812 2835 2835 2789 2789 2859 2883 2933 2933 2933 2933 2933 2933 2933 2859 2812 2789 2789 2789 2767 2767 3010 3010 3037 3037 3037 3037 3037 3037 3064 3064 3092 3120 3092 3064 3064 3064 3064 3064 3092 3092 3092 3120 3120 3120 3120 3120 3149 3149 3178 3178 3208 3208 3208 3238 3238 3238 3238 3238 3269 3269 3269 3269 3269 3300 3300 3300 3300 3333 3333 3365 3365 3365 3365 3365 3365 3365 3365 3365 3365 3365 3399 3399 3399 3365 3333 3333 3333 3365 3365 3365 3399 3399 3399 3399 3399 3399 3399 3399 3365 3365 3365 3399 3399 3399 3433 3468 3468 3468 3503 3468 3433 3365 3269 3238 3208 3208 3149 3149 3120 3120 3064 3037 3037 3010 3010 2984 2984 2984 2958 2933 2908 2908 2883 2883 2835 2812 2789 2767 2744 2744 2744 2744 2744 2701 2701 2701 2701 2701 2701 2680 2680 2659 2639 2579 2560 2560 2560 2579 2579 2598 2598 2598 2598 2598 2579 2579 2598 2598 2598 2598 2598 2560 2503 2503 2522 2560 2579 2579 2560 2560 2560 2541 2541 2522 2522 2522 2467 2467 2485 2485 2503 2541 2680 2680 2680 2680 2680 2680 2659 2639 2618 2598 2598 2598 2598 2598 2579 2560 2560 2541 2541 2522 2503 2503 2503 2503 2503 2503 2485 2485 2450 2450 2450 2450 2450 2415 2415 2415 2398 2398 2398 2398 2398 2398 2398 2398 2415 0 0 0 0 0 0
0 0 0 0 0 0 0 0 0 0 0 0 2618 2618 2659 2680 2701 2723 2744 2744 2767 2723 2723 2723 2723 2723 2744 2744 2744 2744 2744 2723 2723 2680 2680 2701 2701 2701 2701 2723 2723 2723 2723 2744 2767 2767 2789 2789 2789 2789 2812 2812 2789 2789 2789 2789 2812 2812 2789 2789 2789 2789 2789 2812 2812 2835 2835 2835 2835 2835 2835 2835 2835 2835 2835 2859 2859 2859 2835 2789 2789 2859 2859 2908 2933 2933 2933 2933 2933 2933 2859 2812 2789 2789 2789 2767 2767 3037 3037 3037 3037 3037 3064 3037 3037 3064 3064 3092 3120 3092 3064 3064 3064 3064 3064 3092 3092 3092 3120 3120 3120 3120 3120 3149 3178 3208 3208 3208 3208 3208 3238 3238 3238 3238 3238 3269 3269 3269 3269 3269 3269 3300 3300 3300 3333 3333 3365 3365 3365 3365 3365 3333 3333 3365 3365 3399 3399 3399 3399 3399 3365 3365 3365 3365 3365 3365 3365 3365 3399 3399 3399 3399 3399 3399 3399 3365 3365 3399 3399 3399 3433 3433 3468 3468 3468 3503 3468 3468 3365 3238 3238 3208 3208 3149 3149 3120 3092 3064 3037 3037 3010 3010 2984 2984 2984 2958 2933 2908 2908 2883 2883 2835 2812 2789 2767 2744 2744 2744 2723 2723 2744 2701 2701 2701 2701 2701 2680 2680 2659 2659 2618 2598 2579 2579 2579 2579 2579 2598 2618 2618 2618 2598 2598 2598 2618 2618 2618 2598 2560 2503 2503 2522 2598 2598 2598 2579 2579 2560 2541 2541 2541 2522 2522 2467 2467 2485 2503 2680 2680 2701 2680 2680 2680 2680 2659 2659 2639 2639 2618 2618 2598 2598 2598 2579 2579 2560 2560 2541 2541 2522 2503 2503 2503 2503 2503 2485 2485 2450 2450 2450 2450 2450 2415 2415 2415 2415 2398 2398 2398 2398 2398 2398 2398 2415 0 0 0 0 0 0
0 0 0 0 0 0 0 0 0 0 0 0 2639 2639 2659 2680 2701 2723 2744 2744 2744 2744 2723 2723 2723 2723 2723 2723 2723 2723 2723 2723 2723 2680 2680 2701 2701 2701 2723 2723 2723 2723 2723 2744 2767 2767 2789 2789 2789 2812 2812 2812 2812 2812 2789 2789 2812 2812 2789 2789 2789 2789 2789 2812 2812 2835 2835 2835 2835 2835 2835 2835 2835 2835 2835 2835 2859 2859 2835 2835 2835 2835 2859 2908 2933 2933 2933 2958 2933 2933 2958 2958 2789 2789 2789 2789 2789 3037 3037 3064 3064 3064 3064 3064 3064 3064 3092 3120 3120 3092 3064 3064 3064 3064 3064 3092 3092 3120 3120 3120 3120 3120 3120 3178 3208 3238 3238 3238 3208 3208 3238 3238 3238 3238 3269 3269 3269 3269 3269 3269 3269 3300 3300 3300 3333 3365 3365 3365 3365 3365 3365 3333 3333 3365 3365 3399 3399 3399 3433 3433 3399 3365 3365 3365 3365 3365 3365 3365 3399 3399 3399 3399 3399 3399 3399 3399 3399 3399 3433 3433 3433 3468 3468 3468 3468 3503 3468 3333 3269 3238 3238 3208 3208 3178 3178 3120 3092 3064 3037 3037 3010 3010 2984 2984 2984 2958 2908 2908 2908 2883 2883 2835 2835 2789 2789 2744 2723 2723 2723 2723 2701 2701 2701 2701 2701 2701 2680 2680 2659 2659 2639 2618 2598 2579 2579 2579 2579 2598 2618 2618 2618 2618 2618 2618 2618 2618 2618 2618 2598 2541 2522 2522 2579 2579 2579 2579 2579 2579 2560 2560 2560 2560 2541 2485 2485 2485 2659 2723 2723 2701 2701 2680 2680 2659 2659 2659 2639 2639 2639 2618 2618 2598 2598 2579 2579 2560 2560 2560 2541 2522 2503 2503 2503 2503 2503 2503 2485 2467 2450 2450 2450 2450 2415 2415 2415 2415 2398 2398 2398 2398 2398 2398 2398 2398 0 0 0 0 0 0
0 0 0 0 0 0 0 0 0 0 0 0 2639 2639 2659 2680 2701 2701 2744 2744 2744 2744 2723 2723 2723 2723 2723 2723 2723 2723 2723 2723 2701 2701 2701 2701 2701 2701 2723 2723 2723 2723 2723 2723 2767 2767 2789 2789 2789 2812 2812 2812 2812 2812 2812 2812 2812 2812 2789 2789 2789 2789 2789 2812 2812 2835 2835 2835 2835 2859 2835 2835 2835 2835 2835 2835 2859 2859 2883 2883 2835 2835 2859 2908 2933 2933 2933 2958 2958 2958 2958 2958 2958 2835 2835 3010 3010 3064 3064 3064 3064 3064 3064 3064 3064 3092 3092 3120 3120 3092 3092 3064 3064 3064 3064 3092 3092 3120 3120 3120 3120 3120 3120 3178 3178 3238 3238 3238 3208 3208 3238 3238 3238 3238 3269 3269 3269 3269 3300 3300 3300 3300 3300 3300 3333 3333 3365 3365 3365 3365 3365 3365 3365 3365 3365 3399 3399 3399 3399 3433 3399 3399 3399 3399 3399 3399 3365 3365 3433 3433 3433 3433 3433 3433 3433 3433 3433 3433 3433 3468 3468 3468 3468 3468 3503 3503 3468 3333 3269 3238 3238 3238 3208 3149 3149 3120 3092 3064 3037 3037 3037 3010 2984 2984 2984 2958 2908 2908 2908 2883 2883 2859 2789 2789 2767 2744 2723 2723 2723 2723 2701 2701 2701 2701 2701 2701 2680 2680 2659 2659 2639 2639 2598 2598 2579 2579 2598 2618 2618 2618 2618 2639 2618 2618 2618 2618 2618 2618 2618 2579 2522 2522 2579 2560 2560 2560 2560 2579 2598 2598 2618 2680 2680 2701 2680 2680 2723 2723 2723 2723 2701 2680 2680 2659 2659 2659 2639 2639 2639 2618 2618 2598 2598 2579 2560 2560 2560 2560 2541 2541 2522 2503 2503 2503 2503 2503 2485 2467 2450 2450 2450 2450 2432 2415 2415 2415 2398 2398 2398 2381 2381 2398 2398 2398 0 0 0 0 0 0
0 0 0 0 0 0 0 0 0 0 0 0 2639 2639 2659 2680 2701 2701 2723 2744 2744 2744 2744 2723 2723 2723 2723 2723 2744 2744 2744 2723 2701 2701 2701 2701 2701 2723 2723 2723 2723 2723 2723 2723 2767 2767 2789 2789 2812 2812 2812 2812 2812 2812 2812 2812 2812 2812 2789 2789 2789 2789 2789 2812 2812 2835 2835 2835 2835 2835 2835 2859 2859 2859 2883 2812 2812 2835 2859 2908 2908 2908 2933 2933 2933 2933 2933 2958 2958 2958 2958 2958 2958 2958 2984 3010 3010 3037 3037 3064 3064 3064 3064 3064 3092 3092 3092 3120 3120 3092 3092 3064 3064 3064 3092 3092 3092 3120 3120 3120 3120 3120 3149 3149 3178 3238 3238 3238 3238 3238 3238 3238 3238 3238 3269 3269 3300 3300 3300 3300 3300 3333 3333 3333 3333 3333 3365 3365 3365 3365 3365 3365 3365 3365 3399 3399 3399 3399 3399 3433 3433 3433 3433 3433 3433 3433 3433 3468 3468 3468 3468 3468 3468 3468 3468 3468 3468 3468 3468 3468 3468 3468 3503 3503 3503 3503 3468 3333 3300 3269 3269 3238 3208 3149 3120 3120 3092 3092 3064 3037 3037 3037 2984 2984 2984 2958 2908 2908 2908 2883 2859 2812 2789 2789 2767 2744 2723 2701 2701 2701 2701 2701 2723 2701 2701 2701 2701 2680 2659 2659 2659 2659 2618 2598 2598 2598 2598 2618 2618 2618 2618 2639 2618 2618 2618 2618 2618 2639 2639 2618 2560 2560 2579 2560 2560 2560 2560 2579 2639 2639 2659 2701 2701 2680 2680 2701 2744 2744 2744 2723 2723 2701 2680 2680 2659 2659 2659 2659 2639 2639 2618 2618 2598 2579 2560 2560 2560 2560 2541 2541 2522 2503 2503 2503 2503 2503 2485 2467 2450 2450 2450 2450 2432 2432 2415 2415 2398 2398 2398 2381 2381 2398 2381 2381 0 0 0 0 0 0
0 0 0 0 0 0 0 0 0 0 0 0 2639 2639 2659 2680 2701 2701 2701 2723 2723 2701 2701 2723 2723 2723 2723 2723 2744 2744 2744 2744 2723 2701 2701 2701 2701 2701 2723 2723 2723 2723 2723 2744 2767 2767 2767 2789 2789 2789 2812 2812 2835 2835 2835 2812 2812 2812 2789 2789 2789 2812 2812 2812 2835 2835 2859 2859 2835 2835 2835 2859 2859 2859 2859 2812 2812 2835 2859 2883 2908 2933 2933 2933 2933 2933 2933 2958 2958 2958 2958 2958 2958 2984 2984 3010 3037 3037 3037 3064 3064 3064 3092 3092 3120 3120 3149 3149 3149 3092 3092 3092 3092 3092 3120 3120 3120 3120 3149 3120 3120 3120 3149 3149 3208 3238 3238 3238 3238 3238 3238 3238 3269 3269 3269 3269 3300 3300 3300 3300 3333 3365 3365 3365 3365 3365 3365 3365 3365 3365 3365 3365 3365 3365 3399 3399 3399 3399 3399 3433 3433 3433 3433 3433 3468 3468 3468 3468 3468 3468 3468 3468 3468 3468 3468 3468 3468 3468 3468 3468 3468 3503 3503 3503 3503 3503 3468 3333 3333 3300 3269 3238 3208 3149 3120 3092 3092 3064 3064 3064 3064 3010 3010 2984 2984 2958 2908 2908 2908 2883 2859 2812 2789 2767 2767 2744 2723 2701 2701 2701 2701 2723 2723 2701 2701 2701 2701 2680 2680 2659 2659 2639 2639 2618 2618 2618 2618 2618 2639 2639 2639 2639 2639 2639 2639 2639 2639 2639 2659 2639 2639 2659 2618 2598 2560 2560 2560 2579 2598 2639 2659 2680 2680 2680 2680 2701 2723 2744 2744 2723 2701 2701 2680 2680 2659 2659 2659 2659 2639 2639 2618 2618 2598 2579 2560 2560 2560 2560 2560 2541 2522 2522 2503 2503 2503 2485 2485 2467 2450 2450 2450 2450 2432 2432 2415 2415 2415 2398 2398 2381 2381 2398 2381 2381 0 0 0 0 0 0
0 0 0 0 0 0 0 0 0 0 0 0 2639 2639 2680 2680 2701 2701 2701 2723 2723 2701 2701 2723 2723 2723 2744 2744 2744 2744 2744 2744 2701 2701 2701 2701 2701 2701 2701 2723 2723 2723 2723 2744 2767 2767 2767 2789 2789 2789 2812 2812 2835 2835 2835 2835 2835 2812 2812 2789 2789 2812 2812 2835 2835 2859 2859 2859 2835 2835 2835 2859 2859 2883 2859 2835 2835 2859 2859 2883 2908 2933 2933 2958 2958 2958 2958 2958 2958 2958 2984 2984 2984 2984 2984 3010 3037 3037 3037 3064 3064 3064 3092 3092 3120 3120 3149 3149 3149 3092 3092 3092 3092 3092 3120 3120 3120 3120 3149 3120 3120 3120 3149 3178 3208 3238 3238 3238 3238 3238 3238 3238 3269 3269 3269 3269 3300 3300 3300 3333 3365 3365 3365 3365 3365 3365 3365 3365 3365 3365 3365 3365 3365 3365 3399 3399 3399 3399 3399 3468 3433 3433 3433 3433 3468 3468 3468 3468 3468 3468 3468 3468 3468 3468 3468 3468 3468 3468 3468 3468 3468 3503 3503 3503 3503 3503 3468 3365 3333 3300 3269 3238 3208 3178 3120 3092 3092 3064 3064 3064 3064 3010 3010 2984 2984 2984 2933 2908 2883 2883 2859 2812 2789 2767 2767 2744 2723 2723 2701 2701 2701 2744 2744 2701 2701 2701 2680 2680 2659 2659 2659 2639 2639 2639 2639 2618 2618 2639 2639 2639 2639 2639 2639 2639 2639 2639 2659 2659 2659 2659 2659 2659 2659 2618 2560 2560 2560 2560 2579 2639 2618 2598 2598 2598 2598 2701 2723 2744 2723 2701 2701 2701 2680 2680 2680 2659 2659 2639 2639 2639 2618 2618 2598 2579 2560 2560 2560 2560 2560 2541 2522 2522 2503 2503 2503 2485 2485 2467 2450 2450 2450 2450 2432 2432 2415 2415 2415 2398 2398 2381 2381 2381 2398 2398 0 0 0 0 0 0
0 0 0 0 0 0 0 0 0 0 0 0 2659 2659 2680 2680 2701 2701 2723 2723 2701 2701 2701 2723 2723 2744 2744 2744 2744 2744 2744 2723 2701 2701 2701 2701 2701 2701 2701 2723 2723 2723 2723 2767 2767 2789 2789 2789 2789 2789 2812 2812 2835 2835 2835 2835 2835 2835 2812 2812 2812 2812 2835 2835 2835 2859 2859 2859 2859 2859 2859 2859 2859 2859 2859 2835 2835 2859 2859 2883 2908 2933 2933 2958 2958 2958 2958 2958 2984 2984 2984 2984 2984 2984 2984 3010 3037 3064 3064 3064 3064 3064 3092 3092 3120 3149 3149 3149 3149 3092 3092 3092 3092 3092 3092 3120 3120 3149 3149 3149 3149 3149 3149 3208 3238 3238 3238 3238 3238 3238 3269 3269 3269 3269 3269 3300 3300 3300 3300 3333 3365 3365 3365 3365 3365 2116 2116 2116 3365 3365 2103 2090 2090 2103 2103 2103 2103 2103 2103 2103 3399 3399 3399 2065 2065 2065 2065 2078 3433 3468 3468 3468 3468 3468 3503 3503 3503 3503 3503 3503 3503 3503 3503 3503 3503 3503 3503 3433 3365 2078 2078 2078 2078 3208 3178 3092 3092 3064 3064 3064 3064 3037 3010 2984 2984 2984 2908 2908 2883 2883 2859 2812 2812 2789 2767 2744 2744 2723 2723 2723 2723 2744 2723 2701 2701 2701 2680 2680 2659 2659 2659 2639 2639 2639 2639 2639 2639 2639 2639 2639 2639 2639 2639 2659 2659 2659 2659 2659 2659 2659 2659 2680 2680 2680 2598 2560 2560 2560 2579 2639 2618 2598 2598 2598 2598 2701 2744 2744 2701 2701 2701 2680 2680 2680 2680 2659 2659 2639 2639 2639 2639 2618 2598 2598 2579 2579 2579 2579 2579 2541 2522 2522 2503 2485 2485 2485 2485 2467 2450 2450 2450 2450 2450 2450 2432 2432 2432 2398 2398 2381 2381 2381 2381 2381 0 0 0 0 0 0
0 0 0 0 0 0 0 0 0 0 0 0 2659 2659 2680 2680 2701 2701 2723 2701 2701 2701 2701 2701 2723 2744 2744 2744 2744 2744 2744 2723 2701 2701 2701 2701 2701 2701 2701 2723 2744 2744 2744 2767 2767 2789 2789 2789 2789 2789 2789 2812 2835 2835 2835 2835 2835 2835 2812 2812 2812 2812 2835 2835 2835 2835 2835 2859 2859 2859 2859 2859 2859 2859 2859 2835 2835 2859 2859 2883 2908 2933 2933 2958 2958 2958 2958 2958 2984 2984 2958 2958 2984 2984 2984 3010 3037 3064 3064 3064 3064 3064 3092 3092 3120 3149 3149 3149 3149 3092 3092 3092 3092 3092 3092 3120 3120 3120 3120 3149 3149 3149 3178 3208 3238 3238 3238 3238 3238 3238 3269 3269 3269 3269 3269 3300 3300 3300 3300 3333 3365 3365 3365 3365 2143 2116 2116 2116 2116 2103 2103 2090 2090 2103 2103 2103 2103 2103 2103 2103 2103 2090 2090 2065 2065 2065 2065 2078 3433 3433 3433 3433 3468 3468 3503 3503 3503 3503 3503 3503 3503 3539 3539 3539 3539 3539 3539 3539 3539 2065 2065 2065 2065 2065 2053 2053 3092 2090 2065 2065 3037 3037 3010 2984 2984 2984 2908 2908 2883 2883 2859 2835 2835 2789 2789 2767 2767 2767 2767 2744 2744 2744 2723 2723 2701 2680 2659 2659 2659 2659 2659 2639 2639 2639 2639 2639 2639 2639 2639 2639 2639 2659 2659 2659 2680 2680 2680 2680 2680 2659 2659 2680 2680 2680 2659 2598 2598 2598 2598 2659 2659 2659 2639 2618 2618 2680 2744 2701 2701 2701 2701 2680 2680 2680 2659 2659 2659 2639 2639 2639 2639 2618 2598 2598 2598 2598 2598 2579 2579 2560 2522 2503 2485 2485 2485 2485 2450 2450 2450 2450 2450 2450 2450 2450 2432 2432 2432 2415 2398 2381 2381 2381 2381 2381 0 0 0 0 0 0
0 0 0 0 0 0 0 0 0 0 0 0 2680 2680 2701 2701 2701 2723 2723 2701 2701 2723 2701 2701 2723 2744 2744 2744 2744 2744 2723 2723 2701 2701 2701 2701 2701 2723 2723 2723 2744 2744 2767 2767 2767 2767 2789 2789 2789 2789 2789 2812 2812 2812 2835 2835 2835 2835 2812 2812 2812 2812 2835 2835 2835 2835 2835 2835 2859 2859 2859 2859 2859 2859 2859 2859 2859 2859 2883 2908 2933 2933 2933 2933 2958 2958 2958 2984 2984 2984 2958 2958 2984 2984 3010 3037 3037 3064 3064 3064 3064 3064 3092 3092 3120 3120 3149 3149 3149 3092 3092 3092 3092 3092 3092 3120 3120 3120 3120 3149 3149 3149 3178 3208 3238 3238 3238 3238 3238 3238 3269 3269 3269 3269 3300 3300 3300 3300 3300 3333 3365 3365 3365 3365 2143 2143 2129 2129 2116 2103 2103 2103 2103 2103 2103 2103 2116 2116 2116 2103 2103 2090 2090 2090 2090 2090 2090 2090 3433 3433 3433 3433 3468 3468 3503 3503 3503 3503 3503 3503 3503 3539 3576 3539 3539 3539 3539 3576 3576 2065 2065 2065 2065 2065 2053 2053 2065 2090 2065 2065 2065 2065 2065 2065 2065 2984 2933 2908 2883 2883 2859 2835 2812 2812 2789 2789 2789 2767 2767 2744 2744 2744 2723 2723 2701 2680 2659 2659 2659 2659 2659 2659 2659 2659 2659 2639 2639 2639 2639 2659 2659 2659 2659 2659 2680 2680 2680 2680 2680 2659 2659 2680 2680 2680 2680 2659 2639 2639 2659 2680 2701 2701 2639 2618 2618 2680 2744 2701 2618 2618 2659 2701 2680 2680 2659 2659 2659 2639 2639 2639 2639 2618 2598 2598 2598 2598 2598 2579 2579 2560 2522 2503 2485 2485 2485 2467 2450 2450 2450 2450 2450 2450 2450 2450 2432 2432 2432 2415 2398 2381 2381 2381 2381 2381 0 0 0 0 0 0
0 0 0 0 0 0 0 0 0 0 0 0 2680 2680 2701 2701 2701 2723 2723 2701 2701 2723 2701 2701 2723 2723 2723 2723 2723 2723 2723 2723 2701 2701 2701 2701 2723 2723 2723 2744 2744 2744 2767 2767 2767 2767 2789 2789 2789 2812 2812 2835 2812 2812 2835 2835 2835 2835 2812 2789 2789 2812 2835 2835 2835 2835 2835 2835 2859 2859 2859 2859 2859 2859 2859 2859 2859 2883 2908 2908 2933 2933 2933 2933 2958 2958 2958 2958 2958 2958 2958 2984 2984 3010 3010 3037 3064 3064 3064 3064 3092 3092 3092 3092 3120 3120 3149 3149 3149 3120 3120 3092 3092 3092 3092 3120 3120 3149 3149 3149 3149 3178 3208 3238 3238 3238 3238 3238 3238 3269 3269 3269 3269 3269 3300 3300 3300 3300 3300 3333 3333 3365 3365 2184 2170 2156 2143 2129 2116 2116 2116 2116 2116 2116 2129 2129 2129 2116 2116 2103 2103 2090 2090 2090 2090 2078 2078 2090 3433 3433 3433 3433 3468 3468 3468 3503 3503 3503 3503 3503 3503 3503 3576 2116 2116 2116 3614 3614 3614 2053 2053 2065 2065 2065 2065 2065 2065 2078 2078 2078 2065 2065 2065 2065 2065 2103 2103 2883 2883 2859 2859 2835 2812 2812 2789 2789 2789 2789 2767 2767 2744 2744 2723 2723 2701 2680 2680 2659 2659 2659 2680 2680 2659 2659 2659 2639 2639 2639 2639 2659 2659 2659 2659 2659 2680 2680 2680 2680 2680 2680 2680 2680 2680 2659 2659 2680 2659 2659 2680 2701 2701 2723 2723 2680 2680 2744 2744 2744 2579 2579 2659 2723 2723 2680 2680 2659 2659 2639 2639 2639 2639 2639 2618 2598 2598 2579 2579 2579 2579 2560 2522 2522 2485 2485 2485 2467 2450 2450 2450 2450 2450 2450 2450 2450 2432 2432 2432 2415 2415 2398 2398 2381 2381 2381 0 0 0 0 0 0
0 0 0 0 0 0 0 0 0 0 0 0 2659 2659 2701 2701 2701 2723 2723 2723 2723 2723 2701 2701 2723 2723 2723 2723 2723 2723 2723 2723 2723 2723 2723 2723 2723 2723 2744 2744 2744 2744 2767 2767 2767 2789 2789 2789 2789 2812 2812 2835 2812 2812 2835 2835 2835 2835 2812 2789 2789 2812 2835 2835 2835 2835 2835 2835 2835 2835 2835 2859 2859 2859 2859 2859 2883 2908 2908 2908 2933 2933 2933 2933 2958 2958 2958 2958 2958 2958 2958 2984 3010 3010 3037 3037 3064 3064 3064 3064 3092 3092 3092 3092 3120 3149 3149 3149 3149 3120 3092 3092 3120 3120 3120 3120 3120 3149 3149 3149 3178 3208 3208 3238 3238 3238 3238 3238 3238 3269 3269 3269 3300 3300 3300 3300 3300 3300 3300 3333 3333 3365 3365 2184 2184 2184 2184 2143 2129 2129 2129 2129 2129 2129 2156 2156 2143 2129 2129 3468 2103 2103 2103 2103 2103 2078 2078 2090 3433 3433 3433 3433 3468 3468 3468 3503 3503 3503 3503 3503 3503 3503 3468 2116 2116 2116 2116 3539 3539 2053 2053 2065 2065 2065 2065 2065 2065 2078 2078 2078 2065 2065 2065 2090 2090 2103 2090 2090 2859 2859 2859 2835 2812 2812 2789 2789 2789 2789 2789 2767 2744 2744 2723 2723 2701 2701 2680 2680 2680 2680 2680 2680 2659 2659 2659 2639 2639 2639 2639 2639 2639 2639 2659 2680 2680 2659 2659 2680 2680 2680 2680 2680 2680 2659 2659 2659 2680 2680 2701 2701 2701 2723 2744 2723 2723 2744 2744 2560 2560 2579 2659 2723 2723 2701 2680 2680 2659 2659 2639 2639 2639 2639 2618 2598 2598 2579 2579 2560 2560 2560 2522 2522 2503 2503 2503 2503 2450 2450 2450 2450 2450 2450 2450 2450 2432 2432 2432 2432 2432 2398 2398 2381 2381 2398 0 0 0 0 0 0
0 0 0 0 0 0 0 0 0 0 0 0 2659 2659 2680 2701 2701 2723 2723 2723 2723 2723 2723 2723 2723 2723 2723 2723 2723 2723 2744 2723 2723 2723 2701 2701 2723 2723 2723 2723 2723 2744 2744 2767 2767 2789 2789 2789 2789 2812 2812 2835 2835 2835 2835 2835 2835 2835 2812 2812 2812 2812 2835 2835 2835 2835 2835 2835 2835 2835 2835 2859 2883 2883 2883 2883 2883 2908 2908 2933 2933 2933 2933 2933 2958 2958 2958 2958 2958 2958 2958 2984 3010 3010 3037 3037 3064 3064 3064 3092 3092 3092 3092 3120 3120 3149 3149 3149 3149 3120 3092 3092 3120 3120 3120 3149 3149 3149 3149 3149 3178 3208 3208 3238 3238 3238 3238 3238 3269 3269 3269 3300 3300 3300 3300 3300 3300 3300 3300 3333 3333 3365 3365 2212 2198 2198 2212 2156 2129 2129 2129 2129 2129 2129 2156 2156 2156 2156 2156 3468 3433 3433 2116 2116 2116 2116 2116 3468 3433 3433 3433 3468 3468 3503 3503 3503 3503 3503 3503 3503 3503 3503 3468 2129 2116 2116 2116 2116 2116 2065 2065 2065 2065 2078 2078 2090 2090 2078 2078 2078 2078 2078 2090 2103 2103 2103 2090 2090 2116 2156 2859 2835 2812 2812 2812 2789 2789 2789 2767 2767 2767 2767 2723 2723 2701 2701 2701 2680 2680 2680 2659 2659 2659 2639 2639 2639 2639 2639 2639 2639 2639 2639 2659 2680 2680 2659 2659 2659 2659 2680 2680 2659 2659 2659 2659 2659 2680 2680 2701 2701 2701 2723 2744 2723 2723 2744 2744 2560 2560 2579 2639 2744 2744 2723 2701 2680 2659 2659 2659 2639 2639 2639 2618 2598 2598 2579 2579 2560 2541 2541 2522 2522 2522 2522 2503 2485 2450 2450 2450 2467 2450 2450 2432 2432 2432 2432 2432 2432 2415 2398 2398 2381 2381 2381 0 0 0 0 0 0
0 0 0 0 0 0 0 0 0 0 0 0 2680 2680 2680 2723 2723 2723 2744 2744 2744 2744 2744 2744 2744 2723 2723 2723 2723 2723 2744 2723 2723 2723 2701 2701 2723 2723 2723 2723 2723 2723 2744 2744 2767 2789 2812 2812 2812 2812 2835 2835 2835 2835 2835 2835 2835 2835 2812 2812 2812 2835 2835 2835 2835 2835 2835 2859 2859 2859 2859 2883 2908 2908 2883 2883 2883 2908 2933 2933 2933 2933 2933 2958 2958 2958 2958 2958 2958 2958 2984 3010 3010 3037 3037 3037 3064 3064 3092 3092 3120 3120 3120 3120 3149 3149 3149 3149 3149 3120 3092 3092 3120 3120 3120 3149 3149 3149 3149 3149 3178 3208 3208 3238 3238 3238 3238 3238 3269 3269 3269 3300 3300 3300 3300 3333 3300 3300 3333 3333 3333 3365 3365 2212 2212 2226 2212 2143 2129 2129 2129 2129 0 2129 2129 2129 2156 2156 2170 3468 3365 3365 2129 2116 2116 2116 2116 3468 3433 3433 2103 2103 2116 3503 3503 3503 2129 2116 2116 2116 3503 3503 3503 2116 2116 2116 2116 2116 2116 2116 2065 2065 2065 2078 2078 2090 2090 2103 2103 2103 2103 2103 2116 2129 2129 2116 2116 2116 2116 2156 2859 2835 2812 2812 2835 2812 2812 2789 2767 2767 2767 2767 2744 2723 2701 2701 2701 2680 2680 2680 2659 2659 2659 2639 2639 2659 2659 2659 2639 2639 2639 2639 2659 2680 2680 2659 2659 2659 2659 2680 2680 2659 2659 2659 2659 2659 2680 2680 2701 2701 2701 2723 2744 2744 2744 2767 2767 2560 2560 2579 2598 2723 2723 2723 2701 2680 2680 2659 2659 2659 2639 2639 2618 2598 2598 2579 2579 2560 2541 2541 2522 2522 2522 2522 2503 2485 2467 2467 2467 2450 2450 2450 2432 2432 2432 2450 2432 2432 2415 2415 2398 2381 2381 2381 0 0 0 0 0 0
0 0 0 0 0 0 0 0 0 0 0 0 2680 2680 2701 2723 2723 2744 2744 2744 2744 2744 2744 2744 2744 2723 2723 2723 2723 2723 2744 2723 2723 2723 2723 2723 2723 2723 2723 2723 2723 2723 2744 2744 2767 2789 2812 2812 2812 2812 2835 2835 2859 2859 2835 2835 2835 2835 2812 2812 2835 2835 2835 2835 2835 2835 2835 2859 2859 2859 2859 2883 2908 2908 2908 2908 2908 2908 2933 2933 2933 2933 2958 2958 2958 2958 2958 2958 2958 2958 2984 3010 3010 3037 3037 3037 3064 3064 3092 3092 3120 3120 3120 3120 3149 3149 3149 3149 3149 3120 3092 3092 3120 3120 3120 3149 3149 3149 3149 3149 3149 3208 3208 3238 3238 3238 3269 3269 3269 3269 3269 3300 3300 3300 3300 3333 3333 3333 3333 3333 3333 3365 3365 2241 2241 2226 2198 2143 2143 2129 2129 2129 0 2129 2129 2129 2156 2156 2156 2170 3365 3365 2129 2129 2129 2116 2116 3468 3468 3503 2103 2103 2116 2116 2271 2116 2116 2103 2103 2116 3503 3503 2116 2116 2116 2116 2116 2116 2116 2116 2065 2065 2065 2078 2078 2090 2090 2103 2103 2103 2103 2116 2129 2143 2129 2129 2129 2143 2143 2156 2859 2835 2812 2812 2835 2835 2812 2789 2767 2767 2767 2767 2723 2701 2701 2701 2701 2680 2680 2680 2659 2659 2659 2659 2659 2659 2659 2659 2639 2639 2639 2639 2659 2680 2680 2680 2680 2680 2680 2680 2680 2680 2680 2680 2680 2680 2680 2680 2680 2701 2701 2701 2744 2744 2744 2744 2560 2560 2560 2560 2560 2723 2723 2701 2701 2680 2680 2680 2659 2659 2639 2639 2618 2598 2598 2579 2579 2579 2560 2541 2522 2522 2522 2522 2522 2503 2485 2467 2467 2450 2450 2450 2450 2450 2450 2432 2432 2432 2415 2415 2398 2381 2381 2381 0 0 0 0 0 0
0 0 0 0 0 0 0 0 0 0 0 0 2680 2680 2680 2701 2723 2744 2767 2744 2744 2723 2723 2723 2723 2723 2723 2723 2723 2723 2723 2723 2723 2723 2723 2723 2744 2723 2723 2723 2723 2723 2744 2744 2767 2789 2789 2835 2835 2835 2859 2859 2859 2859 2859 2835 2835 2835 2835 2835 2835 2835 2835 2835 2835 2835 2859 2859 2859 2859 2859 2883 2908 2908 2908 2908 2908 2908 2933 2933 2933 2933 2958 2958 2958 2958 2958 2958 2984 2984 3010 3010 3037 3037 3037 3037 3064 3064 3092 3120 3120 3149 3149 3149 3149 3149 3149 3149 3149 3120 3092 3092 3120 3120 3120 3149 3149 3149 3149 3149 3149 3178 3208 3238 3238 3238 3269 3269 3269 3269 3269 3333 3333 3333 3333 3333 3333 3333 3365 3365 3365 3365 3365 2256 2241 2212 2170 2143 2143 2143 2143 2143 0 2143 2143 2143 2143 2156 2156 2156 2156 2116 2116 2116 2129 2116 2116 3468 3468 3503 3503 2116 2116 2116 2271 2143 2116 2103 2103 2116 3539 1981 1981 2103 2103 2116 2116 2103 2103 2103 2065 2065 2078 2090 2090 2103 2103 2103 2103 2116 2116 2116 2143 2156 2170 2129 2129 2129 2129 2129 2883 2835 2812 2812 2812 2812 2812 2789 2767 2767 2767 2744 2723 2701 2701 2701 2680 2680 2680 2680 2680 2659 2659 2659 2659 2659 2659 2659 2639 2639 2639 2659 2659 2680 2680 2680 2680 2680 2680 2680 2680 2701 2680 2680 2680 2680 2680 2680 2680 2701 2701 2701 2744 2744 2744 2744 2744 2579 2579 2560 2560 2723 2723 2701 2701 2680 2680 2680 2659 2659 2639 2618 2618 2598 2598 2598 2579 2579 2560 2541 2522 2522 2522 2522 2503 2503 2503 2485 2467 2450 2450 2450 2450 2450 2432 2432 2432 2432 2432 2415 2398 2381 2381 2381 0 0 0 0 0 0
0 0 0 0 0 0 0 0 0 0 0 0 2680 2680 2680 2701 2723 2723 2701 2701 2701 2701 2701 2701 2723 2723 2723 2723 2723 2723 2723 2723 2723 2723 2723 2723 2744 2723 2723 2723 2723 2723 2744 2744 2767 2789 2789 2835 2835 2835 2859 2859 2859 2859 2835 2835 2835 2859 2835 2835 2835 2835 2812 2812 2835 2835 2859 2859 2859 2859 2883 2883 2883 2883 2883 2883 2883 2883 2908 2933 2933 2958 2958 2958 2958 2958 2958 2958 2958 2958 3010 3010 3037 3037 3037 3064 3064 3064 3120 3149 3149 3149 3149 3149 3149 3149 3149 3149 3149 3120 3092 3092 3120 3120 3120 3149 3149 3149 3149 3149 3149 3178 3178 3238 3238 3269 3269 3269 3269 3269 3300 3333 3333 3333 3333 3333 3365 3365 3365 3365 3365 3365 3365 2256 2241 2198 2156 2143 2143 2143 2143 2143 2129 2143 2143 2143 2143 2143 2143 2156 2156 2103 2103 2116 2129 2129 2129 3468 3468 3503 2116 2116 2116 2116 2271 2129 2116 2116 2116 2116 2116 1981 1981 2053 2103 2103 2116 2103 2103 2078 2065 2065 2078 2090 2090 2090 2103 2103 2103 2116 2116 2129 2143 2156 2156 2143 2143 2129 2129 2129 2859 2835 2812 2812 2812 2812 2789 2789 2767 2767 2767 2744 2723 2701 2701 2680 2680 2680 2680 2680 2680 2659 2659 2659 2639 2639 2659 2659 2659 2659 2659 2680 2680 2680 2680 2680 2701 2701 2701 2701 2701 2701 2680 2680 2680 2680 2680 2701 2701 2723 2723 2723 2744 2744 2744 2744 2680 2680 2579 2579 2598 2723 2723 2701 2701 2680 2680 2680 2659 2659 2639 2618 2618 2598 2598 2598 2598 2579 2579 2560 2522 2522 2522 2522 2503 2503 2485 2485 2467 2467 2450 2450 2450 2450 2432 2432 2432 2432 2432 2415 2398 2381 2381 2381 0 0 0 0 0 0
0 0 0 0 0 0 0 0 0 0 0 0 2701 2701 2701 2701 2723 2723 2701 2701 2701 2701 2701 2701 2723 2723 2723 2723 2723 2723 2723 2723 2723 2701 2701 2723 2723 2723 2723 2723 2723 2723 2744 2744 2767 2789 2789 2812 2835 2859 2859 2859 2835 2835 2835 2835 2835 2859 2835 2835 2835 2835 2812 2812 2835 2835 2859 2859 2859 2859 2859 2859 2859 2859 2859 2859 2859 2883 2908 2933 2933 2958 2958 2958 2958 2958 2958 2958 2958 2958 3010 3010 3037 3037 3037 3064 3064 3064 3120 3149 3149 3149 3149 3149 3149 3149 3149 3149 3149 3120 3120 3120 3120 3120 3120 3149 3178 3178 3149 3149 3149 3149 3178 3238 3269 3269 3269 3269 3269 3269 3300 3300 3300 3300 3300 3333 3365 3365 3365 3365 3365 3365 3365 2241 2226 2129 2129 2143 2143 2129 2129 2129 2129 2129 2129 2143 2143 2143 2143 2143 2129 2103 2103 2116 2129 2129 2129 2129 2065 2065 2065 2116 2116 2129 2129 2116 2116 2116 2116 2116 2116 2005 2005 2053 2103 2103 2116 2129 2116 2078 2078 2090 2090 2103 2103 2103 2103 2103 2103 2116 2116 2129 2143 2156 2156 2156 2143 2129 2129 2129 2859 2835 2789 2789 2789 2812 2789 2767 2767 2767 2767 2744 2723 2701 2701 2680 2680 2680 2680 2680 2680 2680 2659 2639 2639 2639 2639 2659 2659 2680 2680 2680 2680 2680 2680 2680 2701 2701 2701 2701 2701 2701 2680 2680 2680 2680 2680 2701 2701 2744 2744 2744 2767 2744 2744 2723 2680 2680 2598 2598 2744 2744 2723 2701 2701 2701 2680 2680 2659 2659 2639 2639 2618 2618 2598 2598 2598 2579 2560 2560 2541 2522 2522 2503 2503 2503 2485 2485 2467 2467 2467 2467 2467 2450 2450 2432 2432 2432 2432 2432 2398 2381 2381 2381 0 0 0 0 0 0
0 0 0 0 0 0 0 0 0 0 0 0 2701 2701 2701 2701 2701 2701 2701 2680 2680 2680 2701 2701 2723 2723 2723 2723 2723 2723 2723 2723 2701 2701 2701 2701 2723 2723 2723 2723 2744 2744 2767 2767 2767 2789 2789 2812 2835 2835 2859 2859 2835 2835 2835 2835 2859 2859 2835 2835 2835 2835 2812 2812 2835 2835 2859 2859 2859 2859 2859 2859 2812 2812 2835 2835 2835 2859 2883 2933 2958 2958 2958 2958 2958 2958 2958 2958 2958 2958 3010 3010 3037 3037 3064 3064 3064 3092 3149 3149 3149 3149 3149 3149 3149 3149 3149 3149 3149 3120 3120 3120 3120 3120 3120 3149 3178 3178 3149 3149 3149 3149 3178 3238 3269 3269 3269 3269 3269 3300 3300 3300 3300 3300 3300 3333 3365 3365 3365 3365 3365 3365 2256 2241 2226 2129 2129 2143 2143 2129 2129 2129 2129 2129 2129 2143 2143 2143 2143 2143 2116 2103 2103 2116 2116 2129 2129 0 2065 2065 2065 2116 2116 2116 2116 2116 2116 2116 2116 2116 2116 2053 2053 2078 2116 2116 2116 2116 2103 2078 2078 2090 2103 2103 2103 2103 2103 2103 2103 2116 2129 2129 2143 2156 2170 2156 2156 2129 2129 2129 2859 2835 2789 2789 2789 2812 2789 2767 2767 2767 2767 2744 2723 2723 2701 2701 2701 2680 2680 2680 2680 2680 2659 2639 2639 2639 2639 2659 2680 2680 2680 2680 2680 2680 2680 2701 2680 2680 2680 2680 2680 2680 2701 2701 2680 2680 2701 2701 2701 2767 2767 2767 2767 2767 2767 2723 2723 2723 2618 2618 2744 2744 2744 2744 2723 2701 2680 2680 2659 2659 2659 2639 2618 2598 2598 2598 2598 2579 2560 2560 2541 2541 2522 2503 2503 2503 2485 2485 2467 2467 2467 2467 2467 2450 2450 2432 2432 2432 2432 2432 2398 2398 2381 2381 0 0 0 0 0 0
0 0 0 0 0 0 0 0 0 0 0 0 2680 2680 2701 2701 2701 2701 2701 2680 2680 2680 2701 2701 2723 2723 2723 2723 2723 2723 2723 2723 2701 2701 2701 2701 2701 2723 2723 2723 2744 2744 2767 2767 2789 2789 2789 2812 2835 2835 2859 2859 2859 2859 2859 2859 2859 2859 2835 2835 2835 2835 2812 2812 2835 2835 2859 2859 2883 2859 2835 2835 2789 2789 2835 2835 2835 2835 2859 2933 2958 2958 2958 2958 2958 2958 2958 2984 2984 3010 3010 3010 3037 3037 3037 3064 3064 3092 3149 3149 3149 3149 3149 3149 3149 3178 3178 3149 3149 3120 3120 3120 3120 3149 3149 3149 3178 3178 3178 3149 3149 3178 3238 3269 3269 3269 3269 3269 3269 3300 3300 3300 3300 3300 3300 3333 3365 3365 3365 3365 3365 3365 2241 2241 2241 2129 2129 2129 2129 2129 2129 2129 2129 2129 2129 2129 2129 2143 2143 2129 2116 2103 2103 2116 2116 2129 2129 2116 2103 2103 2103 2129 2156 2156 2116 2116 2116 2116 2116 2116 2116 2053 2053 2078 2116 2116 2116 2116 2103 2078 2078 2090 2103 2103 2103 2103 2103 2103 2103 2116 2129 2143 2156 2170 2170 2156 2156 2143 2143 2143 2859 2835 2812 2812 2812 2812 2789 2789 2767 2767 2767 2767 2744 2723 2701 2701 2701 2680 2680 2680 2680 2680 2659 2639 2639 2639 2659 2659 2680 2680 2680 2680 2680 2680 2680 2680 2680 2680 2680 2680 2680 2680 2701 2701 2701 2701 2701 2701 2744 2767 2767 2767 2789 2767 2767 2812 2812 2618 2618 2618 2744 2744 2744 2744 2744 2701 2701 2680 2659 2659 2659 2659 2618 2598 2598 2598 2598 2579 2579 2560 2541 2541 2522 2522 2503 2503 2503 2503 2467 2467 2467 2467 2467 2467 2450 2432 2432 2432 2432 2432 2415 2398 2398 2398 0 0 0 0 0 0
0 0 0 0 0 0 0 0 0 0 0 0 2680 2680 2680 2701 2723 2723 2701 2701 2701 2701 2701 2723 2723 2723 2723 2723 2744 2744 2744 2723 2701 2701 2701 2701 2701 2723 2723 2744 2744 2744 2767 2767 2789 2789 2789 2812 2835 2835 2835 2859 2859 2859 2859 2859 2859 2859 2859 2835 2835 2835 2835 2835 2835 2859 2859 2883 2908 2933 2835 2835 2789 2789 2789 2835 2835 2835 2859 2933 2958 2958 2958 2958 2958 2958 2958 2984 2984 3010 3010 3010 3037 3037 3037 3064 3064 3092 3149 3149 3149 3149 3149 3149 3149 3178 3178 3149 3149 3120 3120 3120 3149 3149 3149 3149 3178 3178 3178 3149 3149 3208 3238 3269 3269 3269 3269 3269 3269 3300 3300 3300 3300 3300 3300 3333 3365 3365 3365 3365 3399 3433 2241 2241 2241 2198 2129 2129 2129 2129 2129 2129 2143 2129 2129 2129 2129 2143 2143 2129 2116 2116 2116 2116 2116 2116 2116 2116 2103 2103 2103 2129 2156 2156 2156 2116 2116 2116 2116 2116 2116 2053 2053 2090 2116 2116 2116 2116 2103 2090 2090 2090 2103 2103 2103 2103 2103 2116 2116 2116 2129 2143 2156 2170 2170 2156 2156 2156 2156 2156 2859 2835 2812 2812 2812 2812 2789 2789 2789 2767 2767 2767 2723 2701 2701 2701 2701 2701 2680 2659 2659 2659 2659 2639 2639 2639 2659 2659 2659 2680 2680 2680 2680 2680 2680 2680 2680 2680 2680 2680 2680 2701 2701 2680 2680 2701 2701 2701 2723 2744 2744 2767 2767 2767 2767 2789 2789 2789 2723 2723 2723 2723 2744 2744 2723 2723 2701 2680 2659 2659 2659 2659 2618 2618 2598 2598 2598 2598 2579 2560 2560 2560 2522 2522 2503 2503 2503 2503 2467 2450 2450 2450 2450 2467 2450 2432 2432 2450 2432 2432 2415 2415 2415 2415 0 0 0 0 0 0
0 0 0 0 0 0 0 0 0 0 0 0 2680 2680 2680 2701 2723 2723 2723 2723 2701 2701 2701 2723 2723 2723 2723 2723 2744 2744 2744 2723 2701 2701 2701 2701 2701 2723 2723 2744 2744 2744 2767 2767 2789 2789 2789 2812 2835 2835 2835 2859 2859 2859 2859 2859 2859 2859 2835 2835 2859 2835 2835 2835 2859 2859 2859 2908 2908 2933 2908 2908 2859 2835 2789 2789 2789 2789 2835 2883 2933 2958 2958 2958 2984 2984 2984 3010 3010 2958 2958 2984 3010 2984 2984 3037 3064 3092 3120 3149 3149 3149 3149 3149 3178 3178 3178 3178 3178 3149 3149 3149 3149 3149 3149 3149 3178 3178 3178 3149 3149 3208 3238 3269 3269 3269 3269 3269 3269 3333 3333 3333 3333 3333 3333 3365 3365 3365 3365 3365 3399 2241 2241 2241 2241 2143 2129 2129 2129 2143 2143 2143 2143 2143 2143 2143 2143 2156 2156 2129 2116 2103 2103 2116 2116 2116 2103 2103 2129 2116 2116 2129 2156 2156 2156 2116 2116 2116 2116 2103 2103 2103 2103 2103 2116 2116 2116 2116 2103 2090 2090 2090 2103 2103 2103 2103 2116 2116 2116 2116 2129 2143 2156 2170 2170 2156 2156 2156 2156 2156 2883 2835 2835 2835 2812 2812 2789 2789 2789 2767 2767 2767 2723 2701 2701 2701 2701 2701 2680 2659 2659 2659 2659 2659 2659 2659 2659 2659 2659 2680 2680 2680 2701 2680 2680 2680 2680 2680 2680 2680 2701 2701 2701 2680 2680 2680 2701 2701 2723 2744 2744 2767 2767 2767 2767 2789 2789 2812 2723 2723 2723 2723 2744 2744 2723 2723 2701 2680 2680 2659 2659 2659 2639 2618 2598 2598 2598 2598 2579 2560 2560 2560 2522 2522 2503 2503 2503 2503 2485 2450 2450 2450 2450 2450 2450 2450 2450 2450 2432 2432 2415 2398 2398 2398 0 0 0 0 0 0
0 0 0 0 0 0 0 0 0 0 0 0 2680 2680 2680 2701 2723 2723 2744 2744 2723 2701 2701 2723 2723 2723 2744 2744 2744 2744 2723 2723 2701 2701 2701 2701 2701 2723 2723 2744 2744 2744 2767 2767 2789 2789 2789 2812 2835 2835 2835 2859 2859 2859 2859 2859 2859 2859 2835 2835 2835 2835 2835 2835 2859 2859 2859 2908 2908 2933 2933 2933 2883 2835 2789 2789 2789 2789 2835 2883 2933 2958 2958 2958 2984 2984 3010 2984 2958 2933 2933 2958 2984 2958 2958 3010 3064 3092 3120 3149 3149 3149 3149 3178 3178 3178 3178 3178 3178 3149 3149 3149 3149 3149 3149 3178 3208 3208 3208 3208 3208 3238 3238 3269 3269 3269 3269 3269 3269 3333 3333 3333 3333 3333 3365 3365 3365 3365 3365 3365 3399 2241 2241 2241 2226 2129 2129 2129 2129 2129 2143 2143 2156 2143 2143 2143 2156 2156 2156 2129 2116 2103 2103 2116 2116 2116 2103 2103 2116 2129 2129 2129 2156 2156 2156 2129 2129 2129 2116 2103 2103 2103 2103 2103 2116 2116 2116 2116 2103 2103 2103 2103 2103 2103 2103 2103 2116 2116 2116 2116 2116 2129 2156 2170 2170 2156 2156 2156 2156 2156 2170 2835 2835 2835 2812 2812 2789 2789 2767 2767 2767 2767 2744 2701 2701 2701 2701 2701 2701 2680 2659 2659 2659 2659 2659 2659 2659 2659 2680 2680 2680 2680 2701 2680 2680 2680 2680 2680 2680 2680 2701 2701 2701 2680 2680 2680 2701 2701 2723 2744 2744 2767 2767 2767 2767 2812 2812 2812 2723 2723 2744 2744 2723 2723 2723 2723 2723 2680 2680 2680 2659 2659 2639 2618 2618 2598 2598 2598 2579 2579 2560 2560 2541 2522 2503 2503 2503 2503 2485 2450 2450 2450 2450 2450 2432 2432 2432 2432 2432 2415 2415 2398 2398 2398 0 0 0 0 0 0
0 0 0 0 0 0 0 0 0 0 0 0 2680 2680 2701 2701 2723 2723 2744 2744 2723 2701 2701 2701 2723 2723 2744 2744 2744 2744 2723 2723 2701 2701 2701 2701 2701 2701 2723 2744 2767 2767 2767 2789 2789 2789 2789 2812 2835 2859 2859 2859 2859 2859 2859 2859 2859 2859 2835 2835 2835 2835 2835 2859 2859 2859 2859 2908 2908 2933 2933 2933 2908 2859 2812 2812 2812 2812 2883 2883 2933 2958 2958 2984 2984 2984 3010 2984 2958 2883 2883 2908 2958 2958 2958 3010 3064 3120 3149 3149 3149 3149 3149 3149 3178 3178 3178 3178 3178 3149 3120 3120 3149 3149 3149 3178 3208 3208 3208 3208 3208 3208 3238 3269 3269 3269 3269 3269 3300 3300 3333 3333 3333 3333 3365 3365 3365 3365 3365 3365 3365 2226 2226 2226 2129 2129 2129 2129 2129 2129 2129 2143 2156 2143 2143 2156 2156 2156 2156 2129 2116 2103 2103 2103 2116 2116 2116 2116 2116 2129 2129 2129 2156 2156 2156 2143 2129 2116 2116 2103 2103 2103 2116 2116 2116 2129 2129 2116 2103 2103 2103 2103 2103 2103 2103 2116 2129 2129 2129 2116 2116 2129 2143 2170 2170 2156 2156 2170 2170 2170 2170 2835 2835 2835 2835 2835 2835 2789 2767 2767 2767 2744 2701 2701 2701 2701 2701 2701 2701 2680 2680 2659 2659 2659 2659 2680 2680 2680 2680 2680 2680 2680 2680 2680 2680 2680 2680 2680 2680 2701 2701 2701 2701 2680 2680 2701 2701 2723 2723 2744 2767 2767 2767 2767 2789 2812 2812 2789 2744 2744 2744 2744 2723 2723 2723 2723 2723 2680 2680 2680 2659 2659 2639 2618 2618 2598 2598 2598 2579 2579 2560 2560 2560 2522 2522 2522 2503 2503 2485 2467 2450 2450 2450 2450 2432 2432 2432 2432 2432 2415 2415 2381 2381 2398 0 0 0 0 0 0
0 0 0 0 0 0 0 0 0 0 0 0 2680 2680 2701 2701 2701 2723 2744 2744 2723 2723 2701 2701 2723 2723 2744 2744 2744 2744 2744 2723 2723 2723 2701 2701 2701 2701 2723 2744 2767 2767 2789 2789 2789 2789 2789 2812 2835 2835 2859 2859 2859 2859 2859 2859 2859 2859 2835 2835 2835 2835 2859 2859 2859 2859 2883 2908 2908 2933 2933 2933 2933 2908 2883 2859 2859 2883 2859 2859 2883 2908 2958 2958 2958 2958 2984 3037 3037 2883 2883 2908 2958 3037 3037 3064 3092 3120 3149 3149 3149 3149 3149 3149 3178 3178 3178 3178 3178 3149 3120 3120 3149 3149 3149 3178 3208 3208 3208 3208 3208 3208 3238 3238 3269 3269 3269 3269 3300 3300 3333 3333 3333 3333 3365 3365 3365 3365 3365 3365 2241 2226 2226 2226 2129 2129 2129 2129 2129 2129 2129 2143 2143 2143 2143 2143 2170 2170 2170 2143 2129 2103 2103 2103 2116 2116 2116 2129 2129 2129 2143 2143 2156 2156 2156 2143 2129 2116 2116 2103 2103 2116 2116 2116 2116 2129 2129 2116 2116 2103 2103 2103 2103 2103 2103 2116 2116 2129 2116 2116 2116 2129 2143 2156 2170 2170 2170 2156 2156 2156 2170 2835 2835 2835 2835 2835 2812 2789 2767 2767 2767 2744 2701 2701 2701 2701 2701 2701 2701 2680 2680 2680 2680 2680 2680 2680 2680 2680 2680 2680 2680 2680 2680 2680 2680 2680 2680 2680 2680 2680 2701 2701 2701 2701 2701 2701 2723 2723 2744 2744 2767 2767 2767 2789 2789 2835 2812 2767 2744 2744 2767 2744 2744 2744 2723 2723 2701 2680 2680 2680 2680 2659 2659 2639 2618 2618 2598 2598 2579 2579 2579 2560 2560 2541 2522 2522 2503 2503 2485 2467 2450 2450 2450 2432 2432 2432 2432 2432 2432 2415 2415 2381 2381 2398 0 0 0 0 0 0
0 0 0 0 0 0 0 0 0 0 0 0 2680 2680 2701 2701 2701 2723 2723 2723 2723 2723 2723 2723 2723 2723 2744 2744 2744 2744 2744 2744 2723 2723 2701 2701 2701 2701 2723 2744 2767 2767 2767 2767 2789 2789 2789 2812 2835 2835 2859 2859 2859 2859 2859 2859 2859 2859 2835 2835 2835 2835 2859 2859 2859 2859 2883 2908 2908 2933 2933 2933 2933 2933 2933 2908 2908 2908 2859 2859 2883 2908 2933 2933 2933 2933 2984 2984 2859 3092 3092 3092 3064 3064 3092 3092 3092 3120 3149 3149 3149 3149 3178 3178 3178 3208 3208 3178 3178 3149 3149 3149 3149 3149 3178 3178 3208 3208 3208 3208 3208 3208 3238 3238 3269 3269 3269 3269 3300 3333 3333 3365 3333 3333 3365 3365 3365 3365 3333 3333 2241 2241 2241 2226 2143 2143 2129 2129 2129 2129 2129 2143 2143 2143 2143 2143 2170 2170 2170 2156 2143 2116 2116 2116 2116 2116 2116 2116 2116 2143 2156 2156 2156 2156 2143 2143 2143 2129 2116 2116 2116 2116 2116 2116 2116 2116 2116 2116 2116 2103 2103 2103 2103 2103 2103 2116 2116 2116 2116 2116 2116 2129 2143 2156 2170 2170 2156 2156 2143 2143 2143 2835 2835 2835 2835 2835 2789 2789 2767 2767 2767 2767 2744 2723 2701 2701 2701 2701 2701 2680 2680 2680 2680 2680 2680 2680 2680 2680 2680 2680 2680 2680 2680 2680 2680 2680 2680 2680 2680 2680 2680 2680 2680 2680 2701 2723 2723 2744 2767 2767 2767 2767 2789 2789 2812 2835 2812 2767 2744 2744 2767 2767 2744 2744 2723 2701 2680 2680 2680 2680 2680 2659 2659 2659 2639 2639 2598 2598 2579 2579 2579 2560 2541 2522 2522 2522 2503 2503 2485 2485 2467 2467 2450 2432 2432 2432 2432 2432 2432 2415 2415 2398 2398 2415 0 0 0 0 0 0
0 0 0 0 0 0 0 0 0 0 0 0 2680 2680 2701 2701 2723 2744 2723 2723 2723 2723 2723 2723 2723 2723 2744 2744 2744 2744 2744 2744 2723 2723 2701 2701 2701 2701 2723 2744 2767 2767 2767 2767 2789 2789 2789 2812 2835 2835 2835 2859 2859 2859 2859 2859 2859 2859 2835 2835 2835 2835 2859 2859 2859 2883 2908 2908 2933 2933 2933 2933 2933 2933 2933 2933 2933 2933 2883 2883 2908 2908 2933 2908 2883 2883 2859 2859 2859 3037 3064 3064 3064 3092 3092 3092 3092 3092 3149 3149 3149 3178 3178 3178 3208 3208 3208 3178 3178 3149 3149 3149 3149 3149 3178 3178 3208 3208 3208 3208 3208 3238 3238 3269 3269 3269 3269 3269 3300 3365 3365 3333 3333 3333 3333 3333 3365 3365 3333 3333 2241 2241 2241 2241 2170 2156 2143 2129 2129 2129 2129 2143 2143 2143 2143 2156 2170 2170 2170 2156 2143 2129 2129 2116 2116 2116 2116 2116 2116 2143 2143 2156 2156 2143 2129 2129 2143 2143 2129 2116 2116 2116 2116 2116 2116 2116 2116 2116 2116 2103 2103 2103 2103 2103 2103 2116 2116 2116 2116 2116 2116 2129 2143 2156 2170 2170 2156 2156 2143 2129 2129 2835 2835 2835 2835 2835 2789 2789 2767 2767 2767 2767 2723 2723 2701 2701 2701 2701 2701 2680 2680 2680 2680 2680 2659 2659 2680 2680 2680 2680 2680 2680 2680 2680 2680 2680 2680 2680 2680 2680 2680 2680 2680 2680 2701 2723 2744 2744 2767 2767 2767 2767 2789 2789 2812 2835 2812 2812 2744 2744 2744 2767 2744 2744 2723 2701 2680 2680 2680 2680 2680 2680 2659 2659 2639 2639 2598 2598 2579 2579 2579 2541 2522 2522 2522 2522 2522 2503 2485 2485 2467 2467 2450 2432 2432 2432 2432 2432 2432 2432 2415 2398 2398 2398 0 0 0 0 0 0
0 0 0 0 0 0 0 0 0 0 0 0 2680 2680 2701 2701 2744 2744 2744 2744 2723 2701 2701 2723 2723 2723 2744 2744 2744 2744 2744 2744 2723 2701 2701 2701 2701 2701 2723 2744 2767 2767 2789 2789 2789 2789 2812 2835 2835 2835 2835 2859 2859 2859 2859 2859 2859 2859 2835 2835 2835 2835 2859 2859 2883 2883 2908 2908 2933 2933 2933 2933 2933 2933 2933 2933 2933 2933 2908 2908 2908 2908 2859 2859 2859 2859 2859 2859 3037 3037 3037 3064 3064 3092 3092 3092 3064 3064 3149 3149 3178 3178 3178 3178 3208 3208 3178 3178 3178 3149 3149 3149 3149 3149 3178 3178 3208 3208 3208 3208 3208 3238 3238 3269 3269 3269 3269 3300 3300 3333 3333 3333 3333 3333 3333 3333 3365 3365 3333 3333 2241 2241 2241 2226 2184 2156 2143 2143 2129 2129 2129 2129 2143 2143 2143 2156 2170 2170 2156 2143 2129 2129 2129 2116 2116 2116 2116 2116 2116 2129 2143 2143 2156 2143 2129 2129 2129 2143 2143 2116 2116 2116 2116 2116 2116 2116 2116 2129 2116 2116 2103 2103 2103 2103 2103 2116 2116 2116 2116 2116 2116 2129 2143 2156 2170 2170 2156 2156 2143 2129 2129 2859 2859 2859 2859 2835 2812 2789 2767 2767 2767 2767 2723 2723 2701 2701 2701 2701 2701 2701 2680 2680 2680 2680 2659 2659 2680 2680 2680 2680 2680 2680 2680 2680 2680 2680 2680 2680 2680 2680 2701 2701 2680 2680 2701 2723 2744 2744 2767 2767 2767 2789 2789 2789 2812 2812 2835 2812 2744 2744 2744 2767 2767 2744 2744 2723 2701 2680 2680 2680 2680 2659 2659 2659 2639 2639 2618 2598 2579 2579 2560 2541 2522 2522 2522 2522 2522 2503 2503 2467 2467 2467 2450 2450 2450 2432 2432 2432 2432 2415 2415 2398 2381 2381 0 0 0 0 0 0
0 0 0 0 0 0 0 0 0 0 0 0 2701 2701 2701 2723 2744 2744 2744 2744 2723 2701 2701 2723 2723 2723 2723 2744 2744 2744 2744 2723 2723 2701 2701 2701 2701 2701 2744 2744 2767 2767 2789 2812 2812 2812 2812 2835 2859 2859 2256 2256 2256 2859 2859 2859 2859 2859 2835 2835 2835 2835 2859 2859 2883 2908 2908 2933 2933 2933 2933 2933 2933 2933 2933 2933 2933 2933 2933 2883 2883 2859 2859 2859 2859 2859 2859 2859 3037 3037 3037 3064 3064 3092 3092 3092 2415 2415 2432 2432 2432 2398 2398 2365 2365 2381 2485 2485 2485 2485 3149 3149 3149 3149 3178 3178 3208 3208 3208 3208 3238 3238 3269 3269 3269 3269 3300 3300 3333 3333 3333 3333 3333 3365 3365 3365 3365 3365 3333 3333 2241 2241 2241 2226 2184 2156 2143 2129 2129 2129 2129 2129 2156 2156 2156 2156 2170 2170 2156 2143 2129 2129 2129 2116 2116 2129 2116 2116 2116 2129 2143 2143 2143 2143 2129 2129 2129 2129 2143 2129 2129 2116 2116 2116 2116 2116 2116 2116 2116 2116 2103 2103 2103 2103 2116 2116 2129 2129 2116 2116 2116 2129 2143 2156 2170 2170 2156 2156 2143 2143 2143 2859 2859 2859 2859 2835 2835 2812 2789 2789 2767 2767 2723 2723 2723 2701 2701 2701 2701 2701 2680 2680 2680 2680 2680 2680 2680 2680 2680 2680 2680 2680 2680 2680 2680 2680 2680 2680 2680 2680 2701 2701 2701 2701 2701 2723 2744 2767 2767 2789 2789 2789 2789 2789 2812 2812 2812 2812 2767 2767 2767 2767 2767 2744 2744 2723 2701 2680 2680 2680 2659 2659 2659 2659 2639 2639 2618 2598 2579 2579 2560 2560 2541 2522 2522 2522 2503 2503 2503 2467 2467 2467 2450 2450 2450 2432 2432 2432 2432 2415 2415 2398 2381 2381 0 0 0 0 0 0
0 0 0 0 0 0 0 0 0 0 0 0 2701 2701 2701 2723 2744 2744 2767 2744 2723 2723 2723 2723 2723 2723 2723 2744 2744 2723 2723 2723 2723 2701 2701 2701 2723 2680 2522 2522 2767 2767 2789 2812 2812 2812 2835 2835 2256 2256 2256 2256 2256 2271 2271 2286 2859 2859 2271 2256 2256 2256 2271 2859 2883 2908 2908 2933 2933 2933 2958 2958 2958 2958 2958 2958 2933 2933 2933 2883 2859 2859 2859 2835 2835 2859 2859 2859 2958 3010 3037 3037 2349 2349 2365 2398 2398 2398 2415 2415 2415 2398 2398 2365 2365 2381 2432 2450 2467 2467 2450 2450 2485 3178 3178 3178 3178 3208 3208 3208 3238 3238 3269 3269 3300 3300 3333 3333 3333 3333 3333 3333 3333 3365 3365 3365 3365 3365 3333 2241 2241 2241 2241 2212 2170 2156 2143 2129 2129 2129 2129 2143 2156 2156 2156 2156 2170 2156 2156 2143 2143 2129 2129 2116 2116 2129 2116 2116 2116 2116 2116 2143 2143 2129 2129 2129 2129 2129 2143 2129 2129 2116 2116 2116 2116 2116 2116 2116 2129 2116 2103 2103 2103 2103 2103 2116 2116 2116 2116 2116 2116 2143 2143 2156 2170 2170 2156 2156 2143 2143 2156 2859 2859 2859 2859 2835 2835 2812 2789 2767 2767 2767 2723 2723 2723 2701 2701 2701 2701 2701 2701 2680 2680 2680 2680 2680 2680 2680 2680 2680 2680 2680 2680 2680 2680 2680 2680 2680 2680 2680 2701 2701 2701 2701 2701 2723 2744 2767 2789 2789 2789 2789 2789 2789 2812 2812 2812 2812 2789 2767 2767 2767 2767 2744 2744 2723 2701 2701 2680 2680 2659 2659 2659 2639 2639 2618 2618 2598 2579 2579 2560 2541 2541 2522 2522 2522 2503 2503 2503 2485 2467 2467 2450 2450 2450 2450 2450 2432 2432 2432 2398 2398 2381 2381 0 0 0 0 0 0
0 0 0 0 0 0 0 0 0 0 0 0 2701 2701 2701 2723 2744 2767 2767 2744 2744 2723 2723 2723 2723 2723 2723 2744 2744 2723 2723 2723 2723 2723 2701 2680 2522 2522 2522 2522 2522 2522 2859 2835 2835 2835 2835 2835 2256 2256 2256 2256 2256 2271 2271 2271 2286 2286 2271 2256 2256 2256 2271 2301 2301 2317 2317 2933 2933 2933 2958 2958 2958 2958 2958 2958 2933 2883 2883 2835 2835 2835 2835 2835 2835 2859 2859 2859 2908 2317 2317 2317 2349 2349 2365 2398 2398 2398 2398 2415 2415 2432 2415 2415 2415 2415 2432 2450 2450 2450 2450 2450 2485 2485 2485 2485 3092 3149 3178 3208 3238 3238 3269 3300 3300 3300 3333 3333 3333 3333 3333 3333 3333 3365 3365 3365 3365 3365 2256 2241 2241 2241 2241 2198 2170 2156 2143 2129 2129 2129 2129 2156 2170 2170 2156 2156 2170 2156 2156 2143 2143 2129 2116 2116 2116 2129 2116 2116 2116 2116 2116 2129 2143 2129 2129 2129 2129 2129 2143 2129 2116 2116 2116 2116 2116 2116 2116 2129 2129 2116 2103 2103 2103 2103 2103 2116 2116 2116 2116 2116 2116 2129 2156 2156 2170 2170 2170 2170 2156 2143 2143 2859 2859 2859 2859 2835 2835 2812 2789 2767 2767 2767 2744 2723 2723 2701 2701 2701 2701 2680 2680 2680 2680 2680 2680 2680 2680 2680 2680 2680 2680 2680 2680 2680 2680 2680 2680 2680 2680 2701 2701 2723 2701 2701 2701 2723 2744 2767 2767 2789 2789 2789 2789 2789 2812 2835 2835 2767 2767 2767 2767 2767 2767 2744 2744 2723 2723 2723 2701 2680 2680 2659 2659 2639 2639 2618 2618 2598 2579 2560 2560 2541 2541 2522 2522 2522 2522 2522 2503 2503 2485 2467 2450 2450 2450 2450 2450 2450 2450 2432 2398 2398 2381 2381 0 0 0 0 0 0
0 0 0 0 0 0 0 0 0 0 0 0 2701 2701 2701 2723 2723 2723 2767 2744 2744 2723 2723 2723 2723 2723 2723 2744 2744 2744 2744 2723 2723 2701 2680 2560 2522 2522 2522 2522 2467 2467 2859 2835 2835 2812 2812 2812 2256 2256 2256 2256 2256 2271 2271 2271 2286 2286 2286 2286 2286 2301 2301 2301 2301 2317 2317 2333 2349 2365 2365 2365 2365 2381 2958 2365 2365 2365 2883 2835 2835 2812 2812 2835 2835 2859 2859 2859 2908 2317 2317 2317 2365 2365 2381 2398 2398 2398 2398 2415 2415 2432 2432 2432 2432 2432 2450 2450 2450 2450 2450 2450 2467 2467 2467 2485 2485 2485 2503 2485 2485 3238 3269 3300 3333 3333 3333 3333 3333 3333 3333 3365 3365 3365 3365 3399 3365 2271 2256 2256 2256 2241 2241 2198 2156 2156 2143 2129 2129 2129 2143 2156 2170 2170 2170 2170 2170 2156 2156 2143 2129 2129 2116 2116 2129 2129 2116 2116 2116 2116 2116 2116 2129 2129 2129 2129 2129 2129 2143 2129 2116 2116 2116 2116 2116 2116 2143 2129 2129 2116 2103 2103 2103 2103 2103 2103 2116 2116 2116 2116 2116 2129 2156 2170 2170 2170 2170 2170 2156 2143 2143 2859 2859 2859 2859 2835 2835 2835 2789 2767 2767 2767 2744 2744 2723 2723 2701 2701 2701 2680 2680 2680 2680 2701 2680 2680 2680 2680 2680 2680 2680 2680 2680 2680 2680 2680 2680 2680 2680 2701 2701 2723 2701 2701 2701 2723 2744 2744 2767 2767 2767 2789 2789 2812 2835 2835 2835 2744 2744 2767 2767 2767 2767 2767 2744 2744 2723 2723 2723 2701 2680 2659 2659 2659 2659 2618 2618 2598 2598 2560 2560 2560 2541 2541 2541 2541 2522 2522 2503 2503 2485 2467 2467 2450 2450 2450 2450 2450 2450 2432 2415 2398 2381 2381 0 0 0 0 0 0
0 0 0 0 0 0 0 0 0 0 0 0 2701 2701 2701 2723 2723 2723 2744 2744 2744 2744 2744 2744 2744 2744 2744 2744 2744 2744 2744 2723 2723 2701 2639 2541 2522 2522 2522 2503 2467 2467 2467 2467 2835 2812 2812 2241 2241 2241 2256 2256 2271 2271 2286 2286 2286 2286 2286 2286 2286 2301 2301 2301 2301 2317 2317 2317 2333 2349 2349 2349 2365 2365 2365 2365 2365 2365 2381 2381 2835 2812 2812 2835 2835 2835 2859 2859 2883 2349 2349 2365 2381 2381 2398 2398 2398 2415 2415 2415 2415 2432 2432 2432 2432 2432 2450 2450 2450 2450 2450 2450 2450 2467 2467 2485 2485 2485 2485 2485 2485 2503 3269 3300 3333 3333 3333 3333 3333 3333 3333 3365 3365 3365 3365 3399 3399 2271 2271 2256 2256 2256 2212 2184 2156 2156 2143 2129 2129 2129 2143 2156 2170 2170 2170 2170 2170 2156 2143 2143 2129 2116 2116 2116 2116 2129 2143 2103 2103 2116 2116 2116 2129 2129 2129 2129 2129 2129 2143 2129 2116 2103 2103 2103 2116 2116 2143 2129 2129 2116 2116 2103 2103 2103 2103 2103 2116 2116 2116 2129 2129 2143 2156 2170 2170 2170 2170 2170 2156 2143 2143 2883 2883 2859 2859 2835 2812 2812 2789 2767 2767 2767 2767 2744 2744 2723 2701 2701 2701 2680 2680 2701 2680 2680 2680 2680 2680 2680 2680 2680 2680 2680 2680 2680 2680 2680 2680 2680 2680 2701 2701 2701 2701 2701 2701 2723 2723 2744 2767 2767 2767 2789 2812 2812 2835 2812 2789 2744 2744 2767 2767 2767 2767 2767 2744 2744 2723 2723 2723 2701 2680 2659 2659 2659 2659 2639 2618 2618 2598 2579 2560 2560 2560 2541 2541 2522 2522 2522 2503 2503 2485 2485 2450 2450 2450 2450 2450 2432 2432 2432 2415 2398 2398 0 0 0 0 0 0 0
0 0 0 0 0 0 0 0 0 0 0 0 2701 2701 2744 2744 2744 2744 2744 2744 2744 2744 2744 2744 2744 2744 2744 2744 2744 2744 2744 2723 2723 2701 2639 2541 2522 2522 2522 2503 2467 2467 2467 2467 2485 2212 2212 2212 2226 2241 2256 2256 2271 2271 2286 2286 2286 2286 2301 2301 2301 2301 2301 2301 2317 2317 2317 2317 2333 2333 2349 2349 2349 2365 2365 2365 2381 2381 2381 2381 2381 2398 2381 2381 2398 2398 2415 2835 2381 2365 2365 2398 2398 2398 2398 2398 2398 2415 2415 2432 2432 2432 2432 2432 2432 2450 2450 2450 2450 2450 2450 2450 2450 2467 2467 2485 2485 2485 2485 2503 2503 2503 2522 3300 3333 3333 3333 3333 3333 3365 3365 3365 3365 3365 3365 3365 3365 2271 2271 2271 2271 2256 2198 2184 2170 2156 2143 2143 2129 2129 2143 2156 2170 2170 2170 2170 2156 2143 2143 2129 2129 2116 2116 2116 2116 2129 2143 2103 2103 2116 2116 2129 2129 2129 2129 2129 2129 2129 2129 2116 2116 2103 2103 2103 2116 2129 2143 2129 2129 2116 2116 2103 2103 2103 2103 2103 2116 2116 2129 2129 2129 2129 2156 2170 2170 2170 2170 2170 2156 2156 2156 2170 2883 2883 2859 2835 2812 2812 2812 2789 2767 2767 2767 2767 2744 2723 2723 2701 2701 2701 2701 2680 2680 2680 2680 2680 2680 2701 2701 2680 2680 2680 2680 2680 2680 2680 2680 2680 2680 2701 2701 2701 2701 2701 2701 2701 2723 2744 2767 2767 2767 2789 2812 2812 2835 2767 2723 2723 2744 2767 2767 2789 2767 2767 2744 2744 2723 2723 2723 2723 2701 2680 2659 2659 2659 2639 2618 2618 2579 2579 2560 2560 2579 2541 2541 2522 2522 2522 2522 2503 2485 2485 2450 2450 2450 2432 2398 2398 2415 2432 2432 2432 880 880 880 0 0 0 0 0
0 0 0 0 0 0 0 0 0 0 0 0 2701 2701 2723 2744 2744 2744 2744 2723 2723 2744 2744 2744 2744 2744 2744 2744 2744 2744 2744 2723 2723 2701 2659 2541 2541 2541 2522 2522 2503 2467 2467 2467 2485 2485 2212 2212 2226 2241 2256 2256 2271 2271 2286 2286 2286 2286 2301 2301 2301 2301 2301 2301 2317 2317 2317 2317 2333 2333 2333 2349 2349 2365 2365 2365 2381 2381 2381 2381 2381 2398 2381 2381 2398 2398 2415 2415 2381 2381 2381 2398 2415 2415 2415 2415 2415 2432 2432 2432 2432 2432 2432 2432 2432 2450 2450 2450 2450 2467 2467 2467 2467 2467 2467 2485 2485 2485 2485 2503 2503 2503 2503 2503 3333 3333 3333 3333 3333 3365 3365 3365 3365 3365 3365 3365 3365 2271 2271 2271 2271 2271 2198 2184 2170 2170 2156 2143 2129 2129 2143 2156 2170 2170 2170 2170 2156 2143 2143 2129 2129 2116 2116 2116 2129 2143 2156 2129 2116 2116 2129 2129 2129 2129 2129 2129 2129 2129 2129 2116 2103 2103 2103 2103 2116 2129 2143 2129 2129 2116 2116 2103 2103 2103 2103 2116 2116 2129 2129 2129 2129 2129 2156 2156 2170 2170 2170 2170 2170 2156 2156 2170 2883 2883 2859 2859 2812 2812 2812 2789 2767 2767 2767 2767 2744 2723 2701 2701 2701 2701 2701 2680 2680 2680 2680 2680 2680 2680 2680 2680 2680 2680 2680 2680 2680 2680 2680 2680 2680 2701 2701 2701 2701 2701 2701 2701 2723 2744 2767 2789 2789 2789 2812 2835 2835 2744 2723 2723 2744 2767 2789 2767 2767 2767 2744 2744 2744 2723 2701 2701 2680 2680 2659 2659 2639 2639 2618 2618 2579 2579 2579 2579 2579 2541 2541 2522 2522 2522 2522 2503 2503 2503 2450 2450 2450 2432 2398 2398 2415 882 880 878 878 878 880 0 0 0 0 0
0 0 0 0 0 0 0 0 0 0 0 0 2701 2701 2723 2744 2744 2744 2744 2723 2723 2723 2723 2723 2744 2744 2744 2744 2744 2744 2744 2744 2744 2744 2701 2522 2522 2522 2522 2522 2503 2467 2467 2467 2467 2485 2212 2212 2226 2241 2256 2256 2271 2271 2286 2301 2301 2301 2301 2301 2301 2301 2317 2317 2317 2317 2317 2317 2317 2333 2333 2349 2349 2365 2365 2365 2381 2381 2381 2381 2381 2398 2398 2398 2398 2415 2432 2415 2398 2381 2381 2415 2415 2415 2415 2415 2415 2432 2432 2432 2432 2432 2432 2432 2432 2450 2450 2450 2467 2467 2467 2467 2467 2485 2485 2485 2485 2485 2485 2503 2503 2503 2503 2503 2541 3333 3333 3333 3333 3365 3365 3365 3365 3365 3365 3365 3365 2271 2271 2286 2286 2286 2241 2184 2184 2184 2170 2170 2143 2143 2143 2156 2170 2170 2170 2156 2156 2143 2143 2143 2143 2116 2116 2129 2129 2143 2143 2129 2116 2116 2143 2143 2156 2143 2129 2129 2129 2129 2129 2116 2103 2103 2103 2103 2116 2129 2143 2129 2129 2116 2116 2103 2103 2103 2103 2116 2116 2129 2143 2129 2129 2143 2156 2156 2170 2170 2170 2170 2170 2170 2170 2883 2883 2883 2859 2859 2835 2835 2812 2812 2789 2767 2767 2767 2744 2723 2701 2701 2701 2701 2701 2701 2680 2680 2680 2680 2680 2680 2680 2680 2680 2680 2659 2659 2680 2680 2680 2680 2680 2680 2701 2701 2701 2701 2701 2701 2723 2744 2767 2789 2812 2812 2789 2789 2812 2744 2723 2723 2767 2789 2789 2767 2767 2767 2744 2744 2744 2723 2701 2701 2680 2680 2659 2639 2639 2639 2618 2618 2598 2579 2579 2579 2579 2560 2541 2541 2541 2522 2522 2503 2503 2503 2522 2522 2522 885 885 882 882 882 880 878 878 878 880 0 0 0 0 0
0 0 0 0 0 0 0 0 0 0 0 0 2701 2680 2680 2723 2744 2744 2744 2723 2701 2701 2701 2701 2723 2744 2744 2744 2744 2744 2744 2723 2723 2744 2744 2522 2522 2522 2522 2522 2503 2485 2467 2467 2467 2485 2212 2212 2226 2241 2256 2256 2271 2271 2286 2286 2286 2301 2301 2301 2301 2301 2317 2317 2317 2317 2317 2317 2317 2333 2333 2349 2365 2365 2365 2365 2381 2381 2381 2381 2381 2398 2398 2398 2398 2415 2432 2415 2415 2381 2381 2415 2415 2415 2415 2415 2432 2432 2432 2450 2432 2432 2432 2432 2450 2450 2450 2450 2467 2485 2485 2467 2467 2485 2485 2503 2485 2485 2503 2503 2522 2522 2541 2541 2541 3300 3300 3333 3365 3365 3365 3365 3399 3399 3365 3365 3365 2286 2286 2286 2286 2286 2271 2198 2184 2184 2184 2170 2170 2170 2170 2170 2170 2170 2170 2156 2156 2143 2143 2143 2143 2129 2129 2129 2143 2143 2143 2129 2129 2156 2156 2156 2156 2143 2129 2129 2129 2129 2129 2116 2116 2103 2103 2103 2116 2129 2143 2129 2129 2116 2116 2103 2103 2103 2103 2116 2129 2143 2143 2129 2129 2143 2156 2156 2170 2170 2184 2184 2184 2184 2908 2883 2883 2883 2859 2859 2859 2835 2812 2812 2789 2789 2767 2767 2744 2744 2723 2723 2723 2701 2701 2701 2680 2680 2680 2680 2701 2701 2701 2680 2680 2680 2659 2659 2680 2680 2680 2680 2680 2680 2701 2701 2701 2701 2701 2701 2767 2767 2767 2767 2767 2812 2789 2789 2812 2767 2744 2744 2767 2789 2789 2767 2767 2767 2744 2744 2744 2744 2723 2701 2680 2659 2659 2639 2639 2639 2639 2618 2598 2579 2579 2579 2579 2579 2560 2560 2560 2541 2522 2522 2522 2522 2522 885 885 885 885 882 882 882 882 878 878 878 878 0 0 0 0 0
0 0 0 0 0 0 0 0 0 0 0 0 2701 2680 2680 2723 2744 2744 2744 2723 2701 2701 2701 2701 2723 2723 2744 2744 2744 2744 2744 2723 2723 2744 2744 2560 2541 2541 2541 2522 2503 2485 2467 2467 2467 2256 2226 2226 2241 2241 2256 2256 2271 2271 2286 2286 2286 2301 2301 2301 2301 2301 2317 2317 2317 2333 2333 2333 2333 2333 2349 2349 2365 2365 2365 2365 2381 2381 2381 2381 2398 2398 2398 2398 2415 2415 2432 2415 2415 2415 2415 2415 2415 2415 2432 2432 2432 2432 2432 2450 2432 2432 2450 2450 2450 2450 2450 2450 2467 2467 2485 2485 2485 2485 2485 2503 2503 2503 2503 2503 2522 2522 2541 2541 2560 3300 3300 3333 3365 3365 3365 3399 3399 3399 3365 3365 3365 2286 2286 2286 2301 2286 2286 2271 2198 2198 2198 2184 2184 2170 2170 2170 2170 2170 2170 2170 2156 2156 2143 2143 2143 2129 2129 2143 2143 2143 2143 2156 2156 2156 2156 2156 2156 2143 2129 2129 2143 2129 2129 2129 2129 2116 2116 2116 2129 2129 2143 2129 2129 2116 2103 2103 2103 2103 2103 2116 2129 2143 2143 2129 2129 2143 2156 2156 2170 2170 2184 2184 2212 2212 2883 2859 2859 2883 2883 2883 2859 2859 2835 2812 2812 2789 2789 2767 2744 2744 2723 2723 2723 2701 2701 2701 2680 2680 2680 2680 2701 2701 2680 2680 2680 2680 2680 2680 2680 2680 2680 2701 2701 2701 2701 2701 2701 2723 2723 2744 2767 2767 2767 2767 2767 2789 2789 2789 2812 2767 2767 2744 2744 2789 2789 2767 2767 2767 2744 2744 2744 2744 2723 2701 2680 2659 2659 2659 2659 2659 2639 2639 2618 2598 2598 2598 2579 2579 2598 2598 2598 2598 2598 2598 903 903 0 889 885 885 885 882 882 882 873 871 871 867 867 0 0 0 0 0
0 0 0 0 0 0 0 0 0 0 0 0 2701 2701 2723 2744 2744 2744 2744 2744 2723 2701 2701 2701 2723 2723 2744 2744 2744 2744 2744 2744 2744 2744 2744 2659 2560 2541 2541 2522 2522 2485 2485 2467 2467 2241 2241 2241 2241 2241 2256 2256 2271 2271 2286 2286 2286 2317 2301 2301 2301 2301 2301 2317 2317 2333 2349 2333 2333 2349 2349 2349 2365 2365 2365 2365 2381 2381 2381 2381 2398 2398 2398 2415 2415 2432 2432 2432 2415 2415 2415 2415 2415 2415 2432 2432 2432 2432 2432 2450 2450 2450 2450 2450 2450 2450 2450 2450 2467 2467 2485 2467 2467 2485 2485 2503 2503 2503 2503 2522 2541 2541 2541 2541 2560 2598 3333 3333 3365 3365 3365 3399 3399 3399 3399 3399 3399 2301 2301 2301 2301 2301 2286 2286 2256 2198 2198 2198 2184 2170 2170 2170 2170 2170 2170 2170 2156 2156 2143 2143 2143 2129 2129 2143 2143 2143 2143 2156 2156 2156 2156 2170 2156 2143 2143 2143 2143 2143 2143 2156 2156 2143 2129 2129 2129 2129 2143 2129 2129 2116 2103 2103 2103 2103 2103 2116 2129 2143 2143 2143 2143 2143 2156 2156 2170 2170 2184 2184 2212 2212 2883 2859 2859 2883 2883 2883 2859 2859 2835 2835 2835 2789 2789 2767 2744 2744 2723 2723 2723 2723 2723 2701 2701 2701 2680 2680 2680 2680 2680 2680 2680 2680 2680 2680 2680 2680 2680 2701 2701 2701 2701 2701 2701 2744 2744 2744 2767 2767 2767 2789 2789 2789 2789 2789 2812 2767 2767 2744 2744 2789 2789 2789 2767 2767 2767 2767 2744 2744 2723 2723 2701 2680 2659 2659 2659 2659 2639 2618 2598 2598 2598 2598 2579 2579 2598 2598 2598 2598 910 0 903 903 901 889 889 885 882 882 880 880 873 871 871 864 864 860 854 849 849 0
0 0 0 0 0 0 0 0 0 0 0 0 2701 2701 2723 2723 2744 2744 2767 2767 2767 2723 2723 2723 2723 2744 2744 2744 2744 2767 2744 2744 2744 2744 2744 2680 2598 2560 2541 2522 2522 2503 2485 2467 2256 2241 2241 2241 2241 2256 2256 2271 2286 2286 2301 2301 2317 2317 2301 2301 2301 2301 2301 2301 2317 2317 2333 2333 2349 2349 2365 2365 2365 2365 2365 2381 2381 2381 2381 2381 2398 2398 2398 2415 2415 2432 2432 2432 2415 2415 2415 2415 2432 2432 2432 2450 2450 2450 2450 2450 2450 2450 2467 2450 2450 2450 2450 2450 2467 2485 2485 2467 2467 2485 2485 2503 2503 2503 2522 2522 2541 2541 2560 2560 2579 2598 2598 3365 3365 3365 3365 3399 3399 3399 3399 3399 3433 2301 2301 2301 2301 2301 2301 2286 2271 2226 2212 2198 2184 2170 2170 2170 2184 2184 2170 2170 2170 2156 2156 2156 2156 2143 2143 2143 2143 2143 2156 2156 2156 2170 2170 2184 2170 2143 2143 2143 2143 2156 2156 2156 2156 2156 2143 2143 2129 2129 2143 2129 2129 2116 2103 2103 2103 2103 2116 2129 2143 2143 2143 2143 2143 2143 2156 2170 2184 2184 2184 2198 2212 2226 2241 2883 2883 2883 2883 2883 2859 2859 2859 2835 2835 2812 2789 2767 2767 2767 2744 2744 2744 2723 2723 2701 2701 2701 2680 2680 2680 2680 2680 2680 2680 2680 2680 2680 2680 2680 2701 2701 2701 2701 2701 2701 2723 2744 2744 2744 2767 2767 2767 2767 2767 2789 2835 2835 2812 2812 2812 2767 2767 2812 2812 2789 2789 2767 2767 2767 2744 2744 2723 2723 2701 2680 2659 2659 2659 2659 2639 2618 2598 2598 2598 2598 2598 2598 2598 2598 920 918 910 903 903 903 901 898 889 885 882 882 880 880 873 871 871 864 862 858 854 849 849 0
0 0 0 0 0 0 0 0 0 0 0 0 2701 2701 2723 2723 2744 2744 2767 2767 2767 2744 2744 2744 2744 2744 2744 2744 2744 2744 2744 2744 2744 2744 2744 2701 2618 2579 2560 2522 2522 2522 2522 2522 2226 2226 2256 2256 2271 2271 2271 2286 2286 2301 2301 2317 2317 2301 2286 2286 2301 2301 2301 2301 2301 2301 2317 2317 2301 2301 2365 2365 2365 2365 2365 2381 2381 2381 2398 2398 2398 2398 2398 2415 2415 2432 2432 2432 2415 2415 2415 2432 2432 2432 2432 2450 2450 2450 2450 2450 2450 2450 2467 2450 2450 2467 2485 2485 2503 2485 2485 2485 2485 2485 2485 2503 2503 2503 2522 2522 2541 2541 2560 2560 2579 2598 2598 2618 2639 3365 3365 3365 3399 3399 3399 3433 3433 2301 2301 2301 2301 2301 2301 2286 2286 2286 2256 2198 2184 2170 2170 2170 2198 2184 2170 2170 2170 2170 2170 2170 2170 2156 2156 2156 2156 2156 2170 2170 2170 2184 2198 2170 2156 2156 2156 2156 2156 2156 2156 2156 2156 2156 2156 2143 2143 2143 2143 2129 2129 2116 2103 2103 2103 2103 2116 2129 2143 2156 2143 2143 2143 2143 2156 2156 2184 2184 2198 2212 2226 2241 2241 2883 2883 2908 2883 2883 2859 2859 2859 2859 2835 2812 2789 2789 2767 2767 2744 2744 2744 2723 2723 2701 2701 2701 2680 2680 2680 2680 2680 2680 2680 2680 2680 2701 2701 2701 2701 2701 2701 2701 2701 2723 2744 2744 2744 2744 2767 2767 2767 2767 2767 2789 2835 2835 2835 2835 2812 2812 2812 2835 2835 2812 2789 2789 2767 2767 2744 2744 2744 2723 2701 2680 2680 2680 2659 2659 2639 2618 2579 2579 2598 2598 2598 2598 928 928 920 918 910 903 903 903 901 898 889 887 882 882 880 880 873 871 869 864 862 858 856 851 851 0
0 0 0 0 0 0 0 0 0 0 0 0 2723 2723 2723 2744 2744 2744 2767 2767 2744 2744 2744 2744 2744 2767 2767 2767 2744 2744 2744 2767 2767 2744 2744 2701 2659 2598 2579 2560 2541 2522 2522 2541 2226 2226 2241 2271 2286 2286 2286 2286 2286 2301 2317 2317 2317 2301 2286 2286 2301 2317 2301 2301 2301 2301 2301 2301 2301 2301 2365 2365 2365 2365 2365 2381 2381 2381 2381 2398 2398 2398 2415 2415 2432 2432 2432 2432 2432 2432 2432 2432 2432 2432 2432 2450 2450 2450 2450 2450 2450 2450 2450 2450 2467 2467 2485 2503 2522 2485 2485 2485 2485 2485 2485 2503 2503 2522 2522 2541 2560 2560 2560 2579 2579 2598 2618 2618 2639 2639 2639 3365 3399 3399 3399 3433 3433 3433 2301 2301 2301 2301 2301 2301 2286 2286 2286 2286 2184 2184 2184 2184 2212 2184 2170 2170 2170 2170 2170 2170 2170 2156 2156 2156 2156 2156 2170 2198 2198 2198 2198 2170 2156 2156 2156 2156 2156 2156 2156 2156 2156 2156 2156 2156 2156 2143 2143 2129 2129 2116 2103 2103 2116 2116 2116 2129 2156 2156 2156 2143 2143 2143 2156 2156 2184 2198 2212 2226 2226 2241 2241 2933 2933 2933 2908 2883 2883 2859 2859 2859 2859 2812 2789 2789 2767 2767 2767 2767 2744 2723 2723 2701 2701 2680 2680 2680 2680 2680 2680 2680 2701 2701 2701 2701 2701 2701 2701 2701 2701 2701 2701 2744 2744 2744 2744 2767 2767 2789 2789 2789 2789 2789 2835 2835 2859 2835 2812 2812 2812 2835 2835 2835 2812 2812 2789 2767 2767 2744 2744 2723 2701 2701 2680 2680 2680 2659 2639 2618 2579 2579 938 938 933 930 928 925 920 918 910 903 903 901 898 898 889 887 885 882 880 880 875 871 869 867 864 860 856 854 854 0
0 0 0 0 0 0 0 0 0 0 0 0 2744 2744 2744 2744 2767 2767 2767 2767 2744 2744 2744 2744 2744 2767 2767 2767 2767 2767 2767 2767 2767 2767 2767 2744 2744 2744 2744 2560 2560 2560 2541 2541 2226 2226 2226 2271 2301 2317 2301 2286 2286 2301 2859 2317 2317 2317 2317 2317 2317 2333 2333 2301 2301 2301 2301 2301 2349 2365 2365 2381 2398 2381 2381 2381 2381 2381 2381 2398 2398 2398 2415 2415 2432 2432 2432 2432 2432 2432 2432 2432 2432 2432 2432 2450 2450 2450 2450 2450 2450 2450 2450 2450 2467 2485 2485 2503 2522 2503 2503 2503 2503 2503 2503 2522 2522 2522 2541 2541 2560 2560 2560 2579 2579 2598 2618 2618 2618 2618 2639 3365 3365 3365 3365 3399 3399 3399 3399 2301 2301 2317 2317 2301 2286 2286 2286 2286 2198 2184 2184 2184 2241 2184 2184 2170 2170 2170 2170 2170 2170 2170 2170 2170 2170 2156 2156 2156 2184 2212 2212 2198 2170 2156 2156 2170 2170 2170 2156 2156 2156 2156 2156 2156 2156 2143 2143 2143 2129 2116 2116 2116 2116 2116 2129 2129 2156 2156 2156 2143 2143 2143 2156 2156 2212 2226 2226 2226 2241 2241 2271 2933 2933 2933 2908 2883 2883 2883 2859 2859 2835 2812 2812 2789 2789 2789 2767 2767 2744 2723 2723 2701 2701 2680 2680 2680 2680 2680 2680 2701 2701 2701 2701 2701 2701 2701 2701 2701 2701 2701 2701 2744 2744 2767 2767 2767 2789 2789 2789 2789 2789 2789 2835 2835 2835 2812 2767 2767 2812 2835 2835 2835 2812 2812 2789 2767 2767 2744 2744 2744 2701 2701 2680 2680 2680 2680 2680 2680 940 940 938 938 933 930 928 920 920 915 908 903 903 901 898 898 889 889 885 882 882 880 875 871 869 867 864 860 856 854 854 0
0 0 0 0 0 0 0 0 0 0 0 0 2744 2744 2744 2767 2767 2789 2789 2767 2767 2744 2744 2744 2767 2767 2767 2767 2767 2767 2767 2767 2767 2767 2767 2767 2767 2767 0 2579 2579 2579 2541 2522 2226 2226 2226 2271 2301 2317 2286 2286 2286 2859 2859 2883 2883 2883 2859 2859 2859 2859 2859 2883 2908 2908 2908 2908 2933 2933 2398 2398 2933 2933 2933 2958 2984 3037 3037 3037 2415 2415 2432 2432 2432 2432 2450 2432 2432 2432 2432 2432 2432 2432 2432 2450 2450 2450 2467 2467 2467 2467 2467 2467 2467 2485 2485 2503 2522 2503 2503 2503 2503 2522 2541 2541 2541 2541 2541 2541 2560 2560 2560 2579 2579 2579 2598 2618 2618 2618 2639 3365 3365 3333 3333 3365 3365 3365 3365 3399 2317 2317 2317 2301 2301 2286 2286 2301 2256 2241 2226 2226 2301 2301 2184 2170 2170 2170 2170 2170 2170 2170 2184 2184 2184 2156 2156 2156 2184 2212 2212 2212 2198 2184 2184 2184 2170 2170 2170 2170 2170 2170 2170 2156 2156 2156 2156 2156 2156 2143 2143 2143 2129 2129 2129 2143 2156 2184 2184 2156 2156 2156 2156 2156 2226 2226 2226 2226 2241 2256 2271 2933 2933 2933 2908 2883 2883 2883 2859 2859 2835 2812 2812 2789 2789 2789 2767 2767 2767 2744 2744 2723 2701 2701 2701 2701 2701 2701 2701 2701 2701 2701 2701 2701 2701 2701 2701 2701 2723 2723 2723 2744 2744 2744 2767 2767 2789 2789 2789 2789 2835 2835 2835 2835 2835 2789 2767 2767 2812 2835 2835 2835 2835 2789 2767 2767 2767 2767 2744 2744 2723 2701 2680 2680 2680 2680 2680 0 940 940 940 940 935 930 928 920 920 915 908 908 906 906 901 898 891 889 887 882 880 880 875 871 869 867 864 860 856 854 854 0
0 0 0 0 0 0 0 0 0 0 0 0 2744 2744 2767 2767 2767 2789 2789 2767 2744 2744 2744 2767 2767 2767 2767 2767 2767 2767 2767 2767 2767 2767 2767 2767 2767 2767 0 2767 2522 2522 2522 2522 2522 2522 2503 2503 2271 2271 2271 2286 2286 2859 2859 2883 2883 2883 2859 2859 2859 2883 2883 2883 2908 2933 2933 2933 2933 2958 2958 2958 2958 2958 2958 2958 2958 2984 2984 2984 2432 2432 2432 2432 3037 3037 3037 2432 2432 2432 2450 2450 2450 2450 2450 2450 2450 2450 2450 2485 2485 2467 2467 2485 2485 2485 2503 2503 2522 2503 2503 2503 2522 2522 2541 2541 2541 2560 2560 2560 2560 2560 2560 2579 2579 2579 2598 2618 2618 2618 2639 2639 3300 3300 3300 3333 3333 3333 3333 3365 3399 3503 2365 2349 2317 2301 2301 2317 2241 2241 2241 2271 2301 2301 2184 2184 2184 2170 2170 2184 2198 2212 2212 2212 2184 2170 2170 2170 2198 2226 2226 2212 2212 2198 2198 2184 2170 2170 2170 2170 2170 2184 2170 2170 2156 2156 2170 2170 2170 2156 2143 2143 2129 2129 2129 2143 2156 2184 2184 2170 2156 2156 2156 2170 2241 2241 2241 2241 2256 2256 2286 2958 2958 2958 2933 2883 2883 2883 2859 2835 2835 2812 2789 2789 2789 2789 2767 2767 2767 2767 2767 2723 2723 2701 2701 2701 2701 2701 2701 2701 2701 2701 2701 2701 2701 2701 2701 2701 2723 2744 2744 2744 2744 2744 2767 2789 2789 2789 2789 2789 2835 2859 2835 2835 2812 2767 2767 2789 2812 2835 2835 2835 2812 2789 2767 2767 2767 2767 2744 2744 2744 2723 2680 2680 2680 2680 0 0 940 940 940 940 935 930 928 923 920 915 910 908 906 906 901 898 891 889 885 882 880 880 875 873 869 867 864 862 858 854 854 0
0 0 0 0 0 0 0 0 0 0 0 0 2744 2744 2767 2767 2789 2789 2767 2767 2744 2744 2744 2767 2767 2767 2767 2767 2767 2767 2767 2767 2767 2767 2767 2767 2767 2767 0 0 0 2522 2522 2522 2522 2522 2522 2522 2256 2256 2271 2271 2286 2883 2883 2883 2883 2883 2883 2883 2883 2883 2883 2883 2908 2933 2933 2933 2933 2958 2958 2958 2958 2958 2958 2958 2958 2984 2984 2984 3010 3010 3037 3037 3037 3037 3037 2984 2984 2450 2450 2450 2450 2450 2450 2450 2450 2450 2450 2467 2467 2485 2485 2485 2503 2503 2503 2503 2522 2503 2503 2503 2503 2522 2522 2541 2560 2560 2560 2560 2560 2560 2579 2579 2579 2598 2598 2598 2618 2618 2618 3269 3269 3269 3269 3269 3269 3300 3300 3333 3365 3503 3503 2333 2317 2317 2317 2333 2241 2241 2241 2256 2333 2184 2184 2184 2184 2184 2184 2226 2241 2226 2212 2212 2198 2170 2170 2170 2226 2226 2226 2212 2212 2184 2184 2170 2170 2170 2170 2170 2170 2184 2170 2170 2156 2156 2170 2170 2170 2170 2156 2156 2143 2143 2143 2143 2156 2184 2184 2170 2156 2156 2156 2170 2241 2241 2241 2241 2256 2271 2286 2958 2958 2958 2933 2908 2883 2883 2859 2835 2835 2812 2789 2789 2789 2789 2789 2789 2767 2767 2767 2744 2723 2723 2701 2701 2701 2701 2701 2701 2701 2723 2723 2701 2701 2701 2723 2723 2723 2744 2744 2744 2744 2744 2767 2789 2767 2767 2789 2789 2835 2835 2835 2835 2812 2767 2767 2767 2812 2835 2859 2835 2812 2789 2767 2767 2767 2767 2767 2744 2744 2723 2701 2701 2701 2701 0 943 940 940 940 940 938 930 928 923 920 915 910 908 908 906 901 898 894 891 885 882 880 880 875 873 869 867 864 862 858 854 854 0
0 0 0 0 0 0 0 0 0 0 0 0 2744 2744 2767 2767 2789 2789 2767 2767 2744 2723 2723 2767 2767 2767 2767 2767 2767 2767 2767 2767 2767 2767 2767 2767 2767 0 0 2618 2618 2522 2522 2522 2541 2522 2503 2503 2256 2256 2271 2271 2286 2883 2883 2908 2908 2908 2908 2908 2908 2908 2908 2908 2908 2933 2933 2933 2958 2958 2958 2958 2958 2958 2958 2984 2984 2984 2984 2984 3010 3037 3037 3037 3037 3064 3064 3037 3037 2450 2450 2450 2450 2450 2450 2450 2450 2450 2450 2450 2467 2485 2485 2503 2503 2503 2503 2522 2522 2503 2503 2503 2503 2522 2522 2541 2541 2541 2560 2560 2560 2579 2579 2579 2598 2598 2598 2598 3269 3269 3269 3269 3269 3269 3269 3269 3269 3300 3300 3300 3300 3300 2301 2301 2301 2301 2301 2349 2349 2226 2226 2256 2349 2184 2184 2184 2184 2198 2198 2241 2256 2226 2212 2212 2198 2170 2170 2170 2226 2226 2226 2226 2212 2184 2184 2170 2170 2170 2170 2170 2170 2184 2170 2170 2170 2170 2170 2170 2184 2170 2170 2156 2156 2143 2143 2143 2156 2184 2184 2170 2156 2156 2156 2170 2241 2241 2241 2256 2256 2271 2286 2958 2958 2958 2933 2908 2883 2883 2859 2859 2835 2812 2789 2789 2789 2789 2789 2789 2789 2767 2767 2767 2744 2723 2723 2723 2723 2723 2723 2701 2701 2723 2723 2723 2723 2723 2723 2723 2723 2744 2744 2744 2767 2767 2767 2767 2767 2767 2767 2789 2812 2835 2859 2859 2812 2789 2767 2767 2812 2835 2859 2835 2835 2789 2767 2767 2767 2767 2767 2744 2744 2744 2701 2701 2701 0 0 943 943 940 940 940 938 930 928 923 920 915 910 910 908 906 906 898 894 891 889 882 880 880 878 875 869 867 864 862 858 854 854 0
0 0 0 0 0 0 0 0 0 0 0 0 2744 2744 2767 2767 2789 2789 2767 2767 2744 2723 2723 2767 2767 2767 2767 2767 2767 2767 2767 2767 2767 2767 2767 2767 2789 2789 2812 2618 2618 2598 2541 2541 2541 2522 2503 2503 2503 2271 2271 2271 2286 2933 2933 2933 2933 2933 2933 2933 2933 2933 2933 2933 2933 2933 2933 2933 2958 2958 2984 2984 2984 2984 2984 2984 2984 2984 3010 3010 3037 3037 3037 3037 3037 3064 3064 3064 3064 3064 2450 2450 2450 2450 2450 2450 2450 2450 2450 2450 2485 2485 2485 2503 2503 2503 2522 2522 2522 2503 2503 2522 2522 2541 2541 2541 2541 2541 2560 2560 2579 2579 2579 2579 2598 2598 3238 3238 3238 3238 3238 3238 3238 3269 3269 3269 3269 3269 3269 3300 3300 3300 2301 2301 2301 2301 2301 2349 2349 2226 2226 2256 2349 2170 2170 2170 2184 2198 2198 2226 2286 2226 2212 2212 2198 2198 2198 2198 2226 2226 2212 2212 2198 2198 2198 2184 2170 2170 2170 2170 2170 2184 2170 2170 2170 2170 2170 2170 2184 2170 2170 2170 2156 2143 2143 2156 2170 2184 2184 2170 2156 2156 2156 2170 2256 2256 2256 2256 2271 2271 2984 2958 2958 2958 2933 2908 2908 2883 2883 2859 2835 2812 2812 2789 2789 2789 2789 2789 2789 2767 2767 2767 2744 2723 2723 2723 2701 2701 2723 2723 2723 2723 2723 2723 2723 2723 2723 2723 2723 2744 2744 2767 2767 2767 2767 2767 2767 2767 2767 2789 2812 2812 2835 2859 2835 2835 2835 2835 2835 2859 2835 2835 2812 2789 2767 2767 2744 2744 2744 2744 2744 2723 2723 2744 2744 0 0 940 940 940 940 940 938 930 928 925 920 918 913 910 908 906 906 901 894 891 889 885 882 880 878 878 869 867 864 862 858 854 854 0
0 0 0 0 0 0 0 0 0 0 0 0 2744 2744 2767 2767 2789 2789 2789 2767 2767 2744 2744 2744 2767 2767 2767 2767 2767 2767 2767 2767 2767 2767 2767 2767 2789 2812 2812 0 2618 2598 2541 2541 2541 2522 2522 2522 2365 2317 2317 2301 2301 2933 2933 2933 2933 2933 2933 2933 2933 2933 2933 2933 2933 2933 2958 2958 2958 2984 2984 2984 2984 2984 3010 3010 3010 3010 3010 3037 3037 3037 3064 3064 3064 3064 3092 3092 3120 3120 3149 3178 2450 2450 2467 2467 2467 2467 2450 2450 2485 2503 2503 2503 2522 2522 2522 2522 2522 2522 2522 2522 2541 2560 2560 2560 2541 2541 2560 2560 2579 2579 2579 2598 2618 2618 3208 3208 3238 3238 3238 3238 3238 3269 3269 3269 3269 3269 3269 3300 3300 3333 3333 2301 2301 2301 2317 2317 2198 2198 2226 2256 2349 2170 2170 2170 2184 2198 2198 2226 2226 2271 2226 2212 2198 2184 2184 2184 2226 2226 2212 2212 2198 2198 2198 2184 2170 2170 2170 2170 2170 2184 2184 2184 2184 2184 2184 2184 2184 2184 2184 2170 2156 2156 2156 2156 2170 2170 2184 2170 2170 2156 2156 2170 2271 2271 2271 2271 2271 2271 3010 2958 2958 2958 2908 2908 2908 2908 2883 2859 2835 2835 2835 2812 2789 2271 2256 2256 2789 2767 2767 2767 2744 2723 2256 2256 2256 2701 2723 2723 2723 2723 2723 2723 2723 2723 2723 2723 2723 2744 2744 2767 2767 2767 2767 2767 2767 2767 2789 2812 2812 2812 2835 2859 2859 2859 2859 2835 2835 2859 2835 2835 2812 2789 2767 2767 2744 2744 2744 2744 2744 2723 2723 2744 2744 1433 1433 940 940 940 940 940 935 930 928 928 923 918 913 910 908 906 903 901 894 891 889 887 882 880 878 875 869 869 864 862 858 854 854 0
0 0 0 0 0 0 0 0 0 0 0 0 2744 2744 2767 2767 2789 2789 2789 2789 2767 2744 2744 2744 2767 2767 2767 2767 2767 2767 2789 2789 2767 2767 2789 2789 2789 2789 2789 0 2639 2598 2579 2560 2541 2541 2541 2349 2349 2333 2333 2317 2317 2933 2933 2933 2933 2958 2933 2933 2933 2958 2958 2958 2958 2958 2958 2958 2958 3010 3010 3010 3010 3010 3037 3037 3037 3037 3037 3037 3064 3064 3092 3092 3092 3092 3120 3120 3120 3149 3149 3149 2467 2450 2450 2467 2467 2485 2485 2485 2503 2503 2503 2503 2522 2522 2522 2522 2522 2522 2522 2541 2541 2560 2560 2560 2560 2560 2560 2579 2579 2598 2598 2598 2618 2639 3208 3208 3238 3238 3238 3269 3269 3269 3269 3269 3269 3269 3300 3300 3333 3333 3333 3333 2301 2301 2317 2317 2198 2198 2226 2256 2365 2170 2170 2170 2184 2198 2198 2212 2212 2271 2256 2226 2198 2184 2184 2184 2226 2226 2212 2212 2212 2212 2212 2198 2184 2170 2170 2170 2170 2170 2170 2170 2198 2198 2226 2226 2226 2198 2184 2170 2156 2156 2156 2156 2170 2170 2184 2170 2170 2170 2170 2198 2271 2271 2271 2271 2271 2256 2256 2984 2958 2958 2908 2908 2908 2908 2883 2883 2859 2859 2859 2226 2226 2256 2256 2256 2256 2256 2767 2241 2241 2241 2256 2256 2256 2256 2256 2256 2256 2256 2286 2286 2286 2301 2317 2723 2744 2744 2767 2767 2767 2767 2767 2789 1680 1680 1680 1680 2835 2835 2835 2859 2908 2908 2908 2859 2859 2859 2835 2835 2835 2789 1503 1503 1503 2744 1464 1464 1458 1452 1445 1445 1433 1433 1433 943 943 943 940 940 935 930 930 928 923 918 913 910 906 906 903 898 894 891 889 887 882 882 878 875 869 869 864 862 860 854 854 0
0 0 0 0 0 0 0 0 0 0 0 0 2767 2767 2767 2789 2789 2789 2789 2812 2789 2767 2767 2767 2767 2789 2767 2767 2767 2767 2789 2789 2767 2767 2789 2789 2789 2789 2789 2789 2639 2618 2598 2579 2560 2560 2560 2333 2333 2333 2333 2317 2317 2958 2958 2958 2958 2958 2933 2933 2958 2958 2958 2958 2958 2958 2958 2958 2984 3010 3037 3010 3010 3037 3037 3037 3037 3037 3037 3037 3064 3064 3092 3092 3120 3120 3120 3120 3149 3149 3149 3149 3149 2450 2450 2467 2485 2485 2485 2503 2503 2503 2503 2503 2522 2522 2522 2522 2541 2541 2541 2541 2560 2560 2560 2560 2560 2560 2579 2579 2579 2598 2598 2598 2618 2639 2659 3208 3238 3238 3238 3269 3269 3300 3300 3269 3269 3269 3300 3300 3333 3333 3333 3333 2317 2317 2333 2432 2212 2212 2226 2241 2365 2170 2170 2170 2184 2198 2198 2212 2212 2256 2256 2212 2198 2184 2184 2184 2226 2226 2226 2212 2212 2212 2212 2212 2212 2184 2184 2170 2170 2170 2170 2170 2198 2212 2226 2241 2241 2226 2198 2170 2156 2156 2156 2156 2170 2170 2184 2184 2170 2170 2184 2198 2271 2286 2286 2286 2271 2256 2256 2984 2984 2984 2933 2198 2198 2198 2212 2212 2212 2212 2212 2212 2212 2226 2226 2226 2241 2226 2226 2241 2241 2241 2256 2256 2256 2256 2241 2241 2256 2256 2256 2271 2271 2301 2317 2333 2744 2767 2789 2789 2812 2789 2789 1680 1680 1680 1680 1680 1688 1680 1680 2859 1639 1639 1639 1639 2859 2859 2859 2859 1496 1496 1496 1489 1477 1470 1464 1464 1452 1452 1445 1445 1433 1433 1433 1433 946 946 940 940 935 933 930 928 925 920 910 908 906 906 903 898 894 891 889 887 885 882 878 875 871 869 867 864 858 854 854 0
0 0 0 0 0 0 0 0 0 0 0 0 2767 2744 2744 2767 2789 2789 2789 2812 2812 2789 2767 2767 2767 2789 2789 2789 2767 2767 2767 2767 2767 2767 2767 2789 2789 2789 2789 2789 2618 2618 2598 2598 2598 2598 2598 2317 2317 2317 2333 2333 2333 2958 2958 2958 2958 2958 2933 2933 2958 2958 2958 2958 2958 2958 2958 2958 2984 3010 3037 3037 3037 3064 3064 3064 3064 3037 3037 3037 3037 3064 3064 3064 3064 3120 3120 3149 3149 3149 3149 3149 3149 3178 2485 2485 2485 2485 2485 2503 2503 2503 2503 2522 2522 2522 2522 2522 2560 2560 2541 2541 2560 2560 2560 2579 2579 2579 2579 2579 2579 2598 2618 2618 2639 2639 2639 3238 3269 3269 3269 3269 3269 3300 3300 3300 3300 3300 3300 3333 3333 3333 3333 2317 2317 2333 2365 2398 2212 2212 2226 2241 2241 2170 2170 2184 2198 2198 2198 2226 2226 2256 2256 2212 2198 2184 2184 2184 2226 2226 2226 2226 2226 2241 2241 2241 2226 2212 2212 2198 2198 2398 2398 2226 2226 2226 2226 2241 2256 2226 2184 2170 2156 2156 2156 2156 2170 2170 2184 2184 2184 2184 2184 2184 2256 2271 2286 2286 2212 2212 2184 2170 2156 2156 2156 2184 2198 2198 2198 2212 2198 2198 2198 2212 2212 2212 2212 2212 2226 2226 2226 2241 2241 2241 2241 2241 2241 2241 2241 2241 2256 2256 2256 2256 2256 2286 2301 2317 2333 1748 1731 1731 2812 2812 2812 1671 1671 1671 1680 1680 1663 1655 1655 1632 1616 1616 1616 1616 2859 2859 2883 1496 1496 1496 1496 1489 1477 1470 1464 1458 1452 1452 1445 1445 1433 1433 1433 1433 951 946 940 938 935 933 930 928 925 920 910 908 906 906 903 898 896 891 889 887 885 880 878 875 873 869 867 864 858 854 854 0
0 0 0 0 0 0 0 0 0 0 0 0 2767 2744 2744 2767 2789 2789 2789 2812 2812 2789 2767 2767 2767 2789 2789 2789 2767 2767 2767 2767 2767 2767 2767 2789 2789 2789 2789 2789 0 2579 2579 2579 2598 2598 2598 0 2317 2317 2333 2317 2317 2958 2958 2958 2958 2958 2958 2958 2958 2958 2958 2958 2958 2984 2984 2984 3010 3037 3037 3064 3064 3064 3064 3064 3037 3037 3037 3037 3037 3037 3064 3064 3064 3120 3120 3149 3149 3149 3149 3149 3178 3178 3178 3269 2503 2485 2485 2485 2503 2503 2522 2522 2522 2522 2522 2541 2560 2560 2560 2560 2560 2560 2579 2579 2579 2579 2598 2579 2579 2618 2618 2639 2639 2639 2639 3238 3269 3269 3269 3269 3269 3333 3333 3333 3333 3333 3333 3333 3333 3333 3333 2317 2317 2333 2365 2398 2212 2212 2226 2241 2241 2184 2184 2184 2198 2212 2212 2226 2226 2226 2212 2212 2198 2184 2170 2170 2226 2226 2226 2226 2241 2241 2256 2256 2256 2241 2241 2241 2398 2398 2398 2398 2226 2226 2212 2212 2212 2212 2184 2170 2170 2156 2156 2156 2170 2184 2184 2198 2184 2170 2156 2156 2170 2143 2143 2143 2156 2170 2170 2170 2156 2156 2156 2170 2184 2198 2198 2198 2184 2184 2198 2198 2212 2212 2212 2212 2198 2184 2184 2198 2212 1813 1813 1813 1813 2212 2212 2226 2241 2241 2241 2241 2256 1722 1722 2317 2317 1688 1671 1663 1655 1639 1639 1639 1647 1655 1671 1671 1663 1639 1632 1624 1616 1594 1586 1586 2883 2883 1503 1496 1496 1496 1496 1483 1477 1470 1464 1458 1452 1452 1445 1445 1439 1439 1439 948 948 948 943 938 935 933 930 925 925 920 910 908 906 906 903 896 896 891 889 887 885 880 878 875 873 869 867 867 860 849 849 0
0 0 0 0 0 0 0 0 0 0 0 0 2767 2767 2789 2789 2789 2789 2789 2789 2789 2789 2767 2767 2767 2789 2789 2789 2789 2767 2767 2767 2767 2767 2789 2789 2789 2789 2789 2789 0 2579 2579 2579 2598 0 0 0 2317 2317 2317 2317 2317 2933 2933 2933 2958 2958 2958 2958 2958 2958 2958 2958 2958 2984 2984 2984 3010 3037 3037 3064 3064 3064 3064 3064 3037 3037 3037 3037 3037 3037 3037 3037 3064 3092 3120 3149 3149 3149 3149 3149 3178 3178 3208 3269 3269 2485 2485 2485 2485 2503 2522 2522 2522 2522 2541 2541 2560 2560 2560 2560 2560 2560 2579 2579 2579 2598 2598 2598 3238 2639 2639 2639 2639 2639 3238 3238 3269 3269 3269 3269 3269 3333 3333 3333 3333 3333 3333 3300 3300 3333 3399 2317 2317 2333 2365 2398 2212 2212 2226 2241 2241 2184 2184 2184 2198 2212 2226 2226 2226 0 2212 2212 2198 2184 2170 2170 2212 2226 2226 2226 2226 2271 2271 2271 2271 2256 2256 2256 2415 2398 2398 2398 2226 2226 2212 2212 2212 2198 2198 2184 2170 2170 2170 2170 2170 2184 2198 2198 2170 2156 2156 2156 2156 2143 2143 2143 2156 2143 2143 2143 2143 2143 2143 2156 2156 2156 2170 2170 2170 2170 1904 1904 1904 1894 1883 1873 1863 1863 1843 1823 1813 1804 1804 1804 1794 1776 1766 1757 1757 1748 1739 1713 1713 1713 1705 1688 1688 1680 1663 1655 1639 1632 1624 1624 1632 1632 1632 1624 1609 1601 1601 1594 1579 1579 1557 1557 1523 1516 1503 1496 1496 1496 1489 1477 1477 1470 1464 1464 1452 1452 1445 1445 1439 1439 1439 948 948 948 943 940 935 935 930 925 923 920 910 910 908 906 906 896 896 894 891 889 887 882 880 875 871 871 871 871 873 839 839 0
0 0 0 0 0 0 0 0 0 0 0 0 2767 2767 2789 2789 2789 2789 2789 2789 2789 2767 2767 2767 2767 2789 2789 2789 2789 2767 2767 2767 2767 2767 2789 2789 2789 2789 2812 2835 0 0 0 0 0 0 0 0 2317 2317 2317 2317 2333 2333 2333 2933 2958 2958 2958 2958 2958 2958 2958 2958 2958 2984 2984 2984 3010 3037 3037 3064 3064 3064 3064 3064 3037 3037 3037 3037 3037 3037 3037 3037 3064 3092 3120 3149 3149 3149 3149 3178 3178 3178 3208 3208 3399 3399 2485 2485 2485 2503 3300 3300 3269 2541 2541 2541 2579 2560 2560 2560 2579 2579 2579 2598 2598 3269 3269 3238 3238 3238 2639 2639 2639 2659 3238 3238 3269 3269 3269 3269 3269 3333 3333 3333 3333 3333 3333 3300 3300 3333 3333 2317 2317 2333 2365 2198 2198 2212 2226 2256 2256 2639 2184 2184 2212 2226 2226 2226 0 0 2212 2212 2212 2198 2184 2184 2212 2226 2226 2226 2226 2271 2271 2271 2271 2271 2271 2271 2618 2618 2398 2398 2432 2432 2503 2522 2522 2198 2198 2212 2198 2184 2184 2184 2198 2198 2184 2170 2170 2156 2156 2156 2156 2143 2143 2143 2143 2143 2143 2143 2129 2129 2143 2143 2116 2116 2143 2156 2156 1904 1904 1904 1894 1883 1873 1863 1853 1853 1833 1823 1813 1804 1794 1794 1785 1776 1766 1757 1748 1739 1722 1713 1705 1705 1696 1688 1680 1671 1663 1647 1639 1632 1624 1616 1616 1616 1609 1594 1594 1586 1586 1572 1572 1557 1550 1550 1523 1516 1503 1496 1496 1496 1489 1477 1477 1470 1470 1464 1458 1452 1445 1445 1433 1433 1433 948 948 948 946 943 935 935 930 925 923 918 913 910 910 906 906 898 898 896 894 891 891 887 882 875 871 871 871 873 835 835 837 0
0 0 0 0 0 0 0 0 0 0 0 0 2767 2767 2789 2789 2789 2789 2767 2767 2767 2767 2767 2767 2767 2789 2789 2789 2789 2789 2767 2767 2767 2767 2789 2789 2789 2812 2812 2812 0 0 0 0 0 0 0 0 2317 2317 2317 2333 2333 2333 2333 2933 2958 2958 2958 2933 2933 2933 2958 2958 2958 2984 3010 3010 3037 3037 3037 3064 3064 3064 3064 3064 3064 3037 3037 3037 3037 3037 3064 3064 3064 3120 3149 3149 3178 3178 3178 3178 3149 3149 3149 3149 3399 3399 3333 3300 3300 3300 3300 3300 3269 3238 3238 2579 2579 2579 2579 2579 2579 2579 2579 3269 3269 3269 3269 3238 3238 3300 2639 2639 2639 2659 3238 3238 3269 3269 3269 3269 3269 3333 3333 3333 3333 3333 3333 3300 3300 3333 3333 2333 2333 2349 2365 2198 2198 2212 2226 2241 2541 2541 2598 2226 2226 2226 2241 2241 0 0 2212 2212 2212 2212 2198 2198 2226 2241 2271 2271 2271 2271 2271 2271 2286 2271 2271 2639 2618 2618 2598 2432 2432 2432 2503 2522 2522 2522 2286 2226 2226 2226 2198 2198 2198 2184 2170 2170 2156 2156 2156 2143 2129 2129 2116 2116 2116 2090 2090 2103 2116 2129 2129 2143 2116 1936 1926 1904 1904 1904 1894 1894 1883 1873 1863 1863 1853 1843 1833 1823 1813 1804 1794 1785 1776 1766 1757 1748 1748 1731 1722 1713 1705 1696 1688 1680 1680 1663 1655 1647 1639 1632 1624 1616 1616 1609 1601 1594 1586 1586 1579 1572 1564 1550 1550 1543 1523 1523 1509 1503 1496 1496 1489 1477 1477 1470 1470 1464 1458 1445 1439 1433 1427 1427 1439 1439 948 946 943 943 935 935 930 925 923 918 915 910 910 910 910 903 901 901 908 908 906 903 903 906 0 0 0 0 835 835 837 0
0 0 0 0 0 0 0 0 0 0 0 0 2767 2767 2767 2789 2789 2789 2767 2767 2767 2767 2767 2789 2789 2789 2789 2789 2789 2789 2767 2767 2767 2789 2789 2789 2789 2789 2812 2812 0 0 0 0 0 0 0 0 2317 2317 2317 2333 2333 2349 2349 2958 2958 2958 2958 2933 2933 2933 2958 2958 2958 2984 3010 3037 3037 3037 3064 3064 3064 3064 3064 3064 3064 3064 3064 3064 3064 3064 3092 3092 3120 3149 3149 3149 3178 3178 3178 3178 3149 3149 3149 3178 3365 3365 3333 3300 3300 3300 3300 3269 3238 3208 3208 3238 3269 3269 3269 3269 3269 3269 3269 3269 3269 3269 3269 3238 3238 3300 2639 2639 2639 2659 3238 3269 3269 3269 3269 3269 3269 3333 3333 3333 3333 3333 3333 3333 3333 3333 3333 2333 2333 2349 2170 2170 2198 2212 2226 2241 2541 2541 2598 2241 2241 2256 2256 2256 0 0 0 2198 2198 2198 2198 2212 2241 2256 2271 2271 2271 2301 2301 2286 2286 2286 2618 2618 2618 2618 2598 2541 2450 2450 2503 2522 2522 2522 2286 2271 2241 2241 2226 2212 2198 2170 2156 2156 2156 2156 2156 2143 2129 2116 2103 2078 2065 2053 2028 2016 1993 1959 1959 1959 1947 1936 1926 1904 1904 1894 1883 1883 1873 1873 1863 1853 1833 1833 1823 1823 1804 1794 1785 1785 1776 1766 1757 1748 1731 1722 1713 1713 1705 1696 1688 1680 1671 1663 1655 1647 1639 1624 1624 1616 1609 1601 1594 1594 1586 1586 1572 1564 1564 1550 1543 1536 1523 1516 1509 1503 1496 1496 1483 1477 1477 1470 1470 1464 1458 1445 1433 1433 1427 1427 1433 1433 948 943 943 943 935 935 933 928 925 920 918 910 910 910 910 913 915 915 918 918 918 913 913 913 0 0 0 0 0 0 0 0
0 0 0 0 0 0 0 0 0 0 0 0 2789 2767 2767 2767 2789 2789 2789 2767 2767 2767 2767 2789 2789 2789 2789 2789 2789 2789 2767 2767 2767 2789 2789 2789 2789 2789 2789 2812 0 0 0 0 0 0 0 0 2317 2317 2317 2333 2333 2349 2933 2958 2958 2958 2958 2958 2958 2958 2958 2958 2958 2984 3010 3037 3037 3037 3037 3037 3064 3064 3064 3064 3064 3064 3064 3064 3064 3064 3120 3120 3120 3149 3149 3149 3178 3178 3178 3178 3178 3178 3178 3178 3399 3365 3333 3300 3300 3300 3300 3269 3238 3208 3208 3238 3269 3269 3269 3269 3269 3300 3300 3300 3269 3269 3269 3269 3269 3300 2659 2639 2639 2639 3238 3269 3269 3269 3269 3300 3300 3333 3333 3333 3333 3333 3333 3333 3333 3333 3365 3365 2365 2365 2170 2170 2198 2226 2241 2241 2618 2618 2618 2241 2241 2256 2256 2256 0 0 0 2198 2198 2198 2198 2212 2241 2256 2271 2271 0 2301 2301 2301 2301 2301 2618 2618 2618 2618 2598 2560 2485 2485 2522 2522 2522 2333 2317 2286 2256 2241 2226 2212 2184 2156 2156 2143 2143 2143 2129 2129 2116 2116 2103 2065 2053 2016 2016 2005 1981 1959 1947 1947 1947 1936 1926 1915 1904 1894 1883 1883 1873 1863 1853 1843 1833 1833 1813 1804 1794 1794 1766 1757 1757 1757 1757 1722 1722 1722 1713 1713 1705 1688 1680 1671 1663 1655 1655 1639 1639 1624 1624 1616 1609 1601 1594 1594 1586 1586 1572 1564 1564 1550 1543 1536 1523 1516 1509 1503 1496 1496 1483 1477 1477 1470 1464 1458 1452 1445 1433 1433 1427 1427 1427 1427 943 943 940 940 935 935 933 928 925 920 915 910 910 910 910 913 915 918 920 920 920 923 923 925 0 0 0 0 0 0 0 0
0 0 0 0 0 0 0 0 0 0 0 0 2789 2767 2767 2767 2789 2789 2789 2767 2767 2767 2767 2767 2767 2789 2789 2789 2789 2789 2767 2767 2789 2789 2789 2789 2789 2789 2789 2789 0 0 0 0 0 0 0 0 2317 2317 2317 2333 2333 2933 2933 2958 2958 2958 2958 2958 2958 2958 2958 2958 2984 3010 3037 3037 3037 3064 3037 3037 3037 3064 3064 3064 3064 3064 3064 3064 3064 3092 3120 3120 3120 3120 3149 3149 3178 3178 3178 3208 3178 3178 3178 3178 3399 3365 3300 3300 3300 3300 3300 3269 3238 3208 3208 3238 3269 3269 3269 3269 3269 3300 3333 3333 3269 3269 3269 3269 3300 2680 2659 2659 2639 2639 3269 3269 3269 3269 3269 3300 3300 3333 3333 3333 3333 3333 3365 3333 3333 3365 3365 3365 2365 2365 2170 2170 2212 2226 2241 2241 2598 2598 2618 2256 2256 2301 2333 2349 0 0 0 2198 2198 2184 2184 2212 2241 2241 2256 2256 2241 2317 2317 2317 2333 2349 2618 2639 2639 2639 2598 2560 2522 2522 2541 2541 2541 2333 2333 2317 2256 2241 2226 2212 2184 2156 2156 2143 2129 2116 2116 2116 2103 2103 2090 2065 2053 2016 2016 2005 1981 1959 1947 1947 1936 1926 1915 1915 1904 1894 1873 1873 1863 1853 1843 1833 1823 1813 1813 1794 1794 1785 1757 1757 1757 1748 1748 1722 1722 1713 1713 1713 1696 1688 1680 1671 1655 1655 1647 1639 1632 1624 1624 1616 1609 1609 1601 1586 1586 1586 1564 1564 1564 1550 1536 1529 1523 1509 1503 1503 1496 1489 1483 1477 1470 1470 1464 1458 1452 1445 1439 1433 1427 1427 1427 1427 943 943 940 940 938 938 933 930 928 920 915 910 910 913 913 913 915 918 923 925 928 928 928 928 0 0 0 0 0 0 0 0
0 0 0 0 0 0 0 0 0 0 0 0 2767 2767 2767 2789 2789 2789 2789 2789 2767 2767 2767 2767 2767 2789 2789 2789 2789 2789 2789 2789 2789 2789 2789 2789 2789 2789 2789 2789 2812 0 0 0 0 0 0 0 2317 2317 2317 2333 2333 2933 2933 2958 2958 2958 2958 2958 2958 2958 2984 2984 2984 3010 3037 3037 3037 3037 3037 3037 3037 3064 3064 3064 3064 3064 3064 3064 3092 3092 3092 3120 3120 3120 3149 3149 3178 3178 3178 3208 3178 3178 3178 3178 3333 3333 3300 3300 3300 3300 3269 3238 3238 3238 3238 3269 3269 3269 3269 3269 3300 3300 3333 3333 3269 3269 3269 3269 3300 2680 2659 2659 2659 2659 3269 3269 3269 3300 3300 3300 3300 3333 3333 3333 3333 3333 3365 3365 3365 3365 3365 3365 3365 2184 2184 2184 2212 2226 2241 2381 2579 2579 2618 2256 2256 2317 2333 2333 0 0 0 2198 2198 2184 2184 2212 2241 2241 2226 2226 2241 2241 2333 2333 2349 2349 2639 2639 2639 2639 2618 2598 2541 2541 2560 2579 3365 3399 2349 2349 2256 2226 2212 2212 2198 2170 2156 2143 2129 2116 2116 2116 2103 2103 2078 2053 2053 2028 2016 2005 1981 1959 1959 1947 1936 1915 1915 1904 1904 1894 1873 1863 1863 1853 1843 1833 1823 1813 1804 1794 1794 1785 1757 1757 1757 1748 1748 1722 1722 1713 1713 1705 1696 1688 1680 1671 1655 1655 1647 1639 1632 1624 1624 1616 1609 1609 1594 1586 1586 1586 1564 1564 1564 1543 1536 1529 1523 1509 1503 1503 1496 1489 1483 1477 1470 1470 1464 1464 1452 1445 1439 1439 1433 1427 1427 1427 951 943 943 943 938 935 933 930 930 920 915 915 913 913 913 915 915 920 923 925 928 928 928 930 0 0 0 0 0 0 0 0
0 0 0 0 0 0 0 0 0 0 0 0 2767 2767 2767 2789 2789 2812 2789 2789 2767 2767 2767 2767 2767 2789 2789 2789 2789 2789 2789 2789 2789 2789 2789 2789 2789 2789 2812 2812 2812 2835 0 0 0 0 0 0 2317 2317 2333 2333 2333 2958 2958 2958 2958 2958 2958 2958 2958 2984 2984 2984 3010 3037 3037 3037 3037 3037 3037 3037 3037 3037 3037 3064 3064 3064 3064 3064 3092 3092 3092 3120 3120 3120 3149 3149 3178 3178 3208 3178 3178 3208 3208 3208 3300 3300 3300 3300 3300 3300 3269 3238 3238 3238 3238 3269 3300 3269 3269 3269 3300 3300 3333 3333 3300 3300 3300 3300 3269 2659 2659 2659 2659 2659 2659 3269 3300 3300 3300 3300 3300 3333 3333 3333 3333 3333 3365 3365 3365 3365 3365 3365 3399 2226 2184 2184 2212 2226 2256 2381 2579 2579 2618 2639 2317 2317 2333 2333 0 0 0 2212 2212 2198 2198 2212 2241 2241 2226 2226 2241 0 2333 2333 2365 2365 2680 2659 2659 2639 2639 2618 2598 2598 3399 3365 3365 3399 3399 2598 2212 2212 2212 2212 2198 2184 2156 2143 2129 2116 2116 2116 2103 2078 2065 2053 2053 2040 2016 2005 1981 1959 1959 1947 1936 1915 1915 1904 1894 1883 1873 1863 1863 1853 1843 1833 1823 1813 1804 1794 1785 1776 1757 1757 1757 1748 1748 1722 1722 1713 1713 1705 1688 1688 1680 1671 1663 1655 1647 1639 1632 1624 1624 1616 1609 1609 1594 1594 1586 1586 1564 1564 1557 1543 1536 1529 1516 1509 1503 1503 1496 1489 1483 1477 1470 1470 1464 1464 1452 1445 1445 1439 1439 1439 1439 948 948 948 946 946 938 935 935 933 930 918 918 915 913 913 915 915 915 920 923 925 928 928 928 930 0 0 0 0 0 0 0 0
0 0 0 0 0 0 0 0 0 0 0 0 2767 2767 2767 2789 2789 2789 2789 2789 2767 2767 2767 2767 2767 2789 2789 2789 2789 2789 2789 2789 2789 2789 2789 2789 2789 2789 2812 2812 2835 2835 0 0 0 0 0 0 2333 2333 2333 2333 2301 2301 2984 2958 2958 2958 2958 2958 2958 2984 2984 3010 3010 3037 3037 3037 3037 3037 3037 3037 3037 3037 3037 3064 3064 3064 3092 3092 3092 3092 3092 3120 3149 3149 3149 3178 3178 3178 3208 3178 3178 3208 3269 3269 3300 3300 3300 3300 3300 3300 3300 3269 3238 3238 3238 3269 3300 3269 3269 3269 3300 3333 3333 3333 3300 3300 3300 3300 3269 2659 2639 2639 2659 2639 2639 3300 3300 3300 3300 3300 3333 3333 3333 3333 3365 3365 3365 3365 3365 3399 3399 3399 3399 2226 2226 2226 2226 2271 2365 2381 2598 2598 2618 2639 2659 0 0 0 0 0 0 2241 2226 2226 2226 2226 2241 2241 2241 2241 2241 2241 2415 2415 2415 2680 2701 2701 2701 2680 2639 2639 2639 2639 3399 3365 3365 2598 2598 2598 2618 2212 2212 2198 2198 2184 2170 2143 2129 2116 2116 2103 2090 2078 2065 2040 2040 2028 2016 2005 1981 1959 1959 1947 1936 1915 1915 1904 1894 1883 1873 1863 1853 1853 1843 1833 1823 1813 1804 1794 1785 1776 1757 1757 1757 1748 1748 1722 1722 1713 1713 1696 1688 1688 1680 1671 1663 1655 1647 1639 1632 1624 1624 1616 1616 1601 1594 1586 1586 1579 1572 1564 1557 1543 1536 1529 1516 1509 1509 1503 1503 1496 1489 1477 1477 1470 1470 1464 1452 1445 1445 1439 1439 1439 1439 1439 948 948 948 943 938 935 935 933 930 918 918 915 915 915 915 918 920 920 925 928 928 930 930 0 0 0 0 0 0 0 0 0
0 0 0 0 0 0 0 0 0 0 0 0 2767 2767 2789 2789 2789 2789 2789 2789 2767 2767 2767 2767 2767 2789 2789 2789 2789 2789 2789 2789 2789 2812 2812 2789 2789 2789 2812 2835 2835 2835 2883 2883 2883 2883 2883 0 2333 2333 2333 2317 2301 2301 2958 2958 2958 2984 2958 2958 2958 2984 2984 3010 3010 3037 3037 3037 3037 3037 3037 3064 3064 3064 3064 3064 3064 3064 3092 3092 3092 3092 3120 3149 3149 3149 3149 3178 3178 3178 3178 3208 3208 3238 3238 3300 3300 3300 3300 3300 3300 3333 3300 3269 3238 3238 3238 3269 3300 3269 3269 3300 3300 3365 3365 3365 3365 3333 3333 3300 3269 3269 2639 2639 2659 2639 2639 3300 3333 3300 3300 3300 3333 3365 3365 3365 3365 3365 3365 3365 3365 3399 3399 3399 3399 3433 3433 2301 2301 2333 2365 2381 2618 2618 2618 2639 2659 0 0 0 0 0 0 0 0 0 0 2256 2256 2256 2226 2226 2226 0 2467 2467 2467 2680 2701 2701 2701 2701 2659 2659 2639 2639 3399 3399 3399 2598 2598 2598 2618 2659 2212 2198 2198 2184 2170 2143 2129 2116 2103 2103 2090 2078 2065 2040 2040 2016 2005 2005 1981 1959 1959 1947 1936 1926 1915 1904 1894 1883 1873 1863 1853 1853 1843 1833 1823 1813 1804 1794 1785 1776 1757 1757 1757 1748 1748 1731 1722 1713 1713 1696 1688 1688 1680 1680 1663 1655 1647 1639 1632 1624 1624 1616 1616 1601 1594 1586 1586 1579 1572 1564 1557 1550 1536 1536 1523 1516 1509 1509 1503 1496 1489 1483 1477 1477 1470 1464 1458 1452 1445 1445 1445 1439 1439 1439 948 948 948 940 938 935 935 935 930 920 918 918 918 918 918 918 920 920 925 928 930 930 933 0 0 0 0 0 0 0 0 0
0 0 0 0 0 0 0 0 0 0 0 0 2767 2767 2789 2789 2789 2789 2789 2789 2789 2767 2767 2767 2767 2789 2789 2789 2789 2789 2789 2789 2789 2789 2789 2789 2789 2812 2835 2835 2859 2859 2883 2883 2883 2883 2883 2883 2333 2333 2333 2317 2317 2933 2958 2958 2958 2958 2958 2958 2958 2984 2984 3010 3010 3037 3037 3037 3037 3037 3064 3064 3064 3064 3064 3064 3092 3092 3092 3092 3092 3092 3120 3149 3149 3149 3149 3178 3178 3178 3178 3208 3208 3238 3238 3300 3300 3300 3333 3333 3333 3333 3333 3269 3238 3238 3238 3269 3300 3269 3269 3269 3300 3365 3365 3399 3399 3365 3333 3300 3269 3269 2639 2639 2659 2618 2618 3269 3300 3300 3333 3333 3365 3365 3365 3365 3365 3365 3365 3365 3365 3365 3399 3399 3399 3399 3433 3433 2333 2333 2365 2381 2598 2598 2618 2639 2659 0 0 0 0 0 0 0 0 0 0 2256 2256 2256 2226 2226 2226 0 2485 2485 2485 2680 2701 2701 2701 2701 2701 2701 3399 3399 3399 3399 3399 2618 2618 2618 2639 2659 2212 2198 2198 2184 2170 2143 2129 2116 2103 2103 2090 2078 2065 2040 2040 2016 2005 2005 1981 1959 1959 1947 1936 1926 1915 1904 1894 1883 1873 1863 1853 1853 1843 1833 1833 1813 1804 1794 1785 1785 1766 1757 1757 1757 1748 1722 1713 1713 1713 1696 1688 1688 1680 1680 1671 1655 1655 1639 1632 1624 1624 1616 1616 1601 1594 1594 1586 1586 1572 1564 1557 1543 1536 1536 1523 1523 1516 1509 1503 1496 1489 1483 1477 1470 1470 1464 1458 1452 1445 1445 1439 1439 1439 948 948 948 946 940 938 935 935 933 930 920 918 918 918 918 918 918 920 920 925 928 930 933 935 940 0 0 0 0 0 0 0 0
0 0 0 0 0 0 0 0 0 0 0 0 2767 2767 2789 2789 2789 2789 2789 2789 2789 2789 2789 2789 2789 2789 2789 2789 2789 2789 2789 2789 2789 2789 2789 2789 2789 2812 2835 2835 2859 2859 2883 2883 2859 2859 2859 2859 2333 2333 2333 2317 2317 2933 2958 2958 2958 2958 2933 2933 2958 2984 2984 2984 3010 3037 3037 3037 3037 3064 3064 3064 3064 3064 3064 3064 3092 3092 3092 3092 3120 3120 3149 3149 3149 3149 3149 3178 3178 3178 3178 3208 3238 3238 3238 3333 3333 3333 3300 3300 3333 3333 3300 3208 3208 3208 3208 3269 3300 3269 3269 3269 3300 3333 3333 3399 3399 3365 3333 3300 3269 3269 2659 2659 2659 2598 2598 3269 3300 3300 3333 3333 3365 3365 3365 3365 3365 3365 3365 3365 3365 3365 3399 3399 3399 3399 3399 3399 3399 2560 2560 2560 2598 2598 2618 2659 2659 0 0 0 0 0 0 0 0 0 0 0 0 2859 0 2767 2744 2723 2723 2723 2701 2701 2701 2701 2701 2701 2701 2701 3399 3399 3433 3399 3399 2618 2618 2639 3333 3333 2212 2198 2184 2170 2170 2156 2143 2116 2103 2103 2090 2090 2065 2040 2040 2016 2005 2005 1981 1970 1959 1947 1936 1926 1915 1915 1904 1894 1883 1873 1863 1853 1843 1833 1833 1823 1804 1794 1785 1785 1766 1757 1757 1757 1748 1722 1713 1713 1713 1705 1696 1688 1680 1680 1671 1663 1655 1647 1639 1632 1624 1624 1616 1601 1594 1594 1586 1586 1572 1564 1557 1543 1536 1536 1523 1523 1516 1516 1503 1503 1489 1483 1477 1470 1470 1464 1458 1452 1445 1445 1439 1427 1427 1427 948 948 946 940 938 935 935 933 930 920 918 918 918 918 918 918 920 923 925 928 930 933 938 940 0 0 0 0 0 0 0 0
0 0 0 0 0 0 0 0 0 0 0 0 2767 2767 2789 2789 2789 2789 2789 2789 2789 2789 2789 2789 2789 2789 2789 2789 2789 2789 2789 2789 2789 2789 2789 2789 2789 2812 2835 2835 2859 2859 2883 2883 2859 2859 2859 2859 2333 2333 2333 2333 2333 2680 2659 2659 2659 2659 2639 2639 2618 2618 2639 2639 2639 2659 2659 2659 3064 3064 3064 3064 3064 3064 3064 3064 3092 3092 3092 3092 3120 3120 3120 2618 2598 2598 2598 2579 2579 2579 3178 2560 2541 2541 2579 2579 2579 2579 2598 2618 2618 2598 2598 2598 2598 2598 3208 3269 3300 3269 3269 3269 3269 3269 3269 3399 3399 3365 3333 3333 3300 3300 2659 2659 2659 2598 2598 3300 3300 3333 3333 3333 3333 3365 3365 3365 3365 3365 3365 3365 3365 3365 3399 3399 3399 3399 3399 3399 2579 2560 2560 2560 2598 2618 2618 2639 2639 0 0 0 0 0 0 0 0 0 0 0 0 0 0 2767 2744 2723 2723 2723 2723 2723 2723 2723 2723 2723 2723 2723 3399 3399 3433 3433 3433 2639 2639 3333 3300 3300 3333 2198 2184 2170 2170 2156 2143 2116 2116 2103 2090 2090 2078 2040 2040 2016 2005 2005 1981 1970 1959 1947 1936 1926 1915 1915 1904 1894 1883 1873 1863 1853 1843 1833 1833 1823 1804 1794 1785 1785 1766 1757 1757 1757 1748 1739 1722 1722 1713 1705 1696 1688 1688 1680 1680 1671 1663 1655 1647 1639 1632 1624 1616 1609 1594 1594 1594 1586 1579 1564 1557 1550 1543 1536 1529 1523 1523 1516 1509 1503 1496 1483 1477 1477 1470 1470 1464 1458 1452 1445 1433 1427 1427 1427 948 948 948 943 940 935 935 933 930 920 918 918 918 918 918 920 923 923 925 928 930 930 933 938 938 943 940 940 0 0 0 0
0 0 0 0 0 0 0 0 0 0 0 0 2767 2767 2789 2789 2789 2812 2812 2789 2789 2767 2767 2767 2789 2789 2789 2789 2789 2789 2789 2789 2789 2789 2789 2789 2789 2812 2812 2835 2859 2859 2883 2883 2859 2859 2859 2859 2365 2365 2365 2365 2365 2659 2659 2659 2659 2659 2639 2639 2618 2618 2639 2639 2639 2659 2659 2659 2680 2680 2659 2659 2680 2680 2680 2680 2723 2701 2701 2639 2618 2598 2598 2598 2598 2598 2598 2579 2579 2579 2579 2560 2541 2541 2579 2560 2560 2579 2579 2598 2598 2598 2598 2598 2598 2598 2598 2598 2639 2659 3269 3269 3269 3269 3269 3365 3365 3365 3333 3333 3300 3300 2659 2659 2659 2659 3300 3300 3300 3300 3300 3333 3333 3365 3365 3365 3365 3365 3365 3365 3399 3399 3399 3399 3399 3399 3399 3399 2579 2579 2579 2579 2639 2639 2639 2639 2639 0 0 0 0 0 0 0 0 0 0 0 2859 2859 2859 2767 2744 2723 2723 2723 2723 2723 2723 2723 2723 2723 2723 3365 3365 3399 3399 3433 3433 3399 3365 3333 3300 3300 3300 3300 2184 2184 2170 2156 2143 2116 2116 2103 2090 2078 2065 2053 2040 2016 2016 2005 1981 1970 1959 1959 1947 1936 1926 1915 1904 1894 1883 1873 1873 1853 1843 1833 1833 1833 1813 1794 1794 1794 1776 1766 1757 1757 1757 1748 1731 1722 1713 1713 1705 1688 1688 1688 1680 1671 1671 1655 1655 1655 1647 1639 1632 1624 1609 1594 1594 1586 1586 1572 1564 1550 1550 1543 1529 1523 1523 1516 1509 1503 1496 1483 1477 1470 1470 1470 1464 1464 1458 1452 1433 1433 1433 948 948 948 948 943 940 935 935 930 930 920 918 918 918 918 918 920 923 925 925 928 930 930 933 938 946 943 940 940 0 0 0 0
0 0 0 0 0 0 0 0 0 0 0 0 2767 2767 2789 2789 2789 2812 2812 2789 2767 2767 2767 2767 2789 2789 2789 2789 2789 2789 2789 2789 2789 2789 2789 2789 2789 2812 2812 2835 2859 2859 2883 2883 2859 2859 2859 2859 2333 2333 2365 2365 2365 2639 2639 2659 2659 2659 2639 2639 2618 2618 2639 2639 2639 2659 2659 2680 2680 2680 2659 2659 2680 2680 2680 2680 2723 2701 2680 2639 2618 2598 2598 2598 2598 2598 2598 2579 2579 2579 2579 2579 2560 2560 2579 2560 2560 2579 2579 2598 2598 2598 2598 2579 2579 2598 2598 2598 2618 2659 2659 2659 2659 2701 2701 3365 3365 3365 3333 3333 3300 3300 2659 2659 2680 2680 3269 3269 3269 3300 3300 3333 3333 3365 3365 3365 3399 3399 3399 3399 3399 3399 3399 3399 3399 3399 3399 3399 3399 2598 2598 2639 2701 2659 2659 2639 2639 0 0 0 3433 3433 3433 3468 0 0 0 2812 2812 2812 2835 2812 2789 2789 2744 2744 2723 2723 2723 2723 2723 2723 2723 3365 3365 3399 3399 3433 3433 3399 3365 3333 3333 3333 3300 3300 2184 2184 2170 2156 2143 2116 2116 2103 2090 2078 2065 2053 2040 2016 2016 2005 1993 1970 1970 1959 1947 1936 1926 1915 1904 1904 1883 1883 1873 1863 1853 1833 1833 1833 1823 1813 1794 1794 1776 1776 1766 1757 1757 1748 1739 1731 1713 1713 1705 1696 1688 1688 1680 1680 1680 1663 1663 1655 1655 1655 1647 1639 1624 1616 1601 1594 1586 1572 1572 1557 1550 1550 1536 1523 1523 1516 1509 1503 1496 1489 1477 1470 1470 1470 1470 1470 1464 1464 1433 1433 1433 951 951 951 948 946 940 935 935 930 930 920 918 918 918 918 918 920 925 928 928 928 930 933 938 940 943 946 948 908 908 910 910 0
0 0 0 0 0 0 0 0 0 0 0 0 2767 2767 2767 2789 2789 2812 2812 2789 2767 2767 2767 2767 2789 2789 2812 2789 2789 2789 2789 2789 2789 2789 2789 2789 2812 2835 2835 2835 2859 2859 2883 2883 2859 2859 2859 2301 2301 2333 2349 2365 2365 2639 2639 2639 2659 2659 2639 2639 2639 2639 2639 2639 2639 2659 2659 2680 2680 2680 2680 2680 2680 2680 2701 2723 2723 2701 2659 2618 2598 2598 2598 2598 2598 2598 2598 2579 2579 2579 2579 2579 2579 2579 2579 2560 2560 2579 2579 2579 2598 2598 2579 2579 2579 2579 2598 2598 2618 2639 2639 2659 2659 2701 2701 3365 3365 3365 3333 3333 3333 3333 2659 2659 2659 2680 3269 3269 3269 3300 3300 3333 3333 3365 3365 3365 3365 3365 3365 3399 3399 3399 3399 3399 3433 3433 3468 3468 3468 2701 2701 2701 2744 2744 2744 2744 2744 3399 3399 3399 3433 3433 3433 3468 3468 3468 3468 2812 2812 2812 2812 2812 2812 2812 2744 2744 2723 2723 2723 2723 2723 2723 2723 3433 3399 3399 3433 3433 3399 3399 3365 3333 3333 3333 3333 3333 3333 2184 2184 2170 2143 2129 2129 2116 2103 2090 2078 2065 2053 2040 2028 2005 1993 1993 1981 1959 1947 1947 1926 1915 1904 1904 1894 1883 1883 1873 1863 1843 1843 1833 1823 1823 1813 1804 1785 1785 1776 1757 1757 1748 1739 1739 1722 1713 1705 1696 1696 1688 1688 1680 1680 1671 1663 1663 1663 1655 1655 1647 1639 1632 1609 1594 1586 1579 1579 1564 1564 1557 1536 1529 1523 1523 1516 1509 1503 1496 1489 1483 1477 1470 1470 1470 1470 1470 1470 1470 1470 954 954 951 951 943 938 935 935 933 930 920 920 918 918 918 920 923 925 928 928 930 933 935 938 940 940 940 908 908 908 910 910 0
0 0 0 0 0 0 0 0 0 0 0 0 2767 2767 2767 2789 2789 2812 2812 2789 2767 2767 2767 2767 2789 2789 2812 2789 2789 2789 2789 2789 2789 2789 2789 2789 2812 2835 2835 2835 2859 2859 2883 2883 2883 2859 2859 2301 2301 2333 2349 2349 2349 2639 2639 2639 2659 2680 2659 2659 2659 2639 2639 2639 2639 2659 2659 2680 2680 2680 2680 2680 2680 2680 2701 2723 2701 2701 2659 2618 2598 2598 2598 2598 2598 2598 2598 2598 2579 2579 2579 2579 2579 2579 2560 2560 2560 2579 2579 2579 2598 2598 2579 2579 2579 2579 2598 2598 2618 2639 2639 2659 2659 2701 2701 3365 3365 3365 3333 3333 3333 2639 2639 2659 2659 2659 3269 3300 3300 3300 3300 3333 3365 3365 3365 3365 3365 3365 3365 3399 3399 3399 3399 3399 3433 3468 3468 3503 3503 2701 2701 2723 2767 2789 2789 2789 2812 3399 3399 3399 3433 3468 3468 3468 3468 3468 3468 2812 2812 2812 2812 2812 2835 2835 2723 2723 2723 2723 2723 2723 2723 2723 3433 3433 3433 3433 3433 3433 3399 3399 3365 3333 3333 3333 3333 3333 0 0 0 0 2143 2129 2129 2116 2103 2103 2090 2078 2053 2040 2040 2016 2005 2005 1993 1981 1970 1959 1947 1936 1915 1915 1904 1894 1883 1873 1873 1863 1853 1843 1833 1833 1823 1813 1794 1794 1785 1776 1766 1757 1748 1748 1731 1722 1713 1705 1696 1696 1688 1680 1680 1680 1671 1671 1663 1663 1663 1655 1655 1647 1639 1624 1601 1594 1579 1579 1579 1564 1543 1536 1536 1529 1523 1516 1503 1503 1489 1489 1477 1458 1458 1464 1470 1477 1477 1477 1477 954 954 951 951 943 938 935 935 933 930 923 920 920 918 918 920 923 925 928 930 930 933 935 938 938 938 938 938 910 910 913 913 0
0 0 0 0 0 0 0 0 0 0 0 0 2767 2767 2767 2789 2789 2812 2812 2812 2789 2767 2767 2767 2789 2812 2812 2812 2789 2789 2789 2789 2789 2789 2812 2812 2835 2835 2835 2859 2859 2859 2859 2859 2859 2859 2317 2317 2317 2333 2349 2349 2349 3037 3037 3037 2680 2680 2659 2659 2659 2639 2639 2639 2639 2659 2659 2680 2680 2723 2723 2680 2680 2701 2701 2723 2701 2701 2659 2639 2618 2618 2618 2618 2618 2598 2598 2598 2579 2579 2579 2579 2579 3300 3300 2579 2579 2579 2598 2598 2579 2579 2579 2579 2579 2598 2598 2598 2618 2639 2639 2639 2639 2701 2701 3365 3365 3365 3300 3300 3300 2639 2639 2659 2659 2659 3269 3300 3300 3333 3333 3333 3365 3365 3365 3365 3365 3365 3365 3399 3399 3399 3399 3399 3433 3468 3468 3503 3503 2701 2701 2723 2767 2789 2812 2812 2812 3399 3399 3399 3433 3468 3468 3503 3503 3503 3503 2812 2812 2812 2812 2835 2835 3120 2723 2723 2723 2723 2723 2723 2723 2723 3433 3433 3433 3433 3433 3433 3399 3365 3365 3365 3365 3333 3333 0 0 0 0 0 0 0 2143 2116 2116 2103 2090 2078 2065 2053 2040 2028 2005 2005 1993 1993 1981 1970 1959 1947 1947 1926 1915 1904 1894 1883 1883 1873 1863 1853 1843 1833 1833 1823 1804 1794 1794 1794 1785 1766 1757 1757 1739 1731 1722 1713 1705 1705 1696 1688 1688 1680 1680 1680 1671 1671 1671 1663 1655 1655 1655 1647 1632 1609 1586 1586 1579 1572 1557 1543 1543 1536 1529 1516 1509 1503 1496 1489 1477 1458 1458 1464 1470 1477 1483 1483 1483 954 954 951 951 940 938 935 935 933 930 925 920 920 918 918 920 923 925 928 930 930 933 938 938 938 933 920 918 913 913 913 913 0
0 0 0 0 0 0 0 0 0 0 0 0 2789 2789 2789 2812 2812 2835 2812 2812 2789 2789 2789 2789 2789 2812 2812 2812 2812 2812 2789 2789 2812 2812 2835 2835 2835 2835 2835 2859 2859 2859 2859 2859 2859 2859 2317 2317 2317 2333 2333 2333 3010 3010 3037 3037 3064 2984 2984 2958 2958 2958 2639 2639 2659 3037 3037 3037 3037 3064 3064 3064 3064 3092 3092 3092 3064 3064 3092 3092 3178 3178 3178 3178 3178 3178 3178 3149 3149 3300 3300 3333 3333 3300 3300 3300 3365 3365 3365 3365 2579 2579 2579 2579 2579 2598 2598 2618 2618 2639 2639 2639 2639 3269 3269 3365 3365 3365 3300 3300 3300 2639 2639 2659 2659 2659 3269 3300 3300 3333 3333 3333 3365 3365 3365 3365 3365 3365 3365 3399 3399 3399 3399 3399 3433 3433 3433 3503 3503 2659 2659 2723 2767 2789 2812 2812 2812 3433 3433 3433 3468 3468 3468 3503 3503 3503 3503 2812 2812 2812 2812 2835 2835 3120 2744 2744 2744 2723 2723 2723 2723 2723 3433 3433 3433 3433 3433 3399 3399 3365 3365 3365 3333 3333 3365 0 0 0 0 0 0 0 0 3333 3300 2103 2103 2090 2078 2078 2053 2053 2016 2005 1993 1993 1993 1981 1970 1959 1947 1936 1926 1915 1904 1904 1894 1894 1883 1863 1863 1843 1833 1833 1823 1813 1813 1813 1813 1813 1785 1776 1766 1757 1748 1731 1722 1722 1713 1696 1688 1680 1680 1680 1671 1671 1671 1671 1663 1663 1655 1655 1655 1632 1616 1609 1601 1586 1564 1557 1550 1543 1529 1523 1516 1509 1503 1503 1639 1632 1624 1624 1616 1609 1609 1609 0 954 954 951 951 940 938 938 935 933 930 925 925 920 918 918 920 923 925 928 930 930 933 938 938 938 933 920 918 918 915 913 913 0
0 0 0 0 0 0 0 0 0 0 0 0 2789 2789 2789 2812 2835 2835 2835 2812 2789 2789 2789 2789 2789 2789 2789 2812 2812 2812 2812 2812 2812 2835 2835 2812 2812 2835 2859 2859 2859 2859 2883 2883 2883 2883 2333 2333 2333 2333 2333 2333 2984 2984 3010 3010 3037 2984 2984 2958 2958 2958 3037 3037 3064 3037 3037 3037 3064 3064 3064 3064 0 3092 3092 3092 3064 3064 3092 3092 3178 3178 3178 3178 3178 3149 3149 3149 3178 0 3300 3300 3300 3300 3300 3300 3365 3365 3365 3365 3365 3365 3365 3208 3178 3178 3178 3178 3333 3333 3333 3300 3269 3269 3365 3365 3365 3365 3300 3300 3333 2639 2639 2659 2659 2659 3269 3269 3300 3333 3333 3333 3365 3365 3365 3365 3365 3365 3399 3399 3399 3399 3399 3399 3433 3433 3433 3503 2618 2618 2659 2723 2744 2767 2789 2812 2812 3433 3433 3433 3468 3468 3503 3503 3503 3503 2789 2789 2812 2812 2812 2835 2859 3120 2744 2744 2744 2744 2744 2744 2723 2723 3468 3468 3468 3433 3433 3399 3399 3399 3365 3365 3333 3333 3365 0 0 0 0 0 0 0 3300 3300 3300 3300 3269 3238 3208 3208 3208 3208 2198 2198 1993 1993 1993 1993 1993 1959 1959 1936 1926 1915 1915 1904 1904 1894 1883 1863 1863 1863 1833 1833 1833 1833 1823 1823 1823 1823 1804 1804 1804 1766 1757 1757 1757 1757 1853 1843 1833 1833 1823 1813 1804 1794 1794 1680 1671 1671 1663 1663 1663 1655 1639 1632 1616 1586 1572 1572 1557 1550 1529 1529 1639 1639 1639 1639 1639 1632 1624 1616 1609 1601 1601 1601 956 954 954 951 951 940 938 938 935 935 930 925 920 920 920 920 920 923 925 928 930 930 933 938 938 938 935 920 918 915 915 910 910 0
0 0 0 0 0 0 0 0 0 0 0 0 2789 2789 2812 2812 2812 2812 2835 2812 2789 2789 2789 2789 2789 2789 2789 2812 2812 2812 2812 2812 2812 2835 2812 2812 2812 2835 2859 2859 2859 2883 2883 0 2883 0 0 0 2349 2349 2349 2349 2984 2984 3010 3010 3037 3037 3010 2984 2984 2984 3010 3037 3037 3064 3064 3064 3064 3064 3064 3064 3064 3092 3092 3092 3064 3064 3092 3092 3149 3149 3149 3178 3178 3149 3149 3178 3178 0 3300 3300 3300 3300 3300 3300 3300 3365 3333 3333 3365 3365 3365 3208 3178 3178 3178 3399 3333 3333 3333 3300 3300 3333 3365 3365 3365 3365 3300 3300 3333 2659 2659 2659 2659 2659 3269 3269 3300 3333 3333 3333 3399 3399 3365 3365 3365 3365 3399 3399 3399 3399 3433 3433 3433 3433 3433 3503 2618 2618 2701 2723 2744 2767 2789 2812 2812 3433 3433 3468 3468 3468 3503 3503 3503 3503 2789 2789 2812 2812 2812 2835 2859 3092 2744 2744 2767 2767 2767 2767 2744 2744 3468 3468 3433 3433 3399 3399 3433 3399 3365 3365 3333 3333 3365 0 0 0 0 0 0 0 0 3300 3300 3300 3238 3208 3208 3178 3178 2226 2198 2198 2184 2170 2156 2156 2129 2129 2116 2103 2103 2090 2065 2040 1915 1894 1894 1873 1863 1863 1833 1833 1833 1833 1833 1833 1833 1833 1823 1823 1823 1843 1873 1873 1794 1794 1853 1843 1833 1833 1823 1823 1804 1794 1785 1776 1766 1757 1713 1705 1705 1705 1705 1705 1680 1680 1688 1680 1680 1671 1671 1663 1639 1639 1639 1632 1624 1616 1609 1609 1601 1586 1586 1586 956 956 956 951 951 943 940 938 938 938 928 925 920 920 920 920 920 925 925 928 930 933 935 938 938 938 935 920 920 915 915 910 910 0
0 0 0 0 0 0 0 0 0 0 0 0 2789 2789 2812 2812 2812 2812 2835 2812 2789 2789 2789 2789 2789 2812 2812 2812 2812 2812 2812 2812 2812 2812 2812 2812 2812 2835 2859 2859 2859 2883 2883 0 0 0 0 0 2365 2365 2381 2398 2984 2984 3010 3010 3037 3037 2984 2958 2958 2984 3010 3037 3037 3064 3064 3064 3064 3064 3064 3064 3064 3064 3092 3092 3092 3092 3120 3120 3149 3149 3149 3149 3178 3178 3178 3178 3178 3300 3300 3300 3269 3269 3269 3269 3269 3269 3333 3333 3333 3333 3333 3178 3178 3178 3178 3399 3399 3333 3333 3333 3333 3365 3365 3365 3365 3365 3365 3365 2659 2659 2659 2659 2680 2680 3269 3300 3333 3333 3333 3365 3399 3365 3365 3365 3399 3399 3399 3399 3399 3433 3433 3433 3433 3433 3433 3503 2659 2659 2701 2723 2744 2789 2789 2812 2812 3468 3468 3468 3468 3468 3503 3503 3503 2789 2789 2812 2812 2812 2812 2835 2859 3064 2723 2723 2744 2767 2767 2767 2744 2744 3468 3468 3433 3433 3399 3399 3433 3399 3399 3365 3333 3333 3365 0 0 0 0 0 0 0 3333 3300 3300 3269 3238 3208 3178 3178 2226 2226 2198 2198 2184 2170 2156 2143 2129 2129 2116 2103 2103 2090 2065 2040 2040 2040 2028 2016 2005 2005 1993 1993 1959 1947 1936 1936 1926 1915 1904 1883 1873 1873 1873 1873 1873 1863 1853 1843 1833 1833 1823 1813 1794 1785 1776 1766 1766 1757 1748 1731 1731 1731 1713 1705 1705 1696 1688 1671 1671 1671 1663 1663 1655 1647 1639 1632 1624 1616 1609 1609 1594 1586 1586 1586 956 956 956 954 951 943 940 938 938 938 928 925 923 920 920 920 923 925 928 930 930 935 938 938 940 938 935 928 923 915 913 910 910 0
0 0 0 0 0 0 0 0 0 0 0 0 2789 2789 2812 2812 2789 2789 2812 2812 2789 2789 2789 2789 2789 2812 2812 2812 2812 2812 2812 2789 2789 2812 2812 2812 2835 2835 2859 2859 2883 2883 0 0 0 0 0 0 2365 2365 2381 2398 2958 2984 2984 3010 3010 3010 2984 2958 2958 2984 3010 3037 3037 3064 3064 3064 3064 3064 3064 3064 3064 3064 3120 3120 3120 3120 3149 3149 3120 3120 3120 3120 3149 3149 3149 3178 3178 3300 3300 3269 3269 3269 3269 3269 3269 3269 3178 3178 3178 3149 3149 3149 3178 3178 3178 3399 3399 3333 3333 3333 3333 3365 3365 3365 3365 3365 3365 0 2701 2659 2659 2659 2680 2680 3269 3300 3333 3365 3365 3365 3399 3365 3365 3365 3365 3365 3399 3399 3399 3433 3433 3433 3433 3433 3433 2659 2659 2659 2701 2723 2767 2789 2789 2812 2812 3468 3468 3503 3468 3468 3468 3503 3503 2767 2767 2812 2835 2812 2812 2835 2883 2723 2723 2723 2744 2767 2767 2767 2744 2744 3468 3468 3468 3433 3433 3433 3468 3468 3468 3399 3365 3365 3365 0 0 0 0 0 0 0 3333 3300 3269 3238 3208 3208 3178 2226 2226 2212 2198 2198 2184 2156 2156 2143 2129 2116 2116 2103 2090 2090 2065 2053 2040 2040 2028 2016 2005 2005 1993 1981 1959 1959 1947 1947 1936 1915 1904 1904 1894 1883 1873 1873 1873 1863 1853 1843 1833 1833 1813 1804 1794 1785 1776 1766 1757 1748 1748 1739 1731 1722 1713 1705 1705 1696 1688 1671 1671 1671 1663 1663 1655 1647 1639 1632 1624 1616 1609 1601 1594 1586 1586 1586 1586 956 956 956 954 946 940 938 938 938 930 925 925 925 920 920 925 928 928 930 933 935 938 938 938 938 935 930 928 915 913 910 910 0
0 0 0 0 0 0 0 0 0 0 0 0 2812 2812 2812 2812 2789 2789 2812 2812 2812 2789 2789 2789 2789 2812 2812 2812 2812 2812 2812 2789 2789 2812 2812 2835 2835 2859 2859 2859 2883 2883 0 0 0 0 0 2381 2365 2365 2381 2381 2958 2984 2984 3010 2984 2984 2984 2984 2984 2984 3010 3037 3037 3064 3064 3064 3064 3064 3064 3064 3064 3092 3120 3120 3149 3149 3149 3149 3092 3092 3092 3120 3149 3149 3149 3178 3269 3300 3269 3269 3269 3269 3269 3300 3300 3300 3120 3120 3120 3120 3120 3149 3149 3178 3178 3399 3399 3333 3333 3333 3365 3365 3365 3365 3365 3365 3365 2701 2701 2701 2680 2680 2701 2701 3269 3300 3333 3365 3365 3365 3399 3365 3365 3365 3365 3365 3399 3399 3399 3399 3399 3399 3399 3433 2639 2639 2639 2659 2701 2723 2767 2812 2812 2812 2812 2835 3503 3503 3468 3468 3468 3503 3503 2767 2767 2812 2835 2812 2812 2835 2859 2723 2723 2723 2744 2744 2744 2767 2767 2789 3468 3468 3468 3468 3433 3433 3468 3468 3468 3503 3503 3399 3399 0 0 0 3333 3333 3300 3269 3269 3238 3238 3208 3208 3208 3208 2226 2226 2212 2198 2198 2184 2156 2143 2143 2129 2116 2116 2103 2090 2090 2053 2053 2040 2040 2028 2005 2005 2005 1993 1981 1970 1959 1947 1947 1947 1915 1915 1904 1904 1883 1873 1873 1873 1863 1863 1843 1833 1823 1813 1794 1794 1785 1776 1766 1757 1748 1739 1731 1731 1722 1713 1705 1705 1696 1688 1671 1671 1663 1663 1663 1655 1647 1639 1632 1624 1616 1609 1601 1594 1586 1586 1586 956 956 956 956 954 946 940 938 938 938 930 928 925 925 925 925 928 928 928 930 933 935 938 938 938 938 935 930 923 920 918 915 915 0
0 0 0 0 0 0 0 0 0 0 0 0 2789 2789 2789 2789 2835 2835 2812 2812 2812 2789 2789 2789 2789 2812 2812 2812 2812 2812 2812 2789 2789 2812 2835 2835 2859 2859 2859 2883 2883 2883 0 0 0 0 0 2381 2381 2381 2381 2365 2365 3010 3010 3010 2984 2984 2984 2984 2984 2984 3010 3037 3037 3064 3064 3064 3064 3064 3064 3092 3092 3120 3149 3149 3149 3149 3149 3149 3092 3092 3092 3120 3149 3178 3178 3238 3238 3269 3269 3269 3269 3269 3300 3300 3300 3300 3092 3092 3120 3120 3120 3120 3149 3037 3037 3037 3365 3333 3333 3333 3333 3365 3365 3365 3365 3365 3365 2701 2701 2701 2701 2701 2701 2701 3269 3333 3333 3365 3365 3365 3365 3365 3365 3365 3399 3399 3399 3399 3399 3399 3399 3399 3399 3468 2639 2639 2639 2659 2680 2744 2789 2812 2812 2812 2812 2812 3503 3503 3468 3468 3503 3503 3539 2789 2789 2812 2835 2835 2835 2835 2789 2723 2723 2744 2744 2744 2744 2767 2767 2789 3468 3468 3468 3468 3468 3468 3468 3468 3503 3503 3503 0 0 0 0 0 3300 3300 3300 3269 3269 3238 3238 3208 3208 3208 3208 2241 2226 2212 2198 2198 2170 2156 2143 2129 2129 2116 2103 2103 2090 2090 2053 2053 2040 2040 2028 2005 2005 1993 1993 1981 1959 1959 1959 1947 1947 1926 1915 1904 1904 1894 1873 1873 1873 1863 1863 1843 1833 1823 1813 1794 1794 1785 1776 1766 1757 1748 1739 1731 1731 1722 1713 1705 1696 1696 1680 1671 1671 1663 1663 1655 1647 1647 1639 1632 1624 1616 1616 1609 1594 1586 1586 1586 956 956 956 956 954 946 940 940 938 935 930 928 925 925 925 925 928 928 928 930 933 938 938 940 940 938 938 930 923 920 920 918 918 0
0 0 0 0 0 0 0 0 0 0 0 0 2789 2789 2789 2789 2835 2835 2835 2835 2812 2789 2789 2789 2789 2812 2812 2812 2812 2812 2812 2789 2789 2835 2835 2835 2835 2859 2859 2883 2883 2883 0 0 0 0 0 2381 2381 2381 2381 2365 2365 3037 3010 3010 3010 3010 3010 3010 3010 3037 3037 3037 3037 3064 3064 3064 3064 3092 3120 3120 3120 3149 3149 3149 3149 3149 3149 3149 3149 3149 3149 3149 3149 3178 3208 3208 3208 3269 3238 3238 3269 3269 3300 3300 3300 3092 3092 3092 3120 3120 3120 3120 3149 3037 3037 3037 3365 3333 3333 3333 3333 3365 3365 3365 3365 3433 3433 2659 2659 2680 2701 2701 2723 2723 3300 3333 3333 3365 3365 3365 3365 3365 3365 3365 3399 3399 3399 3399 3399 3399 3433 3433 3433 3503 2618 2618 2618 2659 2680 2744 2789 2812 2812 2812 2812 2812 3539 3576 3539 3539 3539 3539 2812 2812 2812 2812 2835 2835 2859 2835 2789 2744 2744 2767 2767 2767 2767 2767 2767 2789 3503 3503 3503 3503 3503 3503 3468 3468 3468 3468 3468 0 0 0 0 0 3300 3300 3300 3238 3238 3238 3269 3238 3238 3208 2226 2226 2226 2212 2198 2198 2170 2156 2143 2129 2129 2116 2103 2103 2090 2090 2053 2053 2028 2028 2016 2005 2005 1993 1993 1981 1959 1959 1959 1947 1936 1915 1915 1904 1904 1894 1883 1873 1873 1863 1853 1843 1833 1823 1813 1804 1794 1785 1785 1766 1757 1757 1748 1731 1731 1722 1713 1705 1696 1688 1680 1671 1671 1663 1663 1655 1647 1647 1639 1632 1624 1616 1616 1609 1594 1594 1594 956 956 956 956 956 956 943 940 940 938 935 930 928 925 925 925 925 925 928 928 930 933 938 940 940 940 938 938 933 925 920 920 920 920 0
0 0 0 0 0 0 0 0 0 0 0 0 2812 2812 2789 2789 2835 2835 2835 2835 2812 2789 2789 2789 2789 2812 2812 2835 2835 2835 2812 2812 2812 2835 2835 2835 2835 2859 2859 2883 2883 2883 0 0 0 0 0 2398 2381 2381 2381 2365 2365 3064 3010 3010 3010 3010 3010 3010 3010 3037 3037 3037 3037 3064 3064 3092 3092 3120 3120 3120 3120 3120 3149 3149 3149 3149 3149 3149 3149 3149 3149 3149 3178 3178 3208 3208 3208 3269 3238 3238 3269 3269 3300 3333 3333 3149 3149 3149 3149 3149 3149 3149 3149 3010 3010 3010 3300 3300 3300 3300 3333 3365 3365 3365 3365 3399 3399 2659 2659 2680 2680 2701 2701 2723 3365 3365 3365 3365 3365 3365 3365 3365 3365 3365 3399 3399 3399 3399 3399 3433 3433 3468 3468 3503 2579 2579 2618 2659 2701 2744 2789 2789 2812 2812 2835 3539 3539 3576 3576 3576 3576 3576 2812 2812 2812 2835 2835 2859 2859 2835 2789 2744 2744 2767 2744 2744 2744 2744 2744 2744 3539 3503 3503 3503 3503 3503 3468 3468 3468 3468 3468 0 0 0 0 0 3300 3300 3269 3238 3238 3238 3269 3238 3238 3238 2226 2226 2226 2212 2198 2184 2184 2156 2143 2143 2129 2116 2103 2103 2103 2090 2053 2040 2028 2028 2016 2005 2005 1993 1993 1981 1970 1970 1959 1947 1936 1915 1915 1904 1904 1894 1883 1873 1873 1863 1853 1843 1833 1823 1813 1804 1794 1785 1776 1776 1757 1757 1748 1739 1731 1722 1713 1705 1688 1688 1680 1680 1671 1663 1663 1655 1647 1647 1639 1632 1624 1616 1616 1609 1594 1594 1594 956 956 956 956 956 956 943 940 940 938 935 930 928 923 923 923 923 925 928 930 933 935 938 943 943 943 940 940 940 928 923 923 923 923 0
0 0 0 0 0 0 0 0 0 0 0 0 2812 2812 2812 2835 2859 2859 2859 2859 2835 2812 2789 2789 2789 2835 2835 2835 2835 2835 2812 2812 2812 2812 2835 2835 2835 2859 2859 2859 2883 0 0 2883 0 0 0 2398 2381 2365 2365 2381 2381 3037 3037 3037 3037 3037 3010 3010 3010 3010 3037 3037 3037 3064 3064 3092 3092 3120 3120 3120 3120 3120 3149 3149 3149 3149 3149 3149 3149 3149 3149 3149 3178 3178 3208 3238 3238 3269 3269 3269 3300 3300 3300 3333 3333 3178 3178 3149 3149 3149 3149 3149 3178 3010 3010 3010 3269 3269 3269 3269 3300 3365 3365 3365 3399 3399 3399 2680 2680 2680 2680 2701 2701 2701 3365 3365 3365 3365 3365 3365 3365 3365 3365 3365 3399 3399 3399 3399 3399 3433 3433 3433 3468 3503 2579 2579 2618 2659 2723 2744 2789 2789 2789 2812 2859 3539 3539 3576 3539 3539 3576 3576 2812 2812 2812 2835 2835 2859 2859 2859 2835 2744 2744 2767 2744 2744 2744 2744 2744 3614 3614 3539 3539 3503 3503 3503 3468 3468 3468 3468 3468 0 0 0 0 0 3300 3300 3269 3269 3238 3238 3238 3238 3238 3238 2226 2226 2241 2226 2198 2184 2156 2156 2143 2143 2129 2116 2103 2103 2090 2078 2053 2040 2028 2028 2016 2005 2005 1993 1993 1981 1970 1970 1959 1947 1936 1915 1915 1904 1904 1894 1883 1873 1863 1863 1843 1843 1833 1823 1813 1804 1794 1785 1776 1776 1766 1757 1748 1739 1731 1731 1713 1696 1680 1680 1688 1680 1671 1663 1663 1655 1647 1647 1639 1632 1624 1624 1616 1609 1601 1601 1601 956 956 956 956 956 954 946 943 940 938 935 930 928 923 923 923 923 925 928 930 933 935 940 943 946 946 943 940 940 930 928 923 923 923 0
0 0 0 0 0 0 0 0 0 0 0 0 2812 2812 2835 2835 2835 2835 2859 2859 2812 2812 2789 2789 2812 2835 2835 2859 2835 2835 2812 2812 2812 2812 2812 2835 2835 2859 2859 2859 2883 0 0 2883 2883 2883 0 2381 2381 2365 2365 2381 3037 3037 3037 3037 3037 3037 3037 3010 3010 3010 3037 3037 3064 3064 3064 3092 3120 3120 3120 3120 3120 3120 3149 3149 3149 3149 3149 3149 3149 3149 3149 3149 3178 3178 3208 3208 3269 3269 3269 3269 3300 3300 3300 3300 3300 3300 3178 3178 3178 3178 3178 3178 3178 3208 3208 3208 3208 3208 3208 3208 3269 3365 3365 3365 3399 3399 3399 2659 2659 2659 2680 2680 2659 2659 2659 3365 3365 3365 3365 3365 3365 3365 3365 3399 3399 3399 3399 3399 3399 3399 3433 3433 3468 2560 2560 2618 2659 2701 2744 2744 2767 2789 2789 3503 3539 3539 3539 3576 3539 3539 3576 3576 3539 2812 2812 2859 2859 2859 2859 2859 2812 2789 2789 2767 2744 2744 2767 2767 2767 3614 3614 3539 3539 3503 3468 3468 3468 3468 3468 3433 3433 0 3433 0 0 0 3300 3300 3269 3269 3238 3238 3238 3238 3238 3269 2241 2241 2226 2226 2198 2184 2156 2156 2143 2143 2129 2129 2116 2103 2090 2078 2053 2040 2040 2040 2028 2016 2005 1993 1993 1981 1970 1970 1959 1936 1926 1915 1915 1904 1904 1894 1883 1873 1863 1853 1843 1843 1833 1823 1813 1804 1794 1785 1776 1776 1766 1757 1748 1739 1731 1731 1713 1696 1680 1680 1688 1680 1671 1663 1655 1647 1639 1639 1632 1624 1624 1624 1616 1609 1609 1609 1609 959 959 959 956 956 954 946 943 938 938 935 930 928 925 925 925 925 928 930 930 933 938 940 943 946 948 946 938 938 933 933 925 925 925 0
0 0 0 0 0 0 0 0 0 0 0 0 2812 2812 2835 2835 2835 2835 2859 2859 2812 2812 2789 2789 2812 2835 2835 2835 2835 2835 2812 2812 2812 2812 2812 2835 2835 2859 2859 2859 2859 2908 2883 2883 2883 2883 2883 2381 2381 2381 2381 2415 3010 3064 3064 3064 3064 3037 3037 3010 3010 3010 3037 3037 3064 3064 3092 3092 3092 3120 3092 3092 3092 3092 3120 3120 3149 3149 3149 0 3149 3149 3149 3178 3178 3178 3208 3269 3269 3269 3269 3269 3269 3269 3269 3269 3269 3269 3269 3269 3178 3178 3178 3178 3178 3178 3178 0 3208 3208 3208 3208 3238 3269 3365 3399 3399 3399 3399 2659 2659 2659 2680 2680 2659 2639 2639 3365 3365 3399 3365 3365 3365 3365 3365 3399 3399 3399 3399 3399 3399 3399 3433 3433 3468 2560 2560 2618 2659 2701 2723 2744 2767 2767 3503 3503 3539 3539 3576 3576 3576 3576 3614 3614 3539 2859 2859 2859 2859 2859 2883 2859 2812 2789 2789 2767 2767 2767 2767 2789 3692 3614 3576 3576 3539 3503 3468 3468 3468 3468 3433 3433 3433 3433 3433 0 0 0 3300 3300 3300 3269 3238 3238 3238 3238 3238 3269 2241 2241 2226 2226 2198 2184 2156 2156 2143 2143 2129 2116 2116 2103 2090 2090 2053 2053 2040 2040 2028 2016 2005 2005 1993 1981 1970 1970 1947 1936 1926 1915 1915 1904 1894 1894 1873 1873 1863 1853 1843 1833 1833 1823 1813 1804 1785 1785 1776 1776 1766 1757 1739 1739 1731 1722 1713 1705 1705 1696 1680 1680 1671 1663 1655 1647 1639 1639 1632 1624 1624 1616 1616 1616 1609 1609 1609 962 962 962 956 956 954 948 943 938 938 935 933 928 928 928 928 928 928 930 930 935 938 940 943 946 948 951 938 935 933 933 928 928 928 0
0 0 0 0 0 0 0 0 0 0 0 0 2835 2835 2835 2835 2835 2859 2859 2835 2812 2812 2789 2789 2789 2835 2835 2835 2859 2835 2835 2835 2835 2835 2835 2835 2859 2859 2859 2859 2859 2908 2908 2883 2883 2883 2883 2365 2365 2381 2398 2415 3010 3064 3064 3064 3064 3037 3037 3010 3010 3010 3037 3037 3064 3064 3064 3092 3092 3120 3092 3092 3092 3092 3120 3120 3149 3149 3149 0 3149 3149 3149 3178 3178 3178 3208 3238 3238 3269 3269 3269 3269 3269 3269 3269 3238 3238 3269 3269 3269 3178 3178 3178 3178 3178 3178 3238 3208 3208 3208 3208 3238 3269 3399 3399 3399 3399 3399 2701 2701 2680 2680 2680 2680 2618 2618 3399 3365 3365 3399 3399 3399 3399 3399 3399 3399 3399 3399 3399 3468 3468 3468 3468 3503 2618 2618 2639 2659 2701 2723 2723 3539 3539 3539 3539 3539 3576 3576 3614 3576 3576 3614 3614 3614 2859 2859 2859 2859 2859 2883 2859 2812 2812 2789 2767 2767 2767 2789 2812 3692 3614 3576 3576 3539 3503 3503 3468 3468 3468 3433 3433 3399 3399 3399 0 0 0 3300 3269 3269 3269 3238 3238 3238 3238 3238 3269 2241 2241 2226 2226 2198 2184 2156 2156 2143 2143 2129 2116 2116 2103 2090 2090 2065 2053 2040 2040 2028 2016 2005 1993 1993 1981 1970 1959 1947 1936 1926 1915 1915 1904 1894 1883 1873 1873 1863 1853 1843 1833 1823 1823 1813 1804 1785 1785 1785 1776 1757 1757 1739 1739 1731 1722 1713 1705 1705 1696 1680 1680 1671 1663 1655 1647 1647 1639 1639 1624 1624 1616 1609 1609 1601 1601 1601 1601 962 962 959 959 954 948 946 940 938 935 930 928 928 928 928 928 928 930 930 935 938 940 943 948 948 951 938 935 935 933 930 928 928 0
0 0 0 0 0 0 0 0 0 0 0 0 2812 2812 2812 2835 2835 2859 2859 2812 2789 2789 2789 2789 2789 2835 2835 2835 2859 2835 2835 2835 2835 2835 2835 2859 2859 2859 2859 2859 2859 2859 2883 2883 2883 2883 2883 2365 2365 2381 2398 2398 3037 3037 3064 3064 3064 3064 3037 3037 3037 3037 3037 3037 3064 3064 3064 3092 3092 3120 3120 3120 3120 3120 3120 3120 3149 3149 0 0 3149 3149 3149 3178 3178 3178 3208 3238 0 0 3300 3300 3300 3269 3269 3269 3238 3238 3238 3010 3010 3178 3178 3178 3178 3178 3178 3238 3238 3238 3238 3208 3208 3208 3399 3399 3399 3399 0 2659 2659 2659 2659 2680 2680 2618 2618 3365 3365 3365 3399 3399 3399 3399 3399 3433 3433 3433 3433 3433 3468 3468 3468 3468 3503 2639 2639 2639 2659 2701 2723 2723 3503 3503 3539 3539 3539 3576 3576 3614 3576 3576 3614 3614 3614 3614 2835 2835 2859 2883 2883 2859 2812 2812 2789 2789 2789 2789 2789 2812 3732 3614 3614 3576 3576 3576 3539 3503 3503 3468 3433 3433 3399 3365 3365 0 0 0 3300 3269 3269 3269 3238 3238 3238 3238 3238 2271 2241 2241 2226 2212 2198 2184 2170 2156 2143 2143 2129 2116 2116 2103 2090 2090 2065 2053 2053 2040 2028 2005 2005 1993 1993 1981 1970 1959 1959 1947 1936 1915 1915 1904 1894 1883 1873 1873 1863 1863 1843 1833 1823 1823 1813 1804 1794 1794 1785 1776 1757 1757 1748 1748 1731 1722 1713 1705 1705 1696 1688 1680 1671 1663 1663 1647 1647 1639 1639 1632 1624 1616 1609 1609 1601 1601 1601 0 962 962 962 959 956 948 946 940 940 938 930 928 928 928 928 928 930 930 933 938 938 940 940 946 948 951 938 935 935 935 930 928 928 0
0 0 0 0 0 0 0 0 0 0 0 0 2812 2812 2812 2835 2835 2859 2859 2812 2789 2789 2789 2812 2812 2835 2835 2835 2859 2859 2835 2835 2835 2835 2859 2859 2859 2859 2859 2859 2859 2859 2883 2883 2883 2883 2883 2365 2365 2381 2381 2398 3037 3037 3064 3064 3064 3064 3037 3037 3037 3037 3037 3064 3064 3064 3064 3092 3092 3120 3120 3120 3120 3149 3149 3149 3149 3149 0 0 0 3178 3178 3178 3208 3208 3208 3238 0 0 0 3333 3300 3300 3300 3269 3269 3269 3010 3010 3010 3010 3120 3120 3120 3120 3064 3064 3238 3238 3238 3208 3208 3208 3365 3365 3399 3399 0 2680 2659 2659 2659 2680 2701 2701 3333 3365 3365 3399 3399 3399 3399 3399 3399 3399 3399 3399 3399 3433 3468 3468 3468 3468 3503 3503 3503 2680 2680 2723 2723 2723 3503 3503 3539 3539 3539 3576 3576 3614 3576 3576 3614 3614 3614 3692 2835 2835 2859 2883 2883 2859 2812 2812 2812 2789 2789 2789 2789 2812 3816 3653 3614 3614 3576 3576 3539 3503 3503 3468 3468 3468 3399 3365 3365 0 0 0 3300 3300 3300 3269 3238 3238 3238 3238 2256 2256 2241 2241 2226 2212 2198 2184 2170 2156 2143 2143 2129 2129 2116 2103 2090 2090 2065 2053 2040 2040 2016 2005 2005 1993 1993 1981 1970 1959 1959 1947 1936 1915 1915 1904 1894 1883 1873 1873 1863 1863 1853 1833 1823 1823 1813 1804 1794 1794 1785 1766 1757 1757 1748 1748 1731 1722 1713 1705 1696 1696 1680 1680 1671 1671 1663 1655 1647 1639 1639 1632 1624 1616 1616 1609 1601 1601 1601 964 962 962 962 959 956 948 946 940 940 938 930 928 928 928 928 928 930 930 935 938 938 940 940 946 951 951 943 938 935 935 930 928 928 0
0 0 0 0 0 0 0 0 0 0 0 0 2835 2835 2835 2835 2835 2859 2859 2859 2812 2812 2812 2812 2812 2835 2835 2835 2835 2835 2835 2835 2835 2835 2859 2859 2859 2859 2883 2883 2883 2883 2883 2883 2883 2883 2883 2365 2365 2381 2381 2398 3037 3037 3064 3064 3064 3064 3037 3037 3037 3037 3037 3064 3064 3064 3092 3120 3120 3120 3120 3120 3149 3149 3149 3149 3149 3149 0 0 3178 3178 3178 3178 3208 3208 3208 3238 0 0 0 3333 3300 3300 3300 3300 3300 2984 2984 2984 2984 3010 3010 3037 3037 3064 3064 3064 3064 3238 3238 3178 3178 3178 3208 3365 3365 3365 3333 2680 2680 2680 2680 2701 2723 2723 3333 3365 3365 3399 3399 3399 3399 3399 3399 3399 3399 3399 3399 3433 3468 3468 3468 3468 3468 3468 3468 2723 2723 2723 3503 3503 3539 3539 3539 3576 3576 3576 3614 3614 3576 3576 3614 3614 3653 3653 2835 2835 2859 2883 2883 2859 2835 2812 2812 2812 2812 2812 2812 2835 3816 3653 3614 3614 3576 3576 3539 3503 3503 3468 3468 3468 3433 3433 3433 0 0 0 3300 3300 3333 3300 3269 3238 3238 3238 2256 2256 2256 2241 2226 2212 2198 2184 2170 2156 2143 2143 2129 2129 2103 2103 2090 2090 2065 2053 2040 2028 2016 2005 2005 1993 1993 1981 1970 1959 1959 1947 1936 1926 1915 1904 1894 1883 1873 1873 1863 1863 1853 1833 1833 1823 1813 1804 1794 1794 1785 1766 1757 1757 1748 1748 1739 1731 1713 1705 1696 1696 1680 1680 1671 1671 1663 1655 1647 1647 1639 1632 1624 1616 1616 1609 1601 1601 1601 964 964 962 962 959 956 948 948 943 940 935 933 928 928 928 928 928 928 933 935 938 940 940 943 948 951 951 948 943 938 938 930 928 928 0
0 0 0 0 0 0 0 0 0 0 0 0 2835 2835 2835 2859 2859 2859 2859 2859 2812 2812 2812 2812 2812 2835 2859 2835 2835 2835 2835 2835 2835 2859 2859 2883 2883 2883 2883 2883 2883 2883 2883 2883 2883 2883 2365 2365 2365 2381 2381 2398 3064 3064 3064 3064 3064 3064 3037 3037 3037 3037 3064 3064 3064 3064 3092 3120 3120 3120 3149 3149 3149 3149 3149 3149 3149 3149 3149 0 3208 3208 3208 3208 3208 3208 3238 3269 0 0 0 3300 0 3300 3300 3300 2984 2984 2984 2984 2984 3010 3010 3037 3037 3037 3037 3037 3064 3064 3149 3149 3149 3149 3178 3208 3238 3333 3333 2659 2659 2680 2680 2701 2723 2723 3365 3365 3399 3399 3399 3399 3399 3399 3399 3399 3399 3399 3399 3433 3468 3468 3468 3468 3468 3468 3468 2744 2744 3539 3539 3539 3539 3539 3539 3576 3576 3576 3614 3614 3614 3614 3614 3614 3653 3653 2859 2859 2883 2883 2883 2883 2859 2812 2812 2812 2812 2812 2812 3948 3859 3614 3614 3614 3576 3539 3539 3503 3503 3503 3503 3503 3503 3503 3503 0 0 0 3300 3300 3333 3300 3300 3238 3208 3208 2256 2256 2256 2241 2226 2212 2198 2184 2170 2156 2143 2143 2129 2129 2103 2103 2090 2090 2065 2053 2040 2028 2016 2005 2005 1993 1993 1981 1970 1959 1959 1947 1936 1926 1915 1904 1904 1894 1873 1873 1863 1863 1853 1843 1833 1823 1804 1794 1794 1785 1785 1776 1757 1757 1748 1748 1731 1731 1713 1705 1696 1688 1680 1680 1680 1671 1671 1663 1655 1647 1639 1632 1624 1616 1616 1609 1609 1609 1609 964 964 962 962 959 954 951 948 943 940 935 933 930 928 928 928 928 928 933 938 938 940 940 946 948 951 951 948 946 938 938 930 928 928 0
0 0 0 0 0 0 0 0 0 0 0 0 2859 2859 2859 2859 2859 2859 2859 2859 2835 2812 2812 2812 2835 2835 2859 2835 2835 2835 2835 2835 2835 2859 2859 2883 2883 2883 2883 2883 2859 2859 2883 2883 2908 2984 2984 2365 2365 2381 2381 2333 2333 3064 3037 3037 3064 3064 3037 3037 3037 3037 3064 3064 3064 3064 3092 3120 3120 3149 3149 3149 3149 3149 3149 3120 3120 3149 0 0 0 3238 0 3208 3208 3208 3208 0 0 0 0 0 0 0 3037 3037 3037 2984 2984 2984 2984 3010 3010 3037 3037 3037 3010 3010 3037 3064 3064 3149 3149 3149 3178 3208 3208 3238 3269 2659 2659 2680 2680 2701 2701 2701 3365 3365 3365 3365 3399 3399 3399 3399 3399 3399 3399 3399 3399 3433 3468 3468 3468 3468 3433 3433 3433 2744 2744 2744 3539 3503 3503 3539 3539 3576 3576 3614 3614 3614 3614 3614 3614 3614 3614 3614 2859 2859 2883 2883 2883 2883 2883 2883 2883 2883 2883 2883 3948 3948 3948 3614 3614 3614 3576 3539 3539 3503 3468 3468 3468 3468 3468 3503 3539 0 0 0 3300 3300 3333 3300 3300 3238 3208 2271 2271 2271 2256 2241 2226 2226 2198 2184 2156 2156 2143 2129 2129 2116 2103 2103 2090 2078 2065 2053 2040 2028 2016 2005 2005 1993 1993 1981 1970 1959 1959 1947 1936 1926 1915 1915 1904 1894 1873 1873 1863 1863 1853 1843 1833 1823 1804 1794 1794 1785 1785 1776 1757 1757 1748 1739 1731 1731 1713 1705 1696 1688 1680 1680 1680 1671 1671 1663 1655 1647 1639 1632 1624 1616 1616 1609 1609 1616 1616 964 964 962 962 962 954 951 948 943 940 938 933 930 930 930 930 930 930 933 938 938 940 940 946 951 951 951 943 943 935 935 930 925 925 0
0 0 0 0 0 0 0 0 0 0 0 0 2859 2859 2859 2859 2859 2859 2859 2859 2835 2835 2812 2812 2835 2859 2859 2835 2835 2835 2835 2835 2835 2859 2859 2883 2883 2883 2883 2859 2859 2859 2859 2908 2958 2984 2984 2381 2381 2381 2381 2333 2333 3037 3037 3037 3064 3064 3037 3037 3037 3064 3064 3064 3092 3092 3120 3120 3120 3149 3149 3149 3178 3149 3149 3120 3120 3149 3149 3178 3178 3238 3238 3208 3208 3208 3208 0 0 0 0 0 0 3037 3037 3037 3037 3010 2984 2984 3010 3010 3010 3010 3010 3010 3010 3010 3010 3064 3064 3149 3149 3178 3178 3208 3208 3238 3269 2659 2659 2680 2701 2701 2701 2701 3365 3365 3365 3365 3399 3399 3399 3399 3399 3399 3399 3399 3399 3433 3468 3468 3468 3468 3433 3433 3433 2744 2744 2744 3539 3503 3503 3539 3576 3576 3614 3614 3614 3614 3614 3614 3614 3614 3614 3614 3614 2883 2883 2883 2883 2883 2883 3732 3732 3732 3859 3948 3994 3994 3653 3576 3576 3576 3576 3576 3576 3503 3468 3468 3468 3468 3468 3503 3503 3503 0 3300 3300 3300 3333 3300 3269 3238 3238 2271 2271 2271 2256 2241 2226 2226 2198 2184 2156 2156 2143 2129 2129 2116 2103 2103 2090 2078 2053 2053 2040 2028 2016 2005 2005 1993 1993 1981 1970 1970 1959 1947 1947 1926 1915 1915 1904 1894 1883 1873 1863 1863 1853 1843 1833 1823 1804 1794 1794 1785 1785 1776 1757 1757 1748 1739 1739 1731 1713 1705 1696 1688 1688 1680 1680 1671 1671 1663 1655 1647 1639 1632 1624 1616 1616 1616 1616 1616 1616 964 964 964 962 962 954 951 948 943 940 935 933 930 930 930 930 930 930 933 938 938 943 943 948 951 954 951 940 940 935 933 930 925 925 0
0 0 0 0 0 0 0 0 0 0 0 0 2859 2859 2859 2859 2859 2859 2859 2859 2835 2835 2835 2835 2835 2859 2859 2859 2835 2835 2835 2835 2835 2859 2859 2883 2883 2883 2883 2859 2859 2859 2859 2908 2958 2984 2984 2381 2381 2381 2398 2398 2398 3037 3037 3037 3064 3064 3037 3037 3037 3064 3064 3092 3092 3092 3120 3120 3149 3149 3149 3149 3178 3149 3149 3120 3120 3149 3149 3178 3178 3208 3208 3208 3208 3238 3238 0 0 0 0 0 0 3037 3037 3037 3010 3010 2984 2984 2984 3010 3010 3010 3010 3010 2984 2984 3010 3037 3037 3064 3149 3178 3208 3208 3208 3238 3269 2680 2680 2680 2701 2701 2680 2680 3365 3365 3365 3365 3399 3399 3399 3399 3399 3399 3399 3399 3433 3468 3468 3468 3468 3468 3433 3433 3433 2789 2789 2789 2835 3539 3539 3539 3576 3576 3614 3614 3614 3614 3614 3614 3614 3614 3614 3614 3653 2883 2883 2883 2883 2859 2859 3732 3732 3732 3859 3948 3994 3994 3653 3576 3576 3576 3539 3539 3539 3503 3468 3468 3433 3433 3468 3468 3468 0 0 0 3333 3333 3333 3269 3269 3238 3238 2271 2271 2271 2256 2241 2226 2226 2198 2184 2170 2156 2156 2143 2143 2116 2116 2103 2090 2078 2053 2053 2053 2040 2028 2005 2005 1993 1993 1981 1970 1970 1959 1947 1947 1926 1915 1904 1894 1894 1883 1873 1873 1863 1863 1843 1833 1823 1813 1794 1794 1785 1776 1776 1757 1757 1757 1739 1739 1731 1713 1705 1705 1696 1688 1680 1680 1671 1671 1663 1647 1639 1639 1639 1632 1624 1616 1616 1609 1609 1609 962 962 962 962 962 954 951 948 943 940 935 933 930 930 930 930 930 933 935 938 940 943 946 951 951 951 951 940 938 938 930 930 925 925 0
0 0 0 0 0 0 0 0 0 0 0 0 2859 2859 2859 2859 2859 2859 2859 2859 2835 2835 2835 2835 2835 2859 2859 2859 2859 2859 2859 2859 2859 2859 2859 2883 2883 2883 2883 2883 2859 2859 2908 2933 2958 3010 3010 2381 2381 2381 2381 2381 2398 3037 3037 3037 3064 3064 3064 3064 3064 3064 3064 3092 3092 3092 3120 3120 3149 3149 3149 3149 3178 3178 3178 3149 3149 3149 3149 3178 3178 3208 3208 3238 3238 3238 3208 3208 0 0 0 0 0 3037 3037 3037 3010 3010 2984 2984 2984 3010 3010 3010 3010 3010 2984 2984 3010 3010 3010 3037 3092 3120 3178 3178 3208 3208 2680 2680 2680 2701 2701 2701 2680 2680 3365 3365 3365 3365 3399 3399 3399 3399 3399 3433 3433 3433 3433 3468 3468 3468 3468 3468 3468 3468 3503 3539 2835 2789 2789 2789 3539 3539 3576 3576 3614 3653 3653 3653 3614 3614 3614 3614 3614 3614 3653 3653 3653 2883 2883 2859 2859 3692 3732 3732 3859 3948 3994 3994 3653 3614 3576 3576 3539 3503 3503 3503 3468 3468 3433 3433 3468 3468 3468 0 0 0 3365 3333 3333 3269 3269 3269 3269 2286 2286 2286 2271 2256 2226 2226 2198 2184 2170 2156 2156 2143 2143 2129 2116 2103 2090 2078 2053 2053 2053 2040 2028 2005 2005 1993 1993 1981 1970 1970 1959 1947 1947 1926 1915 1904 1894 1894 1883 1873 1873 1863 1863 1843 1833 1833 1813 1794 1794 1785 1776 1776 1757 1757 1757 1739 1739 1722 1705 1705 1705 1696 1696 1688 1680 1671 1671 1655 1647 1639 1639 1639 1632 1624 1616 1609 1601 1601 1601 964 962 962 962 962 954 951 948 946 940 938 933 930 930 930 930 933 935 938 940 940 946 948 951 951 951 951 943 938 938 930 930 925 925 0
0 0 0 0 0 0 0 0 0 0 0 0 2859 2859 2859 2859 2859 2859 2859 2859 2835 2835 2835 2835 2859 2859 2859 2859 2859 2859 2859 2859 2859 2859 2859 2883 2883 2883 2883 2883 2883 2908 2958 2958 2958 2958 2365 2365 2365 2381 2381 2381 2398 2432 3064 3064 3064 3064 3064 3064 3064 3064 3064 3064 3092 3092 3120 3149 3149 3149 3149 3178 3178 3178 3178 3178 3178 3238 3178 3178 3178 3178 3208 3238 3238 3238 3208 3208 0 0 0 0 0 3064 3037 3037 3010 3010 2984 2984 2984 3037 3010 3010 3010 3010 2984 2984 2984 3010 3010 3037 3064 3064 3120 3149 3149 3149 2659 2659 2680 2701 2723 2723 2723 2723 3365 3365 3365 3365 3399 3399 3433 3433 3433 3468 3468 3468 3468 3468 3503 3503 3468 3468 3468 3503 3503 3539 2812 2789 2789 2789 3539 3539 3576 3576 3576 3614 3614 3614 3614 3614 3614 3614 3614 3614 3653 3653 3692 3653 3653 3653 3692 3692 3692 3774 3816 3903 3948 3948 3692 3614 3576 3576 3539 3503 3503 3503 3468 3468 3468 3468 3468 3468 3468 0 0 0 3399 3365 3333 3300 3300 3300 3269 2286 2286 2286 2271 2256 2241 2226 2198 2198 2184 2170 2156 2156 2143 2129 2116 2103 2090 2090 2053 2053 2053 2040 2040 2016 2005 2005 1993 1981 1970 1959 1959 1947 1947 1926 1915 1904 1894 1883 1883 1873 1873 1863 1863 1853 1833 1833 1813 1804 1794 1785 1776 1776 1766 1757 1757 1748 1739 1722 1705 1705 1705 1705 1696 1688 1680 1671 1671 1655 1647 1639 1639 1639 1624 1616 1616 1609 1594 1594 1594 964 964 964 962 962 954 951 948 946 943 938 933 933 930 930 933 935 935 938 940 943 946 948 951 956 956 954 946 940 938 933 930 925 925 0
0 0 0 0 0 0 0 0 0 0 0 0 2859 2859 2859 2859 2859 2859 2859 2859 2835 2835 2835 2835 2835 2835 2859 2859 2859 2859 2859 2859 2859 2859 2859 2883 2883 2883 2883 2883 2883 2908 2958 2958 2958 2958 2349 2349 2349 2381 2398 2398 2415 2432 3064 3064 3064 3064 3064 3064 3064 3064 3064 3064 3064 3092 3120 3149 3149 3149 3149 3149 3178 3178 3178 3178 3178 3238 3238 3178 3149 3149 3178 3238 3238 3238 3238 0 0 0 0 0 0 3064 2984 2984 3010 2984 2984 2984 2984 3037 3010 3010 2984 2984 2984 2984 2984 3010 3010 3037 3037 3037 3064 3092 3120 3149 2659 2659 2680 2701 2723 2723 2723 2723 3208 3269 3333 3365 3399 3399 3433 3433 3468 3468 3468 3503 3503 3503 3503 3503 3503 3503 3503 3503 3539 3614 2812 2789 2789 2789 3576 3576 3576 3576 3576 3614 3614 3614 3614 3614 3614 3614 3653 3653 3653 3653 3692 3692 3653 3653 3692 3692 3692 3774 3774 3859 3903 3903 3692 3614 3576 3576 3539 3503 3503 3468 3468 3468 3468 3468 3468 3468 0 0 0 3300 3300 3333 3333 3300 3300 3300 3238 2301 2286 2286 2286 2271 2256 2241 2212 2198 2198 2184 2156 2156 2143 2129 2129 2116 2103 2090 2053 2053 2053 2040 2040 2016 2005 2005 1993 1981 1970 1959 1959 1959 1947 1926 1915 1904 1894 1883 1883 1873 1873 1863 1863 1853 1833 1833 1813 1804 1794 1794 1785 1785 1776 1766 1757 1748 1739 1722 1705 1705 1705 1705 1696 1688 1680 1671 1671 1663 1655 1647 1639 1639 1624 1616 1616 1609 1594 1594 1594 967 967 964 964 964 954 951 948 946 943 943 938 935 930 930 933 935 938 938 943 946 946 948 951 956 956 954 943 940 938 935 930 925 925 0
0 0 0 0 0 0 0 0 0 0 0 0 2859 2859 2859 2859 2859 2859 2859 2859 2859 2835 2835 2835 2835 2835 2859 2859 2859 2859 2859 2859 2859 2859 2859 2883 2883 2883 2883 2883 2908 2933 2958 2984 2984 2984 2349 2349 2349 2381 2398 2398 2415 3064 3064 3064 3064 3064 3064 3064 3064 3064 3064 3064 3064 3092 3149 3149 3149 3149 3149 3149 3178 3178 3178 3208 3269 3300 3238 3178 3149 3149 3178 3238 3238 3238 3238 0 0 0 0 0 2984 2984 2984 2984 2984 2984 2984 2984 2984 3010 3010 3010 2984 2984 2984 3010 3010 3010 3010 3037 3037 3037 3064 3092 3092 3120 2659 2659 2701 2701 2723 2723 2723 2723 3208 3238 3300 3365 3399 3433 3433 3433 3468 3468 3468 3503 3503 3503 3503 3503 3503 3503 3503 3539 3539 3614 3692 2789 2789 3614 3576 3576 3576 3576 3576 3614 3614 3614 3614 3614 3653 3653 3653 3653 3653 3653 3692 3692 3692 3692 3692 3692 3732 3732 3774 3859 3903 3903 3692 3614 3614 3576 3539 3503 3503 3468 3468 3468 3468 3468 3468 0 3468 0 0 3300 3300 3333 3333 3300 3269 3269 3238 3238 3208 3208 3208 2301 2286 2271 2271 2226 2212 2198 2184 2156 2116 2116 2116 2129 2129 2129 2090 2065 2053 2053 2040 2028 2005 2005 2005 1993 1981 1970 1959 1959 1947 1936 1926 1915 1904 1904 1894 1873 1873 1863 1863 1863 1843 1833 1823 1813 1804 1794 1785 1785 1776 1766 1757 1748 1739 1731 1713 1713 1713 1705 1705 1696 1680 1671 1671 1663 1655 1647 1647 1639 1624 1616 1616 1609 1594 1594 1594 967 967 967 964 964 954 951 948 946 943 940 940 938 933 933 933 935 938 940 943 946 948 948 954 956 956 954 943 940 938 935 935 925 925 0
0 0 0 0 0 0 0 0 0 0 0 0 2835 2835 2835 2835 2859 2883 2883 2883 2859 2859 2859 2835 2835 2859 2859 2859 2859 2859 2859 2859 2859 2859 2883 2883 2883 2883 2883 2883 2933 2958 2958 2984 2984 2984 0 2365 2365 2381 2398 2415 3064 3064 3092 3064 3064 3064 3064 3064 3064 3064 3064 3064 3092 3120 3149 3149 3178 3178 3149 3149 3149 3149 3149 3178 3238 3300 3300 3208 3178 3178 3178 3238 3238 3269 3269 0 0 0 0 2958 2958 2958 2958 2984 2984 2984 2984 2984 3010 3010 3010 3010 2984 2984 3010 3010 3010 3037 3037 3037 3037 3037 3064 3092 3092 3120 2680 2680 2701 2701 2723 2723 2723 2723 3208 3238 3269 3333 3468 3468 3468 3468 3468 3503 3503 3539 3539 3539 3539 3539 3539 3539 3539 3576 3732 3692 3692 3692 3692 3614 3576 3576 3614 3614 3614 3653 3653 3653 3614 3614 3653 3653 3653 3653 3653 3653 3692 3692 3692 3732 3732 3732 3732 3732 3774 3903 3948 3903 3732 3653 3614 3576 3539 3539 3503 3503 3468 3468 3468 3468 3468 0 0 0 3333 3333 3333 3333 3300 3300 3269 3269 3238 3238 3238 3238 3208 3208 3178 3120 3120 2256 2256 3120 3120 3149 2103 2103 2116 2143 2143 2143 2103 2090 2053 2053 2053 2028 2005 2005 2005 1993 1993 1981 1970 1959 1959 1947 1947 1926 1915 1904 1894 1883 1873 1863 1863 1863 1843 1843 1823 1813 1813 1794 1785 1785 1776 1766 1757 1748 1739 1739 1722 1713 1713 1705 1705 1696 1680 1671 1671 1663 1655 1655 1647 1639 1624 1624 1616 1616 1609 1609 1609 970 970 970 964 964 954 951 948 946 943 940 940 938 933 933 935 935 938 940 943 946 951 951 956 959 956 954 943 940 938 935 935 930 930 0
0 0 0 0 0 0 0 0 0 0 0 0 2835 2835 2835 2835 2859 2908 2883 2883 2883 2859 2859 2835 2835 2859 2859 2859 2859 2883 2883 2883 2883 2883 2883 2883 2883 2883 2883 2908 2958 2984 2984 2984 0 0 2381 2381 2381 2381 2398 2398 3064 3092 3092 3092 3092 3092 3064 3064 3064 3092 3092 3092 3120 3120 3149 3149 3149 3178 3149 3149 3149 3149 3149 3149 3238 0 0 0 3208 3178 3178 3178 3238 3269 3269 0 0 0 0 2958 2958 2958 2958 2984 2984 2984 2984 2984 3010 3010 3010 3010 3010 3010 3037 3037 3037 3037 3037 3037 3037 3064 3064 3064 3092 3120 2680 2680 2701 2701 2723 2723 2723 2659 2659 3238 3269 3300 3399 3468 3468 3468 3503 3539 3539 3576 3576 3576 3576 3576 3576 3576 3576 3614 3732 3732 3692 3692 3653 3653 3692 3653 3653 3653 3692 3692 3692 3692 3692 3692 3692 3692 3692 3732 3732 3732 3692 3692 3732 3774 3774 3732 3732 3774 3816 3948 3948 3948 3774 3653 3614 3576 3539 3539 3503 3503 3503 3468 3468 3468 0 0 0 0 0 0 3333 3333 3300 3300 3269 3269 3269 3269 3238 3238 3208 3208 3208 3120 3120 3120 3120 3092 3092 3092 2103 2103 2450 2450 2467 2143 2143 2415 2415 2398 2381 2349 2333 2333 2333 1993 1993 1981 1981 1959 1959 1959 1947 1936 1915 1915 1894 1883 1883 1883 1883 1873 1863 1863 1833 1823 1813 1794 1794 1785 1785 1776 1766 1757 1748 1739 1731 1722 1713 1705 1705 1696 1680 1680 1671 1671 1655 1655 1647 1647 1639 1624 1624 1616 1616 1616 1616 970 970 967 964 962 956 951 948 946 943 940 938 938 935 935 935 935 938 940 940 946 951 954 956 959 956 954 943 940 938 935 935 930 930 0
0 0 0 0 0 0 0 0 0 0 0 0 2859 2859 2883 2883 2883 2933 2933 2933 2908 2908 2908 2883 2859 2859 2883 2883 2883 2883 2883 2883 2883 2908 2908 2908 2908 2908 2908 2908 2958 0 0 0 0 0 2450 2398 2398 2398 2398 2398 2415 3092 3092 3092 3092 3092 3064 3064 3064 3092 3092 3092 3120 3120 3149 3149 3149 3178 3178 3178 3149 3120 3120 3120 0 0 0 0 3208 3178 3178 3178 3238 3269 3269 0 0 0 0 2958 2958 2958 2958 2958 2958 2958 2984 2984 2984 3010 3010 3010 3010 3010 3010 3037 3064 3064 3064 3064 3064 3037 3037 3064 3064 3092 2680 2680 2701 2723 2723 2744 2744 2659 2659 3208 3238 3269 3333 3399 3468 3468 3539 3614 3614 3614 3653 3614 3614 3614 3614 3614 3653 3653 3653 3732 3692 3692 3653 3653 3692 3774 3774 3774 3774 3774 3816 3774 3732 3732 3732 3732 3774 3774 3774 3816 3816 3816 3816 3816 3816 3816 3816 3859 3903 3994 3948 3948 3774 3653 3614 3614 3539 3539 3503 3503 3503 3468 3468 3468 0 0 0 2541 0 3365 3365 3333 3333 3300 3269 3269 3269 3269 3238 3238 3208 3208 3208 3149 3149 3120 3120 3092 3092 2450 2450 2450 2467 2467 2450 2450 2432 2415 2398 2398 2381 2349 2333 2333 2317 2301 2286 2286 2271 1959 1959 1959 1947 1936 1926 1915 1915 2198 1883 1883 1883 1883 1873 1873 1843 1833 1823 1804 1794 1785 1785 1785 1766 1757 1748 1748 1739 1731 1713 1713 1696 1688 1688 1688 1680 1671 1663 1655 1647 1647 1647 1639 1632 1624 1624 1624 970 970 970 967 967 962 956 954 948 946 943 940 938 938 935 935 935 938 940 940 940 946 951 954 956 959 959 956 943 940 938 935 935 933 933 0
0 0 0 0 0 0 0 0 0 0 0 0 2883 2883 2883 2908 2933 2958 2958 2958 2933 2908 2908 2908 2883 2883 2883 2883 2883 2908 2908 2933 2933 2933 2933 2958 2933 2933 2933 2958 2958 0 0 0 0 0 2450 2398 2398 2398 2398 2398 2415 3064 3092 3120 3092 3092 3064 3064 3064 3092 3092 3092 3149 3149 3178 3178 3178 3178 3178 3178 3149 3120 3120 3120 0 0 0 0 0 0 0 3269 3269 3300 0 0 0 0 0 2933 2933 2958 2958 2958 2958 2958 2958 2958 2984 2984 3010 3010 3010 3010 3010 3037 3064 3092 3092 3064 3064 3037 3037 3064 3064 3092 2680 2680 2701 2723 2744 2744 2744 2659 2659 3208 3238 3269 3300 3300 3300 3614 3614 3653 3653 3653 3653 3653 3653 3653 3653 3653 3653 3653 3653 3732 3732 3774 3774 3774 3774 3816 3816 3816 3816 3816 3859 3816 3816 3816 3816 3816 3816 3816 3816 3859 3859 3903 3903 3903 3903 3859 3859 3903 3948 3994 3994 3948 3692 3692 3653 3614 3576 3539 3539 3539 3503 3468 3468 3468 0 0 0 2541 2541 2560 2541 2541 3333 3300 3300 3269 3269 3269 3269 3238 3238 3208 3208 3149 3120 3120 3092 3092 3092 2450 2450 2450 2467 2467 2450 2450 2432 2415 2398 2381 2381 2349 2333 2333 2317 2317 2301 2286 2286 2256 2256 2241 2226 2212 2198 2198 2198 2184 2184 2170 2156 2156 2156 2143 2143 2116 2116 2116 1804 1794 1794 1794 1776 1766 1757 1757 1748 1748 1713 1713 1696 1688 1688 1688 1688 1680 1671 1663 1655 1655 1647 1639 1639 1624 1624 1632 1632 970 967 967 964 962 959 954 951 946 943 940 938 938 935 935 938 938 940 940 943 948 951 954 956 959 959 956 943 940 938 938 935 935 0 0
0 0 0 0 0 0 0 0 0 0 0 0 0 2908 2908 2933 2933 2958 2958 2958 2958 2933 2908 2908 2908 2908 2908 2908 2908 2908 2933 2958 2958 2958 2958 2984 2958 2933 2933 2958 2958 2984 0 0 0 0 2398 2398 2398 2398 2398 2398 2415 3064 3120 3120 3149 3149 3120 3120 3120 3149 3149 3149 3178 3178 3208 3208 3208 3208 3208 3208 3208 3120 3120 0 0 0 0 0 0 0 0 0 0 0 0 0 0 0 0 2933 2933 2933 2933 2933 2933 2933 2933 2933 2958 2958 2958 2984 3010 3037 3037 3037 3064 3120 3092 3037 3037 3037 3037 3064 3064 3092 2701 2701 2701 2723 2744 2744 2744 2744 3178 3208 3238 3269 3269 3269 3269 3238 3238 3692 3653 3653 3653 3653 3692 3692 3692 3692 3692 3653 3653 3732 3774 3816 3816 3774 3774 3816 3816 3816 3859 3859 3859 3816 3816 3859 3859 3859 3859 3859 3859 3903 3948 3948 3948 3948 3948 3948 3948 3948 3994 3994 3994 3948 3653 3653 3653 3653 3653 3614 3576 3576 3539 3468 3468 3503 0 0 0 2541 2541 2541 2541 2541 3333 3300 3300 3300 3300 3300 3269 3269 3238 3238 3208 3149 3120 3120 3092 3092 3064 2467 2467 2467 2467 2467 2450 2450 2415 2415 2398 2381 2381 2365 2333 2333 2317 2317 2301 2286 2286 2256 2256 2241 2226 2212 2198 2198 2198 2184 2170 2156 2156 2156 2143 2129 2116 2103 2103 2103 2090 2065 2065 1794 1785 1766 1766 1766 1757 1757 1713 1713 1970 1705 1696 1696 1696 1696 1680 1671 1655 1655 1655 1639 1639 1609 1609 1616 1616 967 967 967 964 964 959 954 951 946 943 940 940 938 938 938 938 940 940 943 948 948 951 951 956 959 959 956 943 943 940 938 935 935 0 0
0 0 0 0 0 0 0 0 0 0 0 0 0 2958 2958 2958 2984 2984 2984 2984 2984 2984 2933 2933 2958 2984 2984 2958 2958 2958 2984 2984 3010 3010 3010 3010 2958 2933 2933 2958 2958 2984 0 0 0 0 2398 2398 2398 2415 2415 2415 2432 3120 3120 3178 3178 3178 3149 3149 3178 3178 3208 3208 3208 3208 3208 3238 3238 3238 3269 3269 3269 3300 0 0 0 0 0 0 0 0 0 0 0 0 0 0 0 0 0 2933 2933 2933 2933 2933 2933 2933 2933 2933 2933 2958 2958 2958 2958 3037 3037 3064 3120 3120 3092 3037 3037 3037 3037 3064 3064 3092 2701 2701 2723 2723 2744 2744 2744 2744 3149 3178 3208 3238 3269 3269 3269 3238 3238 3692 3692 3653 3653 3692 3692 3692 3692 3859 3859 3653 3653 3732 3774 3816 3816 3816 3816 3816 3816 3859 3859 3859 3859 3859 3859 3859 3859 3859 3859 3859 3859 3948 3948 3948 3994 3994 3994 3948 3948 3994 3994 3994 3994 3948 3653 3653 3692 3692 3732 3653 3653 3614 3576 3503 3503 3503 0 0 0 2541 2541 2541 2541 2541 3333 3333 3333 3300 3300 3300 3269 3269 3269 3238 3208 3149 3149 3120 3120 3092 3064 3064 2467 2467 2467 2467 2450 2450 2415 2415 2398 2381 2381 2365 2349 2333 2317 2317 2301 2286 2286 2271 2256 2256 2241 2212 2198 2198 2198 2184 2170 2156 2156 2143 2143 2116 2103 2103 2103 2090 2078 2065 2053 2053 2040 2040 2028 2005 1993 1981 1970 1970 1970 1959 1947 1936 1936 1936 1936 1926 1680 1671 1671 1894 1894 1609 1609 1616 1616 970 970 970 964 964 959 954 951 948 946 940 940 938 938 938 938 940 940 943 948 948 951 951 956 959 956 956 943 940 940 940 938 938 0 0
0 0 0 0 0 0 0 0 0 0 0 0 0 2933 2933 2958 2958 2958 2984 2984 2984 2984 2984 0 3037 3010 3010 3010 3010 3010 3037 3037 3037 3037 3037 3037 2984 2984 0 2958 2958 0 0 0 0 0 2398 2398 2398 2415 2415 2415 2432 3120 3149 3178 3208 3208 3208 3238 3269 3269 3269 3238 3238 3238 3269 3269 3269 3269 3300 3300 3333 3365 3399 0 0 0 0 0 0 0 0 0 0 0 0 0 0 0 0 2958 2933 2933 2958 2933 2933 2933 2933 2933 2933 2958 2958 2958 2958 3037 3037 3064 3120 3120 3092 3037 3037 3037 3037 3064 3092 3092 2659 2659 2701 2723 2744 2744 2767 3149 3149 3149 3178 3238 3238 3269 3269 3238 3238 3692 3692 3692 3692 3692 3692 3692 3732 3732 3653 3653 3653 3732 3774 3816 3816 3816 3816 3816 3859 3859 3859 3859 3859 3859 3859 3859 3859 3859 3859 3859 3859 3948 3948 3948 3994 3994 3994 3948 3948 3994 3994 3994 3994 3994 3614 3614 3692 3732 3774 3732 3692 3653 3614 3503 3503 3539 0 0 0 2541 2541 2541 2541 2541 3365 3333 3333 3300 3300 3300 3269 3269 3269 3238 3208 3178 3149 3149 3120 3092 3092 3064 2467 2467 2467 2467 2450 2450 2415 2415 2398 2381 2381 2365 2349 2333 2333 2317 2301 2286 2286 2271 2256 2256 2241 2212 2198 2198 2198 2184 2170 2156 2156 2143 2143 2116 2103 2103 2103 2090 2078 2065 2053 2053 2040 2040 2028 2005 2005 1981 1970 1970 1970 1959 1959 1936 1936 1936 1936 1926 1904 1904 1894 1894 1894 1894 1609 1609 1609 970 970 970 967 964 959 954 951 948 946 940 940 940 940 940 940 940 943 943 948 948 951 954 959 959 956 956 943 940 940 940 935 935 0 0
0 0 0 0 0 0 0 0 0 0 0 0 0 2933 2933 2958 2958 2958 2984 2984 2984 2984 2984 0 0 3064 3064 3010 3010 3010 3037 3037 3064 3064 3064 3064 3092 0 0 0 0 0 0 0 0 0 0 2398 2398 2415 2415 2415 2432 3208 3208 3208 3208 3208 3208 3238 3269 3269 3269 3269 3269 3269 0 3269 3269 3269 3269 3300 3333 3333 3300 3300 0 0 0 0 0 0 0 0 0 0 0 0 0 0 0 2958 2958 2958 2958 2933 2933 2933 2933 2933 2933 2958 2958 2958 3010 3037 3064 3064 3120 3120 3120 3064 3037 3037 3064 3092 3092 3092 2659 2659 2701 2723 2744 2744 2767 3149 3149 3149 3178 3238 3238 3238 3269 3269 3269 3269 3692 3692 3692 3692 3692 3692 3692 3692 3692 3692 3692 3732 3774 3774 3774 3816 3816 3816 3816 3859 3859 3859 3859 3816 3816 3859 3859 3859 3903 3903 3903 3948 3948 3948 3948 3994 3994 3994 3994 3994 3994 3994 3994 3994 3614 3614 3692 3732 3774 3732 3692 3692 3614 3614 0 3653 0 0 0 2541 2541 2522 2522 3399 3365 3365 3333 3333 3300 3300 3269 3269 3269 3238 3208 3178 3149 3149 3120 3120 3092 3064 2485 2467 2467 2467 2450 2450 2415 2415 2398 2398 2398 2381 2365 2349 2333 2317 2301 2286 2286 2271 2256 2256 2241 2212 2212 2198 2198 2184 2170 2156 2156 2143 2143 2129 2116 2103 2103 2090 2078 2065 2065 2053 2040 2040 2016 2005 1993 1981 1970 1970 1970 1970 1959 1947 1936 1936 1936 1926 1915 1904 1894 1894 1894 1894 1609 1609 1609 973 970 970 967 964 959 954 951 948 946 940 940 940 940 940 940 940 946 948 948 951 951 956 959 962 959 943 940 940 940 940 935 933 933 0
0 0 0 0 0 0 0 0 0 0 0 0 0 2958 2958 2984 2984 0 0 2984 2984 2984 0 0 0 0 0 0 0 0 0 0 3064 3064 3064 0 0 0 0 0 0 0 0 0 0 0 0 2398 2398 2415 2415 2415 2415 3208 3208 3208 3238 3238 3269 3269 3269 3238 3238 3238 3238 0 0 0 3269 3269 3269 3269 3300 3333 3300 3300 0 0 0 0 0 0 0 0 0 0 0 0 0 0 0 2958 2958 2958 2958 2958 2933 2933 2933 2933 2958 2958 2958 2958 3010 3037 3064 3064 3092 3120 3120 3092 3064 3064 3064 3092 3092 3092 2659 2659 2723 2723 2744 2744 3120 3120 3149 3178 3208 3208 3238 3238 3238 3269 3269 3692 3692 3692 3692 3692 3692 3692 3692 3692 3732 3732 3732 3732 3732 3732 3732 3816 3816 3816 3816 3859 3859 3859 3859 3816 3816 3816 3816 3859 3903 3903 3903 3903 3903 3948 3948 3994 3994 3994 3994 3994 3994 3994 3994 3994 3653 3653 3653 3692 3732 3732 3692 3692 3653 3653 3653 3653 0 0 0 2522 2522 2503 2503 3433 3433 3399 3365 3333 3300 3300 3269 3269 3269 3238 3208 3178 3178 3178 3149 3149 3120 3092 2485 2467 2467 2467 2450 2450 2432 2432 2415 2398 2381 2381 2365 2349 2333 2317 2317 2301 2286 2271 2256 2256 2241 2212 2212 2198 2198 2198 2184 2170 2156 2156 2143 2129 2116 2103 2103 2090 2090 2078 2053 2053 2040 2040 2016 2005 1993 1993 1981 1981 1970 1970 1959 1947 1936 1936 1936 1926 1915 1904 1894 1894 1894 1894 1894 1894 973 973 973 970 967 964 959 954 951 948 948 946 940 940 940 940 940 940 946 948 951 951 954 956 959 962 959 943 940 940 940 938 935 933 933 0
0 0 0 0 0 0 0 0 0 0 0 0 0 0 0 0 0 0 0 0 0 0 0 0 0 0 0 0 0 0 0 0 0 0 0 0 0 0 0 0 0 0 0 0 0 0 0 2415 2415 2415 2415 2415 2415 0 0 0 0 0 0 0 0 3238 3238 3238 3238 0 0 0 0 0 3269 3269 3300 3333 3333 0 0 0 0 0 0 0 0 0 0 0 0 0 0 0 3064 2984 2958 2958 2958 2933 2933 2958 2958 2958 2958 2958 2958 2984 3010 3037 3064 3064 3092 3120 3120 3120 3120 3092 3092 3120 3092 3092 3092 2723 2723 2723 2744 2767 2812 3064 3149 3178 3208 3208 3238 3238 3238 3269 3269 3653 3653 3653 3653 3653 3653 3653 3653 3653 3732 3732 3732 3774 3732 3732 0 3816 3774 3774 3774 3816 3816 3859 3859 3816 3816 3816 3816 3859 3903 3903 3903 3859 3859 3859 3903 3903 3948 3948 3948 3994 3994 3994 3994 3994 3653 3653 3653 3653 3692 3653 3653 3653 3653 3653 3653 3653 0 0 0 2522 2522 2503 2503 3468 3433 3399 3365 3333 3333 3300 3300 3269 3269 3238 3238 3178 3178 3178 3178 3178 3149 3120 2467 2467 2467 2467 2450 2450 2432 2432 2415 2398 2381 2381 2365 2349 2349 2333 2317 2301 2286 2271 2256 2256 2241 2212 2212 2212 2198 2198 2184 2170 2156 2156 2143 2143 2116 2116 2103 2090 2078 2078 2053 2053 2053 2040 2028 2005 1993 1993 1981 1981 1970 1970 1959 1947 1947 1936 1936 1926 1915 1904 1894 1894 1883 1883 1883 1853 973 973 973 970 967 964 959 954 951 948 948 946 943 940 940 940 940 943 946 948 951 951 954 959 962 962 959 943 940 940 940 938 935 935 0 0
0 0 0 0 0 0 0 0 0 0 0 0 0 0 0 0 0 0 0 0 0 0 0 0 0 0 0 0 0 0 0 0 0 0 0 0 0 0 0 0 0 0 0 0 0 0 0 2415 2415 2415 2415 2415 0 0 0 0 0 0 0 0 0 0 0 0 0 0 0 0 0 0 0 0 0 0 0 0 0 0 0 0 0 0 0 0 0 0 0 0 0 0 3064 3010 2958 2958 2958 2933 2933 2933 2958 2958 2958 2958 2958 2984 3037 3037 3064 3064 3092 3120 3120 3149 3149 3149 3149 3149 3120 3120 3120 2723 2723 2723 2744 2767 2812 3064 3178 3178 3208 3208 3238 3238 3238 3238 3269 3653 3653 3653 3614 3614 3614 3653 3653 3653 3653 3653 3653 3774 3774 3816 0 3816 3774 3774 3774 3774 3816 3816 3816 3774 3774 3816 3816 3816 3816 3859 3859 3816 3816 3774 3774 3903 3816 3816 3903 3859 3859 3859 3903 3692 3653 3653 3653 3653 3692 3653 3653 3653 3653 3653 3653 3653 0 0 0 2503 2503 2503 2485 2485 3468 3433 3399 3365 3333 3333 3300 3269 3269 3238 3238 3208 3178 3178 3178 3178 3149 2503 2467 2467 2467 2467 2467 2450 2432 2432 2415 2398 2381 2381 2365 2365 2349 2333 2317 2301 2286 2271 2256 2256 2241 2226 2212 2212 2212 2198 2198 2170 2156 2156 2156 2143 2129 2116 2103 2090 2078 2078 2065 2053 2040 2040 2040 2016 1993 1993 1981 1970 1970 1959 1947 1947 1936 1936 1936 1926 1915 1904 1894 1894 1883 1853 1853 1853 973 973 973 973 967 964 959 954 951 948 948 946 943 940 940 940 940 946 946 948 951 951 954 959 962 959 956 948 943 940 940 938 935 935 0 0
0 0 0 0 0 0 0 0 0 0 0 0 0 0 0 0 0 0 0 0 0 0 0 0 0 0 0 0 0 0 0 0 0 0 0 0 0 0 0 0 0 0 0 0 0 0 0 2415 2415 2415 2415 2432 0 0 0 0 0 0 0 0 0 0 0 0 0 0 0 0 0 0 0 0 0 0 0 0 0 0 0 0 0 0 0 0 0 0 0 0 0 0 3064 3010 2958 2958 2958 2933 2933 2933 2958 2958 2958 2958 2958 3010 3010 3010 3037 3064 3064 3092 3120 3120 3149 3149 3149 3208 3178 3178 3178 2723 2723 2744 2744 2789 2812 3238 3238 3208 3208 3208 3238 3238 3238 3238 3238 3653 3653 3653 3614 3614 2503 2503 2503 2503 0 3653 3653 3732 3774 0 0 0 3774 3774 3732 3732 3732 3732 3732 3774 3774 3816 3816 3816 3816 3859 3816 3816 3816 3774 3774 0 3816 3816 3774 3774 3774 3859 3903 3692 3653 3653 3653 3653 3653 3653 3653 3653 3614 3614 3614 3653 0 0 0 2503 2503 2503 2485 2485 3468 3433 3433 3399 3365 3333 3300 3300 3269 3238 3238 3208 3178 3178 3178 3178 3178 2467 2467 2485 2485 2467 2467 2450 2432 2432 2415 2398 2381 2381 2365 2365 2349 2333 2317 2301 2286 2271 2271 2256 2241 2241 2226 2212 2212 2212 2198 2184 2170 2170 2156 2143 2143 2116 2103 2090 2090 2090 2090 2053 2040 2040 2040 2016 1993 1993 1981 1970 1970 1959 1947 1947 1936 1936 1936 1926 1926 1915 1904 1894 1883 1853 1853 1853 975 975 973 973 967 964 959 956 951 951 948 946 943 943 940 940 940 946 946 948 951 951 954 959 962 959 956 948 946 943 940 940 938 938 0 0
0 0 0 0 0 0 0 0 0 0 0 0 0 0 0 0 0 0 0 0 0 0 0 0 0 0 0 0 0 0 0 0 0 0 0 0 0 0 0 0 0 0 0 0 0 0 0 0 2432 2432 2432 2432 0 0 0 0 0 0 0 0 0 0 0 0 0 0 0 0 0 0 0 0 0 0 0 0 0 0 0 0 0 0 0 0 0 0 0 0 0 0 0 3064 2958 2958 2958 2958 2958 2958 2958 2958 2958 2984 3010 3037 3010 3010 3037 3064 3064 3092 3092 3092 3120 3092 3092 3149 3178 3178 2723 2701 2701 2723 2744 2789 2812 2812 3269 3208 3208 3208 3208 3208 3178 3178 3178 0 0 2503 0 0 2503 2503 2485 2485 0 3732 3732 3732 3774 0 0 0 0 0 3732 3732 3732 3732 3732 0 0 0 0 0 0 0 3816 3816 0 0 0 0 0 0 3774 3774 3774 0 0 3732 3692 3653 3653 3653 3653 3653 3614 3614 3503 3503 3539 0 0 0 0 0 2485 2485 2485 2485 3468 3468 3433 3399 3365 3365 3333 3300 3300 3238 3238 3178 3178 3178 3208 3178 3178 2467 2467 2485 2467 2467 2467 2450 2450 2432 2415 2398 2381 2381 2365 2365 2349 2317 2317 2286 2286 2271 2271 2271 2256 2241 2226 2212 2212 2212 2198 2184 2170 2170 2156 2143 2143 2143 2103 2090 2090 2078 2078 2053 2053 2040 2040 2016 2005 1993 1981 1981 1970 1959 1947 1947 1947 1936 1936 1926 1926 1915 1904 1894 1883 1863 1863 1863 0 975 973 973 967 967 959 956 954 951 948 946 943 943 940 940 940 946 946 948 951 951 956 962 962 959 959 951 946 943 940 938 938 938 0 0
0 0 0 0 0 0 0 0 0 0 0 0 0 0 0 0 0 0 0 0 0 0 0 0 0 0 0 0 0 0 0 0 0 0 0 0 0 0 0 0 0 0 0 0 0 0 0 0 2432 2432 2432 0 0 0 0 0 0 0 0 0 0 0 0 0 0 0 0 0 0 0 0 0 0 0 0 0 0 0 0 0 0 0 0 0 0 0 0 0 0 0 0 0 2958 2958 2908 2908 2933 2933 2933 2958 2958 2958 2958 2958 3010 3010 3037 3037 3064 3092 3092 3092 3092 3064 3064 3064 3064 3064 2723 2701 2701 2723 2744 2789 2812 2812 2812 3208 3208 3120 3120 3120 3120 3120 3120 0 0 0 0 0 0 2503 2485 2485 0 0 0 0 0 0 0 0 0 0 0 0 0 0 0 0 0 0 0 0 0 0 0 0 0 0 0 0 0 0 0 0 0 0 0 0 3692 3653 3614 3614 3653 3653 3576 3576 3468 3468 3503 0 0 0 0 0 2485 2485 2485 2485 2485 3468 3468 3433 3433 3365 3333 3300 3300 3238 3238 3178 3178 3208 3208 3208 2503 2467 2467 2485 2467 2467 2467 2450 2450 2432 2415 2398 2381 2365 2365 2349 2349 2317 2317 2286 2286 2271 2271 2256 2256 2241 2226 2212 2212 2198 2198 2184 2170 2170 2156 2143 2143 2143 2103 2090 2090 2078 2078 2065 2053 2040 2040 2016 1993 1993 1981 1981 1970 1959 1947 1947 1947 1947 1947 1936 1936 1915 1904 1894 1883 1873 1873 1873 0 973 973 970 964 964 959 956 954 951 948 946 943 943 940 940 943 946 948 948 951 951 956 962 962 959 959 954 948 943 940 938 938 938 0 0
0 0 0 0 0 0 0 0 0 0 0 0 0 0 0 0 0 0 0 0 0 0 0 0 0 0 0 0 0 0 0 0 0 0 0 0 0 0 0 0 0 0 0 0 0 0 0 2432 2432 2450 2450 2467 0 0 0 0 0 0 0 0 0 0 0 0 0 0 0 0 0 0 0 0 0 0 0 0 0 0 0 0 0 0 0 0 0 0 0 0 0 0 0 0 0 0 2908 2908 2933 2933 2933 2958 2958 2958 2958 2958 0 0 3037 3037 3064 0 0 3092 3092 3064 2908 2883 2883 2859 2812 2723 2723 2744 2744 2789 2812 2812 0 2933 2933 2933 2958 2958 2958 3037 3037 0 0 0 0 0 0 2485 2485 2485 0 0 0 0 0 0 0 0 0 0 0 0 0 0 0 0 0 0 0 0 0 0 0 0 0 0 0 0 0 0 0 0 0 0 0 0 0 0 3614 3614 3653 3653 3576 3576 3468 3468 3503 0 0 0 0 0 2485 2467 2467 2450 2450 2467 3399 3433 3433 3433 3399 3365 3365 3269 3238 3208 3208 3208 3208 3208 2503 2503 2485 2485 2467 2467 2450 2450 2450 2432 2432 2398 2381 2365 2365 2349 2333 2317 2301 2301 2286 2271 2271 2256 2256 2241 2226 2212 2198 2198 2184 2184 2170 2156 2143 2143 2143 2129 2116 2090 2090 2078 2078 2065 2053 2040 2040 2028 1993 1993 1981 1981 1970 1959 1959 1947 1947 1947 1947 1947 1936 1915 1904 1894 1894 1883 1883 1883 973 973 973 970 964 964 959 956 954 951 948 946 943 943 943 943 943 946 948 948 951 954 959 962 962 962 959 956 948 943 940 940 938 938 0 0
0 0 0 0 0 0 0 0 0 0 0 0 0 0 0 0 0 0 0 0 0 0 0 0 0 0 0 0 0 0 0 0 0 0 0 0 0 0 0 0 0 0 0 0 0 0 2415 2415 2432 2432 2450 2467 2467 2467 0 0 0 0 0 0 0 0 0 0 0 0 0 0 0 0 0 0 0 0 0 0 0 0 0 0 0 0 0 0 0 0 0 0 0 0 0 0 0 0 0 0 0 0 0 0 0 0 0 0 0 0 0 0 0 0 0 0 0 0 2908 2883 2883 2859 2812 2744 2744 2744 2744 2744 2767 2767 2744 2883 2883 2859 2859 2859 2859 3037 3037 0 0 0 0 0 2485 2467 2467 2485 0 0 0 0 0 0 0 0 0 0 0 0 0 0 0 0 0 0 0 0 0 0 0 0 0 0 0 0 0 0 0 0 0 0 0 0 0 0 0 0 0 0 0 0 0 0 0 0 0 0 0 0 2485 2467 2467 2432 2415 2415 3399 3399 3433 3433 3399 3365 3365 3333 3300 3269 3269 3269 3269 3238 3238 2522 2485 2485 2467 2467 2450 2450 2450 2450 2432 2415 2381 2365 2365 2365 2333 2317 2301 2301 2286 2271 2271 2256 2256 2241 2226 2212 2198 2198 2184 2170 2170 2156 2143 2143 2143 2129 2116 2090 2090 2078 2078 2065 2065 2040 2028 2005 1993 1993 1993 1993 1981 1970 1959 1959 1959 1947 1947 1936 1936 1915 1904 1904 1904 1904 1904 1904 973 973 973 970 967 967 959 956 954 951 951 948 943 943 943 943 946 948 951 951 956 956 959 964 964 962 962 959 951 940 940 940 938 938 0 0
0 0 0 0 0 0 0 0 0 0 0 0 0 0 0 0 0 0 0 0 0 0 0 0 0 0 0 0 0 0 0 0 0 0 0 0 0 0 0 0 0 0 0 0 0 0 2415 2415 2415 2415 2432 2467 2467 2467 0 0 0 0 0 0 0 0 0 0 0 0 0 0 0 0 0 0 0 0 0 0 0 0 0 0 0 0 0 0 0 0 0 0 0 0 0 0 0 0 0 0 0 0 0 0 0 0 0 0 0 0 0 0 0 0 0 0 0 0 0 0 0 0 2789 2744 2744 2701 2701 2701 2723 2744 2744 2789 2812 2835 2859 2835 2835 0 0 0 0 0 0 0 2485 2467 2467 2485 2503 0 0 0 0 0 0 0 0 0 0 0 0 0 0 0 0 0 0 0 0 0 0 0 0 0 0 0 0 0 0 0 0 0 0 0 0 0 0 0 0 0 0 0 0 0 0 0 0 0 0 0 2467 2467 2432 2398 2398 2415 3399 3399 3433 3433 3433 3365 3365 3333 3333 3300 3300 3269 3238 3238 3238 2503 2503 2503 2467 2467 2450 2450 2450 2432 2415 2398 2398 2381 2381 2365 2349 2317 2301 2301 2286 2271 2271 2256 2256 2241 2226 2212 2212 2198 2184 2170 2156 2156 2143 2143 2143 2129 2116 2103 2103 2090 2078 2053 2053 2040 2028 2005 1993 1993 1993 1993 1993 1981 1959 1959 1947 1947 1936 1936 1926 1915 1904 1904 1904 1904 1904 1904 975 975 973 970 967 967 959 956 954 951 948 946 943 943 943 943 946 951 951 951 956 956 959 964 962 962 962 956 943 940 940 940 938 938 0 0
0 0 0 0 0 0 0 0 0 0 0 0 0 0 0 0 0 0 0 0 0 0 0 0 0 0 0 0 0 0 0 0 0 0 0 0 0 0 0 0 0 0 0 0 0 0 0 2432 2415 2415 2432 0 0 0 0 0 0 0 0 0 0 0 0 0 0 0 0 0 0 0 0 0 0 0 0 0 0 0 0 0 0 0 0 0 0 0 0 0 0 0 0 0 0 0 0 0 0 0 0 0 0 0 0 0 0 0 0 0 0 0 0 0 0 0 0 0 0 0 2789 2744 2744 2701 2701 2701 2639 2598 2598 2618 2812 2835 2835 2835 2835 0 0 0 0 0 0 0 2485 2467 2467 2467 2467 2467 0 0 0 0 0 0 0 0 0 0 0 0 0 0 0 0 0 0 0 0 0 0 0 0 0 0 0 0 0 0 0 0 0 0 0 0 0 0 0 0 0 0 0 0 0 0 0 0 0 0 2450 2450 2432 2398 2398 0 0 0 0 0 0 0 0 0 0 0 0 0 3238 3238 3238 2503 2503 2485 2467 2467 2450 2450 2450 2432 2415 2398 2398 2381 2381 2365 2349 2317 2301 2301 2286 2271 2271 2256 2256 2256 2241 2226 2212 2198 2184 2170 2156 2156 2143 2143 2143 2129 2116 2103 2103 2090 2090 2053 2053 2040 2028 2005 2005 2005 2005 1993 1993 1981 1959 1947 1947 1947 1936 1936 1926 1915 1904 1904 1904 1904 1904 0 978 978 975 973 967 967 962 959 954 951 948 946 943 943 943 946 948 951 951 951 956 956 959 962 962 962 962 954 943 940 940 940 938 938 0 0
0 0 0 0 0 0 0 0 0 0 0 0 0 0 0 0 0 0 0 0 0 0 0 0 0 0 0 0 0 0 0 0 0 0 0 0 0 0 0 0 0 0 0 0 0 0 0 0 0 0 0 0 0 0 0 0 0 0 0 0 0 0 0 0 0 0 0 0 0 0 0 0 0 0 0 0 0 0 0 0 0 0 0 0 0 0 0 0 0 0 0 0 0 0 0 0 0 0 0 0 0 0 0 0 0 0 0 0 0 0 0 0 0 0 0 0 0 0 0 0 0 0 0 0 2639 2541 2522 2522 2541 2522 2522 2522 2541 2560 0 0 0 0 0 2618 2618 2467 2467 2467 2467 2467 2503 0 0 0 0 0 0 0 0 0 0 0 0 0 0 0 0 0 0 0 0 0 0 0 0 0 0 0 0 0 0 0 0 0 0 0 0 0 0 0 0 0 0 0 0 0 0 0 0 0 2450 2450 2450 2450 2450 2450 0 0 0 0 0 0 0 0 0 0 0 0 0 2485 2485 2485 2485 2485 2467 2467 2450 2450 2450 2450 2415 2398 2398 2381 2381 2365 2365 2333 2317 2301 2286 2271 2271 2256 2256 2256 2241 2226 2212 2198 2184 2184 2156 2156 2156 2156 2143 2129 2103 2103 2090 2090 2078 2053 2053 2040 2028 2005 2005 2005 2005 1993 1993 1981 1959 1947 1947 1947 1936 1936 1926 1915 1904 1904 1904 1904 1904 0 978 978 978 973 970 964 962 959 954 951 948 946 943 943 943 943 948 948 951 951 956 959 959 962 962 962 962 954 948 943 940 940 938 938 0 0
0 0 0 0 0 0 0 0 0 0 0 0 0 0 0 0 0 0 0 0 0 0 0 0 0 0 0 0 0 0 0 0 0 0 0 0 0 0 0 0 0 0 0 0 0 0 0 0 0 0 0 0 0 0 0 0 0 0 0 0 0 0 0 0 0 0 0 0 0 0 0 0 0 0 0 0 0 0 0 0 0 0 0 0 0 0 0 0 0 0 0 0 0 0 0 0 0 0 0 0 0 0 0 0 0 0 0 0 0 0 0 0 0 0 0 0 0 0 0 0 0 0 0 0 0 2450 2450 2485 2485 2522 2467 2467 2541 2560 2560 0 0 0 2503 2503 2503 2485 2467 2467 2467 2467 2485 2503 0 0 0 0 0 0 0 0 0 0 0 2485 2485 2450 2450 0 0 0 0 0 0 0 0 0 0 0 0 0 0 0 0 0 0 0 0 0 0 0 0 0 0 0 0 0 0 0 0 0 2467 2467 2467 2467 2467 0 0 0 0 0 0 0 0 0 0 0 0 0 0 0 0 2485 2485 2485 2485 2450 2450 2450 2467 2450 2415 2398 2398 2381 2381 2381 2365 2333 2317 2317 2301 2286 2271 2256 2256 2256 2241 2226 2212 2198 2184 2184 2170 2156 2156 2156 2143 2116 2103 2103 2090 2090 2078 2053 2053 2040 2028 2005 2005 2005 2005 1993 1981 1970 1970 1959 1947 1947 1947 1936 1936 1915 1904 1904 1904 1904 1904 0 978 978 975 973 970 964 962 959 956 951 948 946 943 943 943 943 948 948 951 951 956 959 959 959 962 962 962 951 948 943 940 938 938 938 0 0
0 0 0 0 0 0 0 0 0 0 0 0 0 0 0 0 0 0 0 0 0 0 0 0 0 0 0 0 0 0 0 0 0 0 0 0 0 0 0 0 0 0 0 0 0 0 0 0 0 0 0 0 0 0 0 0 0 0 0 0 0 0 0 0 0 0 0 0 0 0 0 0 0 0 0 0 0 0 0 0 0 0 0 0 0 0 0 0 0 0 0 0 0 0 0 0 0 0 0 0 0 0 0 0 0 0 0 0 0 0 0 0 0 0 0 0 0 0 0 0 0 0 0 0 0 2432 2432 2432 2398 2398 2398 2398 2398 2349 0 0 0 0 2450 2450 2467 2467 2450 2450 2450 2450 2450 2450 0 0 0 0 2485 2450 2450 2467 2450 2450 2450 2450 2467 2450 2450 2432 2415 2415 2415 0 2398 2398 2415 2432 2467 2467 2467 2467 2467 2467 2467 0 0 0 0 0 0 0 0 0 0 0 0 0 0 0 0 2467 2467 2467 2467 2467 0 0 0 0 0 0 0 0 0 0 0 0 0 0 0 0 2618 2618 2639 2639 2450 2450 2450 2450 2467 2450 2432 2415 2398 2398 2398 2381 2381 2349 2333 2317 2301 2286 2271 2271 2256 2256 2256 2241 2212 2198 2198 2184 2170 2156 2156 2143 2143 2116 2103 2103 2090 2090 2078 2053 2053 2040 2028 2016 2016 2005 1993 1993 1981 1970 1970 1959 1947 1947 1947 1936 1926 1915 1904 1904 1904 1904 1904 0 978 978 975 973 970 967 962 959 956 951 948 946 943 943 943 943 948 948 951 954 956 959 959 959 962 962 959 951 948 943 940 938 938 938 0 0
0 0 0 0 0 0 0 0 0 0 0 0 0 0 0 0 0 0 0 0 0 0 0 0 0 0 0 0 0 0 0 0 0 0 0 1993 1993 2005 0 0 0 0 0 0 0 0 0 0 0 0 0 0 0 0 0 0 0 0 0 0 0 0 0 0 0 0 0 0 0 0 0 0 0 0 0 0 0 0 0 0 0 0 0 0 0 0 0 0 0 0 0 0 0 0 0 0 0 0 0 0 0 0 0 0 0 0 0 0 0 0 0 0 0 0 0 0 0 0 0 0 0 0 0 0 0 2415 2415 2432 2365 2349 2349 2365 2365 2349 2349 2349 2349 2349 2365 2398 2398 2398 2415 2415 2415 2432 2432 2432 0 0 0 2432 2432 2450 2450 2450 2450 2450 2450 2432 2432 2432 2432 2432 2415 2415 2415 2398 2398 2398 2415 2415 2450 2467 2467 2467 2450 2450 2432 2432 2415 2415 2415 2415 2467 2467 0 0 2398 2365 2365 2365 2398 2381 2381 2415 2450 2467 2541 0 0 0 0 0 0 0 0 0 0 0 0 0 0 0 2618 2618 2618 2618 2639 2639 2639 2450 2450 2450 2467 2450 2432 2415 2415 2415 2398 2398 2381 2365 2333 2317 2317 2286 2271 2271 2256 2256 2241 2226 2212 2198 2198 2184 2184 2170 2156 2143 2129 2116 2103 2103 2090 2090 2090 2065 2065 2040 2040 2016 2016 2005 1993 1993 1981 1970 1970 1959 1947 1947 1947 1936 1926 1915 1904 1904 1904 1904 1904 0 978 978 978 973 973 970 964 962 956 951 948 946 946 943 943 943 948 948 951 954 959 959 959 962 962 962 959 951 948 946 943 940 938 938 0 0
0 0 0 0 0 0 0 0 0 0 0 0 0 0 0 0 0 0 0 0 0 0 0 0 0 0 0 0 0 0 1959 1959 1959 0 0 1981 1981 1981 0 0 0 0 0 0 0 0 0 0 0 0 0 0 0 0 0 0 0 0 0 0 0 0 0 0 0 0 0 0 0 0 0 0 0 0 0 0 0 0 0 0 0 0 0 0 0 0 0 0 0 0 0 0 0 0 0 0 0 0 0 0 0 0 0 0 0 0 0 0 0 0 0 0 0 0 0 0 0 0 0 0 0 0 0 0 0 2415 2415 2432 2301 2301 2317 2317 2333 2317 2317 2333 2333 2333 2333 2333 2349 2349 2365 2381 2381 2398 2415 2415 2415 0 2432 2432 2432 2450 2450 2450 2450 2450 2450 2432 2432 2432 2432 2432 2415 2415 2415 2398 2398 2415 2398 2381 2381 2432 2450 2467 2450 2450 2415 2415 2415 2415 2398 2398 2467 2467 0 2381 2381 2365 2365 2365 2365 2365 2365 2365 2398 2432 2432 2432 2398 2398 0 2398 2398 2415 2432 2450 0 0 0 0 0 2541 2541 2541 2579 2598 2598 2598 2598 2541 2541 2467 2467 2450 2450 2432 2415 2415 2398 2398 2398 2398 2398 2398 2317 2317 2286 2271 2256 2256 2241 2226 2212 2198 2198 2184 2184 2170 2156 2143 2129 2129 2103 2103 2090 2090 2090 2065 2065 2040 2040 2028 2016 2005 1993 1993 1993 1981 1970 1959 1947 1947 1947 1936 1936 1926 1904 1904 1904 1904 1904 0 978 978 978 973 973 970 967 962 956 954 948 946 946 946 943 943 948 948 954 956 959 959 962 962 962 962 962 954 946 943 943 940 940 940 0 0
0 0 0 0 0 0 0 0 0 0 0 0 0 0 0 0 0 0 0 0 0 0 0 0 0 0 0 0 0 0 1947 1947 1947 1926 1915 1915 1947 1959 0 0 0 0 0 0 0 0 0 0 0 0 0 0 0 0 0 0 0 0 0 0 0 0 0 0 0 0 0 0 0 0 0 0 0 0 0 0 0 0 0 0 0 0 0 0 0 0 0 0 0 0 0 0 0 0 0 0 0 0 0 0 0 0 0 0 0 0 0 0 0 0 0 0 0 0 0 0 0 0 0 0 0 0 0 0 0 2040 2078 2301 2301 2301 2317 2317 2317 2301 2301 2317 2333 2333 2333 2333 2349 2129 2129 2129 2349 2398 2415 2415 0 2129 2129 2129 2129 2503 2503 2184 2184 2170 2170 2170 2184 2198 2184 2184 2415 2415 2415 2415 2415 2415 2241 2241 2286 2432 2450 2467 2450 2450 2415 2415 2349 2349 2365 2286 2286 2286 2301 2317 2333 2333 2333 2333 2349 2349 2349 2349 2349 2349 2365 2365 2365 2365 2349 2349 2381 2381 2398 2432 0 0 2365 2333 2317 2317 2522 2522 2579 2598 2598 2579 2541 2522 2485 2467 2450 2432 2432 2432 2415 2415 2415 2415 2415 2415 2432 2467 2522 2522 2541 2522 2256 2256 2256 2226 2212 2198 2198 2198 2184 2170 2143 2129 2129 2129 2129 2103 2103 2090 2090 2090 2065 2053 2040 2028 2016 2016 2005 1993 1993 1981 1970 1959 1947 1947 1947 1936 1936 1926 1904 1904 1904 1904 1904 981 978 978 978 973 970 970 967 962 956 954 951 946 946 946 946 948 948 951 954 956 959 962 962 962 962 962 962 951 946 943 943 940 940 940 0 0
0 0 0 0 0 0 0 0 0 0 0 0 0 0 0 0 0 0 0 0 0 0 0 0 0 0 0 0 0 0 1947 1947 1926 1915 1904 1904 1883 1883 0 0 0 0 0 0 0 0 0 0 0 0 0 0 0 0 0 0 0 0 0 0 0 0 0 0 0 0 0 0 0 0 0 0 0 0 0 0 0 0 0 0 0 0 0 0 0 1863 1863 1863 0 0 0 0 0 0 0 0 0 0 0 0 0 0 0 0 0 0 0 0 0 0 0 0 0 0 0 1993 1993 2016 2016 0 0 0 0 0 0 0 2078 2078 2078 2078 2040 2040 2078 2078 2078 2078 2078 2103 2103 2103 2103 2116 2116 2103 2090 2090 2078 2078 2078 2129 2129 2129 2129 2143 2170 2170 2184 2170 2170 2170 2184 2170 2170 2170 2184 2184 2184 2184 2170 2170 2198 2226 2226 2226 2226 2212 2212 2212 2212 2226 2226 2256 2286 2286 2271 2271 2271 2286 2286 2271 2271 2271 2286 2317 2317 2333 2317 2317 2333 2333 2333 2333 2333 2333 2349 2349 2381 2349 2333 2317 2317 2301 2271 2271 2271 2522 2541 2598 2271 2271 2541 2522 2450 2432 2432 2415 2415 2415 2415 2415 2415 2415 2432 2432 2432 2450 2503 2503 2503 2503 2503 2485 2485 2485 2485 2485 2198 2198 2198 2170 2143 2129 2129 2129 2129 2103 2103 2090 2090 2090 2078 2053 2053 2028 2028 2016 2016 1993 1993 1981 1981 1959 1947 1947 1947 1936 1936 1926 1904 1904 1904 1904 0 981 981 981 975 973 970 970 964 959 956 954 951 946 946 946 946 948 948 951 956 959 959 962 964 964 964 962 962 951 946 946 946 946 943 943 0 0
0 0 0 0 0 0 0 0 0 0 0 0 0 0 0 0 1785 1785 0 0 0 0 0 0 0 0 1804 1804 1813 1813 1785 1926 1926 1843 1843 1833 1833 1863 0 0 0 0 0 0 0 0 0 0 0 0 0 1757 1757 0 0 0 0 0 0 0 0 1776 1776 0 0 0 1823 1823 1823 1823 1823 1823 1823 0 1853 1853 1863 0 0 0 1853 1853 1853 1853 1863 1863 1863 1863 1863 1863 0 0 1904 1904 1904 1915 1926 1926 0 0 1926 1926 1936 1936 1936 1936 0 0 1993 1993 0 0 0 0 1970 1970 1981 1993 1970 1970 1970 1981 1981 2005 2005 2040 2040 2040 2040 2040 2028 2028 2028 2040 2053 2065 2065 2078 2078 2078 2078 2078 2103 2103 2090 2078 2065 2065 2065 2116 2116 2116 2129 2129 2143 2143 2170 2184 2184 2156 2129 2129 2156 2170 2170 2170 2170 2129 2129 2143 2184 2198 2198 2198 2156 2156 2184 2184 2198 2184 2184 2212 2212 2212 2241 2226 2226 2241 2241 2241 2241 2241 2256 2256 2271 2286 2286 2286 2286 2286 2301 2271 2271 2271 2271 2301 2301 2317 2301 2301 2301 2286 2271 2256 2241 2241 2226 2226 2241 2226 2226 2522 2450 2432 2415 2415 2415 2415 2398 2398 2398 2398 2398 2398 2398 2415 2415 2432 2415 2415 2432 2450 2450 2432 2432 2415 2415 2432 2432 2432 2432 2450 2129 2129 2129 2116 2103 2090 2090 2090 2078 2053 2053 2028 2028 2016 2016 1993 1993 1981 1981 1970 1959 1947 1947 1936 1936 1926 1904 1904 1915 1915 0 981 981 978 975 973 970 970 962 959 956 954 951 948 946 946 946 948 948 951 956 959 959 959 967 964 964 962 962 951 946 946 946 946 940 940 0 0
0 0 0 0 0 0 0 0 0 0 0 0 0 0 1776 1766 1766 1766 0 0 0 0 0 0 0 0 1794 1794 1794 1785 1785 1794 1794 1813 1833 1833 1823 1823 0 0 0 1722 1722 1713 1713 1722 0 1748 1748 1748 1748 1748 1757 1757 1785 1785 0 0 0 1766 1757 1757 1776 1776 0 0 1813 1804 1804 1813 1804 1804 1804 1804 1813 1843 1843 1823 1823 1833 1843 1843 1843 1853 1853 1863 1863 1863 1853 1853 1853 1863 1883 1894 1904 1904 1915 1904 1904 1904 1904 1915 1915 1926 1915 1915 1926 1926 1936 1947 1947 1915 1915 1915 1926 1936 1959 1970 1959 1947 1947 1959 1959 1981 1981 1981 2016 2016 2028 2016 2016 2005 2005 2016 2028 2040 2040 2053 2053 2065 2065 2065 2065 2078 2040 2028 2028 2028 2065 2065 2078 2090 2078 2078 2065 2065 2078 2078 2090 2116 2129 2116 2116 2143 2143 2065 2065 2090 2103 2103 2116 2129 2103 2103 2116 2129 2143 2143 2156 2156 2156 2156 2170 2170 2170 2170 2170 2212 2212 2212 2212 2198 2198 2184 2184 2198 2226 2241 2256 2256 2256 2241 2184 2170 2170 2170 2170 2184 2241 2256 2271 2271 2256 2241 2212 2212 2198 2198 2212 2212 2212 2212 2212 2381 2381 2381 2398 2398 2398 2381 2381 2365 2365 2365 2381 2381 2381 2398 2398 2398 2398 2381 2381 2398 2398 2398 2398 2415 2415 2415 2415 2381 2381 2349 2349 2349 2333 2333 2317 2317 2365 2053 2053 2028 2028 2028 2016 2005 1981 1981 1981 1970 1959 1947 1947 1936 1936 1926 1915 1915 1915 1915 1926 981 981 978 975 973 970 970 962 959 956 954 951 948 948 948 948 948 951 954 956 959 959 959 967 967 964 962 959 951 948 948 948 946 940 940 0 0
0 0 0 0 0 0 0 0 0 0 0 0 0 0 1748 1748 1739 1731 1722 1713 1713 0 0 0 0 0 1794 1776 1776 1766 1757 1757 1757 1757 1757 1757 1731 1722 1722 1722 1722 1713 1713 1705 1705 1713 1722 1731 1739 1739 1731 1731 1731 1731 1731 1785 1794 1731 1731 1748 1757 1757 1766 1776 1776 1776 1776 1785 1785 1785 1785 1785 1785 1785 1794 1804 1804 1813 1813 1823 1823 1833 1823 1823 1843 1853 1853 1853 1843 1843 1843 1843 1853 1883 1894 1894 1894 1873 1873 1883 1894 1904 1904 1904 1904 1904 1904 1883 1883 1894 1894 1894 1915 1915 1926 1936 1926 1904 1894 1894 1904 1926 1936 1947 1947 1947 1947 1947 1947 1970 1981 1970 1970 1970 1970 1981 2028 2028 2028 2028 2028 2016 2016 2016 2005 2005 2016 2016 2053 2053 2065 2040 2040 2028 2028 2028 2028 2028 2028 2028 2116 2103 2078 2053 2053 2053 2053 2065 2078 2078 2090 2065 2053 2053 2065 2078 2078 2090 2103 2103 2116 2116 2116 2129 2143 2143 2143 2129 2129 2170 2116 2116 2129 2143 2156 2170 2184 2184 2184 2184 2256 2129 2129 2129 2143 2156 2156 2170 2170 2198 2212 2241 2184 2170 2170 2156 2156 2184 2184 2184 2184 2184 2184 2184 2184 2184 2398 2398 2415 2381 2381 2365 2365 2349 2349 2349 2286 2286 2317 2317 2333 2317 2317 2333 2333 2333 2365 2317 2317 2317 2317 2333 2317 2317 2317 2317 2317 2317 2317 2317 2317 2333 2365 2028 2028 2040 2317 2317 1981 1981 1981 1970 1959 1947 1947 1947 1936 1926 1926 1926 1926 1926 1926 981 981 978 975 973 973 967 962 962 959 956 951 948 948 948 948 948 951 954 956 959 959 962 967 967 967 962 959 951 946 946 943 943 935 935 0 0
0 0 0 0 0 0 0 0 0 0 0 0 0 0 1696 1696 1705 1696 1688 1688 1680 1680 1680 1680 0 0 1776 1776 1748 1731 1731 1739 1748 1757 1757 1757 1722 1713 1713 1705 1705 1705 1705 1696 1696 1713 1722 1731 1731 1731 1722 1722 1722 1722 1722 1713 1713 1713 1713 1722 1739 1739 1748 1748 1731 1731 1739 1748 1757 1757 1766 1766 1766 1766 1766 1766 1766 1776 1776 1785 1785 1794 1785 1785 1776 1776 1776 1823 1813 1813 1813 1813 1813 1823 1894 1894 1894 1843 1843 1843 1853 1873 1883 1883 1883 1883 1883 1853 1853 1863 1863 1873 1853 1853 1926 1915 1894 1873 1873 1883 1883 1894 1915 1926 1926 1926 1915 1904 1904 1915 1970 1959 1959 1936 1936 1904 1904 1959 1981 1970 1959 1959 1970 1970 1970 1981 1981 1993 2053 1959 1959 1959 2005 2016 2016 2005 2005 2005 1993 1993 1981 1981 2078 2028 2016 2016 2016 2016 2016 2028 2028 2028 2028 2028 2040 2040 2040 2053 2065 2065 2078 2065 2065 2053 2053 2053 2078 2103 2103 2078 2078 2078 2078 2078 2090 2103 2103 2103 2090 2090 2090 2103 2103 2103 2129 2143 2156 2156 2170 2156 2143 2143 2129 2129 2143 2143 2129 2129 2129 2143 2143 2143 2143 2129 2129 2156 2156 2103 2103 2103 2103 2103 2103 2116 2116 2116 2286 2271 2271 2256 2256 2256 2256 2271 2301 2301 2271 2256 2256 2271 2271 2286 2286 2286 2271 2271 2271 2286 2301 2301 2317 2301 2286 2256 2241 2241 2256 2286 2271 2271 2286 1970 1959 1959 1959 1947 1947 1936 1926 1926 1926 1926 1926 1926 978 978 975 973 973 967 962 962 959 956 951 948 948 948 948 951 951 956 956 959 959 964 970 967 967 962 959 951 946 943 940 935 935 933 933 0
0 0 0 0 0 0 0 0 0 0 0 0 0 0 1696 1696 1705 1663 1663 1663 1663 1663 1680 1680 1680 1688 1688 1688 1688 1696 1705 1713 1748 1757 1757 1680 1680 1680 1680 1680 1671 1671 1671 1671 1680 1639 1639 1647 1647 1663 1696 1705 1705 1688 1688 1688 1688 1705 1705 1713 1696 1696 1713 1713 1713 1713 1731 1739 1739 1731 1731 1739 1731 1731 1739 1731 1722 1722 1722 1722 1739 1748 1748 1757 1757 1748 1748 1748 1757 1776 1785 1794 1776 1766 1757 1757 1766 1776 1785 1794 1794 1804 1794 1794 1804 1804 1804 1813 1823 1843 1853 1853 1853 1853 1823 1823 1853 1853 1853 1863 1853 1853 1915 1926 1926 1863 1863 1873 1883 1873 1863 1863 1863 1873 1883 1873 1863 1863 1853 1853 1894 1904 1915 1926 1926 1926 1926 1904 1904 1926 1936 1936 2005 2016 2016 2005 2005 1970 1970 1970 1947 1926 1926 1947 1959 1959 1970 1993 1993 2005 1993 1993 2005 2005 2016 2016 2016 2053 2040 2040 2040 2040 2040 2028 2028 2028 2053 2103 2103 2040 2040 2040 2040 2040 2040 2040 2040 2053 2065 2065 2065 2065 2078 2078 2090 2090 2116 2116 2028 2028 2090 2065 2065 2065 2065 2065 2065 2053 2053 2053 2053 2065 2065 2078 2090 2103 2103 2090 2090 2090 2090 2090 2090 2090 2078 2053 2053 2040 2040 2226 2226 2226 2226 2241 2226 2226 2241 2241 2241 2241 2241 2212 2212 2212 2226 2226 2241 2256 2256 2256 2256 2226 2226 2212 2198 2198 2198 2226 2241 2241 2271 2256 2241 2212 2198 2198 1959 1947 1936 1926 1926 1926 1926 0 978 978 978 973 973 967 964 962 959 956 951 948 948 948 948 951 951 956 959 959 962 964 970 967 967 962 959 951 948 940 940 935 935 930 930 0
0 0 0 0 0 0 0 0 0 0 0 0 0 0 0 0 1713 1639 1639 1647 1647 1647 1655 1680 1680 1639 1639 1647 1655 1663 1663 1663 1663 1624 1671 1671 1671 1655 1655 1647 1647 1647 1632 1632 1632 1632 1632 1632 1632 1647 1647 1663 1655 1647 1647 1655 1655 1671 1696 1671 1655 1655 1647 1647 1655 1655 1647 1647 1713 1713 1713 1705 1705 1705 1705 1713 1713 1713 1713 1713 1713 1722 1722 1739 1739 1739 1739 1739 1757 1757 1766 1794 1739 1739 1739 1748 1748 1766 1766 1766 1766 1776 1785 1785 1785 1785 1785 1776 1776 1843 1853 1853 1853 1853 1785 1785 1776 1776 1776 1776 1785 1785 1785 1794 1794 1794 1813 1843 1843 1843 1833 1833 1833 1833 1833 1833 1853 1853 1853 1853 1853 1843 1843 1883 1883 1873 1873 1843 1843 1863 1863 1883 1883 1853 1853 1853 1853 1853 1853 1863 1883 1883 1883 1873 1863 1863 1863 1853 1853 1863 1873 1873 1873 1863 1853 1853 1863 1873 1873 1873 1873 1883 1904 1904 1904 1904 1904 1904 1904 1915 1926 1926 1947 1894 1894 1904 1915 1947 1947 1947 1926 1926 1926 1926 2016 2016 2005 1993 1970 1970 2028 2053 2040 1981 1981 1981 1981 2005 1993 1993 1993 1993 2005 2028 1993 1993 2005 2078 2065 2065 2005 1981 1981 1993 1993 1993 1993 2005 2005 1993 1970 1959 1959 1959 1959 1959 1959 1947 1947 2226 2143 2143 2184 2129 2129 2143 2129 2129 2129 2129 2143 2143 2143 2143 2143 2143 2143 2143 2143 2143 2143 2184 2184 2170 2170 2170 2184 1947 1936 1926 1926 1926 1926 0 984 981 981 975 970 967 964 962 959 956 951 948 948 948 948 951 954 956 959 962 962 967 967 967 967 962 959 951 946 940 938 935 935 930 930 0
0 0 0 0 0 0 0 0 0 0 0 0 0 0 0 1586 1586 1594 1601 1624 1639 1647 1601 1601 1609 1609 1616 1624 1639 1647 1647 1647 1624 1624 1624 1647 1624 1624 1624 1624 1624 1624 1609 1609 1616 1616 1616 1616 1616 1609 1609 1624 1624 1609 1609 1601 1594 1586 1586 1594 1594 1616 1609 1609 1601 1601 1609 1609 1609 1609 1609 1609 1609 1624 1624 1624 1624 1632 1632 1632 1688 1624 1624 1624 1624 1624 1639 1655 1655 1647 1647 1647 1647 1663 1671 1688 1705 1671 1671 1671 1671 1696 1680 1680 1680 1680 1688 1713 1713 1713 1722 1722 1722 1705 1705 1757 1757 1739 1739 1739 1757 1748 1748 1757 1757 1766 1776 1739 1739 1731 1713 1713 1776 1766 1766 1757 1748 1739 1739 1748 1766 1766 1766 1766 1766 1766 1766 1776 1843 1843 1785 1766 1766 1757 1757 1813 1804 1804 1794 1794 1883 1883 1833 1833 1833 1833 1843 1833 1833 1833 1823 1823 1823 1823 1823 1833 1833 1833 1843 1853 1853 1853 1863 1873 1873 1873 1883 1894 1894 1904 1883 1883 1873 1873 1873 1883 1883 1883 1883 1883 1894 1894 1904 1904 1883 1873 1873 1993 1947 1873 1853 1853 1853 1883 1915 1936 1936 1936 1947 1947 1959 1936 1894 1894 1904 1947 1947 1936 1873 1873 1873 1936 1936 1959 1981 1981 1981 1970 1970 1970 1970 1959 1947 1947 1947 1959 1959 1947 1947 2226 2143 2143 2184 2129 2129 2103 2103 2103 2103 2090 2090 2103 2116 2103 2090 2090 2103 2103 2090 2065 2065 2065 2065 2090 2090 2090 2078 2078 2090 2065 2065 2065 0 984 984 981 981 975 970 967 964 962 959 956 951 951 948 948 948 951 954 956 962 962 964 967 967 967 967 959 954 951 946 943 938 935 935 930 930 0
0 0 0 0 0 0 0 0 0 0 0 0 0 0 0 1550 1550 1557 1564 1564 1543 1543 1550 1557 1564 1586 1586 1579 1564 1564 1564 1564 1564 1564 1564 1572 1572 1579 1579 1550 1536 1536 1536 1536 1536 1543 1550 1564 1557 1557 1557 1557 1564 1594 1594 1564 1564 1564 1579 1579 1579 1616 1572 1572 1586 1586 1586 1586 1572 1572 1586 1586 1586 1586 1594 1601 1609 1594 1594 1594 1601 1601 1609 1601 1601 1609 1616 1632 1639 1639 1639 1647 1647 1639 1624 1624 1616 1616 1632 1639 1647 1655 1655 1655 1655 1655 1663 1663 1713 1713 1722 1713 1696 1639 1639 1639 1647 1655 1671 1671 1688 1688 1705 1688 1688 1680 1680 1688 1705 1713 1705 1688 1688 1688 1766 1731 1731 1731 1731 1731 1731 1739 1748 1757 1757 1757 1757 1757 1739 1739 1739 1739 1766 1757 1748 1748 1757 1757 1757 1766 1766 1766 1766 1833 1833 1833 1843 1833 1823 1813 1813 1813 1813 1813 1813 1813 1813 1823 1833 1833 1833 1843 1843 1843 1843 1843 1804 1804 1804 1813 1833 1853 1853 1853 1863 1863 1863 1853 1853 1853 1863 1873 1853 1853 1853 1853 1853 1843 1833 1833 1843 1843 1843 1833 1833 1843 1873 1873 1873 1894 1894 1894 1883 1883 1894 1894 1883 1883 1863 1863 1863 1873 1883 1883 1947 1947 1947 1926 1926 1936 1947 1947 1947 1936 1936 1936 1947 1936 1926 1915 1904 1904 1915 1915 1915 2103 2103 2103 2103 2090 1883 1873 1873 1873 2040 2065 2078 2065 2065 2016 2016 2016 2005 2005 2028 2053 2053 2053 2053 2053 2065 2065 0 984 984 981 981 978 973 970 967 962 959 956 951 951 951 948 948 951 954 956 959 962 964 967 967 964 964 959 954 951 948 946 940 935 935 933 933 0
0 0 0 0 0 0 0 0 0 0 0 0 0 0 0 1529 1529 1509 1489 1489 1489 1503 1516 1516 1529 1483 1483 1483 1536 1536 1550 1557 1557 1550 1550 1550 1550 1550 1543 1536 1523 1523 1523 1523 1516 1516 1516 1516 1536 1536 1536 1529 1529 1516 1516 1516 1550 1550 1536 1529 1523 1523 1523 1529 1529 1536 1543 1529 1529 1557 1564 1572 1572 1572 1572 1572 1579 1564 1564 1572 1579 1586 1594 1586 1586 1594 1609 1609 1609 1586 1586 1594 1616 1609 1609 1609 1609 1609 1616 1624 1624 1616 1616 1624 1632 1632 1616 1601 1601 1624 1624 1616 1616 1616 1616 1624 1632 1639 1647 1639 1639 1639 1639 1639 1671 1663 1663 1671 1680 1680 1688 1655 1655 1663 1671 1680 1680 1722 1722 1722 1722 1731 1739 1739 1739 1739 1739 1739 1731 1722 1722 1722 1739 1739 1731 1731 1739 1739 1739 1739 1731 1731 1722 1713 1713 1713 1713 1722 1722 1731 1748 1757 1785 1785 1794 1794 1794 1804 1804 1833 1823 1823 1833 1823 1804 1804 1785 1785 1794 1794 1804 1843 1843 1843 1843 1843 1833 1813 1813 1813 1804 1804 1813 1813 1823 1813 1813 1804 1804 1813 1823 1823 1833 1823 1823 1833 1833 1804 1804 1823 1843 1843 1853 1863 1863 1873 1843 1843 1843 1843 1843 1853 1853 1853 1833 1833 1833 1853 1873 1883 1947 1947 1926 1904 1904 1926 1936 1936 1894 1894 1904 1904 1904 1915 1904 1823 1823 1894 1904 1873 1873 1863 1863 1873 2040 2065 2053 2040 2028 1981 1981 1993 1993 1993 1993 1993 2005 2028 2028 2028 2028 2028 0 984 984 984 981 978 973 970 967 962 959 959 956 954 951 951 951 954 956 959 959 962 964 967 970 964 964 962 962 956 951 951 943 940 935 935 0 0
0 0 0 0 0 0 0 0 0 0 0 0 0 0 0 1489 1489 1489 1483 1483 1489 1496 1503 1503 1483 1483 1483 1483 1509 1523 1536 1543 1543 1523 1516 1509 1509 1529 1529 1529 1509 1509 1496 1496 1496 1489 1489 1496 1489 1489 1496 1483 1483 1509 1509 1509 1509 1516 1509 1509 1503 1503 1509 1503 1503 1503 1503 1503 1503 1503 1503 1503 1550 1550 1550 1550 1550 1550 1550 1550 1550 1557 1572 1572 1572 1572 1586 1586 1579 1557 1557 1557 1557 1557 1594 1594 1601 1601 1601 1601 1594 1594 1601 1601 1601 1609 1609 1601 1601 1586 1586 1594 1601 1601 1609 1624 1632 1632 1632 1624 1624 1609 1609 1609 1609 1647 1647 1647 1647 1616 1616 1647 1647 1655 1647 1647 1647 1647 1647 1647 1722 1609 1609 1632 1632 1671 1671 1680 1663 1663 1671 1671 1663 1647 1647 1671 1671 1671 1688 1688 1688 1696 1705 1705 1705 1705 1705 1713 1705 1696 1696 1696 1776 1785 1785 1688 1688 1688 1688 1696 1823 1705 1705 1705 1705 1722 1748 1757 1739 1739 1739 1739 1739 1731 1731 1731 1766 1766 1739 1739 1739 1731 1731 1785 1785 1785 1785 1794 1794 1794 1794 1785 1766 1766 1785 1813 1813 1785 1785 1776 1776 1794 1813 1785 1785 1823 1813 1813 1833 1833 1833 1823 1823 1813 1813 1813 1813 1804 1794 1794 1804 1804 1804 1804 1823 1813 1813 1804 1804 1813 1833 1833 1804 1804 1804 1804 1823 1833 1833 1853 1853 1853 1853 1833 1823 1823 1823 1823 1970 1970 1970 1981 1981 1970 1959 1947 1936 1936 1981 1981 1981 0 984 987 987 984 981 978 973 970 967 962 962 959 956 954 951 951 951 954 956 959 959 962 964 967 970 964 964 962 962 956 956 948 943 940 938 938 0 0
0 0 0 0 0 0 0 0 0 0 0 0 0 0 0 1477 1477 1477 1477 1470 1470 1477 1483 1489 1477 1477 1470 1470 1496 1509 1483 1483 1489 1496 1503 1509 1509 1516 1509 1509 1503 1483 1483 1464 1464 1464 1477 1477 1477 1477 1470 1464 1458 1458 1458 1458 1458 1458 1477 1477 1483 1483 1483 1483 1483 1483 1489 1489 1496 1496 1496 1489 1489 1496 1523 1543 1509 1509 1523 1523 1536 1509 1509 1509 1516 1509 1509 1523 1529 1536 1536 1543 1536 1529 1529 1536 1536 1543 1550 1550 1557 1579 1557 1557 1557 1557 1579 1579 1579 1536 1536 1550 1579 1579 1579 1579 1586 1586 1609 1609 1601 1594 1594 1586 1586 1579 1579 1586 1586 1586 1594 1601 1624 1616 1616 1609 1609 1609 1601 1601 1601 1601 1609 1616 1616 1624 1632 1632 1639 1639 1632 1624 1624 1632 1632 1639 1639 1639 1655 1655 1671 1680 1680 1688 1632 1632 1639 1639 1663 1671 1671 1663 1663 1671 1680 1680 1688 1688 1688 1688 1688 1688 1696 1696 1696 1696 1705 1722 1731 1731 1722 1713 1713 1713 1722 1713 1713 1705 1705 1705 1722 1722 1722 1731 1739 1731 1731 1731 1731 1731 1739 1748 1748 1748 1748 1748 1757 1757 1757 1757 1757 1757 1757 1757 1757 1757 1757 1757 1757 1757 1766 1766 1776 1785 1776 1776 1776 1776 1785 1785 1785 1794 1794 1794 1785 1785 1785 1785 1785 1785 1785 1794 1785 1785 1794 1794 1794 1794 1794 1833 1833 1833 1833 1833 1813 1813 1813 1813 1970 1970 1970 1981 1981 1926 1915 1904 1904 1904 1904 1904 1981 0 984 984 984 984 981 975 973 970 967 962 962 959 956 954 951 951 954 956 959 959 962 964 964 970 970 967 964 962 959 951 951 948 943 940 938 938 0 0
0 0 0 0 0 0 0 0 0 0 0 0 0 0 0 1452 1452 1464 1464 1452 1452 1433 1433 1433 1433 1452 1458 1458 1452 1452 1458 1458 1458 1458 1452 1452 1452 1439 1439 1452 1445 1445 1445 1439 1439 1433 1433 1427 1427 1433 1433 1433 1433 1433 1433 1445 1452 1452 1458 1458 1464 1464 1464 1470 1470 1477 1477 1477 1477 1477 1477 1470 1470 1470 1470 1470 1483 1489 1489 1496 1483 1483 1489 1496 1503 1496 1496 1496 1503 1516 1529 1529 1523 1516 1516 1523 1523 1523 1523 1516 1516 1509 1509 1523 1536 1536 1529 1529 1529 1529 1529 1536 1543 1543 1543 1543 1536 1529 1529 1536 1550 1550 1572 1557 1550 1543 1543 1550 1564 1564 1557 1557 1557 1586 1601 1594 1594 1594 1594 1594 1594 1594 1601 1609 1616 1616 1624 1624 1624 1609 1609 1609 1609 1616 1624 1632 1616 1616 1632 1639 1639 1616 1594 1594 1601 1609 1616 1624 1632 1632 1647 1655 1655 1639 1639 1655 1680 1663 1655 1639 1639 1655 1680 1680 1680 1680 1680 1713 1713 1713 1713 1688 1639 1639 1663 1663 1680 1680 1680 1688 1696 1705 1713 1713 1722 1713 1713 1713 1713 1722 1731 1731 1731 1713 1713 1713 1713 1713 1722 1731 1722 1722 1713 1713 1722 1722 1731 1722 1722 1722 1722 1739 1748 1757 1757 1757 1757 1757 1766 1766 1776 1785 1785 1785 1776 1776 1748 1748 1748 1748 1748 1757 1757 1766 1785 1785 1785 1776 1776 1785 1794 1794 1794 1794 1748 1748 1748 1748 1748 1748 1757 1757 1766 1926 1915 1894 1894 1894 1904 1904 1904 0 984 984 984 984 981 975 973 970 967 964 962 959 954 954 951 951 954 956 959 962 964 967 970 970 970 967 964 962 959 951 951 951 943 940 938 938 0 0
0 0 0 0 0 0 0 0 0 0 0 0 0 0 0 1452 1415 1404 1404 1415 1427 1421 1421 1427 1427 1433 1439 1439 1452 1452 1452 1452 1452 1433 1433 1433 1433 1433 1433 1445 1439 1433 1433 1421 1410 1410 1404 1404 1404 1410 1410 1415 1421 1421 1421 1427 1427 1433 1439 1439 1439 1439 1433 1433 1415 1410 1410 1439 1439 1445 1452 1458 1458 1452 1452 1452 1445 1445 1470 1496 1464 1464 1470 1470 1483 1483 1483 1483 1489 1503 1516 1516 1509 1496 1496 1489 1489 1503 1503 1503 1503 1503 1503 1503 1503 1503 1516 1516 1516 1516 1516 1523 1523 1529 1529 1529 1516 1516 1516 1516 1516 1523 1523 1523 1529 1523 1523 1529 1529 1536 1529 1529 1529 1529 1529 1550 1529 1529 1564 1572 1557 1550 1550 1601 1601 1616 1579 1579 1579 1579 1579 1579 1579 1616 1624 1632 1601 1601 1632 1639 1639 1579 1579 1579 1586 1594 1601 1601 1601 1601 1616 1632 1632 1616 1616 1624 1624 1624 1624 1616 1609 1609 1624 1624 1632 1632 1632 1624 1624 1609 1609 1609 1616 1616 1616 1663 1655 1655 1655 1647 1632 1632 1632 1663 1663 1680 1680 1680 1680 1680 1655 1655 1713 1663 1663 1680 1688 1688 1705 1705 1705 1705 1696 1696 1688 1688 1688 1696 1688 1688 1696 1705 1705 1713 1713 1722 1731 1739 1713 1713 1731 1713 1713 1696 1696 1722 1722 1722 1722 1722 1722 1739 1748 1722 1722 1722 1739 1748 1757 1757 1757 1757 1748 1739 1739 1739 1739 1739 1739 1739 1731 1722 1713 1713 1713 1722 1731 1713 1713 1904 1904 1705 989 989 987 987 984 978 973 970 970 964 962 959 954 954 951 951 954 959 959 962 964 967 970 973 973 967 964 964 962 956 954 951 943 940 938 938 0 0
0 0 0 0 0 0 0 0 0 0 0 0 0 0 0 1370 1370 1387 1387 1398 1404 1404 1404 1398 1392 1387 1387 1392 1392 1392 1392 1392 1404 1410 1410 1427 1427 1427 1421 1421 1427 1421 1415 1404 1392 1387 1387 1381 1381 1392 1398 1398 1404 1404 1410 1410 1410 1410 1410 1421 1421 1415 1404 1404 1404 1398 1398 1404 1404 1410 1410 1421 1439 1439 1439 1427 1421 1421 1421 1421 1421 1427 1427 1427 1427 1427 1458 1458 1452 1439 1433 1433 1433 1433 1458 1458 1458 1458 1470 1470 1489 1489 1489 1483 1483 1483 1483 1483 1489 1496 1503 1509 1523 1529 1509 1509 1509 1509 1509 1509 1509 1496 1496 1509 1509 1509 1509 1503 1503 1503 1516 1523 1529 1516 1516 1516 1516 1516 1516 1523 1523 1536 1536 1601 1601 1601 1579 1579 1579 1550 1550 1543 1543 1543 1543 1543 1550 1550 1550 1543 1543 1550 1557 1564 1564 1572 1586 1586 1572 1564 1564 1564 1564 1564 1586 1601 1601 1594 1594 1594 1601 1601 1601 1601 1616 1616 1609 1609 1609 1609 1609 1609 1601 1601 1601 1609 1609 1609 1624 1616 1616 1616 1616 1616 1616 1609 1609 1647 1632 1632 1632 1632 1647 1647 1655 1655 1663 1655 1655 1655 1655 1688 1688 1655 1655 1655 1647 1647 1663 1663 1663 1663 1624 1624 1671 1663 1663 1671 1671 1671 1680 1688 1680 1680 1680 1680 1705 1722 1722 1705 1705 1696 1696 1688 1688 1696 1705 1713 1722 1722 1705 1705 1705 1713 1713 1705 1696 1696 1705 1705 1713 1705 1705 1705 1705 1705 1713 1713 1705 1705 1705 1705 1705 987 987 987 984 978 975 973 970 967 962 959 956 954 954 954 956 959 959 962 967 967 970 973 973 970 964 964 962 959 954 951 940 940 938 938 0 0
0 0 0 0 0 0 0 0 0 0 0 0 0 0 0 1365 1365 1365 1365 1365 1370 1404 1392 1387 1381 1376 1370 1370 1376 1381 1387 1381 1381 1387 1398 1392 1392 1392 1398 1410 1410 1398 1387 1381 1365 1365 1365 1365 1365 1365 1365 1365 1365 1370 1381 1392 1387 1387 1387 1387 1387 1387 1381 1381 1381 1381 1387 1392 1398 1392 1392 1392 1387 1387 1392 1392 1404 1404 1410 1410 1410 1410 1415 1421 1421 1410 1410 1445 1439 1427 1427 1421 1421 1427 1439 1439 1439 1433 1433 1445 1452 1452 1470 1464 1464 1458 1452 1452 1458 1464 1464 1470 1452 1445 1445 1445 1452 1458 1470 1452 1452 1470 1470 1477 1477 1477 1477 1477 1477 1477 1477 1489 1489 1477 1477 1477 1496 1503 1503 1503 1503 1503 1496 1496 1503 1503 1503 1496 1496 1496 1523 1536 1536 1543 1536 1503 1496 1496 1503 1516 1536 1536 1536 1543 1543 1543 1536 1536 1543 1543 1543 1543 1543 1543 1543 1550 1586 1572 1564 1564 1572 1572 1572 1572 1579 1586 1586 1594 1586 1586 1586 1586 1579 1579 1579 1579 1586 1586 1594 1601 1601 1594 1594 1594 1601 1594 1594 1601 1601 1616 1624 1601 1601 1594 1594 1594 1594 1594 1601 1624 1616 1594 1594 1601 1609 1616 1616 1616 1632 1647 1624 1616 1609 1609 1632 1632 1639 1639 1639 1647 1647 1632 1632 1632 1632 1639 1632 1632 1639 1639 1655 1663 1671 1680 1680 1671 1671 1671 1688 1722 1671 1671 1671 1680 1680 1680 1671 1671 1671 1680 1688 1696 1680 1680 1680 1680 1696 1696 1680 1671 1671 1671 0 989 989 987 984 981 975 973 970 964 962 959 956 956 956 956 959 959 962 962 967 970 970 973 973 970 964 964 962 959 956 951 940 938 935 935 0 0
0 0 0 0 0 0 0 0 0 0 0 0 0 0 0 1359 1359 1359 1359 1354 1343 1343 1359 1365 1365 1359 1359 1359 1359 1365 1370 1365 1359 1359 1365 1365 1370 1376 1376 1387 1387 1381 1370 1365 1354 1354 1354 1333 1333 1343 1343 1349 1349 1354 1354 1370 1370 1376 1365 1365 1370 1370 1365 1365 1370 1370 1370 1376 1365 1365 1370 1376 1376 1376 1376 1376 1398 1398 1404 1404 1392 1392 1392 1398 1398 1398 1398 1387 1387 1404 1415 1410 1410 1415 1415 1421 1421 1421 1415 1415 1404 1404 1410 1410 1445 1445 1439 1439 1458 1464 1464 1470 1452 1427 1427 1421 1421 1433 1433 1445 1445 1452 1458 1458 1464 1464 1464 1464 1464 1464 1464 1477 1470 1452 1452 1452 1445 1445 1452 1452 1445 1445 1483 1483 1483 1483 1470 1470 1477 1477 1483 1536 1536 1543 1536 1489 1483 1483 1489 1496 1516 1516 1523 1543 1489 1489 1489 1516 1523 1529 1516 1503 1503 1509 1509 1509 1516 1516 1516 1523 1523 1509 1509 1496 1496 1529 1543 1594 1557 1557 1557 1557 1564 1564 1564 1536 1536 1543 1564 1572 1557 1550 1550 1550 1550 1550 1550 1550 1572 1572 1564 1564 1564 1579 1579 1579 1586 1586 1586 1586 1586 1586 1586 1586 1586 1586 1594 1594 1616 1594 1594 1594 1594 1594 1609 1601 1601 1616 1616 1616 1609 1609 1609 1616 1616 1609 1609 1609 1624 1624 1632 1647 1647 1663 1655 1655 1655 1663 1663 1616 1616 1616 1624 1655 1655 1647 1639 1639 1647 1655 1647 1647 1647 1647 1663 1671 1671 1671 1671 1671 1671 1671 995 987 987 987 984 981 975 973 970 964 962 962 959 956 956 956 959 959 962 964 967 970 970 973 973 970 964 964 962 959 956 951 940 938 935 935 0 0
0 0 0 0 0 0 0 0 0 0 0 0 0 0 0 1359 1354 1354 1343 1333 1328 1322 1322 1328 1338 1354 1354 1343 1343 1365 1343 1343 1349 1343 1343 1343 1354 1354 1343 1343 1349 1354 1354 1349 1328 1317 1307 1307 1312 1317 1328 1338 1343 1349 1338 1333 1333 1333 1338 1349 1354 1354 1349 1349 1343 1343 1354 1349 1349 1354 1354 1365 1370 1376 1354 1354 1359 1398 1365 1365 1370 1365 1359 1359 1349 1349 1359 1359 1359 1365 1365 1365 1365 1365 1370 1376 1376 1381 1387 1376 1376 1387 1387 1392 1392 1398 1410 1410 1398 1398 1398 1398 1404 1404 1404 1410 1415 1415 1421 1427 1415 1415 1415 1415 1421 1421 1421 1421 1421 1433 1439 1439 1433 1433 1445 1433 1433 1433 1439 1439 1439 1439 1439 1464 1464 1470 1464 1464 1477 1452 1452 1452 1458 1458 1452 1452 1452 1458 1477 1464 1464 1464 1464 1464 1464 1464 1464 1470 1523 1489 1489 1489 1489 1489 1489 1496 1509 1509 1503 1503 1496 1496 1496 1496 1496 1503 1503 1503 1516 1516 1516 1509 1509 1516 1536 1516 1516 1523 1523 1523 1523 1523 1529 1536 1536 1536 1536 1536 1536 1550 1550 1550 1550 1550 1557 1557 1564 1564 1557 1557 1564 1572 1564 1557 1557 1550 1550 1572 1572 1594 1550 1550 1579 1594 1609 1564 1564 1572 1579 1572 1564 1564 1572 1609 1609 1601 1601 1601 1609 1609 1594 1594 1586 1586 1586 1601 1616 1616 1586 1586 1594 1601 1601 1616 1616 1609 1609 1601 1601 1601 1601 1609 1624 1624 1647 1647 1647 1624 1624 1663 1671 1671 995 995 987 987 984 981 975 973 970 964 962 962 959 956 956 956 959 959 962 964 970 973 973 973 973 970 964 964 962 959 956 948 943 938 938 938 0 0
0 0 0 0 0 0 0 0 0 0 0 0 0 0 0 0 1283 1283 1288 1288 1288 1312 1312 1322 1322 1338 1338 1322 1307 1307 1307 1322 1322 1333 1333 1338 1328 1328 1322 1322 1333 1338 1338 1328 1312 1307 1302 1302 1302 1302 1307 1322 1333 1333 1317 1312 1312 1312 1312 1322 1317 1317 1317 1317 1317 1317 1317 1317 1328 1343 1349 1354 1370 1322 1322 1322 1322 1322 1322 1349 1349 1343 1343 1343 1338 1338 1343 1343 1343 1349 1349 1354 1354 1354 1359 1359 1359 1359 1359 1365 1365 1370 1365 1365 1376 1359 1359 1365 1381 1376 1376 1387 1398 1398 1398 1404 1404 1404 1410 1381 1381 1387 1387 1392 1392 1398 1410 1410 1410 1376 1376 1381 1381 1392 1392 1404 1404 1404 1421 1427 1421 1421 1404 1404 1398 1398 1404 1404 1404 1415 1415 1439 1445 1439 1439 1433 1433 1439 1427 1427 1445 1445 1445 1464 1464 1458 1452 1452 1452 1489 1458 1458 1477 1477 1464 1445 1445 1445 1445 1445 1477 1477 1477 1477 1483 1483 1483 1496 1496 1496 1503 1503 1503 1489 1489 1509 1509 1509 1496 1496 1496 1503 1503 1509 1516 1509 1503 1503 1516 1536 1536 1543 1529 1503 1503 1529 1529 1529 1536 1536 1489 1489 1529 1529 1529 1529 1529 1509 1509 1509 1516 1516 1516 1516 1516 1536 1543 1550 1550 1557 1550 1550 1557 1550 1550 1564 1579 1586 1579 1579 1586 1579 1579 1579 1579 1586 1572 1572 1586 1586 1586 1594 1579 1572 1572 1564 1564 1579 1579 1579 1586 1586 1579 1564 1557 1557 1557 1557 1564 1564 1564 995 995 995 989 987 984 978 975 973 970 964 964 962 959 956 956 956 959 962 964 967 967 970 973 973 975 973 967 964 964 959 954 948 943 938 938 938 0 0
0 0 0 0 0 0 0 0 0 0 0 0 0 0 0 0 1273 1268 1268 1273 1273 1278 1283 1283 1278 1273 1273 1283 1297 1302 1302 1302 1302 1312 1312 1312 1312 1312 1317 1317 1328 1333 1333 1317 1307 1297 1297 1297 1292 1283 1283 1283 1283 1288 1288 1288 1292 1292 1302 1302 1302 1302 1302 1302 1302 1302 1302 1302 1297 1292 1292 1288 1288 1292 1312 1312 1317 1317 1292 1292 1302 1302 1328 1333 1333 1328 1328 1333 1328 1328 1333 1338 1338 1349 1343 1343 1349 1349 1349 1354 1354 1354 1349 1343 1343 1343 1343 1359 1354 1354 1354 1333 1333 1381 1392 1370 1354 1354 1354 1354 1359 1354 1354 1354 1376 1376 1354 1354 1365 1365 1370 1365 1365 1365 1365 1365 1387 1392 1398 1415 1415 1404 1392 1392 1392 1392 1392 1398 1398 1398 1398 1404 1415 1398 1398 1398 1404 1415 1415 1421 1427 1421 1415 1415 1439 1439 1421 1421 1421 1415 1415 1415 1421 1433 1433 1433 1433 1427 1427 1433 1439 1445 1445 1445 1464 1464 1470 1464 1464 1470 1464 1458 1458 1470 1470 1464 1464 1483 1483 1483 1483 1489 1489 1496 1496 1489 1489 1489 1464 1464 1464 1470 1470 1496 1483 1483 1489 1470 1470 1477 1477 1483 1477 1470 1470 1483 1483 1483 1496 1496 1503 1503 1496 1496 1503 1509 1523 1523 1529 1529 1523 1523 1529 1523 1523 1509 1509 1536 1516 1516 1586 1557 1557 1579 1579 1586 1523 1523 1516 1516 1579 1557 1536 1536 1543 1543 1543 1543 1564 1564 1557 1536 1536 1543 1543 1543 1543 1543 1543 1470 1470 1477 995 995 989 987 984 978 975 973 970 967 964 962 959 956 956 956 959 962 964 967 967 970 973 975 975 970 967 964 962 956 954 948 946 940 938 938 0 0
0 0 0 0 0 0 0 0 0 0 0 0 0 0 0 0 1264 1264 1264 1264 1264 1264 1268 1273 1264 1264 1264 1268 1297 1288 1283 1278 1278 1283 1283 1288 1297 1297 1288 1288 1288 1288 1288 1288 1268 1268 1268 1268 1264 1264 1273 1278 1278 1264 1264 1268 1268 1283 1283 1278 1273 1273 1278 1292 1297 1297 1292 1278 1278 1278 1278 1278 1278 1278 1283 1302 1302 1283 1283 1283 1288 1292 1292 1292 1292 1297 1302 1312 1317 1317 1328 1328 1322 1322 1322 1322 1328 1328 1328 1328 1328 1322 1322 1328 1328 1333 1333 1343 1343 1338 1338 1317 1312 1312 1392 1338 1338 1338 1338 1338 1343 1338 1338 1338 1338 1338 1338 1338 1338 1343 1343 1354 1354 1354 1349 1349 1359 1359 1370 1365 1365 1365 1365 1370 1376 1376 1387 1392 1392 1392 1387 1387 1370 1370 1376 1392 1398 1392 1392 1392 1392 1392 1392 1404 1433 1433 1421 1410 1410 1410 1410 1404 1404 1410 1415 1415 1421 1415 1415 1415 1421 1421 1421 1421 1427 1421 1421 1421 1421 1433 1433 1433 1433 1439 1452 1433 1421 1421 1421 1439 1458 1458 1464 1477 1483 1483 1464 1458 1452 1445 1445 1445 1445 1445 1477 1470 1458 1458 1458 1464 1470 1458 1458 1458 1458 1464 1470 1470 1477 1477 1483 1477 1477 1477 1477 1483 1477 1477 1483 1483 1483 1496 1503 1503 1489 1489 1489 1489 1489 1496 1496 1503 1503 1496 1496 1496 1503 1509 1503 1496 1496 1496 1503 1529 1529 1509 1509 1503 1503 1564 1529 1523 1516 1516 1523 1529 1529 1529 1529 1470 1470 1477 1477 995 992 987 984 981 978 973 970 967 964 962 956 956 956 956 959 964 964 967 970 970 973 975 975 970 967 967 962 956 954 948 946 940 938 938 0 0
0 0 0 0 0 0 0 0 0 0 0 0 0 0 0 0 1245 1245 1250 1250 1255 1259 1264 1264 1255 1255 1255 1259 1297 1288 1264 1264 1268 1268 1268 1268 1273 1268 1268 1273 1273 1273 1264 1264 1259 1255 1255 1255 1245 1245 1232 1223 1223 1232 1236 1241 1245 1250 1255 1245 1245 1255 1250 1245 1245 1278 1278 1264 1264 1264 1268 1268 1268 1268 1268 1273 1278 1273 1273 1278 1278 1278 1278 1278 1278 1283 1288 1292 1297 1302 1328 1278 1278 1307 1307 1307 1307 1307 1307 1307 1307 1307 1312 1317 1317 1317 1317 1317 1322 1328 1328 1307 1302 1302 1307 1307 1312 1322 1328 1322 1322 1322 1322 1322 1322 1322 1333 1333 1328 1328 1317 1317 1343 1343 1338 1338 1338 1338 1343 1349 1349 1349 1349 1338 1338 1338 1370 1392 1370 1354 1338 1338 1349 1359 1370 1387 1387 1370 1370 1370 1370 1365 1365 1354 1354 1359 1359 1365 1376 1392 1387 1387 1376 1376 1392 1392 1404 1392 1392 1392 1392 1398 1398 1398 1398 1398 1398 1398 1398 1404 1410 1410 1392 1392 1392 1398 1410 1415 1415 1415 1415 1415 1433 1433 1483 1415 1415 1415 1415 1415 1427 1433 1433 1433 1433 1415 1415 1433 1433 1445 1445 1439 1439 1445 1452 1452 1445 1445 1439 1439 1439 1452 1439 1439 1445 1439 1439 1458 1464 1464 1464 1445 1445 1452 1452 1477 1477 1483 1483 1483 1477 1477 1477 1483 1483 1489 1489 1496 1489 1483 1483 1483 1483 1489 1489 1489 1489 1483 1458 1452 1452 1452 1458 1496 1509 1509 1516 1516 1516 1509 1477 1477 1477 995 995 984 984 981 978 973 970 970 964 962 956 956 959 959 959 964 964 967 970 970 973 975 973 970 964 964 962 956 956 951 948 940 938 938 0 0
0 0 0 0 0 0 0 0 0 0 0 0 0 0 0 0 1236 1232 1232 1241 1241 1245 1219 1219 1223 1227 1227 1232 1236 1245 1245 1250 1245 1245 1236 1236 1241 1250 1255 1259 1264 1255 1255 1255 1250 1245 1245 1232 1227 1223 1219 1219 1219 1223 1227 1232 1236 1236 1236 1232 1232 1232 1236 1236 1236 1236 1236 1236 1236 1255 1259 1259 1259 1255 1255 1255 1250 1250 1255 1268 1259 1259 1259 1259 1268 1273 1273 1273 1264 1264 1264 1264 1268 1268 1255 1255 1259 1264 1278 1283 1288 1288 1292 1268 1268 1317 1317 1317 1297 1297 1297 1297 1292 1292 1297 1292 1292 1297 1297 1297 1302 1302 1297 1297 1297 1302 1322 1328 1322 1317 1312 1312 1317 1312 1312 1317 1317 1317 1307 1307 1317 1322 1328 1317 1317 1317 1317 1317 1328 1328 1333 1333 1328 1328 1328 1312 1312 1317 1328 1349 1338 1338 1349 1343 1343 1349 1349 1349 1365 1370 1365 1365 1359 1359 1354 1349 1349 1359 1359 1370 1370 1387 1381 1381 1381 1387 1387 1392 1392 1398 1398 1387 1387 1392 1392 1392 1398 1404 1404 1404 1392 1392 1404 1404 1404 1410 1410 1404 1404 1404 1404 1415 1427 1421 1410 1410 1410 1410 1415 1421 1421 1421 1421 1427 1427 1427 1433 1433 1433 1433 1433 1427 1427 1427 1427 1427 1427 1427 1427 1445 1439 1433 1427 1427 1427 1427 1433 1410 1410 1433 1433 1439 1439 1439 1452 1477 1477 1477 1477 1470 1470 1458 1458 1464 1464 1464 1452 1445 1445 1445 1445 1445 1445 1452 1483 1470 1470 1452 1452 1452 1477 1503 998 995 995 984 984 981 978 975 973 967 964 962 959 959 959 959 962 964 967 967 970 970 973 975 973 970 964 964 962 956 956 951 948 943 940 940 0 0
0 0 0 0 0 0 0 0 0 0 0 0 0 0 0 0 1193 1193 1197 1197 1197 1206 1210 1210 1214 1219 1219 1219 1219 1236 1241 1241 1232 1232 1232 1232 1227 1227 1255 1259 1264 1236 1236 1241 1241 1241 1227 1223 1193 1193 1197 1202 1214 1219 1223 1227 1232 1227 1223 1223 1223 1223 1219 1210 1210 1214 1223 1223 1223 1223 1223 1223 1227 1241 1245 1227 1227 1227 1232 1227 1227 1223 1223 1227 1250 1250 1250 1245 1245 1259 1259 1259 1227 1227 1236 1236 1241 1241 1241 1223 1223 1241 1241 1245 1250 1250 1250 1250 1250 1283 1241 1241 1250 1259 1264 1288 1232 1232 1241 1264 1264 1264 1255 1255 1255 1255 1255 1255 1245 1245 1250 1259 1264 1264 1273 1283 1273 1273 1268 1268 1268 1273 1273 1278 1278 1283 1292 1292 1302 1302 1312 1302 1302 1297 1292 1292 1278 1278 1302 1307 1302 1302 1307 1307 1307 1302 1302 1307 1307 1302 1302 1302 1307 1312 1307 1307 1312 1322 1322 1322 1322 1322 1322 1333 1333 1333 1333 1322 1322 1322 1322 1328 1338 1343 1343 1354 1338 1338 1343 1354 1365 1359 1359 1359 1354 1343 1343 1349 1349 1381 1381 1354 1349 1349 1349 1349 1370 1370 1370 1365 1365 1365 1365 1365 1376 1370 1365 1365 1359 1359 1365 1365 1376 1381 1381 1387 1387 1387 1387 1387 1387 1387 1387 1387 1392 1392 1404 1398 1398 1398 1398 1404 1421 1421 1421 1421 1415 1410 1410 1415 1427 1433 1433 1433 1452 1452 1439 1421 1421 1433 1433 1433 1439 1439 1439 1439 1439 1433 1433 1439 1458 1458 995 995 992 987 984 981 978 975 973 967 964 962 959 959 959 959 962 964 967 970 970 973 973 975 973 970 964 964 962 954 954 951 951 943 940 940 0 0
0 0 0 0 0 0 0 0 0 0 0 0 0 0 0 0 1185 1185 1189 1189 1189 1193 1202 1202 1206 1206 1206 1206 1193 1193 1197 1197 1197 1197 1197 1219 1219 1227 1227 1206 1206 1206 1206 1206 1206 1202 1193 1185 1181 1177 1173 1165 1165 1165 1161 1161 1169 1169 1169 1177 1185 1185 1185 1185 1185 1189 1202 1197 1197 1181 1181 1185 1189 1189 1197 1193 1193 1173 1173 1185 1197 1197 1197 1197 1197 1197 1197 1197 1202 1197 1197 1197 1197 1210 1219 1223 1227 1232 1232 1214 1214 1214 1219 1227 1236 1236 1241 1241 1250 1214 1214 1223 1223 1227 1223 1219 1219 1219 1223 1227 1241 1245 1241 1241 1241 1241 1241 1245 1241 1241 1245 1250 1245 1245 1259 1278 1259 1255 1250 1245 1245 1255 1255 1255 1259 1255 1255 1259 1259 1255 1255 1255 1255 1259 1268 1268 1268 1268 1268 1278 1278 1278 1283 1283 1278 1278 1288 1288 1288 1288 1288 1288 1288 1292 1302 1302 1297 1297 1297 1292 1292 1302 1302 1302 1302 1307 1307 1307 1302 1302 1307 1307 1317 1328 1328 1328 1328 1328 1328 1328 1333 1317 1317 1312 1312 1307 1307 1307 1333 1328 1328 1333 1338 1338 1338 1338 1338 1349 1354 1322 1322 1343 1343 1338 1338 1338 1343 1349 1354 1354 1354 1354 1359 1365 1370 1370 1365 1354 1343 1343 1343 1343 1349 1349 1376 1376 1381 1381 1376 1376 1359 1343 1343 1349 1349 1359 1381 1370 1365 1365 1376 1392 1398 1398 1376 1376 1376 1376 1398 1398 1415 1398 1398 1398 1387 1387 1381 1381 1381 1410 1421 1421 995 995 992 987 984 981 978 975 973 967 964 962 962 959 959 962 962 964 967 970 973 973 975 975 973 970 970 964 964 954 954 951 951 946 943 943 0 0
0 0 0 0 0 0 0 0 0 0 0 0 0 0 0 0 1161 1157 1157 1157 1161 1169 1173 1169 1169 1161 1161 1161 1165 1165 1169 1169 1177 1177 1177 1177 1161 1161 1173 1173 1173 1173 1177 1185 1189 1185 1181 1173 1173 1165 1149 1149 1149 1149 1157 1157 1157 1157 1161 1161 1173 1173 1173 1173 1181 1181 1177 1169 1169 1165 1165 1165 1165 1169 1169 1169 1169 1169 1173 1177 1185 1189 1189 1185 1181 1181 1181 1181 1193 1193 1193 1189 1185 1185 1189 1189 1189 1193 1193 1193 1202 1202 1202 1189 1189 1236 1241 1193 1193 1193 1206 1210 1214 1214 1214 1210 1210 1214 1219 1219 1214 1214 1219 1227 1232 1232 1227 1223 1223 1223 1223 1223 1227 1223 1223 1223 1223 1232 1232 1232 1236 1241 1241 1245 1241 1241 1245 1250 1250 1232 1232 1236 1245 1245 1245 1250 1250 1259 1259 1259 1255 1255 1255 1236 1236 1268 1278 1278 1255 1255 1268 1273 1273 1278 1278 1278 1283 1283 1283 1288 1288 1288 1288 1292 1288 1288 1278 1278 1278 1278 1283 1302 1307 1328 1322 1322 1322 1317 1317 1302 1297 1297 1302 1302 1302 1302 1302 1302 1307 1307 1307 1312 1322 1322 1322 1322 1322 1317 1307 1307 1283 1283 1312 1317 1312 1312 1312 1322 1317 1317 1317 1317 1317 1317 1317 1317 1322 1333 1328 1328 1328 1328 1333 1333 1333 1343 1343 1343 1343 1343 1343 1338 1338 1343 1343 1349 1365 1365 1359 1354 1354 1359 1359 1338 1338 1349 1349 1354 1359 1365 1354 1354 1365 1381 1376 1370 1359 1359 1359 1376 1421 1001 998 995 992 989 984 981 981 975 973 967 964 962 962 962 962 962 964 964 970 973 973 973 975 975 973 970 970 964 964 954 954 948 948 946 943 943 0 0
0 0 0 0 0 0 0 0 0 0 0 0 0 0 0 0 1161 1141 1141 1141 1138 1138 1138 1149 1149 1145 1145 1145 1149 1153 1153 1153 1149 1149 1177 1145 1145 1145 1161 1161 1165 1161 1161 1161 1161 1173 1153 1149 1149 1145 1141 1141 1141 1141 1138 1130 1130 1141 1141 1134 1134 1134 1149 1149 1130 1130 1130 1149 1157 1157 1157 1153 1153 1157 1157 1161 1153 1153 1165 1165 1165 1169 1169 1173 1173 1177 1173 1173 1169 1169 1177 1173 1173 1173 1173 1177 1173 1173 1177 1181 1185 1185 1185 1189 1189 1189 1189 1189 1189 1189 1193 1197 1189 1185 1185 1189 1193 1202 1202 1202 1210 1210 1181 1181 1181 1181 1189 1202 1206 1210 1210 1202 1202 1206 1210 1214 1214 1219 1227 1227 1227 1227 1227 1232 1232 1232 1232 1232 1219 1219 1223 1223 1227 1227 1227 1232 1232 1236 1219 1219 1245 1241 1241 1236 1236 1236 1241 1241 1241 1245 1245 1245 1250 1250 1250 1250 1250 1250 1250 1278 1278 1278 1278 1278 1283 1283 1278 1268 1268 1273 1283 1283 1273 1268 1264 1264 1268 1268 1273 1288 1288 1288 1288 1292 1292 1292 1292 1297 1297 1268 1268 1302 1302 1302 1297 1297 1297 1297 1297 1283 1273 1273 1278 1283 1297 1297 1302 1302 1297 1297 1288 1288 1292 1307 1307 1312 1312 1312 1322 1322 1322 1322 1322 1322 1317 1317 1317 1328 1328 1322 1322 1328 1328 1328 1333 1302 1302 1333 1333 1343 1338 1328 1328 1328 1328 1349 1343 1338 1338 1333 1333 1338 1328 1328 1338 1338 1338 1322 1322 1376 992 992 998 995 992 989 984 984 981 975 973 970 967 962 962 962 962 962 967 967 970 973 973 975 978 978 973 970 970 964 964 956 954 948 948 946 943 943 0 0
0 0 0 0 0 0 0 0 0 0 0 0 0 0 0 0 0 1115 1115 1130 1126 1119 1119 1119 1126 1138 1138 1138 1130 1130 1134 1134 1134 1138 1134 1130 1130 1130 1138 1145 1145 1145 1145 1149 1145 1141 1141 1138 1126 1126 1126 1123 1115 1101 1101 1101 1115 1115 1119 1123 1126 1134 1134 1126 1123 1123 1126 1123 1123 1126 1126 1126 1141 1141 1138 1138 1138 1138 1141 1141 1141 1169 1169 1161 1161 1165 1169 1165 1165 1165 1157 1157 1161 1161 1157 1157 1157 1157 1157 1157 1157 1157 1177 1177 1169 1169 1177 1181 1185 1185 1189 1197 1173 1169 1169 1169 1169 1202 1202 1165 1165 1165 1181 1181 1181 1181 1181 1189 1185 1185 1185 1185 1185 1193 1202 1202 1202 1210 1210 1210 1214 1206 1206 1193 1185 1185 1189 1193 1206 1206 1210 1210 1219 1214 1206 1206 1214 1219 1219 1219 1219 1219 1219 1227 1223 1223 1223 1227 1232 1232 1232 1232 1232 1232 1236 1241 1245 1245 1232 1232 1232 1241 1250 1250 1283 1283 1259 1250 1236 1236 1245 1250 1255 1255 1259 1259 1259 1259 1255 1255 1259 1268 1268 1278 1283 1283 1278 1268 1268 1268 1268 1268 1273 1288 1288 1283 1264 1264 1264 1264 1264 1268 1273 1278 1283 1292 1297 1292 1292 1283 1283 1283 1292 1297 1288 1288 1297 1297 1302 1307 1307 1307 1307 1307 1307 1297 1297 1312 1312 1302 1302 1302 1302 1302 1302 1302 1302 1307 1317 1322 1322 1317 1317 1317 1317 1338 1328 1328 1328 1328 1328 1317 1312 1307 1307 1307 1312 1317 1317 1317 992 992 992 995 995 992 987 984 981 975 973 970 967 962 962 962 962 962 967 970 970 973 973 975 978 981 975 970 967 964 964 959 959 951 948 943 940 940 0 0
0 0 0 0 0 0 0 0 0 0 0 0 0 0 0 0 0 1108 1108 1123 1123 1105 1105 1105 1105 1115 1115 1115 1108 1105 1105 1126 1126 1126 1126 1126 1126 1126 1126 1130 1130 1134 1134 1138 1130 1130 1126 1123 1115 1115 1112 1105 1101 1097 1097 1101 1097 1097 1094 1094 1101 1123 1119 1119 1119 1119 1119 1112 1112 1115 1115 1119 1126 1119 1119 1123 1126 1130 1134 1138 1126 1119 1119 1126 1126 1130 1130 1165 1165 1145 1141 1141 1141 1145 1141 1141 1145 1145 1145 1149 1153 1153 1157 1157 1157 1157 1165 1181 1141 1141 1157 1157 1161 1157 1157 1157 1157 1153 1153 1153 1153 1157 1161 1169 1165 1165 1165 1165 1165 1165 1169 1169 1173 1165 1153 1153 1157 1173 1177 1181 1181 1181 1185 1189 1185 1185 1185 1185 1193 1197 1202 1202 1206 1202 1202 1202 1202 1202 1206 1210 1210 1214 1214 1214 1214 1210 1210 1214 1219 1219 1223 1223 1223 1223 1223 1219 1219 1219 1219 1223 1227 1219 1214 1214 1219 1219 1223 1227 1227 1232 1232 1232 1255 1255 1245 1241 1241 1245 1245 1241 1236 1236 1241 1227 1227 1227 1232 1250 1259 1259 1259 1259 1264 1268 1255 1245 1245 1250 1250 1255 1259 1259 1259 1259 1264 1245 1245 1264 1264 1264 1268 1273 1273 1273 1264 1264 1268 1259 1259 1259 1259 1259 1278 1278 1268 1268 1268 1273 1278 1288 1283 1283 1288 1292 1292 1297 1297 1292 1292 1297 1297 1288 1288 1292 1292 1292 1283 1283 1288 1312 1312 1307 1297 1297 1297 1297 1297 1302 1302 1302 1302 992 992 995 995 989 987 984 981 978 973 970 967 962 962 962 962 962 964 970 970 973 973 978 981 981 975 970 967 964 964 959 959 951 948 943 940 940 0 0
0 0 0 0 0 0 0 0 0 0 0 0 0 0 0 0 0 1097 1097 1094 1094 1097 1101 1097 1097 1097 1097 1101 1101 1101 1094 1094 1097 1101 1101 1115 1115 1115 1115 1119 1119 1119 1115 1115 1119 1115 1115 1112 1105 1105 1101 1097 1090 1090 1094 1094 1094 1090 1087 1087 1090 1090 1101 1105 1105 1105 1105 1101 1101 1108 1112 1112 1108 1108 1112 1115 1123 1123 1134 1138 1115 1115 1115 1112 1112 1112 1112 1112 1112 1115 1115 1123 1126 1134 1134 1134 1141 1138 1138 1138 1130 1123 1123 1134 1134 1138 1134 1130 1130 1134 1138 1145 1153 1149 1149 1149 1153 1153 1149 1149 1149 1149 1145 1141 1141 1141 1153 1153 1153 1153 1153 1153 1153 1153 1141 1141 1138 1138 1153 1161 1165 1173 1177 1177 1177 1177 1173 1169 1169 1181 1185 1193 1193 1193 1193 1193 1181 1181 1189 1197 1202 1202 1202 1189 1185 1173 1173 1181 1185 1219 1181 1181 1193 1197 1197 1197 1197 1197 1197 1193 1193 1197 1202 1206 1206 1210 1210 1206 1206 1214 1214 1214 1219 1219 1245 1210 1210 1214 1214 1219 1223 1227 1227 1219 1219 1219 1214 1214 1241 1250 1241 1241 1264 1268 1255 1241 1241 1241 1241 1241 1227 1227 1241 1241 1241 1241 1241 1241 1245 1245 1255 1250 1245 1245 1250 1255 1255 1250 1245 1245 1250 1250 1250 1250 1250 1259 1259 1264 1268 1268 1273 1273 1278 1278 1283 1264 1264 1264 1259 1259 1283 1283 1283 1283 1278 1278 1273 1268 1268 1273 1297 1292 1288 1288 1288 1288 1288 1283 1283 1283 1292 992 992 992 992 989 987 984 981 978 973 970 970 962 962 962 962 962 964 970 970 973 973 978 981 981 975 970 967 964 964 959 959 951 946 940 938 938 0 0
0 0 0 0 0 0 0 0 0 0 0 0 0 0 0 0 0 1097 1073 1073 1080 1094 1090 1090 1087 1087 1087 1094 1094 1094 1087 1087 1087 1087 1090 1094 1094 1097 1105 1108 1112 1097 1097 1097 1101 1101 1101 1101 1101 1101 1090 1084 1077 1077 1077 1077 1077 1077 1077 1080 1084 1084 1090 1090 1090 1090 1090 1090 1094 1094 1090 1090 1094 1101 1101 1115 1123 1087 1087 1090 1094 1101 1108 1105 1105 1105 1105 1105 1105 1105 1101 1101 1108 1115 1119 1119 1123 1115 1115 1112 1112 1115 1115 1115 1115 1115 1130 1123 1123 1126 1126 1130 1134 1134 1134 1134 1134 1130 1130 1134 1123 1123 1126 1130 1134 1134 1141 1145 1145 1149 1149 1141 1138 1134 1134 1123 1123 1130 1141 1145 1145 1149 1138 1138 1138 1145 1145 1153 1153 1141 1141 1141 1141 1145 1145 1149 1153 1161 1157 1157 1153 1153 1202 1169 1169 1165 1165 1169 1169 1169 1161 1161 1161 1169 1185 1189 1181 1177 1177 1177 1181 1181 1185 1185 1193 1197 1193 1193 1165 1165 1193 1197 1219 1219 1197 1197 1202 1202 1202 1206 1210 1202 1202 1202 1206 1206 1206 1210 1214 1214 1227 1232 1232 1197 1193 1193 1210 1210 1210 1210 1206 1206 1219 1227 1227 1227 1223 1223 1227 1227 1236 1214 1214 1210 1210 1223 1193 1193 1241 1241 1241 1236 1236 1236 1241 1245 1250 1241 1236 1232 1232 1241 1259 1255 1245 1245 1250 1245 1245 1245 1245 1245 1268 1268 1268 1268 1268 1259 1259 1259 1283 1278 1278 1278 1268 1268 1264 1264 1268 1273 1001 998 992 992 992 992 989 987 984 981 975 970 970 962 962 962 962 962 964 970 973 973 975 981 984 981 978 973 970 967 967 959 956 948 946 940 938 938 0 0
0 0 0 0 0 0 0 0 0 0 0 0 0 0 0 0 0 1060 1060 1063 1067 1067 1067 1067 1070 1070 1080 1080 1084 1084 1080 1080 1073 1073 1080 1080 1080 1080 1080 1087 1090 1090 1087 1087 1087 1087 1090 1090 1090 1087 1077 1070 1070 1070 1070 1067 1063 1063 1070 1070 1077 1080 1080 1060 1060 1067 1067 1070 1070 1070 1070 1070 1073 1070 1057 1057 1060 1080 1084 1080 1077 1077 1080 1084 1090 1097 1097 1097 1094 1094 1090 1084 1080 1080 1087 1108 1108 1108 1105 1105 1105 1108 1108 1108 1097 1097 1101 1112 1112 1112 1119 1119 1123 1134 1134 1101 1097 1097 1097 1097 1119 1108 1108 1108 1108 1119 1119 1126 1130 1138 1138 1123 1119 1112 1112 1112 1112 1123 1115 1115 1123 1123 1123 1130 1130 1134 1138 1138 1126 1126 1134 1134 1138 1141 1145 1149 1145 1145 1145 1149 1141 1141 1141 1149 1145 1145 1149 1153 1153 1157 1153 1153 1153 1153 1161 1149 1149 1153 1153 1161 1169 1169 1169 1169 1165 1165 1165 1161 1161 1165 1169 1169 1169 1185 1185 1189 1193 1193 1181 1177 1173 1173 1177 1181 1185 1197 1197 1197 1161 1161 1165 1177 1181 1181 1185 1185 1181 1181 1197 1197 1197 1197 1214 1223 1219 1197 1193 1193 1193 1227 1206 1206 1210 1206 1185 1181 1181 1181 1181 1210 1214 1210 1210 1214 1214 1223 1227 1227 1227 1227 1227 1227 1227 1227 1227 1232 1241 1232 1232 1227 1227 1227 1227 1227 1255 1259 1255 1255 1232 1227 1227 1223 1223 1232 1245 1245 1245 1245 1268 1007 1001 998 995 995 995 992 989 987 984 975 973 970 970 964 962 962 962 962 967 970 973 975 978 981 984 984 978 973 970 967 967 959 956 948 946 940 935 935 0 0
0 0 0 0 0 0 0 0 0 0 0 0 0 0 0 0 0 1050 1050 1050 1047 1047 1050 1050 1057 1060 1060 1057 1057 1057 1063 1067 1063 1063 1063 1067 1073 1073 1063 1060 1060 1090 1073 1070 1070 1073 1077 1084 1077 1073 1060 1060 1060 1054 1034 1034 1034 1034 1047 1047 1063 1060 1060 1044 1044 1044 1044 1063 1067 1067 1067 1063 1060 1050 1050 1054 1060 1063 1060 1060 1067 1067 1070 1073 1070 1070 1084 1084 1084 1070 1070 1077 1073 1073 1073 1073 1077 1101 1097 1097 1084 1084 1087 1084 1084 1084 1087 1090 1097 1073 1073 1080 1084 1084 1084 1084 1084 1090 1090 1090 1090 1097 1097 1097 1097 1097 1105 1094 1090 1090 1090 1094 1101 1101 1105 1108 1108 1108 1108 1108 1108 1108 1112 1123 1130 1134 1134 1130 1123 1123 1126 1130 1130 1138 1141 1141 1130 1130 1130 1130 1134 1134 1134 1134 1134 1134 1134 1138 1134 1134 1134 1141 1141 1141 1138 1134 1134 1145 1149 1153 1157 1153 1153 1153 1149 1149 1149 1149 1153 1157 1161 1161 1165 1185 1185 1189 1161 1161 1161 1165 1165 1165 1169 1169 1177 1181 1153 1153 1157 1157 1161 1169 1169 1169 1169 1173 1173 1177 1181 1185 1185 1185 1181 1181 1185 1185 1185 1185 1185 1185 1185 1193 1181 1181 1177 1177 1177 1181 1181 1193 1193 1197 1197 1202 1206 1206 1210 1210 1210 1210 1210 1202 1197 1197 1197 1206 1210 1206 1202 1202 1202 1202 1210 1210 1210 1214 1232 1202 1202 1210 1219 1214 1214 1214 1214 1232 1232 1232 1232 1007 1007 1004 998 998 995 992 989 987 984 975 973 970 967 964 962 962 962 964 967 970 973 975 981 984 984 984 978 973 970 967 967 959 956 951 948 946 935 935 0 0
0 0 0 0 0 0 0 0 0 0 0 0 0 0 0 0 0 1041 1041 1041 1041 1044 1044 1044 1047 1044 1041 1041 1038 1038 1054 1054 1054 1054 1057 1060 1067 1070 1060 1057 1054 1054 1057 1070 1063 1060 1044 1044 1044 1047 1050 1050 1041 1031 1028 1028 1031 1031 1034 1034 1038 1038 1034 1031 1031 1034 1034 1034 1034 1047 1054 1041 1041 1041 1044 1047 1050 1047 1047 1050 1054 1054 1060 1063 1063 1060 1054 1054 1057 1057 1063 1067 1067 1067 1067 1067 1077 1101 1080 1073 1073 1073 1070 1070 1070 1077 1080 1084 1090 1073 1073 1073 1073 1080 1080 1077 1077 1077 1077 1077 1080 1084 1087 1087 1090 1084 1084 1084 1084 1084 1080 1080 1084 1084 1094 1097 1101 1097 1097 1097 1087 1087 1080 1080 1080 1084 1134 1119 1115 1115 1112 1112 1105 1105 1101 1101 1108 1119 1119 1119 1112 1112 1112 1115 1115 1115 1119 1119 1119 1123 1123 1126 1126 1130 1130 1130 1130 1123 1119 1119 1130 1134 1138 1134 1134 1141 1145 1145 1145 1149 1157 1161 1123 1123 1141 1141 1141 1141 1141 1153 1153 1153 1153 1153 1138 1138 1138 1138 1145 1153 1157 1165 1165 1165 1161 1149 1145 1145 1169 1169 1173 1177 1169 1169 1169 1169 1177 1177 1177 1177 1165 1165 1165 1177 1173 1173 1173 1173 1173 1173 1173 1177 1177 1181 1181 1202 1202 1206 1197 1197 1193 1193 1193 1189 1189 1193 1197 1193 1193 1193 1189 1189 1193 1193 1206 1206 1202 1197 1197 1202 1202 1206 1206 1202 1202 1219 1219 1202 1004 1004 1007 1007 1001 998 995 992 992 987 984 978 973 970 967 964 962 962 964 967 970 970 973 978 981 984 984 984 981 975 970 967 964 959 959 956 951 951 938 938 0 0
0 0 0 0 0 0 0 0 0 0 0 0 0 0 0 0 0 1034 1031 1031 1025 1025 1022 1022 1025 1025 1025 1031 1028 1028 1031 1022 1022 1025 1034 1034 1031 1031 1031 1034 1041 1038 1038 1038 1034 1034 1034 1034 1041 1041 1044 1038 1031 1025 1022 1022 1022 1025 1028 1028 1031 1025 1025 1028 1028 1028 1028 1031 1028 1025 1025 1028 1031 1031 1031 1025 1025 1041 1041 1041 1044 1034 1034 1034 1050 1050 1047 1047 1050 1050 1057 1060 1057 1034 1034 1031 1025 1025 1038 1038 1044 1044 1060 1060 1060 1057 1047 1047 1060 1057 1057 1063 1063 1070 1073 1067 1067 1070 1070 1073 1070 1070 1073 1070 1067 1067 1070 1070 1077 1073 1073 1073 1077 1077 1077 1084 1087 1087 1084 1080 1080 1077 1073 1073 1077 1077 1080 1090 1090 1097 1097 1097 1094 1094 1094 1094 1097 1101 1105 1119 1080 1080 1105 1105 1112 1115 1119 1097 1097 1101 1105 1105 1112 1115 1115 1115 1112 1108 1108 1115 1119 1119 1119 1119 1119 1119 1119 1134 1134 1126 1119 1115 1115 1119 1119 1130 1130 1130 1126 1126 1138 1138 1138 1134 1130 1130 1134 1134 1138 1141 1141 1157 1157 1157 1145 1141 1141 1141 1145 1145 1149 1149 1145 1141 1141 1149 1153 1157 1153 1149 1149 1149 1153 1153 1161 1165 1165 1165 1161 1157 1157 1161 1153 1153 1145 1141 1141 1206 1197 1189 1177 1177 1185 1181 1181 1181 1177 1177 1181 1177 1177 1177 1177 1181 1185 1202 1197 1189 1189 1185 1185 1189 1189 1189 1177 1177 1185 1185 1004 1004 1013 1010 1004 998 998 995 992 989 984 978 973 973 970 964 964 964 964 967 970 973 973 978 984 984 984 984 981 975 970 967 964 964 959 956 951 948 940 940 0 0
0 0 0 0 0 0 0 0 0 0 0 0 0 0 0 0 0 1010 1010 1010 1010 1010 1010 1010 1013 1013 1019 1013 1013 1010 1010 1013 1016 1019 1025 1025 1025 1025 1025 1028 1031 1034 1034 1034 1025 1025 1031 1031 1034 1038 1034 1025 1022 1016 1013 1010 1010 1010 1010 1010 995 995 998 1007 1016 1016 1019 1019 1019 1013 1013 1025 1022 1019 1019 1019 1019 1019 1019 1031 1016 1016 1025 1028 1031 1031 1031 1034 1041 1041 1034 1034 1034 1034 1031 1025 1025 1025 1028 1028 1034 1034 1050 1047 1047 1047 1047 1047 1050 1047 1047 1047 1047 1044 1031 1031 1041 1041 1044 1060 1057 1057 1060 1060 1060 1063 1063 1063 1067 1070 1063 1063 1070 1070 1054 1054 1054 1063 1067 1067 1067 1063 1063 1063 1067 1067 1070 1077 1087 1054 1054 1057 1087 1087 1087 1087 1087 1080 1077 1073 1073 1077 1070 1070 1070 1070 1077 1077 1087 1090 1101 1101 1105 1105 1115 1087 1087 1090 1094 1101 1105 1105 1108 1112 1112 1112 1112 1090 1090 1094 1112 1108 1108 1115 1115 1119 1115 1115 1115 1115 1119 1112 1112 1119 1119 1119 1123 1126 1126 1123 1119 1115 1115 1119 1123 1123 1126 1126 1130 1138 1138 1134 1130 1126 1126 1130 1130 1130 1134 1138 1141 1141 1141 1141 1130 1130 1153 1141 1141 1141 1134 1134 1134 1141 1141 1138 1138 1138 1134 1134 1138 1177 1185 1181 1161 1149 1149 1149 1157 1161 1161 1169 1169 1165 1161 1161 1161 1161 1165 1165 1165 1169 1165 1165 1169 1169 1181 1181 1181 1181 1013 1010 1004 1004 998 995 992 989 984 978 973 973 970 964 964 964 964 967 970 973 975 978 984 984 984 984 981 978 973 967 964 962 959 956 951 948 946 946 0 0
0 0 0 0 0 0 0 0 0 0 0 0 0 0 0 0 0 1004 1004 1004 1001 1001 1004 1004 1004 1004 1007 1001 1001 1007 1007 1007 1010 1013 1016 1013 1013 1010 1010 1010 998 998 1010 1010 1010 1013 1016 1025 1028 1028 1019 1010 1007 1001 1001 998 998 1004 1004 987 987 989 989 987 984 984 1019 1010 1001 1001 1001 1001 1007 1007 1010 1016 1016 1016 1007 1007 1010 1013 1019 1019 1031 1022 1022 1016 1016 1004 1004 1010 1022 1022 1028 1019 1019 1016 1016 1019 1019 1025 1025 1025 1028 1028 1022 1022 1028 1028 1034 1038 1041 1038 1031 1031 1034 1031 1031 1034 1034 1054 1054 1057 1057 1060 1041 1034 1031 1031 1031 1063 1050 1050 1041 1041 1044 1041 1041 1047 1050 1050 1054 1054 1054 1054 1054 1054 1054 1054 1054 1054 1054 1054 1054 1060 1067 1067 1070 1073 1073 1067 1063 1063 1067 1070 1070 1073 1084 1087 1101 1097 1067 1067 1073 1073 1077 1080 1080 1080 1097 1097 1097 1097 1084 1084 1080 1080 1080 1084 1094 1094 1090 1090 1090 1090 1090 1094 1094 1094 1094 1094 1097 1101 1101 1105 1105 1105 1108 1108 1112 1112 1112 1115 1115 1115 1115 1112 1112 1115 1123 1123 1126 1123 1119 1115 1115 1112 1112 1130 1138 1134 1134 1126 1112 1112 1115 1126 1130 1126 1126 1126 1126 1126 1130 1134 1130 1130 1130 1130 1130 1130 1130 1149 1145 1145 1141 1141 1145 1149 1149 1153 1153 1149 1149 1149 1153 1153 1157 1153 1141 1141 1145 1153 1157 1157 1157 1145 1145 1145 1181 1007 1004 1001 998 995 992 989 984 981 975 973 970 964 964 964 967 970 973 973 975 981 981 984 984 984 981 981 970 964 964 962 959 956 951 948 948 948 0 0
0 0 0 0 0 0 0 0 0 0 0 0 0 0 0 0 0 1004 987 987 992 995 998 998 995 984 984 984 992 998 1001 1004 1004 1001 998 998 998 998 998 998 998 998 998 1007 1007 1007 1007 1013 1010 1010 1010 1004 998 995 995 995 992 981 978 978 981 984 984 981 975 975 978 984 987 987 992 998 1001 1007 1010 1016 1016 992 992 998 995 992 987 987 995 1022 1019 995 995 992 992 998 998 1001 1001 1001 1007 1007 1007 1007 1007 1016 1019 1019 1010 1010 1010 1019 1022 1025 1028 1031 1028 1028 1022 1022 1022 1025 1025 1025 1025 1025 1025 1025 1025 1025 1025 1028 1028 1028 1028 1028 1031 1028 1028 1031 1041 1041 1041 1038 1038 1038 1041 1041 1044 1044 1044 1044 1044 1047 1044 1041 1038 1038 1041 1041 1041 1047 1054 1057 1057 1054 1054 1060 1063 1070 1070 1050 1050 1087 1101 1057 1057 1057 1063 1063 1063 1070 1070 1070 1070 1097 1060 1060 1063 1070 1070 1070 1073 1073 1077 1080 1080 1080 1077 1077 1084 1080 1080 1087 1090 1090 1090 1090 1090 1094 1094 1097 1101 1101 1101 1101 1105 1101 1101 1101 1097 1097 1097 1097 1094 1094 1115 1101 1101 1101 1101 1101 1101 1101 1101 1112 1112 1105 1101 1101 1101 1105 1108 1115 1115 1115 1115 1119 1101 1101 1115 1119 1123 1119 1115 1105 1105 1108 1108 1130 1130 1134 1138 1141 1141 1149 1141 1138 1138 1138 1149 1149 1138 1138 1130 1130 1134 1141 1141 1145 1138 1138 1138 1141 1141 1004 1001 1001 998 992 989 987 984 981 975 973 967 964 964 964 967 970 973 975 978 981 981 984 987 984 981 978 970 964 964 959 959 956 951 946 946 946 0 0
0 0 0 0 0 0 0 0 0 0 0 0 0 0 0 0 0 0 981 981 984 987 992 978 975 975 975 975 978 984 995 995 992 987 984 984 987 987 992 995 992 992 992 995 995 998 1007 981 981 987 989 998 995 995 992 987 970 967 967 967 967 967 967 973 970 970 973 973 973 973 978 989 992 967 967 970 975 981 984 989 987 984 984 981 975 975 975 981 987 987 989 987 987 992 995 995 995 998 1001 1001 998 998 1007 1007 1007 1004 1004 1013 1016 1016 1016 995 995 1004 1019 1019 1019 1019 1019 1022 1019 1013 1013 1013 1013 1019 1019 1019 1016 1016 1016 1013 1013 1019 1019 1019 1019 1019 1019 1016 1016 1022 1022 1028 1028 1028 1025 1025 1028 1031 1031 1031 1031 1034 1038 1038 1038 1041 1041 1041 1041 1041 1041 1041 1041 1034 1034 1038 1038 1038 1038 1041 1047 1047 1050 1050 1050 1050 1050 1050 1050 1050 1054 1057 1057 1060 1067 1063 1063 1063 1063 1067 1070 1070 1070 1070 1070 1077 1077 1073 1073 1080 1087 1077 1077 1087 1087 1087 1087 1080 1077 1077 1084 1087 1087 1084 1084 1087 1087 1087 1087 1084 1084 1087 1087 1090 1094 1094 1097 1097 1101 1105 1101 1094 1090 1090 1090 1090 1090 1090 1090 1090 1090 1094 1090 1090 1097 1097 1101 1105 1101 1101 1101 1101 1101 1101 1115 1115 1112 1112 1126 1126 1126 1126 1123 1123 1105 1097 1097 1101 1123 1123 1126 1119 1119 1115 1115 1126 1130 1134 1138 1004 1001 1001 998 992 989 987 984 981 975 973 967 964 964 964 967 970 973 975 978 981 981 984 987 984 981 975 970 964 964 959 959 956 951 946 946 946 0 0
0 0 0 0 0 0 0 0 0 0 0 0 0 0 0 0 0 0 962 959 959 956 956 956 956 970 970 973 973 973 973 973 973 975 975 975 975 967 967 967 975 984 987 984 967 967 967 967 970 975 978 984 981 975 970 962 962 959 959 959 959 959 962 964 964 967 964 964 964 967 967 967 962 962 962 967 967 973 964 964 975 975 975 975 973 973 973 975 981 984 984 975 975 981 989 989 992 992 987 984 981 981 981 981 984 995 992 992 989 989 989 995 992 987 987 995 1007 1010 1010 992 992 995 992 992 992 992 1007 1007 1007 1007 1010 1010 1010 1013 1007 1007 1010 1010 1010 1013 1013 1013 1016 1022 1022 1016 1004 1004 1010 1013 1013 1007 1004 1004 1004 1007 1013 1016 1016 1013 1013 1016 1016 1016 1028 1028 1028 1028 1034 1013 1013 1016 1019 1022 1025 1025 1022 1016 1016 1022 1019 1019 1019 1022 1025 1025 1041 1041 1041 1041 1050 1050 1050 1050 1050 1054 1057 1054 1054 1054 1054 1054 1054 1054 1054 1054 1054 1054 1054 1054 1063 1067 1070 1070 1073 1070 1070 1070 1073 1077 1080 1080 1047 1047 1080 1077 1077 1077 1077 1084 1063 1063 1063 1073 1073 1073 1080 1080 1084 1080 1077 1073 1073 1073 1077 1084 1090 1090 1090 1090 1087 1087 1090 1090 1087 1087 1087 1087 1087 1087 1084 1084 1084 1090 1105 1101 1101 1094 1094 1097 1101 1105 1105 1101 1101 1105 1108 1112 1126 1134 1138 1007 1001 1001 1001 995 992 989 984 981 978 973 970 967 967 967 970 973 973 975 978 981 981 981 984 984 981 973 970 967 967 962 959 959 954 948 943 943 0 0
0 0 0 0 0 0 0 0 0 0 0 0 0 0 0 0 0 0 946 946 946 948 951 951 951 954 954 956 956 954 954 954 954 954 956 964 962 962 962 962 962 962 967 967 964 964 964 964 967 967 967 967 964 962 962 956 954 948 948 948 951 951 954 959 959 954 951 951 954 954 959 954 954 956 956 956 956 959 959 956 956 962 964 967 967 940 940 940 956 956 954 954 959 959 962 956 956 959 962 970 970 967 962 962 962 967 978 978 975 967 967 981 981 978 970 967 967 970 975 978 981 975 975 975 975 981 981 981 998 975 975 975 978 978 978 975 975 973 973 973 981 989 989 989 989 989 989 989 984 984 987 989 992 995 995 989 981 981 981 981 1013 1016 995 992 992 989 989 989 998 1007 1007 1010 1010 1013 1007 1007 1010 1010 1010 1013 1013 1016 1016 1019 1022 1025 1001 1001 1001 1004 1013 1016 1022 1016 1016 1016 1016 1038 1044 1028 1025 1025 1025 1022 1022 1025 1038 1038 1038 1044 1041 1041 1038 1034 1034 1038 1038 1041 1044 1041 1041 1041 1041 1041 1041 1044 1044 1044 1047 1047 1044 1044 1044 1047 1047 1054 1054 1057 1057 1057 1054 1054 1054 1057 1063 1063 1063 1050 1050 1060 1070 1073 1077 1077 1077 1080 1077 1077 1077 1063 1063 1073 1073 1073 1073 1097 1094 1087 1087 1080 1080 1094 1084 1084 1087 1094 1097 1108 1126 1080 1080 1007 1004 1001 1001 995 992 989 984 984 978 975 973 970 970 970 970 973 975 978 978 981 981 981 984 984 978 973 970 967 967 962 959 959 954 948 943 943 0 0
0 0 0 0 0 0 0 0 0 0 0 0 0 0 0 0 0 0 938 935 935 940 943 943 943 948 948 943 943 943 948 948 951 951 951 954 954 956 954 954 954 956 956 956 962 962 959 959 956 956 962 964 962 954 946 946 940 933 928 923 923 928 928 930 928 928 928 928 928 925 925 925 935 940 940 940 930 930 928 928 930 930 933 933 935 935 938 938 940 948 948 948 948 943 943 948 948 948 940 940 951 951 951 951 948 948 978 940 940 943 940 940 940 978 964 956 956 948 948 951 973 964 959 959 967 973 970 967 967 967 967 967 970 970 970 970 970 973 970 970 973 973 973 973 973 981 981 978 978 978 978 981 984 987 989 984 975 975 975 975 978 981 987 989 987 978 978 973 967 967 967 1001 995 995 989 989 998 1001 1004 1007 1007 1010 1013 1013 1016 998 998 995 995 1001 1004 1013 1004 1004 1004 1004 1001 1001 1007 1007 1010 1013 1013 1010 1010 1013 1004 1004 1004 1010 1028 1028 1025 1025 1019 1019 1028 1031 1041 1034 1034 1034 1034 1034 1034 1038 1038 1044 1044 1031 1028 1028 1031 1031 1031 1034 1034 1038 1041 1047 1044 1041 1041 1038 1034 1034 1034 1034 1038 1041 1044 1044 1050 1050 1054 1060 1073 1047 1047 1050 1054 1057 1060 1060 1041 1041 1050 1050 1050 1057 1057 1057 1057 1057 1057 1073 1070 1070 1070 1077 1080 1007 1004 1004 1001 998 995 989 984 984 981 978 973 970 970 970 973 973 978 978 978 981 984 984 987 984 978 975 973 970 967 964 959 959 954 951 943 943 0 0
0 0 0 0 0 0 0 0 0 0 0 0 0 0 0 0 0 0 930 930 930 930 925 925 923 923 923 928 930 925 923 923 923 923 923 923 923 925 928 933 938 930 930 933 930 930 933 933 933 938 943 933 933 933 933 933 935 918 913 913 913 915 913 913 925 925 928 920 920 923 923 923 923 930 930 930 925 925 923 923 928 928 928 930 930 933 930 930 933 925 925 928 933 933 933 930 930 930 930 933 940 943 946 946 943 943 940 940 940 938 938 938 938 938 938 940 948 948 948 948 948 951 954 954 954 956 956 956 956 959 956 956 956 956 959 962 962 956 956 956 956 964 967 967 964 964 967 970 970 973 973 973 975 978 978 975 975 975 973 973 978 978 987 987 987 973 970 967 964 964 964 967 973 978 978 981 981 981 989 987 967 967 970 970 989 989 995 992 992 995 998 1007 1001 1001 995 995 998 998 1001 1001 1001 1001 1004 1004 1007 1004 1001 1001 1001 998 998 998 998 998 1007 1010 1007 1007 1007 1007 1010 1019 1022 1013 1010 1010 1028 1013 1013 1016 1016 1019 1022 1022 1025 1028 1025 1025 1025 1022 1022 1028 1031 1031 1028 1028 1028 1028 1031 1031 1031 1034 1038 1025 1025 1031 1031 1031 1031 1034 1044 1044 1044 1038 1034 1034 1041 1041 1041 1044 1050 1047 1044 1044 1047 1063 1063 1057 1050 1050 1007 1007 1007 1007 1004 998 992 987 984 984 978 975 973 973 970 970 973 975 978 981 981 981 984 987 989 984 978 975 973 970 967 964 959 956 954 951 948 948 0 0
0 0 0 0 0 0 0 0 0 0 0 0 0 0 0 0 0 0 910 906 906 910 910 913 910 910 913 915 915 915 915 913 913 913 913 915 915 918 918 915 913 913 913 920 928 928 930 928 925 925 925 925 928 925 925 915 910 910 908 908 908 903 898 894 889 889 889 901 910 918 918 915 910 910 918 913 913 920 920 913 910 908 903 903 903 923 925 925 925 918 918 918 918 920 925 923 923 925 925 928 930 928 923 923 928 943 940 935 935 935 930 928 928 935 935 938 940 943 943 943 935 935 946 946 948 948 925 925 925 925 951 946 940 940 943 943 943 946 943 943 946 948 964 964 964 959 959 959 956 956 964 964 964 948 948 940 940 948 964 964 967 967 964 964 967 964 964 964 962 962 964 964 967 967 970 970 970 970 970 970 967 967 970 970 970 975 984 981 978 978 978 978 978 989 987 987 989 995 992 992 987 987 995 995 992 992 992 995 998 998 995 995 995 995 1001 1001 1001 998 998 995 995 998 998 998 1004 1004 1001 1001 1001 1001 1001 1001 1001 1007 1007 1010 1010 1025 1025 1019 1016 1010 1010 1010 1010 1013 1016 1016 1016 1016 1016 1019 1022 1022 1022 1025 1028 1028 1025 1025 1025 1025 1025 1025 1028 1028 1034 1031 1031 1025 1010 998 998 1038 1022 1022 1063 1031 1031 1019 1007 1007 1007 1007 1004 998 992 987 984 984 978 975 973 973 970 970 973 978 981 981 981 984 984 989 989 987 978 973 970 967 967 964 959 956 954 951 948 948 0 0
0 0 0 0 0 0 0 0 0 0 0 0 0 0 0 0 0 0 910 901 901 903 901 896 896 896 896 896 901 901 901 901 906 908 910 908 908 906 906 906 906 908 910 910 913 913 915 913 913 920 920 920 920 915 913 908 908 906 901 898 898 887 887 889 889 889 889 878 878 880 882 882 898 901 898 898 901 898 898 906 906 906 898 898 898 901 901 901 910 910 910 908 908 908 910 915 915 913 913 925 920 918 918 918 920 920 935 935 920 920 923 923 928 930 930 933 933 933 933 920 920 920 920 920 948 918 918 925 925 925 928 928 928 935 935 940 940 940 935 935 935 935 933 928 928 935 935 938 938 938 938 943 935 935 938 935 935 940 940 946 946 948 948 948 956 951 951 954 956 956 959 956 956 956 956 962 962 964 962 962 964 964 964 964 964 964 964 964 973 973 975 978 978 970 970 973 975 995 975 975 975 973 970 967 967 970 975 987 989 995 995 987 987 989 995 998 992 989 987 987 987 987 987 987 989 995 995 995 995 995 998 992 992 995 998 1001 1001 1001 998 989 989 989 998 1004 1004 1004 1007 1007 1007 1010 1010 1010 1013 1013 1016 1010 1010 1013 1013 1016 1013 1013 1013 1010 1010 1013 1010 1010 1010 1010 1007 998 998 1010 1010 1016 1016 1019 1016 1016 1007 1007 1007 1007 1004 998 995 987 984 984 978 973 970 970 970 970 973 981 981 981 984 984 984 989 989 989 978 973 970 967 967 964 959 956 954 951 948 948 0 0
0 0 0 0 0 0 0 0 0 0 0 0 0 0 0 0 0 0 0 898 898 882 882 882 885 891 891 891 894 894 896 896 896 898 898 898 898 898 898 896 896 898 901 898 898 898 898 898 901 903 903 906 910 910 910 906 906 903 898 891 889 885 885 885 882 882 882 873 873 875 878 882 898 882 882 882 882 896 896 896 896 898 891 891 891 894 896 898 896 896 901 903 903 903 903 903 903 906 906 901 901 901 901 901 901 901 901 901 903 906 908 913 901 901 930 906 906 908 908 908 915 913 910 910 910 913 913 915 918 920 920 920 920 925 925 925 925 928 925 925 928 920 920 920 920 925 930 930 933 933 933 940 935 933 933 930 930 933 935 935 938 938 940 938 935 935 935 940 943 946 951 948 948 951 951 954 956 956 956 962 959 959 956 956 962 959 959 959 959 962 967 967 959 959 959 959 975 956 956 956 959 964 964 964 964 964 967 962 956 956 978 978 978 967 964 964 967 967 967 967 981 981 981 975 967 967 967 970 967 967 967 967 975 975 975 975 989 989 989 984 984 984 987 987 989 998 998 998 998 1004 1004 1004 995 995 995 995 998 1004 1013 1016 1013 1010 1010 1010 1010 1010 1001 1001 1001 1004 1004 1004 1004 1007 1007 1007 1007 1007 1007 1010 1004 1001 1001 1001 1001 998 995 987 984 984 978 973 970 970 973 973 975 981 981 981 981 984 987 989 989 989 978 973 970 967 967 964 962 956 951 948 948 948 0 0
0 0 0 0 0 0 0 0 0 0 0 0 0 0 0 0 0 0 0 871 871 875 875 875 878 885 887 887 887 887 889 891 894 889 889 889 891 891 891 889 889 889 889 891 894 894 894 894 896 898 896 896 901 903 903 901 901 896 891 885 882 880 880 875 875 858 858 864 864 867 869 878 878 882 878 878 880 880 882 882 889 887 885 885 885 885 885 894 894 894 894 898 896 894 894 894 894 901 889 889 891 896 896 896 896 896 896 898 901 901 901 896 896 896 896 898 898 903 901 901 903 903 906 906 906 906 908 908 913 913 913 913 910 910 918 908 908 908 910 913 913 913 913 913 915 918 920 925 923 923 923 923 923 920 920 925 925 928 928 928 928 930 935 928 928 930 928 928 930 943 943 940 925 925 928 946 940 940 933 933 935 935 938 938 940 943 951 951 951 946 933 933 933 951 951 948 946 946 948 948 954 956 956 956 956 956 956 956 956 951 948 946 943 943 946 956 954 954 956 954 954 956 956 962 962 962 962 964 964 964 964 962 962 964 964 964 964 970 970 978 975 975 975 975 978 978 989 984 984 987 981 981 984 984 984 978 975 975 975 975 1013 998 998 1001 995 995 995 995 995 995 1001 995 995 998 1001 1004 1001 995 995 995 995 992 992 992 992 984 984 984 984 981 981 975 973 973 973 973 975 978 981 981 981 984 984 987 989 987 978 973 970 967 964 964 959 959 951 948 948 948 0 0
0 0 0 0 0 0 0 0 0 0 0 0 0 0 0 0 0 0 0 869 869 871 871 871 867 867 873 875 875 875 875 875 873 873 873 875 875 885 885 885 885 882 882 885 889 880 880 887 887 887 878 875 875 875 873 873 875 878 878 869 869 871 864 864 854 851 851 854 860 864 867 860 860 860 878 873 873 873 873 880 885 885 885 882 880 878 873 873 880 882 882 889 864 864 864 887 882 882 882 885 885 887 889 889 889 891 894 896 891 889 889 889 891 894 894 891 891 891 891 891 891 894 889 889 896 898 896 891 889 889 896 898 901 903 903 901 901 901 901 901 901 906 908 908 908 898 898 898 898 906 906 908 910 915 915 918 920 920 923 918 918 915 915 918 918 918 920 920 918 908 906 906 908 913 923 923 923 925 925 925 918 918 918 925 930 930 933 940 940 938 928 928 928 930 951 943 943 943 946 946 946 946 946 948 948 951 946 946 951 943 943 940 940 943 946 948 948 948 948 948 948 951 954 956 959 959 959 959 962 962 959 959 956 954 954 959 954 954 959 962 962 964 970 970 964 962 959 959 962 967 967 967 964 964 964 964 967 964 964 967 970 967 967 964 964 967 973 973 973 975 975 975 978 975 975 973 973 981 984 984 975 975 984 973 973 978 978 984 981 981 981 975 973 973 973 973 975 978 978 978 981 981 984 984 987 981 975 973 970 967 964 964 959 959 954 951 948 948 0 0
0 0 0 0 0 0 0 0 0 0 0 0 0 0 0 0 0 0 0 864 864 869 867 860 858 858 860 860 862 867 867 867 869 867 867 867 867 869 873 875 867 867 869 869 869 869 869 871 871 871 871 869 869 869 871 873 875 873 873 867 862 862 862 849 847 847 847 851 856 860 862 858 856 849 849 849 873 873 873 880 885 880 856 856 856 858 858 871 880 873 871 867 862 862 862 864 880 878 878 867 867 871 869 869 880 880 882 873 873 873 873 885 889 891 894 885 882 882 882 885 885 885 885 885 889 891 891 889 889 889 889 894 889 889 891 891 896 894 894 894 894 896 901 898 896 894 894 896 898 901 903 903 889 889 898 910 910 908 908 908 913 910 910 913 915 915 913 910 910 908 906 906 906 910 913 915 918 920 920 918 915 915 915 918 923 918 918 918 925 925 925 925 925 928 925 925 925 925 946 946 923 923 930 935 940 925 925 930 930 933 935 940 940 943 943 943 940 940 940 943 943 946 948 948 951 951 948 948 954 959 954 948 946 943 943 943 946 946 946 951 954 956 956 951 948 948 948 951 956 956 959 959 959 959 959 956 956 956 956 959 964 964 964 962 959 959 962 964 967 967 964 964 967 970 970 970 970 970 970 970 964 964 967 964 964 970 970 973 973 973 978 975 973 973 970 970 973 970 970 975 973 973 978 978 978 970 970 967 967 964 964 962 959 959 956 951 951 951 0 0
0 0 0 0 0 0 0 0 0 0 0 0 0 0 0 0 0 0 0 835 835 835 837 841 841 841 856 856 858 860 862 862 862 858 858 858 860 860 856 856 858 858 864 862 860 860 860 860 864 862 862 867 867 867 867 869 869 867 867 858 858 858 841 841 841 841 841 843 843 856 856 854 851 847 847 845 845 845 847 847 847 847 847 849 854 856 856 849 849 849 851 854 858 858 856 856 854 854 856 858 860 862 864 864 864 864 864 864 864 867 869 871 887 889 891 878 875 875 873 869 869 871 882 882 885 878 878 873 873 875 875 878 878 880 891 891 885 885 885 887 887 880 880 880 880 885 889 891 896 891 891 889 889 889 891 891 891 889 889 896 898 901 903 903 908 908 898 898 898 901 903 906 903 898 898 906 910 915 915 913 913 913 913 913 913 910 910 913 923 923 923 923 913 913 913 915 915 913 910 910 913 915 923 923 915 915 918 920 923 918 918 918 943 935 933 933 933 933 933 933 915 915 915 923 930 938 938 940 930 930 933 933 938 940 938 938 938 940 940 940 940 935 935 938 940 943 943 946 948 948 946 940 940 943 943 946 946 946 946 946 943 943 951 956 956 956 956 954 954 956 954 954 951 951 951 964 962 962 962 959 959 956 956 956 959 962 959 951 951 951 956 970 973 967 962 962 959 959 959 962 962 962 962 962 956 956 959 959 959 959 959 962 959 956 956 951 951 954 0 0
0 0 0 0 0 0 0 0 0 0 0 0 0 0 0 0 0 0 0 833 833 833 833 835 835 837 841 854 851 849 847 845 845 845 849 849 849 847 847 845 845 849 856 856 854 854 854 851 851 851 851 854 856 860 862 864 864 860 860 849 843 843 839 839 837 837 837 831 829 827 827 829 837 839 841 839 839 841 843 843 843 843 843 847 851 854 849 847 847 847 847 849 854 854 854 851 851 851 851 854 854 856 856 858 858 858 858 860 860 862 860 856 856 856 856 856 856 864 862 862 862 862 862 862 862 864 864 864 867 869 869 864 864 860 860 862 871 873 873 875 882 880 878 875 875 875 873 871 871 875 878 885 885 887 885 878 878 880 882 882 889 889 903 903 880 880 889 891 891 896 901 898 891 891 891 896 901 891 891 896 896 896 896 896 898 901 906 906 906 923 901 898 898 906 908 910 906 906 906 906 906 908 910 910 908 908 913 913 913 915 913 913 913 913 913 910 910 913 913 913 913 913 915 915 918 923 923 920 920 923 920 920 930 928 928 925 925 928 930 925 925 923 923 925 928 933 935 938 933 928 928 933 933 935 935 940 940 940 943 943 943 943 946 951 951 951 948 948 946 943 943 943 943 943 943 943 951 956 956 954 954 951 948 948 943 943 948 946 946 948 943 940 940 951 956 954 948 948 951 951 956 948 948 946 946 948 954 954 954 956 956 956 956 954 954 951 951 954 0 0
0 0 0 0 0 0 0 0 0 0 0 0 0 0 0 0 0 0 0 831 831 831 831 829 829 831 833 833 833 833 833 833 835 837 843 843 839 837 837 839 839 839 835 835 837 837 849 849 847 847 847 847 847 849 849 864 864 843 843 843 841 839 837 833 833 825 825 825 825 825 827 827 827 825 819 819 827 831 837 839 839 837 837 837 831 831 845 843 843 843 841 835 833 833 835 839 841 845 847 849 849 849 849 849 849 851 851 854 854 856 854 854 854 854 854 854 856 860 860 856 856 856 854 854 851 851 845 845 854 854 856 856 858 856 856 858 860 862 869 867 864 864 864 867 869 869 871 871 871 873 875 880 885 871 871 871 873 873 878 878 875 873 871 871 871 873 875 875 875 875 878 878 880 880 880 878 878 880 882 882 882 891 891 891 891 887 878 873 873 889 889 891 894 896 894 894 896 896 898 898 901 898 894 894 891 891 901 903 906 906 906 898 898 906 908 908 906 903 903 903 903 903 906 906 906 906 906 910 910 913 913 913 910 910 913 923 918 918 913 913 920 920 920 918 915 915 915 915 915 915 918 923 925 930 930 930 933 933 933 935 935 938 938 940 940 935 935 935 933 933 935 935 935 935 938 938 940 930 930 946 946 946 938 935 935 935 938 940 940 938 933 933 933 938 940 940 940 938 938 938 943 946 946 943 943 943 946 946 951 951 948 943 940 940 948 948 943 943 0 0
0 0 0 0 0 0 0 0 0 0 0 0 0 0 0 0 0 0 0 821 821 825 827 825 825 825 825 825 827 829 829 829 829 827 825 825 829 831 831 831 833 833 833 833 833 835 849 845 845 841 841 841 843 835 835 835 835 835 839 837 837 835 829 825 823 821 819 819 821 821 821 823 815 815 817 819 821 823 823 823 823 831 831 837 829 829 829 829 843 843 829 829 831 833 835 837 839 839 843 843 843 841 841 841 839 839 841 841 843 843 831 831 831 851 847 837 837 860 860 849 849 849 847 845 845 845 845 845 847 847 847 851 851 854 854 858 858 847 847 849 851 856 860 862 862 862 869 869 867 856 856 856 858 862 867 869 869 869 869 871 871 871 867 867 867 867 869 871 873 873 873 875 875 875 873 873 875 878 878 875 875 875 878 885 880 871 871 871 871 875 885 889 891 894 891 891 882 880 880 882 882 885 885 885 887 887 889 891 889 887 887 891 891 894 891 891 898 898 898 896 896 896 898 898 898 901 901 903 903 903 903 896 896 896 903 903 908 910 906 901 901 913 913 906 906 906 903 903 910 910 913 915 918 918 918 913 913 913 913 915 920 920 913 913 913 915 918 923 923 923 928 928 928 930 930 930 918 918 913 913 913 918 918 923 925 928 923 923 923 925 930 930 930 928 928 930 930 928 925 925 935 938 940 940 938 935 935 938 940 946 943 940 940 940 943 940 938 938 0 0
0 0 0 0 0 0 0 0 0 0 0 0 0 0 0 0 0 0 0 815 815 815 815 815 819 821 821 821 821 821 825 825 819 819 821 821 823 825 829 829 819 819 819 821 823 829 821 821 825 827 831 831 833 831 829 827 827 829 829 833 833 833 825 821 817 815 813 813 813 813 813 811 811 811 813 813 817 819 815 815 813 813 815 815 817 823 815 815 815 817 821 827 831 831 835 835 833 829 827 827 823 823 825 825 837 837 837 835 831 831 827 825 821 821 821 831 831 829 829 835 839 835 835 837 837 837 841 841 841 841 841 843 845 849 849 849 841 841 843 845 847 849 849 858 847 847 849 851 851 851 851 854 854 862 867 864 860 860 854 854 856 854 854 854 856 858 860 858 854 854 869 854 854 860 860 862 867 869 867 867 869 869 869 869 869 867 867 867 871 875 878 887 887 880 880 880 878 878 878 878 878 878 878 878 882 882 880 878 878 878 882 891 891 887 880 878 878 885 885 889 889 889 889 889 889 889 887 887 894 891 887 887 887 887 885 885 887 889 891 894 894 891 891 894 896 896 898 898 903 903 906 908 908 908 906 906 908 910 910 913 913 913 906 906 908 910 910 913 903 903 910 915 915 915 910 910 913 913 910 910 910 910 915 918 920 918 918 918 918 918 923 923 923 920 920 920 913 913 918 915 910 910 910 910 915 920 925 925 920 920 918 918 933 918 918 923 923 925 933 0
0 0 0 0 0 0 0 0 0 0 0 0 0 0 0 0 0 0 0 803 803 802 802 803 813 815 815 815 815 815 813 811 811 813 817 813 809 809 809 811 813 813 815 815 817 815 815 817 817 821 825 823 821 821 821 821 823 825 825 827 825 823 817 811 811 805 803 803 800 800 798 798 800 805 805 807 809 809 809 807 807 807 811 811 815 815 813 813 813 815 819 823 823 831 823 823 827 827 825 817 817 817 819 819 819 819 819 827 825 825 823 823 821 819 819 817 817 823 821 821 823 833 833 833 833 835 833 833 831 831 835 837 837 833 833 833 833 835 837 839 837 831 831 831 831 835 835 835 837 837 845 835 835 833 833 835 851 849 847 847 847 845 845 851 851 851 854 854 851 851 851 851 851 851 851 851 851 849 849 854 862 864 864 858 856 856 858 858 858 858 860 860 860 862 862 867 869 864 864 867 869 867 867 871 867 867 871 871 871 873 873 873 869 869 875 875 875 875 875 882 882 878 875 873 873 873 875 878 882 882 882 882 882 882 880 880 882 887 889 891 885 882 882 882 882 894 894 894 894 894 894 887 887 889 889 894 901 908 908 913 889 889 894 894 898 896 896 901 901 901 901 901 903 903 903 903 906 906 908 908 908 910 913 913 908 908 908 910 910 910 910 918 918 910 908 908 908 910 913 910 908 908 903 903 903 906 908 910 908 906 906 906 906 908 910 918 918 920 933 0
0 0 0 0 0 0 0 0 0 0 0 0 0 0 0 0 0 0 0 796 794 794 794 800 798 798 798 802 805 809 809 805 805 807 809 809 803 803 803 805 805 809 809 811 813 809 809 809 809 805 802 802 803 811 813 813 815 817 817 819 817 811 807 803 803 792 792 792 792 792 790 790 796 802 802 800 800 800 805 803 803 803 805 807 807 800 800 800 807 815 819 805 805 803 803 802 802 802 802 802 807 813 813 811 811 811 815 815 817 817 817 817 817 817 817 815 815 813 813 817 817 821 827 825 825 817 817 825 825 825 829 831 829 829 829 829 829 829 829 827 827 825 825 825 831 831 833 831 831 831 831 831 829 829 829 831 831 837 839 841 841 841 843 845 849 851 849 849 847 847 847 847 845 845 845 843 843 843 843 843 858 862 841 841 849 851 851 851 851 851 851 854 854 851 845 845 849 851 851 862 864 864 864 860 860 860 862 862 864 864 858 858 856 856 869 869 867 864 860 860 860 871 869 869 871 871 873 871 869 869 869 869 875 875 875 875 878 878 878 871 871 873 873 875 880 889 887 887 882 882 880 875 875 878 875 869 867 867 869 869 878 885 885 889 894 891 891 894 894 894 885 882 882 882 885 898 896 896 896 898 901 906 891 891 891 894 896 898 901 903 898 898 898 898 898 901 901 901 898 898 901 896 896 898 898 901 903 903 903 901 901 903 903 903 901 901 898 898 0 0
0 0 0 0 0 0 0 0 0 0 0 0 0 0 0 0 0 0 0 789 789 789 787 787 787 787 789 789 789 789 789 792 794 800 794 794 796 798 800 802 803 802 802 802 800 800 800 796 796 798 802 802 802 803 803 803 803 803 805 811 809 803 802 802 796 789 787 785 785 785 781 780 778 778 780 785 787 783 783 785 796 798 785 785 785 787 792 796 790 790 790 790 790 792 792 792 796 798 798 800 802 802 803 805 807 807 807 807 809 807 807 811 769 769 771 815 809 805 805 811 811 811 809 809 807 807 807 807 807 807 807 831 805 805 821 815 815 815 815 819 821 821 821 821 825 825 829 827 827 829 827 827 827 827 827 827 829 829 829 837 835 835 837 835 835 837 823 823 821 821 825 827 837 837 839 839 839 839 839 837 835 833 833 835 841 843 845 845 847 847 847 843 843 841 841 843 843 843 845 849 851 858 858 858 858 858 858 858 843 843 851 854 854 854 851 849 849 849 849 854 849 849 869 869 864 864 847 847 856 860 862 864 867 869 869 869 878 864 862 862 864 867 867 869 867 867 885 887 882 882 875 869 869 867 867 867 867 867 869 869 878 880 878 878 875 875 887 889 885 882 882 880 880 880 880 880 882 885 885 885 882 882 882 885 885 889 891 891 891 885 885 885 889 891 891 891 891 891 889 889 885 885 889 891 887 887 885 885 896 896 896 901 894 894 891 891 894 894 894 0
0 0 0 0 0 0 0 0 0 0 0 0 0 0 0 0 0 0 0 778 778 781 781 780 780 780 780 783 785 787 787 787 780 778 778 785 792 794 798 800 800 798 798 800 800 800 794 794 794 796 800 800 800 800 800 796 796 796 798 800 802 802 800 798 790 787 783 783 780 776 776 778 778 778 778 781 781 780 776 776 778 778 778 780 780 780 785 785 785 787 787 789 789 787 787 789 790 785 785 789 790 789 789 789 789 790 792 792 796 800 792 792 769 769 771 800 798 790 790 787 785 785 785 796 796 798 802 802 802 800 800 800 800 800 802 803 798 798 798 800 800 800 800 798 798 798 800 802 805 805 805 805 805 809 811 811 811 811 813 813 813 811 811 811 817 817 817 815 815 817 817 817 817 815 815 815 825 825 825 827 827 827 827 827 813 813 813 815 817 817 823 825 829 829 835 831 831 831 827 827 831 829 829 831 831 835 839 835 835 837 837 839 837 837 837 839 841 837 833 833 841 839 839 839 837 837 837 837 837 837 854 858 858 856 856 856 856 858 858 858 858 862 862 854 854 851 851 854 856 856 854 854 862 860 860 862 862 864 869 871 869 869 871 871 867 867 858 858 860 875 875 878 875 875 873 873 875 880 882 880 873 873 873 875 878 880 882 880 875 875 875 875 880 882 882 880 880 880 880 882 880 880 885 885 882 882 880 880 878 878 880 889 889 889 889 889 889 891 891 0
0 0 0 0 0 0 0 0 0 0 0 0 0 0 0 0 0 0 0 771 771 773 773 776 778 778 780 781 783 783 773 773 774 774 776 781 785 790 794 778 778 780 778 778 783 785 785 787 790 790 794 794 800 783 783 792 792 794 796 796 796 798 798 796 789 785 781 778 776 771 761 752 752 774 774 769 767 767 771 771 773 773 774 773 773 773 774 776 774 774 769 769 773 773 773 778 781 781 781 781 781 785 785 785 785 781 780 778 778 776 776 785 769 769 771 778 783 783 785 785 783 783 781 781 796 798 785 785 792 792 796 796 796 792 789 789 792 794 794 796 794 794 796 796 796 796 798 800 802 802 803 803 803 805 805 805 798 798 798 798 805 805 805 805 805 805 805 805 807 809 809 809 809 807 805 805 805 802 802 802 807 809 811 811 811 809 807 807 811 815 817 817 817 819 819 819 821 823 823 825 825 827 827 829 817 817 819 821 823 825 827 829 831 833 833 833 829 829 827 825 825 825 825 831 831 831 831 833 833 833 833 831 831 827 827 829 833 833 835 839 839 839 841 841 841 841 841 841 845 845 843 843 841 841 843 845 845 845 845 845 845 849 851 860 858 858 856 856 856 856 856 856 869 867 864 862 862 864 856 856 864 864 864 864 864 864 867 867 869 869 871 871 867 867 871 873 875 869 869 878 875 875 875 875 878 878 878 871 867 867 871 871 871 873 873 873 882 880 880 0
0 0 0 0 0 0 0 0 0 0 0 0 0 0 0 0 0 0 0 771 762 762 766 769 771 773 776 774 769 766 766 766 769 773 773 767 767 764 764 766 773 773 773 773 773 773 780 780 778 771 771 771 773 776 778 778 769 767 767 767 771 773 774 773 771 766 762 762 757 754 754 750 750 752 752 754 761 762 764 749 749 752 766 762 762 766 762 762 766 766 766 766 764 764 764 764 762 762 764 771 771 780 774 771 771 773 776 774 774 774 774 774 778 778 776 776 776 776 778 780 778 778 776 776 778 774 774 780 780 780 783 771 771 780 780 780 785 785 787 792 792 792 794 794 794 794 794 800 796 796 798 798 798 800 790 790 794 794 794 796 798 798 798 798 798 796 794 790 790 794 798 803 805 802 800 800 800 798 798 798 798 800 803 807 803 802 802 802 807 807 809 809 809 807 807 809 809 809 809 809 813 813 827 807 807 809 813 815 811 811 813 813 817 817 817 817 819 819 823 823 821 817 817 819 823 825 825 827 825 825 827 827 819 819 821 823 825 825 831 825 825 831 833 835 837 839 837 837 841 841 839 839 835 835 837 837 835 835 835 835 835 835 837 837 841 845 847 854 854 851 851 851 851 851 851 851 851 854 854 854 854 858 862 862 854 854 856 862 862 864 864 862 858 858 858 858 858 858 858 858 873 854 854 860 862 864 862 862 860 860 864 864 864 864 864 864 878 873 873 0
0 0 0 0 0 0 0 0 0 0 0 0 0 0 0 0 0 0 0 0 757 757 761 761 759 757 757 766 764 764 764 764 757 757 757 757 757 759 759 761 764 764 766 766 766 766 764 764 764 764 767 767 767 767 769 769 766 766 766 766 767 769 771 769 767 762 757 752 747 747 746 746 747 747 749 750 741 739 739 744 746 746 749 762 762 766 757 755 755 757 762 762 761 761 762 761 761 759 759 762 762 757 757 757 766 769 771 771 769 767 767 767 766 766 766 764 764 773 774 776 774 774 773 773 764 764 767 767 769 769 769 769 769 771 771 771 778 778 778 776 776 776 776 776 776 776 776 776 774 774 776 776 776 778 781 783 783 787 787 789 785 785 785 794 794 794 790 789 789 789 790 790 792 792 794 796 796 794 794 796 796 798 798 798 796 796 796 796 798 796 796 796 796 805 805 803 802 802 803 805 803 798 798 802 803 805 809 809 807 807 807 807 813 815 815 815 815 811 811 809 809 813 813 811 811 809 809 809 811 809 809 811 815 815 819 819 819 819 817 817 817 819 817 817 817 839 837 837 823 823 825 825 825 831 831 833 829 829 829 829 831 831 833 833 825 825 825 827 829 841 843 843 831 831 837 847 847 847 847 847 849 847 843 833 833 837 837 837 839 841 841 839 839 841 854 854 854 854 851 845 845 845 845 849 849 854 856 858 856 856 858 860 860 856 849 847 847 873 873 0
0 0 0 0 0 0 0 0 0 0 0 0 0 0 0 0 0 0 0 0 746 734 733 733 755 739 739 741 741 741 746 746 752 752 754 755 755 757 759 759 759 759 746 746 759 761 761 754 754 759 761 761 759 754 754 757 757 759 762 762 762 761 761 761 761 757 755 746 744 742 742 742 739 738 736 736 738 739 739 742 744 744 747 749 750 744 744 747 750 750 752 755 757 757 759 757 755 755 755 755 755 746 746 754 759 757 757 757 757 762 764 764 762 762 761 761 761 761 771 771 750 750 755 757 757 761 761 761 762 766 766 766 767 767 767 767 767 769 773 771 771 773 771 771 771 771 773 774 773 773 773 773 774 774 776 778 778 778 780 780 780 781 781 781 781 781 785 783 783 781 781 781 785 785 785 776 776 781 781 794 794 792 789 789 789 790 790 790 792 790 790 794 794 796 798 792 792 800 792 792 796 796 796 800 800 796 796 800 802 802 802 802 802 798 796 796 798 803 803 803 802 802 802 800 796 796 805 805 805 805 805 807 809 813 813 813 813 813 813 813 813 813 813 813 813 813 813 813 813 813 817 817 817 811 811 811 813 813 815 821 823 819 817 817 819 819 821 821 819 817 817 819 825 825 825 825 821 821 821 821 821 821 829 831 831 833 833 833 833 829 829 829 829 835 831 831 827 827 829 831 833 833 833 835 831 831 829 829 854 854 851 849 849 847 845 845 845 845 0 0
0 0 0 0 0 0 0 0 0 0 0 0 0 0 0 0 0 0 0 0 733 731 730 730 730 733 736 738 739 739 739 739 742 742 747 747 750 754 752 744 744 744 744 744 746 746 752 752 752 754 754 752 752 754 754 757 752 752 752 757 759 757 755 755 755 754 754 741 739 738 736 734 733 733 733 733 736 738 738 741 742 742 744 744 744 744 744 744 746 742 742 744 744 747 746 746 746 746 744 744 747 746 746 746 744 744 754 750 750 750 757 761 759 759 759 755 755 755 771 771 747 747 754 754 755 757 755 755 755 755 761 764 762 762 762 759 759 762 767 769 769 767 767 767 766 766 767 771 769 769 769 769 771 773 773 773 773 771 771 771 771 774 774 774 780 780 781 781 781 778 778 780 780 778 776 774 774 774 776 774 774 774 780 783 783 783 783 783 781 781 780 780 781 776 776 785 785 783 783 785 787 787 792 794 794 792 792 792 792 792 796 794 794 794 794 794 796 798 800 798 796 794 794 794 796 796 796 796 796 800 802 805 803 789 789 796 802 802 807 809 809 809 807 803 803 805 805 807 807 809 815 813 813 811 809 809 811 811 811 813 815 811 811 813 813 813 815 815 815 813 813 813 815 819 819 819 817 817 817 817 815 815 819 819 821 827 827 819 819 819 819 819 823 823 823 821 821 821 823 825 825 825 825 823 823 825 825 825 825 829 831 833 835 833 833 833 833 829 829 829
0 0 0 0 0 0 0 0 0 0 0 0 0 0 0 0 0 0 0 0 727 727 727 727 727 730 733 734 733 733 733 734 734 738 736 736 734 734 736 736 738 741 741 744 739 739 746 746 750 750 741 739 739 739 741 741 741 744 744 741 741 742 747 747 749 746 742 738 734 733 731 730 730 731 731 731 730 714 713 713 713 714 725 725 725 731 731 742 741 741 738 736 731 731 733 736 738 736 736 738 738 738 746 744 742 742 744 744 744 744 744 744 759 759 759 749 747 747 746 746 742 742 746 752 752 750 749 749 749 749 749 749 749 749 752 754 754 754 754 754 755 752 752 755 757 761 764 766 762 762 762 764 764 762 762 766 766 766 767 767 767 766 766 762 761 761 762 762 762 762 767 769 769 774 773 773 773 773 773 773 773 773 774 774 778 778 780 774 774 774 774 774 773 773 774 776 776 778 778 781 781 785 789 792 794 787 787 785 785 785 783 783 785 790 792 794 794 790 785 783 783 780 780 785 781 781 787 787 790 792 787 787 787 789 789 789 789 787 787 789 802 798 794 794 796 796 800 798 798 794 794 800 813 805 805 805 805 807 805 803 803 805 807 802 802 803 803 803 809 809 809 811 800 800 813 813 815 815 815 815 813 813 809 809 813 819 809 809 815 815 815 817 813 813 815 815 815 815 813 813 819 819 815 815 817 819 821 823 823 827 821 821 815 815 821 821 821 823 823 827
0 0 0 0 0 0 0 0 0 0 0 0 0 0 0 0 0 0 0 0 727 727 725 725 725 727 727 727 728 728 730 731 730 730 730 731 733 731 731 733 734 738 739 739 738 738 727 727 750 731 731 734 738 738 738 738 738 738 736 736 736 736 739 741 744 741 741 734 734 728 728 727 725 716 714 714 714 714 713 713 713 714 720 720 722 722 723 725 725 727 725 725 727 727 723 723 728 731 731 731 731 733 734 738 738 739 739 741 741 741 736 733 731 731 736 738 742 744 742 742 738 738 742 742 742 746 744 744 746 746 742 742 744 746 746 752 750 750 747 747 747 749 749 750 750 750 752 752 750 750 750 757 755 755 755 755 755 757 757 759 759 761 757 757 755 755 757 759 759 759 761 761 761 755 755 755 757 762 762 762 762 762 762 764 764 764 764 764 769 771 771 769 767 767 767 767 767 766 766 767 769 769 769 769 773 774 773 773 773 774 778 778 781 767 767 767 769 776 773 773 774 774 774 778 778 778 780 780 781 783 783 783 783 785 785 785 785 783 783 783 783 785 787 787 787 787 787 789 790 790 790 781 781 787 789 789 792 796 796 796 796 796 798 798 798 800 800 802 805 802 802 798 792 792 800 800 802 807 811 813 813 800 798 798 798 798 800 802 805 811 811 809 805 803 803 803 809 807 807 805 803 803 805 805 807 813 815 807 807 809 809 807 807 807 807 813 815 817 817 823
0 0 0 0 0 0 0 0 0 0 0 0 0 0 0 0 0 0 0 0 723 722 722 720 716 716 716 719 720 722 725 730 728 725 725 722 722 723 723 728 731 733 722 722 722 722 722 725 730 728 728 730 731 734 736 734 734 733 733 733 731 730 730 734 736 739 736 730 730 725 725 722 714 713 713 713 714 714 714 713 713 713 717 717 717 717 717 717 720 722 720 720 720 720 719 719 720 725 725 725 728 728 728 730 730 731 731 731 731 731 731 731 731 731 731 736 738 736 730 730 731 733 730 730 730 731 733 739 739 738 736 736 736 736 738 739 739 741 742 746 746 747 747 749 747 742 741 741 742 744 744 744 744 746 746 749 750 752 754 754 752 749 749 754 754 754 755 755 754 754 750 750 752 749 749 752 752 755 757 757 754 754 754 754 755 757 759 761 764 766 767 767 766 766 762 761 761 761 761 762 762 764 766 767 767 769 769 769 771 771 776 767 762 762 764 762 762 771 769 769 771 769 769 773 774 776 776 774 774 773 773 773 776 781 781 780 780 780 778 778 778 780 783 780 780 781 781 783 783 780 780 780 780 783 785 785 787 789 789 790 787 783 783 785 792 794 794 794 794 790 789 789 787 787 789 790 790 807 811 787 787 789 792 792 794 794 796 794 787 787 811 809 794 792 792 792 794 794 792 792 792 794 800 802 798 798 798 798 798 798 802 803 803 803 805 809 811 813 817 823
0 0 0 0 0 0 0 0 0 0 0 0 0 0 0 0 0 0 0 0 723 722 722 720 708 707 707 708 708 717 713 713 713 713 714 716 717 719 719 719 719 717 717 719 720 720 722 723 727 723 723 722 722 725 728 728 728 728 727 725 725 723 723 723 723 725 723 723 719 717 717 716 714 710 710 710 710 710 710 710 707 707 708 710 710 713 713 716 719 720 720 720 719 717 716 716 716 719 720 720 717 717 717 720 720 720 723 719 719 720 722 728 728 731 731 736 738 723 723 725 727 727 727 725 725 727 728 730 733 734 734 734 733 733 734 734 734 734 734 746 746 747 747 747 739 736 736 738 739 739 742 741 741 738 738 739 738 738 739 744 742 742 742 741 741 749 749 749 744 744 747 747 747 747 747 742 741 741 741 744 746 749 750 750 752 752 755 757 759 761 767 762 762 761 759 757 757 757 757 757 757 757 762 762 762 762 764 762 762 755 755 759 759 759 761 759 759 761 764 762 762 762 766 767 766 766 766 766 767 767 769 766 766 766 764 761 761 769 771 771 771 771 771 774 774 776 776 776 773 773 773 776 776 780 781 781 785 783 783 783 781 781 783 785 787 787 787 781 780 780 778 778 781 783 783 783 781 781 780 780 780 780 780 780 780 783 783 785 783 783 780 780 780 780 780 781 785 787 787 785 785 787 787 794 792 790 790 794 792 792 794 794 794 798 798 798 800 800 802 802
0 0 0 0 0 0 0 0 0 0 0 0 0 0 0 0 0 0 0 0 698 698 698 698 704 704 704 704 704 706 708 708 710 708 708 710 711 711 714 713 713 713 713 714 716 716 716 714 714 717 719 719 719 714 714 723 720 720 720 720 720 720 719 719 720 720 720 719 716 713 711 706 706 704 704 703 703 703 700 700 700 700 701 703 706 707 707 707 703 700 700 700 716 716 713 713 713 713 716 713 711 708 708 708 711 713 713 713 717 719 719 719 717 717 719 714 714 716 717 719 720 720 722 722 722 723 723 725 723 723 725 727 728 730 728 723 723 723 722 722 722 728 728 716 716 734 734 734 734 734 742 730 728 728 733 734 734 734 734 734 734 736 734 734 730 730 734 738 738 738 741 741 741 741 739 739 738 736 736 738 741 744 746 747 750 750 754 757 739 739 742 744 744 752 747 747 747 747 747 750 750 750 742 741 741 750 750 750 752 749 749 752 754 759 759 757 755 754 754 754 754 754 761 762 752 752 752 759 762 762 761 761 762 754 754 759 759 759 759 767 767 766 766 766 764 764 767 766 766 769 767 767 773 773 773 769 769 769 769 771 773 774 774 780 780 774 774 776 776 774 774 774 776 778 778 778 778 778 776 774 773 773 776 778 778 778 778 781 781 781 776 776 778 780 780 780 781 781 783 783 783 783 783 785 780 780 783 783 787 787 787 787 789 787 787 787 790 790 790 802
0 0 0 0 0 0 0 0 0 0 0 0 0 0 0 0 0 0 0 0 698 693 693 694 700 698 698 700 700 700 701 701 703 703 704 707 707 707 703 703 706 708 710 707 707 707 708 710 711 710 708 708 708 708 708 710 710 711 717 717 717 717 716 716 717 717 716 714 710 707 704 703 701 700 697 697 697 697 697 693 693 694 697 700 700 707 707 697 697 697 697 698 700 708 707 707 707 707 707 707 707 707 707 707 707 707 707 708 714 717 714 714 713 713 713 711 711 711 711 713 713 711 711 711 719 722 720 717 716 713 713 711 711 713 717 717 719 719 719 719 720 723 717 716 716 717 717 720 722 722 722 723 725 725 723 723 730 730 730 730 733 733 731 731 730 730 734 734 734 734 734 733 731 731 733 734 734 734 734 736 736 739 742 730 730 750 728 728 730 730 736 736 736 738 738 739 741 741 742 746 747 747 741 741 741 739 739 741 744 746 746 747 744 744 747 747 746 746 746 747 749 750 747 746 746 746 747 747 746 746 746 750 752 752 752 752 754 754 754 754 755 759 759 759 757 757 757 759 761 762 764 764 766 766 773 764 764 764 766 762 762 766 766 767 767 767 773 773 769 767 767 767 767 767 771 771 773 771 771 766 766 767 769 771 773 771 771 771 774 771 771 771 774 776 776 776 776 776 778 778 778 780 780 780 776 774 774 774 776 778 778 781 780 780 781 781 783 785 785 0
0 0 0 0 0 0 0 0 0 0 0 0 0 0 0 0 0 0 0 0 0 690 690 691 690 690 690 691 696 696 697 697 697 697 696 693 693 693 696 697 701 707 706 703 703 703 703 703 703 703 703 704 704 707 707 707 704 704 704 704 707 708 708 710 710 710 708 708 707 704 703 700 698 694 691 688 687 684 684 684 687 688 693 694 687 687 687 690 691 693 694 694 696 708 698 698 704 700 696 696 697 697 700 700 701 704 704 706 701 701 700 700 704 704 710 710 710 710 711 711 711 710 707 706 704 704 720 714 713 710 710 710 710 710 711 711 711 711 711 711 711 706 706 716 716 716 716 717 719 719 720 722 722 722 722 722 720 720 719 719 725 727 728 728 730 730 728 728 728 723 723 727 727 727 728 728 731 731 733 731 731 728 728 727 725 725 725 725 725 728 731 731 731 728 728 728 731 738 728 728 730 733 734 734 734 734 736 736 736 738 739 739 739 738 738 739 738 738 742 741 741 746 746 744 742 742 744 744 744 742 742 744 746 747 746 746 747 749 749 749 750 750 752 754 754 752 752 754 755 761 762 746 746 766 754 754 755 757 759 759 759 761 761 761 757 754 754 754 762 761 759 759 759 755 754 754 759 759 759 759 759 762 761 759 759 764 766 766 759 757 757 757 757 759 766 764 764 761 759 759 764 769 771 771 771 771 771 771 766 764 764 764 771 773 774 776 778 780 785 0
0 0 0 0 0 0 0 0 0 0 0 0 0 0 0 0 0 0 0 0 0 684 683 683 683 684 686 686 690 690 691 694 691 691 690 690 691 691 693 691 691 707 706 701 698 697 696 696 697 697 698 703 696 696 703 701 701 701 701 701 703 703 703 701 701 703 704 704 706 701 700 696 694 684 684 683 683 683 680 680 682 680 680 679 679 684 684 684 687 688 688 687 686 684 684 684 684 687 687 688 690 694 694 694 694 696 701 701 691 691 693 697 698 698 710 708 703 703 703 711 704 704 704 704 704 703 703 701 701 701 707 707 701 701 701 704 704 706 707 706 701 701 703 704 706 713 714 713 713 711 708 707 707 707 711 711 711 711 711 713 714 727 727 727 711 711 711 720 719 719 719 727 725 725 727 727 727 727 717 717 719 719 717 717 719 720 722 723 723 725 727 727 725 723 722 720 720 720 720 722 727 728 731 731 727 727 733 733 733 728 728 728 731 731 731 733 733 733 738 734 734 731 731 731 731 733 741 741 741 738 738 738 739 739 741 742 744 744 744 742 742 734 734 754 739 739 741 739 739 741 741 741 741 742 744 746 747 747 749 749 752 755 757 755 754 754 754 754 757 754 754 754 754 754 746 746 746 747 749 752 752 752 750 750 752 754 754 752 752 752 754 754 755 754 752 752 755 755 755 755 755 755 767 767 766 766 764 759 759 761 761 761 762 766 767 771 778 750 750 0
0 0 0 0 0 0 0 0 0 0 0 0 0 0 0 0 0 0 0 0 0 680 679 679 678 678 680 683 684 684 687 690 688 688 687 687 687 687 687 684 684 684 684 686 686 688 691 691 690 690 690 690 690 688 688 688 688 691 694 696 696 696 697 691 691 698 698 697 696 696 694 693 684 682 682 682 682 680 675 675 678 675 675 678 679 683 680 680 683 683 683 682 682 680 680 682 682 683 686 686 686 688 688 688 686 686 687 687 690 690 690 690 690 691 690 690 693 693 691 691 704 704 703 703 703 698 698 698 698 690 690 690 690 690 694 697 701 703 700 698 698 698 700 701 701 701 701 701 701 703 703 703 704 704 706 706 707 707 710 710 710 707 707 707 707 707 710 711 710 707 706 706 706 725 727 700 700 703 708 710 714 714 714 714 716 716 717 719 719 719 714 714 714 716 717 717 717 719 719 719 720 722 720 720 722 722 722 722 722 722 722 723 727 727 727 725 725 727 723 723 730 727 727 728 728 728 727 727 728 730 731 731 731 731 731 728 728 733 731 731 733 731 731 733 733 734 736 738 738 739 739 739 739 739 742 742 746 744 744 744 744 752 755 755 744 744 746 744 744 744 746 747 754 754 742 742 742 744 744 744 747 747 747 747 746 746 749 747 747 749 749 749 750 750 750 750 752 752 754 744 744 744 744 744 750 752 755 755 755 755 755 755 761 761 762 755 755 750 750 754
0 0 0 0 0 0 0 0 0 0 0 0 0 0 0 0 0 0 0 0 0 670 670 671 674 674 674 675 675 678 679 682 679 679 679 680 683 686 684 684 683 683 683 683 682 680 680 686 682 682 684 684 686 686 686 687 687 688 688 690 687 687 687 687 687 687 690 687 687 690 686 686 680 679 679 676 674 668 668 670 668 668 670 672 676 676 676 676 678 678 679 682 682 679 679 679 679 680 683 683 684 684 682 682 683 683 683 683 683 686 686 687 687 684 683 679 679 679 682 683 683 683 683 683 684 684 687 687 687 687 687 687 687 688 688 691 691 693 693 693 694 696 696 694 694 696 697 697 696 696 698 700 700 700 701 703 703 704 704 704 703 703 703 704 704 706 706 710 706 703 700 700 698 698 698 698 700 703 704 706 707 708 710 711 710 710 710 710 710 710 710 708 708 711 716 716 716 714 711 711 714 713 713 716 716 716 716 717 717 717 719 719 717 717 717 717 720 719 719 719 719 720 722 725 725 725 722 722 722 723 727 727 725 723 723 723 723 725 727 728 730 730 730 730 730 731 734 734 719 719 736 736 736 736 736 738 746 742 741 738 728 728 728 728 733 733 733 733 736 736 736 733 733 734 734 738 741 739 738 731 731 736 739 739 739 739 739 738 738 734 734 739 738 738 742 744 747 747 749 741 741 739 739 739 738 738 744 750 746 746 744 744 746 747 747 752 752 752 752 752
0 0 0 0 0 0 0 0 0 0 0 0 0 0 0 0 0 0 0 0 0 666 666 666 668 667 667 666 664 664 670 670 671 672 674 675 675 686 662 662 680 679 676 676 675 675 675 676 678 678 678 679 683 683 683 683 683 683 682 680 680 680 680 683 683 686 684 683 682 680 680 680 679 678 678 667 664 663 663 664 664 666 667 671 662 662 663 663 670 668 668 668 668 675 678 676 676 671 671 679 679 679 682 678 678 678 679 682 680 680 679 679 682 679 679 679 679 679 679 679 680 680 680 680 683 684 686 683 683 680 680 683 683 684 686 688 690 691 691 691 691 690 688 688 688 690 690 693 693 693 693 694 697 697 697 697 698 701 703 701 701 701 701 703 703 706 706 708 701 694 694 697 697 697 697 697 697 698 698 701 704 704 706 700 700 700 700 707 707 707 704 704 703 703 704 716 716 707 707 708 708 708 710 710 710 710 710 711 713 714 713 713 713 714 713 713 716 716 716 714 713 713 714 714 717 717 716 716 716 717 719 720 722 722 722 720 720 720 722 723 723 723 727 727 727 727 727 716 716 716 719 720 725 725 725 738 738 728 727 727 727 727 727 728 728 730 728 728 730 730 728 728 728 730 730 731 731 730 730 730 728 728 730 730 728 728 727 727 725 725 728 731 733 734 738 738 736 731 731 731 731 733 734 734 734 734 736 738 738 739 739 741 741 741 738 738 742 750 750 750
0 0 0 0 0 0 0 0 0 0 0 0 0 0 0 0 0 0 0 0 0 659 659 661 664 664 664 664 664 664 664 664 668 668 671 672 672 662 662 662 664 670 670 670 668 667 667 672 672 672 674 674 675 676 678 678 676 676 679 678 675 675 675 675 678 679 682 682 679 679 678 678 675 672 664 663 661 661 661 662 662 663 654 654 654 659 661 662 670 668 666 666 666 659 659 664 667 667 664 662 662 663 663 663 668 668 668 670 668 668 670 670 670 672 676 678 678 678 676 676 678 674 674 678 683 684 686 674 674 676 678 678 679 680 682 683 684 690 687 675 675 675 676 676 676 676 678 678 679 678 678 678 678 686 690 691 672 672 674 680 683 680 680 680 680 684 682 682 682 682 683 682 682 682 682 690 688 688 687 687 683 683 683 683 687 688 694 694 694 694 694 697 698 698 696 696 697 700 700 703 703 703 700 700 700 700 704 708 713 714 708 708 708 708 704 698 697 697 698 708 707 707 704 704 706 703 703 708 711 713 713 713 711 711 710 708 708 717 717 713 713 714 717 716 716 713 713 713 714 716 717 719 720 719 716 716 719 720 723 723 723 723 723 725 725 720 720 722 723 725 725 725 725 725 723 723 722 722 720 720 722 723 725 725 725 725 725 725 720 720 720 720 725 728 734 734 723 723 723 727 728 728 728 731 731 731 728 728 731 731 734 736 736 736 734 734 733 733 750 750
0 0 0 0 0 0 0 0 0 0 0 0 0 0 0 0 0 0 0 0 0 657 657 655 655 654 654 658 661 662 662 663 666 666 668 668 667 662 662 662 663 664 666 668 664 663 663 664 664 664 668 671 667 667 671 671 672 672 671 670 670 670 672 672 674 676 676 676 676 676 676 672 670 663 661 658 655 655 657 657 657 653 653 654 654 654 652 652 653 653 654 657 658 658 658 659 662 661 658 658 657 657 658 658 659 659 661 663 666 667 667 667 666 663 659 658 658 661 661 661 664 663 663 664 664 664 664 666 666 667 670 666 664 664 664 667 668 668 668 671 671 672 672 672 672 674 674 676 675 675 675 674 674 686 690 670 670 668 668 670 671 678 678 678 678 682 682 680 679 676 676 679 679 680 680 680 682 682 682 682 682 683 682 682 684 686 687 687 687 690 690 690 688 688 682 682 683 683 684 687 687 688 688 688 688 688 688 688 690 690 691 691 691 691 691 693 694 696 696 697 697 698 697 697 697 703 703 703 701 701 703 703 703 704 703 703 704 704 704 707 707 706 703 703 703 706 707 707 708 708 711 714 714 716 714 714 711 711 719 716 716 714 714 716 716 716 716 716 716 719 719 719 717 717 717 714 714 717 716 716 717 719 720 722 722 722 720 719 719 719 717 717 714 714 716 717 717 719 722 723 722 720 720 720 727 725 725 727 728 728 731 733 733 733 731 730 730 725 725 0
0 0 0 0 0 0 0 0 0 0 0 0 0 0 0 0 0 0 0 0 0 652 652 648 648 649 649 649 649 655 658 659 661 659 653 653 654 654 661 661 661 661 659 659 661 661 659 659 661 662 662 663 663 663 663 664 664 663 663 664 666 666 670 670 672 674 676 676 663 663 668 667 664 657 657 654 653 647 643 643 642 642 643 648 648 647 647 646 646 646 646 647 650 652 652 649 649 649 650 652 653 653 653 654 654 657 658 658 652 652 653 659 659 657 657 654 654 658 658 658 658 658 659 657 657 661 661 661 661 661 661 662 661 661 662 662 663 663 666 668 668 671 670 670 671 661 661 662 663 667 671 671 666 666 666 666 667 667 666 666 666 666 666 667 667 679 678 676 674 671 671 671 675 676 676 678 674 674 674 678 678 680 680 680 682 671 671 674 674 676 676 682 682 682 680 680 680 679 679 680 683 682 682 682 683 684 686 686 687 688 688 690 690 688 688 688 688 690 690 690 690 693 694 693 691 691 691 691 694 694 694 693 688 687 687 690 694 693 693 693 693 693 696 697 697 698 701 704 704 704 703 703 703 703 703 703 704 703 703 703 703 704 706 707 711 711 713 708 708 708 708 711 713 713 713 708 708 710 711 711 714 716 716 717 716 714 714 719 719 716 713 711 711 708 708 710 711 713 717 717 717 717 716 716 717 716 716 723 725 725 728 725 723 723 723 723 722 720 717 717
0 0 0 0 0 0 0 0 0 0 0 0 0 0 0 0 0 0 0 0 0 648 648 647 646 646 646 646 646 648 649 650 652 647 647 649 652 653 652 652 652 652 653 654 654 655 655 655 657 658 658 659 659 662 662 659 659 659 659 662 662 659 659 658 654 653 653 654 657 657 658 657 657 653 650 650 648 643 642 641 640 640 637 634 634 630 630 634 637 638 640 640 642 643 643 646 646 648 648 648 649 649 649 648 648 655 654 653 650 650 650 647 647 650 652 653 653 654 654 654 653 653 654 654 655 655 657 655 655 655 653 653 658 658 657 654 653 653 653 654 657 671 654 654 655 658 659 659 661 661 659 659 658 658 662 662 663 663 663 663 663 662 662 664 664 679 676 676 671 668 667 667 664 664 666 666 667 670 671 671 671 675 678 675 670 670 670 671 672 674 674 674 674 678 679 679 679 678 678 678 679 678 678 678 678 679 680 682 683 684 687 690 690 686 683 683 682 680 680 682 682 691 690 687 686 686 686 684 684 684 686 686 686 684 684 684 684 687 688 688 688 688 691 694 697 698 701 700 691 690 690 691 691 694 696 694 694 696 697 697 696 694 694 696 703 703 703 706 704 704 704 706 713 713 700 700 703 703 703 701 701 706 701 701 706 706 707 707 706 706 706 706 706 706 704 704 706 706 706 710 710 711 707 707 708 708 710 723 725 725 728 710 710 710 713 714 714 717 713 713
0 0 0 0 0 0 0 0 0 0 0 0 0 0 0 0 0 0 0 0 0 641 641 638 638 641 641 641 643 642 642 644 646 646 646 648 649 649 644 644 646 648 648 652 652 646 644 644 654 654 648 648 646 646 646 647 648 649 649 648 646 646 659 655 650 650 650 649 649 653 655 657 654 653 647 644 643 640 637 637 638 636 632 632 632 630 630 631 631 632 634 634 636 636 637 637 637 638 638 648 649 642 640 640 642 642 642 642 642 640 640 641 641 642 643 646 648 652 653 653 653 649 647 647 647 647 647 642 642 650 650 649 649 652 652 652 652 649 649 652 650 650 650 650 654 657 657 658 657 653 653 653 657 657 658 661 661 661 659 658 658 658 659 658 658 658 657 657 658 658 658 659 661 661 663 663 664 664 664 664 666 661 661 662 664 666 666 667 666 666 667 667 666 666 667 667 667 671 675 676 679 668 668 671 672 672 671 671 671 671 671 671 671 672 675 676 678 678 678 678 675 674 674 674 674 678 678 678 678 679 682 682 683 682 682 676 676 676 678 679 680 680 680 680 680 682 682 683 686 686 687 688 684 684 686 686 686 690 691 690 690 691 691 690 690 690 690 690 691 691 687 687 696 693 693 694 697 698 698 698 698 698 700 700 700 701 703 704 704 704 704 701 701 700 698 698 698 698 700 697 697 701 701 701 704 706 706 700 700 700 700 700 706 707 707 706 706 707 708 710
0 0 0 0 0 0 0 0 0 0 0 0 0 0 0 0 0 0 0 0 0 641 631 631 635 635 635 635 638 638 638 640 641 641 637 637 635 635 635 636 635 635 638 638 637 636 636 637 637 654 643 643 641 641 641 641 643 643 644 644 643 642 642 643 649 649 648 646 646 643 643 644 644 643 643 642 641 638 637 634 624 624 628 628 628 628 628 628 629 630 631 631 631 632 634 634 634 632 631 631 632 632 635 635 638 638 638 636 635 635 636 637 638 638 641 641 638 637 636 636 636 634 634 643 640 640 642 642 642 644 646 646 646 652 650 650 649 647 647 647 647 647 647 647 649 652 652 652 649 649 650 650 652 652 653 648 648 648 648 652 654 654 655 657 657 657 655 655 655 655 655 658 659 659 661 659 659 663 663 663 659 657 657 658 658 662 662 661 661 662 662 663 663 663 663 663 663 666 675 658 658 659 659 659 666 664 664 666 666 667 664 664 667 666 666 668 670 671 671 671 670 670 670 670 668 668 671 671 671 671 671 671 671 671 671 675 672 672 674 675 675 676 675 675 678 678 679 679 680 680 679 679 679 679 679 680 680 682 682 682 683 684 686 684 684 684 684 686 683 682 680 680 682 693 693 688 688 687 687 687 687 688 686 686 686 686 687 690 691 701 701 696 696 696 694 694 694 696 694 693 693 694 694 694 700 700 698 696 696 697 697 697 700 700 696 696 697 698 706 708
0 0 0 0 0 0 0 0 0 0 0 0 0 0 0 0 0 0 0 0 0 0 627 627 628 625 625 625 625 637 627 627 625 625 628 631 631 630 630 631 632 632 635 636 636 634 634 634 631 630 630 643 637 637 636 636 636 636 636 642 641 640 638 638 638 640 642 642 642 643 641 641 641 642 641 640 636 629 629 625 624 623 623 621 621 623 625 627 628 629 628 628 628 624 624 631 629 629 628 627 627 627 634 634 635 635 636 635 635 634 634 635 635 636 638 638 636 635 634 632 632 632 632 634 637 637 638 638 638 637 637 636 636 636 636 637 637 638 642 642 643 644 644 644 647 648 649 641 641 643 648 649 649 649 653 646 643 643 643 646 647 647 648 648 647 647 655 652 652 652 653 647 647 653 653 654 652 650 650 650 650 654 654 655 654 654 654 654 655 658 658 659 659 659 661 661 662 657 657 657 657 657 657 658 661 661 661 664 663 663 661 661 661 661 661 663 668 670 670 670 666 666 667 668 667 667 667 667 668 668 668 668 667 667 667 666 666 670 672 671 671 672 672 672 672 672 678 671 671 674 674 674 674 674 675 678 676 676 676 676 676 676 680 680 682 679 676 676 676 679 679 679 675 675 676 676 678 679 683 683 684 682 680 680 682 682 680 679 678 678 679 679 683 684 686 684 684 682 682 682 683 686 686 686 687 688 690 690 691 693 693 691 690 690 693 693 694 696 706 706
0 0 0 0 0 0 0 0 0 0 0 0 0 0 0 0 0 0 0 0 0 0 624 624 625 623 622 620 620 621 622 622 624 624 624 625 625 627 627 629 629 629 631 630 630 630 630 630 630 630 629 629 630 635 634 634 634 634 634 634 635 636 636 634 632 632 635 637 637 636 636 635 635 638 638 637 632 629 625 622 622 620 619 618 618 618 619 621 624 624 624 624 624 621 621 623 623 625 625 625 625 625 632 634 623 623 624 628 631 630 630 628 628 628 628 628 628 630 632 631 631 631 631 631 632 632 635 636 636 635 634 631 631 631 632 634 635 636 638 638 640 640 640 641 642 637 637 637 637 641 641 632 632 636 637 637 637 637 641 638 638 647 643 643 643 643 642 642 643 646 644 644 644 644 653 653 649 648 647 647 648 648 649 652 650 650 650 650 650 652 654 655 655 655 652 652 652 652 654 654 654 653 653 655 655 658 659 661 658 657 657 658 659 658 652 652 650 650 650 650 654 654 650 650 663 662 662 661 661 663 666 667 666 664 661 661 659 659 659 661 661 663 664 664 666 663 663 663 670 670 671 670 670 670 671 671 670 670 670 670 671 671 674 675 671 671 671 674 674 675 675 674 670 670 670 672 674 675 674 674 674 674 668 668 675 675 675 675 676 676 676 676 676 674 674 678 678 675 675 676 678 679 679 682 682 682 682 679 679 680 690 687 687 688 690 691 691 694 694 706
0 0 0 0 0 0 0 0 0 0 0 0 0 0 0 0 0 0 0 0 0 0 624 624 609 609 613 614 615 615 615 618 623 623 623 619 619 616 616 621 621 624 624 624 625 625 627 628 628 628 628 628 628 628 630 631 631 631 631 631 632 631 631 632 630 630 630 631 634 634 632 632 631 631 629 629 629 625 621 620 620 619 615 614 613 613 613 613 620 623 622 622 620 618 618 618 616 616 620 620 620 618 618 634 619 619 620 621 624 624 624 624 623 623 623 623 624 623 621 619 619 624 624 624 624 624 624 624 631 630 629 627 627 629 631 632 632 631 631 630 630 630 629 629 629 629 630 635 636 637 630 630 632 635 635 635 635 635 635 635 634 634 635 637 641 642 637 637 637 642 642 642 642 640 640 636 636 647 646 646 644 642 642 646 646 647 647 647 647 648 646 646 646 646 646 649 649 650 648 648 649 649 650 650 650 657 646 646 648 648 650 655 655 655 649 649 649 649 650 650 649 648 648 648 648 648 649 649 649 650 654 653 653 655 655 655 657 657 657 658 659 659 659 659 659 659 659 658 658 658 659 659 659 659 659 659 659 662 663 668 666 664 664 667 668 668 668 668 670 672 672 668 668 668 668 670 668 668 671 671 668 668 663 663 670 671 672 674 674 674 672 671 671 670 670 668 668 668 671 674 674 668 668 668 668 670 674 674 675 678 690 678 678 678 679 679 682 680 680 0
0 0 0 0 0 0 0 0 0 0 0 0 0 0 0 0 0 0 0 0 0 0 607 607 607 608 610 612 613 615 615 611 611 611 611 614 613 613 613 613 615 616 618 620 620 620 621 621 621 621 620 616 616 628 630 631 630 630 631 621 621 622 629 631 628 628 628 628 629 630 630 631 631 631 627 627 624 623 619 619 619 613 612 612 611 611 612 611 610 610 622 622 602 602 603 611 612 613 615 616 616 615 614 614 614 615 616 616 616 616 618 619 620 620 622 621 619 619 618 615 615 621 621 623 622 622 621 620 620 620 622 623 623 624 630 630 625 625 627 629 629 628 627 627 625 625 627 635 635 630 628 628 629 629 628 628 629 630 631 631 629 629 629 628 628 629 629 629 632 631 631 636 636 635 632 632 635 636 641 641 637 637 637 638 641 642 641 641 643 642 642 642 638 638 631 631 634 634 635 640 642 644 646 644 644 641 641 642 643 646 646 646 646 646 646 646 648 648 648 649 647 647 647 646 646 647 647 648 648 649 649 649 649 650 652 653 654 654 655 657 657 657 653 650 650 654 657 655 653 653 654 655 657 657 657 658 658 658 658 658 661 661 662 662 662 667 664 661 661 661 662 662 661 659 659 659 659 659 659 663 662 662 659 659 661 663 663 671 671 664 663 663 664 664 664 664 664 664 666 667 666 666 666 666 667 668 670 670 671 678 678 674 674 674 675 675 674 670 670 0
0 0 0 0 0 0 0 0 0 0 0 0 0 0 0 0 0 0 0 0 0 0 606 606 600 600 603 606 602 602 602 603 606 608 607 607 608 609 611 612 612 614 615 618 618 619 616 616 618 616 614 614 612 612 612 613 613 614 614 614 615 615 615 615 615 616 625 625 616 616 618 618 620 620 620 623 622 620 613 612 608 608 609 609 609 609 609 610 610 610 609 601 601 602 603 604 609 611 614 613 610 609 608 608 610 612 614 614 615 615 615 615 615 615 615 616 612 612 612 614 614 614 616 620 620 619 618 618 618 618 618 619 622 622 619 619 620 620 624 627 628 625 624 623 623 622 620 619 619 620 624 625 624 624 625 625 627 628 628 628 627 625 625 625 625 627 627 627 628 628 623 623 625 631 631 632 634 635 641 641 631 631 631 635 636 631 631 636 643 642 642 631 631 632 630 630 632 632 632 636 636 642 638 638 638 638 638 638 638 637 637 637 637 641 641 641 641 641 641 643 644 644 644 643 643 643 643 644 647 647 647 647 647 648 648 650 652 653 653 654 657 649 649 648 648 649 650 650 652 649 649 650 650 653 653 654 654 654 653 653 655 655 657 657 657 659 658 658 658 658 655 654 652 652 653 657 657 657 657 658 659 659 658 658 654 654 654 657 658 659 659 659 661 661 661 661 658 654 654 655 658 661 662 662 662 663 658 658 658 658 658 674 674 674 675 668 667 667 667 667
0 0 0 0 0 0 0 0 0 0 0 0 0 0 0 0 0 0 0 0 0 0 595 595 596 599 600 600 600 601 601 602 603 606 604 604 604 606 610 609 609 609 615 604 604 609 609 610 608 608 611 611 611 611 611 611 611 612 613 613 613 615 614 614 613 613 613 625 615 615 616 616 614 614 614 619 622 614 608 606 606 606 606 607 607 607 609 610 610 610 600 600 600 601 602 602 602 611 614 608 608 608 608 608 609 609 613 613 614 614 611 610 610 613 613 609 609 608 608 609 609 610 611 620 607 607 609 613 614 614 614 613 613 612 612 613 613 620 624 627 613 613 616 616 620 619 618 616 615 615 618 614 614 621 623 624 625 621 621 623 623 624 624 624 624 624 624 624 624 623 623 622 622 623 623 632 634 623 623 624 624 623 623 631 627 627 627 627 627 627 627 629 629 629 628 628 630 630 631 631 631 631 631 628 628 628 628 628 634 634 632 632 634 632 632 636 636 636 636 637 636 636 636 637 640 638 637 637 640 640 640 642 641 638 638 640 652 653 653 654 638 638 640 640 643 641 641 641 641 644 646 646 646 648 648 647 647 647 648 648 649 652 653 653 653 654 655 655 654 650 650 649 649 649 650 653 653 653 648 648 654 653 653 653 652 652 653 653 658 657 653 653 653 653 654 653 653 653 652 652 652 650 650 653 652 652 653 654 655 654 652 652 654 654 655 657 658 662 664 664
0 0 0 0 0 0 0 0 0 0 0 0 0 0 0 0 0 0 0 0 0 0 595 595 595 597 598 598 597 597 599 601 602 603 602 602 601 601 607 606 603 601 601 602 603 603 606 606 606 606 606 606 608 608 608 608 608 608 611 611 612 613 612 611 610 610 610 610 611 611 613 613 612 611 611 610 609 607 606 604 604 604 604 591 591 591 591 596 596 597 597 597 600 601 601 598 598 601 615 601 601 604 604 604 602 601 601 600 598 598 604 607 604 604 602 602 603 606 606 604 604 604 604 604 606 606 607 609 611 614 614 613 609 609 610 610 609 609 608 608 609 610 612 607 607 610 610 613 613 613 613 613 614 614 612 612 610 610 614 614 619 621 621 621 619 619 619 620 620 622 620 620 621 622 621 621 621 621 621 621 621 621 621 619 619 622 622 622 625 625 625 625 625 627 627 627 629 628 628 629 629 629 630 627 627 627 627 627 629 630 631 631 630 630 630 630 630 631 632 632 632 632 631 631 635 634 634 635 635 635 635 630 630 636 635 635 629 629 630 630 635 636 636 636 638 638 640 640 640 642 643 643 642 642 643 642 642 641 641 641 641 641 642 644 643 643 642 642 643 644 644 647 647 647 648 647 644 644 644 643 643 643 643 646 648 648 648 649 658 643 643 643 644 646 650 650 650 650 649 649 649 648 648 649 649 649 650 652 650 650 649 649 652 654 654 655 654 653 653 653
0 0 0 0 0 0 0 0 0 0 0 0 0 0 0 0 0 0 0 0 0 0 594 594 594 596 594 594 591 591 592 595 595 599 597 597 598 600 598 598 599 599 600 601 601 601 602 602 603 602 601 601 601 603 603 604 604 608 608 608 604 604 604 604 604 603 603 603 603 603 603 609 609 609 608 608 607 604 603 602 601 595 593 591 591 591 591 586 586 590 591 591 592 597 597 588 588 589 592 592 593 594 596 597 597 595 594 594 595 596 597 607 604 604 601 601 602 602 601 599 598 598 598 600 603 603 604 606 611 599 599 600 601 602 609 610 604 601 601 603 606 607 606 606 606 606 607 609 611 612 607 607 612 606 606 607 607 607 610 610 609 609 609 609 611 614 616 616 618 611 611 613 612 612 613 614 614 620 619 619 619 616 615 615 616 618 618 619 619 622 621 621 622 623 623 618 615 614 612 612 629 618 618 619 624 624 622 622 624 625 627 629 624 624 625 625 627 630 630 630 630 630 629 627 624 624 630 630 631 631 632 629 629 628 628 625 625 628 628 629 634 634 634 634 631 631 630 630 634 637 638 638 637 637 635 635 636 636 638 640 640 638 638 640 638 638 638 638 640 638 638 640 640 643 643 642 642 642 642 642 640 638 638 638 640 641 637 636 636 637 640 641 642 643 643 643 643 643 644 647 647 646 646 647 648 648 649 636 636 640 644 644 648 649 650 652 650 649 648 648
0 0 0 0 0 0 0 0 0 0 0 0 0 0 0 0 0 0 0 0 0 0 594 594 594 596 587 587 588 588 587 587 595 595 595 592 591 590 589 589 593 595 596 600 595 595 597 597 597 598 598 598 599 601 600 599 599 599 599 599 599 600 600 600 601 601 601 602 602 602 602 604 606 608 608 607 602 601 599 598 595 593 591 591 590 589 589 586 586 590 589 589 587 586 586 586 586 587 591 592 591 591 592 592 594 594 594 594 594 594 595 594 593 591 591 601 602 602 595 595 595 595 595 596 598 600 597 595 594 594 594 594 595 602 609 610 599 599 599 599 600 600 602 602 603 603 604 604 603 603 603 603 603 603 603 604 604 604 606 606 607 607 607 607 606 606 607 609 609 609 608 608 608 609 609 609 610 611 612 613 613 613 612 612 610 610 612 613 613 614 618 618 619 616 613 613 613 612 611 611 611 615 615 616 618 618 620 620 621 618 618 618 618 618 621 622 623 630 618 618 619 619 619 621 621 621 622 630 630 620 620 622 624 624 624 624 625 625 627 622 622 622 625 629 628 628 628 628 628 629 629 630 629 629 630 630 631 631 634 636 637 635 629 629 629 635 637 637 634 634 635 635 636 636 636 638 638 637 637 634 634 635 636 636 637 635 634 634 634 635 637 638 638 638 637 637 636 636 642 642 643 644 637 637 635 634 634 634 634 635 640 642 640 640 640 642 648 648 648 648
0 0 0 0 0 0 0 0 0 0 0 0 0 0 0 0 0 0 0 0 0 0 594 576 576 580 581 582 584 584 584 583 583 583 584 585 585 586 587 587 587 595 596 600 595 595 597 591 591 594 594 594 594 594 594 594 594 595 595 596 597 597 597 598 599 599 600 600 600 600 601 602 604 590 590 590 599 598 597 595 594 589 588 588 588 588 588 578 578 589 589 589 587 586 585 585 585 586 590 589 588 588 587 587 588 589 589 592 592 592 593 591 591 590 588 588 588 593 593 593 592 590 590 588 588 592 595 594 593 593 593 593 593 591 591 593 593 595 596 596 597 597 598 601 602 601 601 597 596 596 599 600 600 601 600 600 601 600 600 600 600 602 602 602 601 601 602 604 604 607 606 606 606 607 607 609 609 608 608 609 604 604 604 606 606 606 606 608 608 614 606 606 606 606 607 612 612 612 611 611 611 615 615 615 609 609 615 616 615 615 610 610 614 616 618 618 613 613 615 615 616 616 616 616 618 614 613 613 615 615 616 612 612 619 619 621 623 623 621 620 620 619 619 619 620 622 624 624 624 625 625 625 625 625 627 629 629 628 628 622 622 622 625 627 627 625 625 625 625 628 629 631 631 631 624 624 625 627 628 628 630 632 634 632 631 630 630 631 631 632 632 632 632 631 631 632 631 627 627 631 634 632 631 629 629 631 631 632 631 631 636 634 632 632 634 636 636 643 644 644
0 0 0 0 0 0 0 0 0 0 0 0 0 0 0 0 0 0 0 0 0 0 0 575 575 576 578 580 580 581 581 580 580 580 581 581 582 583 584 585 583 583 583 579 583 583 583 584 586 591 591 593 591 591 588 588 589 593 593 593 593 593 593 595 595 596 591 591 600 600 594 593 590 590 590 590 591 593 594 592 588 588 585 583 583 577 575 575 574 574 574 573 573 585 585 584 584 574 574 574 579 585 586 585 585 586 586 586 585 585 585 585 588 588 588 584 582 582 582 582 589 587 587 585 585 585 588 591 591 591 590 590 589 589 589 589 589 590 593 593 595 591 591 596 596 595 590 590 591 595 596 595 593 593 593 595 599 598 597 597 597 597 598 599 599 599 600 600 600 600 600 600 600 601 602 602 604 603 601 600 600 600 601 601 601 601 600 600 600 600 601 603 604 604 606 606 611 610 609 609 609 616 606 606 607 607 608 609 609 609 609 609 610 614 612 610 610 610 615 615 615 612 612 611 611 610 610 612 613 613 613 612 612 612 614 616 614 614 615 615 615 616 616 615 615 620 622 622 621 620 620 621 622 622 622 623 628 622 621 621 621 621 622 624 622 622 621 621 621 622 625 627 621 621 621 622 623 624 625 625 627 628 628 629 629 629 628 627 627 624 624 628 628 628 627 627 623 623 623 631 634 625 624 624 628 629 630 630 625 625 625 629 629 629 631 632 632 635 644 644
0 0 0 0 0 0 0 0 0 0 0 0 0 0 0 0 0 0 0 0 0 0 0 572 572 576 572 572 573 575 576 576 577 577 578 578 580 580 580 581 580 577 577 579 579 580 580 582 580 580 579 579 579 585 584 584 583 583 583 590 590 591 591 587 586 586 586 586 586 586 586 588 589 590 589 589 590 590 589 587 587 586 583 578 575 575 575 574 573 573 572 572 572 584 582 582 572 572 573 573 576 577 576 576 576 576 578 581 581 584 581 581 582 580 580 581 580 580 581 582 582 582 583 584 582 581 581 581 587 585 585 587 588 588 587 584 584 584 584 582 582 588 588 589 588 588 588 588 589 587 587 588 590 591 592 592 593 595 596 596 596 596 596 596 596 597 596 593 593 595 596 596 596 601 590 589 589 601 596 596 597 597 599 599 599 599 598 598 599 599 599 600 603 603 602 602 611 608 602 596 596 596 596 599 602 602 602 602 602 606 606 608 608 613 604 604 604 603 603 615 615 610 607 606 606 606 606 608 608 607 607 607 608 610 610 612 610 610 610 611 613 614 614 612 612 612 612 612 614 614 615 618 619 619 619 615 615 615 615 618 620 620 621 622 619 619 620 619 619 620 619 619 615 615 618 620 622 623 623 621 621 621 619 619 619 619 619 619 619 619 619 620 620 622 623 621 621 620 620 618 615 615 615 618 621 628 627 621 621 621 620 620 624 625 627 627 628 628 628 629
0 0 0 0 0 0 0 0 0 0 0 0 0 0 0 0 0 0 0 0 0 0 0 565 565 566 566 567 567 571 571 570 570 571 572 573 574 574 576 577 577 575 575 575 575 576 578 580 579 579 578 578 579 580 580 582 581 581 581 581 581 580 580 584 584 584 585 585 585 585 585 587 588 589 588 586 586 586 586 587 586 584 576 576 574 574 573 572 568 567 567 568 569 566 566 566 567 567 570 571 570 570 575 574 574 574 574 574 574 576 576 574 574 576 577 579 579 579 580 580 579 577 577 579 581 580 574 574 576 577 577 578 578 581 578 578 580 581 581 580 580 588 588 587 585 585 586 587 587 586 585 585 586 586 589 587 585 585 586 593 594 593 593 591 591 591 591 591 590 590 591 591 589 588 588 588 588 588 588 589 589 591 593 594 596 596 596 596 596 596 596 592 592 592 592 592 592 608 592 592 593 593 593 595 597 600 599 599 599 601 603 608 608 598 598 600 602 602 600 600 599 599 600 602 602 603 603 603 603 603 603 603 603 601 600 600 602 604 604 607 611 608 608 607 607 608 608 608 609 612 613 615 615 615 615 615 609 609 608 608 615 608 608 611 612 613 618 618 616 615 612 612 612 612 613 614 614 623 611 611 618 618 613 613 615 615 615 616 615 614 612 612 612 613 614 616 618 616 616 613 613 614 615 615 610 610 616 619 619 619 616 616 620 621 623 623 623 624 624 628
0 0 0 0 0 0 0 0 0 0 0 0 0 0 0 0 0 0 0 0 0 0 0 562 562 562 564 565 565 566 568 568 568 570 570 568 568 567 567 571 573 573 572 572 572 572 573 571 571 574 574 576 578 577 577 576 576 577 578 577 577 578 578 579 580 580 580 581 581 581 582 584 581 581 581 581 583 585 585 586 585 578 576 574 572 572 571 565 565 566 566 566 565 564 564 565 565 565 570 571 568 565 565 570 572 571 570 570 570 570 570 571 571 572 571 571 574 575 574 574 573 573 573 572 572 571 571 572 573 575 576 574 574 574 575 576 575 575 576 574 574 575 575 575 576 576 576 576 574 574 584 576 576 576 577 578 582 582 582 577 577 587 584 583 583 580 580 580 579 577 577 579 579 580 583 582 582 581 581 582 581 580 580 584 584 584 585 588 588 588 588 590 590 591 591 590 589 589 590 590 590 590 590 590 591 592 592 592 593 593 593 593 594 594 594 595 595 595 596 595 595 596 596 598 600 601 600 600 597 597 599 600 597 597 597 598 599 600 601 602 602 603 602 602 603 603 604 606 607 608 610 603 603 603 608 606 606 604 604 604 604 606 606 606 608 610 613 611 611 611 611 611 610 610 610 608 607 607 608 609 609 609 610 609 609 609 610 613 613 611 611 611 611 611 614 612 612 613 613 608 608 612 612 612 609 609 610 609 609 611 611 613 613 616 619 619 619 619 619 628
0 0 0 0 0 0 0 0 0 0 0 0 0 0 0 0 0 0 0 0 0 0 0 558 558 559 557 557 563 562 562 564 565 567 567 567 566 566 566 567 568 570 570 570 570 570 570 570 570 570 571 573 577 572 571 571 572 573 575 575 576 577 578 578 575 575 577 578 578 578 581 576 576 577 576 575 575 575 577 584 578 576 573 571 567 566 565 562 562 563 564 560 560 560 562 564 562 559 559 559 560 563 564 566 567 569 569 562 562 563 563 568 568 570 570 570 572 572 572 567 566 566 566 566 567 568 568 569 569 569 568 568 567 567 568 567 567 567 567 568 572 572 570 570 573 573 575 571 571 572 571 571 571 571 572 572 573 577 577 577 577 587 584 583 574 573 573 573 572 572 575 573 573 579 582 582 580 579 579 579 578 578 578 579 579 581 582 579 579 579 580 580 580 579 579 580 582 584 584 583 582 581 580 580 585 587 587 583 583 583 584 586 586 586 587 588 588 589 590 592 592 592 592 594 595 593 592 592 592 593 594 595 595 595 595 595 596 598 598 598 598 598 600 600 600 599 599 600 600 600 601 600 600 599 599 601 602 603 603 602 601 600 600 601 603 603 613 611 608 608 608 608 608 608 603 603 604 604 606 606 606 606 606 606 606 606 603 602 602 609 607 607 607 603 603 612 612 613 613 606 606 607 607 607 607 607 606 602 602 602 606 610 610 612 612 612 612 612 614 629
0 0 0 0 0 0 0 0 0 0 0 0 0 0 0 0 0 0 0 0 0 0 0 556 556 555 554 554 556 559 560 562 562 567 567 565 565 564 564 563 561 561 562 566 567 568 568 568 567 567 567 568 568 567 567 568 570 571 572 572 572 577 578 578 572 571 571 572 572 571 571 571 572 573 571 571 571 572 572 574 577 573 569 567 565 565 562 562 562 562 553 553 552 552 560 560 559 558 558 558 558 558 559 563 565 566 561 561 562 563 563 568 568 570 570 570 572 572 572 567 566 566 566 566 567 568 568 569 569 569 568 568 567 567 568 567 567 567 567 568 572 572 570 570 573 573 575 571 571 572 571 571 571 571 572 572 573 577 577 577 577 0 0 0 574 573 573 573 572 572 575 573 573 579 582 582 580 579 579 579 578 578 578 579 579 581 582 579 579 579 580 580 580 579 579 580 582 584 584 583 582 581 580 580 585 587 587 583 583 583 584 586 586 586 587 588 588 589 590 591 590 590 590 591 591 591 590 590 590 591 591 592 592 593 593 592 592 595 594 593 592 592 592 593 594 594 595 595 595 594 594 596 596 596 597 598 599 600 600 598 596 596 597 599 599 598 598 598 607 607 608 608 601 599 599 599 600 600 601 601 601 598 598 599 599 600 601 601 601 601 601 601 598 598 598 598 598 598 598 600 600 598 598 598 599 599 600 601 601 602 604 607 608 608 607 607 608 610 611 611
0 0 0 0 0 0 0 0 0 0 0 0 0 0 0 0 0 0 0 0 0 0 0 556 556 555 554 554 556 559 560 562 562 0 0 565 565 564 564 563 561 561 562 566 567 568 568 568 567 567 567 568 568 567 567 568 570 571 572 572 572 0 0 0 572 571 571 572 572 571 571 571 572 573 571 571 571 572 572 574 577 573 569 567 565 565 562 562 562 562 553 553 552 552 560 560 559 558 558 558 558 558 559 563 565 566 561 561 0 0 0 0 0 0 0 0 0 0 0 0 0 0 0 0 0 0 0 0 0 0 0 0 0 0 0 0 0 0 0 0 0 0 0 0 0 0 0 0 0 0 0 0 0 0 0 0 0 0 0 0 0 0 0 0 0 0 0 0 0 0 0 0 0 0 0 0 0 0 0 0 0 0 0 0 0 0 0 0 0 0 0 0 0 0 0 0 0 0 0 0 0 0 0 0 0 0 0 0 0 0 0 0 0 0 0 0 0 590 590 591 590 590 590 591 591 591 590 590 590 591 591 592 592 593 593 592 592 595 594 593 592 592 592 593 594 594 595 595 595 594 594 596 596 596 597 598 599 600 600 598 596 596 597 599 599 598 598 0 607 607 0 0 601 599 599 599 600 600 601 601 601 598 598 599 599 600 601 601 601 601 601 601 598 598 598 598 598 598 598 600 600 598 598 598 599 599 600 601 601 602 604 607 608 608 607 607 608 610 611 611
0 0 0 0 0 0 0 0 0 0 0 0 0 0 0 0 0 0 0 0 0 0 0 0 0 0 0 0 0 0 0 0 0 0 0 0 0 0 0 0 0 0 0 0 0 0 0 0 0 0 0 0 0 0 0 0 0 0 0 0 0 0 0 0 0 0 0 0 0 0 0 0 0 0 0 0 0 0 0 0 0 0 0 0 0 0 0 0 0 0 0 0 0 0 0 0 0 0 0 0 0 0 0 0 0 0 0 0 0 0 0 0 0 0 0 0 0 0 0 0 0 0 0 0 0 0 0 0 0 0 0 0 0 0 0 0 0 0 0 0 0 0 0 0 0 0 0 0 0 0 0 0 0 0 0 0 0 0 0 0 0 0 0 0 0 0 0 0 0 0 0 0 0 0 0 0 0 0 0 0 0 0 0 0 0 0 0 0 0 0 0 0 0 0 0 0 0 0 0 0 0 0 0 0 0 0 0 0 0 0 0 0 0 0 0 0 0 0 0 0 0 0 0 0 0 0 0 0 0 0 0 0 0 0 0 0 0 0 0 0 0 0 0 0 0 0 0 0 0 0 0 0 0 0 0 0 0 0 0 0 0 0 0 0 0 0 0 0 0 0 0 0 0 0 0 0 0 0 0 0 0 0 0 0 0 0 0 0 0 0 0 0 0 0 0 0 0 0 0 0 0 0 0 0 0 0 0 0 0 0 0 0 0 0 0 0 0 0 0 0
0 0 0 0 0 0 0 0 0 0 0 0 0 0 0 0 0 0 0 0 0 0 0 0 0 0 0 0 0 0 0 0 0 0 0 0 0 0 0 0 0 0 0 0 0 0 0 0 0 0 0 0 0 0 0 0 0 0 0 0 0 0 0 0 0 0 0 0 0 0 0 0 0 0 0 0 0 0 0 0 0 0 0 0 0 0 0 0 0 0 0 0 0 0 0 0 0 0 0 0 0 0 0 0 0 0 0 0 0 0 0 0 0 0 0 0 0 0 0 0 0 0 0 0 0 0 0 0 0 0 0 0 0 0 0 0 0 0 0 0 0 0 0 0 0 0 0 0 0 0 0 0 0 0 0 0 0 0 0 0 0 0 0 0 0 0 0 0 0 0 0 0 0 0 0 0 0 0 0 0 0 0 0 0 0 0 0 0 0 0 0 0 0 0 0 0 0 0 0 0 0 0 0 0 0 0 0 0 0 0 0 0 0 0 0 0 0 0 0 0 0 0 0 0 0 0 0 0 0 0 0 0 0 0 0 0 0 0 0 0 0 0 0 0 0 0 0 0 0 0 0 0 0 0 0 0 0 0 0 0 0 0 0 0 0 0 0 0 0 0 0 0 0 0 0 0 0 0 0 0 0 0 0 0 0 0 0 0 0 0 0 0 0 0 0 0 0 0 0 0 0 0 0 0 0 0 0 0 0 0 0 0 0 0 0 0 0 0 0 0
0 0 0 0 0 0 0 0 0 0 0 0 0 0 0 0 0 0 0 0 0 0 0 0 0 0 0 0 0 0 0 0 0 0 0 0 0 0 0 0 0 0 0 0 0 0 0 0 0 0 0 0 0 0 0 0 0 0 0 0 0 0 0 0 0 0 0 0 0 0 0 0 0 0 0 0 0 0 0 0 0 0 0 0 0 0 0 0 0 0 0 0 0 0 0 0 0 0 0 0 0 0 0 0 0 0 0 0 0 0 0 0 0 0 0 0 0 0 0 0 0 0 0 0 0 0 0 0 0 0 0 0 0 0 0 0 0 0 0 0 0 0 0 0 0 0 0 0 0 0 0 0 0 0 0 0 0 0 0 0 0 0 0 0 0 0 0 0 0 0 0 0 0 0 0 0 0 0 0 0 0 0 0 0 0 0 0 0 0 0 0 0 0 0 0 0 0 0 0 0 0 0 0 0 0 0 0 0 0 0 0 0 0 0 0 0 0 0 0 0 0 0 0 0 0 0 0 0 0 0 0 0 0 0 0 0 0 0 0 0 0 0 0 0 0 0 0 0 0 0 0 0 0 0 0 0 0 0 0 0 0 0 0 0 0 0 0 0 0 0 0 0 0 0 0 0 0 0 0 0 0 0 0 0 0 0 0 0 0 0 0 0 0 0 0 0 0 0 0 0 0 0 0 0 0 0 0 0 0 0 0 0 0 0 0 0 0 0 0 0
0 0 0 0 0 0 0 0 0 0 0 0 0 0 0 0 0 0 0 0 0 0 0 0 0 0 0 0 0 0 0 0 0 0 0 0 0 0 0 0 0 0 0 0 0 0 0 0 0 0 0 0 0 0 0 0 0 0 0 0 0 0 0 0 0 0 0 0 0 0 0 0 0 0 0 0 0 0 0 0 0 0 0 0 0 0 0 0 0 0 0 0 0 0 0 0 0 0 0 0 0 0 0 0 0 0 0 0 0 0 0 0 0 0 0 0 0 0 0 0 0 0 0 0 0 0 0 0 0 0 0 0 0 0 0 0 0 0 0 0 0 0 0 0 0 0 0 0 0 0 0 0 0 0 0 0 0 0 0 0 0 0 0 0 0 0 0 0 0 0 0 0 0 0 0 0 0 0 0 0 0 0 0 0 0 0 0 0 0 0 0 0 0 0 0 0 0 0 0 0 0 0 0 0 0 0 0 0 0 0 0 0 0 0 0 0 0 0 0 0 0 0 0 0 0 0 0 0 0 0 0 0 0 0 0 0 0 0 0 0 0 0 0 0 0 0 0 0 0 0 0 0 0 0 0 0 0 0 0 0 0 0 0 0 0 0 0 0 0 0 0 0 0 0 0 0 0 0 0 0 0 0 0 0 0 0 0 0 0 0 0 0 0 0 0 0 0 0 0 0 0 0 0 0 0 0 0 0 0 0 0 0 0 0 0 0 0 0 0 0
0 0 0 0 0 0 0 0 0 0 0 0 0 0 0 0 0 0 0 0 0 0 0 0 0 0 0 0 0 0 0 0 0 0 0 0 0 0 0 0 0 0 0 0 0 0 0 0 0 0 0 0 0 0 0 0 0 0 0 0 0 0 0 0 0 0 0 0 0 0 0 0 0 0 0 0 0 0 0 0 0 0 0 0 0 0 0 0 0 0 0 0 0 0 0 0 0 0 0 0 0 0 0 0 0 0 0 0 0 0 0 0 0 0 0 0 0 0 0 0 0 0 0 0 0 0 0 0 0 0 0 0 0 0 0 0 0 0 0 0 0 0 0 0 0 0 0 0 0 0 0 0 0 0 0 0 0 0 0 0 0 0 0 0 0 0 0 0 0 0 0 0 0 0 0 0 0 0 0 0 0 0 0 0 0 0 0 0 0 0 0 0 0 0 0 0 0 0 0 0 0 0 0 0 0 0 0 0 0 0 0 0 0 0 0 0 0 0 0 0 0 0 0 0 0 0 0 0 0 0 0 0 0 0 0 0 0 0 0 0 0 0 0 0 0 0 0 0 0 0 0 0 0 0 0 0 0 0 0 0 0 0 0 0 0 0 0 0 0 0 0 0 0 0 0 0 0 0 0 0 0 0 0 0 0 0 0 0 0 0 0 0 0 0 0 0 0 0 0 0 0 0 0 0 0 0 0 0 0 0 0 0 0 0 0 0 0 0 0 0
0 0 0 0 0 0 0 0 0 0 0 0 0 0 0 0 0 0 0 0 0 0 0 0 0 0 0 0 0 0 0 0 0 0 0 0 0 0 0 0 0 0 0 0 0 0 0 0 0 0 0 0 0 0 0 0 0 0 0 0 0 0 0 0 0 0 0 0 0 0 0 0 0 0 0 0 0 0 0 0 0 0 0 0 0 0 0 0 0 0 0 0 0 0 0 0 0 0 0 0 0 0 0 0 0 0 0 0 0 0 0 0 0 0 0 0 0 0 0 0 0 0 0 0 0 0 0 0 0 0 0 0 0 0 0 0 0 0 0 0 0 0 0 0 0 0 0 0 0 0 0 0 0 0 0 0 0 0 0 0 0 0 0 0 0 0 0 0 0 0 0 0 0 0 0 0 0 0 0 0 0 0 0 0 0 0 0 0 0 0 0 0 0 0 0 0 0 0 0 0 0 0 0 0 0 0 0 0 0 0 0 0 0 0 0 0 0 0 0 0 0 0 0 0 0 0 0 0 0 0 0 0 0 0 0 0 0 0 0 0 0 0 0 0 0 0 0 0 0 0 0 0 0 0 0 0 0 0 0 0 0 0 0 0 0 0 0 0 0 0 0 0 0 0 0 0 0 0 0 0 0 0 0 0 0 0 0 0 0 0 0 0 0 0 0 0 0 0 0 0 0 0 0 0 0 0 0 0 0 0 0 0 0 0 0 0 0 0 0 0
