0 0 0 0 0 0 0 0 0 0 0 0 0 0 0 0 0 0 0 0 0 0 0 0 0 0 0 0 0 0 0 0 0 0 0 0 0 0 0 0 0 0 0 0 0 0 0 0 0 0 0 0 0 0 0 0 0 0 0 0 0 0 0 0 0 0 0 0 0 0 0 0 0 0 0 0 0 0 0 0 0 0 0 0 0 0 0 0 0 0 0 0 0 0 0 0 0 0 0 0 0 0 0 0 0 0 0 0 0 0 0 0 0 0 0 0 0 0 0 0 0 0 0 0 0 0 0 0 0 0 0 0 0 0 0 0 0 0 0 0 0 0 0 0 0 0 0 0 0 0 0 0 0 0 0 0 0 0 0 0 0 0 0 0 0 0 0 0 0 0 0 0 0 0 0 0 0 0 0 0 0 0 0 0 0 0 0 0 0 0 0 0 0 0 0 0 0 0 0 0 0 0 0 0 0 0 0 0 0 0 0 0 0 0 0 0 0 0 0 0 0 0 0 0 0 0 0 0 0 0 0 0 0 0 0 0 0 0 0 0 0 0 0 0 0 0 0 0 0 0 0 0 0 0 0 0 0 0 0 0 0 0 0 0 0 0 0 0 0 0 0 0 0 0 0 0 0 0 0 0 0 0 0 0 0 0 0 0 0 0 0 0 0 0 0 0 0 0 0 0 0 0 0 0 0 0 0 0 0 0 0 0 0 0 0 0 0 0 0 0
0 0 0 0 0 0 0 0 0 0 0 0 0 0 0 0 0 0 0 0 0 0 0 0 0 0 0 0 0 0 0 0 0 0 0 0 0 0 0 0 0 0 0 0 0 0 0 0 0 0 0 0 0 0 0 0 0 0 0 0 0 0 0 0 0 0 0 0 0 0 0 0 0 0 0 0 0 0 0 0 0 0 0 0 0 0 0 0 0 0 0 0 0 0 0 0 0 0 0 0 0 0 0 0 0 0 0 0 0 0 0 0 0 0 0 0 0 0 0 0 0 0 0 0 0 0 0 0 0 0 0 0 0 0 0 0 0 0 0 0 0 0 0 0 0 0 0 0 0 0 0 0 0 0 0 0 0 0 0 0 0 0 0 0 0 0 0 0 0 0 0 0 0 0 0 0 0 0 0 0 0 0 0 0 0 0 0 0 0 0 0 0 0 0 0 0 0 0 0 0 0 0 0 0 0 0 0 0 0 0 0 0 0 0 0 0 0 0 0 0 0 0 0 0 0 0 0 0 0 0 0 0 0 0 0 0 0 0 0 0 0 0 0 0 0 0 0 0 0 0 0 0 0 0 0 0 0 0 0 0 0 0 0 0 0 0 0 0 0 0 0 0 0 0 0 0 0 0 0 0 0 0 0 0 0 0 0 0 0 0 0 0 0 0 0 0 0 0 0 0 0 0 0 0 0 0 0 0 0 0 0 0 0 0 0 0 0 0 0 0
0 0 0 0 0 0 0 0 0 0 0 0 0 0 0 0 0 0 0 0 0 0 0 0 0 0 0 0 0 0 0 0 0 0 0 0 0 0 0 0 0 0 0 0 0 0 0 0 0 0 0 0 0 0 0 0 0 0 0 0 0 0 0 0 0 0 0 0 0 0 0 0 0 0 0 0 0 0 0 0 0 0 0 0 0 0 0 0 0 0 0 0 0 0 0 0 0 0 0 0 0 0 0 0 0 0 0 0 0 0 0 0 0 0 0 0 0 0 0 0 0 0 0 0 0 0 0 0 0 0 0 0 0 0 0 0 0 0 0 0 0 0 0 0 0 0 0 0 0 0 0 0 0 0 0 0 0 0 0 0 0 0 0 0 0 0 0 0 0 0 0 0 0 0 0 0 0 0 0 0 0 0 0 0 0 0 0 0 0 0 0 0 0 0 0 0 0 0 0 0 0 0 0 0 0 0 0 0 0 0 0 0 0 0 0 0 0 0 0 0 0 0 0 0 0 0 0 0 0 0 0 0 0 0 0 0 0 0 0 0 0 0 0 0 0 0 0 0 0 0 0 0 0 0 0 0 0 0 0 0 0 0 0 0 0 0 0 0 0 0 0 0 0 0 0 0 0 0 0 0 0 0 0 0 0 0 0 0 0 0 0 0 0 0 0 0 0 0 0 0 0 0 0 0 0 0 0 0 0 0 0 0 0 0 0 0 0 0 0 0
0 0 0 0 0 0 0 0 0 0 0 0 0 0 0 0 0 0 0 0 0 0 0 0 0 0 0 0 0 0 0 0 0 0 0 0 0 0 0 0 0 0 0 0 0 0 0 0 0 0 0 0 0 0 0 0 0 0 0 0 0 0 0 0 0 0 0 0 0 0 0 0 0 0 0 0 0 0 0 0 0 0 0 0 0 0 0 0 0 0 0 0 0 0 0 0 0 0 0 0 0 0 0 0 0 0 0 0 0 0 0 0 0 0 0 0 0 0 0 0 0 0 0 0 0 0 0 0 0 0 0 0 0 0 0 0 0 0 0 0 0 0 0 0 0 0 0 0 0 0 0 0 0 0 0 0 0 0 0 0 0 0 0 0 0 0 0 0 0 0 0 0 0 0 0 0 0 0 0 0 0 0 0 0 0 0 0 0 0 0 0 0 0 0 0 0 0 0 0 0 0 0 0 0 0 0 0 0 0 0 0 0 0 0 0 0 0 0 0 0 0 0 0 0 0 0 0 0 0 0 0 0 0 0 0 0 0 0 0 0 0 0 0 0 0 0 0 0 0 0 0 0 0 0 0 0 0 0 0 0 0 0 0 0 0 0 0 0 0 0 0 0 0 0 0 0 0 0 0 0 0 0 0 0 0 0 0 0 0 0 0 0 0 0 0 0 0 0 0 0 0 0 0 0 0 0 0 0 0 0 0 0 0 0 0 0 0 0 0 0
0 0 0 0 0 0 0 0 0 0 0 0 0 0 0 0 0 0 0 0 0 0 0 0 0 0 0 0 0 0 0 0 0 0 0 0 0 0 0 0 0 0 0 0 0 0 0 0 0 0 0 0 0 0 0 0 0 0 0 0 0 0 0 0 0 0 0 0 0 0 0 0 0 0 0 0 0 0 0 0 0 0 0 0 0 0 0 0 0 0 0 0 0 0 0 0 0 0 0 0 0 0 0 0 0 0 0 0 0 0 0 0 0 0 0 0 0 0 0 0 0 0 0 0 0 0 0 0 0 0 0 0 0 0 0 0 0 0 0 0 0 0 0 0 0 0 0 0 0 0 0 0 0 0 0 0 0 0 0 0 0 0 0 0 0 0 0 0 0 0 0 0 0 0 0 0 0 0 0 0 0 0 0 0 0 0 0 0 0 0 0 0 0 0 0 0 0 0 0 0 0 0 0 0 0 0 0 0 0 0 0 0 0 0 0 0 0 0 0 0 0 0 0 0 0 0 0 0 0 0 0 0 0 0 0 0 0 0 0 0 0 0 0 0 0 0 0 0 0 0 0 0 0 0 0 0 0 0 0 0 0 0 0 0 0 0 0 0 0 0 0 0 0 0 0 0 0 0 0 0 0 0 0 0 0 0 0 0 0 0 0 0 0 0 0 0 0 0 0 0 0 0 0 0 0 0 0 0 0 0 0 0 0 0 0 0 0 0 0 0
0 0 0 0 0 0 0 0 0 0 0 0 0 0 0 0 0 0 847 847 856 864 869 875 875 0 0 0 1245 1245 1250 1245 1245 1245 1245 1245 1241 1241 1236 1232 1227 1227 1232 1245 1241 1241 1236 1236 1236 1232 1232 1227 1223 1223 1223 1223 1227 1227 1219 1219 1219 1219 1219 1214 1214 1214 1214 1219 1219 1214 1210 1210 1206 1206 1206 1206 1210 1214 1214 1219 1219 1223 1227 1232 1236 1236 1245 1255 1255 0 0 0 2503 2503 2485 2485 2503 2503 2485 2485 2467 2467 2467 2450 2450 2450 2450 2450 2432 2415 2415 2415 2415 2415 2415 2398 2398 2398 2381 2381 2365 2365 2365 2365 2365 2349 2349 2349 2333 2317 2301 2256 2241 2226 2226 2226 2226 2226 2226 2226 2226 2212 2198 2198 2212 2212 2212 2143 2129 2129 2129 2129 2129 2129 2129 2116 2116 2116 2116 2103 2090 2078 2065 2065 2065 2078 2078 2078 2078 2065 2065 2053 2040 2028 2005 2005 1959 1959 1959 1936 1936 1926 1926 1926 1926 1926 1926 1926 1926 1926 1926 1936 1936 1936 1936 1926 1926 1936 1936 1926 1926 1926 1926 1926 1926 1915 1915 1915 1915 1926 1926 1926 1926 1926 1926 1904 1883 1863 1853 1833 1833 1823 1823 1823 1823 1823 1823 1833 1833 1843 1853 1843 1843 1843 1843 1843 1853 1766 1766 1776 1776 1785 1785 1785 1776 1766 1766 1766 1766 1766 1757 1757 1731 1722 1722 1713 1688 1680 1671 1671 1671 1663 1655 1655 1655 1655 1655 1655 1655 1663 1663 1671 1663 1663 1671 1680 1680 1688 1688 1688 1688 1688 1688 1680 1680 0 0 1047 1044 1044 0 0 1028 1028 1028 1028 1028 1022 1022 1019 1019 1016 1010 1010 1007 1007 1004 1004 1004 1004 998 998 995 995 995 995 998 998 0 0
0 0 0 0 0 0 0 0 0 0 0 0 0 0 0 0 0 0 847 847 856 862 867 873 875 0 0 0 1245 1245 1250 1245 1245 1245 1245 1245 1241 1241 1236 1232 1227 1227 1232 1245 1241 1241 1236 1236 1236 1232 1232 1227 1223 1223 1223 1223 1227 1227 1219 1219 1219 1219 1219 1214 1214 1214 1214 1219 1219 1214 1210 1210 1206 1206 1206 1206 1210 1214 1214 1219 1219 1223 1227 1232 1236 1236 1245 1250 1255 1259 0 0 2503 2503 2485 2485 2503 2503 2485 2485 2467 2467 2467 2450 2450 2450 2450 2432 2432 2415 2415 2415 2415 2415 2415 2398 2398 2398 2381 2381 2365 2365 2365 2365 2365 2349 2349 2349 2333 2317 2301 2241 2241 2226 2226 2226 2226 2226 2226 2226 2226 2212 2198 2198 2212 2212 2212 2129 2129 2116 2116 2129 2129 2129 2129 2116 2116 2116 2116 2103 2090 2078 2065 2065 2065 2078 2078 2078 2065 2065 2053 2053 2040 2028 2005 2005 1959 1947 1947 1936 1936 1926 1926 1926 1926 1926 1926 1926 1926 1926 1926 1936 1936 1936 1936 1926 1926 1936 1936 1926 1926 1926 1926 1926 1926 1915 1915 1915 1915 1926 1926 1926 1926 1926 1926 1904 1883 1863 1853 1833 1833 1823 1823 1823 1823 1823 1823 1833 1833 1843 1853 1843 1843 1843 1843 1843 1853 1757 1757 1776 1776 1785 1785 1785 1776 1766 1766 1766 1766 1766 1757 1757 1731 1722 1722 1713 1688 1680 1671 1671 1671 1663 1655 1655 1655 1655 1655 1655 1655 1663 1663 1663 1663 1663 1671 1680 1680 1680 1054 1047 1047 1671 1688 1680 1680 0 1044 1044 1041 1038 1031 1028 1028 1028 1028 1025 1022 1022 1022 1019 1019 1013 1010 1010 1007 1007 1004 1004 1004 1004 998 998 995 995 995 995 995 995 0 0
0 0 0 0 0 0 0 0 0 0 0 0 0 0 0 0 0 0 849 849 858 862 867 873 875 0 0 0 1259 1259 1264 1264 1259 1259 1264 1264 1259 1250 1241 1236 1236 1255 1255 1255 1250 1250 1245 1245 1241 1241 1236 1236 1236 1236 1241 1241 1241 1236 1236 1232 1227 1227 1227 1223 1223 1223 1223 1223 1223 1223 1219 1219 1219 1219 1219 1219 1219 1219 1219 1219 1223 1227 1232 1236 1236 1241 1250 1250 1255 1259 1273 1283 1283 2503 2503 2503 2503 2485 2485 2467 2467 2467 2467 2467 2450 2450 2450 2432 2432 2432 2432 2415 2415 2415 2415 2415 2415 2398 2381 2381 2365 2365 2365 2365 2365 2365 2349 2349 2333 2317 2286 2241 2241 2241 2226 2226 2226 2226 2226 2226 2226 2226 2212 2212 2212 2212 2212 2129 2129 2116 2116 2129 2129 2129 2129 2116 2116 2116 2116 2103 2103 2078 2078 2078 2078 2078 2078 2078 2065 2065 2053 2053 2053 2040 2016 1993 1947 1926 1926 1936 1926 1926 1926 1926 1926 1926 1926 1926 1926 1926 1936 1936 1936 1936 1936 1926 1926 1936 1936 1936 1926 1926 1926 1926 1926 1926 1926 1926 1926 1926 1926 1926 1936 1926 1915 1904 1894 1863 1853 1843 1833 1833 1833 1833 1823 1823 1823 1833 1843 1843 1843 1843 1843 1843 1843 1843 1833 1757 1757 1776 1785 1794 1794 1794 1776 1776 1776 1776 1776 1766 1766 1757 1731 1722 1722 1713 1688 1688 1671 1671 1671 1671 1663 1655 1655 1655 1655 1655 1655 1067 1067 1060 1060 1671 1050 1050 1054 1057 1054 1047 1047 1054 1054 1047 1044 1044 1041 1041 1038 1034 1031 1028 1028 1028 1028 1025 1022 1022 1022 1019 1016 1013 1010 1010 1010 1007 1007 1007 1004 1004 1001 998 995 995 995 995 995 995 0 0
0 0 0 0 0 0 0 0 0 0 0 0 0 0 0 0 0 0 849 849 858 864 867 873 880 880 0 1278 1278 1278 1278 1288 1292 1288 1278 1278 1273 1268 1259 1259 1259 1268 1273 1273 1268 1264 1161 1161 1157 1157 1157 1241 1241 1250 1250 1250 1245 1245 1245 1250 1250 1250 1250 1250 1241 1236 1232 1232 1232 1232 1236 1236 1236 1236 1232 1223 1223 1227 1232 1232 1232 1232 1232 1236 1241 1245 1250 1255 1255 1259 1273 1283 1292 1292 2522 2522 2503 2485 2485 2467 2467 2467 2467 2467 2467 2450 2450 2432 2432 2432 2432 2415 2415 2415 2415 2415 2415 2415 2398 2381 2381 2365 2365 2365 2365 2365 2349 2349 2333 2317 2286 2256 2241 2241 2226 2226 2226 2226 2226 2226 2226 2226 2212 2212 2212 2226 2226 2129 2129 2116 2116 2129 2129 2129 2129 2116 2116 2116 2116 2116 2103 2090 2078 2078 2078 2078 2078 2078 2078 2065 2065 2053 2053 2040 2016 1993 1947 1926 1926 1926 1926 1926 1926 1926 1926 1926 1926 1926 1936 1936 1936 1947 1947 1936 1936 1936 1936 1936 1936 1936 1926 1926 1926 1926 1926 1926 1926 1926 1926 1926 1926 1926 1936 1926 1915 1904 1904 1863 1853 1843 1843 1833 1833 1833 1833 1833 1833 1833 1843 1853 1843 1843 1833 1833 1843 1843 1833 1757 1757 1785 1785 1794 1794 1794 1785 1785 1776 1776 1776 1766 1757 1757 1731 1722 1722 1713 1688 1688 1680 1671 1671 1671 1087 1087 1087 1655 1655 1655 1073 1067 1067 1060 1060 1060 1050 1050 1054 1057 1054 1050 1050 1050 1047 1047 1044 1044 1041 1041 1038 1034 1031 1031 1028 1028 1025 1025 1025 1022 1022 1019 1016 1013 1010 1010 1010 1010 1007 1007 1004 1004 1001 1001 998 998 995 995 995 995 0 0
0 0 0 0 0 0 0 0 0 0 0 0 0 0 0 0 0 0 851 851 860 864 867 871 880 880 0 1297 1297 1297 1297 1297 1302 1297 1292 1292 1283 1283 1288 1292 1288 1283 1278 1273 1273 1165 1161 1161 1157 1157 1153 1153 1157 1259 1259 1259 1259 1255 1255 1259 1259 1259 1259 1259 1255 1245 1241 1241 1245 1250 1250 1245 1241 1236 1236 1236 1236 1241 1241 1236 1236 1241 1241 1241 1245 1250 1250 1255 1259 1264 1268 1283 1288 1288 1288 1288 2503 2485 2485 2467 2467 2467 2467 2467 2467 2467 2450 2450 2432 2432 2432 2432 2415 2415 2415 2415 2415 2415 2398 2398 2381 2365 2365 2365 2365 2365 2349 2349 2333 2317 2286 2241 2241 2241 2226 2226 2226 2226 2226 2226 2226 2226 2226 2226 2226 2226 2226 2129 2129 2129 2129 2129 2129 2129 2129 2129 2129 2116 2116 2116 2116 2090 2090 2078 2078 2078 2078 2078 2078 2065 2065 2053 2053 2053 2016 2016 1947 1926 1926 1926 1926 1926 1926 1926 1926 1926 1936 1936 1936 1936 1936 1947 1947 1947 1947 1947 1947 1947 1947 1947 1926 1926 1926 1926 1926 1926 1926 1926 1926 1926 1926 1936 1926 1926 1915 1894 1894 1873 1853 1843 1843 1833 1833 1833 1833 1833 1833 1843 1843 1843 1843 1843 1833 1833 1843 1853 1794 1776 1776 1785 1785 1794 1794 1794 1785 1785 1785 1785 1776 1766 1757 1115 1115 1115 1108 1108 1722 1722 1094 1094 1094 1090 1087 1087 1084 1084 1084 1077 1073 1070 1070 1067 1063 1060 1060 1060 1060 1057 1054 1054 1050 1050 1047 1044 1041 1041 1041 1041 1038 1034 1031 1031 1031 1028 1025 1025 1025 1022 1022 1019 1016 1013 1010 1010 1010 1007 1007 1004 998 998 998 998 998 998 995 995 995 995 0 0
0 0 0 0 0 0 0 0 0 0 0 0 0 0 0 0 0 0 851 851 858 864 867 871 880 880 0 1302 1302 1302 1307 1312 1312 1307 1307 1302 1297 1181 1181 1185 1185 1185 1177 1169 1165 1165 1161 1157 1157 1153 1153 1153 1157 1165 1169 1273 1273 1273 1264 1264 1264 1264 1268 1268 1268 1259 1250 1250 1255 1255 1255 1245 1245 1245 1250 1250 1250 1250 1250 1241 1241 1245 1245 1250 1250 1250 1255 1255 1264 1268 1268 1278 1283 1288 1288 1292 1302 1307 1312 1328 2467 2467 2467 2467 2485 2467 2467 2450 2450 2432 2432 2432 2415 2415 2415 2415 2415 2415 2398 2398 2381 2381 2365 2365 2365 2365 2349 2349 2349 2333 2286 2241 2241 2241 2226 2226 2226 2226 2226 2226 2226 2226 2226 2226 2226 2226 2226 2143 2129 2129 2129 2129 2129 2129 2129 2129 2129 2129 2116 2116 2116 2103 2090 2078 2078 2065 2065 2078 2078 2078 2065 2065 2065 2053 2005 2005 1959 1926 1926 1936 1936 1926 1926 1926 1926 1936 1936 1936 1936 1936 1936 1947 1947 1947 1947 1947 1947 1947 1947 1936 1926 1926 1926 1926 1926 1926 1926 1926 1936 1926 1926 1936 1926 1926 1915 1894 1883 1873 1853 1843 1843 1833 1833 1833 1833 1833 1833 1843 1843 1843 1843 1843 1843 1843 1843 1853 1794 1776 1776 1785 1785 1794 1141 1134 1134 1130 1130 1123 1123 1115 1115 1115 1115 1115 1105 1101 1097 1097 1094 1094 1094 1090 1087 1087 1084 1084 1084 1077 1077 1073 1070 1070 1067 1067 1063 1063 1060 1060 1057 1057 1050 1050 1047 1044 1041 1041 1041 1041 1038 1034 1031 1031 1031 1028 1025 1025 1025 1022 1022 1019 1016 1013 1010 1010 1010 1007 1007 1004 998 998 998 998 998 998 998 998 995 995 0 0
0 0 0 0 0 0 0 0 0 0 0 0 0 0 0 0 0 0 849 849 856 862 869 873 880 880 882 1302 1302 1219 1219 1219 1202 1202 1189 1189 1185 1181 1181 1185 1185 1185 1177 1169 1165 1165 1161 1157 1157 1153 1153 1157 1157 1165 1169 1173 1177 1283 1283 1288 1283 1278 1278 1278 1278 1273 1273 1273 1273 1264 1264 1264 1273 1264 1264 1264 1259 1259 1259 1259 1259 1264 1259 1259 1259 1259 1259 1264 1268 1268 1268 1278 1283 1288 1288 1292 1302 1307 1312 1317 1317 1328 2467 2467 2467 2467 2450 2450 2450 2432 2432 2432 2432 2415 2415 2415 2398 2398 2398 2381 2381 2365 2365 2365 2365 2365 2365 2349 2349 2333 2286 2241 2226 2226 2226 2226 2226 2226 2226 2226 2226 2226 2226 2226 2226 2226 2198 2143 2129 2129 2129 2129 2129 2129 2129 2129 2129 2129 2116 2116 2116 2103 2090 2078 2078 2065 2065 2078 2078 2078 2078 2065 2065 2053 2005 2005 1959 1947 1947 1936 1936 1936 1926 1926 1936 1936 1936 1947 1947 1947 1947 1947 1947 1947 1947 1947 1947 1947 1947 1936 1926 1926 1926 1926 1926 1926 1926 1926 1936 1936 1936 1936 1926 1926 1915 1883 1873 1863 1843 1843 1843 1833 1833 1833 1833 1833 1833 1843 1843 1843 1853 1853 1853 1853 1863 1863 1794 1785 1785 1145 1141 1141 1138 1134 1134 1130 1130 1123 1123 1115 1115 1115 1115 1115 1105 1101 1097 1097 1094 1094 1094 1090 1087 1087 1087 1084 1084 1080 1077 1073 1070 1070 1067 1067 1063 1063 1060 1060 1060 1060 1057 1054 1047 1044 1044 1041 1041 1041 1041 1038 1034 1034 1031 1031 1025 1025 1022 1022 1022 1019 1016 1013 1010 1010 1010 1010 1007 1004 998 998 1001 1001 1001 998 998 998 998 998 0 0
0 0 0 0 0 0 0 0 0 0 0 0 0 0 0 0 0 0 849 849 856 862 869 873 880 882 882 1223 1223 1219 1219 1214 1202 1202 1189 1189 1185 1185 1185 1185 1185 1185 1181 1173 1169 1165 1161 1157 1157 1153 1153 1157 1161 1169 1169 1173 1177 1181 1185 1189 1189 1202 1206 1288 1288 1292 1292 1278 1278 1278 1283 1288 1292 1288 1278 1273 1273 1278 1278 1283 1283 1278 1273 1268 1268 1268 1273 1273 1273 1273 1273 1283 1288 1288 1292 1292 1297 1302 1312 1317 1317 1322 1328 1328 2450 2450 2450 2450 2432 2432 2432 2432 2432 2415 2415 2415 2398 2398 2398 2381 2381 2365 2365 2365 2365 2365 2349 2349 2349 2333 2286 2241 2226 2226 2226 2226 2226 2241 2241 2241 2241 2241 2241 2241 2226 2226 2198 2156 2143 2143 2129 2129 2129 2129 2116 2116 2129 2129 2116 2116 2116 2103 2103 2090 2078 2078 2078 2078 2078 2078 2078 2065 2065 2016 1993 1993 1959 1959 1947 1936 1936 1936 1936 1936 1936 1936 1936 1947 1947 1947 1947 1947 1947 1947 1947 1947 1947 1947 1936 1936 1926 1926 1926 1926 1926 1936 1936 1936 1936 1936 1936 1936 1926 1926 1915 1883 1863 1863 1843 1843 1843 1833 1833 1833 1833 1833 1843 1843 1843 1843 1853 1853 1853 1853 1863 1863 1833 1833 1833 1145 1141 1138 1134 1134 1134 1130 1130 1126 1123 1119 1115 1115 1115 1115 1108 1101 1097 1097 1094 1094 1094 1090 1090 1087 1087 1084 1080 1080 1077 1073 1070 1067 1063 1063 1063 1063 1060 1060 1060 1060 1054 1054 1047 1047 1044 1044 1044 1044 1041 1038 1034 1034 1031 1031 1028 1025 1022 1022 1022 1019 1016 1013 1013 1013 1013 1010 1007 1004 998 998 1001 1001 1001 1001 998 998 998 998 0 0
0 0 0 0 0 0 0 0 0 0 0 0 0 0 0 0 0 0 849 849 858 864 869 873 880 882 891 1227 1223 1219 1219 1214 1214 1206 1202 1197 1189 1189 1189 1185 1185 1185 1177 1173 1173 1165 1161 1157 1157 1157 1157 1161 1165 1169 1169 1173 1177 1181 1185 1189 1189 1202 1206 1206 1307 1307 1307 1307 1312 1302 1302 1297 1297 1297 1292 1292 1292 1292 1292 1292 1292 1288 1288 1283 1283 1288 1288 1288 1283 1283 1288 1288 1288 1288 1292 1292 1297 1302 1312 1317 1317 1322 1328 1328 1349 1349 2432 2450 2415 2415 2415 2432 2432 2415 2415 2415 2415 2398 2398 2381 2381 2365 2365 2365 2365 2365 2349 2349 2333 2317 2317 2256 2241 2241 2241 2241 2241 2241 2241 2241 2241 2241 2241 2241 2241 2226 2198 2156 2156 2143 2143 2129 2129 2129 2116 2116 2129 2129 2129 2116 2116 2103 2103 2090 2078 2078 2078 2078 2078 2078 2078 2078 2065 2016 1993 1993 1959 1959 1947 1947 1947 1936 1936 1936 1936 1936 1936 1947 1947 1947 1947 1947 1947 1947 1947 1947 1947 1947 1936 1936 1926 1926 1926 1926 1926 1936 1936 1936 1947 1936 1936 1936 1936 1926 1915 1894 1863 1853 1843 1843 1843 1843 1843 1833 1833 1833 1843 1843 1843 1853 1853 1863 1863 1873 1863 1863 1833 1833 1134 1134 1138 1138 1134 1134 1134 1130 1130 1126 1126 1119 1119 1115 1115 1115 1108 1105 1101 1097 1097 1097 1094 1090 1090 1087 1087 1084 1080 1077 1077 1073 1070 1067 1063 1063 1063 1063 1060 1060 1060 1060 1054 1050 1050 1047 1047 1047 1044 1044 1041 1041 1038 1034 1031 1031 1031 1028 1025 1022 1022 1019 1019 1013 1013 1010 1010 1010 1007 1004 1001 1001 1001 1001 1001 1001 998 998 998 998 0 0
0 0 0 0 0 0 0 0 0 0 0 0 0 0 0 0 0 0 849 849 858 864 869 873 880 885 891 1227 1223 1219 1219 1210 1210 1206 1206 1202 1197 1193 1189 1185 1185 1185 1177 1173 1169 1165 1161 1157 1157 1157 1157 1161 1165 1173 1173 1173 1177 1181 1185 1189 1197 1202 1206 1206 1317 1312 1312 1317 1322 1322 1317 1317 1312 1307 1307 1307 1307 1312 1307 1302 1302 1302 1302 1307 1302 1302 1302 1302 1302 1297 1292 1292 1292 1292 1292 1297 1302 1307 1312 1317 1322 1322 1328 1333 1349 1349 1365 1370 2415 2398 2398 2432 2432 2415 2415 2415 2415 2415 2398 2381 2381 2381 2365 2365 2365 2365 2349 2349 2333 2317 2286 2241 2241 2241 2241 2241 2241 2241 2241 2241 2241 2241 2241 2241 2241 2226 2198 2170 2156 2156 2143 2143 2129 2129 2116 2116 2129 2129 2129 2116 2116 2103 2103 2103 2090 2090 2090 2078 2078 2078 2078 2078 2065 2053 1993 1993 1959 1959 1947 1947 1947 1947 1936 1936 1947 1947 1947 1947 1947 1947 1947 1947 1947 1959 1959 1959 1947 1947 1936 1936 1936 1936 1936 1926 1926 1936 1936 1936 1936 1947 1947 1936 1936 1936 1926 1904 1863 1853 1843 1843 1843 1843 1843 1843 1843 1843 1843 1843 1843 1853 1853 1863 1863 1873 1873 1873 1873 1134 1134 1134 1134 1134 1134 1134 1134 1130 1130 1130 1123 1119 1119 1115 1115 1115 1108 1105 1101 1097 1097 1097 1094 1090 1090 1087 1087 1084 1080 1077 1077 1073 1073 1070 1070 1070 1070 1063 1060 1060 1060 1060 1054 1050 1050 1047 1047 1047 1044 1044 1044 1041 1038 1034 1031 1031 1031 1031 1028 1022 1022 1019 1019 1013 1013 1010 1010 1010 1007 1004 1004 1001 1001 1001 1001 1001 998 998 998 998 0 0
0 0 0 0 0 0 0 0 0 0 0 0 0 0 0 0 0 0 849 849 858 864 869 873 880 882 891 891 1227 1219 1214 1210 1210 1206 1206 1202 1197 1193 1189 1189 1185 1185 1177 1173 1169 1165 1161 1157 1157 1161 1161 1161 1169 1173 1173 1177 1181 1185 1185 1189 1197 1202 1206 1210 1219 1219 1219 1317 1333 1333 1328 1328 1328 1328 1328 1317 1317 1322 1312 1312 1312 1312 1317 1317 1312 1312 1312 1312 1312 1307 1307 1302 1297 1297 1297 1302 1302 1307 1312 1317 1322 1328 1333 1338 1354 1359 1365 1370 1370 2398 2398 2432 2432 2415 2415 2415 2415 2415 2415 2398 2398 2398 2365 2365 2365 2365 2365 2349 2349 2317 2286 2241 2241 2241 2241 2241 2241 2241 2241 2241 2241 2241 2241 2241 2241 2226 2198 2170 2156 2156 2143 2143 2143 2143 2129 2129 2129 2129 2129 2116 2116 2103 2103 2103 2103 2103 2103 2090 2078 2078 2078 2065 2053 2040 1993 1993 1959 1959 1959 1959 1959 1947 1947 1947 1947 1947 1947 1947 1947 1947 1959 1959 1959 1959 1959 1959 1959 1959 1947 1947 1936 1936 1936 1926 1926 1936 1936 1936 1936 1947 1947 1947 1936 1936 1926 1926 1873 1853 1843 1843 1843 1843 1843 1843 1843 1843 1843 1843 1843 1853 1853 1863 1863 1873 1873 1873 1130 1134 1134 1134 1134 1134 1134 1134 1134 1130 1130 1130 1123 1119 1119 1119 1115 1115 1108 1108 1105 1101 1097 1097 1097 1094 1090 1087 1087 1084 1084 1077 1077 1073 1073 1070 1070 1070 1067 1063 1060 1060 1060 1060 1057 1050 1050 1047 1047 1047 1047 1044 1044 1041 1038 1034 1034 1034 1031 1031 1031 1022 1022 1019 1019 1016 1016 1013 1010 1010 1007 1004 1004 1004 1001 998 998 998 998 998 998 998 0 0
0 0 0 0 0 0 0 0 0 0 0 0 0 0 0 0 0 0 851 851 858 862 867 873 878 882 891 901 901 1219 1214 1210 1210 1206 1206 1202 1202 1193 1193 1189 1185 1185 1177 1173 1173 1165 1161 1157 1157 1161 1161 1161 1169 1173 1173 1181 1181 1185 1189 1197 1202 1202 1206 1214 1219 1219 1219 1223 1223 1223 1343 1343 1343 1338 1338 1338 1333 1333 1333 1333 1333 1333 1328 1322 1322 1322 1322 1322 1317 1317 1312 1312 1312 1307 1307 1307 1312 1312 1317 1322 1322 1328 1333 1343 1354 1359 1365 1370 1370 1370 2432 2432 2432 2415 2415 2415 2398 2398 2415 2415 2398 2398 2381 2365 2365 2365 2365 2349 2349 2333 2286 2241 2241 2241 2241 2241 2241 2241 2241 2241 2241 2241 2241 2241 2241 2212 2184 2170 2156 2156 2156 2156 2156 2156 2143 2143 2143 2129 2129 2129 2116 2103 2103 2103 2103 2103 2103 2103 2090 2090 2078 2065 2053 2040 1993 1993 1959 1959 1959 1959 1959 1959 1959 1947 1947 1947 1947 1947 1947 1947 1959 1959 1959 1959 1959 1959 1959 1959 1947 1947 1947 1936 1926 1926 1926 1926 1936 1936 1947 1947 1947 1947 1936 1936 1936 1904 1873 1853 1843 1843 1843 1843 1843 1843 1843 1843 1843 1843 1843 1853 1853 1863 1863 1873 1883 1883 1130 1130 1134 1134 1134 1134 1134 1134 1134 1134 1134 1130 1126 1119 1119 1119 1119 1119 1112 1108 1105 1105 1101 1097 1097 1094 1094 1090 1087 1087 1084 1080 1077 1077 1073 1073 1070 1070 1067 1067 1063 1060 1060 1060 1057 1050 1050 1047 1047 1047 1047 1044 1044 1041 1038 1034 1034 1034 1034 1031 1028 1025 1022 1022 1019 1016 1016 1016 1010 1010 1007 1004 1004 1004 1001 998 998 998 998 998 998 998 0 0
0 0 0 0 0 0 0 0 0 0 0 0 0 0 0 0 0 0 851 851 858 862 867 871 875 882 894 898 898 1219 1214 1214 1214 1206 1206 1202 1202 1193 1193 1189 1185 1185 1181 1173 1169 1165 1161 1157 1157 1161 1161 1161 1169 1173 1177 1181 1185 1185 1189 1202 1206 1206 1210 1219 1219 1223 1223 1223 1223 1223 1241 1245 1354 1349 1349 1349 1349 1343 1343 1343 1343 1343 1338 1338 1333 1333 1333 1333 1333 1338 1343 1338 1333 1333 1328 1328 1333 1328 1328 1328 1328 1333 1343 1354 1359 1365 1370 1376 1370 1370 1392 2432 2432 2415 2415 2398 2398 2398 2398 2398 2398 2398 2381 2365 2365 2365 2365 2349 2349 2333 2286 2241 2241 2241 2241 2241 2241 2241 2241 2241 2241 2241 2241 2241 2241 2212 2184 2170 2170 2143 2143 2143 2143 2156 2156 2143 2143 2129 2129 2129 2129 2103 2103 2103 2103 2103 2103 2103 2090 2090 2090 2065 2053 2040 2005 1981 1959 1959 1959 1959 1959 1959 1959 1959 1947 1947 1947 1947 1947 1947 1959 1959 1959 1959 1959 1959 1959 1959 1959 1959 1947 1936 1926 1926 1926 1926 1936 1947 1947 1959 1959 1947 1936 1936 1936 1904 1873 1853 1843 1843 1843 1843 1843 1843 1843 1843 1843 1843 1843 1853 1853 1863 1863 1873 1873 1126 1126 1130 1130 1134 1134 1134 1134 1134 1134 1134 1134 1134 1130 1126 1126 1123 1119 1119 1112 1108 1105 1105 1101 1097 1097 1097 1094 1090 1087 1087 1087 1084 1084 1077 1073 1073 1070 1070 1070 1067 1067 1063 1063 1060 1057 1054 1054 1050 1047 1047 1047 1044 1044 1041 1038 1034 1034 1034 1034 1031 1028 1025 1022 1022 1019 1016 1016 1016 1010 1010 1007 1004 1004 1004 1004 1001 1001 998 998 998 998 998 0 0
0 0 0 0 0 0 0 0 0 0 0 0 0 0 0 0 0 0 851 851 858 862 867 871 875 882 891 898 898 1214 1214 1214 1214 1206 1206 1202 1202 1193 1193 1189 1185 1185 1181 1173 1169 1165 1165 1161 1161 1161 1161 1161 1165 1173 1177 1181 1185 1189 1189 1202 1206 1206 1210 1219 1223 1223 1223 1223 1232 1236 1241 1245 1250 1255 1354 1359 1359 1365 1370 1370 1365 1365 1365 1365 1354 1354 1349 1349 1354 1354 1349 1349 1349 1354 1354 1349 1349 1343 1343 1343 1343 1349 1354 1359 1365 1370 1370 1376 1376 1381 1392 1404 1404 2415 2415 1427 1427 1427 1427 2398 2398 2381 2381 2365 2365 2365 2365 2349 2333 2333 2286 2241 2241 2241 2241 2241 2241 2241 2241 2241 2241 2241 2241 2241 2241 2212 2184 2170 2156 2143 2143 2143 2143 2156 2156 2156 2156 2143 2129 2129 2129 2103 2103 2116 2116 2103 2103 2103 2103 2103 2090 2065 2053 2040 1993 1981 1959 1959 1959 1959 1959 1959 1959 1947 1947 1959 1959 1959 1959 1959 1959 1959 1959 1959 1959 1959 1959 1959 1959 1959 1947 1947 1926 1926 1926 1936 1936 1947 1947 1959 1959 1959 1947 1936 1915 1904 1873 1853 1843 1843 1843 1843 1843 1843 1843 1843 1843 1843 1843 1853 1863 1863 1863 1863 1126 1126 1126 1130 1130 1134 1134 1134 1134 1138 1138 1138 1134 1134 1130 1130 1126 1123 1119 1119 1112 1112 1105 1105 1101 1101 1097 1097 1094 1090 1087 1087 1087 1087 1084 1077 1077 1073 1070 1070 1070 1070 1070 1063 1063 1060 1057 1054 1054 1050 1047 1047 1047 1044 1044 1041 1041 1038 1038 1034 1034 1031 1028 1025 1022 1022 1019 1016 1016 1016 1013 1010 1010 1007 1004 1004 1004 1004 1001 998 998 998 998 998 0 0
0 0 0 0 0 0 0 0 0 0 0 0 0 0 0 0 0 0 851 851 858 860 867 871 875 885 891 898 903 903 1219 1219 1214 1210 1206 1202 1202 1197 1193 1189 1185 1185 1185 1173 1169 1169 1165 1161 1161 1161 1161 1161 1165 1173 1177 1181 1185 1189 1193 1202 1206 1206 1210 1219 1219 1223 1223 1223 1232 1236 1241 1245 1250 1255 1255 1370 1370 1370 1376 1376 1376 1376 1381 1376 1376 1381 1376 1376 1376 1370 1365 1359 1359 1365 1365 1365 1359 1354 1354 1354 1359 1359 1370 1370 1370 1370 1370 1376 1381 1387 1398 1404 1410 1415 1433 1427 1427 1427 1427 2381 2398 2381 2381 2365 2365 2365 2365 2349 2333 2317 2286 2241 2241 2241 2241 2241 2241 2241 2241 2241 2241 2241 2256 2256 2256 2212 2184 2170 2156 2143 2143 2143 2156 2156 2156 2156 2156 2143 2143 2129 2129 2116 2116 2116 2116 2103 2103 2103 2103 2103 2103 2065 2053 2040 1993 1981 1959 1959 1959 1959 1959 1959 1959 1947 1947 1959 1959 1959 1959 1959 1959 1959 1959 1959 1959 1959 1959 1959 1959 1959 1947 1947 1936 1936 1936 1936 1947 1947 1959 1959 1959 1959 1947 1936 1915 1904 1873 1863 1843 1843 1843 1843 1843 1843 1843 1843 1843 1843 1843 1853 1863 1863 1863 1126 1123 1123 1123 1126 1126 1130 1134 1134 1134 1138 1138 1138 1138 1134 1130 1130 1130 1126 1126 1119 1112 1112 1108 1108 1105 1101 1097 1097 1097 1094 1090 1087 1087 1084 1084 1084 1077 1077 1073 1073 1070 1070 1067 1063 1063 1060 1057 1057 1054 1050 1050 1047 1047 1044 1044 1044 1041 1038 1038 1034 1031 1028 1025 1025 1022 1022 1019 1016 1016 1013 1013 1010 1010 1007 1007 1007 1004 1004 1001 998 998 998 998 998 0 0
0 0 0 0 0 0 0 0 0 0 0 0 0 0 0 0 0 0 851 851 856 858 867 871 875 885 891 898 903 903 1219 1219 1214 1210 1206 1206 1202 1197 1193 1189 1185 1185 1185 1173 1169 1169 1165 1161 1161 1161 1165 1165 1169 1173 1177 1185 1189 1189 1193 1202 1206 1206 1210 1219 1219 1223 1227 1227 1236 1241 1245 1245 1250 1255 1255 1268 1273 1273 1278 1283 1283 1288 1292 1292 1392 1387 1387 1387 1387 1387 1392 1387 1387 1387 1387 1387 1376 1376 1376 1376 1376 1376 1376 1376 1376 1376 1376 1381 1387 1392 1398 1404 1410 1415 1427 1433 1439 1427 1427 1458 2381 2381 2365 2365 2365 2365 2365 2349 2333 2301 2301 2241 2241 2241 2241 2241 2241 2241 2241 2241 2241 2241 2256 2256 2256 2212 2184 2170 2156 2143 2143 2156 2156 2156 2156 2156 2156 2156 2143 2143 2129 2116 2116 2116 2116 2103 2103 2103 2103 2103 2103 2065 2053 2053 2005 1981 1959 1959 1959 1959 1947 1947 1947 1947 1947 1959 1959 1959 1959 1959 1959 1959 1959 1959 1959 1959 1959 1959 1959 1959 1947 1947 1936 1936 1936 1947 1947 1959 1959 1959 1959 1947 1947 1936 1915 1894 1873 1863 1853 1853 1843 1843 1843 1843 1843 1843 1843 1843 1853 1853 1863 1863 1863 1126 1123 1123 1123 1123 1123 1126 1130 1134 1134 1138 1138 1138 1138 1134 1130 1130 1130 1126 1126 1123 1115 1112 1112 1108 1105 1101 1101 1097 1097 1097 1090 1087 1087 1084 1084 1084 1080 1077 1073 1073 1070 1070 1067 1067 1067 1060 1057 1057 1057 1054 1050 1047 1047 1047 1044 1044 1041 1038 1038 1034 1031 1028 1025 1025 1022 1022 1019 1016 1016 1013 1013 1010 1010 1007 1007 1007 1004 1004 1001 1001 998 998 998 998 0 0
0 0 0 0 0 0 0 0 0 0 0 0 0 0 0 0 0 0 854 854 856 858 867 871 880 885 891 898 906 908 1219 1219 1214 1210 1206 1206 1202 1197 1193 1189 1189 1189 1181 1173 1173 1169 1169 1165 1161 1161 1165 1165 1169 1173 1177 1185 1189 1189 1193 1202 1206 1206 1210 1219 1219 1223 1227 1232 1241 1245 1250 1259 1264 1259 1259 1268 1273 1273 1278 1283 1283 1288 1292 1292 1307 1410 1404 1404 1404 1404 1404 1398 1398 1392 1392 1392 1392 1398 1392 1392 1392 1392 1392 1392 1392 1387 1387 1392 1392 1392 1398 1404 1410 1415 1427 1433 1439 1445 1452 1458 1464 1477 1489 2365 2365 2365 2365 2333 2286 2286 2271 2256 2241 2241 2241 2241 2241 2241 2241 2241 2241 2241 2241 2241 2226 2184 2170 2156 2156 2143 2143 2156 2156 2156 2156 2156 2156 2156 2143 2143 2143 2116 2116 2116 2116 2103 2103 2103 2103 2103 2103 2065 2065 2053 1993 1993 1959 1959 1959 1959 1947 1947 1947 1947 1947 1959 1959 1959 1959 1959 1959 1959 1959 1959 1959 1959 1959 1959 1959 1959 1959 1959 1959 1947 1947 1947 1959 1959 1959 1959 1959 1947 1947 1936 1915 1894 1873 1863 1863 1863 1843 1843 1843 1843 1843 1843 1843 1843 1853 1853 1863 1863 1119 1119 1123 1123 1123 1123 1123 1126 1130 1134 1134 1134 1138 1138 1138 1134 1130 1130 1130 1126 1126 1123 1115 1115 1112 1112 1105 1101 1101 1101 1101 1097 1094 1090 1087 1084 1084 1084 1080 1077 1073 1073 1070 1070 1067 1067 1067 1060 1060 1057 1057 1054 1050 1047 1047 1047 1047 1044 1041 1038 1038 1034 1031 1028 1025 1025 1022 1022 1019 1019 1016 1013 1013 1010 1010 1010 1007 1007 1004 1004 1001 1001 998 998 998 998 0 0
0 0 0 0 0 0 0 0 0 0 0 0 0 0 0 0 0 0 851 851 856 858 867 873 882 885 889 901 903 908 1219 1219 1214 1210 1206 1206 1202 1197 1193 1189 1189 1189 1181 1173 1173 1169 1169 1165 1161 1161 1165 1165 1169 1173 1181 1185 1189 1189 1193 1202 1206 1206 1210 1219 1219 1223 1227 1236 1241 1245 1255 1264 1273 1278 1278 1278 1278 1278 1283 1288 1288 1292 1292 1297 1307 1312 1439 1439 1439 1427 1427 1421 1421 1421 1427 1404 1404 1404 1410 1410 1404 1404 1398 1398 1398 1398 1398 1398 1398 1398 1404 1410 1415 1421 1427 1433 1439 1445 1452 1458 1464 1477 1489 1496 1496 2365 2365 2301 2286 2286 2271 2256 2241 2241 2241 2241 2256 2241 2241 2256 2256 2241 2241 2241 2226 2184 2170 2156 2156 2156 2156 2156 2156 2156 2156 2156 2156 2156 2143 2143 2143 2129 2116 2116 2116 2116 2103 2103 2103 2103 2103 2078 2065 2053 1993 1981 1970 1970 1959 1959 1959 1959 1959 1959 1959 1959 1959 1959 1959 1959 1959 1959 1959 1959 1970 1970 1959 1959 1959 1959 1959 1959 1959 1959 1959 1959 1959 1959 1959 1959 1959 1947 1947 1936 1926 1883 1873 1863 1863 1863 1853 1853 1843 1843 1843 1843 1843 1843 1853 1863 1863 1119 1119 1119 1119 1123 1123 1123 1123 1126 1130 1134 1134 1134 1138 1138 1138 1134 1134 1130 1130 1130 1126 1123 1115 1115 1112 1112 1108 1101 1101 1101 1101 1097 1097 1094 1087 1087 1087 1084 1084 1080 1077 1073 1070 1070 1067 1067 1067 1060 1060 1057 1057 1054 1054 1050 1050 1047 1047 1044 1041 1038 1038 1034 1031 1031 1025 1025 1025 1022 1019 1019 1016 1016 1016 1013 1010 1010 1010 1007 1004 1004 1001 1001 998 998 998 998 0 0
0 0 0 0 0 0 0 0 0 0 0 0 0 0 0 0 0 0 851 851 856 860 867 873 880 885 889 901 903 908 1219 1219 1214 1210 1206 1206 1202 1197 1193 1189 1189 1185 1185 1173 1173 1173 1169 1165 1165 1165 1165 1169 1173 1177 1181 1185 1189 1193 1197 1202 1206 1206 1210 1214 1219 1223 1232 1236 1241 1245 1255 1264 1283 1288 1288 1288 1283 1283 1288 1288 1288 1292 1302 1307 1312 1312 1322 1333 1333 1445 1445 1452 1452 1439 1439 1433 1433 1439 1439 1445 1439 1427 1427 1433 1433 1439 1433 1433 1427 1427 1427 1427 1427 1433 1433 1439 1439 1445 1452 1464 1470 1477 1489 1496 1496 1496 1496 2301 2286 2271 2271 2271 2241 2241 2256 2256 2256 2256 2256 2256 2256 2241 2241 2241 2226 2184 2170 2156 2156 2156 2156 2156 2156 2156 2156 2156 2156 2156 2156 2156 2143 2129 2116 2116 2116 2116 2103 2103 2103 2103 2103 2090 2065 2040 2040 1970 1970 1970 1959 1959 1959 1959 1959 1959 1959 1959 1959 1959 1959 1959 1959 1959 1959 1959 1959 1959 1970 1959 1959 1959 1959 1959 1959 1959 1959 1959 1959 1959 1959 1959 1959 1959 1947 1947 1926 1883 1873 1863 1863 1863 1853 1853 1853 1853 1853 1853 1853 1853 1863 1863 1863 1119 1119 1119 1119 1123 1126 1126 1126 1126 1130 1134 1134 1134 1138 1138 1138 1134 1134 1130 1130 1130 1130 1126 1115 1115 1112 1112 1108 1101 1101 1101 1097 1097 1094 1090 1087 1087 1087 1084 1084 1080 1077 1073 1070 1070 1070 1067 1067 1060 1060 1057 1057 1057 1054 1054 1050 1047 1047 1044 1041 1038 1038 1034 1034 1031 1028 1028 1028 1028 1022 1022 1019 1019 1016 1013 1010 1010 1010 1010 1010 1169 1001 1001 998 998 998 998 0 0
0 0 0 0 0 0 0 0 0 0 0 0 0 0 0 0 0 0 847 847 856 862 867 873 880 885 891 901 903 913 1223 1219 1210 1206 1206 1202 1202 1197 1193 1189 1189 1185 1185 1173 1173 1173 1169 1165 1165 1165 1165 1169 1173 1177 1185 1185 1189 1193 1197 1202 1206 1210 1210 1214 1219 1223 1232 1236 1241 1245 1255 1259 1268 1297 1297 1292 1292 1292 1292 1292 1297 1302 1307 1312 1312 1312 1322 1333 1333 1338 1452 1452 1458 1452 1452 1458 1458 1458 1458 1458 1458 1464 1458 1452 1452 1458 1458 1458 1458 1458 1458 1445 1439 1439 1439 1445 1445 1452 1458 1464 1470 1477 1489 1489 1496 1496 1516 1523 2286 2271 2271 2271 2256 2256 2256 2271 2271 2271 2256 2256 2271 2256 2256 2241 2226 2184 2170 2156 2156 2156 2156 2143 2143 2143 2156 2156 2156 2156 2156 2156 2156 2129 2116 2116 2116 2103 2103 2103 2103 2103 2103 2090 2065 1993 1993 1970 1970 1959 1959 1959 1959 1959 1959 1959 1959 1959 1959 1959 1959 1959 1959 1959 1959 1959 1959 1959 1959 1959 1959 1959 1959 1959 1959 1959 1959 1959 1959 1959 1959 1959 1959 1959 1959 1947 1926 1883 1873 1863 1863 1853 1853 1853 1853 1853 1853 1853 1843 1843 1843 1843 1126 1123 1119 1119 1119 1123 1157 1134 1130 1130 1130 1134 1134 1134 1138 1138 1138 1138 1134 1130 1130 1130 1130 1126 1119 1115 1112 1112 1108 1105 1101 1101 1097 1097 1094 1090 1087 1084 1084 1084 1084 1080 1077 1073 1073 1070 1070 1067 1067 1063 1060 1060 1060 1057 1057 1050 1047 1047 1047 1044 1044 1041 1038 1034 1034 1031 1031 1031 1031 1031 1025 1022 1019 1019 1019 1013 1013 1013 1013 1165 1165 1169 1169 1001 998 998 998 1001 0 0
0 0 0 0 0 0 0 0 0 0 0 0 0 0 0 0 0 0 845 845 854 860 867 873 880 885 891 901 906 913 913 1223 1210 1206 1206 1202 1202 1197 1189 1189 1189 1185 1185 1173 1173 1169 1169 1169 1165 1165 1169 1169 1173 1177 1185 1185 1189 1193 1197 1202 1210 1210 1219 1219 1219 1223 1232 1236 1241 1245 1255 1255 1259 1307 1307 1312 1312 1312 1312 1312 1312 1317 1312 1312 1312 1317 1322 1333 1333 1338 1349 1452 1458 1464 1464 1464 1464 1464 1464 1470 1477 1477 1489 1483 1483 1477 1470 1470 1470 1470 1477 1477 1452 1452 1452 1452 1458 1464 1464 1470 1470 1483 1489 1489 1496 1496 1516 1523 2286 2286 2286 2256 2256 2256 2256 2271 2271 2271 2271 2271 2271 2256 2256 2256 2226 2198 2184 2170 2170 2156 2156 2143 2143 2143 2156 2156 2156 2156 2156 2156 2156 2129 2116 2116 2116 2103 2103 2103 2103 2103 2103 2078 2065 1993 1993 1970 1970 1959 1959 1959 1959 1959 1959 1959 1959 1959 1959 1959 1959 1959 1959 1959 1959 1959 1959 1959 1959 1959 1959 1959 1959 1959 1959 1959 1959 1959 1959 1959 1959 1959 1959 1959 1959 1947 1926 1883 1873 1863 1863 1853 1853 1853 1853 1853 1853 1853 1843 1833 1833 1833 1126 1126 1126 1130 1130 1165 1165 1165 1161 1134 1134 1134 1138 1138 1138 1138 1138 1138 1134 1134 1134 1130 1130 1130 1119 1115 1115 1112 1108 1108 1105 1101 1101 1097 1094 1090 1087 1080 1080 1080 1080 1080 1073 1067 1067 1070 1070 1070 1067 1063 1060 1060 1060 1060 1057 1050 1047 1047 1047 1047 1044 1041 1041 1038 1034 1031 1031 1031 1031 1031 1031 1022 1019 1019 1019 1019 1019 1189 1185 1185 1181 1181 1181 998 998 998 1001 0 0 0
0 0 0 0 0 0 0 0 0 0 0 0 0 0 0 0 0 0 845 845 854 860 867 873 878 885 891 898 908 908 1219 1219 1210 1206 1206 1202 1202 1197 1189 1189 1189 1185 1185 1173 1169 1169 1169 1169 1169 1169 1169 1169 1173 1177 1185 1189 1189 1193 1202 1202 1210 1214 1219 1223 1223 1223 1236 1236 1241 1245 1255 1255 1259 1268 1338 1333 1333 1328 1328 1328 1328 1322 1317 1317 1317 1322 1328 1333 1338 1349 1349 1359 1365 1370 1370 1470 1470 1470 1477 1489 1496 1496 1496 1496 1489 1489 1489 1489 1489 1489 1489 1489 1489 1489 1483 1483 1477 1477 1477 1477 1483 1489 1496 1496 1496 1503 1516 1523 1529 1529 2241 2241 2241 2256 2271 2271 2271 2271 2271 2286 2271 2271 2256 2256 2226 2198 2184 2170 2170 2170 2156 2156 2156 2156 2156 2156 2156 2156 2156 2156 2156 2129 2116 2116 2116 2116 2116 2103 2103 2103 2103 2078 2053 1993 1993 1970 1970 1970 1959 1959 1959 1959 1959 1959 1959 1970 1970 1970 1970 1970 1970 1970 1970 1959 1959 1959 1970 1959 1959 1959 1959 1959 1959 1959 1959 1959 1959 1959 1959 1959 1959 1959 1959 1947 1926 1894 1883 1863 1863 1863 1853 1853 1853 1853 1853 1853 1843 1833 1833 1126 1126 1126 1126 1130 1134 1165 1169 1169 1169 1138 1138 1138 1141 1141 1141 1141 1141 1141 1134 1134 1134 1134 1134 1130 1123 1119 1115 1112 1112 1108 1105 1101 1101 1097 1094 1090 1084 1080 1080 1080 1080 1080 1073 1067 1067 1070 1073 1070 1070 1241 1241 1241 1060 1060 1060 1241 1047 1047 1047 1223 1047 1044 1041 1038 1038 1210 1214 1232 1227 1210 1210 1202 1202 1206 1193 1001 1001 1004 1193 1185 1185 1185 1007 998 998 998 1001 0 0 0
0 0 0 0 0 0 0 0 0 0 0 0 0 0 0 0 0 0 845 845 854 862 867 873 878 885 889 898 910 910 1219 1219 1214 1210 1206 1202 1202 1197 1189 1189 1189 1185 1185 1177 1169 1169 1169 1169 1169 1169 1169 1169 1173 1177 1185 1189 1189 1193 1197 1202 1210 1214 1219 1223 1223 1227 1236 1236 1245 1245 1255 1255 1264 1268 1268 1333 1333 1338 1338 1338 1338 1333 1322 1322 1328 1333 1338 1338 1343 1349 1354 1359 1365 1370 1370 1381 1470 1477 1477 1489 1496 1496 1496 1516 1509 1509 1503 1503 1496 1496 1503 1503 1503 1503 1503 1503 1496 1496 1496 1489 1489 1496 1496 1496 1496 1509 1516 1523 1529 1529 2241 2241 2241 2256 2271 2271 2271 2271 2286 2286 2286 2271 2271 2256 2241 2198 2170 2170 2170 2170 2156 2156 2156 2156 2156 2156 2156 2156 2156 2156 2156 2129 2129 2116 2116 2116 2116 2103 2103 2103 2103 2078 2053 2005 2005 1981 1970 1959 1959 1959 1959 1959 1959 1959 1959 1970 1970 1970 1970 1970 1970 1970 1970 1970 1970 1970 1970 1959 1959 1959 1959 1959 1959 1959 1959 1959 1959 1959 1959 1959 1959 1959 1959 1947 1926 1904 1873 1863 1863 1863 1853 1853 1853 1853 1853 1853 1843 1843 1843 1126 1126 1130 1130 1134 1134 1165 1169 1173 1173 1149 1138 1138 1141 1145 1145 1141 1141 1141 1138 1138 1138 1134 1134 1134 1126 1123 1119 1115 1115 1115 1105 1101 1101 1097 1094 1090 1084 1084 1264 1264 1268 1268 1268 1067 1067 1070 1255 1250 1245 1241 1241 1245 1250 1250 1250 1241 1236 1232 1232 1232 1236 1236 1236 1041 1041 1219 1223 1232 1227 1223 1214 1214 1210 1210 1210 1001 1001 1004 1197 1193 1189 1189 1004 1001 998 998 998 0 0 0
0 0 0 0 0 0 0 0 0 0 0 0 0 0 0 0 0 0 845 845 854 862 867 873 878 885 889 901 901 1210 1214 1214 1214 1210 1206 1206 1202 1202 1197 1189 1189 1185 1185 1177 1169 1169 1169 1165 1165 1165 1169 1169 1173 1177 1185 1189 1193 1197 1197 1202 1210 1214 1219 1223 1223 1227 1232 1236 1245 1245 1255 1259 1264 1268 1268 1278 1288 1292 1292 1302 1349 1349 1343 1343 1349 1349 1349 1349 1349 1354 1354 1365 1365 1370 1376 1381 1387 1392 1398 1398 1523 1543 1543 1543 1536 1529 1529 1536 1523 1523 1523 1523 1529 1536 1536 1516 1509 1509 1509 1509 1509 1523 1496 1496 1503 1509 1523 1529 1536 1536 2241 2241 2241 2256 2271 2271 2271 2271 2271 2271 2286 2271 2271 2271 2241 2184 2170 2170 2170 2170 2170 2170 2156 2156 2156 2156 2170 2156 2156 2156 2156 2143 2129 2129 2116 2116 2116 2103 2103 2103 2103 2078 2053 2016 2016 1981 1970 1959 1959 1959 1959 1959 1959 1959 1970 1970 1970 1970 1970 1970 1970 1970 1970 1970 1970 1970 1970 1970 1970 1959 1959 1959 1959 1959 1959 1959 1959 1959 1959 1959 1959 1959 1959 1947 1926 1904 1873 1863 1863 1863 1853 1853 1853 1863 1863 1863 1853 1853 1853 1130 1130 1123 1123 1123 1123 1169 1173 1173 1173 1138 1138 1141 1141 1145 1145 1145 1141 1141 1138 1108 1108 1223 1223 1236 1255 1126 1119 1115 1115 1283 1283 1283 1101 1097 1097 1094 1094 1264 1264 1264 1268 1273 1273 1073 1073 1268 1259 1259 1255 1250 1250 1250 1060 1057 1057 1057 1250 1241 1241 1241 1241 1241 1245 1050 1050 1219 1227 1232 1232 1223 1223 1223 1210 1210 1210 1007 1007 1007 1219 1197 1193 964 962 962 998 998 998 0 0 0
0 0 0 0 0 0 0 0 0 0 0 0 0 0 0 0 0 0 845 845 856 862 867 873 880 885 889 901 901 1210 1210 1210 1214 1214 1206 1206 1202 1202 1197 1189 1189 1185 1185 1177 1173 1169 1169 1161 1161 1165 1169 1169 1173 1181 1185 1189 1193 1197 1202 1202 1210 1214 1219 1223 1223 1227 1232 1236 1245 1250 1255 1259 1264 1268 1273 1278 1288 1288 1292 1297 1302 1312 1328 1359 1359 1359 1359 1354 1354 1359 1359 1365 1370 1370 1376 1376 1387 1392 1392 1398 1415 1557 1557 1557 1564 1564 1564 1557 1550 1550 1550 1550 1550 1550 1550 1536 1529 1516 1516 1529 1543 1543 1536 1523 1516 1516 1523 1529 1536 1543 1543 2256 2256 2271 2271 2271 2271 2271 2271 2271 2271 2271 2286 2271 2241 2184 2170 2170 2170 2170 2170 2170 2170 2170 2170 2170 2170 2156 2156 2156 2156 2143 2129 2129 2129 2116 2116 2116 2103 2103 2103 2078 2053 2016 1993 1981 1970 1959 1959 1959 1959 1959 1959 1970 1970 1970 1970 1970 1970 1970 1970 1970 1970 1970 1970 1970 1970 1970 1970 1959 1959 1959 1959 1959 1959 1959 1959 1959 1959 1959 1959 1959 1959 1947 1926 1894 1873 1873 1873 1863 1863 1863 1863 1863 1863 1873 1873 1873 1130 1130 1130 1119 1119 1119 1119 1173 1173 1177 1177 1134 1134 1141 1145 1145 1145 1145 1141 1138 1138 1108 1108 1223 1227 1236 1250 1123 1119 1119 1297 1297 1283 1283 1283 1097 1097 1094 1094 1094 1264 1268 1273 1278 1278 1073 1073 1278 1278 1268 1264 1264 1264 1268 1060 1054 1054 1054 1259 1255 1245 1245 1245 1041 1041 1047 1050 1236 1236 1236 1241 1236 1227 1227 1016 1016 1016 1241 1241 1227 1227 1227 964 959 954 954 998 998 998 0 0 0
0 0 0 0 0 0 0 0 0 0 0 0 0 0 0 0 0 0 849 849 858 864 869 875 880 885 889 901 918 918 1210 1210 1214 1214 1206 1206 1202 1202 1202 1193 1189 1185 1185 1177 1173 1169 1169 1161 1161 1165 1169 1169 1173 1181 1185 1189 1193 1197 1197 1202 1210 1214 1219 1223 1227 1236 1236 1241 1250 1250 1255 1259 1264 1268 1273 1283 1283 1288 1292 1297 1302 1307 1317 1322 1333 1359 1359 1359 1359 1359 1359 1370 1370 1370 1376 1376 1387 1392 1392 1398 1415 1421 1427 1572 1579 1572 1572 1572 1572 1564 1564 1557 1557 1564 1564 1564 1564 1550 1550 1564 1557 1557 1557 1550 1543 1543 1536 1536 1536 1543 2286 2256 2256 2271 2271 2271 2271 2271 2271 2271 2271 2271 2286 2271 2241 2198 2184 2184 2170 2170 2170 2170 2170 2170 2156 2156 2156 2156 2156 2156 2156 2143 2129 2129 2129 2116 2116 2116 2103 2103 2103 2078 2016 2005 1993 1993 1970 1959 1959 1959 1959 1970 1970 1970 1970 1970 1970 1970 1970 1970 1970 1970 1970 1970 1970 1970 1970 1970 1970 1959 1959 1959 1959 1959 1959 1959 1959 1959 1959 1959 1959 1959 1959 1947 1926 1883 1883 1873 1863 1863 1863 1863 1863 1863 1863 1873 1873 1873 1130 1130 1126 1119 1119 1119 1119 1177 1177 1177 1130 1130 1130 1141 1145 1145 1145 1145 1141 1138 1138 1112 1112 1223 1227 1236 1119 1119 1119 1119 1302 1307 1302 1302 1101 1101 1097 1094 1094 1094 1278 1278 1283 1288 1288 1084 1084 1283 1288 1283 1278 1273 1273 1063 1060 1054 1054 1054 1264 1264 1259 1255 1255 1041 1041 1047 1047 1241 1241 1245 1245 1241 1241 1013 1013 1016 1019 1278 1283 1283 1283 964 964 959 954 954 1001 1001 0 0 0 0
0 0 0 0 0 0 0 0 0 0 0 0 0 0 0 0 0 0 851 851 858 864 871 878 880 885 891 915 918 918 1210 1210 1210 1210 1210 1206 1202 1202 1202 1193 1189 1185 1185 1181 1177 1173 1169 1165 1165 1165 1169 1169 1173 1181 1189 1193 1197 1197 1197 1202 1210 1214 1219 1223 1227 1236 1241 1245 1250 1250 1255 1259 1264 1268 1273 1283 1283 1288 1292 1297 1302 1307 1312 1317 1328 1333 1343 1354 1354 1354 1354 1370 1370 1370 1376 1381 1387 1392 1398 1404 1415 1421 1427 1445 1445 1586 1586 1586 1586 1586 1579 1579 1579 1579 1572 1572 1579 1579 1579 1572 1564 1564 1557 1557 1550 1543 1536 1536 1536 2286 2286 2286 2271 2271 2271 2271 2271 2271 2271 2271 2271 2286 2286 2271 2241 2198 2184 2184 2170 2170 2170 2170 2170 2170 2156 2156 2156 2156 2156 2156 2156 2143 2129 2129 2129 2116 2116 2116 2103 2103 2103 2090 2016 2005 1993 1993 1981 1970 1970 1959 1959 1970 1970 1970 1970 1970 1970 1970 1981 1981 1981 1981 1970 1970 1970 1970 1970 1970 1970 1959 1959 1959 1959 1959 1959 1959 1959 1959 1959 1959 1959 1970 1959 1959 1926 1883 1873 1873 1863 1863 1863 1863 1863 1863 1863 1863 1863 1863 1134 1134 1123 1119 1119 1119 1177 1177 1181 1181 1130 1130 1130 1138 1145 1149 1145 1145 1145 1141 1138 1112 1112 1112 1112 1115 1119 1119 1119 1123 1312 1312 1317 1317 1101 1097 1097 1094 1094 1094 1097 1297 1292 1288 1080 1080 1084 1288 1292 1292 1288 1288 1063 1060 1060 1054 1054 1054 1268 1268 1264 1264 1264 1044 1044 1047 1047 1259 1259 1264 1255 1255 1022 1013 1013 1016 1019 1019 1283 1283 1297 1302 1001 1001 1004 1007 1007 0 0 0 0 0
0 0 0 0 0 0 0 0 0 0 0 0 0 0 0 0 0 0 854 854 860 867 871 878 882 889 898 918 918 918 1210 1210 1210 1210 1206 1206 1202 1202 1202 1193 1189 1185 1185 1185 1177 1173 1169 1169 1165 1165 1169 1173 1181 1185 1189 1193 1193 1197 1202 1202 1214 1219 1223 1223 1227 1236 1241 1245 1250 1255 1259 1259 1268 1273 1273 1283 1288 1288 1292 1297 1302 1307 1312 1317 1322 1328 1333 1349 1349 1354 1354 1370 1370 1370 1381 1381 1392 1398 1398 1404 1415 1421 1433 1439 1445 1445 1594 1594 1594 1594 1586 1586 1586 1586 1579 1579 1579 1579 1579 1572 1572 1572 1557 1550 1550 1550 1550 2317 2301 2301 2286 2286 2286 2286 2286 2286 2286 2271 2271 2271 2271 2271 2286 2271 2241 2198 2184 2184 2170 2170 2170 2170 2170 2170 2170 2170 2170 2170 2170 2156 2156 2143 2129 2129 2129 2116 2116 2116 2116 2103 2103 2090 2005 1993 1993 1993 1981 1970 1970 1970 1970 1970 1970 1970 1970 1970 1981 1981 1981 1981 1981 1981 1970 1970 1981 1970 1970 1970 1970 1970 1970 1970 1970 1970 1959 1959 1970 1970 1970 1970 1970 1970 1959 1959 1915 1883 1873 1873 1873 1863 1863 1863 1863 1863 1863 1853 1853 1853 1149 1141 1123 1119 1119 1119 1181 1181 1181 1181 1130 1130 1134 1138 1145 1149 1145 1145 1145 1141 1138 1138 1115 1112 1112 1115 1119 1119 1119 1115 1115 1338 1328 1105 1105 1097 1094 1094 1094 1097 1097 1328 1292 1084 1080 1080 1084 1297 1297 1302 1307 1307 1060 1060 1060 1057 1057 1057 1057 1322 1322 1322 1047 1044 1044 1044 1044 1044 1268 1268 1283 1312 1022 1019 1019 1019 1019 1019 1283 1283 1297 1302 1317 1007 1007 1010 1312 1317 0 0 0 0
0 0 0 0 0 0 0 0 0 0 0 0 0 0 0 0 0 0 856 856 864 869 873 880 882 891 903 918 920 920 1210 1210 1210 1210 1206 1206 1202 1197 1197 1193 1189 1189 1185 1185 1173 1173 1169 1169 1169 1169 1169 1173 1181 1185 1189 1189 1193 1193 1202 1206 1214 1219 1223 1227 1227 1236 1241 1245 1250 1255 1259 1259 1264 1273 1278 1283 1288 1288 1292 1297 1307 1307 1312 1317 1322 1328 1333 1349 1349 1354 1359 1370 1370 1376 1381 1387 1392 1398 1404 1410 1415 1421 1433 1439 1439 1439 1601 1601 1601 1579 1579 1601 1601 1601 1601 2432 2432 2432 2415 2415 2415 2415 2415 1550 1550 1550 2398 2317 2301 2286 2286 2286 2286 2286 2286 2286 2286 2271 2271 2271 2271 2271 2286 2271 2241 2184 2184 2184 2170 2170 2170 2170 2170 2170 2170 2170 2170 2170 2170 2170 2170 2156 2143 2129 2116 2116 2116 2116 2116 2103 2103 2090 2005 1993 1993 1993 1981 1981 1970 1970 1970 1970 1970 1970 1970 1970 1981 1981 1981 1981 1981 1981 1981 1981 1981 1981 1970 1970 1970 1970 1970 1970 1970 1970 1970 1970 1970 1970 1970 1970 1970 1970 1959 1959 1915 1883 1873 1873 1863 1863 1863 1863 1863 1863 1863 1853 1853 1149 1149 1149 1149 1119 1119 1177 1177 1177 1181 1181 1185 1134 1134 1141 1149 1149 1149 1145 1145 1141 1141 1141 1119 1115 1115 1115 1119 1119 1119 1115 1115 1343 1349 1101 1101 1097 1094 1094 1094 1094 1097 1343 1343 1080 1080 1080 1084 1084 1343 1317 1317 1328 1060 1060 1060 1057 1057 1057 1343 1322 1322 1322 1047 1047 1047 1044 1044 1343 1343 1312 1312 1312 1312 1019 1019 1019 1019 1322 1288 1288 1302 1302 1317 1317 1312 1312 1312 1317 0 0 0 0
0 0 0 0 0 0 0 0 0 0 0 0 0 0 0 0 0 0 858 858 867 871 873 880 885 898 913 918 920 920 1210 1210 1206 1206 1206 1206 1202 1197 1193 1189 1189 1189 1189 1185 1173 1173 1169 1169 1169 1173 1173 1173 1181 1185 1185 1189 1189 1193 1202 1206 1219 1219 1223 1227 1232 1236 1241 1245 1250 1255 1259 1259 1264 1273 1273 1283 1288 1288 1292 1297 1307 1307 1312 1317 1328 1328 1333 1343 1354 1354 1365 1370 1370 1376 1381 1387 1392 1398 1410 1415 1421 1421 1433 1439 1439 1439 1601 1601 2467 1579 1579 2467 2467 2467 2450 2432 2432 2432 2415 2415 2415 2415 2415 2398 2398 2398 2398 2349 2301 2286 2286 2286 2286 2286 2286 2286 2286 2286 2286 2286 2286 2286 2286 2271 2241 2184 2184 2184 2170 2170 2170 2170 2170 2170 2170 2170 2170 2170 2170 2170 2170 2156 2143 2129 2116 2116 2116 2116 2116 2103 2103 2078 2016 2005 1993 1993 1981 1981 1981 1970 1970 1970 1970 1970 1970 1970 1970 1981 1981 1981 1981 1981 1981 1981 1981 1981 1970 1970 1970 1970 1970 1970 1970 1970 1970 1970 1970 1970 1970 1970 1970 1970 1959 1959 1926 1883 1873 1873 1863 1863 1863 1863 1863 1863 1863 1863 1863 1145 1145 1149 1153 1153 1177 1177 1177 1177 1181 1181 1181 1165 1149 1149 1149 1149 1149 1145 1145 1141 1141 1141 1141 1119 1115 1115 1119 1119 1115 1112 1112 1343 1354 1101 1101 1097 1090 1090 1094 1094 1097 1349 1387 1080 1080 1080 1084 1376 1343 1338 1338 1354 1067 1060 1060 1060 1057 1057 1343 1338 1338 1365 1047 1047 1047 1050 1349 1343 1343 1343 1322 1322 1354 1019 1019 1022 1333 1322 1312 1302 1302 1302 1317 1322 1317 1317 1317 1328 0 0 0 0
0 0 0 0 0 0 0 0 0 0 0 0 0 0 0 0 0 0 860 860 867 871 873 880 889 896 910 918 970 970 970 973 1206 1206 1206 1202 1197 1193 1189 1189 1189 1189 1185 1181 1173 1173 1169 1169 1169 1169 1173 1177 1185 1185 1185 1189 1189 1193 1202 1206 1214 1219 1223 1232 1236 1241 1241 1250 1250 1255 1259 1259 1264 1273 1273 1283 1288 1292 1292 1297 1307 1307 1312 1317 1328 1328 1333 1343 1354 1354 1365 1370 1376 1376 1381 1387 1392 1398 1410 1415 1421 1427 1433 1439 1439 1439 2485 2485 2467 2467 2485 2485 2467 2467 2450 2450 2432 2432 2415 2415 2415 2415 2415 2398 2398 2398 2398 2317 2301 2286 2286 2286 2286 2286 2286 2286 2286 2286 2286 2286 2286 2286 2286 2271 2226 2184 2184 2184 2184 2170 2170 2170 2170 2170 2170 2170 2170 2156 2156 2170 2170 2156 2143 2143 2129 2129 2116 2116 2116 2103 2103 2078 2028 2005 1993 1981 1981 1981 1970 1970 1970 1970 1970 1970 1981 1970 1970 1981 1981 1981 1993 1981 1981 1981 1981 1981 1981 1981 1970 1970 1981 1981 1981 1970 1970 1970 1970 1970 1970 1970 1970 1970 1959 1959 1915 1883 1873 1873 1873 1873 1873 1873 1863 1863 1863 1863 1138 1138 1138 1141 1149 1149 1149 1173 1173 1173 1181 1181 1181 1161 1153 1149 1149 1149 1149 1145 1145 1141 1141 1141 1141 1288 1115 1115 1119 1115 1115 1112 1112 1343 1359 1365 1381 1410 1090 1090 1097 1097 1376 1387 1387 1404 1387 1084 1084 1376 1370 1365 1365 1381 1387 1387 1387 1381 1370 1359 1359 1354 1354 1365 1365 1365 1359 1354 1349 1349 1349 1349 1354 1354 1354 1338 1333 1333 1338 1338 1338 1338 1322 1322 1328 1333 1328 1328 1328 1333 0 0 0 0
0 0 0 0 0 0 0 0 0 0 0 0 0 0 0 0 0 0 862 862 869 871 875 882 889 896 901 918 967 967 970 973 973 1206 1206 1202 1197 1193 1189 1189 1189 1185 1185 1177 1173 1173 1169 1169 1169 1169 1173 1177 1185 1185 1185 1189 1189 1193 1202 1206 1214 1219 1223 1232 1236 1241 1245 1250 1255 1255 1259 1259 1264 1273 1278 1288 1288 1292 1297 1302 1307 1307 1312 1322 1328 1333 1333 1343 1354 1359 1365 1370 1376 1381 1387 1387 1392 1398 1410 1415 1421 1427 1433 1439 1439 2485 2485 2485 2485 2485 2485 2485 2467 2467 2450 2450 2432 2432 2415 2415 2415 2415 2415 2415 2398 2398 2398 2317 2301 2286 2286 2286 2286 2286 2286 2286 2286 2286 2286 2286 2286 2286 2286 2271 2198 2184 2184 2184 2184 2170 2170 2170 2170 2170 2170 2170 2170 2156 2156 2170 2170 2143 2143 2129 2129 2129 2116 2116 2116 2116 2103 2078 2016 2016 2005 1981 1981 1981 1970 1970 1970 1970 1970 1970 1970 1970 1970 1970 1970 1981 1981 1981 1993 1993 1993 1993 1981 1981 1970 1970 1981 1970 1970 1970 1970 1970 1970 1970 1970 1970 1970 1970 1959 1947 1904 1883 1883 1873 1873 1873 1873 1863 1863 1863 1863 1863 1138 1138 1138 1141 1149 1149 0 1173 1173 1173 1181 1189 1161 1157 1153 1153 1149 1149 1149 1149 1149 1149 1177 1181 1317 1307 1307 1302 1302 1115 1115 1322 1338 1343 1359 1381 1387 1410 1404 1392 1392 1398 1398 1398 1410 1410 1404 1392 1387 1387 1392 1387 1387 1392 1392 1392 1392 1392 1392 1387 1381 1376 1376 1376 1376 1376 1370 1365 1359 1359 1359 1359 1359 1359 1359 1349 1349 1343 1343 1359 1359 1359 1359 1343 1343 1343 1333 1333 1333 1338 0 0 0 0
0 0 0 0 0 0 0 0 0 0 0 0 0 0 0 0 0 0 862 862 867 871 875 885 891 896 898 903 967 967 970 973 981 1206 1206 1202 1197 1193 1189 1189 1189 1185 1181 1177 1173 1173 1169 1169 1169 1169 1173 1181 1185 1185 1189 1189 1193 1193 1202 1206 1214 1219 1223 1232 1236 1241 1245 1250 1255 1259 1259 1264 1268 1273 1278 1288 1288 1292 1297 1302 1307 1312 1312 1322 1328 1333 1338 1349 1354 1359 1365 1370 1376 1381 1387 1392 1392 1404 1410 1415 1427 1433 1433 1439 1439 2485 2485 2485 2485 2485 2485 2485 2467 2467 2467 2450 2432 2432 2415 2415 2415 2415 2415 2415 2415 2415 2398 2333 2301 2286 2286 2286 2286 2286 2286 2286 2286 2286 2286 2286 2286 2286 2286 2271 2184 2184 2184 2170 2170 2170 2170 2170 2170 2170 2170 2170 2170 2156 2156 2170 2170 2143 2143 2129 2129 2129 2129 2116 2116 2116 2103 2078 2016 2005 2005 1993 1993 1981 1970 1970 1970 1970 1970 1970 1970 1970 1970 1970 1970 1981 1981 1981 1981 1993 1993 1993 1981 1981 1970 1970 1981 1970 1970 1970 1970 1970 1970 1970 1970 1970 1970 1970 1959 1936 1904 1883 1883 1873 1873 1873 1873 1863 1853 1853 1853 1134 1134 1134 1134 1141 1149 1149 1161 1804 1804 1794 1794 1794 1157 1157 1153 1153 1149 1149 1149 1149 1161 1173 1177 1181 1317 1317 1317 1307 1307 1312 1322 1333 1338 1343 1365 1387 1404 1427 1433 1427 1421 1421 1427 1427 1427 1427 1421 1421 1421 1415 1410 1404 1404 1404 1398 1398 1392 1392 1392 1392 1392 1392 1387 1381 1381 1381 1381 1381 1370 1370 1376 1376 1370 1370 1381 1376 1376 1370 1370 1365 1365 1365 1359 1359 1359 1359 1349 1349 1349 1349 0 0 0 0
0 0 0 0 0 0 0 0 0 0 0 0 0 0 0 0 0 0 862 862 867 871 875 885 891 896 898 903 970 970 973 975 981 1206 1202 1202 1202 1193 1189 1189 1189 1185 1181 1177 1173 1173 1173 1173 1173 1173 1173 1181 1185 1189 1189 1193 1197 1202 1206 1210 1219 1219 1223 1232 1236 1241 1245 1250 1255 1259 1259 1268 1273 1278 1283 1288 1292 1292 1297 1302 1307 1312 1312 1322 1328 1333 1338 1349 1354 1359 1365 1370 1376 1381 1387 1392 1398 1404 1410 1415 1421 1433 1439 1439 1439 2485 2485 2485 2485 2485 2485 2467 2467 2467 2467 2450 2432 2432 2432 2432 2415 2415 2415 2415 2415 2415 2398 2333 2301 2286 2286 2286 2286 2286 2286 2286 2286 2286 2286 2286 2286 2286 2286 2271 2184 2184 2184 2170 2170 2170 2170 2170 2170 2170 2170 2170 2170 2156 2156 2170 2170 2143 2143 2143 2129 2129 2129 2116 2116 2116 2103 2078 2016 2005 2005 1993 1993 1981 1970 1970 1970 1970 1970 1970 1970 1970 1970 1981 1981 1981 1981 1981 1981 1993 1993 1993 1981 1981 1970 1970 1970 1970 1970 1970 1970 1970 1970 1970 1970 1981 1981 1970 1947 1926 1904 1894 1873 1873 1873 1873 1873 1863 1853 1853 1853 1134 1134 1134 1134 1141 1149 1161 1161 1177 1177 1177 1181 1181 1157 1157 1157 1153 1149 1149 1149 1153 1165 1173 1177 1181 1322 1328 1338 1338 1333 1333 1333 1333 1338 1343 1376 1392 1404 1433 1445 1452 1439 1433 1433 1433 1439 1439 1439 1433 1433 1433 1433 1427 1421 1421 1421 1415 1415 1415 1415 1410 1410 1410 1392 1392 1398 1398 1398 1398 1398 1398 1398 1392 1381 1381 1387 1381 1381 1387 1387 1376 1376 1370 1370 1370 1365 1365 1370 1365 1359 1359 0 0 0 0
0 0 0 0 0 0 0 0 0 0 0 0 0 0 0 0 0 0 864 864 867 873 882 887 891 894 896 973 973 973 973 975 981 1206 1202 1202 1202 1197 1193 1189 1189 1185 1181 1177 1173 1173 1173 1173 1173 1173 1173 1181 1185 1189 1189 1197 1202 1206 1206 1214 1219 1223 1227 1232 1236 1241 1245 1250 1255 1259 1259 1264 1273 1278 1283 1288 1292 1297 1302 1307 1307 1312 1317 1322 1328 1333 1338 1349 1354 1359 1370 1370 1376 1376 1392 1398 1398 1404 1410 1415 1421 1433 1439 1439 1445 2485 2485 2485 2485 2485 2485 2467 2467 2467 2450 2450 2432 2432 2432 2432 2432 2415 2415 2415 2415 2415 2398 2349 2301 2286 2286 2286 2286 2286 2286 2286 2286 2286 2286 2286 2286 2286 2286 2256 2184 2184 2184 2170 2170 2170 2170 2184 2170 2170 2170 2170 2170 2170 2170 2170 2170 2143 2143 2143 2129 2129 2129 2116 2116 2116 2103 2103 2016 2005 2005 1993 1993 1981 1981 1970 1970 1970 1970 1970 1970 1970 1981 1981 1981 1981 1981 1993 1993 1993 1993 1993 1981 1981 1970 1970 1970 1970 1970 1970 1970 1970 1970 1970 1970 1981 1981 1970 1947 1926 1904 1883 1873 1873 1873 1873 1873 1863 1853 1853 1853 1853 1134 1134 1134 1141 1157 1161 1161 1177 1177 1177 1181 1181 1157 1157 1157 1153 1149 1149 1153 1157 1165 1169 1173 1181 1322 1333 1343 1349 1349 1354 1343 1343 1349 1359 1376 1392 1404 1433 1452 1458 1458 1452 1452 1452 1452 1458 1458 1452 1439 1439 1445 1445 1445 1445 1439 1439 1439 1427 1427 1427 1421 1421 1421 1421 1410 1410 1410 1410 1410 1410 1404 1404 1392 1392 1398 1392 1392 1398 1398 1387 1387 1381 1381 1381 1387 1392 1392 1387 1370 1370 0 0 0 0
0 0 0 0 0 0 0 0 0 0 0 0 0 0 0 0 0 0 867 867 869 880 889 889 891 894 896 973 973 973 973 973 981 1206 1206 1206 1202 1202 1197 1193 1189 1189 1181 1177 1173 1173 1173 1169 1169 1173 1173 1181 1185 1189 1189 1197 1202 1206 1206 1214 1219 1223 1227 1236 1236 1241 1245 1255 1255 1259 1259 1264 1268 1273 1278 1288 1292 1297 1307 1307 1312 1312 1317 1322 1328 1333 1343 1349 1354 1359 1370 1370 1376 1376 1392 1398 1398 1404 1410 1415 1427 1439 1439 1439 1445 2485 2485 2485 2485 2485 2485 2467 2467 2450 2450 2450 2432 2432 2432 2432 2432 2415 2415 2415 2415 2398 2398 2349 2317 2301 2286 2286 2286 2286 2286 2286 2286 2286 2286 2286 2286 2286 2286 2256 2184 2184 2184 2170 2170 2184 2184 2184 2184 2184 2170 2170 2170 2170 2170 2170 2170 2156 2143 2143 2129 2129 2129 2116 2116 2116 2116 2103 2016 2005 2005 1993 1993 1981 1981 1970 1970 1970 1970 1981 1970 1970 1981 1993 1993 1993 1993 1993 2005 1993 1993 1993 1981 1981 1981 1981 1970 1970 1981 1970 1970 1970 1970 1970 1970 1981 1981 1981 1959 1926 1904 1883 1883 1873 1873 1873 1873 1873 1863 1853 1853 1863 1149 1149 1157 1161 1161 1165 1169 1177 1177 1181 1181 1181 1157 1157 1157 1153 1149 1149 1153 1157 1165 1169 1173 1181 1322 1333 1343 1359 1359 1365 1365 1365 1365 1376 1387 1398 1410 1439 1458 1477 1483 1489 1464 1464 1477 1477 1477 1470 1470 1470 1464 1458 1458 1452 1452 1452 1458 1458 1458 1458 1439 1439 1445 1445 1445 1433 1427 1427 1427 1427 1421 1421 1427 1421 1421 1427 1427 1421 1421 1410 1410 1398 1398 1404 1404 1410 1410 1415 1415 1415 0 0 0 0
0 0 0 0 0 0 0 0 0 0 0 0 0 0 0 0 0 0 871 871 875 887 891 891 896 984 978 973 970 970 970 973 981 1206 1206 1206 1202 1202 1197 1189 1189 1189 1185 1181 1173 1173 1173 1169 1169 1173 1173 1181 1189 1189 1193 1197 1202 1206 1206 1214 1219 1227 1232 1236 1236 1241 1245 1255 1255 1259 1259 1268 1268 1273 1278 1288 1292 1297 1307 1307 1312 1312 1322 1328 1333 1338 1343 1349 1354 1365 1370 1376 1376 1381 1387 1392 1398 1410 1415 1421 1427 1439 1445 1445 1452 2485 2485 2485 2485 2485 2485 2485 2467 2450 2450 2450 2450 2450 2432 2432 2432 2415 2415 2415 2398 2398 2398 2349 2301 2301 2286 2286 2286 2286 2286 2286 2286 2286 2286 2286 2286 2286 2286 2256 2184 2184 2184 2184 2184 2184 2184 2184 2184 2184 2170 2170 2170 2170 2170 2170 2170 2143 2143 2129 2129 2129 2129 2116 2116 2116 2116 2103 2016 2005 2005 1993 1993 1981 1981 1970 1970 1981 1981 1981 1981 1981 1993 1993 2005 2005 2005 2005 2005 2005 1993 1993 1993 1993 1981 1981 1981 1981 1981 1981 1981 1981 1981 1981 1981 1981 1981 1981 1959 1926 1894 1883 1883 1873 1873 1863 1863 1873 1873 1863 1863 1863 1883 1157 1157 1161 1161 1165 1169 1181 1181 1181 1185 1185 1157 1157 1157 1153 1149 1149 1153 1161 1169 1173 1177 1181 1322 1338 1349 1359 1359 1365 1381 1381 1387 1387 1398 1404 1415 1433 1458 1483 1496 1503 1509 1503 1489 1489 1489 1483 1483 1496 1483 1470 1464 1464 1464 1470 1477 1470 1470 1470 1458 1458 1464 1470 1470 1470 1439 1439 1433 1433 1439 1445 1439 1439 1445 1439 1433 1433 1427 1427 1427 1421 1415 1415 1421 1427 1427 1427 1421 1421 0 0 0 0
0 0 0 0 0 0 0 0 0 0 0 0 0 0 0 0 0 0 878 878 880 885 891 894 989 989 981 973 970 970 970 973 973 975 1206 1202 1202 1202 1197 1189 1189 1189 1185 1181 1177 1173 1173 1173 1173 1173 1177 1181 1189 1189 1193 1197 1202 1206 1210 1214 1223 1227 1232 1236 1236 1241 1250 1255 1259 1264 1268 1273 1273 1278 1283 1292 1297 1302 1307 1307 1312 1317 1322 1328 1333 1338 1349 1349 1354 1365 1370 1376 1376 1381 1387 1392 1398 1410 1415 1421 1427 1439 1445 1445 1452 2485 2485 2485 2485 2485 2485 2485 2485 2467 2450 2450 2450 2450 2432 2432 2432 2415 2415 2415 2398 2398 2398 2365 2301 2301 2286 2286 2286 2286 2286 2286 2286 2286 2286 2286 2286 2286 2286 2271 2184 2184 2184 2184 2184 2184 2184 2184 2184 2184 2184 2170 2170 2170 2170 2170 2170 2143 2143 2129 2129 2129 2129 2116 2116 2116 2116 2103 2016 2005 2005 1993 1993 1981 1981 1981 1981 1981 1993 1993 1993 2005 2005 2005 2005 2005 2005 2005 2005 2005 2005 2005 1993 1993 1993 1981 1981 1981 1981 1981 1981 1981 1981 1981 1981 1981 1981 1981 1959 1926 1894 1883 1883 1873 1873 1863 1863 1873 1873 1873 1873 1883 1883 1894 1894 1894 1894 1904 1904 1823 1813 1813 1833 1833 1161 1161 1161 1153 1149 1149 1153 1161 1169 1169 1312 1312 1322 1338 1354 1365 1365 1370 1387 1387 1387 1392 1404 1410 1427 1433 1458 1496 1509 1509 1516 1516 1509 1509 1509 1509 1509 1509 1509 1496 1489 1483 1483 1496 1496 1496 1496 1489 1489 1483 1477 1477 1477 1477 1470 1470 1470 1477 1477 1464 1458 1458 1452 1452 1452 1452 1445 1439 1439 1439 1439 1439 1439 1433 1433 1433 1433 1433 0 0 0 0
0 0 0 0 0 0 0 0 0 0 0 0 0 0 0 0 0 0 878 878 880 885 984 987 987 992 984 973 973 973 973 973 973 975 1202 1202 1202 1202 1193 1189 1189 1185 1185 1181 1177 1173 1173 1173 1173 1173 1177 1185 1189 1189 1193 1197 1202 1206 1210 1214 1223 1227 1232 1236 1241 1241 1250 1259 1259 1264 1273 1278 1278 1288 1288 1292 1297 1302 1307 1307 1312 1317 1328 1328 1333 1343 1349 1354 1365 1370 1370 1376 1381 1387 1392 1398 1404 1415 1421 1427 1427 1439 1445 1445 1452 2485 2485 2485 2485 2485 2485 2485 2485 2467 2467 2467 2450 2450 2450 2432 2432 2415 2415 2415 2415 2398 2398 2381 2317 2301 2301 2286 2286 2286 2286 2286 2286 2286 2286 2286 2286 2286 2286 2271 2184 2184 2184 2184 2184 2184 2184 2184 2184 2184 2184 2170 2170 2170 2170 2170 2170 2156 2143 2129 2129 2129 2129 2129 2129 2116 2116 2103 2016 2005 1993 1993 1993 1981 1981 1981 1981 1993 1993 1993 1993 1993 1993 2005 2005 2005 2005 2005 2005 2005 1993 1993 1993 1993 1981 1981 1981 1981 1981 1981 1981 1981 1981 1981 1981 1981 1981 1981 1947 1926 1894 1883 1883 1873 1873 1873 1873 1883 1873 1873 1873 1883 1883 1894 1894 1894 1904 1894 1894 1823 1823 1833 1833 1833 1161 1161 1161 1153 1149 1149 1153 1161 1169 1169 1307 1307 1317 1349 1365 1365 1370 1376 1387 1392 1398 1404 1415 1427 1433 1445 1458 1489 1516 1516 1529 1536 1536 1523 1523 1523 1523 1523 1523 1516 1516 1516 1516 1516 1503 1503 1509 1509 1516 1503 1483 1483 1483 1483 1483 1483 1483 1483 1483 1477 1477 1477 1477 1477 1477 1477 1477 1470 1470 1470 1470 1464 1452 1452 1452 1445 1445 1445 0 0 0 0
0 0 0 0 0 0 0 0 0 0 0 0 0 0 0 0 0 0 878 878 984 984 984 987 987 992 989 973 973 973 973 973 973 981 1202 1202 1202 1202 1193 1189 1189 1185 1185 1181 1177 1173 1173 1173 1173 1173 1181 1185 1189 1189 1193 1197 1202 1206 1210 1219 1223 1232 1232 1236 1241 1245 1250 1255 1259 1259 1259 1288 1288 1288 1292 1292 1297 1302 1307 1307 1317 1322 1328 1328 1333 1343 1349 1354 1365 1370 1370 1376 1381 1387 1392 1398 1404 1415 1421 1427 1433 1439 1445 1445 1452 2485 2485 2503 2485 2485 2485 2485 2485 2467 2467 2467 2450 2450 2450 2432 2432 2432 2415 2415 2415 2415 2398 2381 2317 2301 2286 2286 2286 2286 2286 2286 2286 2286 2286 2286 2286 2286 2286 2198 2184 2184 2184 2184 2184 2184 2184 2184 2184 2184 2184 2170 2170 2170 2170 2170 2170 2156 2156 2143 2129 2129 2129 2129 2129 2129 2116 2103 2005 2005 1993 1993 1993 1981 1981 1993 1993 1993 1993 1993 1993 1993 1993 2005 2005 2005 2005 2005 2005 2005 1993 1993 1993 1993 1981 1981 1981 1981 1981 1981 1981 1981 1981 1981 1993 1993 1981 1981 1936 1915 1894 1883 1883 1873 1873 1873 1873 1873 1873 1873 1873 1883 1883 1894 1904 1904 1904 1894 1894 1843 1833 1833 1833 1833 1161 1161 1161 1157 1149 1149 1157 1165 1169 1177 1307 1307 1317 1343 1354 1365 1370 1381 1387 1392 1404 1415 1427 1433 1433 1445 1464 1489 1516 1523 1536 1550 1557 1557 1550 1536 1536 1536 1529 1529 1536 1536 1529 1523 1516 1516 1523 1523 1529 1529 1529 1557 1496 1496 1496 1503 1503 1496 1496 1496 1489 1489 1489 1489 1489 1496 1489 1483 1483 1477 1477 1483 1477 1477 1470 1464 1464 1470 0 0 0 0
0 0 0 0 0 0 0 0 0 0 0 0 0 0 0 0 0 940 940 940 978 981 984 984 987 992 992 975 973 973 973 975 978 978 1202 1202 1206 1202 1193 1189 1189 1189 1185 1181 1177 1173 1173 1173 1173 1177 1181 1185 1189 1189 1193 1197 1202 1206 1210 1219 1219 1232 1236 1241 1241 1250 1250 1255 1259 1259 1259 1259 1259 1307 1307 1307 1307 1307 1307 1312 1317 1322 1328 1328 1333 1343 1349 1354 1365 1370 1370 1376 1381 1387 1392 1398 1410 1415 1421 1427 1433 1439 1445 1445 1445 2503 2503 2503 2503 2485 2485 2485 2485 2467 2467 2467 2450 2450 2432 2432 2432 2432 2415 2415 2415 2415 2398 2381 2317 2301 2286 2286 2286 2286 2286 2286 2286 2286 2301 2301 2301 2301 2286 2198 2184 2184 2184 2184 2184 2184 2184 2184 2184 2184 2184 2184 2170 2170 2170 2170 2170 2156 2156 2143 2143 2129 2129 2129 2129 2129 2116 2116 2005 1993 1993 1993 1993 1993 1993 1993 1993 1993 1993 1993 1993 1993 1993 1993 2005 2005 2005 2005 2005 2005 2005 1993 1993 1993 1981 1981 1981 1981 1981 1981 1981 1981 1981 1981 1993 1993 1981 1981 1936 1915 1894 1883 1883 1873 1873 1873 1873 1873 1873 1873 1873 1883 1883 1894 1904 1904 1904 1904 1904 1853 1833 1833 1833 1833 1161 1161 1161 1157 1149 1149 1157 1165 1169 1177 1307 1307 1322 1343 1354 1365 1376 1381 1387 1392 1404 1415 1439 1439 1439 1452 1464 1489 1523 1529 1543 1564 1579 1572 1564 1557 1557 1557 1564 1579 1579 1550 1543 1543 1543 1543 1550 1550 1550 1550 1557 1557 1550 1529 1523 1516 1509 1509 1509 1516 1523 1516 1509 1496 1496 1503 1496 1496 1489 1489 1483 1483 1489 1496 1496 1489 1489 1489 0 0 0 0
0 0 0 0 0 0 0 0 0 0 0 0 0 0 0 0 0 938 938 940 978 981 984 984 987 992 992 978 975 975 975 978 978 978 1202 1206 1206 1202 1193 1189 1189 1189 1185 1181 1177 1173 1173 1173 1173 1177 1181 1185 1189 1189 1197 1202 1206 1206 1210 1219 1219 1232 1236 1241 1245 1250 1255 1255 1259 1259 1259 1259 1278 1278 1278 0 1312 1312 1312 1312 1312 1328 1328 1333 1338 1343 1349 1354 1370 1376 1376 1381 1387 1392 1398 1404 1410 1415 1427 1433 1439 1439 1445 1445 1445 2503 2503 2503 2503 2503 2485 2485 2485 2485 2467 2467 2450 2432 2432 2432 2432 2432 2432 2415 2415 2415 2415 2381 2317 2301 2301 2301 2286 2286 2286 2286 2286 2286 2301 2301 2301 2301 2286 2241 2198 2184 2184 2184 2184 2184 2184 2184 2184 2184 2184 2184 2170 2170 2170 2170 2170 2156 2156 2143 2143 2143 2129 2129 2129 2116 2116 2103 2005 1993 1993 1993 1993 1993 1993 1993 2005 1993 1993 1993 1993 1993 1993 1993 2005 2005 2005 2005 2005 2005 1993 1993 1993 1981 1981 1981 1981 1981 1981 1981 1981 1981 1981 1993 1993 1993 1981 1981 1947 1915 1894 1883 1883 1873 1873 1873 1873 1873 1873 1873 1873 1883 1894 1894 1904 1904 1904 1904 1904 1853 1833 1833 1833 1833 1161 1161 1157 1157 1153 1153 1157 1165 1173 1177 1307 1312 1328 1343 1349 1359 1376 1381 1387 1392 1404 1464 1470 1458 1458 1464 1483 1503 1523 1543 1550 1586 1594 1586 1572 1572 1572 1579 1586 1594 1586 1586 1572 1572 1572 1564 1557 1557 1557 1564 1564 1564 1564 1564 1557 1557 1557 1529 1529 1536 1536 1523 1523 1509 1509 1516 1516 1509 1496 1496 1489 1489 1503 1503 1503 1496 1489 1489 0 0 0 0
0 0 0 0 0 0 0 0 0 0 0 0 0 0 0 0 0 938 938 940 928 928 984 984 987 992 992 989 981 978 978 978 978 981 1202 1206 1206 1206 1193 1189 1189 1189 1185 1185 1181 1177 1173 1173 1173 1177 1181 1185 1189 1189 1197 1202 1206 1210 1214 1219 1223 1227 1236 1241 1245 1250 1255 1255 1259 1259 1264 1273 1278 1278 1288 0 0 1312 1312 1312 1312 1328 1328 1333 1343 1343 1349 1365 1370 1376 1376 1387 1392 1392 1398 1404 1410 1415 1427 1433 1439 1439 1445 1445 1445 2503 2503 2503 2503 2503 2503 2503 2485 2485 2467 2467 2450 2432 2432 2432 2432 2432 2432 2415 2415 2415 2398 2381 2317 2301 2301 2301 2301 2286 2286 2286 2286 2286 2301 2301 2301 2301 2286 2241 2198 2184 2184 2184 2184 2184 2184 2184 2184 2184 2170 2170 2170 2170 2170 2170 2170 2156 2156 2143 2143 2143 2129 2129 2129 2116 2103 2103 2005 1993 1993 1993 1993 1993 1993 1993 1993 1993 1993 1993 1993 1993 2005 2005 2005 2005 2005 2005 2005 2005 1993 1993 1993 1981 1981 1981 1981 1981 1981 1993 1993 1993 1993 1993 1993 1993 1981 1981 1959 1926 1894 1883 1883 1873 1873 1873 1873 1873 1873 1873 1883 1883 1894 1894 1904 1904 1915 1915 1915 1833 1833 1833 1833 1833 1161 1161 1157 1153 1153 1153 1161 1169 1177 1181 1312 1317 1338 1343 1349 1359 1370 1381 1392 1398 1404 1410 1477 1483 1483 1483 1503 1509 1529 1543 1557 1594 1601 1601 1594 1594 1601 1609 1609 1601 1601 1594 1594 1586 1586 1579 1579 1572 1572 1572 1572 1572 1572 1572 1572 1564 1564 1564 1572 1572 1572 1586 1594 1543 1536 1536 1543 1543 1543 1550 1550 1564 1536 1523 1523 1496 1496 0 0 0 0 0
0 0 0 0 0 0 0 0 0 0 0 0 0 0 0 0 0 940 940 940 928 928 984 987 989 992 995 992 984 978 978 978 978 981 1202 1206 1206 1202 1197 1193 1193 1189 1185 1185 1177 1173 1169 1169 1173 1173 1181 1185 1189 1193 1197 1202 1206 1210 1214 1219 1223 1227 1236 1245 1250 1255 1255 1259 1259 1264 1268 1273 1278 1288 1288 1297 1307 1307 0 0 0 1333 1343 1343 1343 1343 1343 1370 1370 1376 1376 1387 1392 1398 1398 1410 1410 1421 1427 1439 1439 1445 1452 1452 1452 2503 2503 2503 2503 2503 2503 2503 2485 2485 2485 2485 2467 2450 2432 2432 2432 2432 2432 2415 2415 2415 2381 2365 2317 2301 2301 2301 2301 2286 2286 2286 2286 2286 2301 2301 2301 2286 2271 2241 2198 2184 2184 2184 2184 2184 2184 2184 2184 2184 2170 2170 2170 2170 2170 2170 2170 2156 2156 2156 2143 2143 2143 2129 2129 2116 2103 2090 2005 2005 1993 1993 2005 2005 2005 1993 1993 1993 1993 1993 1993 1993 2005 2005 2005 2005 2005 2005 2005 2005 2005 1993 1993 1993 1993 1993 1993 1993 1993 2005 2005 2005 1993 1993 1993 1993 1993 1981 1947 1926 1894 1894 1883 1873 1873 1873 1873 1873 1873 1883 1883 1883 1894 1894 1904 1904 1915 1915 1915 1833 1833 1833 1833 1833 1161 1161 1157 1153 1153 1153 1161 1169 1173 1181 1322 1322 1338 1343 1354 1359 1370 1381 1392 1398 1404 1410 1477 1483 1489 1503 1516 1523 1543 1557 1564 1594 1609 1624 1639 1655 1655 1624 1616 1616 1616 1616 1616 1609 1609 1616 1616 1594 1586 1586 1579 1579 1594 1601 1601 1594 1594 1586 1586 1586 1586 1594 1594 1586 1572 1564 1557 1557 1557 1557 1564 1564 1564 1557 1557 1543 1543 0 0 0 0 0
0 0 0 0 0 0 0 0 0 0 0 0 0 0 0 0 0 0 938 938 984 984 984 987 992 992 995 992 984 978 978 981 981 978 978 1206 1202 1202 1197 1193 1189 1189 1189 1185 1177 1173 1169 1169 1173 1173 1181 1185 1189 1193 1197 1202 1206 1210 1214 1219 1223 1232 1241 1245 1255 1255 1259 1259 1264 1268 1273 1273 1283 1288 1292 1297 1307 1307 0 1312 0 0 0 0 1343 1343 1343 1370 1370 1376 1381 1387 1392 1398 1398 1410 1415 1415 1427 1439 1445 1445 1452 1458 1458 2503 2503 2503 2503 2503 2503 2503 2485 2485 2485 2485 2467 2450 2450 2450 2432 2432 2432 2432 2432 2415 2381 2333 2301 2301 2301 2301 2301 2286 2286 2286 2286 2286 2301 2301 2301 2286 2271 2226 2198 2184 2184 2184 2184 2184 2184 2184 2184 2184 2170 2170 2184 2170 2170 2170 2170 2156 2156 2156 2143 2143 2143 2129 2129 2116 2103 2065 2005 2005 2005 2005 2005 2005 2005 1993 1993 1993 1993 1993 2005 2005 2005 2005 2005 2005 2005 2005 2005 2005 2005 2005 1993 1993 1993 1993 1993 2005 2005 2005 2005 2005 2005 1993 1993 1993 1993 1981 1947 1915 1904 1894 1883 1883 1873 1873 1873 1873 1873 1883 1883 1883 1894 1894 1904 1904 1915 1904 1904 1833 1833 1833 1833 1833 1161 1161 1157 1157 1153 1153 1161 1169 1173 1181 1322 1322 1333 1349 1359 1359 1370 1381 1392 1404 1404 1410 1410 1410 1564 1543 1543 1543 1557 1564 1586 1594 1624 1655 1663 1663 1663 1655 1632 1632 1639 1639 1639 1639 1639 1647 1632 1624 1616 1616 1616 1616 1616 1616 1616 1616 1616 1594 1594 1594 1594 1594 1594 1594 1586 1579 1579 1579 1579 1579 1572 1572 1572 1564 1557 1557 1557 0 0 0 0 0
0 0 0 0 0 0 0 0 0 0 0 0 0 0 0 0 0 0 938 938 938 987 987 989 992 992 995 992 981 978 978 978 981 978 978 1206 1202 1202 1197 1193 1189 1189 1185 1181 1177 1173 1173 1173 1173 1181 1185 1189 1189 1193 1197 1202 1206 1210 1219 1223 1223 1232 1241 1245 1255 1255 1259 1259 1264 1268 1273 1278 1288 1292 1292 1297 1307 1307 1312 0 0 1333 1333 0 1365 1365 1365 1370 1370 1376 1381 1387 1392 1398 1404 1410 1415 1415 1427 1439 1445 1445 1452 1464 1464 2503 2503 2503 2503 2503 2503 2503 2485 2485 2485 2485 2467 2467 2450 2450 2432 2432 2432 2432 2432 2415 2381 2317 2301 2301 2301 2301 2301 2301 2301 2286 2286 2286 2301 2301 2301 2286 2271 2198 2198 2184 2184 2184 2184 2184 2184 2184 2184 2184 2170 2170 2184 2170 2170 2170 2170 2156 2156 2143 2143 2143 2143 2129 2129 2116 2103 2065 2016 2005 2005 2005 2005 2005 1993 1993 1993 1993 1993 1993 2005 2005 2005 2005 2005 2005 2005 2016 2005 2005 2005 2005 2005 1993 1993 2005 2005 2005 2005 2005 2005 2005 2005 2005 1993 1993 1993 1993 1947 1915 1904 1894 1894 1883 1873 1873 1883 1873 1873 1883 1883 1883 1894 1894 1904 1904 1904 1904 1904 1833 1833 1833 1833 1161 1161 1161 1157 1157 1153 1153 1161 1169 1177 1181 1322 1322 1333 1365 1359 1359 1370 1381 1392 1404 1410 1410 1410 1410 1564 1564 1564 1564 1564 1564 1586 1601 1647 1663 1663 1671 1671 1671 1647 1647 1647 1647 1647 1647 1647 1647 1647 1632 1632 1624 1624 1624 1616 1616 1616 1616 1616 1609 1601 1594 1594 1594 1594 1594 1594 1586 1586 1579 1579 1579 1572 1572 1572 1564 1557 1557 1557 0 0 0 0 0
0 0 0 0 0 0 0 0 0 0 0 0 0 0 0 0 0 0 938 938 938 989 989 989 992 992 995 992 981 978 978 978 981 981 1206 1206 1202 1202 1197 1193 1189 1189 1185 1181 1177 1173 1173 1173 1177 1181 1185 1189 1193 1197 1202 1206 1206 1214 1219 1223 1227 1232 1241 1245 1255 1255 1259 1259 1264 1273 1278 1278 1288 1292 1297 1302 1307 1307 1312 1322 1333 1333 1333 1343 1349 1349 1349 1370 1376 1376 1381 1387 1392 1398 1404 1410 1415 1427 1433 1439 1439 1445 1458 1464 1464 2522 2522 2522 2503 2503 2503 2503 2503 2485 2485 2485 2467 2467 2450 2450 2432 2432 2432 2432 2432 2415 2398 2317 2301 2301 2301 2301 2301 2301 2301 2301 2301 2301 2301 2301 2301 2286 2271 2198 2198 2184 2184 2184 2184 2184 2184 2184 2184 2184 2184 2184 2184 2184 2184 2170 2170 2156 2156 2143 2143 2143 2143 2129 2129 2116 2103 2065 2016 2005 2005 2005 2005 2005 1993 1993 1993 1993 1993 1993 2005 2005 2005 2005 2005 2016 2016 2016 2005 2005 2005 2005 2005 2005 1993 1993 1993 2005 2005 2005 2005 2005 2005 2005 2005 1993 1993 1993 1936 1926 1915 1904 1894 1894 1873 1873 1883 1883 1883 1883 1883 1894 1894 1894 1904 1904 1904 1894 1894 1843 1833 1833 1843 1161 1161 1161 1157 1157 1153 1153 1165 1173 1177 1185 1185 1404 1404 1404 1381 1381 1387 1392 1404 1410 1410 1410 1415 1415 1564 1572 1579 1579 1579 1586 1594 1609 1647 1663 1663 1671 1671 1671 1663 1663 1655 1655 1655 1655 1647 1647 1647 1639 1632 1632 1624 1624 1616 1616 1616 1616 1616 1616 1609 1601 1601 1594 1594 1594 1594 1594 1586 1586 1579 1579 1579 1572 1564 1564 1557 1557 1557 0 0 0 0 0
0 0 0 0 0 0 0 0 0 0 0 0 0 0 0 0 0 0 938 938 938 989 989 992 992 992 995 992 984 981 981 981 984 987 1206 1206 1206 1202 1197 1193 1189 1189 1185 1181 1177 1173 1173 1173 1177 1181 1185 1189 1193 1197 1202 1206 1210 1214 1223 1223 1223 1232 1241 1245 1250 1255 1259 1264 1268 1273 1278 1278 1288 1288 1297 1307 1307 1307 1312 1322 1328 1333 1338 1343 1354 1349 1349 1370 1376 1381 1387 1387 1392 1398 1404 1415 1421 1427 1433 1439 1439 1445 1464 1464 1464 2560 2522 2522 2503 2503 2503 2503 2503 2485 2485 2485 2467 2467 2450 2450 2432 2432 2432 2432 2432 2415 2398 2349 2301 2301 2301 2301 2301 2301 2301 2301 2301 2301 2301 2301 2301 2301 2271 2198 2198 2184 2184 2184 2184 2184 2184 2184 2184 2184 2184 2170 2170 2170 2170 2170 2170 2156 2156 2156 2156 2156 2156 2129 2129 2116 2103 2053 2016 2005 2005 2005 2005 2005 1993 1993 1993 1993 1993 2005 2005 2005 2005 2005 2005 2016 2016 2016 2005 2005 2005 2005 2005 2005 1993 1993 1993 2005 2005 2005 2005 2005 2005 1993 1993 1993 1993 1993 1936 1926 1904 1894 1894 1883 1873 1873 1883 1883 1883 1883 1883 1894 1894 1894 1904 1915 1915 1883 1883 1843 1843 1843 1843 1161 1161 1161 1161 1157 1153 1153 1165 1177 1181 1185 1185 1415 1415 1410 1398 1392 1392 1398 1410 1410 1415 1415 1427 1572 1572 1586 1601 1594 1594 1601 1601 1639 1655 1663 1663 1671 1671 1671 1671 1663 1663 1655 1655 1655 1647 1647 1647 1639 1632 1632 1632 1632 1624 1624 1616 1616 1616 1616 1616 1609 1609 1601 1594 1594 1601 1594 1586 1586 1586 1579 1572 1572 1564 1564 1557 1557 1557 0 0 0 0 0
0 0 0 0 0 0 0 0 0 0 0 0 0 0 0 0 0 0 938 938 940 992 992 992 995 995 995 995 987 981 981 981 981 981 992 1206 1206 1202 1197 1193 1189 1189 1185 1181 1177 1177 1177 1177 1181 1185 1189 1189 1193 1202 1202 1206 1210 1219 1223 1223 1223 1232 1241 1245 1250 1255 1259 1264 1273 1273 1278 1278 1288 1288 1292 1307 1307 1307 1312 1317 1328 1333 1338 1343 1349 1354 1354 1370 1376 1381 1387 1392 1392 1398 1404 1415 1421 1427 1433 1439 1445 1452 1464 1464 1464 2560 2541 2522 2522 2503 2503 2503 2503 2485 2485 2485 2467 2467 2450 2450 2450 2432 2432 2432 2432 2432 2398 2365 2301 2301 2301 2301 2301 2301 2301 2301 2301 2301 2301 2301 2301 2301 2256 2198 2198 2184 2184 2184 2184 2184 2184 2184 2184 2184 2184 2170 2170 2170 2170 2170 2170 2156 2156 2156 2156 2156 2156 2129 2129 2116 2103 2040 2016 2005 2005 2005 2005 2005 1993 1993 1993 1993 1993 2005 2005 2005 2005 2005 2005 2016 2016 2016 2005 2005 2005 2005 2005 2005 1993 1993 1993 2005 2005 2005 2005 2005 2005 1993 1993 1993 1993 1993 1936 1926 1904 1894 1894 1883 1873 1873 1873 1873 1883 1883 1894 1894 1894 1904 1904 1915 1904 1883 1883 1843 1843 1843 1843 1161 1161 1161 1157 1157 1153 1153 1169 1177 1181 1185 1185 1421 1421 1410 1410 1404 1404 1404 1410 1415 1433 1439 1586 1579 1579 1601 1616 1616 1616 1616 1616 1647 1655 1663 1671 1680 1680 1680 1680 1671 1671 1655 1655 1647 1647 1647 1647 1639 1639 1632 1632 1632 1624 1624 1616 1616 1616 1616 1616 1616 1609 1609 1609 1609 1601 1594 1594 1594 1586 1586 1572 1572 1564 1564 1557 1557 1564 0 0 0 0 0
0 0 0 0 0 0 0 0 0 0 0 0 0 0 0 0 0 0 938 938 943 995 995 995 995 998 998 998 984 981 981 981 981 981 992 1206 1206 1202 1202 1197 1193 1189 1185 1181 1177 1177 1177 1177 1181 1185 1189 1189 1197 1202 1202 1206 1210 1219 1223 1227 1227 1236 1241 1245 1250 1255 1259 1264 1273 1278 1278 1283 1288 1288 1292 1307 1307 1312 1312 1317 1328 1333 1338 1343 1349 1354 1354 1376 1376 1381 1387 1392 1392 1398 1410 1415 1421 1427 1433 1439 1445 1452 1458 1458 2560 2560 2522 2522 2503 2503 2503 2503 2503 2485 2485 2485 2467 2467 2467 2467 2450 2432 2432 2432 2432 2432 2398 2365 2301 2301 2301 2301 2301 2301 2301 2301 2301 2301 2301 2301 2301 2301 2256 2212 2198 2184 2184 2184 2184 2184 2184 2184 2184 2184 2184 2184 2170 2170 2170 2170 2170 2156 2156 2156 2156 2156 2156 2129 2129 2116 2065 2028 2005 2005 2005 2005 2005 2005 1993 1993 1993 1993 2005 2005 2005 2005 2005 2005 2016 2016 2016 2016 2005 2005 2005 2005 2005 2005 2005 2005 1993 1993 2005 2005 2005 2016 2005 2005 2005 2005 2005 2005 1926 1926 1915 1894 1894 1883 1883 1873 1873 1873 1883 1883 1883 1894 1894 1904 1915 1915 1904 1873 1873 1843 1833 1833 1833 1161 1161 1161 1157 1157 1153 1153 1165 1177 1181 1185 1185 1421 1421 1415 1410 1404 1404 1404 1410 1415 1452 1458 1458 1586 1586 1601 1624 1639 1655 1655 1655 1655 1663 1680 1680 1688 1680 1680 1680 1680 1671 1655 1655 1647 1647 1647 1647 1639 1639 1632 1632 1632 1624 1624 1616 1616 1616 1616 1616 1616 1616 1616 1616 1616 1616 1601 1601 1594 1594 1586 1579 1572 1572 1572 1572 1572 1572 0 0 0 0 0
0 0 0 0 0 0 0 0 0 0 0 0 0 0 0 0 0 0 940 940 943 998 995 995 998 1001 1001 998 984 981 981 984 984 984 992 1206 1206 1202 1202 1197 1193 1189 1185 1181 1177 1177 1177 1181 1185 1189 1189 1193 1197 1202 1202 1206 1210 1219 1223 1227 1232 1236 1241 1245 1250 1255 1259 1264 1273 1278 1278 1283 1288 1288 1292 1307 1307 1312 1312 1317 1328 1333 1338 1349 1349 1354 1370 1370 1376 1381 1387 1392 1398 1404 1410 1415 1421 1427 1433 1439 1445 1458 1458 1458 2560 2560 2522 2522 2503 2503 2503 2503 2503 2485 2485 2485 2485 2467 2467 2467 2450 2450 2432 2432 2432 2432 2398 2365 2317 2317 2301 2301 2301 2301 2301 2301 2301 2301 2301 2301 2301 2286 2256 2212 2198 2184 2184 2184 2184 2184 2184 2184 2184 2184 2184 2184 2170 2170 2170 2170 2170 2156 2156 2156 2156 2156 2156 2143 2129 2116 2065 2028 2005 2005 2005 2005 2005 2005 2005 2005 2005 2005 2005 2005 2005 2016 2016 2016 2016 2016 2016 2016 2016 2016 2005 2005 2005 2005 2005 2005 1993 1993 2005 2005 2005 2016 2005 2005 2005 2005 1993 1993 1926 1915 1915 1894 1894 1883 1883 1883 1883 1883 1883 1883 1883 1894 1904 1915 1915 1915 1904 1873 1873 1843 1833 1833 1833 1161 1161 1161 1161 1157 1157 1157 1165 1177 1181 1185 1483 1483 1421 1415 1415 1404 1404 1404 1410 1433 1452 1470 1529 1557 1586 1601 1624 1647 1680 1671 1671 1671 1671 1688 1688 1688 1688 1688 1688 1680 1680 1655 1655 1655 1655 1647 1647 1655 1663 1655 1655 1647 1647 1639 1632 1632 1624 1624 1624 1624 1616 1616 1624 1624 1624 1616 1609 1601 1601 1594 1594 1594 1594 1594 1601 1594 1594 0 0 0 0 0
0 0 0 0 0 0 0 0 0 0 0 0 0 0 0 0 0 0 940 940 946 951 992 992 995 1001 1004 1004 987 984 984 984 984 987 992 1206 1206 1202 1202 1197 1193 1189 1185 1181 1177 1177 1181 1181 1185 1189 1193 1197 1202 1202 1206 1206 1210 1219 1223 1227 1232 1236 1241 1250 1250 1255 1259 1264 1273 1278 1278 1283 1292 1292 1302 1307 1312 1312 1317 1322 1328 1333 1338 1349 1349 1354 1370 1370 1376 1381 1387 1392 1398 1404 1410 1415 1421 1427 1439 1439 1452 1458 1458 1458 2560 2560 2522 2522 2503 2503 2503 2503 2503 2485 2485 2485 2485 2467 2467 2467 2467 2467 2432 2432 2432 2432 2398 2365 2317 2317 2301 2301 2301 2301 2301 2301 2301 2301 2301 2301 2301 2286 2241 2198 2198 2184 2184 2184 2184 2184 2184 2184 2184 2184 2184 2184 2184 2170 2170 2170 2170 2156 2156 2156 2156 2156 2156 2143 2129 2129 2078 2040 2005 2005 2005 2005 2005 2005 2005 2005 2005 2005 2005 2005 2016 2005 2005 2016 2016 2016 2016 2016 2016 2016 2005 2005 2005 2005 2005 2005 2005 2005 2005 2005 2005 2016 2016 2005 2005 2005 1993 1993 1926 1915 1915 1904 1894 1894 1883 1883 1883 1883 1883 1883 1883 1894 1904 1915 1915 1915 1904 1883 1883 1843 1833 1833 1833 1161 1161 1161 1161 1157 1157 1157 1169 1177 1185 1483 1483 1470 1427 1415 1415 1410 1410 1410 1415 1433 1458 1483 1529 1557 1586 1601 1624 1647 1680 1688 1688 1688 1688 1688 1705 1713 1705 1705 1696 1696 1688 1688 1688 1688 1680 1680 1680 1680 1680 1671 1671 1663 1655 1655 1639 1639 1639 1639 1632 1624 1624 1624 1624 1624 1624 1632 1624 1624 1616 1616 1616 1616 1609 1609 1609 1609 1609 0 0 0 0 0
0 0 0 0 0 0 0 0 0 0 0 0 0 0 0 0 0 0 938 938 940 951 989 989 992 995 1001 1004 987 984 984 984 987 989 992 1206 1206 1206 1202 1197 1193 1189 1185 1185 1181 1181 1181 1181 1185 1189 1193 1197 1202 1202 1206 1206 1210 1219 1223 1232 1236 1236 1245 1250 1250 1255 1259 1264 1273 1278 1283 1288 1292 1297 1302 1307 1312 1317 1322 1328 1328 1333 1343 1349 1354 1365 1370 1370 1376 1381 1392 1398 1398 1404 1410 1421 1421 1433 1445 1445 1452 1458 1464 1464 1464 2560 2522 2522 2522 2522 2503 2503 2503 2485 2485 2485 2467 2467 2467 2467 2467 2467 2450 2432 2432 2432 2415 2365 2317 2317 2301 2301 2301 2301 2301 2301 2301 2301 2301 2301 2301 2286 2226 2198 2198 2184 2184 2184 2184 2184 2184 2184 2184 2184 2184 2184 2184 2184 2184 2184 2184 2170 2170 2156 2156 2156 2156 2143 2129 2129 2090 2053 2016 2016 2005 2005 2005 2005 2005 2005 2005 2005 2005 2005 2005 2005 2005 2016 2016 2016 2016 2028 2016 2016 2016 2016 2016 2005 2005 2005 2005 2005 2005 2005 2005 2016 2016 2016 2005 2005 1993 1947 1926 1915 1915 1904 1894 1894 1883 1883 1883 1883 1883 1883 1894 1904 1904 1915 1915 1915 1915 1904 1904 1843 1843 1843 1843 1165 1161 1161 1161 1161 1161 1161 1169 1177 1177 1477 1477 1470 1452 1427 1421 1410 1410 1415 1415 1433 1458 1503 1543 1557 1586 1601 1632 1671 1688 1696 1696 1696 1696 1696 1705 1713 1713 1713 1705 1705 1696 1696 1696 1696 1696 1688 1688 1688 1680 1680 1680 1680 1671 1671 1655 1655 1655 1655 1655 1647 1639 1632 1632 1632 1632 1632 1632 1624 1616 1616 1616 1616 1616 1616 1616 1616 1616 0 0 0 0 0
0 0 0 0 0 0 0 0 0 0 0 0 0 0 0 0 0 0 938 938 940 951 984 984 989 992 998 998 992 987 987 987 987 989 992 1210 1210 1206 1202 1197 1193 1189 1185 1185 1185 1181 1181 1181 1181 1189 1193 1197 1202 1202 1206 1210 1210 1219 1227 1232 1236 1236 1245 1250 1255 1255 1264 1268 1273 1278 1283 1288 1292 1302 1302 1307 1312 1317 1322 1328 1333 1338 1343 1349 1354 1365 1370 1370 1376 1381 1392 1398 1398 1410 1415 1421 1421 1433 1445 1445 1458 1464 1464 1464 1464 2560 2541 2541 2522 2522 2503 2503 2503 2485 2485 2485 2467 2467 2467 2467 2467 2467 2450 2450 2432 2432 2415 2381 2317 2317 2317 2317 2333 2317 2317 2301 2301 2301 2301 2301 2301 2286 2226 2198 2198 2198 2184 2184 2184 2184 2184 2184 2184 2184 2184 2184 2184 2184 2184 2184 2184 2170 2170 2156 2156 2156 2156 2143 2129 2116 2090 2040 2016 2016 2005 2005 2005 2005 2005 2005 2005 2005 2005 2005 2005 2005 2005 2016 2016 2016 2016 2016 2016 2016 2016 2016 2016 2016 2005 2005 2005 2005 2005 2005 2016 2016 2016 2016 2005 2005 2005 1947 1926 1915 1904 1904 1894 1894 1883 1883 1883 1883 1883 1883 1894 1904 1915 1915 1915 1915 1915 1904 1853 1853 1843 1843 1843 1165 1165 1165 1161 1161 1161 1161 1173 1181 1181 1477 1477 1477 1464 1452 1439 1427 1427 1427 1427 1445 1536 1536 1550 1572 1586 1601 1632 1680 1688 1705 1696 1696 1696 1705 1705 1713 1713 1713 1713 1705 1705 1705 1705 1705 1696 1696 1688 1688 1688 1680 1680 1680 1680 1671 1663 1655 1655 1655 1655 1647 1647 1647 1639 1639 1639 1639 1624 1624 1624 1624 1624 1616 1616 1616 1609 1609 1616 0 0 0 0 0
0 0 0 0 0 0 0 0 0 0 0 0 0 0 0 0 0 0 938 938 940 951 951 984 989 992 998 998 992 989 989 989 989 989 989 1206 1210 1206 1202 1197 1197 1189 1185 1185 1185 1185 1185 1181 1181 1189 1193 1197 1202 1206 1206 1210 1214 1223 1227 1232 1236 1236 1245 1250 1255 1259 1264 1268 1273 1278 1283 1288 1292 1302 1307 1307 1312 1312 1322 1328 1333 1338 1349 1354 1354 1365 1370 1370 1376 1387 1392 1398 1398 1410 1415 1421 1427 1439 1439 1452 1458 1464 1464 1464 1464 2560 2541 2541 2541 2522 2503 2503 2503 2485 2485 2485 2467 2467 2467 2467 2467 2467 2467 2450 2450 2432 2415 2365 2317 2317 2333 2333 2317 2317 2317 2317 2317 2301 2301 2301 2301 2286 2241 2198 2198 2198 2184 2184 2184 2184 2184 2184 2184 2184 2184 2184 2184 2184 2184 2184 2184 2170 2170 2156 2156 2156 2156 2129 2129 2116 2065 2040 2016 2016 2005 2005 2005 2005 2005 2005 2005 2005 2005 2005 2016 2005 2005 2016 2016 2016 2016 2016 2016 2016 2016 2016 2016 2016 2005 2005 2005 2016 2016 2016 2016 2016 2016 2016 2005 2005 2005 1981 1926 1915 1904 1904 1894 1894 1894 1883 1883 1883 1883 1883 1904 1904 1915 1915 1926 1926 1915 1915 1853 1853 1843 1843 1843 1161 1161 1165 1165 1165 1165 1169 1177 1181 1193 1193 1483 1477 1464 1458 1445 1433 1433 1433 1433 1452 1550 1550 1557 1579 1594 1616 1632 1671 1696 1705 1705 1705 1705 1713 1713 1722 1713 1713 1713 1713 1713 1705 1705 1705 1696 1696 1688 1688 1688 1688 1680 1680 1680 1680 1671 1671 1663 1663 1655 1655 1647 1647 1647 1639 1639 1639 1624 1624 1624 1624 1624 1616 1616 1616 1609 1609 1609 0 0 0 0 0
0 0 0 0 0 0 0 0 0 0 0 0 0 0 0 0 0 0 938 938 940 951 951 992 992 995 998 1001 992 989 989 989 989 989 989 1206 1206 1206 1202 1202 1197 1193 1189 1189 1185 1185 1185 1185 1185 1189 1197 1202 1202 1206 1206 1210 1219 1223 1227 1232 1236 1241 1245 1250 1255 1259 1268 1273 1278 1278 1283 1288 1292 1302 1307 1307 1312 1312 1322 1328 1333 1343 1349 1354 1354 1365 1370 1370 1376 1387 1392 1398 1404 1415 1415 1421 1427 1439 1439 1452 1464 1464 1470 1470 2503 2503 2503 2522 2541 2522 2522 2503 2503 2503 2485 2485 2485 2485 2467 2467 2467 2467 2467 2450 2432 2432 2398 2365 2333 2333 2333 2317 2317 2317 2317 2317 2317 2317 2317 2317 2317 2286 2241 2198 2198 2198 2184 2184 2184 2184 2184 2184 2184 2184 2184 2184 2184 2184 2184 2184 2170 2170 2170 2156 2156 2156 2156 2129 2129 2116 2065 2040 2016 2016 2005 2005 2005 2005 2005 2005 2005 2005 2005 2005 2016 2016 2016 2016 2016 2028 2028 2016 2016 2016 2016 2016 2016 2016 2016 2016 2016 2016 2016 2016 2016 2016 2016 2016 2016 2005 2005 1970 1947 1915 1915 1904 1904 1904 1894 1894 1894 1904 1904 1904 1904 1915 1926 1926 1926 1926 1915 1915 1853 1853 1843 1843 1843 1161 1161 1165 1165 1165 1165 1169 1177 1181 1189 1189 1489 1483 1464 1458 1452 1439 1439 1439 1445 1458 1579 1572 1572 1594 1609 1624 1632 1647 1696 1705 1705 1705 1705 1713 1722 1722 1722 1713 1713 1713 1713 1713 1713 1713 1696 1696 1688 1688 1688 1688 1688 1680 1680 1680 1680 1671 1663 1663 1655 1655 1655 1647 1647 1639 1639 1639 1639 1632 1624 1624 1624 1616 1616 1616 1609 1609 1609 0 0 0 0 0
0 0 0 0 0 0 0 0 0 0 0 0 0 0 0 0 0 0 940 940 940 948 951 992 992 995 998 998 992 989 989 989 989 992 992 1206 1206 1206 1202 1202 1202 1197 1189 1189 1185 1185 1185 1185 1185 1193 1197 1202 1206 1210 1214 1219 1223 1223 1232 1236 1241 1245 1250 1255 1259 1268 1273 1273 1278 1278 1283 1288 1292 1307 1307 1312 1312 1317 1328 1333 1338 1349 1349 1354 1354 1365 1370 1376 1381 1392 1392 1398 1404 1415 1421 1421 1427 1439 1445 1452 1464 1464 1470 1470 2503 2503 2503 2522 2522 2522 2522 2503 2503 2503 2503 2485 2485 2485 2467 2467 2467 2450 2450 2450 2432 2432 2381 2365 2333 2317 2317 2317 2317 2317 2317 2317 2317 2317 2317 2317 2317 2286 2226 2198 2198 2198 2198 2184 2184 2184 2184 2184 2184 2184 2184 2184 2184 2184 2184 2184 2170 2170 2170 2156 2156 2156 2156 2129 2129 2116 2065 2040 2016 2005 2005 2005 2005 2005 2005 2005 2016 2016 2016 2016 2016 2016 2028 2028 2028 2028 2028 2016 2016 2016 2016 2016 2016 2016 2016 2016 2016 2016 2016 2016 2028 2028 2028 2016 2016 2005 2005 1970 1947 1926 1915 1904 1904 1904 1894 1894 1904 1904 1904 1915 1915 1915 1926 1926 1926 1926 1915 1915 1853 1853 1853 1853 1853 1165 1165 1165 1165 1165 1165 1169 1177 1185 1189 1189 1489 1489 1470 1464 1458 1445 1445 1445 1445 1586 1586 1586 1601 1616 1624 1632 1632 1647 1696 1705 1705 1705 1705 1713 1722 1739 1739 1731 1731 1722 1722 1722 1722 1722 1705 1705 1705 1705 1705 1688 1688 1688 1680 1680 1680 1680 1671 1663 1655 1655 1655 1655 1655 1647 1647 1647 1639 1639 1639 1639 1632 1624 1616 1616 1616 1616 1616 0 0 0 0 0
0 0 0 0 0 0 0 0 0 0 0 0 0 0 0 0 0 0 940 940 940 948 951 995 995 995 998 998 992 992 992 989 989 992 992 1206 1206 1206 1202 1202 1197 1197 1193 1189 1185 1185 1185 1185 1185 1193 1197 1202 1206 1210 1219 1219 1223 1227 1232 1236 1241 1245 1255 1259 1264 1268 1273 1278 1278 1283 1283 1292 1302 1307 1307 1312 1312 1322 1328 1333 1338 1349 1354 1354 1359 1370 1376 1381 1387 1392 1398 1398 1410 1415 1421 1427 1433 1439 1452 1458 1464 1464 1470 1470 2503 2503 2503 2522 2522 2522 2522 2503 2503 2503 2503 2503 2503 2485 2485 2467 2467 2450 2450 2450 2450 2432 2381 2349 2317 2317 2317 2317 2317 2317 2317 2317 2333 2333 2333 2317 2317 2286 2226 2212 2212 2212 2198 2198 2198 2198 2198 2198 2198 2198 2198 2198 2198 2184 2184 2184 2184 2170 2170 2170 2170 2156 2156 2156 2156 2116 2065 2040 2016 2005 2005 2005 2005 2005 2005 2016 2016 2016 2016 2016 2016 2028 2040 2040 2040 2028 2028 2016 2016 2016 2016 2016 2016 2016 2016 2016 2016 2016 2016 2016 2028 2028 2028 2016 2016 2005 2005 1970 1936 1926 1915 1915 1904 1904 1904 1904 1904 1904 1904 1915 1915 1915 1926 1926 1926 1926 1915 1915 1853 1853 1853 1853 1853 1165 1165 1165 1165 1165 1165 1173 1177 1185 1185 1185 1489 1489 1477 1470 1464 1452 1452 1452 1458 1483 1594 1594 1616 1624 1632 1639 1647 1647 1696 1705 1705 1705 1705 1713 1731 1739 1748 1748 1748 1739 1731 1731 1739 1739 1722 1722 1713 1705 1705 1688 1688 1688 1688 1688 1680 1680 1671 1663 1663 1663 1655 1655 1655 1655 1647 1647 1647 1639 1639 1639 1632 1624 1624 1624 1616 1616 1624 0 0 0 0 0
0 0 0 0 0 0 0 0 0 0 0 0 0 0 0 0 0 0 940 940 943 948 951 998 998 998 1001 998 992 992 992 992 992 992 992 1206 1206 1206 1202 1202 1197 1193 1193 1189 1185 1185 1185 1185 1185 1193 1202 1202 1206 1214 1219 1223 1223 1227 1232 1236 1241 1250 1255 1259 1264 1268 1273 1278 1278 1283 1288 1292 1302 1307 1307 1312 1317 1322 1328 1333 1338 1349 1354 1354 1359 1370 1376 1381 1392 1392 1398 1398 1410 1415 1421 1421 1427 1439 1452 1458 1464 1464 1470 1470 2503 2503 2503 2541 2522 2522 2522 2503 2503 2503 2503 2503 2503 2485 2485 2467 2467 2467 2467 2467 2450 2432 2365 2349 2317 2317 2317 2317 2317 2317 2317 2317 2333 2333 2333 2317 2301 2271 2226 2226 2226 2226 2212 2198 2198 2198 2198 2198 2198 2198 2198 2198 2198 2198 2184 2184 2184 2170 2170 2170 2170 2170 2156 2156 2156 2103 2065 2040 2016 2005 2005 2005 2005 2005 2005 2016 2016 2016 2016 2016 2016 2028 2040 2040 2040 2028 2028 2028 2028 2028 2028 2016 2016 2016 2016 2016 2016 2016 2016 2016 2028 2028 2028 2016 2016 2005 2005 1970 1926 1915 1915 1915 1904 1904 1904 1904 1904 1904 1904 1915 1915 1915 1926 1926 1926 1936 1915 1915 1853 1853 1853 1853 1165 1165 1165 1165 1165 1165 1165 1169 1177 1185 1185 1185 1185 1489 1489 1483 1477 1458 1458 1458 1464 1483 1586 1586 1609 1616 1624 1639 1705 1705 1713 1713 1713 1705 1705 1713 1731 1748 1757 1766 1757 1757 1748 1748 1748 1748 1731 1722 1722 1713 1713 1705 1696 1688 1688 1688 1680 1680 1671 1663 1655 1655 1663 1655 1655 1655 1647 1639 1639 1647 1639 1639 1632 1632 1632 1632 1624 1624 1624 0 0 0 0 0
0 0 0 0 0 0 0 0 0 0 0 0 0 0 0 0 0 0 940 940 943 948 951 954 1001 1001 1001 998 992 992 992 992 992 995 995 1206 1206 1206 1202 1202 1197 1193 1193 1189 1185 1185 1185 1185 1185 1197 1202 1202 1206 1214 1219 1223 1227 1232 1236 1236 1241 1250 1255 1259 1264 1273 1278 1278 1278 1283 1288 1292 1302 1312 1312 1317 1322 1328 1328 1333 1338 1349 1354 1359 1365 1370 1376 1387 1392 1392 1398 1404 1415 1415 1421 1421 1427 1439 1452 1464 1470 1470 1470 1470 2522 2522 2522 2541 2522 2522 2522 2503 2503 2503 2503 2503 2485 2485 2485 2485 2467 2467 2467 2467 2450 2432 2365 2349 2333 2333 2333 2333 2317 2317 2317 2317 2333 2333 2333 2317 2301 2271 2226 2226 2226 2226 2226 2212 2198 2198 2198 2198 2198 2198 2198 2198 2198 2198 2198 2198 2198 2170 2170 2170 2170 2170 2156 2143 2143 2103 2065 2040 2016 2005 2005 2005 2005 2005 2005 2016 2016 2016 2016 2016 2016 2028 2040 2040 2040 2028 2028 2028 2028 2028 2028 2028 2016 2016 2016 2016 2016 2016 2016 2016 2028 2028 2028 2016 2016 2016 2005 1970 1926 1915 1915 1915 1904 1904 1904 1904 1904 1904 1904 1915 1915 1915 1926 1926 1926 1936 1904 1904 1853 1853 1873 1873 1165 1165 1165 1165 1165 1165 1165 1169 1181 1189 1193 1193 0 1489 1489 1483 1483 1464 1464 1464 1477 1503 1586 1586 1601 1616 1624 1757 1739 1722 1713 1713 1713 1705 1705 1713 1731 1748 1757 1776 1757 1757 1748 1748 1748 1748 1731 1722 1713 1713 1713 1705 1696 1696 1688 1688 1680 1680 1663 1663 1655 1655 1663 1655 1655 1655 1647 1639 1639 1647 1639 1639 1632 1632 1639 1639 1632 1624 1624 0 0 0 0 0
0 0 0 0 0 0 0 0 0 0 0 0 0 0 0 0 0 0 940 940 946 951 951 954 1004 1004 1004 998 995 992 992 992 992 995 995 1206 1206 1206 1202 1202 1197 1193 1189 1189 1185 1185 1185 1185 1185 1197 1202 1206 1210 1219 1223 1223 1227 1232 1236 1236 1241 1250 1255 1259 1268 1273 1278 1278 1278 1283 1288 1292 1307 1312 1312 1317 1322 1328 1333 1333 1343 1349 1354 1359 1365 1370 1381 1387 1392 1392 1398 1404 1415 1415 1421 1421 1427 1439 1458 1464 1470 1470 1470 1470 2560 2560 2560 2560 2541 2541 2522 2522 2522 2503 2503 2503 2485 2485 2485 2485 2485 2467 2467 2467 2450 2415 2365 2349 2349 2333 2333 2333 2333 2333 2333 2333 2349 2333 2333 2317 2301 2256 2226 2226 2226 2226 2226 2212 2212 2212 2198 2198 2198 2198 2198 2198 2198 2198 2198 2198 2198 2170 2170 2170 2170 2170 2170 2143 2143 2103 2065 2040 2016 2016 2016 2016 2016 2016 2016 2016 2016 2016 2016 2016 2016 2028 2040 2040 2053 2040 2040 2040 2028 2028 2028 2028 2028 2028 2028 2028 2028 2028 2028 2028 2028 2028 2028 2016 2016 2016 2005 1981 1926 1915 1915 1915 1904 1904 1904 1904 1904 1915 1915 1915 1915 1915 1926 1926 1926 1936 1904 1863 1853 1853 1873 1873 1161 1161 1165 1169 1165 1165 1165 1173 1189 1193 1193 1193 0 1489 1489 1489 1489 1477 1477 1477 1483 1503 1586 1586 1601 1757 1757 1757 1748 1731 1722 1713 1713 1713 1713 1713 1731 1748 1766 1776 1757 1748 1731 1731 1748 1748 1731 1722 1713 1713 1713 1713 1705 1696 1688 1680 1680 1680 1663 1663 1663 1663 1663 1655 1655 1655 1647 1647 1647 1647 1639 1639 1632 1632 1639 1639 1639 1624 1624 0 0 0 0 0
0 0 0 0 0 0 0 0 0 0 0 0 0 0 0 0 0 0 943 943 946 951 951 956 1007 1007 1010 1007 995 995 992 992 995 998 998 1206 1206 1206 1202 1202 1197 1193 1189 1189 1189 1185 1185 1185 1189 1202 1202 1206 1210 1214 1219 1223 1227 1236 1236 1241 1250 1255 1255 1259 1268 1273 1278 1278 1278 1292 1292 1292 1307 1312 1312 1317 1328 1328 1333 1338 1343 1349 1354 1359 1370 1376 1381 1392 1392 1392 1398 1410 1415 1421 1421 1427 1433 1445 1458 1464 1470 1470 1477 1477 2560 2560 2560 2560 2541 2541 2522 2522 2522 2503 2503 2503 2503 2485 2485 2485 2485 2485 2467 2467 2450 2415 2365 2349 2349 2349 2349 2349 2333 2333 2333 2333 2349 2333 2333 2317 2286 2241 2226 2212 2212 2226 2226 2212 2212 2212 2212 2212 2198 2198 2198 2212 2198 2198 2198 2198 2198 2184 2170 2170 2170 2170 2170 2143 2143 2103 2053 2040 2028 2016 2016 2016 2016 2016 2016 2016 2016 2016 2016 2016 2028 2028 2040 2040 2040 2040 2040 2040 2040 2028 2028 2028 2028 2028 2028 2028 2028 2028 2028 2028 2040 2028 2028 2028 2016 2016 2005 1959 1926 1926 1915 1915 1904 1904 1904 1904 1915 1915 1915 1915 1926 1926 1926 1936 1936 1947 1894 1863 1863 1873 1873 1161 1161 1161 1165 1169 1165 1165 1165 1181 1193 1197 1197 0 0 1489 1489 1489 1489 1483 1483 1483 1496 1543 1564 1579 1601 1757 1757 1757 1748 1739 1722 1713 1713 1713 1713 1713 1731 1748 1776 1776 1757 1748 1731 1731 1748 1748 1731 1722 1713 1713 1713 1713 1705 1696 1688 1680 1680 1680 1671 1663 1663 1663 1663 1655 1655 1655 1655 1647 1647 1647 1647 1639 1639 1639 1639 1639 1639 1624 1624 0 0 0 0 0
0 0 0 0 0 0 0 0 0 0 0 0 0 0 0 0 0 0 940 940 946 948 954 959 1010 1010 1013 1016 998 995 992 992 995 998 1007 1206 1206 1206 1202 1202 1197 1193 1189 1189 1189 1185 1185 1189 1189 1202 1202 1206 1210 1214 1219 1223 1227 1236 1236 1241 1250 1255 1259 1264 1273 1278 1278 1278 1278 1278 1288 1288 1297 1328 1328 1328 1328 1333 1333 1338 1349 1354 1354 1365 1370 1376 1381 1392 1392 1398 1404 1415 1415 1421 1421 1427 1439 1445 1458 1464 1470 1470 1483 1483 2579 2560 2560 2560 2541 2541 2522 2522 2522 2503 2503 2503 2503 2485 2485 2485 2485 2485 2467 2467 2450 2415 2365 2365 2349 2349 2349 2349 2349 2349 2349 2349 2349 2349 2349 2317 2286 2241 2226 2212 2212 2226 2226 2226 2212 2212 2212 2212 2212 2212 2212 2212 2198 2198 2198 2198 2198 2184 2170 2170 2170 2170 2170 2143 2143 2078 2053 2040 2028 2028 2016 2016 2016 2016 2016 2016 2016 2028 2028 2028 2040 2040 2040 2040 2040 2040 2040 2040 2040 2040 2040 2028 2028 2028 2028 2028 2028 2028 2040 2040 2040 2040 2040 2028 2016 2005 2005 1959 1926 1926 1915 1915 1915 1915 1915 1915 1915 1915 1915 1926 1926 1926 1936 1947 1947 1947 1873 1873 1873 1873 1873 1161 1161 1161 1169 1169 1165 1165 1165 1185 1193 1197 1197 0 0 1489 1489 1489 1496 1489 1489 1509 1529 1543 1564 1579 1586 1757 1757 1757 1748 1739 1722 1713 1713 1713 1713 1713 1731 1766 1776 1776 1757 1757 1748 1748 1757 1757 1739 1731 1722 1713 1713 1713 1705 1696 1688 1688 1680 1680 1680 1671 1663 1663 1663 1655 1655 1655 1655 1647 1647 1647 1639 1639 1639 1639 1639 1639 1639 1639 1639 0 0 0 0 0
0 0 0 0 0 0 0 0 0 0 0 0 0 0 0 0 0 0 940 940 943 948 954 959 959 1013 1013 1019 1016 995 995 995 995 998 1007 1210 1206 1206 1206 1202 1197 1193 1189 1189 1189 1185 1185 1189 1189 1202 1202 1206 1210 1214 1219 1223 1227 1236 1236 1241 1250 1255 1259 1264 1273 1273 1278 1278 1278 1288 1288 1297 0 0 1317 1343 1343 1343 1343 1343 1349 1354 1354 1365 1370 1376 1381 1392 1392 1398 1404 1415 1415 1421 1427 1439 1439 1445 1458 1464 1470 1470 1470 2579 2579 2560 2560 2560 2560 2541 2522 2522 2522 2522 2503 2503 2503 2485 2485 2485 2485 2485 2467 2467 2450 2415 2381 2349 2349 2349 2349 2349 2349 2349 2349 2349 2349 2349 2349 2333 2301 2241 2226 2226 2226 2226 2226 2226 2212 2212 2212 2212 2226 2212 2212 2212 2212 2198 2198 2198 2198 2184 2184 2184 2170 2170 2170 2143 2143 2065 2053 2040 2028 2028 2028 2016 2016 2016 2016 2016 2016 2028 2040 2040 2040 2040 2053 2053 2040 2040 2040 2040 2040 2040 2040 2028 2028 2028 2028 2028 2028 2028 2040 2040 2040 2053 2053 2040 2028 2005 1993 1959 1936 1926 1915 1915 1915 1915 1915 1915 1915 1915 1915 1926 1926 1936 1947 1947 1947 1947 1873 1873 1873 1873 1873 1169 1169 1169 1173 1173 1169 1169 1173 1185 1193 1193 1193 0 1496 1489 1489 1489 1489 1496 1509 1516 1536 1550 1579 1586 1586 1757 1757 1757 1748 1739 1722 1722 1713 1713 1713 1722 1739 1776 1776 1776 1776 1766 1748 1748 1757 1757 1748 1739 1722 1722 1722 1713 1705 1688 1688 1688 1680 1680 1680 1680 1671 1663 1663 1655 1655 1655 1655 1655 1655 1647 1639 1639 1639 1639 1639 1639 1639 1639 1639 0 0 0 0 0
0 0 0 0 0 0 0 0 0 0 0 0 0 0 0 0 0 0 940 940 943 948 954 959 959 1016 1016 1025 1010 995 995 995 998 1004 1010 1016 1210 1206 1206 1202 1197 1193 1193 1193 1189 1189 1189 1189 1197 1202 1206 1210 1214 1214 1219 1223 1227 1236 1241 1241 1255 1255 1259 1264 1273 1273 1278 1283 1283 1288 1297 1297 1307 0 0 0 0 0 0 1349 1354 1376 1387 1387 1387 1381 1381 1392 1392 1398 1410 1415 1421 1427 1433 1439 1445 1445 1458 1464 1470 1477 1477 2560 2560 2560 2560 2560 2560 2541 2522 2522 2522 2522 2522 2503 2503 2503 2485 2485 2485 2485 2485 2467 2450 2432 2381 2349 2349 2349 2349 2349 2349 2349 2349 2349 2349 2349 2349 2333 2301 2256 2241 2226 2226 2226 2226 2226 2226 2212 2212 2212 2226 2212 2212 2212 2212 2212 2212 2198 2198 2184 2184 2184 2170 2170 2170 2143 2143 2065 2053 2053 2028 2028 2028 2016 2016 2016 2016 2016 2028 2028 2040 2040 2040 2053 2053 2053 2040 2040 2040 2040 2053 2040 2040 2028 2028 2028 2028 2028 2028 2028 2040 2040 2053 2053 2053 2040 2028 2016 1993 1959 1936 1926 1915 1915 1915 1915 1915 1915 1915 1915 1915 1926 1936 1936 1947 1959 1959 1959 1947 1873 1873 1873 1873 1173 1173 1173 1173 1173 1169 1169 1173 1185 1193 1193 1193 0 1496 1496 1489 1489 1489 1489 1489 1529 1543 1557 1579 1594 1766 1766 1757 1757 1757 1739 1722 1722 1713 1713 1722 1731 1766 1785 1785 1785 1785 1766 1766 1757 1757 1757 1748 1748 1731 1731 1722 1713 1705 1688 1688 1688 1680 1680 1688 1680 1680 1671 1663 1655 1655 1655 1655 1655 1655 1655 1647 1647 1655 1647 1647 1647 1647 1647 1647 0 0 0 0 0
0 0 0 0 0 0 0 0 0 0 0 0 0 0 0 0 0 0 940 940 943 948 954 959 959 964 1028 1028 1007 995 995 995 1001 1004 1010 1016 1210 1206 1206 1202 1197 1197 1193 1189 1189 1189 1189 1189 1197 1202 1206 1210 1214 1219 1219 1223 1232 1236 1241 1245 1255 1259 1264 1268 1273 1278 1278 1288 1288 1292 1297 1307 1307 1317 1317 1322 1328 1328 0 0 0 0 1376 1387 1387 1381 1381 1392 1392 1404 1410 1415 1421 1427 1439 1439 1445 1445 1464 1470 1470 1477 1477 2541 2541 2560 2560 2560 2560 2541 2522 2522 2522 2522 2522 2503 2503 2503 2485 2485 2485 2485 2485 2467 2467 2432 2381 2365 2349 2349 2349 2349 2349 2349 2349 2349 2349 2349 2349 2333 2301 2256 2241 2226 2226 2226 2226 2226 2226 2212 2212 2212 2226 2226 2226 2226 2226 2212 2212 2198 2198 2184 2184 2184 2170 2170 2170 2143 2143 2078 2053 2040 2028 2028 2028 2028 2016 2016 2016 2016 2028 2028 2040 2040 2040 2053 2053 2053 2053 2053 2053 2053 2053 2040 2040 2028 2028 2028 2040 2040 2040 2040 2040 2040 2053 2053 2053 2040 2028 2016 1993 1959 1947 1926 1926 1915 1915 1915 1915 1915 1915 1915 1915 1926 1936 1947 1959 1959 1959 1959 1947 1873 1873 1873 1873 1173 1173 1173 1173 1173 1173 1173 1173 1185 1189 1193 0 0 1496 1496 1489 1489 1489 1483 1483 1529 1557 1572 1594 1601 1776 1766 1766 1766 1757 1739 1722 1722 1722 1722 1722 1731 1766 1785 1785 1785 1785 1776 1766 1766 1757 1757 1748 1748 1739 1731 1722 1713 1705 1688 1688 1688 1688 1688 1688 1680 1680 1671 1671 1663 1655 1655 1655 1655 1647 1647 1647 1647 1655 1655 1655 1647 1647 1647 1647 0 0 0 0 0
0 0 0 0 0 0 0 0 0 0 0 0 0 0 0 0 0 0 940 940 943 948 954 959 962 964 1031 1031 1007 998 998 998 1001 1007 1010 1214 1210 1210 1206 1202 1197 1197 1193 1189 1189 1189 1189 1189 1197 1202 1206 1210 1219 1219 1223 1223 1232 1236 1241 1250 1255 1259 1264 1268 1273 1278 1278 1288 1288 1292 1297 1307 1317 1317 1317 1322 1328 1328 0 1349 1354 1359 1376 1376 1376 1387 1387 1392 1398 1404 1415 1415 1421 1427 1433 1439 1445 1445 1464 1470 1477 1477 1477 2541 2541 2560 2560 2560 2560 2560 2541 2541 2522 2522 2522 2503 2503 2503 2485 2485 2485 2485 2485 2467 2467 2432 2381 2365 2349 2349 2349 2349 2349 2349 2349 2349 2349 2349 2349 2333 2301 2271 2241 2241 2226 2226 2226 2226 2226 2212 2212 2212 2226 2226 2226 2226 2226 2212 2212 2198 2198 2184 2184 2170 2170 2170 2170 2143 2143 2078 2053 2040 2028 2028 2028 2028 2028 2016 2016 2016 2028 2028 2040 2040 2040 2053 2053 2053 2053 2053 2053 2053 2053 2053 2040 2028 2028 2028 2040 2040 2040 2040 2040 2040 2053 2053 2053 2040 2028 2016 1993 1959 1947 1926 1926 1915 1915 1915 1915 1915 1926 1926 1936 1936 1936 1947 1959 1959 1959 1959 1947 1873 1873 1873 1873 1177 1177 1177 1177 1173 1173 1173 1173 1181 1189 1193 1193 1766 1766 1489 1489 1489 1489 1477 1477 1477 1776 1776 1766 1766 1776 1776 1776 1776 1757 1739 1731 1722 1722 1722 1739 1757 1776 1785 1785 1785 1785 1776 1766 1766 1757 1757 1757 1748 1739 1731 1722 1713 1705 1688 1688 1688 1688 1688 1688 1680 1680 1680 1671 1663 1655 1655 1655 1647 1647 1647 1647 1647 1655 1655 1655 1655 1655 1647 1647 0 0 0 0 0
0 0 0 0 0 0 0 0 0 0 0 0 0 0 0 0 0 0 940 940 943 948 954 959 962 967 1031 1031 1031 1001 1001 1001 1004 1007 1010 1219 1210 1206 1206 1202 1202 1197 1197 1189 1189 1189 1189 1189 1197 1202 1206 1210 1219 1219 1223 1223 1232 1236 1241 1250 1255 1259 1264 1268 1273 1278 1283 1288 1292 1292 1297 1307 1317 1317 1317 1322 1328 1333 1338 1349 1354 1359 1370 1376 1376 1387 1387 1392 1398 1404 1415 1415 1421 1427 1433 1439 1445 1452 1464 1470 1477 1483 1483 2541 2541 2560 2560 2560 2560 2560 2541 2541 2522 2522 2522 2503 2503 2503 2485 2485 2485 2485 2485 2485 2467 2432 2381 2365 2349 2349 2349 2349 2349 2349 2349 2349 2349 2349 2349 2333 2301 2271 2241 2241 2226 2226 2226 2226 2226 2226 2226 2226 2226 2226 2226 2226 2226 2212 2212 2212 2212 2184 2184 2170 2170 2170 2170 2143 2143 2078 2053 2040 2028 2028 2028 2028 2028 2028 2028 2028 2028 2028 2040 2040 2053 2053 2053 2053 2053 2053 2053 2053 2053 2053 2040 2028 2028 2028 2040 2040 2040 2040 2040 2040 2053 2053 2053 2040 2028 2016 1993 1959 1947 1936 1936 1926 1926 1915 1915 1915 1926 1926 1936 1936 1936 1947 1959 1959 1959 1959 1947 1873 1873 1873 1873 1177 1177 1177 1177 1173 1173 1173 1173 1181 1189 1193 1193 1766 1766 1766 1766 1489 1489 1477 1477 1477 0 1757 1757 1766 1776 1776 1776 1785 1757 1739 1722 1722 1722 1722 1731 1757 1776 1785 1785 1785 1785 1776 1766 1766 1757 1757 1757 1748 1739 1731 1731 1713 1713 1696 1696 1688 1688 1688 1688 1680 1680 1680 1671 1663 1655 1655 1655 1647 1647 1647 1655 1655 1647 1647 1647 1647 1647 1647 1647 0 0 0 0 0
0 0 0 0 0 0 0 0 0 0 0 0 0 0 0 0 0 0 940 940 946 948 954 959 962 967 970 1031 1028 998 998 1001 1004 1007 1007 1219 1210 1206 1206 1202 1202 1197 1197 1189 1189 1189 1189 1189 1193 1202 1206 1210 1219 1219 1223 1223 1232 1236 1241 1250 1255 1259 1268 1273 1278 1278 1283 1288 1292 1297 1297 1307 1317 1317 1317 1322 1328 1333 1338 1349 1354 1359 1370 1376 1376 1387 1387 1392 1398 1410 1415 1421 1421 1427 1433 1439 1445 1458 1470 1470 1477 1483 1483 2541 2541 2560 2560 2560 2560 2560 2560 2541 2522 2522 2522 2503 2503 2503 2503 2485 2485 2485 2485 2485 2467 2432 2398 2365 2365 2349 2349 2349 2365 2365 2365 2349 2349 2349 2349 2333 2301 2271 2256 2241 2226 2226 2226 2226 2226 2226 2226 2226 2226 2226 2226 2226 2226 2226 2212 2212 2212 2198 2198 2198 2184 2170 2170 2143 2143 2065 2053 2053 2028 2028 2028 2028 2028 2028 2028 2028 2028 2040 2040 2053 2053 2053 2053 2053 2053 2053 2053 2053 2053 2053 2053 2040 2040 2040 2040 2040 2040 2040 2040 2040 2053 2053 2053 2040 2040 2005 2005 1959 1947 1936 1936 1926 1926 1915 1915 1926 1926 1926 1936 1936 1947 1947 1959 1959 1970 1959 1947 1883 1873 1873 1873 1181 1177 1177 1177 1177 1177 1177 1177 1185 1193 1193 1193 1766 1766 1766 1785 1794 0 1794 1794 1757 0 1757 1757 1766 1776 1776 1776 1785 1757 1731 1722 1722 1722 1722 1731 1757 1776 1785 1785 1785 1785 1776 1766 1766 1766 1757 1748 1739 1731 1731 1731 1713 1713 1705 1696 1688 1688 1688 1680 1680 1680 1671 1671 1663 1655 1655 1655 1655 1655 1647 1647 1655 1647 1647 1647 1647 1647 1647 1647 0 0 0 0 0
0 0 0 0 0 0 0 0 0 0 0 0 0 0 0 0 0 0 940 940 943 946 954 956 959 962 970 1031 1028 998 998 1001 1004 1007 1007 1010 1206 1206 1206 1202 1202 1202 1197 1189 1189 1189 1189 1189 1193 1202 1206 1210 1219 1219 1223 1227 1236 1236 1241 1241 1255 1259 1268 1273 1278 1278 1283 1292 1292 1297 1302 1307 1317 1317 1317 1322 1328 1333 1343 1349 1354 1359 1370 1376 1376 1387 1392 1398 1404 1410 1415 1421 1421 1427 1433 1439 1445 1458 1464 1470 1470 1483 1483 2541 2541 2560 2560 2579 2560 2560 2560 2560 2541 2522 2522 2503 2503 2503 2503 2485 2485 2485 2485 2485 2485 2450 2381 2365 2365 2365 2365 2365 2365 2365 2365 2349 2349 2349 2349 2333 2301 2271 2256 2241 2226 2226 2226 2226 2226 2226 2226 2226 2226 2226 2226 2226 2226 2226 2212 2212 2226 2212 2212 2198 2184 2170 2170 2143 2143 2065 2053 2053 2040 2028 2028 2028 2028 2028 2028 2028 2028 2040 2040 2053 2053 2053 2053 2053 2053 2053 2053 2053 2053 2053 2053 2053 2040 2040 2040 2040 2053 2053 2053 2053 2053 2053 2053 2053 2040 2005 2005 1959 1947 1936 1936 1926 1926 1926 1926 1926 1926 1926 1936 1947 1947 1959 1959 1959 1970 1959 1959 1883 1883 1883 1181 1181 1181 1177 1177 1177 1177 1177 1177 1185 1193 1193 1785 1776 1776 1776 1785 1794 0 0 0 0 0 1757 1757 1757 1766 1766 1776 1776 1748 1731 1722 1722 1722 1722 1731 1748 1776 1785 1785 1785 1785 1776 1766 1766 1766 1757 1748 1739 1731 1722 1722 1713 1713 1705 1705 1688 1688 1688 1680 1680 1680 1671 1671 1663 1663 1663 1655 1655 1655 1647 1647 1655 1655 1655 1655 1647 1647 1647 1647 0 0 0 0 0
0 0 0 0 0 0 0 0 0 0 0 0 0 0 0 0 0 0 940 940 943 946 951 954 956 962 1031 1031 1028 1007 1001 1001 1004 1007 1007 1010 1206 1206 1206 1206 1202 1197 1197 1193 1189 1189 1189 1189 1193 1202 1206 1210 1219 1219 1223 1232 1236 1241 1241 1241 1255 1259 1268 1273 1278 1283 1288 1292 1297 1297 1302 1307 1317 1322 1322 1328 1333 1338 1343 1349 1354 1359 1370 1370 1376 1387 1392 1398 1404 1410 1415 1421 1421 1433 1439 1439 1445 1458 1464 1470 1470 1470 2541 2541 2541 2560 2579 2579 2560 2560 2560 2560 2541 2522 2522 2503 2503 2503 2503 2503 2485 2485 2485 2485 2467 2432 2381 2365 2365 2365 2365 2365 2365 2365 2365 2365 2349 2349 2349 2333 2301 2271 2241 2241 2226 2226 2226 2226 2226 2226 2226 2226 2226 2226 2226 2226 2226 2226 2226 2226 2226 2212 2212 2198 2184 2184 2170 2143 2143 2065 2053 2053 2040 2028 2028 2028 2028 2028 2028 2028 2040 2040 2053 2053 2053 2053 2053 2053 2053 2065 2053 2053 2053 2053 2053 2053 2053 2053 2053 2053 2053 2053 2053 2053 2053 2053 2053 2053 2040 2005 2005 1959 1947 1947 1936 1926 1926 1926 1926 1926 1926 1936 1936 1947 1959 1959 1959 1959 1959 1959 1883 1883 1883 1883 1181 1181 1181 1181 1177 1177 1177 1177 1177 1189 1193 1193 1785 1785 1785 1785 1794 1794 0 0 0 0 0 1757 1757 1757 1766 1766 1776 1776 1748 1731 1722 1722 1722 1722 1731 1748 1776 1785 1785 1785 1785 1785 1785 1776 1766 1757 1757 1739 1731 1722 1722 1713 1713 1705 1705 1696 1696 1688 1688 1680 1680 1671 1671 1663 1663 1663 1663 1655 1655 1647 1647 1655 1655 1655 1655 1647 1647 1647 1647 0 0 0 0 0
0 0 0 0 0 0 0 0 0 0 0 0 0 0 0 0 0 0 943 943 943 946 951 951 956 1038 1034 1031 1031 1025 1004 1004 1007 1007 1013 1013 1202 1206 1206 1206 1202 1197 1197 1189 1189 1189 1189 1189 1197 1202 1206 1214 1219 1219 1223 1232 1236 1241 1241 1250 1259 1264 1268 1273 1278 1283 1288 1292 1297 1302 1302 1307 1317 1322 1322 1328 1333 1338 1349 1349 1354 1359 1370 1370 1376 1392 1398 1398 1410 1410 1415 1421 1421 1433 1439 1439 1445 1458 1464 1470 1470 1470 2541 2541 2541 2560 2579 2579 2579 2560 2560 2560 2541 2522 2522 2503 2503 2503 2503 2503 2485 2485 2485 2485 2467 2415 2381 2365 2365 2365 2365 2365 2365 2365 2349 2349 2365 2365 2349 2333 2301 2256 2241 2241 2241 2226 2226 2226 2226 2226 2226 2226 2226 2226 2226 2226 2226 2226 2226 2226 2226 2212 2212 2212 2198 2184 2170 2143 2143 2065 2053 2053 2040 2028 2028 2028 2028 2028 2028 2040 2040 2053 2053 2053 2053 2053 2053 2053 2065 2065 2053 2053 2053 2053 2053 2053 2053 2053 2053 2053 2053 2053 2053 2053 2053 2053 2053 2053 2040 1993 1993 1959 1947 1947 1936 1926 1926 1926 1926 1926 1936 1947 1947 1947 1959 1959 1959 1959 1959 1947 1883 1883 1883 1883 1181 1181 1181 1181 1177 1177 1177 1177 1181 1193 1206 1206 1785 1785 1785 1785 1794 1804 0 0 0 0 0 1776 1776 1776 1776 1776 1785 1776 1757 1731 1722 1722 1722 1722 1739 1776 1785 1794 1794 1785 1785 1785 1776 1776 1766 1757 1757 1739 1731 1722 1722 1713 1713 1705 1705 1696 1696 1696 1688 1688 1680 1680 1671 1663 1663 1663 1663 1655 1655 1647 1647 1655 1655 1655 1655 1655 1655 1655 1655 0 0 0 0 0
0 0 0 0 0 0 0 0 0 0 0 0 0 0 0 0 0 0 943 943 946 946 951 951 954 959 1034 1031 1031 1028 1004 1004 1007 1010 1016 1016 1202 1206 1206 1206 1202 1197 1197 1189 1189 1189 1189 1189 1197 1202 1206 1214 1219 1223 1227 1236 1241 1241 1245 1250 1259 1264 1268 1273 1278 1283 1288 1292 1297 1302 1307 1312 1322 1322 1322 1328 1333 1343 1349 1349 1354 1359 1370 1370 1376 1392 1398 1398 1410 1415 1415 1421 1421 1433 1439 1439 1445 1458 1464 1470 1470 1470 2541 2541 2541 2579 2579 2579 2560 2560 2560 2560 2541 2522 2522 2503 2503 2503 2503 2503 2503 2485 2485 2485 2467 2415 2381 2365 2365 2365 2365 2365 2365 2365 2349 2349 2365 2365 2365 2349 2301 2256 2241 2241 2241 2241 2226 2226 2226 2241 2226 2226 2226 2226 2226 2226 2226 2226 2226 2226 2226 2212 2212 2212 2198 2184 2184 2129 2116 2078 2053 2053 2040 2040 2028 2028 2028 2028 2028 2040 2040 2053 2053 2053 2053 2053 2053 2053 2065 2065 2065 2053 2053 2053 2053 2053 2053 2053 2053 2053 2053 2053 2053 2053 2065 2065 2065 2053 2040 1993 1993 1970 1959 1947 1936 1936 1926 1926 1926 1936 1936 1947 1947 1947 1959 1959 1959 1959 1959 1947 1894 1894 1894 1894 1181 1181 1181 1181 1181 1177 1177 1181 1181 1193 1206 1206 1794 1794 1794 1794 1794 1794 0 0 0 0 0 0 1776 1776 1776 1776 1785 1785 1757 1739 1731 1722 1722 1731 1748 1776 1785 1794 1794 1785 1785 1785 1776 1776 1776 1766 1757 1748 1731 1722 1722 1713 1713 1705 1705 1696 1696 1696 1688 1688 1688 1680 1680 1663 1663 1663 1663 1663 1655 1647 1647 1655 1663 1663 1655 1655 1655 1655 1655 0 0 0 0 0
0 0 0 0 0 0 0 0 0 0 0 0 0 0 0 0 0 0 943 943 946 946 951 951 954 959 1031 1031 1031 1013 1004 1004 1007 1010 1016 1022 1206 1210 1206 1206 1202 1197 1193 1189 1189 1189 1193 1197 1202 1206 1210 1214 1219 1223 1232 1236 1241 1241 1245 1255 1259 1264 1268 1273 1278 1278 1283 1292 1297 1302 1307 1312 1322 1328 1328 1333 1333 1343 1349 1354 1354 1359 1370 1370 1381 1392 1398 1398 1410 1415 1415 1421 1427 1433 1439 1445 1452 1458 1464 1470 1477 1477 2560 2560 2560 2579 2579 2560 2560 2560 2560 2560 2541 2541 2522 2522 2503 2503 2503 2503 2503 2485 2485 2485 2467 2432 2381 2365 2365 2365 2365 2365 2365 2365 2365 2365 2365 2365 2365 2349 2301 2256 2241 2241 2241 2241 2241 2241 2241 2241 2226 2226 2226 2226 2226 2226 2226 2226 2226 2226 2226 2198 2198 2212 2198 2198 2184 2129 2103 2065 2053 2053 2053 2053 2040 2040 2040 2028 2028 2040 2040 2053 2053 2053 2053 2053 2053 2053 2065 2065 2065 2065 2053 2053 2053 2053 2065 2053 2053 2053 2053 2053 2065 2065 2065 2065 2065 2053 2053 2016 1993 1970 1959 1947 1936 1936 1936 1926 1926 1936 1936 1947 1947 1959 1959 1959 1959 1959 1959 1936 1894 1894 1894 1894 1181 1181 1181 1181 1181 1181 1181 1181 1181 1197 1206 1206 1794 1794 1794 1794 1794 1794 0 0 0 0 0 0 1776 1776 1776 1785 1794 1785 1766 1739 1731 1731 1731 1739 1757 1785 1794 1794 1794 1785 1785 1785 1776 1776 1776 1766 1757 1748 1731 1722 1722 1713 1713 1713 1705 1696 1696 1696 1696 1688 1688 1680 1680 1663 1663 1663 1663 1663 1663 1655 1655 1655 1663 1655 1655 1655 1655 1655 1655 0 0 0 0 0
0 0 0 0 0 0 0 0 0 0 0 0 0 0 0 0 0 0 943 943 946 946 948 951 956 959 1031 1031 1031 1013 1004 1004 1007 1007 1013 1214 1214 1210 1206 1206 1202 1202 1193 1189 1189 1189 1193 1202 1202 1210 1214 1219 1223 1227 1232 1236 1241 1245 1250 1259 1259 1268 1273 1273 1278 1278 1283 1292 1297 1302 1307 1312 1322 1328 1328 1333 1338 1343 1349 1354 1359 1365 1370 1376 1381 1392 1398 1404 1410 1415 1421 1427 1433 1439 1439 1445 1452 1458 1470 1470 1477 1477 2560 2560 2560 2579 2579 2560 2560 2560 2560 2560 2560 2541 2522 2522 2503 2503 2503 2503 2485 2485 2485 2485 2485 2450 2381 2365 2365 2365 2365 2365 2365 2365 2365 2365 2365 2365 2365 2349 2317 2271 2241 2241 2241 2241 2241 2241 2241 2241 2226 2226 2226 2226 2226 2226 2226 2226 2226 2226 2226 2198 2198 2212 2212 2212 2184 2156 2090 2065 2053 2053 2053 2053 2040 2040 2040 2040 2040 2053 2053 2053 2053 2053 2065 2065 2065 2065 2065 2065 2065 2065 2065 2065 2065 2065 2065 2065 2065 2065 2065 2065 2065 2065 2065 2065 2065 2053 2040 2028 2028 1970 1959 1959 1936 1936 1936 1936 1936 1936 1936 1947 1947 1959 1959 1970 1970 1970 1970 1936 1904 1904 1904 1904 1181 1181 1181 1181 1181 1181 1181 1181 1181 1202 1206 1206 1804 1794 1794 1794 1785 1785 1785 0 0 0 0 0 0 1785 1785 1785 1785 1776 1766 1739 1731 1731 1731 1731 1757 1785 1794 1794 1794 1794 1785 1785 1776 1776 1776 1766 1757 1748 1739 1722 1722 1722 1722 1713 1705 1696 1696 1688 1688 1688 1688 1680 1680 1671 1671 1671 1671 1663 1663 1655 1655 1663 1663 1655 1655 1655 1655 1655 1655 0 0 0 0 0
0 0 0 0 0 0 0 0 0 0 0 0 0 0 0 0 0 0 943 943 946 948 948 954 956 959 1031 1031 1031 1022 1004 1004 1007 1007 1010 1214 1214 1214 1210 1206 1202 1202 1197 1193 1193 1193 1197 1202 1206 1210 1214 1219 1223 1227 1232 1236 1241 1245 1250 1259 1264 1268 1273 1278 1278 1278 1288 1292 1297 1302 1307 1312 1322 1333 1333 1333 1338 1343 1354 1359 1359 1365 1370 1376 1381 1392 1398 1404 1410 1415 1421 1421 1433 1439 1439 1445 1452 1458 1470 1477 1477 1477 2560 2560 2560 2579 2579 2560 2560 2560 2560 2560 2560 2541 2541 2522 2503 2503 2503 2485 2485 2485 2485 2485 2485 2450 2381 2365 2365 2365 2365 2365 2365 2365 2365 2365 2365 2365 2349 2349 2333 2271 2256 2241 2241 2241 2241 2241 2241 2241 2226 2226 2226 2226 2226 2226 2226 2226 2226 2226 2226 2198 2198 2198 2212 2212 2184 2156 2078 2065 2053 2053 2053 2040 2040 2040 2053 2053 2053 2053 2053 2053 2053 2053 2065 2065 2065 2065 2065 2065 2065 2065 2065 2065 2065 2065 2065 2065 2065 2065 2065 2065 2065 2065 2065 2065 2065 2053 2040 2028 2028 1959 1959 1959 1947 1947 1936 1936 1936 1936 1947 1947 1959 1959 1970 1970 1970 1970 1970 1947 1926 1915 1915 1915 1193 1185 1185 1181 1181 1181 1181 1181 1185 1202 1206 1206 1804 1794 1794 1794 1785 1785 1785 0 0 0 0 0 0 1785 1785 1785 1785 1766 1757 1731 1731 1731 1731 1731 1757 1785 1794 1794 1794 1794 1785 1785 1785 1785 1785 1776 1757 1748 1739 1731 1722 1722 1722 1713 1705 1696 1688 1688 1688 1688 1688 1680 1680 1671 1671 1671 1671 1663 1655 1655 1663 1663 1663 1655 1655 1655 1655 1655 1655 0 0 0 0 0
0 0 0 0 0 0 0 0 0 0 0 0 0 0 0 0 0 0 943 943 946 948 948 954 956 959 1034 1031 1031 1007 1007 1007 1007 1007 1010 1219 1219 1214 1210 1206 1202 1202 1197 1193 1193 1193 1197 1202 1206 1210 1214 1219 1223 1227 1232 1236 1241 1245 1250 1259 1264 1268 1273 1278 1278 1283 1288 1292 1297 1302 1307 1312 1322 1333 1333 1333 1338 1343 1354 1354 1359 1365 1370 1376 1381 1392 1398 1404 1410 1415 1421 1421 1433 1439 1445 1445 1452 1464 1470 1477 1477 1477 2560 2560 2560 2579 2579 2560 2560 2560 2560 2560 2560 2541 2541 2522 2503 2503 2503 2485 2485 2485 2485 2485 2467 2450 2381 2365 2365 2365 2365 2365 2365 2365 2365 2365 2365 2365 2349 2333 2317 2271 2241 2241 2241 2241 2241 2241 2241 2241 2241 2226 2226 2226 2226 2226 2226 2226 2226 2226 2226 2198 2198 2198 2212 2212 2184 2170 2078 2065 2053 2053 2053 2040 2040 2040 2053 2053 2053 2053 2053 2053 2053 2065 2065 2065 2065 2065 2065 2065 2065 2065 2065 2065 2065 2065 2065 2065 2065 2065 2065 2065 2065 2065 2065 2065 2065 2053 2040 2005 2005 1959 1959 1959 1959 1947 1947 1947 1947 1947 1959 1959 1959 1970 1970 1970 1970 1970 1981 1947 1904 1904 1904 1193 1193 1189 1185 1181 1181 1181 1181 1181 1185 1202 1206 1206 1804 1794 1794 1794 1785 1785 1785 0 0 0 0 0 0 1785 1785 1785 1785 1766 1748 1731 1731 1731 1731 1731 1757 1794 1804 1794 1794 1794 1785 1785 1785 1785 1776 1766 1757 1748 1739 1731 1722 1722 1722 1713 1705 1696 1688 1688 1688 1688 1688 1680 1680 1671 1671 1671 1671 1655 1655 1655 1655 1663 1663 1655 1655 1655 1655 1655 1655 0 0 0 0 0
0 0 0 0 0 0 0 0 0 0 0 0 0 0 0 0 0 0 943 943 946 948 948 954 956 959 959 1031 1031 1007 1007 1007 1007 1007 1010 1241 1223 1219 1210 1210 1202 1202 1197 1193 1193 1197 1202 1206 1206 1210 1214 1219 1223 1227 1232 1236 1241 1245 1250 1259 1264 1268 1273 1278 1278 1283 1292 1292 1297 1302 1307 1312 1328 1333 1333 1333 1343 1349 1354 1354 1359 1365 1370 1376 1381 1392 1398 1410 1415 1415 1421 1427 1433 1439 1439 1445 1452 1464 1470 1477 1489 1489 2541 2541 2560 2579 2579 2579 2560 2560 2560 2560 2560 2541 2541 2522 2522 2503 2503 2503 2503 2503 2485 2485 2467 2432 2398 2381 2365 2365 2365 2365 2365 2365 2365 2365 2365 2365 2349 2333 2301 2271 2241 2241 2241 2241 2241 2241 2241 2241 2241 2241 2241 2241 2226 2226 2226 2226 2226 2226 2226 2212 2212 2212 2212 2198 2170 2156 2078 2065 2053 2053 2053 2040 2040 2040 2053 2053 2053 2053 2053 2053 2053 2065 2065 2065 2065 2065 2065 2065 2065 2065 2065 2065 2065 2065 2065 2065 2065 2065 2065 2065 2065 2065 2065 2065 2065 2053 2040 2005 2005 1970 1959 1959 1959 1947 1947 1947 1947 1947 1959 1959 1959 1970 1970 1970 1970 1981 1981 1947 1904 1904 1904 1193 1193 1189 1185 1181 1181 1181 1181 1181 1185 1202 1202 1794 1794 1794 1794 1794 1794 1794 1794 0 0 0 0 0 0 1785 1785 1785 1776 1766 1748 1731 1731 1731 1731 1731 1766 1804 1804 1804 1794 1794 1785 1785 1785 1785 1776 1766 1757 1748 1739 1731 1731 1731 1722 1713 1705 1696 1696 1688 1688 1688 1688 1680 1680 1671 1671 1671 1671 1655 1655 1655 1655 1663 1663 1663 1655 1655 1655 1655 1655 0 0 0 0 0
0 0 0 0 0 0 0 0 0 0 0 0 0 0 0 0 0 0 946 946 948 948 948 954 956 959 959 1031 1031 1010 1007 1007 1007 1010 1019 1025 1227 1214 1210 1206 1206 1202 1197 1197 1197 1197 1202 1206 1206 1210 1214 1219 1223 1227 1232 1236 1241 1245 1250 1259 1264 1268 1278 1278 1283 1288 1292 1297 1297 1302 1307 1312 1328 1333 1333 1333 1343 1349 1354 1354 1359 1370 1376 1376 1381 1392 1398 1410 1415 1415 1421 1427 1433 1439 1439 1445 1458 1464 1477 1483 1489 1489 2541 2541 2560 2579 2579 2579 2560 2560 2560 2560 2560 2541 2522 2522 2522 2522 2522 2503 2503 2503 2503 2485 2467 2432 2398 2381 2365 2365 2365 2381 2365 2365 2365 2365 2365 2365 2349 2333 2301 2271 2241 2241 2241 2241 2241 2241 2241 2241 2241 2241 2241 2241 2226 2226 2241 2226 2226 2226 2226 2212 2212 2198 2198 2198 2170 2143 2078 2065 2053 2053 2053 2040 2040 2040 2053 2053 2053 2053 2065 2065 2065 2065 2065 2065 2065 2065 2065 2065 2065 2065 2065 2065 2065 2065 2065 2065 2065 2065 2065 2065 2065 2065 2065 2065 2065 2053 2040 2005 2005 1970 1959 1959 1959 1959 1959 1959 1947 1947 1959 1959 1970 1970 1970 1970 1970 1981 1981 1947 1915 1915 1915 1189 1189 1189 1189 1185 1181 1181 1181 1185 1189 1202 1210 1210 1794 1794 1794 1794 1794 1794 1794 0 0 0 0 0 0 1785 1785 1785 1776 1766 1748 1731 1731 1731 1731 1748 1785 1804 1813 1804 1794 1785 1785 1785 1785 1785 1776 1766 1757 1748 1748 1739 1731 1731 1722 1713 1705 1696 1696 1688 1688 1688 1688 1680 1671 1671 1671 1671 1663 1663 1663 1663 1663 1663 1663 1663 1655 1655 1655 1655 1655 0 0 0 0 0
0 0 0 0 0 0 0 0 0 0 0 0 0 0 0 0 0 0 946 946 946 948 948 954 956 959 959 1031 1031 1010 1007 1007 1010 1016 1019 1025 1025 1210 1210 1206 1206 1202 1197 1197 1197 1202 1202 1206 1210 1214 1219 1219 1223 1227 1236 1236 1241 1245 1250 1259 1264 1268 1278 1278 1278 1288 1292 1297 1297 1302 1307 1312 1328 1333 1333 1333 1343 1349 1354 1354 1359 1370 1376 1376 1381 1392 1398 1410 1415 1415 1421 1433 1439 1439 1445 1452 1458 1464 1483 1483 1496 1496 2560 2560 2560 2579 2579 2579 2560 2560 2560 2560 2560 2541 2522 2522 2522 2522 2522 2503 2503 2503 2503 2485 2467 2432 2381 2365 2365 2365 2365 2365 2365 2365 2365 2365 2365 2365 2365 2333 2286 2271 2241 2241 2241 2241 2241 2241 2241 2241 2241 2241 2241 2241 2241 2241 2241 2241 2226 2226 2226 2212 2212 2198 2198 2198 2170 2116 2065 2065 2053 2053 2053 2053 2053 2053 2053 2053 2053 2053 2065 2065 2065 2065 2065 2065 2065 2065 2065 2078 2078 2065 2065 2065 2065 2065 2065 2065 2065 2065 2065 2065 2065 2065 2078 2065 2065 2053 2040 2016 2016 1970 1959 1959 1959 1959 1959 1959 1959 1959 1959 1959 1970 1970 1970 1970 1970 1981 1981 1959 1947 1947 1947 1185 1185 1185 1189 1185 1181 1181 1181 1185 1189 1206 1210 1794 1794 1794 1794 1794 1794 1794 1776 1776 0 0 0 0 0 1785 1785 1785 1785 1776 1748 1731 1731 1731 1739 1748 1785 1804 1813 1804 1794 1785 1785 1785 1785 1785 1776 1766 1757 1757 1748 1739 1731 1731 1722 1713 1705 1696 1688 1688 1688 1688 1688 1680 1671 1671 1671 1671 1663 1663 1663 1663 1663 1663 1663 1663 1655 1655 1655 1655 1655 0 0 0 0 0
0 0 0 0 0 0 0 0 0 0 0 0 0 0 0 0 0 0 946 946 946 948 948 954 956 959 959 1031 1028 1016 1007 1007 1010 1010 1016 1016 1206 1206 1206 1206 1206 1202 1197 1197 1197 1202 1202 1206 1210 1214 1219 1223 1223 1232 1236 1241 1241 1245 1250 1259 1268 1273 1278 1278 1278 1292 1292 1297 1302 1307 1312 1312 1322 1333 1333 1338 1349 1354 1354 1359 1365 1370 1376 1381 1387 1392 1404 1410 1415 1421 1427 1433 1439 1439 1445 1452 1464 1464 1483 1483 1496 1496 2560 2560 2560 2579 2579 2579 2579 2560 2560 2560 2560 2541 2522 2522 2522 2522 2522 2522 2503 2503 2503 2503 2485 2415 2381 2365 2365 2365 2365 2365 2365 2365 2365 2365 2365 2365 2365 2333 2286 2271 2241 2241 2241 2241 2241 2241 2241 2241 2241 2241 2241 2241 2241 2241 2241 2241 2226 2226 2226 2212 2212 2198 2198 2198 2170 2065 2065 2065 2065 2065 2053 2053 2053 2053 2053 2053 2053 2053 2065 2065 2065 2065 2065 2065 2065 2065 2065 2078 2078 2065 2065 2065 2065 2065 2065 2065 2065 2065 2065 2078 2078 2078 2078 2065 2065 2053 2040 2016 2016 1970 1959 1959 1959 1947 1947 1959 1959 1959 1959 1959 1970 1970 1970 1970 1970 1993 1981 1959 1947 1904 1904 1904 1185 1185 1189 1185 1181 1181 1181 1185 1189 1206 1210 1794 1794 1794 1804 1794 1794 1794 1776 1776 0 0 0 0 0 1785 1785 1794 1785 1757 1748 1739 1739 1739 1739 1757 1785 1794 1804 1804 1794 1794 1794 1785 1785 1785 1776 1766 1757 1757 1748 1748 1739 1739 1731 1722 1713 1696 1688 1688 1688 1680 1680 1688 1671 1671 1671 1671 1663 1663 1663 1663 1663 1663 1663 1663 1663 1655 1655 1655 1655 0 0 0 0 0
0 0 0 0 0 0 0 0 0 0 0 0 0 0 0 0 0 0 943 943 946 948 948 954 956 959 959 1031 1028 1019 1007 1007 1010 1010 1016 1016 1206 1206 1206 1206 1206 1202 1197 1197 1197 1197 1202 1206 1210 1214 1223 1223 1223 1232 1236 1241 1241 1245 1250 1259 1268 1273 1278 1278 1278 1292 1292 1302 1302 1307 1312 1317 1322 1333 1333 1338 1349 1354 1354 1359 1365 1370 1376 1381 1387 1392 1404 1410 1415 1421 1427 1433 1439 1439 1445 1452 1464 1470 1477 1483 1489 1489 2560 2560 2560 2560 2560 2560 2579 2579 2560 2560 2560 2541 2541 2541 2522 2522 2541 2522 2503 2503 2503 2503 2485 2415 2365 2365 2381 2365 2365 2381 2365 2365 2365 2365 2365 2381 2365 2333 2286 2271 2241 2241 2241 2241 2241 2241 2241 2241 2241 2241 2241 2241 2241 2241 2241 2241 2226 2226 2226 2212 2212 2198 2198 2198 2198 2065 2065 2065 2065 2065 2053 2053 2053 2053 2053 2053 2053 2053 2065 2065 2065 2065 2065 2065 2065 2065 2078 2078 2078 2065 2065 2065 2065 2065 2065 2065 2065 2078 2078 2078 2078 2078 2078 2065 2065 2065 2040 2005 2005 1970 1959 1959 1959 1947 1947 1959 1959 1959 1959 1959 1970 1970 1970 1981 1981 1993 1981 1959 1936 1904 1904 1904 1189 1189 1189 1185 1185 1185 1185 1185 1202 1206 1214 1794 1794 1804 1804 1794 1794 1794 1776 1776 1794 0 0 0 0 1794 1794 1794 1785 1757 1748 1739 1739 1739 1739 1757 1785 1794 1804 1804 1804 1794 1794 1794 1785 1785 1776 1766 1757 1757 1748 1748 1739 1731 1731 1722 1713 1705 1688 1688 1688 1680 1680 1680 1671 1671 1671 1663 1663 1671 1671 1663 1663 1663 1663 1671 1663 1655 1655 1655 1655 0 0 0 0 0
0 0 0 0 0 0 0 0 0 0 0 0 0 0 0 0 0 0 943 943 946 948 951 954 956 959 959 1031 1022 1016 1010 1010 1010 1013 1019 1019 1206 1206 1206 1206 1206 1202 1197 1193 1193 1197 1202 1206 1210 1219 1223 1223 1227 1232 1236 1241 1245 1250 1255 1259 1268 1273 1278 1278 1283 1292 1297 1302 1307 1312 1312 1317 1322 1333 1333 1338 1349 1354 1354 1359 1365 1370 1376 1381 1387 1392 1404 1410 1415 1421 1427 1433 1439 1439 1445 1452 1464 1464 1477 1483 1489 1489 2560 2560 2560 2560 2560 2560 2560 2560 2560 2560 2560 2541 2541 2541 2541 2541 2522 2522 2503 2503 2503 2503 2467 2365 2365 2365 2381 2381 2381 2381 2365 2365 2365 2365 2365 2365 2365 2333 2271 2256 2241 2241 2241 2241 2241 2241 2241 2241 2241 2241 2241 2241 2241 2241 2241 2241 2241 2241 2226 2212 2212 2212 2212 2198 2198 2078 2065 2065 2065 2065 2053 2053 2053 2053 2053 2053 2053 2053 2053 2053 2065 2065 2065 2065 2065 2078 2078 2078 2078 2065 2065 2065 2065 2065 2065 2065 2078 2078 2078 2078 2078 2078 2078 2078 2065 2065 2040 2005 2005 1970 1970 1959 1959 1959 1959 1959 1959 1959 1959 1959 1970 1970 1970 1981 1981 1993 1981 1947 1926 1915 1915 1915 1193 1193 1189 1185 1185 1185 1185 1185 1202 1214 1219 1804 1804 1804 1804 1794 1794 1794 1785 1785 1785 0 0 0 0 1794 1794 1794 1785 1766 1748 1748 1748 1739 1739 1757 1785 1794 1804 1804 1804 1794 1794 1794 1794 1785 1785 1376 1376 1748 1748 1748 1739 1731 1731 1722 1713 1705 1688 1688 1688 1680 1680 1680 1671 1671 1671 1663 1663 1671 1671 1671 1663 1663 1663 1671 1671 1663 1663 1655 1655 0 0 0 0 0
0 0 0 0 0 0 0 0 0 0 0 0 0 0 0 0 0 0 943 943 946 948 948 956 959 959 959 1028 1022 1016 1013 1010 1010 1016 1019 1019 1206 1206 1206 1206 1206 1202 1197 1193 1193 1197 1202 1206 1210 1219 1223 1223 1232 1236 1236 1241 1245 1250 1255 1259 1268 1273 1278 1278 1288 1292 1297 1302 1307 1312 1317 1317 1328 1333 1333 1338 1349 1354 1354 1359 1365 1370 1376 1381 1387 1392 1404 1410 1415 1421 1421 1433 1439 1439 1445 1452 1464 1464 1477 1483 1489 1489 2579 2579 2579 2579 2579 2560 2560 2560 2560 2560 2560 2560 2560 2541 2522 2522 2522 2522 2503 2503 2503 2485 2432 2365 2365 2365 2381 2381 2381 2381 2365 2365 2365 2365 2365 2365 2365 2317 2271 2256 2241 2241 2241 2241 2241 2241 2241 2241 2241 2241 2241 2241 2241 2241 2241 2241 2241 2241 2241 2212 2212 2212 2212 2212 2212 2078 2065 2065 2065 2065 2053 2053 2053 2053 2053 2053 2053 2053 2053 2053 2065 2065 2065 2065 2078 2078 2078 2078 2078 2078 2078 2078 2065 2065 2078 2078 2078 2090 2078 2078 2090 2090 2090 2078 2065 2065 2040 2005 2005 1970 1970 1959 1959 1959 1959 1959 1959 1959 1959 1959 1970 1970 1981 1981 1993 1993 1993 1947 1915 1904 1904 1904 1193 1193 1189 1189 1185 1185 1189 1189 1202 1223 1223 1823 1813 1804 1804 1804 1794 1794 1785 1776 1776 0 0 0 1804 0 1804 1804 1785 1757 1748 1748 1748 1748 1748 1785 1439 1433 1427 1427 1410 1404 1398 1392 1387 1381 1381 1370 1365 1365 1359 1359 1359 1359 1359 1359 1338 1333 1333 1328 1312 1312 1312 1317 1317 1322 1671 1663 1663 1671 1307 1307 1307 1322 1322 1671 1671 1655 1655 1655 1655 0 0 0 0 0
0 0 0 0 0 0 0 0 0 0 0 0 0 0 0 0 0 0 943 943 946 948 948 956 959 959 959 1028 1025 1019 1013 1010 1010 1016 1019 1025 1210 1206 1206 1206 1206 1202 1197 1197 1197 1197 1202 1206 1214 1219 1223 1227 1232 1236 1236 1241 1250 1255 1255 1264 1273 1278 1278 1283 1288 1292 1297 1302 1312 1312 1317 1322 1333 1333 1333 1338 1349 1354 1354 1359 1365 1376 1376 1381 1387 1392 1404 1415 1421 1421 1421 1433 1439 1445 1445 1458 1464 1470 1477 1483 1489 1489 2560 2560 2579 2560 2560 2560 2560 2560 2560 2560 2560 2560 2560 2541 2522 2522 2522 2503 2503 2503 2503 2485 2432 2381 2381 2365 2365 2365 2365 2381 2381 2381 2365 2365 2365 2365 2365 2301 2256 2241 2241 2241 2241 2241 2241 2241 2241 2241 2241 2241 2241 2241 2241 2241 2241 2241 2241 2241 2241 2226 2212 2212 2212 2198 2170 2078 2065 2065 2065 2065 2053 2053 2053 2053 2053 2053 2053 2065 2065 2065 2065 2065 2065 2065 2078 2078 2078 2078 2078 2078 2078 2078 2078 2078 2078 2078 2078 2078 2078 2078 2090 2090 2090 2078 2065 2065 2040 2005 1993 1970 1970 1959 1959 1959 1959 1959 1959 1959 1959 1959 1970 1981 1993 1993 2005 1993 1993 1959 1915 1904 1904 1904 1193 1193 1193 1189 1189 1189 1189 1189 1197 1197 1833 1833 1813 1804 1804 1804 1794 1794 1785 1776 1776 0 0 0 0 0 1794 1794 1509 1509 1748 1748 1445 1445 1439 1433 1433 1427 1421 1421 1404 1392 1392 1387 1381 1381 1376 1370 1365 1359 1359 1359 1354 1349 1343 1343 1338 1333 1333 1328 1312 1312 1312 1317 1317 1317 1317 1312 1302 1302 1302 1307 1307 1312 1307 1302 1302 1302 1647 1647 0 0 0 0 0 0
0 0 0 0 0 0 0 0 0 0 0 0 0 0 0 0 0 0 946 946 948 948 951 956 959 962 964 1031 1022 1019 1016 1013 1013 1016 1019 1025 1028 1210 1210 1206 1206 1202 1202 1197 1197 1197 1202 1206 1214 1219 1223 1227 1236 1236 1241 1245 1250 1255 1259 1264 1273 1278 1278 1283 1292 1297 1297 1307 1312 1312 1317 1322 1333 1333 1333 1343 1349 1354 1354 1359 1370 1376 1376 1387 1392 1398 1410 1415 1421 1421 1427 1433 1439 1445 1452 1458 1464 1470 1477 1489 1489 1489 2560 2560 2579 2560 2560 2560 2560 2560 2560 2560 2560 2560 2560 2541 2522 2522 2522 2503 2503 2503 2503 2485 2432 2398 2381 2365 2365 2365 2365 2365 2365 2381 2381 2365 2365 2365 2365 2301 2256 2241 2241 2241 2241 2241 2241 2241 2241 2241 2241 2241 2241 2241 2241 2241 2241 2241 2241 2241 2241 2226 2212 2212 2198 2198 2170 2116 2078 2065 2065 2065 2053 2053 2053 2053 2053 2053 2065 2065 2065 2065 2065 2065 2065 2065 2078 2078 2078 2078 2078 2078 2078 2078 2078 2078 2078 2078 2078 2078 2090 2090 2090 2090 2090 2090 2078 2065 2040 2005 1993 1970 1970 1959 1959 1970 1959 1959 1959 1959 1959 1970 1981 1993 1993 2005 2005 1993 1993 1970 1936 1904 1904 1904 1193 1193 1193 1189 1185 1185 1189 1193 1197 1197 1833 1833 1823 1813 1804 1804 1794 1794 1785 1757 1757 0 1483 1483 0 0 1794 1794 1503 1503 1452 1445 1445 1439 1433 1427 1427 1421 1415 1410 1398 1392 1387 1387 1381 1376 1370 1365 1359 1359 1359 1354 1354 1349 1343 1338 1338 1338 1333 1328 1322 1322 1322 1317 1317 1312 1302 1302 1302 1302 1302 1302 1302 1302 1297 1297 1297 1297 1647 1647 0 0 0 0 0 0
0 0 0 0 0 0 0 0 0 0 0 0 0 0 0 0 0 0 946 946 948 948 951 956 959 962 964 967 1022 1019 1016 1013 1013 1019 1022 1028 1028 1206 1206 1206 1206 1206 1202 1202 1202 1202 1206 1206 1214 1219 1223 1227 1236 1241 1241 1245 1255 1255 1259 1268 1273 1278 1278 1288 1292 1297 1297 1307 1312 1312 1317 1328 1333 1338 1338 1343 1349 1354 1359 1365 1370 1376 1376 1387 1392 1398 1410 1415 1421 1421 1427 1439 1445 1445 1452 1458 1464 1470 1483 1489 1489 2560 2560 2560 2579 2579 2579 2560 2560 2560 2560 2560 2560 2560 2541 2541 2522 2522 2522 2503 2503 2503 2485 2485 2432 2398 2381 2365 2365 2365 2365 2365 2365 2381 2381 2381 2381 2365 2365 2301 2256 2241 2241 2241 2241 2241 2241 2241 2241 2241 2241 2241 2241 2241 2241 2241 2241 2241 2241 2241 2241 2226 2212 2212 2198 2198 2170 2103 2078 2065 2065 2065 2053 2053 2053 2053 2065 2065 2065 2065 2065 2065 2065 2065 2065 2065 2078 2078 2078 2090 2090 2090 2078 2078 2078 2078 2078 2078 2078 2078 2090 2090 2103 2103 2090 2090 2078 2065 2040 2016 1993 1970 1970 1970 1970 1970 1959 1959 1959 1959 1959 1959 1970 1993 2005 2005 2005 2005 1993 1970 1970 1970 1959 1193 1193 1193 1193 1189 1185 1185 1189 1197 1197 1197 1843 1843 1813 1813 1804 1804 1804 1794 1785 1757 1757 1483 1483 1483 1483 1489 1489 1489 1483 1470 1452 1445 1445 1439 1433 1421 1415 1415 1410 1410 1398 1381 1381 1381 1370 1365 1365 1365 1359 1359 1354 1349 1343 1343 1338 1338 1333 1328 1322 1322 1322 1322 1317 1317 1317 1312 1302 1302 1302 1302 1302 1302 1297 1297 1297 1297 1297 1297 1302 0 0 0 0 0 0 0
0 0 0 0 0 0 0 0 0 0 0 0 0 0 0 0 0 0 946 946 948 951 951 956 959 962 964 967 1022 1016 1016 1013 1013 1019 1022 1028 1028 1031 1206 1206 1206 1206 1202 1202 1202 1202 1206 1210 1214 1219 1223 1227 1236 1236 1241 1245 1250 1255 1259 1268 1273 1278 1278 1283 1292 1292 1302 1312 1312 1317 1317 1328 1333 1338 1338 1343 1349 1354 1359 1365 1370 1376 1381 1387 1392 1398 1415 1415 1421 1427 1427 1439 1445 1445 1452 1458 1470 1477 1483 1489 1489 2560 2560 2560 2579 2579 2579 2579 2579 2560 2560 2560 2560 2560 2541 2541 2541 2522 2503 2503 2503 2503 2485 2485 2432 2398 2381 2381 2381 2365 2365 2365 2365 2381 2381 2381 2381 2381 2365 2286 2256 2241 2241 2241 2241 2241 2241 2241 2241 2241 2241 2241 2241 2241 2241 2241 2241 2241 2241 2241 2241 2226 2212 2212 2212 2198 2156 2078 2065 2065 2065 2065 2065 2065 2065 2053 2053 2065 2065 2065 2065 2065 2065 2065 2065 2065 2078 2078 2078 2090 2090 2090 2090 2078 2078 2078 2078 2078 2090 2090 2090 2103 2103 2103 2090 2090 2078 2065 2040 2016 1993 1970 1970 1970 1970 1970 1970 1959 1959 1959 1959 1959 1970 1993 2005 2005 2005 1993 1993 1970 1959 1959 1959 1193 1193 1193 1189 1189 1185 1185 1189 1193 1197 1197 1853 1823 1813 1813 1813 1804 1804 1794 1785 1776 1776 1477 1470 1470 1483 1483 1483 1489 1477 1470 1452 1452 1445 1439 1427 1421 1415 1410 1410 1404 1392 1381 1381 1381 1370 1365 1365 1365 1359 1359 1354 1343 1343 1343 1338 1338 1333 1328 1322 1322 1322 1317 1317 1312 1312 1307 1302 1302 1302 1302 1302 1302 1297 1297 1297 1297 1297 1297 1302 0 0 0 0 0 0 0
0 0 0 0 0 0 0 0 0 0 0 0 0 0 0 0 0 0 948 948 948 951 951 954 959 962 964 967 1019 1016 1016 1013 1013 1019 1022 1028 1028 1031 1210 1210 1206 1206 1202 1202 1202 1202 1206 1214 1214 1219 1223 1227 1236 1236 1241 1245 1250 1255 1259 1264 1273 1278 1278 1283 1292 1292 1302 1307 1312 1312 1317 1328 1333 1338 1343 1343 1349 1354 1359 1365 1370 1376 1381 1387 1392 1398 1415 1415 1421 1421 1427 1439 1445 1445 1452 1458 1470 1477 1483 1489 1489 2560 2560 2560 2579 2579 2579 2579 2579 2560 2560 2560 2560 2560 2541 2541 2522 2522 2503 2503 2503 2503 2503 2485 2432 2381 2381 2381 2381 2365 2365 2365 2365 2381 2381 2381 2381 2381 2365 2286 2256 2241 2241 2241 2256 2241 2241 2241 2241 2241 2241 2241 2241 2241 2241 2241 2241 2241 2241 2241 2241 2226 2212 2212 2212 2198 2116 2065 2065 2065 2065 2065 2065 2065 2065 2053 2053 2065 2065 2065 2065 2065 2065 2065 2065 2078 2078 2090 2090 2090 2090 2090 2090 2078 2078 2090 2090 2090 2090 2090 2090 2103 2103 2103 2090 2090 2078 2053 2028 2005 1993 1970 1970 1970 1970 1970 1970 1970 1970 1970 1970 1970 1970 1993 2005 2005 2005 1993 1993 1959 1926 1926 1926 1197 1197 1193 1189 1189 1189 1189 1189 1193 1197 1197 1813 1813 1813 1823 1813 1804 1804 1804 1785 1785 1785 1477 1470 1470 1477 1477 1477 1464 1464 1464 1452 1452 1445 1439 1427 1421 1415 1410 1410 1404 1392 1387 1387 1387 1376 1370 1365 1365 1359 1359 1354 1343 1343 1343 1338 1338 1333 1333 1328 1322 1322 1317 1312 1312 1312 1307 1307 1307 1302 1302 1302 1302 1297 1297 1297 1297 1297 1297 1302 0 0 0 0 0 0 0
0 0 0 0 0 0 0 0 0 0 0 0 0 0 0 0 0 0 948 948 948 951 951 954 959 962 964 967 1019 1016 1016 1016 1016 1022 1028 1031 1031 1025 1025 1210 1206 1206 1202 1202 1202 1202 1210 1214 1219 1219 1223 1227 1236 1236 1241 1250 1255 1255 1259 1264 1273 1278 1283 1288 1292 1297 1302 1307 1312 1312 1317 1328 1333 1338 1343 1349 1354 1359 1365 1370 1370 1376 1381 1387 1392 1398 1410 1415 1421 1421 1427 1439 1445 1445 1458 1464 1464 1470 1477 1489 1489 2560 2560 2560 2579 2579 2579 2560 2560 2560 2560 2560 2560 2560 2541 2541 2522 2522 2503 2503 2503 2503 2503 2485 2432 2381 2381 2381 2381 2381 2365 2365 2381 2381 2381 2381 2381 2381 2365 2256 2256 2241 2241 2241 2241 2241 2241 2241 2241 2241 2241 2241 2241 2241 2241 2241 2241 2241 2241 2241 2241 2226 2226 2212 2212 2198 2116 2065 2065 2065 2065 2065 2065 2065 2065 2065 2065 2065 2065 2065 2065 2065 2065 2078 2078 2078 2090 2090 2103 2090 2090 2090 2090 2090 2090 2090 2090 2090 2090 2090 2090 2103 2103 2103 2090 2090 2078 2053 2028 2005 1993 1970 1970 1970 1970 1970 1970 1970 1970 1970 1970 1970 1981 1993 2005 2005 2005 2005 1993 1959 1926 1926 1926 1202 1197 1193 1189 1189 1189 1189 1189 1197 1202 1202 1813 1813 1813 1823 1823 1813 1804 1804 1785 1785 1785 1785 1785 1477 1477 1458 1452 1452 1452 1458 1452 1452 1445 1439 1433 1427 1415 1415 1415 1410 1398 1387 1387 1387 1376 1370 1365 1365 1359 1359 1354 1343 1343 1343 1343 1338 1333 1333 1328 1328 1322 1322 1312 1312 1312 1312 1312 1307 1302 1302 1302 1302 1302 1302 1297 1297 1297 1297 1302 1312 0 0 0 0 0 0
0 0 0 0 0 0 0 0 0 0 0 0 0 0 0 0 0 0 946 946 948 951 951 954 959 962 964 967 1019 1016 1016 1016 1016 1022 1028 1031 1031 1025 1025 1210 1206 1206 1202 1202 1202 1202 1210 1214 1219 1219 1223 1227 1236 1236 1245 1250 1255 1259 1264 1268 1278 1283 1283 1288 1292 1297 1302 1307 1312 1312 1317 1333 1333 1343 1343 1349 1354 1359 1365 1370 1370 1376 1381 1387 1392 1398 1410 1410 1415 1421 1433 1439 1445 1445 1458 1464 1464 1470 1477 1489 1489 2579 2579 2579 2579 2579 2579 2560 2560 2560 2560 2560 2560 2560 2541 2541 2522 2522 2503 2503 2503 2503 2503 2485 2432 2381 2381 2381 2381 2381 2365 2365 2381 2381 2381 2381 2381 2381 2349 2256 2256 2241 2241 2241 2241 2241 2241 2241 2241 2241 2241 2241 2241 2241 2241 2241 2241 2241 2241 2241 2241 2226 2226 2212 2212 2198 2116 2078 2065 2065 2065 2065 2065 2065 2065 2065 2065 2065 2065 2065 2065 2065 2078 2078 2078 2090 2090 2090 2103 2090 2090 2090 2090 2090 2090 2103 2090 2090 2090 2103 2103 2103 2103 2103 2103 2090 2078 2053 2028 2005 1993 1981 1981 1970 1970 1970 1970 1970 1970 1970 1981 1993 1993 2005 2005 2005 2005 2005 1993 1993 1993 1993 1197 1197 1193 1193 1193 1189 1189 1189 1197 1202 1206 1206 1823 1823 1823 1823 1823 1813 1813 1804 1785 1785 1785 1785 0 1785 0 1445 1445 1445 1445 1433 1433 1445 1439 1439 1439 1433 1433 1427 1427 1421 1410 1398 1398 1404 1404 1370 1365 1365 1359 1359 1359 1343 1343 1343 1343 1338 1333 1333 1333 1328 1328 1322 1317 1312 1312 1312 1312 1307 1302 1302 1302 1302 1302 1302 1297 1297 1297 1302 1307 1312 1322 0 0 0 0 0
0 0 0 0 0 0 0 0 0 0 0 0 0 0 0 0 0 0 946 946 948 951 954 956 959 962 964 967 967 1019 1019 1019 1019 1022 1028 1034 1041 1044 1210 1210 1206 1206 1202 1202 1202 1202 1210 1214 1219 1223 1227 1232 1236 1241 1245 1250 1255 1259 1259 1264 1278 1283 1288 1292 1292 1616 1609 1601 1594 1579 1579 1579 1579 1349 1349 1354 1359 1365 1370 1370 1370 1543 1387 1387 1392 1398 1410 1410 1415 1421 1433 1439 1445 1445 1458 1464 1464 1470 1483 1489 1489 2579 2579 2579 2579 2579 2579 2560 2560 2560 2560 2560 2560 2560 2560 2541 2522 2522 2503 2503 2503 2503 2503 2485 2467 2381 2381 2381 2381 2381 2381 2381 2381 2381 2381 2381 2381 2381 2349 2271 2256 2256 2256 2241 2241 2241 2241 2241 2256 2256 2241 2241 2241 2241 2241 2241 2241 2241 2241 2241 2241 2226 2226 2212 2212 2198 2143 2065 2065 2065 2065 2065 2065 2065 2065 2065 2065 2065 2065 2065 2078 2078 2090 2090 2090 2090 2090 2090 2103 2090 2090 2090 2103 2103 2103 2103 2103 2103 2103 2103 2103 2103 2103 2103 2103 2090 2078 2053 2028 2005 1993 1993 1981 1970 1970 1970 1970 1970 1970 1970 1970 1993 1993 2005 2005 2016 2016 2016 1993 1993 1993 1993 1197 1197 1193 1193 1193 1189 1189 1193 1202 1206 1210 1210 1823 1823 1823 1823 1823 1813 1804 1804 1794 1785 1785 0 0 0 0 1445 1445 1445 1445 1433 1433 1445 1439 1439 1439 1439 1445 1445 1445 1445 1445 1433 1433 1439 1445 1452 1452 1452 1439 1359 1359 1439 1445 1445 1439 1439 1433 1433 1433 1433 1433 1433 1410 1410 1410 1410 1312 1312 1312 1302 1302 1302 1302 1381 1297 1297 1302 1302 1312 1317 1322 1333 0 0 0 0
0 0 0 0 0 0 0 0 0 0 0 0 0 0 0 0 0 0 946 946 951 954 954 956 959 962 964 967 967 1019 1019 1019 1019 1022 1028 1034 1041 1210 1210 1210 1206 1206 1202 1202 1202 1206 1210 1214 1219 1223 1227 1232 1236 1241 1245 1250 1255 1259 1259 1264 1278 1283 1288 1292 1292 1616 1601 1594 1586 1579 1579 1572 1572 1564 1557 1557 1550 1550 1543 1543 1543 1543 1550 1398 1398 1398 1410 1415 1421 1433 1439 1445 1452 1458 1464 1470 1477 1477 1489 1496 1496 2579 2579 2579 2598 2598 2579 2579 2560 2560 2560 2560 2560 2560 2560 2541 2541 2541 2522 2522 2522 2522 2503 2485 2467 2415 2398 2398 2381 2381 2381 2381 2381 2381 2381 2381 2381 2381 2333 2286 2271 2271 2256 2256 2241 2241 2241 2241 2256 2256 2241 2241 2241 2241 2241 2241 2241 2241 2241 2241 2241 2226 2212 2212 2212 2198 2078 2065 2065 2065 2065 2065 2065 2065 2065 2065 2065 2065 2065 2078 2078 2090 2090 2090 2090 2090 2090 2090 2103 2103 2103 2103 2103 2103 2103 2103 2103 2103 2103 2103 2103 2103 2103 2103 2103 2103 2078 2053 2028 2016 1993 1993 1993 1981 1981 1970 1970 1970 1970 1970 1970 1993 1993 2005 2005 2005 2016 2016 1993 1993 1993 1993 1193 1193 1193 1193 1193 1193 1193 1197 1206 1210 1214 1214 1833 1833 1823 1823 1813 1813 1804 1804 1794 1794 1794 0 0 0 0 0 1452 1445 1445 1445 1445 1445 1445 1445 1445 1445 1445 1445 1445 1445 1452 1452 1452 1452 1452 1452 1452 1452 1439 1433 1433 1439 1445 1445 1439 1439 1433 1433 1433 1433 1427 1427 1410 1410 1410 1410 1410 1410 1404 1392 1387 1381 1381 1376 1376 1376 1343 1328 1328 1328 1333 1333 0 0 0 0
0 0 0 0 0 0 0 0 0 0 0 0 0 0 0 0 0 0 946 946 951 954 954 956 959 962 964 964 964 1019 1019 1019 1019 1025 1028 1034 1041 1206 1210 1210 1206 1206 1206 1206 1206 1206 1210 1214 1219 1223 1227 1236 1236 1241 1245 1250 1255 1259 1259 1264 1278 1278 1288 1292 1292 1302 1307 1312 1579 1572 1572 1564 1564 1557 1557 1550 1550 1543 1543 1550 1550 1550 1398 1398 1398 1404 1415 1415 1427 1433 1439 1445 1458 1464 1470 1470 1477 1483 1489 1496 1496 2579 2579 2579 2579 2598 2579 2579 2560 2560 2560 2560 2560 2560 2560 2541 2541 2541 2541 2522 2522 2522 2503 2485 2467 2415 2398 2398 2398 2381 2381 2381 2365 2365 2381 2381 2381 2381 2333 2286 2271 2271 2256 2256 2256 2241 2241 2241 2256 2256 2256 2241 2241 2241 2241 2241 2241 2241 2241 2241 2241 2226 2212 2212 2212 2198 2078 2065 2065 2078 2078 2065 2065 2065 2065 2065 2065 2065 2065 2078 2078 2090 2090 2090 2090 2090 2103 2103 2103 2103 2103 2103 2103 2103 2103 2103 2103 2103 2103 2103 2103 2103 2103 2103 2103 2103 2078 2053 2016 2005 1993 1981 1981 1981 1970 1970 1970 1970 1970 1970 1981 1993 2005 2005 2005 2005 2016 2016 2005 2005 2005 2005 1193 1193 1193 1193 1193 1193 1193 1197 1210 1210 1210 1833 1833 1833 1823 1823 1813 1804 1804 1804 1794 1794 0 0 0 0 0 0 1452 1445 1445 1445 1445 1452 1452 1452 1445 1421 1415 1415 1427 1439 1445 1458 1452 1452 1452 1452 1445 1445 1445 1445 1452 1452 1452 1445 1439 1439 1433 1433 1433 1433 1427 1427 1427 1410 1410 1410 1410 1410 1404 1392 1387 1387 1381 1376 1376 1381 1343 1343 1338 1338 1338 1338 0 0 0 0
0 0 0 0 0 0 0 0 0 0 0 0 0 0 0 0 0 0 946 946 948 951 954 956 962 962 962 964 964 1019 1019 1019 1019 1025 1028 1034 1041 1206 1210 1210 1206 1206 1202 1202 1202 1206 1210 1219 1219 1223 1232 1236 1241 1245 1245 1250 1255 1259 1264 1268 1278 1278 1288 1292 1297 1302 1307 1312 1322 1564 1564 1557 1557 1550 1550 1550 1543 1543 1543 1550 1387 1387 1392 1398 1398 1404 1415 1421 1427 1433 1439 1452 1458 1464 1470 1470 1477 1483 1489 1496 1496 2579 2579 2579 2579 2598 2579 2560 2560 2560 2560 2560 2560 2560 2560 2541 2541 2541 2541 2522 2522 2522 2503 2503 2467 2432 2415 2415 2398 2381 2381 2381 2365 2365 2381 2381 2381 2381 2317 2286 2271 2271 2256 2256 2256 2241 2241 2241 2256 2241 2241 2241 2256 2256 2256 2256 2256 2241 2241 2241 2241 2226 2226 2212 2212 2198 2090 2078 2078 2078 2065 2065 2065 2065 2065 2065 2065 2065 2065 2078 2078 2090 2090 2090 2090 2090 2103 2103 2103 2103 2103 2103 2103 2103 2103 2103 2103 2103 2103 2103 2103 2103 2103 2103 2103 2103 2078 2053 2016 2005 1993 1981 1981 1981 1970 1970 1970 1970 1970 1970 1981 1993 2005 2005 2016 2016 2016 2016 2005 1993 1993 1993 1193 1193 1193 1197 1193 1193 1193 1197 1210 1214 1227 1227 1833 1833 1823 1823 1813 1804 1804 1804 1794 1794 0 0 0 0 0 0 0 0 0 0 0 1757 1757 1833 1415 1415 1415 1415 1421 1439 1445 1445 1452 1452 1452 1452 1445 1445 1452 1452 1452 1452 1452 1445 1439 1439 1433 1433 1433 1433 1433 1433 1427 1427 1415 1415 1415 1410 1404 1398 1392 1392 1387 1381 1376 1376 1359 1349 1349 1349 1343 1343 0 0 0 0
0 0 0 0 0 0 0 0 0 0 0 0 0 0 0 0 0 0 946 946 948 951 954 956 962 962 962 964 964 1019 1019 1019 1019 1028 1031 1034 1041 1206 1210 1210 1206 1202 1202 1202 1202 1206 1214 1219 1223 1223 1232 1236 1241 1245 1250 1255 1255 1259 1264 1268 1278 1278 1283 1292 1297 1302 1307 1317 1317 1317 1328 1557 1557 1550 1550 1543 1543 1370 1370 1376 1387 1387 1392 1398 1398 1404 1415 1421 1427 1433 1439 1452 1458 1464 1464 1470 1477 1483 1489 1496 1496 2579 2579 2579 2598 2598 2579 2560 2560 2560 2579 2560 2560 2560 2560 2560 2560 2541 2541 2522 2522 2522 2503 2503 2467 2432 2415 2415 2415 2398 2381 2381 2381 2381 2398 2398 2398 2381 2317 2286 2271 2271 2256 2256 2256 2256 2256 2256 2256 2241 2241 2241 2256 2256 2256 2256 2256 2256 2256 2256 2241 2226 2226 2226 2212 2116 2090 2078 2078 2090 2065 2065 2065 2065 2065 2065 2065 2065 2065 2065 2078 2078 2090 2090 2090 2090 2103 2103 2103 2103 2103 2103 2103 2103 2103 2103 2103 2103 2103 2103 2103 2103 2103 2103 2103 2103 2078 2053 2016 2005 1993 1981 1981 1981 1970 1970 1970 1970 1970 1981 1993 2005 2005 2005 2016 2016 2016 2016 2005 1993 1993 1993 1193 1193 1193 1197 1193 1193 1193 1197 1210 1219 1227 1227 1833 1833 1833 1823 1813 1804 1804 1804 1794 1794 0 0 0 0 0 0 0 0 0 0 1757 1757 1757 1833 1833 1415 1415 1415 1421 1833 1833 1823 1823 1804 1804 1804 1785 1785 1748 1748 1748 1452 1452 1452 1439 1439 1445 1433 1433 1433 1713 1722 1433 1433 1427 1421 1421 1421 1421 1398 1392 1392 1387 1381 1376 1376 1376 1354 1354 1349 1343 1343 0 0 0 0
0 0 0 0 0 0 0 0 0 0 0 0 0 0 0 0 0 0 948 948 951 954 954 956 959 962 964 970 970 1019 1022 1022 1022 1028 1031 1038 1044 1214 1210 1210 1206 1202 1202 1202 1206 1206 1219 1219 1223 1223 1232 1236 1241 1245 1245 1255 1255 1259 1268 1273 1278 1278 1283 1292 1297 1302 1307 1317 1317 1317 1328 1333 1343 1349 1349 1354 1359 1359 1370 1376 1381 1387 1392 1398 1404 1404 1415 1427 1433 1439 1439 1452 1458 1464 1464 1470 1477 1483 1489 1503 1503 2598 2598 2598 2598 2598 2579 2579 2579 2579 2579 2560 2560 2560 2560 2560 2560 2541 2541 2541 2522 2522 2503 2485 2450 2432 2415 2415 2415 2398 2398 2398 2398 2398 2398 2398 2398 2381 2317 2286 2271 2256 2256 2256 2256 2256 2256 2256 2256 2256 2241 2241 2256 2256 2256 2256 2256 2271 2256 2256 2241 2226 2226 2226 2212 2116 2103 2090 2090 2078 2065 2065 2065 2065 2065 2065 2065 2065 2065 2065 2078 2078 2090 2090 2090 2090 2103 2103 2103 2103 2103 2103 2103 2103 2103 2103 2103 2103 2103 2103 2103 2103 2103 2103 2103 2103 2078 2053 2016 2005 1993 1981 1981 1981 1970 1970 1970 1970 1970 1981 1993 2005 2005 2016 2016 2016 2016 2016 2005 2005 2005 2005 1193 1193 1193 1197 1193 1193 1197 1197 1210 1219 1232 1232 1833 1833 1833 1823 1813 1813 1804 1804 1794 1794 0 0 0 0 0 0 0 0 0 1757 1757 1757 1757 1833 1833 1833 1833 1833 1833 1833 1833 1823 1823 1813 1804 1804 1785 1785 1748 1748 1776 1757 1748 1722 1722 1722 1722 1713 1713 1713 1713 1722 1713 1713 1705 1705 1705 1705 1705 1398 1398 1398 1398 1398 1398 1696 1688 1688 1688 0 0 0 0 0 0 0
0 0 0 0 0 0 0 0 0 0 0 0 0 0 0 0 0 0 948 948 954 954 954 956 959 962 964 970 973 1019 1022 1022 1025 1031 1034 1041 1044 1214 1210 1210 1206 1206 1202 1202 1206 1206 1219 1223 1223 1227 1236 1236 1241 1245 1245 1255 1259 1264 1268 1273 1278 1283 1288 1292 1297 1302 1307 1317 1317 1322 1328 1333 1343 1349 1349 1354 1359 1359 1370 1376 1381 1387 1392 1398 1404 1410 1415 1427 1433 1439 1439 1445 1458 1464 1470 1477 1483 1489 1489 1496 1496 2579 2579 2598 2618 2618 2598 2579 2579 2579 2560 2560 2560 2560 2560 2560 2541 2541 2541 2541 2522 2522 2503 2485 2450 2415 2415 2415 2415 2415 2415 2415 2415 2398 2398 2398 2398 2381 2317 2286 2271 2256 2256 2256 2256 2256 2256 2256 2256 2256 2256 2256 2256 2256 2256 2256 2256 2271 2256 2256 2241 2226 2226 2226 2212 2116 2103 2090 2090 2078 2078 2065 2065 2065 2078 2078 2078 2065 2065 2078 2078 2090 2090 2090 2090 2090 2103 2103 2103 2103 2103 2103 2103 2103 2103 2103 2103 2103 2103 2103 2116 2103 2103 2103 2103 2103 2078 2053 2016 2005 1993 1993 1981 1981 1981 1970 1970 1981 1981 1981 2005 2005 2005 2016 2016 2016 2016 2016 2005 2005 2005 2005 1202 1197 1197 1197 1197 1197 1197 1202 1210 1219 1219 1833 1833 1833 1833 1823 1823 1813 1813 1804 1804 0 0 0 0 0 0 0 0 0 1757 1757 1757 1757 1757 1794 1813 1833 1833 1833 1833 1833 1823 1823 1823 1813 1804 1804 1794 1776 1776 1776 1766 1757 1748 1722 1722 1722 1722 1713 1713 1713 1705 1705 1713 1713 1705 1705 1705 1705 1705 1696 1705 1705 1705 1696 1696 1696 1688 1688 1688 1688 0 0 0 0 0 0
0 0 0 0 0 0 0 0 0 0 0 0 0 0 0 0 0 0 948 948 954 956 956 956 959 964 967 973 973 975 1025 1025 1028 1031 1041 1044 1044 1214 1214 1210 1206 1206 1202 1202 1206 1206 1219 1223 1223 1227 1236 1241 1245 1245 1250 1255 1259 1264 1268 1273 1278 1288 1288 1292 1297 1307 1312 1317 1322 1328 1333 1338 1343 1349 1349 1354 1359 1359 1370 1376 1381 1387 1392 1404 1410 1415 1421 1427 1433 1439 1439 1445 1458 1464 1470 1477 1483 1489 1489 1496 1496 2560 2560 2598 2618 2618 2598 2579 2579 2579 2560 2560 2560 2560 2560 2560 2541 2541 2541 2541 2522 2522 2503 2485 2450 2415 2415 2415 2415 2415 2415 2415 2415 2398 2398 2415 2398 2365 2301 2286 2271 2271 2256 2256 2256 2256 2256 2256 2256 2256 2271 2271 2256 2256 2256 2256 2256 2271 2271 2256 2256 2226 2226 2226 2226 2116 2103 2103 2090 2078 2078 2065 2065 2065 2078 2078 2078 2065 2065 2078 2078 2090 2090 2103 2103 2103 2103 2103 2103 2103 2103 2103 2103 2103 2116 2103 2103 2103 2103 2103 2116 2116 2116 2103 2103 2103 2078 2040 2016 2005 1993 1993 1981 1981 1981 1981 1981 1981 1981 1981 2005 2005 2016 2016 2016 2016 2016 2016 2005 2005 2005 1202 1202 1202 1202 1197 1197 1197 1197 1202 1210 1219 1223 1843 1833 1833 1833 1823 1823 1813 1813 1813 1823 0 0 0 0 0 0 0 0 0 1757 1757 1766 1766 1766 1785 1813 1823 1833 1833 1833 1823 1823 1823 1823 1813 1804 1804 1794 1776 1776 1776 1757 1757 1739 1739 1731 1731 1722 1713 1713 1713 1705 1705 1713 1713 1705 1705 1705 1696 1696 1696 1688 1688 1696 1696 1696 1696 1688 1688 1680 1680 1680 0 0 0 0 0
0 0 0 0 0 0 0 0 0 0 0 0 0 0 0 0 0 0 951 951 954 956 956 959 962 964 967 973 973 975 1028 1028 1028 1031 1041 1044 1047 1219 1214 1210 1206 1206 1206 1206 1206 1210 1219 1223 1223 1227 1236 1241 1245 1250 1255 1255 1259 1264 1268 1273 1283 1288 1292 1297 1302 1307 1312 1317 1322 1333 1333 1338 1343 1349 1349 1354 1359 1365 1376 1376 1381 1387 1392 1404 1410 1415 1421 1433 1439 1445 1445 1445 1452 1464 1470 1477 1483 1489 1496 1496 2560 2560 2560 2598 2618 2618 2598 2598 2579 2579 2560 2560 2560 2560 2560 2560 2560 2541 2541 2522 2522 2522 2503 2485 2450 2415 2415 2415 2415 2415 2415 2415 2415 2415 2415 2415 2398 2365 2301 2286 2271 2271 2256 2256 2256 2271 2271 2271 2271 2271 2271 2271 2256 2256 2256 2256 2256 2271 2271 2256 2256 2226 2226 2226 2226 2116 2103 2103 2103 2090 2078 2078 2065 2065 2078 2078 2090 2078 2078 2078 2090 2090 2103 2103 2103 2103 2103 2103 2103 2103 2103 2116 2103 2103 2116 2116 2116 2103 2103 2116 2116 2116 2116 2116 2103 2103 2078 2028 2016 2005 1993 1993 1993 1981 1981 1981 1981 1993 1993 1993 2005 2005 2016 2016 2016 2016 2016 2016 2005 2005 2005 1206 1206 1202 1202 1202 1197 1197 1197 1206 1210 1214 1223 1843 1823 1823 1833 1823 1823 1823 1823 1823 1833 0 0 0 0 0 0 0 0 1757 1757 1766 1757 1757 1766 1785 1804 1823 1833 1833 1833 1823 1823 1823 1823 1813 1804 1794 1794 1785 1776 1776 1757 1757 1739 1739 1739 1739 1731 1722 1722 1713 1713 1713 1713 1713 1705 1705 1705 1696 1696 1696 1688 1688 1696 1696 1696 1696 1688 1688 1680 1680 1680 0 0 0 0 0
0 0 0 0 0 0 0 0 0 0 0 0 0 0 0 0 0 0 951 951 954 956 956 959 962 964 967 970 973 973 1028 1028 1031 1034 1041 1044 1047 1214 1214 1214 1206 1206 1206 1206 1206 1210 1219 1223 1223 1232 1236 1241 1250 1255 1255 1259 1259 1264 1273 1273 1283 1292 1297 1297 1302 1312 1312 1317 1328 1333 1333 1338 1343 1349 1349 1354 1359 1365 1376 1376 1381 1387 1392 1398 1410 1415 1427 1433 1439 1445 1445 1445 1452 1464 1470 1477 1483 1489 1496 1496 2560 2560 2560 2598 2618 2618 2598 2598 2579 2579 2579 2560 2560 2560 2560 2560 2560 2541 2541 2522 2522 2522 2503 2503 2467 2432 2415 2415 2415 2415 2398 2398 2415 2415 2415 2415 2398 2349 2301 2286 2271 2271 2256 2256 2256 2271 2271 2271 2271 2271 2256 2256 2256 2256 2256 2256 2256 2271 2271 2256 2256 2241 2241 2226 2226 2116 2103 2103 2103 2090 2090 2078 2065 2065 2078 2078 2078 2078 2078 2090 2090 2103 2103 2103 2103 2103 2103 2103 2103 2103 2116 2116 2103 2103 2116 2116 2116 2116 2116 2116 2116 2116 2116 2116 2116 2103 2078 2028 2016 2005 1993 1993 1993 1993 1993 1981 1981 1981 1993 1993 2005 2005 2016 2016 2016 2016 2016 2016 2016 2016 2016 1210 1210 1206 1206 1202 1202 1202 1202 1206 1210 1214 1214 1823 1823 1823 1833 1833 1833 1833 1833 1833 0 0 0 0 0 0 0 0 0 1748 1748 1757 1757 1757 1766 1785 1804 1823 1833 1833 1833 1823 1823 1823 1823 1804 1794 1794 1794 1785 1776 1776 1757 1757 1739 1739 1739 1739 1739 1731 1722 1713 1713 1713 1713 1713 1705 1705 1705 1696 1696 1696 1696 1696 1696 1696 1696 1696 1688 1688 1688 1688 1688 0 0 0 0 0
0 0 0 0 0 0 0 0 0 0 0 0 0 0 0 0 0 0 951 951 954 956 959 962 962 964 967 970 973 973 1028 1028 1034 1038 1041 1044 1050 1214 1214 1214 1210 1206 1206 1206 1206 1210 1219 1223 1227 1232 1236 1241 1250 1255 1255 1259 1259 1268 1273 1273 1283 1292 1297 1297 1302 1312 1317 1322 1328 1333 1338 1338 1343 1354 1354 1359 1365 1370 1376 1376 1381 1387 1398 1398 1404 1415 1427 1433 1439 1445 1445 1452 1458 1464 1470 1477 1489 1496 1503 1503 2579 2579 2579 2598 2618 2618 2598 2598 2579 2579 2579 2579 2579 2560 2560 2560 2560 2541 2541 2522 2522 2522 2503 2485 2450 2415 2415 2415 2415 2415 2398 2398 2415 2415 2415 2415 2398 2333 2286 2271 2271 2271 2271 2271 2271 2271 2271 2271 2256 2256 2256 2256 2256 2256 2256 2256 2256 2271 2271 2271 2256 2241 2226 2226 2226 2129 2116 2103 2103 2090 2078 2078 2078 2078 2078 2078 2078 2078 2078 2090 2090 2103 2103 2103 2103 2103 2103 2103 2103 2116 2116 2116 2103 2103 2103 2116 2116 2116 2116 2116 2116 2116 2116 2116 2116 2116 2078 2028 2016 2005 2005 1993 1993 1981 1981 1981 1981 1981 1993 2005 2005 2005 2016 2016 2016 2016 2016 2005 2005 2005 1210 1210 1210 1206 1206 1202 1202 1202 1202 1206 1214 1214 1227 1843 1833 1833 1833 1833 1833 1833 1833 0 0 0 0 0 0 0 0 0 1739 1739 1748 1757 1757 1757 1766 1785 1804 1823 1833 1833 1833 1833 1833 1823 1823 1804 1794 1794 1794 1785 1776 1776 1766 1757 1739 1739 1739 1739 1739 1731 1722 1713 1713 1713 1713 1713 1705 1705 1696 1696 1696 1696 1696 1696 1696 1696 1696 1696 1688 1688 1680 1680 1680 0 0 0 0 0
0 0 0 0 0 0 0 0 0 0 0 0 0 0 0 0 0 0 951 951 951 959 959 962 964 964 967 970 973 973 1031 1031 1034 1038 1041 1044 1044 1047 1214 1214 1210 1206 1206 1206 1206 1210 1219 1223 1223 1232 1236 1245 1250 1255 1255 1259 1264 1273 1273 1273 1283 1292 1297 1297 1307 1312 1317 1322 1328 1333 1338 1338 1343 1354 1354 1359 1365 1370 1376 1381 1387 1392 1398 1398 1404 1415 1427 1433 1439 1445 1445 1452 1458 1464 1470 1477 1489 1496 1503 1503 2598 2598 2598 2618 2618 2618 2598 2598 2598 2579 2579 2579 2579 2560 2560 2560 2560 2541 2541 2522 2522 2522 2503 2485 2450 2415 2415 2415 2415 2415 2415 2415 2415 2415 2415 2415 2398 2333 2286 2271 2271 2271 2271 2271 2271 2271 2271 2271 2256 2256 2256 2256 2271 2271 2256 2256 2256 2256 2256 2256 2256 2241 2226 2226 2212 2116 2103 2090 2090 2090 2078 2078 2078 2078 2078 2078 2090 2078 2078 2090 2103 2103 2103 2103 2103 2116 2116 2116 2116 2116 2103 2103 2103 2103 2103 2116 2116 2116 2116 2116 2116 2116 2116 2116 2116 2103 2078 2028 2016 2005 2005 1993 1981 1981 1981 1981 1981 1981 1993 2005 2005 2005 2016 2016 2016 2016 2016 2005 2005 2005 1214 1214 1210 1206 1206 1202 1197 1197 1206 1210 1214 1223 1227 1843 1843 1833 1833 1833 1833 1833 1833 0 0 0 0 0 0 0 0 1722 1722 1739 1748 1757 1757 1757 1766 1785 1823 1833 1833 1833 1833 1833 1823 1823 1823 1813 1794 1794 1794 1785 1785 1776 1766 1757 1748 1739 1739 1731 1731 1722 1722 1722 1722 1713 1713 1713 1705 1705 1696 1696 1705 1705 1705 1696 1696 1696 1696 1696 1688 1688 1680 1680 1680 0 0 0 0 0
0 0 0 0 0 0 0 0 0 0 0 0 0 0 0 0 0 0 948 948 951 959 962 962 964 967 970 973 973 973 1031 1034 1034 1038 1041 1044 1044 1047 1214 1214 1210 1206 1206 1210 1210 1214 1219 1223 1223 1232 1236 1245 1250 1255 1255 1259 1264 1273 1273 1278 1283 1292 1297 1302 1307 1312 1317 1322 1328 1333 1338 1338 1343 1354 1354 1365 1365 1370 1376 1381 1387 1392 1398 1404 1404 1415 1427 1433 1439 1445 1452 1458 1464 1470 1470 1477 1489 1496 1503 1503 2598 2598 2598 2618 2618 2618 2598 2598 2598 2579 2579 2579 2579 2560 2560 2560 2560 2560 2541 2522 2522 2522 2503 2485 2432 2415 2415 2415 2415 2415 2415 2415 2415 2415 2415 2415 2415 2333 2286 2271 2271 2271 2271 2271 2271 2271 2271 2271 2271 2271 2271 2271 2271 2271 2271 2271 2256 2256 2256 2256 2256 2241 2226 2226 2212 2116 2103 2090 2090 2090 2078 2078 2078 2078 2078 2078 2090 2078 2078 2090 2103 2103 2103 2103 2103 2116 2116 2116 2116 2103 2103 2103 2103 2103 2116 2116 2116 2116 2116 2116 2116 2116 2116 2116 2116 2103 2078 2040 2016 2005 1993 1993 1981 1981 1981 1981 1993 1993 1993 2005 2005 2005 2016 2016 2016 2016 2028 2016 2016 2016 2016 1210 1210 1206 1206 1202 1197 1197 1202 1210 1219 1223 1232 1833 1833 1833 1833 1833 1833 1823 1823 0 0 0 0 0 0 0 0 1722 1722 1748 1757 1766 1766 1766 1785 1804 1833 1833 1833 1833 1833 1833 1823 1823 1823 1813 1804 1794 1794 1785 1785 1766 1766 1757 1748 1739 1739 1731 1731 1722 1722 1722 1713 1713 1713 1713 1713 1713 1705 1705 1705 1713 1705 1696 1696 1696 1696 1696 1696 1688 1688 1680 1680 0 0 0 0 0
0 0 0 0 0 0 0 0 0 0 0 0 0 0 0 0 0 0 948 948 951 956 962 964 964 967 970 973 978 981 1031 1034 1034 1038 1041 1044 1047 1054 1214 1214 1210 1206 1206 1210 1210 1214 1219 1223 1227 1232 1241 1245 1250 1255 1259 1264 1268 1273 1278 1278 1288 1292 1297 1302 1307 1312 1317 1328 1333 1333 1338 1343 1343 1354 1354 1365 1370 1376 1381 1387 1392 1392 1398 1404 1410 1415 1433 1439 1439 1445 1452 1464 1464 1470 1470 1483 1489 1496 1503 1503 2598 2598 2598 2618 2598 2598 2598 2598 2598 2598 2579 2579 2579 2579 2560 2560 2560 2560 2560 2541 2522 2522 2503 2485 2432 2415 2415 2415 2415 2415 2415 2415 2415 2415 2415 2415 2415 2349 2286 2286 2271 2271 2271 2271 2271 2271 2271 2271 2271 2271 2286 2271 2271 2271 2271 2271 2271 2271 2271 2256 2256 2241 2226 2226 2198 2129 2103 2090 2090 2090 2078 2078 2078 2078 2090 2090 2090 2090 2090 2090 2103 2103 2103 2103 2103 2116 2116 2116 2116 2103 2103 2103 2116 2116 2116 2116 2116 2116 2116 2116 2116 2116 2116 2116 2116 2103 2078 2040 2016 2005 1993 1993 1993 1981 1981 1981 1993 1993 1993 2005 2005 2005 2016 2016 2016 2016 2016 2028 2028 2028 1206 1210 1210 1206 1206 1202 1197 1197 1202 1210 1223 1227 1232 1833 1833 1833 1833 1833 1833 1823 1823 0 0 0 0 1794 1776 1739 1731 1731 1731 1748 1757 1766 1766 1766 1776 1804 1833 1843 1843 1843 1833 1823 1823 1823 1823 1813 1813 1804 1794 1785 1785 1766 1766 1757 1748 1739 1739 1731 1731 1722 1722 1722 1713 1713 1713 1713 1713 1713 1713 1705 1705 1713 1705 1705 1705 1696 1696 1696 1696 1688 1688 1680 1680 0 0 0 0 0
0 0 0 0 0 0 0 0 0 0 0 0 0 0 0 0 0 0 948 948 951 956 962 964 967 967 970 973 978 978 981 1034 1034 1041 1044 1047 1047 1214 1214 1214 1210 1206 1206 1210 1210 1219 1223 1223 1232 1236 1241 1245 1255 1255 1259 1264 1268 1273 1278 1278 1292 1292 1297 1307 1312 1317 1317 1328 1333 1338 1338 1343 1349 1354 1354 1365 1370 1376 1381 1387 1392 1398 1398 1410 1415 1415 1433 1439 1445 1445 1458 1464 1464 1470 1477 1489 1496 1496 1496 2639 2618 2618 2618 2618 2598 2598 2598 2598 2598 2598 2598 2579 2579 2579 2560 2560 2560 2560 2560 2560 2541 2522 2522 2485 2432 2415 2415 2415 2415 2415 2432 2415 2415 2415 2432 2432 2415 2333 2286 2286 2286 2271 2271 2271 2271 2271 2286 2286 2286 2286 2286 2271 2271 2271 2271 2286 2271 2271 2271 2271 2256 2241 2226 2226 2198 2129 2103 2103 2090 2090 2078 2078 2078 2090 2090 2090 2090 2090 2090 2090 2103 2103 2103 2103 2103 2116 2116 2116 2116 2116 2116 2116 2116 2116 2116 2116 2116 2116 2116 2116 2116 2116 2116 2116 2116 2103 2065 2040 2016 2005 2005 1993 1993 1981 1981 1993 1993 1993 1993 2005 2005 2016 2016 2016 2016 2016 2016 2028 2028 2028 1206 1206 1206 1210 1210 1206 1202 1202 1202 1206 1214 1227 1227 1833 1833 1833 1833 1833 1833 1833 1833 0 0 0 1823 1794 1776 1739 1731 1731 1757 1757 1766 1766 1766 1766 1776 1804 1833 1843 1843 1843 1833 1823 1823 1823 1823 1823 1813 1804 1794 1785 1785 1766 1766 1766 1757 1748 1748 1739 1731 1731 1722 1722 1713 1713 1713 1713 1713 1713 1713 1713 1713 1713 1705 1705 1705 1705 1705 1705 1705 1696 1696 1688 1688 0 0 0 0 0
0 0 0 0 0 0 0 0 0 0 0 0 0 0 0 0 0 0 948 948 954 956 962 967 967 970 970 973 978 978 981 1034 1038 1041 1044 1047 1047 1054 1214 1214 1210 1206 1206 1206 1210 1219 1223 1232 1236 1236 1241 1245 1255 1255 1259 1264 1268 1273 1273 1278 1292 1297 1297 1307 1312 1317 1322 1328 1333 1338 1338 1343 1349 1354 1354 1365 1370 1376 1381 1387 1392 1398 1404 1410 1415 1421 1433 1439 1445 1452 1458 1464 1470 1470 1483 1489 1496 1503 1503 2639 2639 2618 2618 2618 2618 2618 2618 2598 2598 2598 2598 2579 2579 2579 2579 2560 2560 2560 2560 2560 2541 2522 2522 2485 2432 2415 2415 2415 2415 2415 2432 2432 2432 2432 2432 2432 2398 2333 2301 2286 2286 2286 2271 2271 2271 2271 2271 2286 2286 2286 2286 2271 2271 2271 2271 2286 2271 2271 2271 2271 2271 2256 2241 2226 2212 2129 2116 2103 2090 2090 2090 2065 2065 2078 2090 2090 2078 2078 2090 2090 2103 2103 2103 2103 2103 2116 2116 2116 2116 2116 2116 2116 2116 2116 2116 2116 2116 2116 2116 2116 2116 2116 2116 2116 2116 2103 2065 2040 2016 2005 2005 2005 1993 1993 1993 1993 1993 2005 2005 2005 2016 2016 2016 2028 2028 2028 2028 2028 2028 2028 1206 1206 1206 1210 1210 1206 1202 1202 1202 1206 1214 1214 1833 1833 1833 1833 1843 1843 1843 1843 1843 0 0 0 1823 1794 1776 1748 1731 1731 1785 1785 1785 1776 1776 1776 1794 1813 1833 1843 1843 1843 1843 1833 1833 1823 1823 1823 1813 1804 1794 1785 1785 1776 1776 1766 1757 1748 1748 1748 1748 1739 1731 1722 1722 1722 1713 1713 1713 1713 1713 1713 1713 1713 1705 1705 1705 1705 1705 1705 1705 1696 1688 1688 1696 0 0 0 0 0
0 0 0 0 0 0 0 0 0 0 0 0 0 0 0 0 0 0 951 951 956 959 962 967 967 970 970 973 978 981 981 1041 1041 1044 1047 1050 1050 1054 1214 1214 1210 1206 1206 1206 1210 1219 1219 1232 1236 1236 1241 1245 1255 1255 1259 1264 1268 1273 1273 1283 1292 1297 1302 1307 1312 1317 1322 1328 1333 1338 1343 1349 1354 1354 1354 1365 1370 1381 1381 1387 1398 1398 1410 1415 1415 1427 1433 1439 1445 1458 1464 1464 1470 1470 1483 1489 1496 1503 1503 2639 2639 2618 2618 2618 2618 2618 2618 2598 2598 2598 2598 2579 2579 2579 2579 2560 2560 2560 2560 2541 2541 2522 2522 2485 2432 2415 2415 2415 2415 2415 2432 2432 2432 2432 2432 2432 2398 2317 2301 2286 2286 2286 2271 2271 2271 2271 2271 2286 2286 2286 2286 2271 2271 2271 2271 2286 2271 2271 2271 2271 2271 2256 2241 2226 2212 2116 2116 2103 2090 2090 2090 2065 2065 2078 2090 2090 2078 2078 2090 2090 2103 2103 2103 2103 2103 2116 2116 2116 2116 2116 2116 2116 2116 2116 2116 2116 2116 2129 2116 2116 2116 2116 2116 2116 2116 2103 2065 2053 2028 2016 2016 2005 2005 1993 1993 1993 2005 2005 2005 2016 2016 2016 2028 2028 2028 2040 2040 2028 2028 2028 1210 1210 1210 1210 1210 1206 1206 1206 1206 1210 1214 1214 1843 1843 1843 1843 1843 1843 1843 1843 1843 0 1823 0 1813 1804 1776 1766 1748 1748 1785 1785 1785 1776 1776 1776 1794 1823 1843 1843 1843 1843 1843 1833 1833 1823 1823 1823 1813 1813 1804 1794 1794 1776 1766 1757 1748 1748 1748 1748 1748 1739 1731 1731 1722 1722 1713 1713 1713 1713 1713 1713 1713 1713 1713 1705 1705 1705 1705 1705 1705 1696 1688 1688 1696 0 0 0 0 0
0 0 0 0 0 0 0 0 0 0 0 0 0 0 0 0 0 0 951 951 959 962 962 967 967 970 973 973 975 981 981 1041 1044 1044 1047 1050 1054 1057 1214 1214 1210 1210 1210 1210 1214 1219 1219 1232 1236 1241 1245 1250 1255 1259 1259 1264 1273 1273 1278 1283 1292 1297 1302 1312 1312 1317 1328 1333 1338 1338 1343 1349 1354 1359 1365 1370 1376 1381 1387 1392 1398 1404 1410 1415 1427 1427 1439 1439 1445 1458 1464 1470 1477 1477 1489 1489 1503 1503 1503 2639 2639 2639 2639 2639 2639 2639 2618 2598 2598 2598 2598 2579 2579 2579 2579 2579 2560 2560 2560 2541 2541 2541 2522 2467 2432 2432 2415 2415 2415 2415 2415 2432 2432 2415 2415 2432 2398 2317 2286 2286 2286 2286 2286 2286 2271 2271 2286 2286 2286 2286 2286 2271 2271 2271 2286 2286 2286 2271 2271 2271 2271 2256 2241 2226 2212 2116 2103 2103 2090 2090 2090 2078 2078 2090 2090 2090 2090 2090 2103 2103 2103 2116 2116 2116 2116 2116 2116 2116 2116 2116 2116 2116 2116 2116 2116 2116 2129 2129 2129 2129 2116 2116 2116 2116 2116 2116 2078 2053 2028 2016 2016 2005 2005 1993 1993 1993 1993 2005 2005 2016 2016 2028 2040 2053 2053 2040 2040 2040 2040 2040 1210 1210 1210 1210 1210 1210 1206 1206 1210 1214 1219 1219 1843 1843 1843 1843 1843 1843 1843 1843 1843 0 1823 1823 1813 1804 1776 1766 1757 1757 1794 1785 1785 1776 1776 1776 1794 1833 1843 1843 1843 1843 1843 1833 1833 1823 1823 1823 1813 1813 1804 1794 1794 1776 1757 1757 1748 1748 1748 1748 1739 1731 1731 1731 1722 1713 1713 1713 1713 1722 1713 1713 1713 1713 1713 1705 1705 1705 1705 1705 1705 1696 1688 1688 1696 0 0 0 0 0
0 0 0 0 0 0 0 0 0 0 0 0 0 0 0 0 0 0 951 951 959 962 962 967 967 970 973 973 975 981 981 1041 1044 1047 1050 1054 1054 1054 1214 1214 1210 1210 1210 1210 1214 1219 1219 1232 1236 1241 1245 1250 1255 1259 1259 1268 1273 1278 1278 1283 1292 1297 1307 1312 1317 1317 1328 1333 1338 1338 1343 1349 1354 1365 1370 1370 1381 1387 1392 1392 1398 1404 1410 1415 1427 1433 1439 1445 1445 1458 1464 1470 1477 1483 1489 1489 1503 1509 1509 2639 2639 2639 2639 2639 2639 2639 2618 2598 2598 2598 2579 2579 2579 2579 2579 2579 2560 2560 2560 2560 2560 2541 2522 2467 2432 2432 2415 2415 2415 2415 2415 2432 2432 2415 2415 2415 2381 2301 2286 2286 2286 2286 2286 2286 2286 2286 2286 2286 2286 2286 2286 2271 2271 2286 2286 2286 2286 2271 2271 2271 2271 2256 2241 2226 2198 2116 2103 2103 2090 2090 2090 2090 2090 2090 2090 2090 2090 2090 2103 2103 2103 2116 2116 2116 2116 2116 2116 2116 2116 2116 2116 2116 2116 2116 2129 2129 2129 2129 2129 2129 2129 2129 2129 2116 2116 2103 2078 2053 2028 2016 2016 2005 2005 2005 1993 1993 1993 2005 2005 2016 2028 2040 2053 2053 2053 2053 2053 2040 2040 2040 1214 1214 1214 1210 1210 1206 1206 1206 1214 1219 1227 1227 1833 1833 1833 1843 1843 1843 1843 1843 0 1833 1823 1823 1823 1813 1785 1766 1766 1794 1794 1785 1785 1776 1776 1785 1794 1823 1833 1843 1853 1843 1833 1833 1833 1823 1823 1823 1813 1813 1804 1794 1794 1776 1757 1757 1757 1757 1748 1748 1739 1731 1731 1731 1722 1713 1713 1713 1713 1722 1722 1713 1713 1713 1713 1713 1705 1705 1705 1705 1705 1696 1688 1688 1696 0 0 0 0 0
0 0 0 0 0 0 0 0 0 0 0 0 0 0 0 0 0 0 951 951 956 962 962 967 967 970 973 973 975 981 981 981 1047 1047 1050 1054 1054 1054 1214 1214 1214 1210 1210 1214 1214 1219 1223 1232 1236 1241 1245 1250 1255 1259 1259 1268 1273 1278 1278 1288 1297 1302 1307 1312 1317 1322 1328 1333 1338 1338 1343 1349 1354 1365 1370 1376 1381 1387 1392 1398 1398 1404 1415 1415 1427 1433 1439 1445 1452 1458 1464 1470 1483 1489 1489 1503 1503 1509 1516 1516 2659 2639 2639 2639 2639 2639 2618 2618 2598 2598 2579 2579 2579 2579 2579 2579 2560 2560 2560 2560 2560 2541 2541 2467 2432 2432 2432 2415 2415 2415 2415 2432 2432 2415 2415 2415 2349 2301 2301 2286 2286 2286 2286 2286 2286 2286 2286 2286 2286 2286 2286 2286 2286 2286 2286 2286 2286 2286 2271 2271 2271 2241 2241 2226 2198 2116 2116 2103 2090 2090 2090 2090 2090 2090 2090 2090 2090 2103 2103 2103 2116 2116 2116 2116 2116 2116 2116 2116 2116 2116 2116 2129 2129 2129 2129 2129 2129 2143 2143 2143 2129 2129 2129 2129 2116 2103 2065 2053 2028 2016 2016 2005 2005 2005 1993 1993 1993 2005 2016 2016 2028 2040 2053 2053 2053 2053 2053 2040 2040 2040 1214 1214 1214 1210 1210 1206 1206 1210 1219 1223 1227 1227 1833 1833 1833 1843 1843 1843 1843 1843 0 1833 1833 1823 1823 1813 1813 1813 1813 1813 1794 1794 1785 1776 1776 1785 1794 1813 1833 1843 1853 1843 1833 1833 1833 1823 1823 1823 1823 1823 1804 1794 1785 1776 1757 1757 1757 1757 1757 1748 1739 1739 1731 1731 1722 1722 1722 1722 1722 1722 1722 1713 1713 1722 1722 1713 1713 1713 1713 1713 1713 1705 1688 1688 1696 0 0 0 0 0
0 0 0 0 0 0 0 0 0 0 0 0 0 0 0 0 0 0 951 951 956 962 967 970 970 973 973 973 975 981 981 981 1050 1050 1050 1054 1054 1057 1214 1214 1214 1214 1214 1214 1219 1219 1223 1236 1241 1241 1245 1250 1255 1259 1264 1268 1273 1278 1283 1288 1297 1302 1312 1312 1317 1328 1328 1333 1338 1338 1349 1354 1359 1370 1370 1376 1381 1387 1392 1398 1398 1410 1415 1415 1427 1439 1445 1445 1452 1464 1464 1477 1483 1489 1496 1503 1509 1509 1516 1516 2639 2639 2639 2639 2639 2639 2618 2618 2598 2598 2579 2579 2579 2579 2579 2579 2579 2560 2560 2560 2560 2560 2541 2467 2450 2432 2432 2415 2415 2415 2415 2432 2432 2432 2432 2415 2349 2301 2301 2286 2286 2286 2286 2286 2286 2286 2286 2286 2286 2286 2286 2286 2286 2286 2286 2286 2286 2286 2271 2271 2271 2241 2241 2226 2198 2116 2116 2103 2090 2090 2090 2090 2090 2090 2090 2090 2090 2103 2103 2116 2116 2116 2116 2116 2116 2116 2116 2116 2116 2116 2116 2129 2129 2129 2129 2129 2129 2143 2143 2143 2143 2129 2129 2129 2116 2103 2065 2053 2028 2016 2016 2005 2005 2005 2005 2005 2005 2005 2016 2016 2028 2040 2053 2053 2053 2053 2053 2040 2040 2040 1210 1210 1210 1210 1206 1206 1206 1210 1219 1227 1232 1232 1833 1833 1833 1843 1843 1843 1843 1843 1464 1833 1833 1823 1823 1813 1813 1813 1823 1823 1804 1794 1785 1785 1785 1785 1794 1813 1843 1843 1853 1853 1843 1833 1833 1823 1823 1823 1823 1813 1804 1794 1785 1776 1757 1757 1757 1757 1757 1748 1748 1739 1731 1731 1722 1722 1722 1722 1722 1722 1722 1722 1722 1722 1722 1713 1713 1713 1713 1713 1713 1705 1696 1696 1696 0 0 0 0 0
0 0 0 0 0 0 0 0 0 0 0 0 0 0 0 0 0 0 951 951 956 962 967 970 970 973 973 973 975 981 984 984 989 1054 1054 1054 1054 1057 1214 1214 1214 1214 1214 1214 1219 1219 1223 1236 1241 1241 1245 1255 1255 1259 1264 1273 1273 1278 1283 1292 1297 1307 1312 1312 1317 1328 1328 1333 1338 1343 1349 1354 1365 1370 1376 1376 1381 1387 1392 1398 1404 1410 1415 1421 1433 1439 1445 1452 1458 1464 1464 1477 1483 1489 1489 1496 1503 1503 1503 2618 2618 2618 2639 2639 2639 2639 2639 2618 2598 2598 2579 2579 2579 2579 2579 2579 2579 2560 2560 2560 2560 2560 2541 2485 2450 2432 2432 2432 2415 2415 2432 2432 2432 2432 2432 2415 2365 2317 2301 2301 2301 2286 2286 2286 2286 2286 2286 2286 2286 2286 2286 2286 2286 2286 2286 2286 2286 2286 2271 2271 2271 2256 2241 2226 2184 2129 2116 2103 2103 2090 2090 2103 2090 2090 2090 2090 2103 2103 2103 2103 2103 2116 2116 2116 2116 2116 2116 2116 2116 2116 2116 2129 2129 2129 2129 2129 2143 2143 2143 2143 2143 2129 2129 2129 2116 2103 2065 2053 2028 2016 2016 2005 2005 2005 2005 2005 2005 2005 2016 2016 2028 2040 2053 2053 2053 2053 2053 2040 2040 2040 1214 1210 1210 1210 1206 1206 1206 1210 1223 1227 1232 1232 1833 1833 1833 1843 1833 1833 1464 1464 1464 1464 1813 1813 1813 1823 1823 1823 1823 1823 1804 1794 1794 1785 1785 1794 1804 1823 1853 1853 1853 1853 1843 1833 1833 1823 1823 1823 1823 1813 1804 1794 1785 1785 1766 1766 1757 1748 1748 1748 1748 1739 1731 1731 1731 1731 1722 1722 1722 1722 1722 1722 1722 1722 1722 1722 1713 1713 1713 1713 1713 1713 1705 1705 1705 0 0 0 0 0
0 0 0 0 0 0 0 0 0 0 0 0 0 0 0 0 0 0 954 954 956 962 967 970 970 973 973 973 978 984 989 989 989 1054 1054 1057 1057 1214 1214 1214 1219 1219 1219 1219 1219 1223 1227 1236 1241 1241 1245 1255 1259 1264 1268 1273 1273 1278 1283 1292 1297 1307 1312 1312 1317 1328 1333 1333 1338 1343 1354 1359 1365 1370 1376 1376 1381 1387 1392 1398 1404 1410 1415 1421 1433 1439 1445 1452 1458 1464 1470 1477 1483 1489 1489 1496 1503 1503 1503 2618 2618 2618 2639 2639 2639 2639 2639 2639 2618 2598 2579 2579 2579 2579 2579 2579 2579 2560 2560 2560 2560 2560 2541 2485 2450 2432 2432 2432 2432 2432 2432 2432 2432 2432 2432 2415 2381 2317 2301 2301 2301 2286 2286 2286 2286 2286 2286 2286 2286 2286 2286 2286 2286 2286 2286 2286 2286 2286 2286 2286 2286 2256 2241 2226 2156 2129 2116 2103 2103 2090 2090 2090 2103 2103 2103 2103 2103 2103 2103 2103 2103 2116 2116 2116 2116 2116 2129 2129 2129 2129 2129 2129 2129 2129 2129 2143 2143 2156 2156 2143 2143 2143 2129 2129 2116 2103 2065 2040 2028 2016 2016 2016 2005 2005 2005 2016 2016 2016 2016 2016 2028 2040 2053 2053 2053 2053 2053 2053 2053 2053 1214 1214 1210 1210 1210 1206 1206 1206 1223 1227 1232 1241 1833 1833 1843 1843 1833 1464 1464 1464 1464 1464 1804 1804 1813 1823 1823 0 1813 1813 1804 1794 1785 1785 1785 1794 1804 1833 1853 1853 1863 1853 1853 1843 1833 1833 1823 1823 1823 1813 1804 1794 1794 1794 1785 1776 1757 1748 1748 1748 1748 1739 1731 1731 1731 1739 1722 1722 1722 1722 1722 1722 1722 1722 1722 1713 1713 1713 1713 1713 1713 1705 1705 1705 1705 0 0 0 0 0
0 0 0 0 0 0 0 0 0 0 0 0 0 0 0 0 0 0 954 954 959 962 970 973 973 973 975 975 978 984 989 989 992 1054 1057 1057 1057 1057 1214 1214 1214 1219 1219 1219 1219 1223 1227 1236 1241 1241 1250 1255 1259 1264 1273 1273 1278 1278 1288 1292 1297 1307 1312 1317 1322 1328 1333 1333 1338 1349 1354 1359 1365 1376 1376 1376 1381 1387 1392 1398 1404 1410 1415 1427 1433 1439 1452 1458 1464 1470 1470 1483 1483 1489 1496 1503 1509 1509 2618 2618 2618 2618 2639 2659 2659 2659 2639 2639 2618 2618 2598 2598 2598 2579 2579 2579 2579 2579 2560 2560 2560 2560 2541 2503 2450 2432 2432 2432 2432 2432 2432 2432 2432 2432 2432 2415 2398 2317 2301 2301 2301 2286 2286 2286 2286 2286 2286 2286 2286 2286 2286 2286 2286 2286 2286 2286 2286 2286 2286 2286 2286 2256 2241 2212 2156 2129 2116 2103 2103 2090 2090 2090 2103 2103 2103 2103 2103 2103 2103 2103 2103 2116 2116 2116 2116 2116 2129 2129 2129 2129 2129 2129 2129 2129 2129 2143 2143 2156 2156 2156 2156 2143 2129 2129 2116 2116 2065 2040 2028 2016 2016 2016 2005 2005 2005 2016 2016 2016 2016 2028 2040 2053 2053 2053 2053 2053 2053 2053 2053 2053 1214 1214 1214 1210 1210 1206 1206 1206 1223 1232 1236 1241 1853 1853 1843 1843 1843 1464 1464 1464 1464 1464 1804 1804 1823 1823 1823 0 1804 1804 1804 1794 1785 1785 1785 1794 1804 1843 1853 1863 1863 1863 1863 1853 1843 1833 1833 1823 1823 1813 1804 1794 1794 1794 1785 1776 1757 1757 1748 1748 1748 1739 1739 1731 1731 1739 1739 1722 1722 1722 1722 1722 1722 1722 1722 1713 1713 1713 1713 1713 1713 1705 1705 1705 1705 0 0 0 0 0
0 0 0 0 0 0 0 0 0 0 0 0 0 0 0 0 0 0 954 954 962 962 970 973 973 973 975 978 981 984 984 989 992 1057 1057 1057 1057 1057 1214 1214 1214 1214 1214 1219 1223 1223 1227 1236 1241 1245 1250 1255 1259 1268 1273 1273 1278 1283 1288 1292 1297 1307 1312 1317 1322 1328 1333 1338 1343 1349 1354 1359 1365 1376 1376 1381 1381 1387 1392 1398 1404 1410 1415 1427 1439 1445 1452 1458 1464 1470 1477 1483 1489 1489 1496 1509 1516 1523 1523 2618 2618 2639 2639 2659 2659 2659 2639 2639 2639 2618 2618 2598 2598 2579 2579 2579 2579 2579 2579 2560 2560 2560 2541 2503 2450 2432 2432 2432 2432 2432 2432 2432 2432 2432 2432 2432 2415 2301 2301 2301 2301 2286 2286 2286 2286 2286 2286 2286 2301 2301 2286 2286 2301 2301 2286 2286 2286 2286 2286 2286 2286 2271 2256 2184 2129 2116 2116 2116 2103 2103 2103 2103 2103 2103 2103 2103 2103 2103 2103 2116 2116 2116 2116 2116 2116 2116 2129 2129 2129 2129 2129 2129 2143 2143 2143 2143 2156 2156 2156 2156 2156 2143 2129 2129 2116 2116 2065 2040 2028 2016 2016 2016 2005 2005 2005 2016 2016 2016 2016 2040 2053 2053 2053 2053 2053 2053 2053 2053 2065 2065 1210 1210 1214 1214 1210 1206 1206 1210 1219 1227 1241 1245 1863 1853 1843 1843 1843 1470 1470 1470 1464 1464 1823 1823 1823 1823 1823 0 1804 1804 1804 1794 1785 1785 1785 1794 1804 1843 1853 1863 1863 1863 1863 1853 1843 1833 1833 1833 1823 1813 1804 1794 1794 1785 1776 1776 1766 1757 1748 1748 1748 1748 1739 1739 1739 1739 1739 1731 1731 1722 1722 1722 1722 1722 1713 1713 1713 1713 1713 1713 1713 1713 1713 1705 1705 0 0 0 0 0
0 0 0 0 0 0 0 0 0 0 0 0 0 0 0 0 0 0 956 956 962 962 970 973 973 973 975 978 981 984 984 987 989 1057 1057 1057 1060 1060 1077 1219 1219 1214 1214 1219 1223 1223 1227 1236 1241 1245 1250 1255 1259 1268 1273 1273 1278 1283 1288 1292 1297 1307 1312 1317 1322 1328 1333 1338 1343 1349 1354 1359 1370 1376 1376 1381 1387 1387 1392 1398 1404 1410 1415 1433 1439 1445 1452 1458 1464 1470 1477 1483 1489 1489 1496 1509 1516 1516 1516 2639 2639 2659 2659 2659 2659 2659 2639 2639 2639 2639 2639 2618 2618 2579 2579 2579 2579 2579 2560 2560 2560 2560 2541 2485 2450 2432 2432 2432 2432 2432 2432 2432 2432 2432 2432 2432 2398 2301 2301 2301 2301 2286 2286 2301 2301 2301 2301 2301 2301 2286 2286 2301 2301 2301 2286 2286 2286 2286 2286 2286 2286 2271 2256 2184 2129 2116 2116 2116 2103 2103 2103 2103 2103 2103 2103 2103 2103 2103 2103 2116 2116 2116 2116 2116 2116 2129 2129 2129 2129 2129 2129 2129 2143 2143 2143 2143 2156 2156 2156 2156 2156 2143 2129 2129 2116 2103 2053 2040 2028 2028 2016 2016 2016 2016 2016 2016 2016 2016 2028 2053 2053 2053 2053 2053 2053 2053 2053 2053 2053 2053 1210 1210 1214 1214 1210 1210 1210 1210 1219 1223 1241 1245 1873 1863 1853 1853 1853 1470 1470 1470 1464 1464 1823 1823 1813 1813 1813 1833 1813 1813 1804 1794 1785 1785 1785 1794 1804 1833 1853 1863 1863 1863 1853 1853 1843 1843 1833 1833 1823 1823 1813 1794 1794 1785 1776 1776 1766 1757 1757 1748 1748 1748 1748 1739 1739 1739 1739 1731 1731 1731 1731 1722 1722 1722 1713 1713 1713 1713 1713 1713 1713 1713 1713 1705 1705 0 0 0 0 0
0 0 0 0 0 0 0 0 0 0 0 0 0 0 0 0 0 0 956 956 962 967 970 973 973 975 975 978 981 984 984 987 989 1057 1057 1057 1063 1067 1077 1219 1219 1214 1214 1219 1223 1223 1227 1236 1245 1250 1255 1259 1259 1264 1273 1278 1283 1288 1292 1292 1297 1312 1312 1317 1322 1333 1333 1338 1343 1354 1354 1370 1376 1376 1376 1381 1387 1392 1392 1398 1410 1415 1427 1433 1439 1445 1452 1464 1464 1470 1477 1483 1489 1489 1496 1516 1516 1516 1516 2659 2659 2659 2659 2659 2659 2659 2639 2639 2639 2639 2639 2618 2618 2598 2579 2579 2579 2579 2560 2560 2560 2560 2541 2467 2432 2432 2432 2432 2432 2432 2432 2450 2450 2450 2432 2432 2398 2301 2301 2301 2301 2301 2301 2301 2301 2301 2301 2301 2301 2286 2286 2301 2301 2301 2286 2286 2286 2286 2286 2286 2286 2271 2256 2170 2129 2116 2116 2116 2103 2103 2103 2103 2103 2103 2103 2103 2103 2103 2116 2116 2116 2129 2129 2129 2129 2129 2129 2129 2129 2129 2129 2129 2143 2143 2143 2143 2156 2156 2156 2156 2156 2143 2129 2129 2116 2103 2053 2040 2028 2028 2016 2016 2016 2016 2016 2016 2016 2016 2028 2053 2053 2053 2053 2053 2065 2053 2053 2053 2053 2053 1223 1219 1214 1214 1210 1210 1210 1210 1219 1223 1236 1245 1873 1863 1853 1853 1853 1853 1470 1470 1470 1470 1833 1833 1813 1813 0 1833 1833 1823 1813 1804 1794 1785 1785 1794 1804 1833 1853 1863 1863 1863 1853 1853 1843 1843 1843 1833 1823 1813 1804 1794 1794 1785 1776 1776 1766 1757 1757 1748 1748 1748 1748 1748 1748 1739 1739 1731 1722 1722 1731 1731 1722 1722 1722 1722 1713 1713 1713 1713 1713 1705 1705 1705 1705 0 0 0 0 0
0 0 0 0 0 0 0 0 0 0 0 0 0 0 0 0 0 0 959 959 962 967 970 973 973 975 975 978 981 984 987 989 989 1057 1057 1060 1067 1070 1080 1219 1219 1214 1214 1219 1223 1223 1227 1236 1245 1250 1255 1259 1259 1264 1273 1278 1283 1288 1292 1297 1302 1312 1312 1317 1322 1333 1338 1338 1349 1354 1365 1370 1376 1376 1381 1387 1392 1392 1398 1404 1410 1415 1427 1439 1445 1445 1452 1464 1464 1470 1477 1483 1489 1496 1496 1516 1516 1516 1516 2659 2659 2659 2659 2659 2659 2659 2639 2639 2639 2639 2639 2618 2618 2598 2579 2579 2579 2579 2560 2560 2560 2560 2541 2450 2432 2432 2432 2432 2450 2450 2450 2450 2450 2450 2450 2432 2381 2301 2301 2301 2301 2301 2301 2301 2301 2301 2301 2301 2301 2301 2301 2301 2301 2301 2301 2286 2286 2286 2286 2286 2286 2271 2256 2170 2143 2116 2116 2116 2103 2103 2103 2103 2103 2103 2103 2116 2116 2116 2116 2116 2116 2116 2116 2129 2129 2129 2143 2129 2129 2129 2129 2129 2143 2143 2143 2143 2156 2156 2156 2156 2156 2143 2129 2129 2116 2103 2065 2053 2028 2028 2016 2016 2016 2016 2016 2016 2016 2028 2040 2053 2053 2053 2053 2053 2065 2053 2040 2040 2040 1214 1214 1214 1214 1214 1210 1210 1210 1210 1223 1223 1236 1236 1863 1863 1853 1853 1863 1483 1470 1470 1477 1843 1833 1823 1823 1823 0 1833 1833 1823 1813 1804 1794 1794 1794 1794 1813 1843 1853 1863 1863 1863 1853 1853 1853 1843 1843 1833 1823 1813 1804 1804 1794 1785 1776 1776 1766 1757 1757 1748 1748 1748 1757 1748 1748 1739 1739 1722 1722 1722 1731 1731 1722 1722 1722 1722 1713 1713 1713 1713 1705 1696 1696 1696 1696 0 0 0 0 0
0 0 0 0 0 0 0 0 0 0 0 0 0 0 0 0 0 0 959 959 962 967 970 973 973 975 978 978 981 984 984 989 992 1057 1057 1063 1067 1067 1070 1219 1219 1219 1219 1219 1223 1223 1232 1241 1245 1250 1255 1259 1259 1264 1273 1278 1283 1288 1292 1297 1307 1312 1317 1317 1322 1333 1338 1338 1349 1354 1365 1370 1370 1376 1376 1387 1392 1398 1404 1410 1415 1415 1427 1439 1445 1452 1458 1464 1464 1470 1477 1483 1489 1496 1496 1516 1516 1516 1516 2680 2680 2680 2680 2680 2659 2659 2659 2639 2639 2639 2639 2618 2618 2598 2579 2579 2579 2579 2579 2560 2560 2560 2503 2450 2432 2432 2432 2432 2450 2450 2450 2450 2450 2450 2450 2432 2381 2301 2301 2301 2301 2301 2301 2301 2301 2301 2301 2301 2301 2301 2301 2301 2301 2301 2301 2301 2286 2286 2286 2286 2286 2271 2256 2170 2143 2116 2116 2116 2103 2103 2103 2103 2103 2103 2116 2116 2116 2116 2116 2116 2116 2116 2116 2129 2129 2129 2129 2129 2129 2129 2143 2143 2143 2143 2143 2143 2156 2156 2156 2156 2156 2143 2129 2129 2116 2103 2065 2053 2040 2028 2016 2016 2016 2016 2016 2016 2016 2028 2040 2053 2053 2053 2053 2065 2065 2053 2040 2040 2040 1214 1214 1214 1214 1214 1210 1210 1210 1214 1223 1227 1227 1873 1863 1863 1863 1863 1873 1470 1470 1470 1477 1843 1823 1823 1823 1823 1833 1833 1833 1823 1813 1794 1794 1794 1794 1794 1833 1853 1863 1863 1863 1863 1853 1853 1853 1853 1843 1833 1823 1813 1804 1804 1794 1785 1776 1776 1766 1757 1757 1757 1757 1757 1757 1757 1748 1739 1739 1722 1722 1722 1722 1722 1731 1722 1722 1722 1722 1713 1713 1713 1705 1696 1696 1696 1696 0 0 0 0 0
0 0 0 0 0 0 0 0 0 0 0 0 0 0 0 0 0 0 959 959 967 967 970 973 973 975 978 978 981 984 984 989 992 992 1060 1063 1067 1067 1070 1080 1219 1219 1219 1219 1223 1223 1232 1241 1245 1250 1255 1259 1264 1268 1273 1278 1283 1288 1292 1302 1307 1312 1317 1317 1322 1328 1338 1338 1343 1354 1365 1370 1370 1376 1376 1387 1392 1398 1404 1410 1415 1421 1433 1439 1445 1452 1458 1464 1464 1470 1477 1489 1489 1496 1496 1516 1516 1516 1516 2680 2680 2680 2680 2680 2659 2659 2659 2639 2639 2639 2639 2618 2618 2598 2598 2598 2579 2579 2579 2560 2560 2560 2503 2450 2432 2432 2432 2432 2450 2450 2450 2450 2450 2450 2450 2432 2381 2333 2317 2301 2301 2301 2301 2301 2301 2301 2301 2301 2301 2301 2301 2301 2301 2301 2301 2301 2301 2286 2286 2286 2286 2271 2256 2156 2143 2116 2116 2116 2103 2103 2103 2103 2103 2116 2116 2116 2116 2116 2116 2116 2129 2129 2129 2129 2129 2129 2129 2129 2129 2129 2143 2143 2156 2156 2156 2156 2156 2156 2156 2156 2156 2143 2129 2129 2116 2103 2065 2053 2028 2028 2016 2016 2016 2016 2016 2016 2028 2040 2053 2053 2053 2053 2053 2065 2065 2053 2016 2016 2016 1214 1214 1214 1214 1214 1214 1210 1210 1214 1223 1227 1227 1873 1873 1863 1863 1863 1464 1464 1470 1477 1477 1477 1823 1823 1823 1823 1833 1833 1823 1823 1813 1794 1794 1794 1794 1794 1853 1863 1863 1863 1863 1863 1863 1863 1863 1853 1843 1833 1823 1813 1813 1804 1794 1794 1785 1776 1766 1757 1757 1757 1757 1757 1757 1757 1748 1748 1739 1731 1722 1722 1722 1722 1731 1731 1722 1722 1722 1713 1713 1713 1713 1705 1705 1696 1696 0 0 0 0 0
0 0 0 0 0 0 0 0 0 0 0 0 0 0 0 0 0 0 956 956 962 967 970 973 973 975 978 978 981 984 987 992 992 992 1060 1063 1063 1063 1070 1080 1219 1219 1219 1219 1223 1227 1232 1241 1250 1255 1255 1259 1264 1273 1278 1278 1283 1288 1302 1307 1312 1312 1312 1312 1322 1328 1338 1338 1343 1370 1370 1579 1572 1572 1572 1564 1564 1564 1564 1415 1415 1421 1433 1439 1445 1445 1458 1464 1464 1470 1483 1489 1496 1496 1503 1516 1516 1516 1516 2639 2639 2659 2680 2680 2659 2659 2659 2639 2639 2639 2639 2618 2618 2598 2598 2598 2579 2579 2579 2579 2560 2560 2503 2450 2450 2450 2450 2450 2450 2467 2467 2467 2450 2450 2450 2432 2398 2349 2333 2317 2301 2301 2301 2301 2301 2301 2301 2301 2301 2301 2301 2301 2301 2301 2301 2301 2301 2301 2286 2286 2286 2271 2256 2156 2143 2129 2116 2116 2103 2103 2103 2103 2103 2116 2116 2116 2116 2116 2116 2116 2129 2129 2143 2143 2143 2143 2143 2143 2143 2143 2156 2156 2156 2156 2156 2156 2156 2156 2156 2156 2156 2156 2129 2129 2116 2103 2053 2040 2028 2028 2016 2016 2016 2016 2016 2016 2028 2040 2053 2053 2053 2053 2053 2065 2065 2065 2016 2016 2016 1214 1214 1214 1214 1214 1214 1214 1214 1214 1223 1227 1227 1873 1873 1863 1863 1863 1464 1464 1477 1477 1483 1483 1813 1813 1813 1813 1833 1833 1823 1823 1813 1804 1794 1785 1785 1804 1853 1863 1863 1863 1863 1863 1863 1863 1863 1853 1843 1833 1823 1823 1813 1804 1794 1794 1785 1776 1776 1757 1757 1757 1757 1757 1757 1748 1748 1748 1748 1739 1731 1731 1722 1722 1731 1731 1722 1722 1722 1722 1713 1713 1713 1713 1713 1705 1705 0 0 0 0 0
0 0 0 0 0 0 0 0 0 0 0 0 0 0 0 0 0 0 956 956 962 967 970 973 975 978 981 981 981 984 987 992 995 995 1060 1060 1063 1063 1070 1077 1219 1219 1219 1219 1223 1227 1232 1245 1250 1255 1259 1259 1264 1273 1278 1283 1283 1292 1302 1307 1312 1312 1312 1312 1609 1594 1594 1594 1586 1586 1579 1579 1572 1572 1564 1564 1564 1564 1572 1415 1415 1421 1439 1439 1445 1445 1458 1464 1470 1470 1483 1489 1496 1496 1503 1516 1523 1523 2639 2639 2639 2659 2680 2659 2659 2659 2659 2659 2639 2639 2639 2618 2618 2598 2598 2598 2598 2579 2579 2579 2560 2560 2541 2485 2467 2450 2450 2450 2450 2467 2467 2467 2467 2467 2450 2432 2415 2365 2349 2333 2317 2301 2301 2301 2301 2301 2301 2301 2301 2301 2301 2301 2301 2301 2301 2301 2301 2301 2286 2286 2286 2271 2241 2143 2129 2129 2116 2116 2103 2103 2116 2116 2116 2116 2116 2116 2116 2116 2116 2116 2129 2129 2143 2156 2143 2143 2143 2143 2143 2143 2156 2156 2156 2156 2156 2156 2156 2156 2156 2156 2156 2156 2129 2129 2116 2103 2053 2040 2028 2028 2016 2016 2016 2016 2016 2028 2040 2040 2053 2053 2053 2053 2065 2065 2065 2065 2016 2016 2016 1214 1214 1214 1219 1214 1214 1214 1214 1214 1227 1232 1232 1873 1873 1863 1863 1873 1470 1470 1477 1477 1483 1833 1813 1813 1813 1766 1843 1843 1823 1823 1804 1794 1794 1785 1785 1804 1853 1863 1863 1863 1863 1863 1863 1863 1863 1863 1843 1833 1823 1823 1823 1804 1794 1794 1785 1776 1757 1757 1766 1757 1757 1757 1757 1748 1748 1748 1748 1739 1731 1731 1731 1731 1731 1739 1731 1722 1722 1722 1722 1722 1722 1713 1713 1713 1713 0 0 0 0 0
0 0 0 0 0 0 0 0 0 0 0 0 0 0 0 0 0 0 954 954 962 970 973 973 975 978 981 981 984 984 989 992 995 995 1057 1057 1063 1063 1067 1073 1219 1219 1219 1223 1223 1227 1236 1245 1255 1255 1259 1264 1268 1273 1278 1283 1288 1292 1302 1307 1312 1312 1312 1312 1328 1601 1601 1601 1594 1586 1579 1579 1572 1572 1564 1557 1557 1415 1415 1415 1415 1421 1439 1439 1445 1445 1464 1464 1470 1470 1483 1489 1496 1496 1503 1516 1516 1516 2639 2639 2639 2680 2680 2659 2659 2659 2659 2659 2639 2639 2639 2639 2618 2618 2598 2598 2598 2579 2579 2579 2579 2560 2541 2522 2522 2485 2485 2467 2467 2467 2467 2485 2485 2467 2467 2450 2432 2415 2381 2365 2365 2301 2301 2317 2317 2317 2317 2317 2317 2301 2301 2301 2301 2301 2301 2301 2301 2301 2286 2286 2286 2271 2241 2143 2129 2129 2116 2116 2116 2116 2116 2116 2116 2116 2116 2116 2116 2116 2116 2116 2129 2143 2156 2156 2156 2156 2156 2156 2156 2156 2156 2156 2156 2156 2156 2156 2156 2156 2156 2156 2156 2156 2143 2129 2116 2116 2065 2053 2028 2028 2016 2016 2016 2016 2016 2028 2040 2040 2053 2053 2053 2065 2065 2065 2065 2065 2053 2053 2053 1214 1214 1214 1214 1214 1210 1210 1214 1214 1227 1236 0 1873 1873 1873 1873 1483 1477 1477 1477 1477 1833 1833 1813 1766 1766 1766 1853 1843 1823 1813 1804 1794 1794 1794 1794 1823 1863 1873 1863 1863 1863 1863 1863 1863 1863 1863 1843 1833 1833 1823 1823 1813 1804 1794 1785 1776 1757 1757 1757 1757 1757 1757 1757 1748 1748 1748 1739 1739 1731 1731 1739 1739 1739 1739 1731 1722 1722 1722 1722 1722 1722 1722 1722 1722 0 0 0 0 0 0
0 0 0 0 0 0 0 0 0 0 0 0 0 0 0 0 0 0 954 954 962 970 973 975 975 981 981 981 984 984 989 992 995 998 1057 1057 1063 1067 1067 1073 1219 1223 1223 1223 1227 1232 1236 1245 1255 1255 1259 1264 1268 1273 1278 1283 1288 1292 1302 1307 1312 1317 1312 1312 1328 1338 1338 1609 1370 1370 1370 1376 1376 1387 1387 1392 1398 1410 1415 1421 1421 1427 1439 1445 1445 1452 1464 1464 1470 1470 1483 1489 1496 1496 1503 1516 1516 1536 1536 2680 2680 2701 2680 2659 2659 2659 2659 2659 2639 2639 2639 2639 2639 2639 2618 2618 2598 2598 2598 2579 2579 2579 2579 2579 2579 2579 2618 2639 2503 2503 2503 2503 2503 2503 2485 2485 2485 2485 2485 2485 2485 2485 2467 2450 2432 2415 2365 2349 2333 2333 2333 2333 2333 2333 2333 2317 2301 2301 2301 2301 2301 2286 2271 2143 2129 2129 2116 2116 2116 2116 2116 2116 2116 2116 2116 2116 2116 2129 2129 2129 2143 2143 2156 2156 2156 2156 2156 2156 2156 2156 2156 2156 2156 2156 2156 2156 2156 2156 2156 2156 2156 2156 2143 2129 2129 2103 2065 2053 2040 2028 2028 2028 2028 2028 2028 2028 2028 2040 2053 2053 2065 2065 2065 2065 2065 2065 2053 2053 2053 1214 1214 1214 1214 1214 1210 1210 1214 1214 1236 1245 1245 1883 1883 1883 1470 1470 1470 1477 1483 1483 1833 1833 1813 1766 1766 1766 1853 1853 1823 1804 1794 1794 1794 1794 1804 1833 1863 1873 1873 1863 1863 1863 1863 1863 1863 1863 1843 1833 1833 1823 1823 1813 1804 1794 1785 1776 1757 1757 1757 1757 1757 1757 1757 1748 1748 1748 1739 1739 1731 1731 1739 1739 1739 1731 1731 1731 1722 1722 1722 1722 1722 1722 1722 1722 0 0 0 0 0 0
0 0 0 0 0 0 0 0 0 0 0 0 0 0 0 0 0 0 956 956 970 973 973 978 981 981 981 984 984 987 989 992 998 1001 1057 1060 1067 1067 1067 1219 1219 1223 1223 1223 1227 1232 1236 1250 1255 1259 1259 1268 1273 1278 1278 1288 1292 1297 1302 1307 1312 1317 1328 1333 1333 1338 1338 1354 1359 1365 1370 1376 1376 1387 1387 1392 1398 1404 1415 1415 1421 1427 1439 1445 1452 1458 1464 1464 1470 1477 1489 1496 1503 1503 1516 1523 1523 1536 1536 2680 2680 2701 2701 2659 2659 2659 2659 2659 2639 2639 2639 2639 2639 2639 2639 2618 2618 2598 2598 2579 2579 2579 2579 2579 2579 2598 2618 2639 2639 2522 2522 2503 2503 2522 2522 2522 2522 2541 2541 2541 2522 2503 2485 2485 2485 2450 2415 2381 2349 2349 2349 2349 2349 2349 2349 2333 2317 2317 2317 2317 2301 2286 2271 2184 2129 2129 2116 2116 2116 2116 2116 2116 2116 2116 2116 2116 2116 2129 2129 2129 2143 2143 2156 2156 2156 2156 2156 2156 2156 2156 2156 2156 2156 2156 2156 2156 2156 2156 2156 2156 2156 2156 2129 2129 2116 2103 2053 2053 2040 2040 2028 2028 2028 2028 2028 2028 2028 2040 2053 2053 2065 2065 2065 2065 2065 2053 2053 2053 2053 1210 1210 1210 1214 1214 1214 1214 1214 1219 1241 1245 1245 1883 1883 1883 1470 1470 1470 1477 1483 1483 1833 1833 1794 1766 1766 1776 1813 1833 1823 1804 1794 1794 1794 1794 1804 1833 1863 1873 1873 1873 1873 1863 1863 1863 1863 1863 1843 1833 1833 1823 1823 1813 1804 1804 1785 1776 1766 1766 1757 1757 1757 1757 1757 1757 1748 1748 1739 1739 1739 1739 1748 1748 1739 1731 1731 1731 1731 1722 1722 1722 1722 1722 1722 1722 0 0 0 0 0 0
0 0 0 0 0 0 0 0 0 0 0 0 0 0 0 0 0 0 956 956 970 973 975 978 981 981 984 984 984 987 992 995 998 998 1060 1063 1067 1067 1067 1219 1219 1223 1223 1223 1227 1236 1236 1250 1255 1259 1259 1268 1273 1278 1283 1292 1292 1302 1302 1307 1312 1322 1328 1333 1338 1338 1338 1354 1359 1365 1370 1381 1381 1387 1387 1392 1398 1404 1415 1415 1421 1427 1439 1445 1452 1458 1464 1470 1477 1483 1489 1496 1503 1509 1516 1523 1529 1529 2680 2680 2680 2680 2680 2659 2659 2659 2639 2639 2639 2639 2639 2639 2639 2639 2639 2639 2618 2618 2598 2598 2579 2579 2579 2579 2579 2598 2618 2639 2639 2639 2618 2618 2618 2598 2598 2618 2618 2618 2598 2579 2579 2560 2522 2503 2485 2485 2467 2398 2381 2365 2365 2365 2365 2365 2365 2349 2349 2349 2333 2333 2317 2286 2286 2226 2129 2129 2116 2116 2116 2116 2116 2116 2116 2116 2129 2129 2129 2129 2143 2143 2143 2143 2156 2156 2156 2156 2156 2156 2156 2156 2156 2156 2156 2156 2156 2156 2156 2156 2156 2156 2156 2156 2129 2129 2116 2090 2053 2040 2040 2028 2028 2016 2016 2016 2016 2028 2028 2040 2053 2053 2065 2065 2065 2065 2053 2053 2028 2028 2028 1210 1210 1210 1214 1214 1214 1214 1214 1219 1241 1245 1245 1245 1483 1477 1477 1477 1483 1483 1483 1483 1843 1843 1794 1766 1766 1776 1813 1833 1823 1813 1804 1794 1794 1804 1813 1843 1863 1873 1873 1873 1873 1863 1863 1863 1863 1853 1843 1833 1833 1823 1823 1813 1804 1794 1785 1776 1766 1766 1757 1757 1757 1757 1757 1757 1748 1748 1739 1739 1739 1739 1748 1748 1739 1739 1731 1731 1722 1722 1722 1722 1722 1722 1722 1722 0 0 0 0 0 0
0 0 0 0 0 0 0 0 0 0 0 0 0 0 0 0 0 0 959 959 970 973 975 978 981 981 984 984 987 989 992 995 998 998 1063 1063 1067 1070 1070 1219 1219 1223 1223 1227 1232 1236 1236 1255 1255 1259 1264 1268 1273 1278 1283 1288 1292 1302 1302 1307 1312 1322 1328 1333 1338 1343 1343 1354 1359 1370 1376 1381 1381 1387 1387 1392 1398 1404 1415 1415 1421 1427 1439 1445 1458 1464 1470 1470 1477 1489 1496 1496 1503 1509 1516 1523 1536 1536 0 2680 2680 2680 2659 2659 2659 2659 2639 2639 2639 2639 2639 2639 2618 2618 2618 2598 2598 2598 2598 2579 2579 2579 2579 2579 2579 2598 2618 2639 2639 2618 2618 2618 2618 2618 2598 2598 2618 2598 2598 2598 2598 2579 2560 2560 2541 2522 2503 2467 2432 2398 2381 2381 2381 2381 2365 2365 2349 2349 2349 2349 2333 2301 2286 2256 2198 2143 2129 2129 2116 2116 2116 2116 2116 2129 2129 2129 2143 2143 2143 2143 2143 2143 2156 2156 2156 2170 2170 2170 2170 2170 2170 2156 2156 2156 2170 2170 2156 2156 2156 2156 2156 2156 2129 2129 2116 2090 2053 2040 2040 2028 2028 2016 2016 2016 2016 2028 2028 2040 2053 2053 2065 2065 2065 2065 2053 2053 2028 2028 2028 1219 1219 1219 1219 1214 1214 1214 1214 1219 1241 1245 1245 0 1483 1483 1483 1483 1483 1483 1483 1853 1853 1853 1833 1776 1776 1794 1823 1843 1823 1813 1804 1804 1804 1804 1813 1853 1863 1873 1873 1873 1873 1863 1863 1863 1863 1853 1843 1833 1833 1823 1823 1813 1804 1794 1785 1776 1776 1776 1757 1757 1757 1757 1757 1757 1748 1748 1748 1748 1748 1748 1748 1748 1739 1739 1731 1731 1722 1722 1722 1722 1722 1722 1722 1722 0 0 0 0 0 0
0 0 0 0 0 0 0 0 0 0 0 0 0 0 0 0 0 0 959 959 970 973 975 978 981 981 984 987 989 989 992 995 998 998 1067 1067 1067 1067 1067 1219 1219 1223 1223 1227 1232 1236 1236 1255 1259 1259 1264 1268 1273 1278 1283 1288 1292 1302 1302 1307 1317 1328 1333 1333 1338 1343 1349 1354 1359 1370 1376 1381 1381 1392 1392 1398 1398 1410 1415 1415 1421 1427 1439 1445 1458 1464 1470 1470 1477 1489 1496 1503 1503 1509 1516 1529 1536 1536 0 2680 2680 2680 2659 2639 2639 2659 2618 2618 2639 2659 2639 2639 2618 2579 2579 2579 2560 2560 2579 2579 2579 2579 2579 2579 2579 2579 2598 2618 2618 2598 2598 2598 2598 2598 2579 2579 2598 2598 2598 2579 2579 2579 2579 2579 2560 2560 2560 2541 2541 2541 2503 2485 2432 2415 2398 2381 2365 2365 2349 2349 2349 2317 2301 2271 2271 2170 2143 2129 2129 2116 2116 2116 2129 2129 2143 2143 2156 2156 2156 2156 2156 2156 2156 2156 2156 2170 2170 2170 2170 2170 2170 2170 2170 2170 2170 2170 2170 2156 2156 2156 2156 2156 2129 2129 2116 2090 2053 2053 2040 2040 2028 2016 2016 2016 2016 2028 2040 2053 2053 2053 2065 2065 2065 2065 2053 2053 2028 2028 2028 1219 1219 1219 1219 1219 1219 1219 1219 1223 1241 1245 1245 0 1483 1483 1483 1483 1483 1483 1863 1853 1853 1853 1853 1776 1776 1794 1823 1843 1833 1823 1804 1804 1804 1804 1823 1863 1873 1873 1873 1873 1873 1863 1863 1863 1863 1853 1843 1833 1833 1823 1823 1813 1794 1785 1785 1776 1776 1776 1766 1766 1757 1757 1757 1757 1757 1757 1748 1748 1748 1748 1739 1739 1739 1739 1731 1722 1722 1722 1722 1722 1722 1722 1722 1722 0 0 0 0 0 0
0 0 0 0 0 0 0 0 0 0 0 0 0 0 0 0 0 0 959 959 973 973 975 978 981 981 984 987 989 989 992 995 998 1001 1067 1067 1067 1067 1067 1219 1223 1223 1223 1232 1236 1236 1241 1255 1259 1259 1264 1273 1278 1278 1283 1288 1292 1302 1312 1312 1317 1322 1333 1333 1338 1343 1354 1359 1365 1376 1376 1381 1381 1392 1392 1398 1404 1410 1415 1421 1421 1433 1445 1452 1458 1464 1470 1470 1483 1489 1496 1503 1503 1509 1516 1529 1529 1529 0 1536 0 0 0 2639 2639 0 2618 2618 2639 2659 2639 2639 2639 2579 2503 2503 2560 2560 2579 2579 2579 2579 2579 2579 2579 2579 2598 2618 2618 2560 2560 2560 2560 2560 2560 2560 2579 2560 2560 2579 2579 2579 2579 2579 2579 2579 2560 2560 2560 2560 2560 2541 2503 2467 2450 2415 2381 2365 2365 2365 2349 2317 2301 2286 2286 2170 2156 2143 2129 2129 2116 2116 2129 2143 2156 2156 2156 2156 2156 2156 2156 2156 2156 2156 2156 2156 2156 2170 2170 2170 2170 2170 2170 2170 2170 2170 2170 2170 2170 2170 2170 2156 2143 2143 2116 2103 2053 2053 2040 2040 2028 2016 2016 2016 2028 2028 2040 2053 2053 2065 2065 2065 2065 2065 2065 2053 2028 2028 2028 1219 1219 1219 1223 1219 1219 1219 1219 1223 1241 1245 1245 1489 1489 1489 1489 1483 1483 1483 1863 1853 1853 1853 1853 1785 1785 1813 1833 1843 1843 1833 1804 1804 1804 1804 1823 1853 1863 1873 1873 1873 1873 1863 1863 1863 1863 1853 1843 1833 1833 1823 1823 1813 1794 1785 1785 1785 1776 1776 1776 1766 1766 1757 1757 1757 1757 1757 1757 1757 1748 1748 1739 1739 1739 1739 1731 1722 1722 1722 1722 1731 1731 1722 1722 1722 0 0 0 0 0 0
0 0 0 0 0 0 0 0 0 0 0 0 0 0 0 0 0 0 959 959 973 975 978 981 981 984 984 987 989 992 992 995 998 998 1067 1067 1067 1070 1070 1219 1223 1223 1223 1232 1236 1241 1241 1255 1259 1264 1268 1273 1278 1278 1283 1288 1292 1307 1312 1312 1317 1322 1333 1333 1338 1343 1354 1359 1365 1376 1376 1381 1387 1392 1392 1398 1404 1410 1421 1421 1427 1433 1445 1452 1458 1464 1470 1477 1483 1489 1496 1496 1503 1509 1516 1529 1529 1536 0 0 0 0 0 0 0 0 0 0 0 0 0 0 0 0 2503 2503 0 0 0 0 0 2579 2579 2579 2579 2579 2579 2381 2467 2467 2467 2485 2522 2541 2560 2560 2579 2560 2522 2522 2541 2541 2560 2560 2560 2560 2560 2560 2560 2560 2560 2560 2541 2522 2522 2450 2432 2415 2415 2381 2365 2333 2301 2286 2286 2256 2184 2184 2143 2129 2129 2129 2143 2143 2156 2156 2156 2156 2156 2156 2156 2156 2156 2156 2156 2156 2156 2170 2170 2170 2170 2170 2170 2170 2170 2170 2170 2170 2170 2170 2170 2170 2156 2143 2143 2103 2053 2053 2040 2040 2028 2016 2016 2028 2028 2040 2053 2053 2065 2065 2065 2078 2078 2078 2065 2065 2053 2053 2053 1214 1214 1214 1223 1219 1219 1219 1219 1227 1245 1245 0 0 1489 1489 1489 1483 1483 1483 1483 1853 1853 1843 1776 1776 1785 1823 1863 1863 1843 1833 1813 1804 1804 1804 1823 1853 1863 1873 1873 1873 1873 1873 1863 1863 1863 1853 1853 1833 1833 1823 1823 1813 1794 1785 1785 1785 1776 1776 1776 1766 1766 1757 1757 1757 1757 1757 1757 1757 1748 1748 1739 1739 1739 1739 1739 1731 1722 1722 1731 1731 1731 1731 1722 1722 0 0 0 0 0 0
0 0 0 0 0 0 0 0 0 0 0 0 0 0 0 0 0 0 959 959 973 975 981 981 984 984 984 989 989 992 992 995 998 998 1007 1067 1067 1070 1077 1219 1223 1223 1227 1232 1236 1241 1250 1255 1259 1264 1268 1273 1278 1278 1283 1292 1302 1307 1312 1317 1322 1328 1333 1333 1338 1343 1354 1359 1365 1376 1376 1381 1392 1392 1392 1404 1410 1415 1421 1421 1427 1433 1445 1452 1464 1470 1470 1483 1489 1489 1496 1496 1509 1509 1516 1529 1529 1536 0 2170 2170 0 0 0 0 0 0 0 0 0 0 0 0 0 0 0 0 0 0 0 0 0 2381 2317 2317 2333 2333 2381 2381 2381 2398 2398 2485 2541 2560 2560 2485 2450 2450 2450 2450 2541 2560 2560 2560 2560 2560 2560 2560 2560 2560 2541 2522 2522 2522 2503 2485 2485 2485 2485 2467 2467 2450 2301 2301 2467 2271 2271 2271 2129 2129 2156 2170 2170 2170 2170 2170 2170 2170 2170 2170 2156 2156 2156 2398 2398 2170 2170 2170 2184 2184 2184 2170 2170 2170 2170 2170 2170 2170 2170 2184 2170 2170 2156 2143 2129 2053 2053 2053 2053 2040 2028 2028 2028 2028 2040 2053 2065 2065 2065 2078 2090 2090 2078 2065 2053 2053 2053 1223 1214 1214 1214 1223 1219 1219 1219 1219 1227 1245 1245 0 1489 1489 1483 1483 1483 1483 1483 1863 1853 1853 1804 1776 1776 1794 1833 1863 1863 1843 1833 1813 1813 1813 1813 1833 1853 1863 1873 1873 1873 1873 1873 1863 1863 1863 1863 1853 1843 1833 1823 1823 1813 1794 1794 1785 1785 1785 1785 1776 1776 1766 1757 1757 1757 1757 1757 1757 1757 1748 1748 1739 1739 1739 1739 1739 1731 1731 1731 1739 1739 1731 1731 1722 1722 0 0 0 0 0 0
0 0 0 0 0 0 0 0 0 0 0 0 0 0 0 0 0 0 959 959 973 978 981 981 984 984 987 989 989 992 995 995 998 1004 1007 1070 1070 1077 1077 1080 1223 1223 1227 1232 1236 1241 1250 1255 1259 1264 1273 1273 1278 1283 1288 1292 1302 1307 1312 1317 1322 1328 1333 1338 1338 1349 1349 1354 1359 1376 1381 1381 1392 1398 1398 1404 1410 1415 1421 1427 1433 1433 1445 1458 1464 1470 1470 1483 1489 1489 1496 1503 1509 1516 1516 1529 1529 1529 2170 2170 2170 0 0 0 0 0 0 0 0 0 0 0 0 0 0 0 0 0 0 0 0 2381 2381 2317 2317 2333 2333 2349 2365 2381 2398 2398 2485 2560 2560 2560 2398 2398 2415 2432 2432 2432 2398 2398 2560 2560 2560 2560 2560 2560 2560 2541 2522 2503 2503 2503 2485 2485 2503 2485 2485 2485 2450 2450 2450 2450 2271 2271 2450 2432 2184 2184 2198 2198 2184 2170 2170 2170 2170 2170 2170 2170 2398 2398 2398 2398 2398 2398 2381 2198 2198 2198 2184 2184 2184 2170 2170 2184 2184 2184 2184 2184 2184 2170 2170 2129 2065 2053 2053 2053 2040 2028 2028 2040 2040 2053 2053 2065 2065 2078 2090 2103 2090 2078 2065 2040 2040 2040 1223 1223 1223 1223 1223 1219 1219 1219 1219 1232 1245 1245 0 1483 1483 1483 1483 1483 1483 1863 1863 1863 1863 1804 1776 1776 1804 1833 1863 1863 1843 1823 1813 1813 1813 1813 1833 1873 1883 1883 1883 1883 1883 1873 1873 1863 1863 1863 1863 1843 1833 1823 1823 1813 1794 1794 1785 1785 1785 1785 1776 1776 1776 1766 1757 1757 1757 1757 1757 1757 1748 1748 1748 1748 1739 1739 1739 1739 1739 1739 1731 1731 1722 1722 1722 1722 0 0 0 0 0 0
0 0 0 0 0 0 0 0 0 0 0 0 0 0 0 0 0 0 959 959 975 981 984 984 984 984 987 989 992 995 995 995 998 1004 1007 1073 1073 1077 1077 1080 1084 1227 1227 1232 1236 1241 1255 1259 1259 1264 1273 1273 1278 1283 1288 1292 1302 1307 1312 1317 1322 1328 1333 1338 1343 1349 1349 1354 1359 1376 1381 1387 1392 1398 1398 1404 1410 1421 1421 1427 1433 1433 1445 1458 1464 1470 1470 1483 1489 1489 1496 1503 1509 1516 1523 1536 1536 2143 2143 2143 2143 2184 0 0 0 0 0 0 0 0 0 0 0 0 0 0 0 0 0 0 2256 2256 2286 2301 2301 2317 2317 2317 2333 2349 2301 2301 2301 2301 2301 2349 2349 2365 2398 2398 2398 2398 2398 2381 0 2333 2256 2432 2432 2432 2432 2432 2432 2503 2503 2503 2485 2485 2485 2485 2485 2485 2450 2432 2432 2450 2450 2467 2450 2432 2212 2212 2212 2212 2198 2184 2184 2184 2170 2170 2170 2415 2398 2398 2398 2398 2398 2398 2381 2365 2365 2333 2333 2333 2317 2317 2333 2256 2241 2212 2212 2198 2184 2170 2170 2156 2090 2053 2053 2065 2053 2053 2053 2053 2053 2053 2065 2065 2065 2078 2090 2090 2090 2078 2053 1993 1993 1993 1223 1223 1223 1223 1223 1219 1219 1219 1223 1232 1245 1245 0 0 1483 1483 1483 1483 1483 1863 1863 1863 1863 1843 1776 1776 1804 1833 1863 1863 1843 1823 1813 1813 1823 1823 1833 1873 1883 1883 1883 1883 1883 1873 1873 1873 1863 1863 1863 1843 1833 1823 1823 1813 1794 1794 1785 1785 1785 1785 1776 1776 1776 1757 1757 1757 1757 1757 1757 1757 1748 1748 1748 1748 1748 1739 1739 1739 1739 1739 1731 1722 1722 1722 1722 1722 0 0 0 0 0 0
0 0 0 0 0 0 0 0 0 0 0 0 0 0 0 0 0 0 962 962 975 981 981 984 984 984 987 989 992 995 995 998 1001 1007 1010 1073 1073 1073 1077 1080 1084 1227 1227 1232 1236 1241 1255 1259 1264 1264 1273 1273 1278 1283 1292 1297 1307 1312 1312 1317 1322 1328 1333 1338 1343 1349 1354 1359 1370 1381 1387 1392 1392 1398 1398 1404 1410 1415 1421 1427 1433 1439 1445 1458 1464 1470 1477 1483 1489 1489 1496 1503 1516 1523 1523 1543 1543 2103 2103 2116 2129 2116 2116 2129 2129 2129 2129 2143 0 0 0 0 0 0 0 0 0 0 0 0 2241 2241 2256 2271 2271 2286 2286 2286 2333 2349 2301 2271 2271 2271 2286 2317 2317 2333 2349 2381 2365 2365 2381 2381 2333 0 0 0 0 2432 2432 2432 2432 2432 2432 2485 2485 2485 2485 2485 2485 2485 2432 2432 2432 2450 2450 2467 2450 2432 2415 2415 2212 2212 2212 2170 2170 2170 2170 2184 2415 2398 2398 2398 2398 2398 2381 2381 2381 2365 2365 2365 2349 2349 2333 2333 2333 2317 2301 2301 2271 2271 2286 2184 2184 2170 2116 2090 2090 2078 2078 2065 2065 2065 2065 2065 2065 2065 2078 2078 2090 2090 2090 2090 2053 1993 1993 1993 1227 1227 1223 1223 1223 1219 1219 1219 1223 1232 1245 1245 0 1489 1483 1483 1483 1489 1489 1863 1863 1863 1853 1833 1785 1785 1833 1853 1863 1863 1833 1823 1813 1813 1823 1823 1833 1863 1883 1883 1883 1883 1883 1873 1873 1873 1873 1863 1853 1833 1833 1823 1823 1804 1794 1794 1785 1776 1776 1776 1776 1776 1776 1757 1757 1757 1757 1757 1757 1757 1748 1748 1748 1748 1748 1748 1739 1739 1739 1739 1722 1722 1722 1722 1722 1722 0 0 0 0 0 0
0 0 0 0 0 0 0 0 0 0 0 0 0 0 0 0 0 0 962 962 973 978 981 981 984 987 987 989 992 995 998 1001 1004 1007 1010 1070 1070 1070 1073 1080 1223 1227 1227 1232 1236 1241 1255 1259 1264 1268 1273 1278 1278 1288 1292 1297 1307 1312 1312 1317 1328 1328 1333 1338 1349 1354 1354 1359 1370 1381 1387 1392 1398 1398 1398 1404 1410 1415 1421 1427 1433 1439 1445 1458 1464 1470 1477 1483 1489 1489 1496 1509 1516 1523 1523 1543 1543 2078 2078 2078 2090 2103 2103 2116 2116 2116 2078 2078 2078 2078 2090 2090 2090 2116 2129 0 0 0 0 2156 2156 2212 2212 2212 2256 2271 2198 2198 2198 2129 2241 2241 2241 2241 2241 2241 2271 2286 2349 2381 2365 2365 2333 2333 2333 2256 2256 2256 0 0 0 0 2212 2143 0 2301 2301 2286 2286 2301 2301 2301 2450 2450 2450 2450 2450 2467 2450 2432 2432 2432 2432 0 0 2170 2170 2170 2170 2398 2398 2398 2398 2381 2381 2381 2381 2381 2381 2365 2365 2365 2349 2349 2349 2349 2349 2333 2317 2317 2317 2301 2286 2286 2271 2241 2241 2103 2090 2078 2078 2078 2065 2065 2065 2065 2065 2065 2078 2078 2090 2090 2090 2090 2090 2090 2090 1227 1227 1227 1223 1223 1223 1219 1219 1223 1227 1236 1250 1250 0 1489 1489 1489 1489 1489 1489 1863 1863 1863 1853 1833 1794 1794 1843 1863 1863 1853 1833 1823 1823 1823 1823 1823 1843 1863 1873 1883 1894 1894 1883 1873 1873 1873 1873 1863 1853 1833 1833 1823 1823 1804 1794 1794 1785 1776 1776 1776 1776 1776 1776 1757 1757 1757 1757 1757 1757 1757 1748 1748 1748 1748 1748 1748 1748 1739 1739 1731 1722 1722 1722 1722 1722 0 0 0 0 0 0 0
0 0 0 0 0 0 0 0 0 0 0 0 0 0 0 0 0 0 962 962 973 975 978 981 984 987 989 992 992 995 998 1001 1004 1007 1010 1070 1067 1067 1070 1223 1223 1227 1227 1232 1236 1241 1255 1259 1264 1268 1273 1278 1283 1288 1292 1297 1307 1312 1317 1317 1328 1333 1338 1343 1349 1354 1359 1359 1370 1381 1392 1392 1398 1398 1398 1404 1410 1415 1421 1427 1439 1439 1445 1458 1464 1470 1477 1483 1489 1496 1496 1509 1516 1523 1529 1543 1543 2028 2028 2028 2053 2053 2053 2040 2028 2028 2040 2065 2065 2065 2078 2090 2090 2103 2129 0 0 0 0 2103 2103 2103 2116 2170 2156 2156 2143 2129 2129 2129 2241 2241 2241 2198 2198 2198 2212 2226 2226 2226 2241 2241 2333 2271 2271 2256 2256 2256 2256 0 2212 2212 0 0 0 2301 2301 2286 2286 2301 2301 2301 0 2198 2212 2184 2184 2143 2143 2156 0 0 0 0 0 0 0 0 0 2398 2398 2381 2381 2365 2365 2381 2381 2381 2381 2381 2365 2365 2349 2349 2349 2349 2349 2333 2333 2317 2317 2301 2301 2286 2286 2271 2271 2286 2090 2078 2078 2078 2065 2065 2078 2078 2078 2078 2078 2090 2090 2103 2103 2103 2103 2103 2103 1227 1227 1227 1223 1223 1223 1219 1219 1227 1232 1236 1250 1250 1483 1489 1489 1489 1489 1496 1496 1863 1863 1863 1843 1813 1794 1794 1843 1863 1863 1853 1833 1823 1823 1823 1823 1823 1843 1863 1873 1883 1894 1894 1883 1873 1873 1873 1873 1863 1853 1833 1833 1833 1823 1804 1794 1794 1785 1785 1785 1785 1785 1776 1776 1757 1757 1757 1757 1757 1757 1757 1757 1757 1757 1748 1748 1748 1748 1748 1739 1731 1722 1722 1722 1722 1722 0 0 0 0 0 0 0
0 0 0 0 0 0 0 0 0 0 0 0 0 0 0 0 0 0 962 962 973 975 978 981 984 989 992 992 995 995 998 1001 1004 1007 1010 1016 1067 1067 1070 1223 1223 1227 1227 1236 1236 1241 1255 1259 1264 1273 1278 1278 1283 1288 1292 1297 1307 1317 1317 1322 1328 1333 1338 1343 1349 1354 1359 1365 1370 1381 1392 1398 1398 1404 1404 1404 1410 1415 1421 1427 1439 1445 1452 1458 1464 1470 1477 1483 1489 1496 1503 1516 1516 1523 1529 1543 1543 1981 1981 1993 2016 2016 2016 2016 2016 2016 2028 2028 2053 2053 2065 2078 2090 2103 2129 2129 0 0 2078 2078 2078 2078 2078 2090 2116 2103 2103 2103 2103 2103 2129 2129 2129 2129 2156 2156 2156 2184 2184 2198 2184 2184 2241 2241 2256 2226 2226 2198 2198 2198 2212 0 2170 2143 2143 2256 2256 2256 2271 2286 2286 2286 2198 2198 2212 0 2184 2143 2143 0 0 0 0 0 0 0 0 0 0 2398 2398 2381 2349 2349 2349 2349 2365 2365 2365 2365 2365 2349 2349 2349 2333 2333 2333 2317 2317 2301 2301 2301 2286 2286 2286 2286 2286 2286 2286 2286 2286 2078 2078 2078 2078 2078 2078 2078 2078 2116 2116 2116 2116 2116 2116 2116 2116 1227 1227 1227 1227 1227 1223 1219 1219 1227 1232 1236 1250 1250 1483 1483 1483 1489 1489 1496 1496 1863 1863 1863 1833 1813 1794 1794 1843 1863 1863 1843 1833 1823 1823 1823 1823 1823 1843 1863 1873 1883 1894 1894 1894 1883 1873 1873 1863 1863 1853 1843 1833 1833 1823 1804 1794 1794 1785 1785 1785 1785 1785 1785 1776 1757 1757 1757 1757 1757 1757 1757 1757 1748 1748 1748 1748 1748 1748 1739 1731 1731 1722 1722 1722 1722 1739 0 0 0 0 0 0 0
0 0 0 0 0 0 0 0 0 0 0 0 0 0 0 0 0 0 962 962 975 978 978 984 987 989 992 992 995 995 998 1001 1004 1007 1010 1016 1067 1067 1067 1223 1223 1227 1232 1236 1241 1250 1255 1264 1268 1273 1278 1278 1283 1288 1292 1297 1307 1317 1317 1322 1333 1333 1338 1343 1349 1354 1359 1365 1370 1387 1392 1398 1398 1404 1404 1404 1410 1415 1421 1433 1439 1445 1452 1458 1464 1470 1477 1489 1489 1496 1509 1516 1523 1529 1536 1543 1543 1981 1970 1970 2016 2016 1981 1981 2005 2005 2005 2005 2016 2053 2065 2078 2078 2078 1853 0 0 2016 2016 2028 2040 2040 2040 2040 2065 2065 2078 2078 2078 2065 2065 2078 2103 2103 2116 2116 2116 2129 2143 2170 2156 2156 2143 2143 2156 2184 2184 2170 2170 2170 2170 2170 2170 2143 2143 2156 2156 2184 2170 2170 2184 2184 2198 2198 2212 2184 2184 2143 2143 2156 2156 0 0 0 0 0 0 0 0 0 0 0 2349 2349 2349 2349 2349 2365 2349 2349 2333 2317 2301 2286 2286 2301 2301 2301 2301 2301 2301 2286 2286 2286 2271 2271 2271 2271 2271 2271 2271 2271 2271 2256 2256 2241 2241 2226 2212 2198 2198 2198 2156 2143 2143 2143 2184 2184 1223 1223 1227 1227 1227 1223 1223 1223 1232 1236 1236 1250 1483 1483 1483 1489 1489 1489 1489 1863 1863 1863 1823 1813 1794 1794 1853 1863 1863 1833 1833 1823 1823 1823 1823 1833 1853 1873 1883 1894 1894 1894 1894 1883 1873 1873 1863 1863 1853 1843 1833 1833 1823 1813 1804 1785 1785 1785 1785 1785 1785 1785 1776 1757 1757 1757 1757 1757 1757 1757 1757 1748 1748 1748 1748 1748 1748 1739 1731 1731 1722 1722 1731 1731 1739 0 0 0 0 0 0 0
0 0 0 0 0 0 0 0 0 0 0 0 0 0 0 0 0 0 964 964 975 978 981 984 987 989 992 995 995 995 998 1001 1004 1007 1010 1016 1016 1067 1067 1223 1227 1232 1232 1236 1241 1250 1259 1264 1268 1273 1278 1278 1283 1288 1292 1297 1312 1317 1322 1328 1333 1333 1338 1343 1349 1354 1359 1365 1376 1387 1387 1398 1398 1404 1404 1410 1415 1415 1427 1433 1439 1445 1452 1464 1470 1477 1483 1489 1496 1503 1516 1516 1523 1523 1536 1550 1550 1813 1813 1833 1843 1843 1981 1981 2005 2005 1904 1894 1894 1904 1904 1904 1853 1853 1853 1843 1947 1947 1947 1947 1970 1981 1993 2005 2005 2005 2005 1993 1993 2005 2016 2065 2090 2103 2103 2053 2053 2053 2040 2028 2028 2040 2053 2040 2040 2053 2053 2078 2078 2078 2090 2103 2116 2116 2103 2103 2156 2184 2129 2129 2156 2184 2198 2198 2170 2156 2129 2129 2129 2129 2143 2156 2156 0 0 0 0 0 0 0 0 0 0 0 0 2349 2349 0 2349 2349 2333 2317 2301 2286 2271 2271 2271 2271 2271 2271 2286 2286 2271 2271 2256 2256 2271 2271 2271 2256 2256 2256 2256 2256 2256 2241 2241 2241 2226 2226 2226 2212 2198 2198 2184 2184 2184 2184 1219 1219 1227 1227 1227 1223 1223 1223 1232 1236 1250 1250 1489 1489 1489 1489 1489 1489 1489 1883 1863 1863 1823 1813 1794 1794 1863 1863 1863 1833 1833 1823 1823 1823 1823 1833 1853 1883 1894 1894 1894 1894 1894 1883 1873 1863 1863 1853 1853 1833 1833 1833 1833 1823 1804 1785 1785 1785 1785 1785 1785 1785 1776 1766 1766 1766 1766 1766 1757 1757 1757 1748 1748 1748 1748 1748 1748 1748 1739 1739 1731 1731 1731 1731 1739 0 0 0 0 0 0 0
0 0 0 0 0 0 0 0 0 0 0 0 0 0 0 0 0 0 964 964 978 981 981 984 987 989 992 995 995 995 998 1001 1004 1007 1013 1016 1054 1054 1057 1063 1227 1232 1236 1241 1241 1255 1259 1264 1268 1273 1278 1278 1283 1292 1297 1297 1312 1317 1322 1328 1333 1333 1338 1343 1349 1354 1359 1365 1376 1381 1387 1398 1398 1404 1404 1410 1415 1421 1427 1439 1445 1445 1458 1464 1470 1477 1483 1489 1496 1503 1516 1516 1523 1523 1536 1550 1785 1785 1794 1813 1813 1813 1813 1823 1833 1853 1863 1873 1873 1904 1904 1833 1853 1853 1853 1843 1843 1926 1926 1936 1947 1947 1959 1970 1959 1926 1926 1926 1959 1981 1981 2065 2090 2103 2103 2028 2028 2028 2028 2016 2016 2028 2040 2028 2028 2040 2053 2053 2065 2065 2065 2103 2116 2116 2103 2078 2078 2078 2078 2103 2129 2129 2065 2170 2170 2116 2116 2116 2116 2116 2129 2129 2129 0 0 0 0 0 0 0 0 0 0 0 0 0 0 0 0 0 0 0 0 0 2271 2271 2271 2271 2271 2271 2286 2286 2271 2271 2226 2226 2226 2226 2241 2241 2241 2256 2256 2241 2241 2226 2226 2226 2226 2226 2226 2212 2212 2212 2212 2212 2212 1219 1219 1219 1223 1227 1227 1227 1227 1227 1232 1241 1250 1250 1496 1496 1496 1496 1489 1489 1489 1936 1936 1936 1936 1894 1894 1894 1894 1904 1904 1873 1833 1823 1823 1823 1833 1873 1894 1904 1904 1904 1904 1894 1894 1883 1873 1863 1863 1853 1843 1833 1833 1833 1833 1813 1794 1785 1785 1785 1785 1785 1785 1785 1776 1766 1766 1766 1766 1766 1766 1757 1757 1757 1757 1757 1748 1748 1748 1748 1748 1748 1739 1739 1739 1739 1739 0 0 0 0 0 0 0
0 0 0 0 0 0 0 0 0 0 0 0 0 0 0 0 0 0 964 964 981 981 984 984 987 989 992 995 995 995 998 1004 1007 1010 1013 1019 1041 1054 1057 1063 1080 1232 1236 1241 1250 1255 1259 1264 1268 1273 1278 1278 1283 1292 1297 1302 1312 1317 1322 1328 1333 1333 1338 1343 1349 1354 1359 1370 1376 1381 1387 1398 1398 1410 1410 1415 1421 1421 1433 1439 1445 1452 1464 1464 1470 1483 1489 1489 1496 1503 1516 1516 1523 1529 1536 1550 1776 1776 1776 1785 1794 1794 1794 1804 1813 1813 1813 1813 1843 1843 1833 1833 1833 1823 1823 1823 1823 1833 1873 1904 1915 1947 1959 1970 1904 1904 1904 1915 1936 1959 1981 1981 1936 1936 1936 1947 2005 2005 2016 2016 2016 2028 2040 2028 2028 2040 2053 2053 2053 2053 2016 2016 2016 1959 2040 2040 2040 2053 2040 2040 2065 2065 2065 2005 2065 2065 2065 2065 2090 2103 2090 2090 2090 2090 0 0 0 0 0 0 0 0 0 0 0 0 0 0 0 0 0 0 0 0 0 0 0 0 0 0 0 2198 0 2198 2198 2198 2198 2198 2226 2226 2241 2256 2256 2241 2212 2212 2212 2212 2212 2198 2198 2198 2198 2198 2198 2198 2198 1219 1219 1219 1223 1227 1227 1227 1227 1227 1236 1241 1245 1245 1496 1496 1496 1496 1496 1496 0 1947 1947 0 0 0 1894 1894 1894 1904 1894 1873 1843 1833 1833 1833 1833 1873 1904 1904 1904 1904 1904 1904 1894 1883 1873 1863 1863 1853 1843 1843 1833 1833 1833 1813 1794 1785 1785 1785 1785 1785 1776 1776 1785 1776 1776 1766 1766 1766 1776 1776 1766 1766 1766 1766 1757 1757 1748 1748 1748 1748 1739 1739 1739 1739 1739 1748 0 0 0 0 0 0
0 0 0 0 0 0 0 0 0 0 0 0 0 0 0 0 0 0 970 970 978 981 984 987 989 992 992 995 995 998 1001 1004 1010 1013 1019 1028 1034 1050 1054 1080 1080 1236 1236 1241 1250 1255 1259 1264 1268 1278 1278 1283 1288 1292 1297 1302 1312 1317 1322 1328 1333 1338 1343 1349 1349 1354 1359 1370 1376 1381 1387 1398 1398 1410 1410 1415 1421 1421 1433 1439 1445 1452 1464 1470 1470 1483 1489 1496 1496 1509 1516 1523 1523 1529 1543 1550 1776 1748 1748 1757 1766 1766 1776 1794 1804 1804 1794 1794 1794 1794 1794 1813 1813 1823 1813 1813 1813 1823 1833 1904 1915 1915 1813 1904 1904 1863 1863 1873 1936 1959 1853 1853 1853 1894 1915 1926 1926 2005 2016 2016 0 0 0 1813 0 0 0 2053 2053 2053 1981 1981 1981 1959 1959 1959 1981 1993 2040 2040 2065 2065 2065 2005 2005 2016 2028 2028 2053 2016 2016 2016 2016 2090 0 0 0 0 0 0 0 0 0 0 0 0 0 0 0 0 0 0 0 0 0 0 0 0 0 0 0 0 0 2170 2170 2170 2170 2170 2184 2226 0 0 0 0 2212 2212 2212 2198 2198 2170 2170 2170 2170 2170 2170 2170 2170 1219 1219 1219 1227 1227 1227 1227 1227 1232 1236 1245 1245 1245 1496 1496 1496 1489 1489 0 0 0 0 0 0 0 1904 1904 1904 1904 1883 1873 1843 1823 1823 1833 1843 1863 1894 1904 1904 1904 1904 1904 1894 1883 1873 1863 1863 1853 1853 1853 1853 1843 1833 1813 1804 1794 1794 1785 1785 1785 1776 1776 1785 1785 1776 1776 1766 1766 1776 1776 1776 1785 1766 1766 1757 1757 1748 1748 1748 1748 1739 1739 1739 1739 1739 1748 0 0 0 0 0 0
0 0 0 0 0 0 0 0 0 0 0 0 0 0 0 0 0 0 973 973 978 981 984 984 989 992 992 995 998 998 1001 1004 1010 1016 1022 1031 1034 1050 1054 1232 1232 1236 1236 1241 1250 1255 1259 1264 1268 1278 1278 1283 1288 1292 1297 1302 1317 1317 1328 1333 1333 1338 1343 1349 1354 1359 1365 1365 1376 1376 1392 1398 1398 1410 1415 1415 1421 1421 1433 1439 1445 1452 1464 1470 1477 1483 1489 1496 1503 1509 1516 1523 1523 1529 1543 1550 1705 1705 1705 1705 1713 1713 1731 1731 1713 1713 1713 1739 1748 1748 1757 1813 1813 1804 1776 1776 1785 1794 1804 1804 1776 1813 1813 1813 1813 1813 1813 1823 1823 1843 1843 1833 1833 1894 1915 1926 1926 1926 1926 1926 1766 0 0 0 0 0 1813 1926 1926 1926 1926 1947 1936 1936 1936 1936 1936 1936 1936 1947 1947 1947 1936 1936 1959 2016 2028 1936 1936 1959 1959 1959 1970 1970 1981 0 0 0 0 0 0 0 0 0 0 0 0 0 0 0 0 0 0 0 0 0 0 0 0 0 0 0 0 2156 2156 2156 2143 2143 2184 0 0 0 0 0 0 0 0 2198 2198 2170 2170 2170 2156 2156 2156 2170 2170 1219 1219 1219 1227 1227 1227 1227 1227 1232 1241 1245 1245 1496 1496 1496 1496 1489 1489 0 0 0 0 0 0 0 1904 1904 1904 1904 1873 1863 1833 1823 1823 1833 1843 1863 1894 1894 1904 1904 1904 1904 1904 1894 1883 1873 1863 1863 1863 1863 1853 1843 1833 1813 1813 1804 1804 1794 1785 1785 1785 1785 1785 1785 1785 1785 1776 1776 1776 1776 1776 1785 1766 1757 1757 1757 1757 1748 1748 1748 1739 1739 1739 1739 1739 0 0 0 0 0 0 0
0 0 0 0 0 0 0 0 0 0 0 0 0 0 0 0 0 0 973 973 978 981 984 984 989 992 995 995 998 1001 1004 1007 1013 1019 1025 1031 1034 1034 1232 1232 1232 1236 1236 1241 1250 1255 1259 1264 1268 1273 1278 1283 1288 1292 1297 1307 1317 1317 1328 1333 1338 1343 1349 1354 1354 1359 1365 1365 1376 1376 1392 1398 1404 1410 1415 1421 1421 1421 1433 1439 1445 1445 1464 1470 1477 1483 1489 1496 1503 1509 1516 1523 1523 1536 1543 1550 1680 1680 1680 1680 1688 1688 1696 1696 1705 1705 1705 1722 1739 1731 1731 1731 1731 1804 1757 1757 1766 1748 1731 1731 1776 1776 1785 1785 1785 1785 1785 1785 1785 1785 1804 1804 1804 1804 1804 1804 1688 0 0 0 0 0 0 1813 0 1813 0 0 1904 1904 1904 1926 1936 1926 1926 1936 1926 1926 1926 1926 1926 1926 1926 1926 1926 1926 1926 1926 1926 1926 1936 1936 1959 1959 1970 0 0 0 0 0 0 0 0 0 0 0 0 0 0 0 0 0 0 0 0 0 0 0 0 0 2016 2005 1993 2156 2156 2156 2116 2116 0 0 0 0 0 0 0 0 0 2078 2078 2078 2090 2090 2090 2090 2090 2103 2103 1250 1232 1232 1227 1227 1227 1227 1227 1232 1241 1250 1250 1496 1496 1496 1496 1489 1489 0 0 0 0 0 0 0 1915 1904 1904 1904 1873 1863 1833 1833 1833 1833 1843 1873 1894 1894 1904 1904 1904 1904 1904 1894 1883 1873 1873 1863 1863 1863 1853 1853 1833 1823 1823 1813 1813 1813 1794 1794 1785 1785 1785 1785 1785 1785 1785 1785 1785 1785 1785 1776 1766 1757 1757 1757 1757 1748 1748 1748 1739 1739 1739 1739 1748 0 0 0 0 0 0 0
0 0 0 0 0 0 0 0 0 0 0 0 0 0 0 0 0 0 973 973 981 981 984 987 989 992 995 998 1001 1004 1007 1010 1016 1022 1028 1031 1038 1038 1232 1232 1236 1236 1236 1241 1250 1255 1259 1264 1268 1273 1278 1283 1288 1292 1302 1307 1317 1317 1328 1333 1338 1343 1349 1354 1354 1359 1365 1365 1376 1381 1392 1398 1404 1415 1415 1421 1421 1421 1433 1439 1445 1445 1464 1470 1483 1489 1489 1496 1503 1509 1516 1523 1529 1536 1543 1543 1680 1671 1671 1671 1680 1688 1680 1671 1671 1671 1688 1705 1722 1731 1705 1688 1688 1696 1696 1731 1731 1722 1713 1713 1722 1757 1757 1757 1757 1748 1748 1748 1757 1757 1766 1776 1776 1776 0 0 0 0 1766 1766 1766 1766 1813 1813 1813 1813 0 0 1904 1904 1904 1926 1813 1813 1813 1936 1926 1883 1883 1883 1883 1883 1883 1894 1894 1926 1904 1904 1904 1904 1915 1915 1915 1936 1970 0 0 0 0 0 0 0 0 0 0 0 0 0 0 0 0 0 0 0 0 0 0 0 0 2016 2016 2005 1993 1993 1993 2116 2116 2116 2116 0 0 0 0 0 0 0 0 0 2078 2078 2078 2078 2078 2078 2078 2090 2090 1245 1236 1232 1232 1232 1227 1227 1232 1236 1241 1250 1503 1496 1496 1503 1503 0 0 0 0 0 0 0 0 0 1915 1904 1904 1904 1863 1843 1833 1833 1833 1833 1843 1873 1904 1915 1904 1904 1894 1894 1894 1883 1883 1873 1873 1863 1863 1863 1853 1853 1833 1823 1823 1823 1823 1813 1804 1804 1794 1794 1794 1794 1794 1804 1794 1794 1785 1785 1785 1776 1766 1766 1766 1757 1757 1757 1748 1748 1748 1748 1748 1748 1748 0 0 0 0 0 0 0
0 0 0 0 0 0 0 0 0 0 0 0 0 0 0 0 0 0 975 975 981 984 984 987 989 995 995 998 1004 1007 1010 1016 1019 1025 1028 1034 1034 1232 1232 1232 1236 1236 1236 1250 1250 1255 1259 1264 1268 1273 1278 1283 1292 1292 1302 1307 1317 1322 1333 1338 1338 1343 1349 1354 1354 1359 1365 1370 1376 1381 1398 1398 1404 1415 1415 1421 1421 1427 1433 1439 1445 1452 1458 1470 1483 1489 1489 1496 1503 1509 1516 1523 1529 1536 1543 1609 1601 1601 1624 1624 1639 1639 1647 1671 1655 1655 1655 1663 1722 1731 1655 1655 1671 1680 1680 1731 1705 1705 1696 1696 1696 1757 1696 1696 1705 1731 1731 1739 1731 1731 1731 1757 1757 1757 1663 1688 1688 0 0 1766 1766 1766 1766 1766 1776 1776 1748 1739 1739 1776 1776 1776 1785 1804 1804 1813 1813 1883 1843 1843 1823 1823 1843 1843 1853 1863 1904 1904 1904 1883 1873 1873 1873 1853 1853 0 0 0 0 0 0 0 0 0 0 0 0 0 0 0 0 0 0 0 0 0 0 0 0 1993 1993 1993 1981 1970 1959 1959 1959 0 0 0 0 0 0 0 0 0 1959 1959 2078 2078 2078 2053 2053 2028 2028 2040 2040 1245 1236 1232 1232 1232 1227 1227 1232 1236 1241 1259 1503 1496 1496 1503 1503 0 0 0 0 0 0 0 0 0 0 0 1915 1904 1853 1843 1833 1833 1833 1833 1853 1873 1904 1915 1904 1904 1894 1894 1894 1883 1883 1873 1873 1863 1863 1863 1853 1853 1833 1823 1823 1813 1813 1813 1804 1804 1794 1794 1804 1804 1804 1804 1804 1804 1804 1794 1785 1776 1776 1766 1766 1757 1757 1757 1757 1748 1739 1739 1748 1748 1365 1365 1365 1365 0 0 0 0
0 0 0 0 0 0 0 0 0 0 0 0 0 0 0 0 0 0 975 975 981 984 984 987 989 995 998 998 1004 1007 1013 1016 1022 1025 1034 1038 1236 1232 1232 1236 1236 1236 1236 1250 1255 1259 1259 1264 1273 1278 1283 1288 1292 1292 1302 1307 1317 1328 1333 1338 1338 1343 1349 1354 1359 1359 1370 1370 1381 1381 1398 1398 1404 1415 1415 1421 1427 1427 1439 1439 1445 1452 1458 1470 1483 1489 1496 1496 1503 1509 1516 1523 1536 1536 1543 1586 1586 1579 1579 1594 1639 1632 1601 1601 1601 1609 1616 1624 1624 1616 1616 1616 1624 1624 1632 1632 1705 1705 1639 1639 1655 1655 1663 1680 1680 1696 1696 1713 1705 1705 1688 1688 1757 1663 1663 1688 1688 1713 1739 1739 1748 1739 1731 1731 1776 1748 1748 1739 1739 1748 1757 1766 1776 1776 1794 1804 1804 1776 1776 1776 1776 1804 1843 1823 1823 1813 1813 1813 1823 1823 1833 1843 1843 1833 1833 1833 1833 0 0 0 0 0 0 0 0 0 0 0 0 0 0 0 0 0 1904 1904 0 0 0 1993 1981 1981 1981 1970 1959 1959 1947 1947 0 0 0 0 0 0 0 0 1959 1959 1970 1970 1970 2053 2005 2005 2005 2005 2005 1236 1236 1232 1232 1232 1227 1227 1232 1236 1255 1255 1255 1496 1496 1496 0 0 0 0 0 0 0 0 0 0 0 0 0 0 1843 1843 1833 1833 1833 1833 1853 1863 1894 1915 1915 1904 1904 1894 1894 1883 1883 1873 1873 1863 1863 1863 1863 1853 1833 1823 1823 1813 1804 1804 1804 1804 1804 1804 1804 1804 1813 1823 1823 1823 1813 1804 1794 1785 1776 1766 1766 1757 1757 1757 1757 1748 1739 1739 1748 1748 1365 1365 1365 1365 0 0 0 0
0 0 0 0 0 0 0 0 0 0 0 0 0 0 0 0 0 0 975 975 981 984 987 989 992 995 998 1001 1004 1007 1013 1016 1022 1028 1041 1044 1236 1236 1236 1236 1236 1236 1241 1250 1255 1259 1259 1268 1273 1278 1283 1288 1292 1297 1302 1307 1317 1328 1333 1338 1338 1343 1349 1359 1359 1365 1370 1376 1381 1387 1398 1404 1404 1415 1415 1421 1427 1427 1439 1445 1452 1458 1464 1470 1483 1489 1496 1496 1509 1509 1516 1523 1536 1536 1543 1572 1572 1564 1564 1564 1564 1572 1579 1586 1594 1594 1594 1601 1601 1601 1601 1601 1601 1601 1601 1601 1609 1616 1624 1632 1639 1647 1663 1663 1663 1671 1671 1713 1705 1671 1671 1671 1663 1663 1647 1647 1647 1713 1739 1731 1731 1713 1705 1705 1705 1748 1748 1722 1722 1731 1722 1722 1722 1731 1794 1804 1804 1739 1739 1739 1748 1766 1766 1823 1823 1813 1813 1794 1794 1794 1813 1823 1813 1813 1813 1813 1823 1823 1823 0 0 0 0 0 0 0 0 0 0 0 0 0 0 0 1873 1873 1853 1853 1853 1853 1981 1981 1981 1970 1959 1904 1894 1883 1863 1863 0 0 1926 1926 0 1926 1926 1947 1959 1970 1970 2053 1970 1970 1993 1993 1993 1232 1232 1232 1232 1232 1232 1232 1232 1236 1255 1255 1255 1496 1496 1489 1489 0 0 0 0 0 0 0 0 0 0 0 0 0 1843 1843 1833 1833 1833 1843 1853 1863 1894 1915 1915 1915 1904 1904 1894 1894 1894 1883 1873 1863 1863 1863 1863 1853 1833 1833 1823 1813 1794 1785 1785 1794 1794 1804 1804 1804 1813 1823 1823 1823 1823 1804 1794 1785 1776 1766 1766 1757 1757 1757 1757 1757 1748 1748 1748 1392 1376 1370 1365 1365 0 0 0 0
0 0 0 0 0 0 0 0 0 0 0 0 0 0 0 0 0 0 973 973 981 984 987 989 992 995 1001 1004 1007 1007 1013 1019 1022 1028 1041 1047 1241 1241 1241 1236 1236 1241 1241 1255 1255 1259 1264 1268 1278 1283 1288 1292 1292 1297 1302 1312 1322 1333 1333 1338 1338 1343 1349 1359 1359 1370 1370 1376 1381 1392 1398 1404 1404 1415 1415 1421 1427 1433 1439 1445 1452 1458 1464 1470 1477 1483 1489 1489 1496 1496 1509 1516 1529 1516 1509 1509 1523 1536 1543 1536 1536 1536 1543 1564 1572 1564 1564 1572 1572 1579 1579 1579 1579 1594 1594 1594 1601 1601 1609 1616 1624 1624 1655 1632 1632 1639 1624 1616 1616 1632 1655 1655 1655 1647 1647 1647 1647 1647 1731 1731 1731 1688 1688 1688 1688 1639 1688 1688 1680 1680 1680 1705 1705 1705 1713 1731 1722 1722 1722 1722 1731 1731 1731 1731 1731 1731 1794 1794 1794 1794 1813 1823 1776 1776 1794 1794 1804 1794 1794 0 0 0 0 0 0 0 0 0 0 0 0 0 0 1823 1823 1833 1833 1833 1833 1833 1833 1833 1833 1833 1853 1873 1883 1853 1853 1853 1863 1883 1883 1883 1883 1894 1904 1904 1894 1883 1883 1936 1936 1959 1970 1993 1993 1232 1232 1232 1232 1232 1227 1227 1232 1236 1255 1259 1259 1496 1496 1489 1489 0 0 0 0 0 0 0 0 0 0 0 0 0 1833 1833 1833 1843 1843 1843 1853 1863 1926 1926 1926 1926 1926 1926 1926 1926 1926 1936 1883 1863 1863 1873 1873 1873 1863 1863 1883 1970 1794 1785 1776 1776 1785 1794 1804 1804 1823 1833 1843 1873 1873 1813 1794 1785 1776 1766 1766 1757 1757 1757 1757 1757 1748 1748 1757 1387 1376 1370 1365 1365 0 0 0 0
0 0 0 0 0 0 0 0 0 0 0 0 0 0 0 0 0 0 970 970 981 984 987 989 992 995 1001 1004 1007 1007 1013 1019 1025 1038 1044 1236 1236 1236 1241 1241 1241 1241 1241 1255 1255 1259 1264 1273 1278 1283 1288 1292 1292 1297 1302 1307 1322 1333 1333 1338 1338 1343 1349 1359 1365 1370 1370 1376 1381 1392 1404 1404 1404 1415 1415 1421 1427 1433 1439 1452 1452 1452 1458 1464 1452 1452 1458 1470 1489 1489 1496 1489 1489 1489 1489 1496 1496 1503 1509 1523 1523 1523 1523 1516 1516 1523 1543 1536 1536 1550 1550 1550 1564 1579 1586 1594 1594 1594 1594 1586 1564 1564 1579 1594 1594 1586 1586 1601 1609 1616 1655 1655 1655 1601 1601 1601 1624 1616 1616 1616 1639 1639 1639 1632 1632 1639 1639 1663 1663 1663 1663 1671 1688 1688 1713 1731 1722 1713 1705 1705 1705 1705 1713 1731 1731 1731 1731 1688 1688 1688 1713 1713 1713 1731 1731 1757 1804 1705 1705 0 0 0 0 0 0 0 0 0 0 0 0 0 0 1794 1794 1794 1804 1833 1804 1794 1776 1776 1804 1813 1823 1843 1863 1833 1833 1843 1843 1883 1883 1873 1863 1863 1863 1863 1863 1873 1873 1873 1936 1959 1970 1970 1227 1227 1232 1232 1232 1232 1227 1227 1232 1236 1255 1264 1264 1503 1503 1503 0 0 0 0 0 1833 1833 1833 1833 0 0 0 0 0 1833 1833 1833 1843 1843 1853 1863 1993 1970 1970 1959 1959 1959 1959 1970 1970 1981 1981 1981 1959 1947 1947 1947 1947 1947 1959 1959 1959 1959 1959 1776 1776 1785 1794 1823 1936 1936 1936 1926 1904 1904 1936 1936 1947 1915 1915 1915 1915 1904 1894 1883 1776 1757 1757 1766 1387 1376 1376 1376 0 0 0 0 0
0 0 0 0 0 0 0 0 0 0 0 0 0 0 0 0 0 0 970 970 981 981 984 992 995 998 1001 1004 1007 1010 1016 1019 1028 1041 1044 1236 1236 1236 1241 1241 1241 1241 1245 1255 1259 1259 1264 1273 1278 1283 1288 1288 1292 1297 1302 1307 1322 1333 1333 1338 1338 1349 1354 1359 1365 1370 1370 1376 1381 1381 1398 1404 1404 1415 1415 1421 1427 1433 1433 1439 1439 1439 1439 1439 1439 1445 1445 1445 1452 1470 1496 1489 1489 1477 1477 1483 1483 1489 1489 1489 1503 1509 1496 1496 1503 1503 1509 1523 1523 1529 1529 1516 1496 1496 1503 1594 1594 1536 1536 1536 1536 1543 1550 1557 1572 1572 1564 1550 1550 1550 1550 1557 1557 1557 1572 1579 1586 1594 1601 1601 1586 1586 1609 1609 1609 1624 1616 1616 1616 1616 1639 1655 1655 1663 1663 1663 1663 1663 1663 1671 1680 1680 1696 1696 1696 1601 0 0 1688 1688 1688 1688 1696 1671 1671 1671 1680 1696 1688 1688 1696 0 0 0 0 0 0 0 0 0 0 0 0 1794 1785 1766 1766 1833 1804 1757 1757 1766 1785 1794 1823 1833 1823 1813 1813 1813 1785 1785 1883 1804 1804 1833 1833 1843 1843 1853 1863 1863 1863 1804 1804 1227 1227 1227 1232 1236 1236 1232 1232 1232 1232 1236 1259 1264 1509 1509 1509 1509 0 0 0 0 0 1833 1833 1833 1833 0 0 0 0 0 1833 1833 1833 1843 1843 1863 1873 1947 1947 1959 1959 1959 1947 1947 1959 1970 1981 1981 1981 1981 1981 1970 1970 1959 1959 1959 1959 1959 1959 1959 1959 1947 1936 1936 1936 1936 1947 1947 1936 1936 1936 1926 1926 1926 1915 1904 1904 1904 1904 1894 1883 1873 1873 1833 1833 1387 1370 1370 1370 0 0 0 0 0
0 0 0 0 0 0 0 0 0 0 0 0 0 0 0 0 0 0 970 970 981 981 984 992 995 995 998 1004 1007 1013 1016 1022 1028 1041 1044 1232 1232 1236 1241 1241 1241 1241 1245 1255 1259 1264 1268 1273 1278 1278 1288 1288 1292 1297 1302 1312 1322 1333 1333 1338 1338 1349 1354 1359 1359 1365 1370 1376 1381 1381 1392 1392 1392 1392 1415 1421 1427 1433 1433 1404 1404 1415 1421 1421 1410 1410 1421 1433 1433 1433 1433 1404 1464 1464 1464 1464 1464 1464 1470 1470 1477 1477 1477 1477 1489 1489 1489 1496 1509 1503 1496 1496 1496 1496 1496 1489 1489 1529 1523 1523 1529 1529 1529 1529 1529 1523 1523 1529 1529 1536 1536 1543 1543 1543 1550 1564 1564 1572 1579 1579 1579 1579 1579 1579 1594 1579 1579 1586 1601 1609 1609 1616 1624 1609 1609 1609 1663 1647 1647 1655 1655 1655 1696 1696 1594 1601 1601 1601 1688 1688 1680 1680 1671 1655 1655 1655 1663 1671 1671 1671 1680 1680 0 0 0 0 1688 1688 1696 1696 1705 1722 1722 1785 1785 1696 1696 1696 1696 1705 1748 1748 1757 1757 1823 1833 1823 1785 1785 1785 1766 1757 1757 1766 1776 1804 1804 1804 1804 1804 1813 1804 1804 1804 1804 1804 1227 1227 1232 1241 1236 1232 1232 1232 1236 1241 1259 1509 1509 1509 1509 1516 0 0 0 0 1843 1843 1843 1843 1843 1915 1915 1915 1915 0 1863 1843 1843 1853 1853 1853 1853 1947 1947 1936 1926 1915 1915 1926 1926 1970 1981 1981 1970 1970 1959 1959 1959 1947 1947 1959 1959 1959 1959 1947 1947 1936 1926 1926 1936 1947 1936 1936 1926 1926 1926 1915 1915 1915 1915 1904 1904 1904 1894 1883 1883 1873 1873 1833 1813 1392 1370 1370 1370 0 0 0 0 0
0 0 0 0 0 0 0 0 0 0 0 0 0 0 0 0 0 0 970 970 981 984 987 992 995 995 998 1004 1010 1016 1019 1022 1038 1044 1050 1232 1232 1236 1241 1241 1241 1241 1255 1255 1259 1264 1268 1273 1278 1278 1283 1288 1292 1297 1302 1312 1322 1333 1333 1338 1338 1343 1349 1354 1359 1365 1370 1370 1376 1376 1387 1387 1381 1365 1365 1365 1365 1365 1404 1404 1404 1415 1415 1392 1392 1392 1398 1410 1404 1404 1404 1404 1410 1415 1427 1439 1445 1445 1445 1452 1452 1452 1452 1452 1464 1464 1464 1477 1470 1470 1470 1470 1470 1477 1477 1477 1477 1483 1489 1489 1503 1503 1503 1503 1503 1503 1509 1516 1523 1529 1529 1529 1529 1529 1536 1543 1543 1543 1564 1543 1543 1572 1572 1564 1557 1550 1550 1564 1601 1609 1609 1564 1564 1579 1579 1579 1579 1647 1632 1632 1609 1601 1601 1594 1594 1601 1601 1601 1601 1601 1680 1647 1647 1609 1609 1624 1639 1655 1655 1655 1655 1655 0 0 0 0 1663 1663 1680 1680 1688 1680 1680 1680 1680 1680 1688 1696 1696 1696 1696 1705 1705 1705 1705 1722 1722 1722 1731 1731 1739 1748 1748 1748 1757 1757 1757 1757 1785 1785 1794 1776 1776 1776 1785 1785 1232 1232 1236 1245 1241 1232 1232 1232 1236 1241 1259 1509 1509 1509 1509 1516 0 0 1843 1843 1833 1833 1833 1833 1833 1843 1843 1823 1823 1843 1863 1853 1853 1853 1843 1843 1843 1959 1926 1904 1904 1904 1904 1904 1883 1883 1883 1883 1970 1970 1947 1947 1947 1947 1926 1926 1936 1947 1947 1947 1936 1926 1926 1926 1926 1936 1926 1926 1915 1915 1915 1915 1904 1904 1904 1883 1883 1894 1894 1883 1873 1873 1873 1853 1404 1387 1376 1376 1376 0 0 0 0 0
0 0 0 0 0 0 0 0 0 0 0 0 0 0 0 0 0 0 973 973 981 984 987 992 995 995 1001 1007 1013 1016 1019 1025 1038 1047 1054 1236 1236 1241 1241 1241 1241 1241 1250 1255 1259 1264 1268 1273 1278 1278 1283 1288 1292 1297 1307 1312 1322 1328 1328 1333 1338 1338 1343 1349 1354 1354 1354 1354 1354 1359 1376 1370 1365 1354 1349 1349 1365 1365 1398 1398 1398 1415 1376 1376 1376 1381 1392 1398 1398 1398 1398 1398 1398 1398 1404 1410 1445 1421 1415 1415 1415 1427 1433 1427 1427 1427 1439 1477 1470 1458 1452 1452 1445 1445 1445 1458 1470 1470 1470 1477 1477 1483 1489 1483 1483 1489 1489 1496 1509 1516 1516 1516 1516 1509 1503 1503 1509 1516 1516 1516 1509 1509 1536 1536 1536 1536 1536 1523 1523 1523 1529 1550 1550 1557 1557 1557 1557 1632 1632 1632 1550 1550 1564 1564 1572 1579 1594 1579 1579 1579 1594 1594 1601 1594 1594 1594 1616 1616 1624 1624 1624 1624 1624 1624 1624 1624 1624 1632 1632 1647 1663 1663 1663 1655 1655 1663 1671 1680 1680 1688 1688 1688 1688 1688 1688 1705 1705 1705 1705 1705 1713 1722 1731 1739 1731 1731 1722 1713 1713 1713 1696 1696 1748 1748 1766 1766 1766 1236 1236 1245 1241 1232 1232 1232 1241 1259 1264 1509 1509 1509 1509 0 0 1794 1794 1813 1813 1823 1813 1794 1794 1833 1823 1823 1823 1823 1833 1853 1853 1853 1843 1843 1843 1843 1926 1873 1873 1873 1883 1883 1873 1863 1863 1873 1873 1947 1947 1947 1883 1883 1873 1873 1883 1904 1947 1915 1915 1915 1915 1926 1926 1926 1926 1915 1915 1915 1904 1894 1894 1894 1894 1883 1883 1883 1883 1883 1873 1873 1873 1873 1404 1376 1376 1376 1376 0 0 0 0 0
0 0 0 0 0 0 0 0 0 0 0 0 0 0 0 0 0 0 973 973 981 984 989 992 995 998 1004 1007 1016 1019 1022 1028 1038 1050 1054 1241 1241 1241 1241 1241 1241 1241 1250 1255 1259 1259 1268 1273 1273 1278 1283 1288 1292 1297 1307 1312 1317 1317 1317 1328 1328 1328 1333 1333 1333 1322 1317 1317 1322 1359 1359 1365 1354 1338 1338 1338 1338 1343 1349 1343 1343 1343 1349 1349 1359 1365 1381 1387 1387 1387 1387 1387 1387 1370 1365 1359 1359 1365 1370 1376 1376 1376 1381 1381 1387 1387 1387 1387 1398 1410 1410 1410 1410 1421 1427 1427 1421 1421 1421 1427 1433 1439 1439 1439 1421 1421 1421 1421 1439 1439 1421 1415 1415 1439 1445 1458 1464 1470 1470 1470 1470 1483 1477 1477 1477 1477 1489 1496 1496 1496 1496 1496 1503 1503 1523 1523 1523 1516 1516 1516 1523 1529 1523 1523 1557 1557 1557 1557 1550 1550 1543 1536 1536 1543 1543 1550 1550 1550 1550 1550 1557 1564 1557 1557 1564 1572 1624 1624 1601 1601 1601 1601 1601 1609 1609 1616 1616 1616 1609 1609 1624 1624 1632 1632 1632 1705 1696 1696 1696 1696 1705 1713 1632 1632 1632 1632 1655 1655 1663 1663 1671 1671 1696 1713 1731 1739 1739 1241 1241 1245 1241 1236 1236 1236 1250 1259 1264 1509 1509 1509 1509 0 1757 1757 1748 1748 1757 1766 1766 1757 1757 1757 1766 1766 1785 1785 1823 1853 1833 1833 1833 1833 1833 1833 1833 1843 1833 1833 1863 1843 1843 1853 1853 1853 1853 1853 1853 1873 1873 1863 1863 1873 1873 1863 1863 1863 1873 1894 1915 1883 1883 1883 1894 1904 1904 1904 1894 1894 1894 1883 1873 1873 1863 1863 1873 1873 1873 1873 1873 1873 1381 1376 1376 1376 1376 0 0 0 0 0
0 0 0 0 0 0 0 0 0 0 0 0 0 0 0 0 0 0 975 975 981 984 987 992 995 998 1004 1010 1016 1019 1022 1028 1041 1050 1054 1054 1241 1241 1241 1241 1245 1245 1245 1255 1259 1259 1264 1255 1255 1264 1268 1273 1268 1264 1259 1259 1302 1302 1273 1273 1273 1278 1283 1288 1292 1297 1302 1307 1307 1307 1312 1312 1312 1312 1312 1312 1312 1312 1307 1307 1317 1322 1322 1322 1317 1312 1312 1312 1349 1333 1333 1333 1328 1328 1349 1349 1349 1354 1354 1359 1359 1359 1359 1359 1376 1376 1381 1381 1359 1359 1359 1354 1354 1387 1392 1392 1387 1387 1392 1392 1398 1404 1404 1421 1421 1421 1421 1421 1415 1410 1410 1410 1410 1433 1439 1439 1445 1464 1464 1464 1433 1427 1427 1445 1445 1458 1445 1445 1470 1464 1452 1445 1445 1503 1523 1523 1523 1496 1496 1503 1509 1503 1503 1489 1489 1489 1489 1496 1550 1529 1529 1509 1509 1523 1523 1529 1523 1523 1536 1543 1543 1543 1543 1543 1543 1543 1543 1557 1564 1601 1601 1557 1557 1557 1564 1594 1594 1594 1594 1601 1586 1586 1594 1594 1594 1586 1586 1594 1601 1601 1601 1616 1616 1616 1624 1624 1632 1639 1647 1655 1655 1647 1647 1663 1663 1688 1688 1241 1241 1236 1236 1236 1236 1241 1250 1255 1268 1509 1509 1509 1509 1722 1722 1722 1722 1731 1731 1731 1731 1731 1731 1731 1696 1696 1696 1696 1696 1696 1833 1833 1823 1823 1785 1785 1785 1785 1823 1766 1766 1785 1785 1785 1804 1794 1794 1794 1794 1804 1823 1833 1833 1833 1833 1833 1833 1833 1833 1894 1863 1863 1863 1853 1853 1904 1904 1904 1873 1873 1843 1833 1833 1843 1863 1863 1873 1873 1873 1873 1873 1381 1381 1376 1376 1365 1354 1354 0 0 0 0
0 0 0 0 0 0 0 0 0 0 0 0 0 0 0 0 0 0 973 973 981 984 987 992 995 1001 1004 1007 1013 1016 1025 1038 1047 1050 1054 1054 1227 1227 1227 1232 1227 1227 1227 1227 1241 1250 1232 1232 1236 1255 1250 1245 1245 1245 1250 1250 1259 1250 1250 1264 1264 1268 1268 1273 1273 1278 1283 1283 1283 1292 1278 1278 1278 1278 1278 1273 1273 1278 1278 1292 1297 1292 1292 1297 1297 1297 1302 1307 1312 1312 1322 1317 1312 1307 1307 1333 1338 1338 1338 1338 1338 1343 1349 1349 1349 1354 1338 1333 1333 1338 1343 1349 1354 1359 1359 1365 1376 1376 1376 1381 1387 1381 1381 1387 1421 1415 1415 1410 1398 1398 1404 1398 1398 1398 1410 1415 1421 1464 1421 1421 1421 1421 1421 1427 1427 1415 1415 1421 1421 1421 1421 1433 1433 1439 1439 1445 1445 1483 1470 1470 1470 1470 1477 1470 1470 1483 1483 1483 1464 1464 1470 1496 1496 1496 1496 1509 1509 1509 1516 1523 1536 1536 1536 1543 1543 1536 1536 1529 1529 1529 1536 1536 1543 1543 1543 1564 1594 1594 1586 1564 1564 1572 1579 1579 1579 1572 1572 1572 1579 1586 1594 1601 1601 1601 1594 1594 1601 1594 1594 1639 1632 1632 1624 1624 1632 1663 1696 1241 1241 1236 1236 1236 1236 1241 1250 1255 1255 1255 1255 1663 1663 1663 1663 1663 1696 1705 1722 1705 1696 1696 1688 1688 1688 1688 1688 1688 1696 1696 1671 1705 1705 1705 1713 1748 1739 1696 1696 1739 1739 1748 1748 1748 1757 1757 1766 1757 1757 1748 1731 1731 1776 1794 1813 1813 1813 1794 1794 1794 1863 1853 1853 1843 1843 1853 1853 1873 1873 1873 1823 1823 1823 1823 1823 1823 1833 1873 1873 0 1381 0 1381 1381 1376 1365 1354 1354 0 0 0 0
0 0 0 0 0 0 0 0 0 0 0 0 0 0 0 0 0 0 973 973 981 984 987 992 995 1001 1004 1007 1013 1016 1025 1041 1044 1047 1054 1185 1202 1214 1219 1223 1223 1223 1223 1219 1219 1219 1219 1219 1219 1219 1219 1219 1236 1241 1241 1241 1241 1241 1241 1245 1245 1255 1255 1259 1259 1278 1245 1245 1245 1245 1273 1278 1268 1268 1264 1264 1264 1268 1268 1278 1288 1283 1283 1288 1288 1292 1292 1288 1288 1302 1307 1317 1288 1288 1288 1292 1322 1328 1278 1278 1333 1333 1333 1333 1328 1328 1328 1333 1333 1333 1333 1338 1343 1343 1343 1349 1354 1359 1359 1365 1387 1376 1376 1376 1354 1349 1349 1354 1354 1387 1392 1387 1381 1376 1376 1381 1381 1381 1415 1415 1415 1415 1415 1398 1398 1398 1404 1410 1415 1421 1415 1415 1421 1421 1427 1421 1421 1421 1421 1421 1427 1427 1439 1433 1433 1433 1433 1445 1445 1452 1452 1458 1483 1464 1464 1464 1470 1470 1496 1509 1516 1536 1536 1536 1536 1529 1529 1516 1509 1509 1536 1536 1536 1536 1516 1516 1516 1516 1516 1516 1543 1550 1557 1564 1543 1543 1564 1572 1572 1579 1586 1586 1594 1572 1572 1579 1579 1579 1579 1639 1632 1632 1601 1594 1594 1624 1696 1696 1241 1241 1236 1236 1241 1241 1255 1255 1255 0 0 0 0 1655 1655 1655 1647 1647 1632 1632 1647 1671 1671 1680 1671 1671 1671 1671 1680 1671 1671 1671 1688 1696 1705 1705 1705 1696 1696 1713 1722 1731 1739 1739 1739 1739 1739 1731 1731 1731 1731 1731 1739 1766 1813 1794 1766 1766 1757 1757 1757 1853 1853 1843 1843 1853 1853 1776 1776 1794 1813 1813 1813 1813 1813 1823 1823 1883 1883 0 0 0 1381 1381 1381 1370 1370 0 0 0 0 0
0 0 0 0 0 0 0 0 0 0 0 0 0 0 0 0 0 0 973 973 981 984 989 992 995 1001 1004 1010 1016 1019 1028 1041 1041 1047 1173 1177 1177 1181 1189 1189 1189 1189 1202 1202 1210 1202 1202 1193 1193 1202 1206 1206 1206 1206 1210 1210 1214 1219 1223 1223 1227 1227 1227 1236 1255 1236 1236 1236 1232 1232 1241 1241 1250 1255 1255 1255 1255 1259 1259 1264 1273 1273 1273 1273 1273 1273 1273 1273 1278 1278 1278 1278 1278 1278 1283 1283 1283 1278 1278 1278 1288 1292 1297 1288 1288 1307 1317 1317 1322 1328 1322 1317 1312 1312 1317 1317 1328 1328 1328 1328 1328 1328 1328 1338 1338 1343 1349 1349 1338 1338 1392 1365 1359 1359 1370 1376 1365 1365 1370 1376 1376 1381 1381 1387 1392 1392 1398 1398 1398 1398 1398 1398 1404 1404 1410 1410 1410 1415 1415 1415 1415 1415 1421 1415 1415 1421 1427 1439 1439 1439 1439 1452 1452 1452 1452 1452 1458 1458 1496 1509 1516 1452 1445 1445 1452 1529 1529 1516 1489 1477 1477 1536 1536 1516 1503 1503 1503 1503 1503 1503 1496 1496 1496 1509 1529 1536 1543 1543 1572 1536 1536 1536 1536 1536 1557 1564 1564 1557 1543 1543 1543 1543 1550 1579 1579 1594 1250 1245 1241 1241 1241 1241 1241 1250 1259 1264 1264 1516 1516 1516 1579 1655 1655 1655 1647 1601 1601 1609 1624 1639 1647 1655 1647 1647 1647 1655 1655 1655 1655 1655 1663 1663 1663 1680 1688 1688 1680 1680 1688 1696 1705 1722 1722 1731 1739 1731 1731 1696 1696 1705 1705 1705 1713 1794 1722 1722 1731 1731 1722 1722 1722 1722 1731 1731 1748 1748 1757 1794 1813 1813 1813 1813 1813 1823 1823 0 1823 0 0 0 1387 1387 1381 1370 1370 0 0 0 0 0
0 0 0 0 0 0 0 0 0 0 0 0 0 0 0 0 0 0 973 973 981 987 989 992 995 1004 1007 1010 1016 1022 1028 1041 1041 1169 1169 1173 1173 1177 1177 1177 1177 1185 1185 1185 1189 1189 1189 1185 1185 1185 1185 1189 1189 1197 1197 1202 1206 1206 1206 1206 1210 1214 1219 1219 1219 1223 1232 1227 1223 1223 1223 1223 1236 1241 1241 1241 1236 1236 1241 1241 1250 1250 1245 1245 1250 1250 1255 1255 1255 1255 1255 1255 1255 1259 1259 1273 1273 1273 1273 1273 1278 1278 1283 1283 1283 1288 1288 1297 1307 1307 1292 1292 1302 1307 1312 1312 1317 1312 1312 1317 1317 1317 1317 1322 1322 1328 1338 1338 1328 1328 1328 1328 1333 1343 1338 1338 1338 1349 1354 1354 1354 1354 1354 1365 1370 1370 1387 1387 1387 1387 1387 1387 1387 1387 1392 1398 1398 1398 1392 1392 1398 1404 1404 1410 1410 1410 1421 1433 1427 1427 1427 1452 1433 1433 1439 1439 1439 1421 1421 1421 1445 1445 1439 1439 1439 1439 1452 1452 1458 1458 1458 1458 1458 1458 1503 1489 1489 1483 1483 1483 1483 1489 1489 1489 1489 1489 1489 1489 1489 1496 1516 1516 1516 1516 1529 1529 1529 1523 1523 1523 1523 1536 1536 1543 1550 1255 1250 1245 1241 1241 1241 1241 1241 1255 1264 1264 1264 1516 1516 1516 1579 1579 1572 1572 1572 1572 1579 1579 1594 1616 1632 1632 1624 1624 1624 1624 1624 1632 1639 1639 1639 1639 1639 1624 1624 1655 1647 1647 1655 1671 1705 1722 1722 1731 1680 1680 1680 1680 1680 1680 1671 1671 1671 1671 1688 1705 1713 1713 1705 1705 1705 1705 1705 1713 1722 1731 1748 1748 1748 1748 1616 1624 1639 0 0 0 0 0 0 0 1387 1387 1381 1381 1381 0 0 0 0 0
0 0 0 0 0 0 0 0 0 0 0 0 0 0 0 0 0 0 973 973 981 987 989 995 998 1004 1007 1013 1019 1025 1034 1041 1153 1153 1161 1165 1169 1169 1173 1169 1169 1169 1169 1169 1169 1177 1173 1173 1173 1173 1173 1177 1177 1177 1177 1185 1193 1193 1193 1193 1193 1193 1193 1202 1202 1202 1206 1210 1214 1214 1219 1219 1219 1223 1219 1219 1219 1227 1227 1227 1250 1241 1232 1223 1223 1223 1223 1223 1232 1236 1241 1241 1245 1250 1250 1255 1268 1264 1264 1259 1259 1259 1259 1259 1268 1268 1268 1273 1273 1273 1278 1278 1288 1297 1302 1302 1302 1302 1307 1302 1302 1307 1302 1302 1302 1307 1317 1317 1312 1312 1322 1322 1328 1328 1328 1322 1317 1317 1343 1343 1338 1333 1333 1349 1349 1354 1349 1349 1349 1354 1365 1370 1370 1365 1365 1376 1370 1370 1370 1376 1376 1392 1398 1392 1387 1387 1381 1376 1376 1387 1387 1392 1392 1398 1398 1410 1410 1410 1404 1404 1404 1404 1415 1427 1433 1439 1445 1445 1439 1439 1445 1445 1445 1445 1445 1477 1477 1470 1470 1458 1458 1470 1477 1477 1477 1464 1464 1470 1470 1477 1489 1503 1503 1503 1503 1509 1503 1503 1509 1509 1509 1516 1516 1516 1550 1250 1250 1245 1245 1245 1241 1241 1245 1259 1264 1268 1509 1509 1516 1523 1543 1557 1564 1564 1564 1564 1564 1572 1579 1594 1616 1616 1609 1609 1609 1616 1616 1616 1609 1594 1594 1609 1624 1616 1616 1632 1624 1624 1624 1616 1616 1616 1663 1663 1663 1663 1671 1663 1663 1663 1655 1655 1655 1655 1663 1680 1688 1696 1696 1696 1696 1688 1688 1688 1696 1705 1722 1748 1748 1616 1616 1624 1639 0 0 0 1655 0 0 0 1392 1392 1387 1387 0 0 0 0 0 0
0 0 0 0 0 0 0 0 0 0 0 0 0 0 0 0 0 0 973 973 981 987 989 995 998 1001 1007 1013 1019 1025 1034 1041 1123 1123 1145 1145 1145 1153 1157 1157 1157 1157 1157 1157 1157 1157 1161 1161 1161 1165 1169 1169 1169 1169 1169 1169 1181 1181 1185 1185 1185 1185 1185 1189 1189 1189 1197 1197 1202 1202 1206 1202 1202 1206 1206 1206 1206 1202 1202 1202 1202 1202 1202 1214 1214 1219 1219 1223 1223 1227 1227 1227 1232 1236 1245 1245 1250 1245 1245 1241 1241 1245 1250 1255 1255 1255 1255 1259 1264 1264 1268 1259 1259 1283 1278 1278 1273 1268 1268 1273 1283 1288 1283 1283 1288 1288 1292 1307 1302 1302 1302 1307 1322 1307 1307 1307 1302 1302 1302 1307 1307 1312 1317 1328 1328 1328 1328 1328 1333 1328 1328 1343 1343 1343 1343 1338 1338 1338 1338 1349 1354 1354 1354 1354 1354 1359 1365 1365 1370 1370 1370 1370 1370 1370 1381 1387 1387 1381 1381 1387 1387 1387 1392 1398 1398 1404 1427 1433 1427 1427 1427 1433 1433 1433 1433 1421 1421 1427 1433 1439 1439 1464 1464 1445 1445 1445 1452 1452 1458 1458 1464 1477 1489 1489 1503 1509 1470 1470 1477 1496 1489 1489 1489 1489 1489 1250 1245 1245 1245 1245 1245 1245 1245 1255 1268 1268 1509 1509 1509 1516 1543 1550 1557 1550 1543 1543 1543 1550 1550 1550 1550 1550 1572 1572 1594 1594 1586 1572 1572 1579 1579 1586 1594 1594 1594 1601 1616 1616 1624 1616 1616 1616 1663 1663 1632 1632 1624 1624 1632 1632 1632 1639 1639 1639 1647 1655 1655 1696 1696 1632 1632 1639 1655 1663 1671 1680 1722 1722 1616 1616 1616 1624 1639 1647 1647 1647 1655 1655 0 0 1392 1392 1387 1387 1387 0 0 0 0 0
0 0 0 0 0 0 0 0 0 0 0 0 0 0 0 0 0 0 973 973 981 987 992 995 998 1001 1007 1013 1019 1025 1038 1041 1123 1123 1126 1130 1134 1134 1134 1134 1138 1138 1141 1141 1145 1145 1145 1153 1153 1157 1161 1157 1157 1157 1157 1157 1165 1165 1169 1177 1177 1181 1181 1177 1177 1173 1173 1173 1173 1177 1185 1185 1185 1189 1189 1189 1185 1185 1185 1197 1197 1193 1193 1193 1197 1210 1210 1214 1219 1219 1219 1219 1219 1219 1227 1223 1214 1214 1219 1223 1227 1232 1236 1236 1245 1241 1241 1241 1241 1245 1250 1250 1250 1245 1245 1245 1259 1250 1250 1250 1255 1264 1268 1273 1273 1268 1268 1292 1288 1273 1273 1273 1273 1283 1283 1283 1288 1288 1292 1297 1297 1297 1288 1288 1307 1307 1312 1312 1312 1307 1307 1307 1307 1312 1328 1328 1333 1333 1333 1338 1338 1343 1343 1338 1338 1338 1338 1343 1349 1349 1354 1359 1354 1354 1354 1354 1359 1359 1365 1365 1370 1370 1381 1387 1387 1381 1376 1376 1376 1392 1398 1398 1387 1387 1392 1398 1398 1410 1415 1427 1427 1421 1421 1415 1415 1433 1439 1439 1439 1452 1452 1452 1421 1421 1421 1427 1433 1445 1452 1458 1458 1464 1470 1483 1489 1489 1245 1245 1245 1245 1245 1245 1245 1250 1264 1268 1496 1483 1483 1489 1489 1516 1523 1529 1523 1523 1523 1523 1536 1536 1536 1536 1543 1543 1543 1594 1557 1557 1564 1564 1564 1564 1564 1564 1564 1564 1564 1586 1594 1586 1586 1586 1579 1564 1564 1572 1572 1586 1594 1601 1601 1616 1616 1624 1616 1601 1601 1601 1601 1616 1616 1624 1632 1639 1639 1680 1616 1616 1624 1616 1616 1616 1624 1632 1639 1639 1647 1647 0 1392 1392 1392 1387 1387 1387 0 0 0 0 0
0 0 0 0 0 0 0 0 0 0 0 0 0 0 0 0 0 0 973 973 975 984 989 992 998 1004 1007 1013 1022 1028 1108 1112 1119 1115 1115 1119 1119 1123 1123 1119 1119 1126 1126 1130 1130 1134 1134 1138 1141 1149 1153 1138 1138 1141 1141 1141 1141 1145 1145 1145 1153 1157 1165 1165 1157 1157 1157 1157 1157 1161 1169 1173 1173 1173 1177 1177 1173 1173 1177 1177 1177 1177 1177 1181 1181 1185 1181 1177 1177 1177 1189 1189 1193 1193 1193 1197 1202 1202 1210 1214 1219 1223 1223 1219 1219 1214 1214 1219 1227 1232 1232 1223 1223 1232 1227 1227 1232 1236 1241 1245 1245 1250 1255 1255 1250 1250 1245 1245 1250 1250 1259 1259 1259 1264 1268 1268 1273 1278 1278 1283 1278 1278 1273 1273 1278 1292 1297 1312 1297 1297 1297 1297 1302 1307 1312 1317 1328 1322 1322 1322 1328 1333 1322 1322 1322 1322 1328 1328 1328 1328 1328 1333 1333 1338 1338 1343 1349 1349 1349 1354 1354 1359 1365 1365 1370 1370 1365 1365 1365 1370 1370 1381 1381 1381 1387 1387 1387 1376 1376 1381 1392 1392 1392 1392 1404 1404 1427 1427 1427 1415 1410 1410 1410 1415 1415 1421 1421 1433 1439 1439 1439 1433 1433 1439 1489 1245 1245 1245 1245 1245 1245 1245 1245 1250 1264 1268 1496 1464 1464 1464 1464 1477 1483 1503 1496 1496 1503 1496 1496 1509 1529 1523 1516 1516 1503 1503 1516 1523 1536 1529 1523 1523 1523 1529 1536 1550 1550 1564 1579 1586 1586 1586 1550 1550 1557 1564 1564 1572 1579 1572 1572 1572 1572 1594 1572 1572 1579 1586 1594 1609 1609 1609 1609 1609 1609 1609 1609 1609 1616 1616 1616 1616 1616 1616 1624 1632 1639 1639 0 0 1398 1398 1398 1398 1398 0 0 0 0 0
0 0 0 0 0 0 0 0 0 0 0 0 0 0 0 0 0 0 973 973 975 984 984 992 1004 1004 1087 1087 1094 1094 1097 1105 1108 1108 1108 1108 1112 1112 1108 1108 1105 1105 1115 1115 1115 1123 1112 1112 1108 1105 1105 1115 1123 1126 1126 1126 1126 1138 1138 1138 1138 1141 1141 1141 1141 1145 1149 1149 1145 1145 1145 1161 1161 1157 1157 1157 1157 1161 1161 1161 1165 1165 1169 1169 1177 1173 1173 1169 1169 1169 1169 1169 1181 1185 1185 1189 1193 1193 1197 1193 1193 1210 1206 1206 1202 1202 1202 1206 1214 1219 1223 1214 1214 1219 1219 1223 1227 1227 1227 1227 1227 1227 1236 1236 1236 1236 1236 1236 1236 1241 1245 1245 1245 1236 1236 1255 1264 1268 1268 1268 1259 1259 1264 1264 1268 1268 1268 1268 1273 1278 1278 1288 1292 1283 1283 1278 1278 1288 1292 1292 1297 1302 1302 1302 1302 1302 1312 1312 1312 1307 1307 1312 1322 1322 1328 1333 1333 1333 1333 1333 1333 1333 1333 1338 1338 1343 1343 1349 1354 1359 1365 1370 1381 1381 1387 1370 1370 1365 1365 1370 1376 1381 1381 1381 1387 1387 1404 1427 1381 1381 1392 1398 1404 1410 1410 1410 1410 1415 1392 1392 1392 1415 1415 1421 1421 1245 1245 1245 1245 1245 1245 1245 1245 1255 1268 1268 1445 1445 1452 1452 1452 1452 1452 1452 1458 1464 1477 1483 1483 1509 1529 1523 1489 1483 1483 1489 1496 1496 1496 1503 1509 1509 1516 1509 1509 1509 1509 1523 1543 1529 1529 1529 1529 1536 1536 1543 1543 1543 1543 1543 1536 1536 1550 1550 1564 1564 1564 1564 1564 1550 1550 1557 1557 1564 1564 1564 1564 1609 1609 1609 1616 1609 1609 1609 1616 1616 1616 1616 1594 1404 1404 1398 1398 1398 1398 0 0 0 0 0
0 0 0 0 0 0 0 0 0 0 0 0 0 0 0 0 0 0 973 973 978 984 984 1070 1073 1077 1080 1084 1084 1084 1080 1077 1077 1084 1087 1094 1094 1094 1097 1097 1097 1097 1097 1097 1105 1105 1097 1097 1097 1101 1101 1105 1115 1119 1119 1112 1112 1119 1123 1126 1126 1126 1126 1130 1138 1138 1138 1138 1138 1138 1138 1138 1141 1141 1138 1138 1138 1149 1149 1149 1153 1153 1153 1153 1153 1157 1161 1161 1161 1165 1165 1165 1169 1177 1177 1181 1181 1181 1181 1181 1181 1181 1181 1185 1185 1189 1189 1193 1197 1197 1189 1189 1197 1202 1210 1214 1210 1210 1210 1210 1210 1210 1210 1219 1223 1223 1223 1227 1227 1227 1232 1227 1227 1227 1227 1232 1236 1250 1250 1245 1245 1245 1245 1250 1250 1255 1255 1259 1264 1268 1268 1273 1273 1273 1273 1273 1273 1273 1278 1278 1273 1273 1283 1283 1283 1278 1278 1288 1297 1292 1292 1292 1297 1302 1312 1317 1317 1317 1312 1312 1317 1322 1322 1322 1322 1328 1328 1328 1338 1343 1343 1333 1328 1328 1328 1333 1338 1354 1354 1354 1354 1354 1365 1365 1359 1359 1359 1365 1365 1370 1376 1381 1387 1392 1398 1392 1392 1392 1392 1392 1392 1398 1398 1404 1410 1410 1245 1245 1250 1245 1245 1245 1245 1255 1268 1278 1427 1433 1439 1439 1433 1433 1439 1439 1439 1439 1439 1439 1483 1483 1439 1439 1464 1464 1464 1477 1470 1464 1464 1464 1477 1483 1489 1489 1483 1483 1470 1464 1464 1470 1509 1509 1509 1516 1523 1523 1516 1516 1509 1509 1509 1509 1509 1509 1516 1529 1543 1543 1536 1536 1536 1543 1543 1557 1557 1550 1543 1536 1536 1536 1609 1594 1586 1586 1594 1594 1594 1594 1594 1404 1404 1398 1398 1398 0 0 0 0 0 0
0 0 0 0 0 0 0 0 0 0 0 0 0 0 0 0 0 1041 1041 1050 1057 1060 1063 1063 1067 1067 1070 1067 1067 1067 1067 1070 1070 1077 1080 1084 1084 1084 1084 1087 1087 1090 1094 1094 1090 1084 1084 1087 1094 1097 1097 1097 1101 1101 1105 1105 1105 1112 1115 1115 1112 1108 1108 1112 1112 1112 1115 1115 1123 1126 1126 1126 1130 1130 1126 1126 1126 1126 1130 1138 1138 1138 1138 1138 1141 1145 1149 1141 1141 1145 1153 1153 1153 1153 1153 1153 1153 1153 1157 1173 1173 1169 1161 1161 1169 1181 1181 1181 1173 1173 1181 1181 1185 1185 1181 1181 1181 1181 1189 1189 1193 1193 1193 1197 1202 1202 1206 1206 1206 1206 1206 1210 1210 1214 1219 1214 1210 1210 1219 1227 1236 1232 1232 1232 1236 1241 1241 1241 1250 1255 1241 1241 1250 1255 1259 1264 1264 1264 1268 1255 1255 1255 1255 1255 1259 1264 1264 1268 1268 1268 1278 1278 1283 1283 1288 1283 1283 1288 1283 1283 1288 1307 1312 1307 1307 1312 1312 1307 1307 1322 1322 1322 1322 1322 1322 1322 1322 1333 1338 1338 1338 1338 1343 1338 1338 1343 1343 1343 1349 1354 1354 1354 1354 1343 1343 1354 1365 1365 1370 1376 1376 1376 1370 1370 1398 1398 1250 1250 1245 1245 1245 1245 1245 1259 1268 1283 1404 1404 1410 1410 1410 1415 1415 1421 1427 1421 1421 1421 1421 1427 1433 1433 1433 1445 1464 1477 1439 1439 1439 1439 1445 1452 1452 1458 1458 1458 1458 1458 1458 1458 1458 1477 1483 1483 1483 1496 1503 1503 1503 1503 1503 1503 1503 1503 1503 1496 1496 1503 1509 1523 1529 1536 1536 1536 1529 1529 1529 1529 1529 1536 1529 1529 1529 1529 1529 1594 1594 1594 1594 1404 1404 1398 1398 1398 0 0 0 0 0 0
0 0 0 0 0 0 0 0 0 0 0 0 0 0 0 0 0 1041 1041 1044 1054 1057 1057 1057 1060 1060 1060 1057 1057 1063 1063 1063 1067 1067 1070 1070 1070 1070 1070 1070 1073 1060 1060 1060 1063 1073 1077 1080 1084 1084 1084 1077 1077 1084 1084 1084 1087 1094 1108 1105 1097 1097 1101 1101 1101 1101 1097 1097 1105 1112 1112 1115 1115 1119 1119 1119 1123 1123 1123 1126 1123 1123 1126 1130 1130 1130 1134 1134 1134 1134 1134 1138 1145 1145 1141 1141 1145 1141 1141 1141 1145 1149 1149 1153 1153 1153 1157 1157 1157 1157 1157 1165 1169 1169 1169 1169 1169 1173 1173 1173 1177 1177 1181 1185 1197 1197 1193 1189 1185 1185 1189 1189 1197 1206 1206 1197 1197 1202 1206 1202 1202 1219 1219 1219 1219 1219 1219 1219 1223 1219 1219 1219 1223 1227 1227 1264 1236 1236 1236 1236 1241 1245 1245 1245 1241 1241 1259 1259 1259 1264 1268 1268 1268 1255 1255 1255 1264 1264 1268 1268 1273 1278 1288 1302 1302 1297 1278 1278 1278 1278 1283 1288 1288 1302 1302 1302 1307 1307 1312 1317 1322 1322 1312 1312 1312 1322 1322 1328 1328 1333 1338 1343 1338 1338 1338 1338 1338 1338 1343 1338 1338 1343 1349 1354 1398 1245 1245 1245 1245 1245 1245 1245 1250 1264 1268 1398 1354 1354 1365 1376 1387 1398 1398 1398 1398 1398 1404 1410 1410 1415 1415 1421 1421 1433 1433 1427 1427 1427 1427 1427 1433 1439 1439 1445 1445 1445 1445 1445 1452 1445 1445 1458 1458 1445 1445 1483 1489 1489 1489 1464 1464 1464 1470 1470 1489 1483 1483 1489 1489 1489 1509 1509 1509 1489 1489 1503 1509 1523 1523 1523 1516 1516 1516 1516 1523 1523 1523 1477 1404 1404 1404 1398 1398 1398 0 0 0 0 0 0
0 0 0 0 0 0 0 0 0 0 0 0 0 0 0 0 0 1038 1038 1031 1031 1038 1044 1050 1054 1054 1044 1044 1044 1054 1057 1060 1060 1060 1057 1057 1060 1060 1063 1060 1060 1057 1057 1057 1063 1067 1070 1073 1070 1070 1070 1070 1070 1073 1073 1073 1077 1080 1080 1080 1073 1073 1094 1094 1094 1087 1087 1090 1094 1097 1101 1105 1108 1108 1112 1112 1101 1101 1101 1101 1108 1108 1108 1108 1108 1108 1119 1123 1123 1112 1108 1108 1112 1123 1126 1134 1134 1134 1134 1134 1138 1138 1145 1145 1141 1138 1138 1138 1138 1145 1153 1157 1161 1165 1165 1165 1161 1161 1165 1165 1165 1169 1169 1169 1169 1169 1169 1173 1173 1173 1173 1173 1173 1169 1169 1185 1185 1185 1189 1193 1193 1189 1189 1202 1202 1202 1202 1202 1202 1206 1206 1210 1210 1206 1202 1202 1210 1210 1214 1219 1223 1232 1236 1232 1227 1227 1227 1232 1232 1232 1250 1245 1245 1245 1245 1245 1255 1255 1255 1255 1259 1264 1268 1268 1268 1268 1268 1268 1268 1268 1273 1278 1278 1288 1288 1288 1288 1288 1292 1292 1292 1297 1302 1302 1307 1307 1307 1312 1312 1312 1322 1322 1322 1322 1317 1317 1317 1322 1328 1328 1328 1328 1328 1328 1245 1245 1245 1245 1245 1245 1245 1250 1250 1268 1273 1302 1322 1338 1343 1349 1349 1387 1387 1387 1387 1392 1387 1387 1392 1392 1398 1398 1398 1415 1415 1427 1427 1427 1410 1410 1427 1427 1433 1433 1427 1427 1427 1427 1433 1439 1439 1439 1433 1433 1433 1433 1477 1477 1439 1439 1452 1452 1458 1458 1464 1477 1477 1477 1477 1477 1477 1477 1483 1477 1477 1477 1477 1470 1470 1477 1477 1503 1509 1509 1503 1483 1477 1477 1477 1404 1404 1404 1404 1404 0 0 0 0 0 0
0 0 0 0 0 0 0 0 0 0 0 0 0 0 0 0 0 1025 1025 1025 1025 1028 1034 1034 1031 1031 1031 1031 1038 1044 1047 1050 1044 1044 1044 1044 1044 1044 1044 1054 1054 1054 1054 1054 1054 1054 1054 1050 1050 1050 1057 1063 1063 1070 1067 1067 1070 1067 1067 1070 1067 1067 1070 1070 1073 1080 1080 1080 1084 1084 1090 1090 1090 1090 1101 1080 1080 1090 1090 1090 1097 1097 1097 1094 1094 1080 1080 1101 1101 1101 1105 1105 1105 1105 1112 1115 1119 1119 1123 1123 1126 1126 1126 1130 1130 1130 1130 1134 1134 1134 1138 1149 1149 1149 1149 1149 1149 1149 1153 1157 1157 1153 1153 1149 1149 1157 1157 1165 1165 1165 1161 1161 1165 1165 1165 1169 1169 1173 1173 1177 1177 1177 1177 1177 1177 1185 1181 1181 1185 1185 1189 1197 1202 1202 1202 1202 1202 1206 1210 1214 1214 1214 1219 1219 1214 1214 1214 1214 1219 1219 1219 1219 1219 1223 1227 1227 1232 1236 1245 1245 1250 1250 1250 1250 1259 1259 1264 1264 1264 1264 1264 1264 1264 1268 1273 1273 1278 1278 1283 1283 1283 1288 1288 1292 1297 1292 1288 1283 1283 1292 1307 1302 1297 1297 1302 1302 1307 1312 1312 1317 1322 1322 1322 1322 1245 1245 1245 1250 1245 1245 1245 1245 1250 1268 1278 1302 1317 1328 1333 1338 1338 1338 1349 1359 1349 1349 1349 1349 1359 1359 1370 1370 1365 1365 1359 1359 1365 1365 1381 1365 1365 1370 1433 1398 1398 1404 1404 1404 1387 1387 1421 1415 1415 1404 1404 1433 1477 1477 1415 1415 1433 1445 1452 1458 1410 1410 1410 1452 1439 1439 1445 1445 1464 1470 1470 1439 1439 1439 1445 1452 1464 1470 1489 1496 1489 1477 1477 1477 1477 1410 1404 1404 1404 1410 0 0 0 0 0 0
0 0 0 0 0 0 0 0 0 0 0 0 0 0 0 0 0 1016 1016 1016 1016 1019 1019 1019 1022 1022 1022 1022 1025 1025 1019 1019 1019 1019 1041 1038 1038 1031 1031 1034 1034 1034 1041 1044 1044 1044 1041 1041 1044 1044 1044 1044 1044 1050 1050 1050 1050 1050 1057 1060 1060 1060 1060 1063 1063 1070 1073 1070 1070 1070 1073 1073 1073 1073 1070 1070 1073 1073 1073 1073 1077 1087 1087 1084 1084 1080 1080 1090 1094 1094 1097 1097 1097 1094 1094 1097 1097 1108 1112 1119 1115 1112 1108 1108 1108 1115 1119 1119 1119 1123 1123 1134 1130 1130 1134 1134 1134 1138 1138 1138 1138 1138 1134 1134 1134 1134 1138 1145 1149 1153 1153 1153 1153 1153 1161 1157 1157 1157 1161 1165 1165 1165 1165 1165 1165 1153 1153 1153 1157 1165 1169 1173 1173 1173 1169 1169 1173 1173 1202 1206 1214 1181 1181 1185 1185 1185 1189 1189 1202 1197 1197 1197 1197 1202 1206 1206 1210 1202 1202 1202 1202 1206 1210 1210 1210 1219 1223 1227 1245 1245 1245 1245 1245 1250 1250 1250 1245 1245 1250 1250 1264 1264 1273 1278 1273 1268 1268 1268 1268 1268 1273 1273 1283 1288 1288 1292 1297 1297 1297 1297 1297 1297 1297 1302 1245 1245 1245 1250 1245 1245 1245 1245 1250 1278 1283 1297 1307 1312 1317 1322 1322 1322 1328 1328 1328 1328 1333 1343 1354 1354 1359 1359 1359 1359 1354 1354 1354 1349 1349 1343 1343 1354 1365 1359 1359 1359 1370 1387 1365 1365 1365 1381 1392 1392 1392 1387 1381 1381 1387 1387 1410 1445 1387 1387 1387 1392 1398 1410 1415 1415 1421 1421 1421 1458 1470 1410 1410 1433 1439 1452 1445 1415 1415 1427 1470 1470 1470 1470 1421 1410 1404 1404 1404 0 0 0 0 0 0 0
0 0 0 0 0 0 0 0 0 0 0 0 0 0 0 0 0 1007 1007 1004 1004 1007 1007 1007 1013 1013 1013 1010 1010 1013 1010 1007 1007 1016 1025 1025 1028 1025 1025 1025 1025 1025 1028 1028 1028 1038 1034 1034 1034 1034 1034 1034 1034 1034 1034 1034 1034 1034 1041 1050 1050 1050 1050 1050 1050 1057 1057 1057 1060 1060 1060 1063 1063 1063 1067 1067 1067 1063 1063 1067 1067 1067 1067 1077 1054 1054 1060 1060 1060 1067 1067 1073 1077 1077 1080 1084 1080 1080 1080 1080 1084 1087 1090 1087 1087 1087 1090 1090 1090 1101 1097 1094 1094 1101 1108 1108 1108 1105 1105 1105 1112 1119 1115 1115 1115 1115 1119 1119 1123 1130 1130 1123 1123 1123 1123 1123 1130 1134 1138 1138 1138 1138 1141 1141 1138 1138 1138 1141 1141 1145 1145 1145 1149 1153 1157 1153 1153 1161 1157 1153 1153 1157 1165 1177 1169 1165 1165 1165 1165 1165 1173 1181 1181 1185 1189 1193 1193 1193 1193 1197 1197 1197 1202 1202 1197 1197 1210 1210 1210 1202 1202 1206 1214 1219 1219 1223 1227 1214 1214 1219 1214 1214 1219 1223 1227 1232 1232 1236 1245 1245 1245 1250 1250 1250 1250 1250 1250 1255 1264 1268 1268 1264 1264 1255 1250 1250 1250 1250 1250 1250 1250 1250 1250 1268 1273 1273 1278 1283 1283 1288 1297 1297 1288 1288 1292 1292 1297 1333 1338 1328 1312 1312 1338 1343 1338 1328 1328 1333 1338 1338 1338 1349 1349 1349 1343 1343 1349 1365 1365 1359 1359 1354 1354 1381 1370 1365 1365 1365 1370 1370 1381 1376 1376 1381 1381 1381 1392 1398 1398 1404 1404 1404 1398 1398 1392 1392 1398 1404 1404 1410 1410 1404 1404 1398 1398 1470 1470 1404 1404 1410 1404 1404 1404 0 0 0 0 0 0 0
0 0 0 0 0 0 0 0 0 0 0 0 0 0 0 0 0 998 995 995 995 998 1001 1001 1004 1004 1007 1004 1004 1004 1004 1007 1007 1007 1007 1010 1010 1013 1013 1016 1016 1016 1022 1019 1016 1010 1010 1016 1019 1019 1022 1022 1022 1022 1025 1025 1025 1025 1025 1028 1022 1022 1025 1025 1028 1031 1031 1034 1034 1031 1031 1031 1031 1034 1044 1044 1044 1044 1038 1038 1038 1031 1031 1041 1044 1047 1047 1050 1054 1054 1057 1060 1060 1060 1060 1063 1057 1057 1057 1057 1057 1070 1080 1080 1080 1077 1077 1077 1080 1080 1080 1080 1077 1077 1077 1084 1087 1087 1090 1094 1094 1094 1097 1101 1101 1105 1108 1108 1108 1097 1097 1112 1112 1112 1112 1112 1115 1119 1123 1126 1123 1123 1123 1123 1126 1126 1130 1130 1130 1134 1134 1138 1138 1138 1141 1145 1149 1141 1141 1138 1138 1149 1153 1153 1157 1149 1149 1149 1149 1157 1161 1161 1169 1169 1169 1169 1169 1169 1181 1189 1189 1189 1189 1189 1189 1193 1185 1181 1181 1181 1189 1193 1197 1202 1210 1210 1214 1197 1197 1206 1210 1210 1210 1214 1210 1210 1214 1214 1214 1214 1214 1214 1214 1219 1219 1232 1223 1223 1232 1259 1259 1250 1250 1245 1245 1250 1255 1255 1250 1250 1245 1245 1250 1259 1259 1259 1259 1259 1264 1268 1273 1278 1278 1278 1278 1278 1278 1273 1273 1273 1273 1288 1292 1292 1292 1297 1297 1297 1292 1292 1297 1302 1302 1307 1312 1312 1302 1302 1307 1317 1317 1322 1322 1322 1322 1322 1359 1359 1359 1359 1359 1365 1365 1370 1365 1365 1376 1376 1381 1387 1381 1381 1376 1376 1381 1381 1387 1387 1387 1387 1387 1392 1392 1387 1387 1387 1387 1392 1392 1404 1398 1398 1376 1365 1365 0 0 0 0 0
0 0 0 0 0 0 0 0 0 0 0 0 0 0 0 0 0 998 989 987 987 987 989 992 992 987 987 987 992 987 987 987 987 987 987 987 987 987 987 992 995 1004 1007 995 995 998 998 998 1001 1001 1004 1001 1001 1004 1007 1016 1016 1019 1019 1019 1016 1016 1016 1019 1019 1022 1025 1028 1025 1025 1025 1028 1028 1028 1034 1034 1034 1031 1031 1031 1028 1028 1028 1038 1041 1044 1044 1044 1044 1044 1044 1044 1047 1050 1054 1054 1050 1047 1047 1050 1050 1054 1063 1063 1070 1067 1067 1070 1073 1073 1073 1070 1067 1067 1067 1067 1070 1077 1080 1084 1084 1084 1087 1087 1087 1090 1090 1090 1094 1094 1094 1097 1101 1101 1101 1101 1101 1101 1101 1097 1097 1105 1105 1112 1119 1119 1123 1123 1126 1126 1126 1126 1126 1126 1126 1130 1130 1134 1130 1130 1134 1138 1138 1141 1145 1145 1141 1141 1145 1145 1138 1138 1138 1141 1157 1157 1161 1161 1161 1161 1161 1157 1157 1149 1149 1153 1169 1169 1173 1177 1181 1181 1193 1193 1202 1193 1185 1185 1185 1193 1193 1197 1197 1202 1202 1202 1202 1202 1202 1202 1202 1202 1202 1197 1197 1197 1202 1210 1214 1214 1214 1219 1227 1232 1232 1232 1255 1255 1250 1245 1241 1236 1232 1232 1236 1245 1245 1250 1250 1255 1255 1250 1250 1259 1264 1264 1264 1264 1264 1268 1268 1268 1273 1278 1278 1278 1278 1278 1283 1283 1283 1283 1288 1297 1297 1302 1302 1302 1302 1302 1302 1312 1312 1317 1317 1322 1359 1307 1307 1302 1302 1302 1302 1322 1328 1328 1328 1333 1338 1349 1354 1354 1359 1359 1359 1359 1365 1365 1365 1365 1376 1376 1376 1376 1381 1381 1381 1381 1381 1404 1387 1387 1376 1365 1365 0 0 0 0 0
0 0 0 0 0 0 0 0 0 0 0 0 0 0 0 0 0 0 967 967 967 970 970 970 970 970 970 975 978 978 978 978 981 981 981 978 978 981 981 978 973 973 973 984 984 987 989 992 992 992 992 992 992 992 992 992 984 984 987 995 995 1001 1004 1004 1004 1007 1007 1007 1016 1016 1016 1022 1019 1016 1016 1019 1019 1022 1022 1025 1025 1019 1019 1019 1019 1019 1028 1028 1031 1038 1038 1038 1038 1041 1041 1044 1044 1041 1041 1044 1044 1044 1044 1044 1044 1047 1050 1054 1063 1063 1063 1063 1063 1060 1060 1063 1063 1063 1073 1073 1073 1073 1073 1080 1080 1084 1084 1084 1080 1080 1087 1090 1090 1090 1084 1084 1084 1087 1087 1090 1090 1094 1094 1097 1105 1115 1112 1112 1115 1119 1119 1115 1112 1112 1112 1112 1112 1112 1112 1112 1119 1130 1130 1134 1130 1130 1130 1126 1126 1126 1126 1126 1130 1134 1138 1138 1141 1145 1149 1153 1153 1153 1153 1149 1149 1149 1153 1161 1165 1165 1165 1161 1161 1165 1173 1177 1177 1173 1173 1189 1189 1181 1181 1177 1177 1181 1181 1189 1189 1193 1193 1197 1193 1193 1193 1193 1193 1197 1202 1206 1206 1202 1202 1206 1210 1206 1206 1232 1232 1232 1232 1223 1223 1223 1219 1219 1227 1227 1236 1241 1241 1232 1232 1232 1241 1241 1245 1250 1255 1250 1250 1250 1250 1250 1250 1250 1259 1273 1273 1273 1268 1268 1268 1268 1292 1302 1292 1288 1288 1288 1288 1283 1283 1292 1232 1232 1292 1292 1292 1292 1292 1288 1288 1292 1307 1312 1307 1302 1297 1297 1297 1297 1297 1307 1359 1359 1365 1365 1365 1328 1328 1338 1338 1338 1333 1333 1338 1343 1343 1343 1343 1387 1398 1398 1034 1034 1031 1031 0 0
0 0 0 0 0 0 0 0 0 0 0 0 0 0 0 0 0 0 951 951 956 956 956 956 959 962 964 962 962 962 962 962 962 964 973 973 975 973 973 970 970 970 970 973 978 981 973 973 981 981 981 984 987 987 987 984 978 978 981 984 989 992 992 992 992 992 992 992 998 998 998 998 1001 1007 1007 1007 1007 1007 1013 1010 1010 1016 1013 1013 1010 1010 1010 1013 1016 1022 1025 1025 1025 1025 1025 1028 1031 1031 1031 1031 1031 1031 1041 1038 1038 1034 1031 1031 1031 1038 1047 1047 1054 1054 1054 1057 1057 1060 1060 1060 1060 1060 1060 1063 1060 1060 1063 1067 1067 1067 1063 1063 1067 1067 1077 1077 1080 1084 1084 1087 1084 1084 1087 1087 1087 1087 1087 1087 1094 1094 1094 1097 1097 1101 1097 1097 1097 1090 1090 1094 1105 1105 1105 1105 1105 1105 1108 1105 1105 1112 1115 1119 1126 1126 1126 1126 1126 1130 1134 1138 1138 1141 1141 1138 1138 1138 1138 1145 1145 1145 1153 1153 1153 1157 1161 1157 1157 1161 1161 1161 1161 1161 1161 1161 1161 1161 1161 1161 1173 1181 1185 1189 1189 1185 1185 1185 1185 1189 1181 1181 1185 1185 1185 1197 1197 1206 1206 1232 1232 1232 1232 1210 1210 1214 1210 1210 1210 1210 1214 1214 1214 1214 1219 1219 1223 1227 1227 1227 1227 1236 1236 1236 1241 1241 1236 1236 1232 1227 1227 1255 1255 1255 1255 1250 1245 1245 1245 1245 1250 1255 1255 1264 1259 1259 1232 1232 1283 1283 1283 1283 1283 1283 1283 1288 1292 1302 1297 1297 1292 1288 1288 1288 1297 1297 1292 1283 1283 1288 1288 1297 1302 1302 1317 1322 1322 1322 1328 1333 1338 1338 1343 1343 1343 1034 1034 1034 1031 1031 0 0
0 0 0 0 0 0 0 0 0 0 0 0 0 0 0 0 0 0 940 940 940 946 946 946 948 951 956 954 954 954 954 956 959 962 962 964 967 967 964 964 962 962 962 962 964 964 964 964 964 970 970 973 973 975 975 975 973 973 978 978 984 984 987 989 989 987 984 984 984 984 984 989 989 992 992 992 992 992 992 998 1001 1004 1007 1007 1001 1001 1001 1004 1007 1010 1010 1013 1016 1019 1016 1016 1016 1022 1025 1025 1019 1019 1019 1022 1022 1022 1025 1025 1028 1028 1034 1038 1038 1041 1041 1044 1047 1041 1041 1041 1044 1044 1044 1044 1044 1044 1044 1047 1050 1054 1060 1060 1060 1060 1060 1063 1067 1063 1057 1057 1070 1073 1077 1070 1070 1077 1077 1077 1080 1080 1077 1077 1087 1087 1087 1087 1087 1084 1084 1087 1090 1090 1097 1101 1101 1101 1101 1101 1101 1101 1108 1112 1119 1115 1115 1115 1115 1119 1119 1119 1123 1130 1134 1130 1126 1126 1130 1134 1138 1138 1138 1138 1145 1141 1134 1134 1141 1145 1141 1141 1145 1145 1145 1149 1149 1153 1149 1149 1153 1149 1149 1153 1153 1157 1169 1169 1169 1165 1165 1165 1169 1173 1173 1181 1189 1169 1165 1165 1165 1165 1165 1169 1177 1181 1185 1189 1193 1189 1189 1189 1189 1202 1206 1206 1210 1214 1214 1219 1223 1223 1227 1227 1232 1232 1223 1223 1223 1223 1223 1227 1232 1245 1245 1241 1241 1241 1241 1241 1245 1245 1250 1250 1250 1250 1236 1236 1241 1250 1264 1268 1278 1278 1278 1268 1259 1259 1268 1273 1273 1283 1283 1283 1288 1283 1283 1278 1278 1283 1283 1288 1292 1292 1297 1312 1312 1312 1312 1297 1297 1302 1302 1302 1283 1034 1034 1034 1031 1031 0 0
0 0 0 0 0 0 0 0 0 0 0 0 0 0 0 0 0 0 933 933 933 933 933 935 935 938 943 943 943 946 946 948 956 956 954 954 954 954 954 951 951 954 956 956 959 959 962 962 962 959 959 959 959 967 967 970 967 967 973 973 978 978 978 978 975 975 975 975 975 975 975 978 984 987 987 984 984 984 984 992 992 992 992 992 995 995 995 995 1001 1004 1004 1004 1007 1013 1007 1007 1007 1007 1007 1007 1007 1007 1010 1016 1016 1016 1019 1019 1019 1022 1022 1028 1028 1025 1025 1025 1025 1028 1031 1031 1031 1031 1031 1034 1038 1038 1038 1041 1044 1044 1047 1050 1050 1050 1050 1054 1050 1050 1050 1050 1054 1057 1060 1060 1060 1060 1063 1067 1070 1070 1067 1067 1063 1063 1073 1080 1077 1077 1080 1080 1084 1087 1090 1090 1094 1094 1090 1090 1090 1090 1094 1094 1108 1101 1101 1097 1097 1112 1108 1108 1105 1105 1105 1108 1112 1112 1115 1119 1123 1130 1126 1126 1130 1123 1123 1123 1119 1119 1123 1126 1134 1134 1138 1141 1141 1145 1145 1145 1145 1145 1145 1145 1145 1145 1149 1149 1149 1149 1153 1153 1153 1153 1153 1157 1157 1157 1157 1161 1161 1161 1165 1165 1169 1169 1173 1177 1177 1181 1181 1181 1185 1185 1189 1189 1193 1197 1197 1202 1202 1202 1210 1219 1219 1202 1202 1206 1206 1210 1210 1210 1210 1223 1223 1227 1227 1236 1236 1241 1241 1241 1241 1241 1241 1241 1232 1232 1236 1245 1255 1255 1255 1250 1250 1245 1241 1241 1245 1245 1245 1245 1255 1273 1264 1264 1264 1268 1268 1273 1278 1278 1283 1283 1268 1268 1268 1268 1273 1278 1278 1283 1283 1283 1283 1273 1031 1031 1025 1025 0 0
0 0 0 0 0 0 0 0 0 0 0 0 0 0 0 0 0 0 928 928 928 928 928 928 928 928 928 928 935 935 935 935 935 933 933 933 935 943 946 943 943 948 948 948 954 954 948 948 946 946 948 951 951 951 951 943 943 951 951 951 954 956 956 962 962 967 967 967 967 970 970 970 973 970 970 970 975 978 978 978 981 981 981 981 992 987 987 987 989 992 995 995 987 987 989 1001 1001 1001 1001 1001 1001 1004 1004 1007 1010 1010 1013 1013 1016 1013 1013 1010 1010 1013 1016 1016 1019 1019 1025 1025 1025 1025 1025 1028 1028 1028 1028 1031 1031 1034 1031 1031 1041 1041 1041 1041 1041 1041 1044 1044 1044 1047 1047 1047 1054 1054 1054 1050 1050 1050 1050 1057 1057 1060 1060 1063 1067 1070 1073 1073 1077 1080 1080 1077 1073 1073 1073 1080 1080 1073 1073 1073 1108 1090 1090 1087 1087 1084 1084 1087 1090 1090 1087 1087 1090 1094 1097 1105 1112 1115 1108 1105 1105 1101 1101 1115 1112 1112 1115 1115 1119 1126 1126 1126 1126 1130 1130 1134 1130 1130 1134 1134 1134 1134 1134 1138 1138 1141 1141 1141 1141 1141 1145 1145 1149 1153 1157 1157 1157 1157 1157 1161 1161 1161 1157 1157 1161 1169 1169 1173 1173 1177 1177 1177 1181 1181 1181 1181 1177 1177 1181 1181 1185 1185 1189 1189 1189 1193 1189 1185 1185 1185 1197 1206 1206 1202 1197 1197 1202 1206 1210 1210 1210 1219 1219 1223 1223 1219 1214 1214 1210 1210 1227 1227 1227 1227 1227 1227 1227 1232 1232 1232 1232 1232 1241 1245 1236 1232 1232 1278 1268 1259 1259 1259 1259 1264 1268 1273 1273 1264 1264 1245 1245 1273 1273 1031 1025 1025 0 0
0 0 0 0 0 0 0 0 0 0 0 0 0 0 0 0 0 0 918 918 920 925 925 925 925 920 918 918 920 920 928 928 928 928 928 928 930 930 930 938 938 938 935 935 943 943 938 935 935 938 940 940 940 940 943 943 943 946 946 946 948 951 951 954 954 956 956 959 959 962 964 964 967 964 964 964 962 962 973 970 970 962 962 967 967 967 970 970 970 975 995 981 973 973 978 978 992 992 992 992 992 995 995 992 992 992 1004 1007 1001 998 992 992 998 1004 1013 1016 1016 1016 1013 1013 1013 1016 1016 1013 1013 1016 1016 1022 1022 1016 1016 1016 1016 1022 1028 1028 1028 1034 1034 1038 1038 1034 1034 1038 1041 1041 1041 1038 1038 1038 1041 1044 1047 1047 1047 1047 1057 1057 1057 1054 1054 1054 1054 1060 1060 1060 1060 1063 1070 1067 1063 1063 1063 1063 1067 1073 1077 1073 1073 1077 1080 1084 1080 1080 1084 1087 1090 1094 1090 1090 1090 1094 1097 1097 1097 1094 1094 1097 1097 1094 1094 1097 1097 1101 1112 1115 1115 1112 1112 1105 1105 1105 1119 1126 1130 1130 1134 1134 1134 1134 1134 1134 1138 1138 1141 1145 1145 1145 1149 1149 1153 1157 1157 1153 1145 1145 1145 1145 1149 1153 1153 1153 1153 1165 1161 1161 1153 1153 1153 1165 1169 1173 1177 1177 1173 1169 1169 1177 1177 1177 1177 1177 1177 1177 1189 1185 1185 1189 1189 1193 1193 1193 1193 1193 1197 1197 1197 1197 1206 1206 1206 1206 1210 1210 1219 1210 1210 1214 1214 1223 1219 1219 1219 1219 1227 1236 1232 1223 1223 1223 1223 1227 1227 1232 1255 1255 1255 1250 1250 1250 1245 1245 1245 1044 1044 1034 1028 1028 0 0
0 0 0 0 0 0 0 0 0 0 0 0 0 0 0 0 0 0 906 898 898 901 901 901 915 915 915 915 915 915 925 925 928 925 923 923 925 923 923 923 923 925 928 928 930 930 928 928 928 930 930 930 933 933 935 935 935 938 940 940 943 940 940 940 940 943 943 948 951 956 956 959 962 962 959 959 956 948 948 956 956 956 954 954 954 959 962 964 964 962 962 962 967 967 973 973 970 970 973 973 975 981 984 984 984 984 987 984 984 987 987 987 989 992 992 1013 1001 1001 1001 1001 1004 1001 1001 1004 1007 1010 1007 1007 1004 1004 1007 1007 1007 1013 1013 1013 1016 1019 1022 1025 1028 1028 1028 1025 1022 1022 1022 1025 1028 1031 1034 1034 1034 1031 1031 1034 1038 1044 1041 1038 1038 1041 1047 1050 1054 1050 1050 1050 1050 1054 1057 1060 1060 1057 1057 1057 1057 1063 1067 1070 1070 1073 1073 1073 1073 1073 1073 1077 1073 1073 1077 1094 1090 1090 1090 1087 1080 1080 1080 1080 1080 1087 1090 1090 1097 1097 1097 1094 1094 1097 1101 1101 1101 1105 1105 1112 1123 1119 1119 1123 1123 1126 1126 1115 1115 1119 1119 1126 1141 1141 1130 1130 1126 1126 1134 1141 1141 1141 1138 1138 1141 1138 1138 1141 1145 1149 1149 1149 1149 1149 1153 1157 1161 1157 1153 1153 1149 1149 1161 1161 1165 1165 1165 1165 1165 1173 1177 1181 1181 1177 1177 1181 1185 1185 1185 1185 1185 1189 1189 1193 1197 1202 1197 1193 1193 1193 1202 1210 1210 1206 1202 1202 1206 1206 1210 1210 1219 1214 1214 1214 1214 1223 1227 1227 1232 1232 1232 1227 1227 1232 1232 1227 1223 1044 1034 1034 1031 1031 0 0
0 0 0 0 0 0 0 0 0 0 0 0 0 0 0 0 0 0 894 894 894 896 898 898 901 901 906 908 908 910 906 906 908 910 910 915 918 918 918 918 918 918 918 918 923 923 923 920 920 923 923 923 925 925 928 930 930 930 933 935 933 933 933 933 933 938 938 940 943 940 940 938 938 940 940 940 946 943 943 946 948 948 948 948 948 951 956 959 956 956 956 956 959 962 967 964 962 962 964 967 967 973 973 973 975 978 978 978 978 978 978 981 981 981 978 978 981 981 989 992 989 989 989 989 992 992 992 998 998 998 998 998 1001 1001 1001 1004 1010 1010 1013 1013 1016 1019 1019 1016 1013 1013 1010 1010 1016 1016 1016 1019 1022 1025 1028 1025 1025 1025 1028 1031 1031 1031 1038 1041 1038 1028 1028 1031 1034 1038 1047 1050 1050 1044 1044 1044 1044 1050 1054 1057 1057 1054 1054 1057 1054 1054 1057 1060 1060 1063 1063 1063 1060 1060 1060 1063 1070 1073 1073 1077 1077 1077 1080 1080 1087 1084 1084 1084 1084 1087 1090 1090 1090 1087 1084 1084 1087 1090 1094 1094 1105 1105 1101 1101 1105 1108 1108 1108 1108 1108 1112 1115 1115 1115 1119 1126 1126 1123 1123 1123 1130 1130 1123 1123 1123 1123 1130 1138 1141 1141 1138 1138 1138 1138 1138 1141 1141 1145 1145 1149 1153 1157 1157 1161 1161 1165 1173 1173 1169 1169 1169 1169 1169 1173 1165 1165 1169 1177 1177 1181 1181 1193 1193 1181 1177 1177 1185 1185 1189 1189 1189 1189 1193 1193 1202 1202 1210 1206 1206 1197 1197 1197 1219 1219 1219 1219 1210 1210 1219 1223 1227 1223 1223 1041 1034 1034 1031 1031 0 0
0 0 0 0 0 0 0 0 0 0 0 0 0 0 0 0 0 0 887 887 889 889 894 894 891 891 891 891 891 898 898 898 898 898 898 908 903 901 901 901 901 908 908 910 913 908 906 906 913 913 915 915 915 918 918 923 923 920 920 920 920 925 928 928 930 930 928 928 928 930 933 933 935 933 933 933 930 930 930 938 940 940 943 943 943 940 940 938 938 948 951 954 954 948 948 948 948 951 959 962 962 964 964 967 967 970 970 970 970 970 973 973 973 970 970 973 978 978 984 987 987 989 981 981 981 981 981 984 987 989 987 987 989 989 992 995 995 995 995 995 998 1001 1001 1007 1007 1007 1007 1007 1010 1013 1013 1016 1016 1016 1019 1019 1019 1019 1019 1019 1019 1022 1022 1025 1028 1022 1022 1025 1025 1028 1031 1028 1028 1034 1034 1038 1038 1038 1038 1038 1038 1038 1041 1044 1047 1047 1050 1047 1047 1060 1057 1057 1057 1054 1054 1057 1060 1060 1060 1063 1063 1067 1067 1070 1067 1067 1067 1067 1073 1077 1080 1080 1080 1080 1077 1077 1084 1084 1087 1087 1087 1084 1084 1087 1090 1090 1094 1094 1094 1097 1094 1094 1101 1101 1105 1105 1108 1108 1108 1112 1105 1105 1115 1115 1115 1115 1119 1123 1123 1123 1123 1123 1123 1130 1130 1134 1138 1138 1141 1134 1134 1134 1130 1130 1130 1130 1149 1149 1153 1153 1153 1153 1153 1157 1157 1157 1157 1161 1169 1161 1161 1185 1173 1173 1173 1173 1173 1177 1177 1181 1181 1181 1177 1169 1169 1169 1169 1177 1189 1189 1185 1185 1185 1193 1193 1219 1206 1206 1210 1210 1214 1214 1214 1038 1034 1034 1034 1034 0 0
0 0 0 0 0 0 0 0 0 0 0 0 0 0 0 0 0 0 880 880 882 882 887 889 887 887 887 887 887 889 891 891 889 889 891 891 894 894 898 898 896 896 898 901 898 898 901 901 901 903 903 903 903 910 908 908 908 906 906 910 913 915 918 925 925 920 920 920 920 923 925 928 928 925 923 923 923 923 925 925 925 925 928 930 930 933 933 933 933 933 933 943 943 943 943 943 946 948 951 954 948 948 956 956 956 951 951 954 962 962 964 962 962 967 967 967 964 959 959 962 967 970 973 975 975 975 973 973 970 970 981 981 981 981 984 984 984 989 987 987 989 989 992 992 1001 1004 1001 998 998 995 995 995 995 995 998 1001 1007 1010 1007 1007 1007 1007 1013 1013 1013 1010 1010 1013 1013 1016 1022 1022 1022 1025 1025 1031 1031 1031 1031 1031 1031 1031 1031 1031 1034 1038 1038 1034 1034 1028 1028 1050 1054 1054 1054 1054 1054 1054 1054 1050 1050 1050 1057 1057 1057 1057 1060 1060 1063 1063 1067 1050 1050 1070 1070 1070 1070 1070 1077 1077 1080 1080 1080 1080 1077 1077 1077 1077 1080 1087 1090 1090 1090 1090 1090 1090 1090 1090 1101 1105 1097 1094 1094 1101 1105 1105 1105 1101 1101 1112 1112 1112 1115 1115 1123 1123 1115 1115 1115 1115 1119 1119 1119 1123 1123 1123 1123 1126 1130 1134 1138 1141 1141 1141 1149 1149 1149 1153 1157 1145 1141 1138 1134 1134 1141 1141 1149 1157 1161 1153 1153 1161 1161 1161 1161 1161 1161 1161 1161 1161 1161 1165 1173 1173 1193 1219 1193 1189 1181 1181 1214 1214 1214 1034 1031 1031 1031 1031 0 0
0 0 0 0 0 0 0 0 0 0 0 0 0 0 0 0 0 0 880 873 873 873 875 878 878 882 882 882 882 885 887 889 889 887 887 887 887 887 891 891 889 887 887 887 887 889 891 891 891 894 894 896 898 898 898 898 896 896 898 898 901 906 910 910 910 910 915 915 918 918 918 920 920 920 918 918 918 918 918 918 920 920 923 923 923 925 928 928 928 925 925 925 928 930 938 943 943 943 938 938 938 935 935 940 940 940 940 946 948 948 948 948 948 948 948 956 956 956 956 956 956 956 959 962 962 962 964 967 964 964 967 970 973 973 973 973 973 973 973 973 973 978 981 984 984 1004 989 989 989 989 989 992 992 992 992 995 1007 1004 1001 998 998 998 1001 1001 1001 1001 1001 1001 1001 1001 1001 1001 1001 1007 1013 1013 1013 1016 1019 1019 1022 1025 1025 1025 1025 1028 1025 1025 1022 1022 1025 1031 1034 1038 1044 1044 1044 1044 1041 1041 1041 1038 1038 1038 1038 1041 1044 1047 1047 1050 1044 1044 1047 1050 1060 1063 1060 1054 1050 1050 1063 1070 1070 1067 1067 1067 1067 1067 1067 1070 1073 1080 1077 1077 1073 1073 1077 1070 1070 1073 1073 1084 1087 1087 1094 1097 1094 1094 1094 1094 1094 1097 1097 1101 1105 1105 1101 1101 1105 1105 1112 1115 1115 1115 1115 1112 1112 1115 1115 1123 1123 1123 1126 1126 1130 1126 1115 1115 1126 1130 1134 1134 1130 1130 1134 1134 1141 1141 1138 1138 1141 1145 1145 1149 1153 1153 1149 1145 1141 1141 1149 1153 1153 1153 1153 1193 1193 1145 1145 1165 1165 1153 1034 1034 1031 1031 1031 1031 0 0
0 0 0 0 0 0 0 0 0 0 0 0 0 0 0 0 0 0 0 869 869 869 871 871 871 873 873 875 873 873 875 882 882 880 878 878 880 880 873 873 878 880 880 882 882 889 889 887 887 887 887 891 891 889 889 889 889 891 894 894 894 896 896 896 898 898 901 903 903 903 903 903 903 908 910 910 908 908 908 910 910 915 915 915 918 920 920 920 918 918 920 920 923 920 918 918 923 925 930 930 930 930 930 933 935 935 935 935 935 938 943 943 943 943 943 946 948 948 948 946 946 951 954 956 956 956 956 956 959 959 959 959 964 967 967 967 964 964 964 964 967 967 973 964 964 964 967 967 970 973 987 984 984 987 987 978 970 970 981 981 989 989 992 992 992 992 992 995 995 995 995 998 1001 1001 1001 1001 1004 1004 1004 1004 1004 1007 1013 1019 1019 1013 1010 1010 1013 1013 1016 1016 1016 1016 1016 1019 1019 1025 1025 1031 1028 1028 1028 1028 1028 1028 1031 1031 1034 1034 1034 1038 1041 1041 1044 1047 1047 1050 1047 1047 1050 1057 1060 1054 1054 1050 1050 1054 1060 1063 1067 1067 1067 1067 1067 1067 1067 1063 1063 1070 1070 1077 1077 1073 1073 1077 1077 1080 1090 1090 1090 1087 1087 1094 1094 1097 1090 1090 1094 1097 1101 1101 1090 1090 1097 1101 1101 1101 1101 1101 1105 1112 1112 1115 1115 1119 1115 1115 1112 1112 1119 1126 1126 1126 1130 1130 1115 1115 1115 1126 1130 1134 1134 1141 1145 1138 1134 1134 1130 1130 1141 1141 1145 1138 1134 1134 1138 1138 1141 1145 1153 1153 1141 1031 1031 1031 1031 1031 0 0
0 0 0 0 0 0 0 0 0 0 0 0 0 0 0 0 0 0 0 856 856 858 858 858 862 860 860 862 862 864 864 867 864 864 867 869 871 873 869 869 869 871 873 873 878 878 878 878 880 880 880 880 882 875 875 880 880 885 887 889 889 889 889 889 891 891 891 891 891 896 896 898 901 903 906 908 903 903 903 903 908 908 908 908 908 913 915 910 910 910 910 910 910 910 910 910 913 913 913 915 918 920 923 928 928 930 930 928 928 928 930 933 935 933 930 928 928 928 930 938 938 940 938 938 943 946 946 943 943 943 948 948 959 962 959 959 959 959 962 962 962 962 959 956 956 956 959 962 964 967 967 970 970 967 967 967 967 967 970 973 981 981 984 984 987 987 987 987 987 989 989 992 995 995 995 995 995 989 989 992 992 992 992 992 992 995 1001 1004 1004 1004 1004 1004 1007 1007 1007 1010 1010 1010 1010 1010 1010 1016 1022 1022 1022 1025 1025 1025 1025 1025 1031 1031 1028 1022 1022 1022 1025 1028 1028 1031 1031 1034 1038 1044 1044 1047 1047 1047 1050 1057 1050 1050 1050 1050 1057 1057 1057 1057 1057 1063 1054 1050 1050 1054 1057 1063 1063 1070 1077 1080 1077 1077 1077 1080 1080 1073 1073 1070 1070 1063 1063 1067 1080 1084 1087 1090 1090 1094 1090 1090 1094 1094 1090 1090 1090 1090 1097 1097 1105 1101 1101 1112 1119 1123 1126 1130 1105 1101 1101 1115 1119 1123 1126 1119 1119 1119 1119 1123 1126 1126 1123 1123 1126 1126 1126 1130 1130 1130 1134 1138 1138 1141 1141 1034 1034 1031 1031 1031 0 0
0 0 0 0 0 0 0 0 0 0 0 0 0 0 0 0 0 0 0 849 849 851 851 851 849 849 851 854 854 854 854 854 856 860 860 860 860 860 864 864 864 864 867 867 864 864 864 867 867 867 871 871 871 873 873 875 873 873 875 875 880 880 880 880 887 887 882 882 882 882 882 885 891 889 887 887 889 889 889 894 894 896 898 903 898 891 889 889 891 901 901 903 903 903 906 906 906 906 906 908 908 908 913 915 918 925 925 925 923 923 923 923 923 925 925 925 923 923 925 928 930 933 933 933 935 935 933 933 935 935 935 938 938 938 940 940 940 946 951 951 954 951 951 951 951 951 954 956 956 959 959 964 962 962 962 962 962 964 964 962 962 973 978 978 981 975 973 967 967 967 970 970 967 964 964 989 989 987 987 987 987 987 987 987 987 987 992 995 998 998 998 998 998 998 1001 1001 1001 1001 1001 1001 1004 1007 1010 1016 1016 1019 1019 1019 1019 1019 1013 1013 1013 1013 1016 1016 1016 1016 1016 1016 1019 1022 1025 1025 1028 1034 1034 1034 1038 1034 1034 1038 1041 1041 1047 1047 1044 1044 1047 1047 1044 1044 1044 1050 1054 1057 1057 1057 1077 1060 1060 1063 1063 1063 1063 1060 1060 1060 1063 1063 1063 1067 1077 1080 1080 1077 1077 1080 1080 1084 1084 1084 1087 1087 1087 1087 1087 1090 1090 1094 1094 1094 1094 1087 1087 1090 1090 1094 1097 1101 1101 1105 1101 1101 1097 1097 1101 1105 1105 1105 1105 1108 1112 1115 1115 1119 1112 1112 1119 1119 1119 1134 1134 1034 1034 1031 1031 1031 0 0
0 0 0 0 0 0 0 0 0 0 0 0 0 0 0 0 0 0 0 843 843 843 843 843 843 841 841 843 845 847 849 851 854 854 854 851 851 854 856 860 862 862 862 862 862 862 862 862 862 864 871 869 869 869 869 871 867 867 867 869 871 871 871 871 871 873 875 878 880 880 880 880 882 882 882 882 882 882 882 880 880 885 887 887 887 887 887 887 887 891 894 896 896 896 896 898 894 894 894 894 896 898 898 898 898 898 901 903 906 906 906 906 906 906 908 910 913 915 913 913 913 910 906 906 908 908 918 918 923 923 923 923 923 923 925 925 930 928 928 928 928 928 930 933 930 930 930 930 930 930 938 938 940 940 943 948 948 946 946 946 948 951 951 948 948 948 954 954 956 956 956 956 956 956 956 956 962 962 967 970 967 964 964 970 975 973 970 970 970 967 967 964 964 967 978 978 984 981 981 989 989 989 981 981 984 984 987 987 981 981 984 989 992 998 998 1001 1001 1001 1001 1001 1001 998 998 1007 1010 1007 1007 1007 1025 1025 1031 1031 1031 1031 1031 1031 1031 1031 1034 1038 1038 1038 1041 1044 1044 1041 1038 1031 1031 1031 1038 1038 1041 1038 1038 1041 1047 1047 1057 1060 1060 1063 1067 1067 1073 1070 1070 1063 1063 1050 1050 1050 1080 1080 1080 1077 1077 1077 1077 1077 1084 1084 1080 1073 1073 1077 1080 1080 1087 1087 1087 1087 1087 1090 1090 1090 1094 1094 1094 1094 1094 1097 1101 1101 1101 1101 1101 1101 1105 1105 1105 1115 1115 1034 1034 1031 1031 1031 0 0
0 0 0 0 0 0 0 0 0 0 0 0 0 0 0 0 0 0 0 831 831 831 831 833 833 835 839 841 841 843 843 839 839 839 843 843 845 847 847 851 849 849 847 847 849 849 854 856 856 860 862 862 864 860 856 856 856 862 862 867 867 867 867 869 869 869 871 873 875 858 858 860 860 860 867 864 864 864 864 864 864 875 875 875 871 871 871 871 873 875 878 880 878 878 882 882 880 880 882 887 889 887 887 889 894 894 894 891 891 891 891 891 891 898 903 903 906 901 901 901 901 906 903 903 903 906 908 908 908 908 910 913 918 918 918 915 913 913 918 920 920 923 923 923 923 923 925 925 925 928 930 935 938 933 933 943 940 940 938 938 938 940 943 943 938 935 935 938 940 946 946 946 948 946 946 946 946 946 946 946 946 946 946 948 951 954 956 959 959 962 962 962 962 964 964 964 970 970 973 975 975 975 975 975 981 984 981 973 973 973 975 981 981 984 987 989 992 995 992 992 992 989 989 989 989 995 998 998 998 998 998 1001 1004 1004 1001 1001 1001 1004 1010 1010 1010 1013 1016 1019 1019 1022 1022 1022 1019 1019 1022 1025 1025 1028 1028 1028 1031 1038 1050 1054 1050 1034 1034 1038 1038 1047 1050 1050 1050 1050 1047 1047 1050 1047 1047 1060 1067 1067 1067 1067 1063 1063 1063 1063 1070 1073 1073 1073 1080 1077 1077 1077 1080 1080 1077 1077 1080 1080 1084 1084 1084 1090 1097 1094 1094 1094 1094 1097 1097 1097 1097 1101 1101 1034 1034 1031 1031 1031 0 0
0 0 0 0 0 0 0 0 0 0 0 0 0 0 0 0 0 0 0 825 823 823 825 827 829 829 833 837 837 837 831 829 829 829 833 833 833 833 833 833 835 839 839 839 839 839 839 845 837 837 839 839 839 841 841 845 845 841 839 837 837 839 843 847 851 851 851 851 851 851 854 854 854 856 856 856 858 860 862 858 858 858 858 860 860 860 862 864 864 864 864 867 869 873 873 871 871 871 871 873 873 875 871 871 875 878 880 885 885 887 887 887 887 889 891 894 889 887 887 891 894 898 896 896 896 896 898 898 903 903 903 906 908 910 891 891 906 906 910 910 915 915 915 915 915 915 918 918 918 920 923 928 928 925 925 923 923 925 928 928 928 928 930 930 930 933 930 928 928 925 925 928 928 935 935 935 938 938 938 938 938 938 943 943 946 946 948 951 948 948 954 954 956 954 954 956 959 962 959 959 959 962 964 964 964 956 956 964 970 970 970 973 973 975 978 978 975 975 978 978 981 984 984 984 984 987 987 989 989 989 989 992 995 995 992 992 992 992 998 1001 1001 1001 1001 1004 1004 1013 1016 1016 1013 1013 1013 1016 1019 1022 1022 1019 1019 1022 1022 1022 1016 1016 1019 1019 1025 1025 1028 1028 1028 1041 1041 1041 1044 1044 1044 1044 1047 1054 1057 1057 1057 1054 1054 1057 1060 1063 1063 1060 1060 1063 1067 1067 1070 1063 1063 1067 1067 1063 1060 1060 1063 1080 1084 1087 1080 1077 1077 1080 1084 1087 1087 1080 1080 1034 1034 1031 1031 1031 0 0
0 0 0 0 0 0 0 0 0 0 0 0 0 0 0 0 0 0 0 817 817 819 821 823 823 823 821 821 821 829 827 823 821 821 821 823 825 825 827 827 827 827 829 831 831 833 833 831 831 833 837 837 837 835 835 837 839 835 835 837 837 837 839 841 845 845 847 847 847 847 845 845 845 845 845 847 851 851 851 851 851 851 851 854 854 854 856 858 858 858 860 860 862 867 867 867 867 867 864 864 864 869 869 869 869 869 871 875 880 882 880 880 880 880 880 880 880 885 885 887 889 889 889 889 889 889 882 882 887 891 891 889 889 889 891 891 891 891 891 898 901 903 903 903 906 906 906 906 906 906 906 903 903 906 908 908 908 908 918 918 920 920 920 920 920 925 925 923 923 923 923 923 923 928 928 930 930 933 933 933 935 935 938 940 940 940 940 940 940 940 943 943 946 948 948 951 954 956 954 951 951 954 956 954 954 954 954 956 962 964 964 959 959 959 959 973 973 970 970 970 973 973 973 975 975 981 981 984 984 981 981 978 978 978 981 981 987 989 989 992 989 989 989 992 992 992 989 989 992 1001 998 998 1001 1001 1001 1004 1010 1010 1010 1010 1010 1010 1013 1013 1016 1019 1016 1013 1013 1010 1010 1016 1019 1019 1028 1028 1028 1028 1028 1028 1041 1047 1047 1050 1047 1044 1034 1034 1031 1031 1034 1041 1047 1050 1050 1054 1054 1054 1060 1060 1057 1057 1057 1060 1060 1060 1060 1060 1067 1070 1070 1073 1080 1034 1031 1031 1031 1031 0 0
0 0 0 0 0 0 0 0 0 0 0 0 0 0 0 0 0 0 0 800 800 807 807 807 807 809 809 807 807 807 807 815 815 815 817 819 819 821 823 823 823 823 823 823 827 829 829 829 827 823 823 827 831 831 829 827 827 825 825 829 831 833 833 833 831 831 833 837 839 839 839 839 839 839 839 839 841 841 843 843 845 845 847 847 849 851 851 851 851 851 851 851 858 858 858 860 862 860 858 858 858 860 862 864 862 862 862 862 862 864 867 869 873 873 875 875 875 873 873 873 880 880 882 871 871 875 875 875 878 880 882 885 885 887 887 887 887 887 887 887 891 896 896 898 898 898 898 898 898 898 901 901 901 901 901 903 906 908 908 906 906 908 908 913 915 915 915 915 918 918 918 918 918 920 923 923 923 928 928 925 925 928 930 933 933 933 928 928 930 935 935 933 933 935 935 938 935 935 938 940 948 948 948 946 946 948 948 946 946 946 948 954 951 951 954 954 954 951 951 959 962 964 967 962 959 959 959 962 973 973 970 970 970 970 975 978 978 978 978 981 981 984 987 987 984 984 984 984 987 987 989 989 995 995 995 978 978 984 987 989 989 992 1001 1001 1001 998 998 1004 1004 1007 1004 1001 1001 1004 1007 1010 1016 1013 1013 1010 1010 1007 1007 1007 1007 1031 1025 1025 1028 1028 1028 1028 1028 1028 1028 1028 1022 1022 1022 1022 1022 1025 1034 1038 1041 1044 1050 1054 1057 1057 1060 1060 1060 1031 1031 1028 1028 1028 0 0
0 0 0 0 0 0 0 0 0 0 0 0 0 0 0 0 0 0 0 794 794 794 794 794 796 798 802 803 803 802 802 803 803 805 805 807 809 809 809 809 811 813 813 811 809 809 821 821 821 821 821 823 823 825 823 817 817 817 817 819 823 827 827 825 823 823 827 827 829 829 831 831 831 833 835 837 837 837 837 837 837 843 845 845 843 843 843 843 843 847 845 841 841 841 841 845 849 849 847 847 851 851 854 856 858 858 856 854 854 856 858 858 867 867 869 871 871 869 869 869 869 869 871 867 867 871 871 873 875 873 873 871 871 882 882 882 882 885 882 882 885 891 894 891 891 891 891 891 894 894 896 896 896 896 896 896 898 898 906 906 906 903 903 903 906 908 908 910 910 910 910 913 913 915 915 915 913 913 913 913 915 915 915 915 915 920 923 923 925 925 925 925 923 923 925 930 928 928 928 928 948 933 925 925 933 940 943 935 935 935 938 938 943 943 946 943 943 946 946 951 951 956 954 954 954 954 954 956 959 959 956 956 959 964 964 970 970 970 973 975 975 975 975 978 981 978 978 978 981 981 981 981 981 981 978 978 978 978 984 987 987 987 989 989 992 992 992 992 995 998 995 995 995 995 995 1001 1001 1001 1004 1007 1001 1001 1001 1001 1004 1007 1010 1016 1019 1016 1016 1016 1016 1019 1019 1019 1019 1019 1019 1019 1019 1019 1025 1031 1031 1031 1031 1028 1028 1028 1028 1028 1031 1028 1028 1028 1028 1028 0 0
0 0 0 0 0 0 0 0 0 0 0 0 0 0 0 0 0 0 0 792 792 792 792 792 792 792 792 794 798 798 796 796 798 798 798 800 802 803 800 800 803 803 805 809 809 802 802 821 819 815 815 815 809 809 809 809 811 813 813 813 813 813 815 817 819 819 819 819 823 823 823 825 825 827 829 831 837 829 829 831 813 813 841 833 833 833 833 835 837 839 837 835 835 835 835 835 837 839 841 841 841 843 843 851 854 851 849 847 847 849 854 854 854 854 847 847 849 851 856 860 860 860 856 856 862 867 869 869 869 867 867 867 867 867 869 871 875 875 875 873 873 875 873 873 873 873 880 885 887 889 887 887 889 889 889 891 889 889 891 896 898 898 898 896 896 896 887 887 889 889 894 896 896 901 903 906 906 906 906 906 910 913 913 913 913 913 913 913 918 918 915 915 913 913 915 915 920 920 920 913 913 920 925 925 930 938 930 928 928 928 928 930 933 935 935 935 938 940 940 938 935 935 935 935 935 938 940 935 935 946 946 946 948 946 946 946 948 951 951 951 951 954 959 959 967 964 964 967 967 967 967 967 967 967 973 970 970 970 973 981 981 973 973 975 978 981 975 975 975 975 975 989 992 992 992 987 987 989 992 995 998 998 998 992 992 998 998 1007 1010 1004 1004 1007 1007 1010 1010 1013 1013 1013 1004 1004 1010 1010 1010 1010 1010 1010 1010 1019 1022 1025 1022 1022 1025 1022 1022 1025 1028 1031 0 0
0 0 0 0 0 0 0 0 0 0 0 0 0 0 0 0 0 0 0 785 785 790 790 789 789 790 790 790 792 790 790 792 792 792 792 792 796 800 798 798 798 798 798 798 798 796 796 794 794 815 802 800 800 800 802 805 807 807 807 809 807 807 807 809 813 815 815 815 815 815 817 817 821 821 821 817 815 815 815 815 813 813 819 819 823 825 825 825 829 827 827 829 829 829 829 827 827 829 829 835 835 835 837 837 839 839 841 843 845 845 845 847 847 845 845 845 847 849 854 854 854 851 851 854 856 858 858 862 862 860 860 860 860 860 862 864 864 867 867 867 869 867 867 869 869 869 873 873 878 873 873 873 873 873 878 880 880 882 882 882 882 882 882 887 887 887 880 880 882 885 887 887 889 891 891 891 891 896 896 901 898 898 898 898 898 903 898 898 898 896 896 908 908 908 908 908 908 908 908 908 908 910 913 913 913 915 915 918 918 920 923 923 923 923 928 930 930 923 923 923 925 928 928 928 928 930 933 933 933 933 935 938 938 938 940 940 943 943 943 943 946 946 946 951 954 954 954 956 956 956 956 956 956 956 954 954 954 959 962 962 967 964 964 959 959 964 964 967 973 973 973 978 984 984 984 975 975 975 981 984 992 992 992 984 984 984 984 984 984 987 989 989 1004 1007 1001 998 995 995 998 998 998 995 995 998 998 1001 1004 1010 1016 1013 1004 1004 1013 1016 1019 1010 1010 1010 0 0
0 0 0 0 0 0 0 0 0 0 0 0 0 0 0 0 0 0 0 778 774 774 783 783 783 785 781 781 785 785 785 789 789 789 789 789 789 792 792 792 794 796 787 787 789 790 792 792 792 792 794 796 798 798 798 802 802 802 803 803 803 803 803 805 807 807 809 809 809 809 811 811 817 815 813 813 813 811 811 813 815 815 817 817 817 819 819 819 819 821 821 825 825 825 827 825 823 823 823 825 827 829 829 833 833 833 835 837 839 839 839 835 835 837 837 839 843 845 845 845 845 845 845 847 851 851 847 847 847 849 851 851 851 851 851 856 858 860 860 860 862 862 862 862 862 867 869 858 858 862 862 867 869 869 869 869 869 873 873 875 875 878 878 880 880 882 878 878 880 880 880 878 878 878 878 878 878 878 885 889 887 882 882 887 887 887 889 894 894 894 896 896 903 903 903 903 903 901 901 901 903 906 906 906 906 908 910 913 913 913 915 915 920 915 906 906 906 908 908 915 920 925 925 923 923 923 925 925 928 930 930 933 933 933 933 935 938 938 938 938 940 940 940 943 943 946 946 946 948 948 951 951 948 946 946 946 948 951 954 954 956 956 956 954 954 954 956 962 970 967 967 964 964 964 967 964 964 967 970 970 973 973 973 975 975 978 978 978 978 978 978 981 967 967 975 984 984 984 984 989 984 984 984 984 989 992 1001 1001 998 998 998 998 998 1004 1004 1004 1004 1004 0 0
0 0 0 0 0 0 0 0 0 0 0 0 0 0 0 0 0 0 0 767 767 769 771 778 778 774 773 771 771 774 780 780 780 780 780 780 780 780 783 783 785 787 785 783 783 785 787 789 789 790 792 794 794 792 792 794 794 794 792 792 792 792 792 792 792 792 794 800 800 800 800 800 802 805 805 803 803 805 805 809 809 809 809 809 807 807 813 813 813 817 821 821 821 821 821 821 819 819 819 819 821 823 823 823 827 831 831 831 833 831 831 829 829 829 831 833 835 835 833 833 833 839 839 841 841 843 843 841 841 843 845 847 847 847 847 847 849 849 854 849 849 849 856 854 854 858 856 854 854 856 858 862 864 862 862 860 860 860 862 862 862 862 862 864 864 862 862 873 875 873 871 871 871 875 875 875 873 873 875 875 875 875 878 880 880 880 885 885 885 887 887 887 891 891 896 896 898 896 896 898 898 898 898 898 898 901 903 903 903 901 901 896 896 896 898 901 903 906 906 908 906 906 910 910 915 918 920 920 920 920 920 920 920 923 923 925 925 925 928 928 933 933 928 928 930 930 935 938 940 940 940 940 938 938 940 943 943 943 943 943 943 943 946 948 948 948 951 956 956 956 956 956 959 959 959 959 959 962 962 959 959 959 962 964 964 964 964 964 964 967 967 967 964 964 967 967 970 973 973 973 973 973 975 975 981 984 989 975 975 978 987 987 992 995 995 995 995 995 0 0
0 0 0 0 0 0 0 0 0 0 0 0 0 0 0 0 0 0 0 767 764 764 766 762 762 762 769 767 767 767 769 771 776 776 776 776 776 776 778 778 781 781 781 780 780 781 780 780 778 778 781 789 785 785 787 787 789 789 787 787 789 789 789 790 789 789 789 790 792 794 796 796 796 798 798 800 800 802 802 802 802 800 800 800 800 800 803 805 805 805 805 807 811 813 817 815 815 813 813 815 817 817 817 813 813 815 819 817 817 819 821 825 825 825 823 823 823 825 825 825 827 829 833 833 835 835 837 837 837 837 837 837 839 841 843 843 845 843 843 843 841 841 843 845 847 847 847 849 851 851 854 858 858 856 854 854 854 856 856 856 858 858 858 860 860 860 860 860 858 858 862 862 867 869 869 869 869 869 869 869 869 869 873 873 875 875 875 875 875 878 878 880 878 878 880 880 894 891 891 889 889 891 891 891 891 891 885 885 889 889 889 891 891 894 894 894 901 901 903 901 896 894 894 896 901 908 908 906 906 906 910 913 913 915 915 915 915 915 915 918 923 925 925 925 925 925 925 923 923 925 925 928 933 933 933 933 935 933 933 933 935 935 938 938 940 940 943 940 940 943 943 943 951 951 954 954 954 954 954 954 954 954 956 956 956 954 954 956 959 959 962 962 962 962 962 962 964 967 967 967 967 970 970 970 973 975 967 967 970 973 978 978 978 984 989 989 987 987 0 0
0 0 0 0 0 0 0 0 0 0 0 0 0 0 0 0 0 0 0 0 757 757 757 759 759 759 759 761 762 764 764 766 764 764 764 769 769 774 771 769 769 771 773 776 776 774 773 773 773 773 776 778 778 780 778 778 780 781 781 783 783 783 785 787 785 785 781 781 783 785 785 785 787 789 789 790 789 785 785 785 794 796 796 798 798 798 800 800 800 800 798 798 798 800 802 803 807 807 809 809 809 809 809 807 807 805 805 807 811 813 815 817 821 819 819 819 819 819 819 819 821 825 823 823 823 823 825 829 829 829 829 831 833 833 835 829 829 835 835 837 837 837 839 841 843 841 837 837 837 837 839 843 843 845 845 845 849 849 851 851 851 849 849 854 854 854 856 856 856 856 856 858 860 862 862 862 860 860 862 864 864 867 867 869 869 867 867 871 871 871 869 869 869 869 871 869 869 878 875 875 878 880 880 878 878 878 878 878 878 878 878 887 887 889 887 887 889 889 894 887 887 889 889 891 896 896 896 898 898 898 898 896 896 898 906 906 908 908 908 910 910 906 906 908 920 920 918 918 915 915 918 920 923 923 923 928 920 920 920 925 928 928 928 928 930 930 930 933 933 938 938 933 933 938 938 943 948 946 946 946 946 946 943 943 943 946 948 948 948 951 954 954 943 943 956 959 959 962 962 962 962 964 964 964 964 964 964 964 964 967 970 973 973 973 975 975 975 978 0 0
0 0 0 0 0 0 0 0 0 0 0 0 0 0 0 0 0 0 0 0 750 750 754 754 755 755 755 757 757 759 759 759 759 759 761 761 761 759 759 761 759 759 762 764 767 767 767 767 767 767 767 771 774 776 776 776 774 767 767 773 773 773 778 778 781 781 780 780 780 780 781 781 783 785 785 785 785 783 783 783 783 783 790 794 796 796 794 789 789 789 790 792 794 794 796 796 796 798 803 803 802 798 798 800 802 802 802 802 805 807 807 805 805 805 805 813 817 815 815 817 815 815 817 819 819 819 815 815 817 819 819 825 825 823 823 823 823 825 829 831 835 835 835 837 835 835 833 833 833 835 835 837 837 839 839 839 839 839 843 843 843 841 841 841 845 849 849 847 845 845 847 849 849 851 851 851 851 854 856 858 856 854 854 856 856 856 854 854 856 860 860 860 862 864 864 862 860 860 862 862 862 862 869 869 869 871 871 871 873 873 875 878 878 878 882 882 882 880 880 880 880 885 887 887 889 887 887 889 891 894 894 894 894 894 896 896 901 898 898 898 898 901 903 901 901 903 910 910 910 910 913 915 913 913 906 906 906 906 906 913 913 915 918 918 920 923 920 920 923 923 923 925 925 925 925 925 925 925 925 930 933 933 933 933 933 933 933 935 940 943 943 933 933 935 938 943 946 943 943 943 943 943 943 954 954 956 956 956 959 959 959 962 954 954 964 964 967 967 0 0
0 0 0 0 0 0 0 0 0 0 0 0 0 0 0 0 0 0 0 0 742 742 742 744 744 746 746 746 749 749 750 750 757 755 755 754 754 754 754 755 757 757 757 757 755 755 762 762 762 762 762 764 767 771 764 764 764 764 766 769 769 769 771 771 773 771 771 773 774 776 778 780 780 781 781 781 781 780 780 780 780 780 783 776 776 780 780 781 781 783 785 789 790 789 785 785 783 783 783 785 785 789 792 796 798 800 800 800 802 802 802 802 802 802 802 800 800 803 805 805 805 807 811 811 813 813 813 813 813 813 813 815 811 811 817 815 815 819 819 821 821 821 817 817 819 821 825 827 829 831 831 831 831 827 827 829 829 831 831 833 835 835 835 837 839 839 835 833 833 835 841 841 837 837 839 841 847 849 849 849 849 847 845 845 847 847 849 851 851 854 854 854 856 856 858 858 856 856 854 854 854 856 860 864 867 869 867 867 869 871 873 871 867 867 871 875 878 875 875 875 878 878 882 882 878 878 875 875 875 882 882 885 887 887 889 889 889 889 891 894 894 896 896 891 889 889 894 896 896 896 898 898 898 898 898 898 901 901 901 906 906 908 908 910 913 920 920 920 920 920 920 918 913 913 918 920 920 918 918 918 923 923 925 925 923 923 923 923 928 930 933 928 928 930 930 930 930 930 930 935 933 933 935 933 933 935 935 938 948 951 948 948 948 948 951 954 951 951 0 0
0 0 0 0 0 0 0 0 0 0 0 0 0 0 0 0 0 0 0 0 739 739 736 736 736 738 739 741 742 742 742 746 750 754 752 750 750 750 750 750 750 749 749 750 750 752 757 759 757 757 752 752 755 755 757 757 757 761 761 762 764 764 762 762 761 761 767 767 767 771 776 776 774 771 769 769 769 771 771 776 773 773 771 771 771 776 776 778 780 781 781 781 781 781 781 780 780 781 781 783 783 783 787 790 792 792 790 790 790 790 790 792 794 796 796 796 796 798 800 800 800 802 802 805 805 807 807 811 809 807 807 803 803 805 805 805 807 809 811 811 811 813 813 813 813 815 817 819 821 819 817 817 821 821 821 823 823 825 825 825 829 831 833 833 831 825 825 827 827 829 833 833 833 833 835 835 841 835 835 835 835 837 839 839 841 841 843 845 847 847 847 849 849 849 851 851 849 849 851 851 851 851 851 856 858 858 858 858 858 858 858 860 860 860 860 862 860 860 860 862 862 862 864 869 869 869 869 869 871 871 871 875 878 880 882 882 882 882 878 878 885 887 887 885 885 885 887 887 887 891 891 891 894 896 896 896 896 896 898 903 903 903 901 901 903 906 903 903 903 903 906 908 908 908 910 910 913 910 910 913 913 915 918 920 920 918 918 918 920 923 923 923 923 925 923 923 923 923 923 933 930 930 928 925 925 928 928 928 935 938 938 938 935 935 935 940 943 943 0 0
0 0 0 0 0 0 0 0 0 0 0 0 0 0 0 0 0 0 0 0 731 731 731 731 733 733 733 734 736 738 738 742 744 744 739 739 739 742 742 744 744 744 746 749 749 747 747 755 746 746 747 747 749 749 752 754 754 750 750 761 757 757 755 755 755 755 755 755 757 761 761 762 764 764 766 766 766 764 764 761 761 762 764 766 766 769 773 773 774 776 776 774 774 780 780 778 778 780 780 781 781 781 781 781 783 783 783 783 783 785 787 787 787 789 790 790 790 785 785 790 794 794 794 792 792 800 800 798 798 800 800 800 800 802 802 802 800 800 802 803 805 805 807 809 811 811 809 809 813 811 811 813 813 815 815 819 819 819 819 819 821 821 823 821 819 819 821 823 823 825 825 825 825 825 825 821 821 823 825 825 829 829 831 833 835 835 839 839 839 839 843 841 841 841 841 841 843 843 845 845 845 843 843 847 847 849 849 849 849 849 849 849 854 854 854 856 856 856 856 858 860 860 860 862 864 867 867 867 869 867 864 864 869 873 873 878 875 875 871 871 871 873 878 880 880 880 880 880 882 887 885 885 891 891 891 891 891 891 891 891 885 885 885 885 885 885 889 891 891 891 891 894 898 898 898 898 901 901 903 906 906 906 903 903 910 913 910 910 913 913 918 918 920 918 918 915 915 915 918 923 925 923 920 920 920 923 918 918 920 923 928 928 928 930 930 930 933 933 0 0
0 0 0 0 0 0 0 0 0 0 0 0 0 0 0 0 0 0 0 0 725 725 725 727 728 730 731 731 731 731 731 730 730 730 731 733 736 738 738 739 741 741 742 742 746 744 741 741 742 742 742 744 744 746 747 747 744 744 744 746 747 750 750 750 750 750 750 754 755 754 754 752 752 757 762 762 762 761 759 757 757 757 761 762 764 767 769 769 769 769 767 767 766 766 766 769 773 776 776 776 776 778 773 773 774 774 776 778 780 783 783 783 783 783 783 783 783 783 783 785 787 787 790 787 787 789 790 792 794 794 794 794 794 794 794 796 796 796 798 798 802 803 803 803 805 805 805 805 805 807 807 809 809 811 811 813 813 813 813 813 815 813 813 815 817 819 819 819 819 821 815 815 815 817 819 819 819 819 821 821 821 821 825 829 829 829 825 825 825 827 829 829 841 833 833 833 833 835 837 837 839 841 841 843 843 845 843 843 843 843 843 843 845 847 849 849 849 849 849 851 851 854 854 856 858 860 862 864 860 860 860 860 860 860 860 864 864 869 867 867 867 867 867 869 869 875 875 875 875 875 869 867 867 869 869 880 875 875 875 875 875 878 878 878 882 882 885 887 885 885 885 885 891 894 891 891 891 891 894 896 898 898 894 894 894 896 898 896 896 896 896 903 898 898 903 903 908 910 910 903 903 906 908 913 913 915 910 910 910 915 918 918 915 915 923 925 928 928 928 0
0 0 0 0 0 0 0 0 0 0 0 0 0 0 0 0 0 0 0 0 722 722 723 723 725 725 728 728 728 727 727 727 727 727 727 728 733 736 736 738 730 730 733 736 734 733 733 733 733 738 738 736 736 741 741 742 741 741 741 741 742 739 739 741 742 742 746 749 750 750 749 749 749 750 750 752 762 752 752 752 752 752 757 759 759 750 750 755 755 757 761 762 762 762 762 762 762 762 762 762 764 764 764 764 764 766 766 767 767 767 769 771 771 771 771 773 776 778 780 780 781 781 781 781 781 781 783 785 789 783 783 783 783 785 787 789 790 790 783 783 783 785 787 787 787 789 787 787 785 785 789 790 790 789 789 789 792 798 798 796 796 800 802 802 798 798 800 800 803 796 796 800 800 802 803 803 803 803 803 807 809 809 805 805 821 821 819 817 817 819 819 821 821 821 825 827 827 825 825 829 829 829 837 831 829 829 829 829 833 835 839 841 839 839 841 845 845 843 837 835 835 837 841 841 843 843 843 843 843 843 856 856 854 854 851 851 851 854 854 858 858 860 860 860 860 862 867 867 860 860 864 864 867 869 869 871 871 871 871 871 871 873 873 873 878 878 878 880 878 878 880 880 885 887 889 889 885 885 885 885 885 885 885 885 887 889 891 891 891 896 894 894 894 894 894 896 898 901 894 894 891 891 896 901 901 901 906 906 908 908 908 910 910 910 915 918 918 920 920 0
0 0 0 0 0 0 0 0 0 0 0 0 0 0 0 0 0 0 0 0 717 717 716 716 722 720 719 719 719 720 722 722 723 725 725 727 731 736 728 725 725 727 730 731 730 730 730 730 730 731 731 733 733 733 736 736 736 736 738 738 738 736 736 736 738 738 741 742 742 746 744 744 746 744 744 744 742 742 744 744 747 749 750 750 749 749 750 750 750 750 752 752 752 755 755 755 754 754 750 750 752 754 755 757 757 757 757 757 759 761 762 762 767 767 767 766 764 764 764 764 764 766 766 766 767 771 771 771 771 771 773 774 774 774 774 773 773 774 776 778 778 780 778 778 781 783 783 783 783 783 785 785 785 785 785 787 787 787 787 787 785 783 783 794 794 796 792 790 790 796 796 796 794 794 800 800 798 796 796 800 802 803 802 802 803 803 803 807 809 809 809 811 811 813 811 811 813 813 813 813 813 813 813 815 815 817 819 819 819 819 819 821 821 823 823 825 825 825 825 827 831 831 831 837 841 841 839 839 841 841 843 841 841 843 845 845 847 845 845 845 849 849 851 854 854 854 851 851 854 854 858 858 860 864 864 867 864 864 864 867 867 867 867 869 867 867 869 869 871 871 869 869 867 867 867 875 875 875 878 880 880 880 878 878 882 885 885 887 887 889 891 891 889 889 889 889 889 885 885 887 887 889 891 894 894 894 894 898 903 901 901 903 903 906 910 913 913 913 913 0
0 0 0 0 0 0 0 0 0 0 0 0 0 0 0 0 0 0 0 0 711 711 710 710 710 708 708 716 716 716 716 716 720 722 719 716 716 717 717 720 720 720 723 723 725 725 727 728 728 725 725 725 725 727 728 728 730 730 731 730 730 733 733 733 736 736 738 736 733 731 731 736 738 739 739 741 736 736 736 736 736 734 734 734 734 736 741 746 744 744 744 744 744 744 746 747 747 749 747 746 746 746 750 752 752 752 752 754 754 757 757 754 750 750 755 757 757 759 759 761 762 762 762 761 761 762 762 764 762 762 764 764 764 766 767 767 767 769 769 774 774 776 771 771 778 778 771 771 771 773 778 780 781 783 783 780 780 780 780 783 781 781 781 781 783 783 783 789 789 794 796 792 789 787 787 789 792 790 790 794 794 796 798 798 800 802 802 798 798 798 798 798 800 802 802 802 803 807 809 809 807 807 807 809 809 809 809 811 813 815 817 819 819 819 819 819 819 819 821 821 825 823 823 823 827 827 827 827 827 827 827 835 835 835 829 829 829 829 835 839 837 837 835 835 835 845 845 847 847 851 851 854 854 851 851 854 854 854 856 856 856 856 854 854 854 858 858 858 862 864 864 864 864 864 867 869 869 871 871 871 871 871 871 873 878 880 882 878 878 871 871 882 885 885 882 873 873 875 875 878 882 885 885 887 889 889 889 889 889 889 898 901 901 901 896 896 903 903 903 0
0 0 0 0 0 0 0 0 0 0 0 0 0 0 0 0 0 0 0 0 701 701 701 703 706 706 706 706 708 708 710 711 713 713 713 711 711 711 714 716 717 717 717 717 717 717 717 719 720 720 722 722 722 722 722 725 727 725 725 719 719 719 720 725 725 727 720 720 725 725 725 725 725 725 727 727 730 730 733 733 731 731 731 731 731 731 728 728 727 727 734 734 736 736 738 738 738 741 738 738 742 744 744 744 742 742 744 742 742 744 744 746 746 747 749 750 750 754 754 755 759 757 757 757 757 757 759 759 759 759 761 759 759 757 757 762 762 762 762 762 762 762 762 762 762 762 764 766 767 767 767 769 771 771 771 773 774 776 776 778 776 776 778 778 778 778 776 774 774 774 774 787 787 783 781 780 780 780 781 783 783 789 792 792 796 796 796 794 794 794 794 794 796 796 796 796 798 796 796 796 798 803 805 803 802 802 802 802 803 807 807 811 811 817 817 817 815 809 809 811 811 811 813 813 819 819 823 821 821 821 817 817 819 823 825 827 825 825 829 829 833 833 831 831 831 835 839 841 841 841 841 839 837 837 837 843 843 841 841 841 841 841 847 847 847 849 849 849 854 856 860 860 860 860 864 864 864 856 856 858 858 860 862 864 867 860 860 860 862 864 864 867 867 871 869 869 869 871 871 873 875 875 875 878 878 878 875 875 875 878 878 880 880 885 885 885 891 891 894 0
0 0 0 0 0 0 0 0 0 0 0 0 0 0 0 0 0 0 0 0 696 696 698 700 700 698 698 700 701 701 704 704 704 707 710 708 708 708 708 706 706 707 713 711 708 708 706 706 707 707 707 719 710 710 707 707 710 711 714 714 714 713 713 714 716 719 719 719 719 719 719 720 722 725 723 723 723 723 723 723 725 725 728 727 725 725 725 725 727 727 728 730 730 728 728 730 728 728 731 731 733 734 734 739 739 739 739 739 739 741 741 741 741 741 741 741 744 747 747 747 747 749 755 755 754 752 752 752 752 752 754 754 754 754 754 755 757 759 757 757 757 757 759 759 759 759 761 762 764 766 764 764 764 764 764 767 771 771 773 773 773 774 773 773 774 774 774 773 773 771 771 773 773 774 776 776 776 778 780 778 774 774 774 783 783 783 787 789 789 789 789 790 792 792 792 790 790 792 790 790 794 796 800 798 794 794 796 796 798 798 798 798 798 798 798 798 802 802 803 803 803 807 807 807 805 805 807 807 813 813 813 811 811 813 817 823 821 821 817 817 817 819 821 821 821 819 819 823 825 825 827 829 829 831 833 835 833 833 833 837 837 839 837 837 839 839 839 839 839 841 841 841 841 841 841 843 851 851 851 851 854 854 854 856 856 856 856 856 856 862 862 860 860 864 867 867 867 864 864 864 860 860 864 864 867 867 867 869 871 871 869 869 869 875 875 882 887 887 887 0
0 0 0 0 0 0 0 0 0 0 0 0 0 0 0 0 0 0 0 0 696 688 688 690 688 688 693 693 693 693 696 697 696 696 697 700 700 700 698 698 700 697 697 700 700 701 701 703 703 701 701 703 703 706 706 706 706 706 707 710 710 710 710 710 710 711 714 713 713 711 711 713 714 716 714 714 714 716 717 717 720 720 722 722 722 722 722 723 723 723 723 723 723 723 723 725 725 725 728 725 725 727 727 727 733 734 734 738 736 736 736 736 736 736 736 736 739 738 738 736 736 738 736 736 736 738 742 742 742 744 744 744 746 750 752 754 755 755 755 754 754 754 755 755 755 757 757 759 762 761 759 759 761 761 761 762 762 762 762 761 761 761 762 767 769 769 769 771 771 769 769 769 769 771 773 774 774 774 776 776 774 773 773 774 773 773 773 774 776 781 780 780 780 780 781 785 785 785 787 787 787 787 785 785 787 789 790 792 792 792 794 794 794 790 790 792 794 796 796 796 798 798 798 803 802 802 802 802 803 805 805 807 807 807 809 809 809 809 809 811 809 809 811 813 815 817 817 817 819 819 827 823 823 825 825 825 823 823 823 825 825 819 819 825 831 833 833 833 833 833 833 831 829 829 831 835 837 841 841 839 839 839 841 835 835 835 833 833 841 851 851 858 858 862 864 860 860 858 858 858 858 858 856 856 858 860 862 862 862 864 864 864 867 871 871 880 880 878 878 0
0 0 0 0 0 0 0 0 0 0 0 0 0 0 0 0 0 0 0 0 0 679 679 680 684 684 686 686 687 687 687 693 690 690 688 688 690 690 691 691 691 691 693 693 697 698 698 698 698 698 696 696 696 700 700 700 698 698 700 700 704 706 707 706 706 706 707 708 708 708 707 707 707 707 708 711 711 711 711 711 713 711 710 710 713 714 716 714 714 716 717 717 717 717 720 720 720 722 723 722 722 722 722 722 725 728 731 733 733 731 731 731 730 730 731 733 734 734 731 731 734 736 734 734 734 736 738 738 738 741 741 741 741 741 742 746 747 738 738 742 744 747 747 752 752 752 752 754 755 749 749 750 752 757 757 757 755 754 754 755 755 755 755 757 759 759 755 755 754 754 759 764 766 766 761 761 767 767 773 771 771 767 767 769 769 769 771 769 767 767 769 771 774 774 778 778 778 781 781 783 781 780 780 780 781 783 783 785 785 787 789 789 789 789 789 789 789 789 790 792 792 794 794 798 800 800 798 798 798 798 800 802 803 803 803 802 802 802 803 803 805 805 805 805 805 807 807 811 811 811 811 811 813 817 817 817 817 817 817 817 815 815 815 817 817 819 823 825 825 823 823 823 823 825 825 827 825 825 825 827 831 831 829 827 827 829 829 829 831 833 835 833 831 831 831 831 835 841 841 854 851 851 849 849 851 849 849 849 856 858 858 860 862 860 860 862 867 867 869 0
0 0 0 0 0 0 0 0 0 0 0 0 0 0 0 0 0 0 0 0 0 674 674 675 675 679 682 680 680 680 679 679 684 684 684 684 686 687 687 688 688 688 690 690 690 690 694 694 696 691 691 691 691 691 696 697 697 696 696 696 698 700 697 697 701 700 700 700 700 704 703 703 701 701 703 706 707 707 710 710 710 706 706 706 706 707 707 707 708 711 713 717 717 717 714 714 714 716 716 717 719 719 719 720 722 723 731 717 717 720 723 725 723 723 723 725 727 728 728 728 728 733 730 730 731 733 733 734 734 734 739 739 739 736 733 733 734 736 736 738 739 741 742 744 744 744 747 746 744 744 744 744 747 749 752 744 744 747 747 750 750 752 752 752 752 752 752 752 752 752 754 757 754 754 755 754 754 755 773 771 771 759 759 761 762 766 767 766 766 766 766 767 769 771 773 773 773 771 769 769 769 773 776 776 773 773 776 776 780 781 783 783 781 781 783 785 785 783 783 783 785 787 787 783 783 787 787 790 790 794 794 794 794 794 800 800 800 798 796 796 798 800 800 800 800 802 802 802 802 803 807 809 811 809 809 809 811 813 815 811 811 807 807 811 813 815 815 817 813 813 815 815 817 821 821 815 815 815 815 817 825 825 825 825 825 821 821 821 825 825 829 831 829 829 829 827 827 827 829 833 833 833 835 839 839 841 841 841 841 849 854 854 851 851 851 851 851 862 864 0
0 0 0 0 0 0 0 0 0 0 0 0 0 0 0 0 0 0 0 0 0 671 671 672 672 670 670 671 671 675 676 676 676 680 682 682 683 683 683 678 678 682 682 686 687 686 686 686 687 687 688 688 688 688 690 694 694 694 694 694 696 696 696 696 697 696 696 696 696 696 700 701 700 700 700 700 700 701 703 704 704 704 704 704 704 706 706 706 707 708 710 716 713 713 707 707 710 711 710 710 711 711 711 711 711 711 711 711 713 716 717 717 720 720 720 720 720 720 722 722 722 723 720 720 727 727 728 728 727 727 727 728 731 731 730 730 730 733 733 734 734 734 733 731 731 734 734 734 736 738 741 742 742 736 736 741 741 742 742 742 744 746 746 746 747 749 749 747 747 747 747 747 752 752 752 752 752 747 747 747 750 750 754 757 757 761 759 759 761 762 762 762 762 761 761 764 764 764 767 766 766 766 767 769 769 769 767 767 767 766 766 767 771 771 776 778 776 776 776 780 780 780 780 780 780 780 781 781 781 781 781 783 783 783 783 787 787 789 790 792 794 794 794 796 796 796 796 796 796 796 796 796 802 802 800 800 802 802 803 803 802 802 803 805 805 805 807 807 809 809 809 807 807 813 813 811 811 811 811 813 813 815 817 819 819 815 815 817 819 821 825 825 825 825 823 823 823 821 821 823 825 827 831 833 833 827 825 825 827 831 833 833 837 839 839 843 843 845 856 0
0 0 0 0 0 0 0 0 0 0 0 0 0 0 0 0 0 0 0 0 0 668 668 670 666 663 663 664 667 670 672 674 674 672 672 670 670 674 674 674 675 676 676 678 678 679 682 682 682 683 680 680 680 679 679 694 694 688 688 691 690 688 684 684 690 693 693 693 693 693 693 698 698 698 698 698 697 696 696 694 694 698 703 703 703 704 704 704 706 704 704 716 713 706 704 704 704 704 704 704 706 708 710 708 708 707 707 708 710 710 711 711 711 713 713 713 713 713 717 714 714 717 717 717 723 723 723 723 723 723 722 722 723 725 725 727 728 733 717 717 728 728 728 728 728 730 730 730 731 733 733 736 734 734 734 738 739 738 738 739 739 739 739 739 741 742 742 742 738 738 738 741 741 742 747 747 746 744 744 744 746 749 752 752 750 750 752 752 754 752 752 759 757 757 759 757 757 759 761 759 759 759 761 762 762 762 762 761 761 761 762 764 766 767 769 769 771 771 773 774 774 774 774 774 778 778 778 776 776 776 776 778 780 780 780 780 781 783 783 789 789 789 789 792 790 789 787 787 790 790 790 790 790 790 792 794 794 794 794 796 798 798 798 798 800 800 800 802 803 803 803 802 802 803 802 802 805 805 807 805 805 807 807 811 811 807 807 807 807 807 815 815 815 815 815 817 817 817 817 817 817 821 823 819 819 821 821 821 823 827 829 827 823 821 821 823 833 839 839 0
0 0 0 0 0 0 0 0 0 0 0 0 0 0 0 0 0 0 0 0 0 663 663 663 662 661 661 662 662 664 664 667 667 667 668 668 668 668 670 672 674 674 674 675 675 675 675 674 674 675 675 678 678 676 676 676 676 678 679 679 679 679 680 680 683 683 684 684 687 686 686 686 686 686 688 688 693 693 694 693 693 694 701 701 701 703 703 703 704 704 704 704 706 706 703 703 704 698 698 701 703 704 706 703 701 701 703 704 706 706 707 708 708 708 707 707 710 710 711 710 710 710 711 713 713 714 720 720 717 717 717 717 717 719 720 720 717 717 717 717 719 722 725 725 725 725 725 725 727 725 725 725 727 728 731 731 736 734 734 734 734 734 736 736 734 734 733 733 734 734 734 734 734 738 738 741 742 742 742 744 746 749 739 739 742 742 746 749 746 746 746 746 746 750 754 752 750 747 747 749 749 752 754 757 761 757 757 757 757 757 759 759 761 761 761 761 764 766 764 764 764 766 766 767 771 773 773 773 771 771 773 774 774 776 778 778 778 778 778 783 783 783 781 781 783 783 783 781 781 781 783 785 787 789 789 789 792 792 792 787 787 789 790 790 794 794 794 796 798 800 800 800 800 798 798 798 798 798 800 802 802 802 802 803 803 803 802 802 802 802 805 807 807 807 807 807 807 809 809 809 809 809 809 813 815 815 817 817 817 815 815 819 817 817 819 821 821 823 825 827
0 0 0 0 0 0 0 0 0 0 0 0 0 0 0 0 0 0 0 0 0 653 653 653 655 658 658 659 661 661 661 661 662 663 666 663 663 663 664 666 671 670 670 668 668 668 668 670 671 672 672 672 672 674 674 674 674 675 676 676 678 678 678 679 680 680 679 679 679 682 683 683 683 683 683 680 680 688 691 655 655 655 655 698 700 703 703 703 704 704 704 711 711 711 659 659 659 697 697 700 700 700 704 703 700 700 700 700 700 703 704 704 703 703 703 704 704 700 700 703 704 706 707 707 706 704 701 701 708 708 713 713 713 711 711 711 711 711 714 714 716 717 717 719 719 720 722 722 723 722 722 720 720 720 720 722 727 728 731 733 727 727 728 728 728 730 730 730 731 731 731 731 733 731 731 734 734 738 739 741 731 731 734 736 738 738 738 738 738 739 741 741 741 742 742 742 744 744 744 746 747 747 747 747 749 749 750 752 752 754 754 754 754 755 755 755 755 755 755 755 761 764 764 762 762 761 761 764 764 762 762 766 766 767 771 771 773 771 771 767 767 774 767 767 773 774 774 774 776 776 778 780 781 781 781 785 785 783 778 778 778 780 781 781 785 789 787 787 789 790 794 796 796 790 790 790 792 792 796 798 798 798 787 787 787 798 798 798 798 800 802 803 800 800 800 798 798 802 803 803 805 803 802 802 803 805 807 807 807 807 809 811 813 815 815 815 815 817 817 819
0 0 0 0 0 0 0 0 0 0 0 0 0 0 0 0 0 0 0 0 0 649 649 649 650 653 655 657 657 655 655 655 657 661 663 663 662 662 662 663 666 666 664 664 664 666 666 667 668 667 667 667 667 668 668 670 670 671 670 670 674 675 676 678 676 675 675 674 674 675 678 680 680 679 678 678 678 652 652 654 652 652 653 698 700 701 652 652 655 655 650 650 652 657 657 657 657 697 697 696 694 694 704 700 698 698 696 694 693 693 693 693 693 694 697 698 698 698 698 698 700 701 703 703 703 703 701 700 700 704 710 710 708 706 706 708 710 710 711 710 708 708 710 710 711 713 711 711 711 711 716 716 716 716 716 716 717 717 713 713 719 722 722 722 722 723 722 722 723 725 725 727 727 727 728 728 733 733 733 727 727 727 728 731 731 733 731 731 734 734 736 738 738 738 738 738 738 738 742 744 744 744 744 744 744 746 746 747 747 746 746 749 750 752 752 752 750 750 752 752 754 755 754 754 754 754 754 759 759 759 761 761 761 761 761 761 762 764 764 761 761 764 764 766 767 771 769 769 769 769 771 774 778 776 776 778 778 774 773 773 773 774 776 776 776 778 780 781 780 780 780 781 781 781 783 783 785 787 787 790 787 787 785 785 785 785 789 790 792 792 792 785 785 787 789 789 792 796 798 800 800 798 798 800 802 802 802 802 802 802 805 807 807 807 807 807 809 813 815 817
0 0 0 0 0 0 0 0 0 0 0 0 0 0 0 0 0 0 0 0 0 649 649 649 650 652 652 654 653 653 650 650 652 653 653 658 658 659 659 659 659 659 661 661 661 662 663 663 663 663 663 664 663 663 663 663 663 663 666 666 667 667 668 668 668 668 668 668 668 670 670 671 672 674 674 675 675 649 649 649 650 650 649 648 647 647 648 648 652 652 650 650 652 652 653 648 648 650 650 652 653 655 657 658 661 696 693 693 691 691 691 691 691 691 693 691 691 691 697 697 697 696 694 694 700 698 698 698 697 697 698 697 697 698 701 704 704 706 706 706 703 701 701 706 708 706 706 706 706 707 708 711 713 708 708 710 710 710 710 710 711 716 716 713 713 713 714 717 719 719 719 719 717 717 717 717 717 714 714 722 723 723 725 727 727 727 727 727 728 728 731 731 730 730 730 733 733 733 731 730 730 734 736 736 736 739 739 741 736 736 738 739 741 742 742 742 742 744 744 747 750 749 749 749 747 747 749 749 749 752 754 754 754 754 754 754 754 754 755 755 757 761 761 762 764 764 766 764 762 762 762 762 764 771 773 771 771 766 766 767 767 771 771 773 774 773 773 773 773 774 774 776 774 774 774 774 774 780 780 781 781 781 781 780 780 780 781 781 785 780 778 778 780 783 785 787 789 789 792 794 789 789 794 796 798 798 798 798 800 798 798 796 796 796 800 803 805 807 809 813
0 0 0 0 0 0 0 0 0 0 0 0 0 0 0 0 0 0 0 0 0 642 642 644 648 652 652 643 643 643 643 643 643 653 653 654 654 655 655 659 649 649 653 654 655 661 658 658 658 658 658 661 659 659 661 661 661 661 662 661 661 662 662 662 663 663 664 664 664 667 667 667 668 671 671 674 674 647 646 646 646 647 647 646 643 643 646 647 648 648 648 649 650 648 648 647 647 648 649 652 653 655 657 655 655 655 655 657 657 691 690 688 688 688 688 687 684 684 690 693 693 688 688 688 687 687 688 694 694 694 693 693 693 693 694 696 696 703 698 698 698 698 698 698 698 701 701 703 704 704 704 704 704 704 703 703 704 706 706 706 707 707 707 710 710 711 711 713 714 711 711 711 711 711 713 713 713 713 713 714 716 717 720 722 722 720 720 722 722 723 722 722 722 723 727 728 728 728 727 727 727 727 727 728 731 730 730 731 733 733 734 734 736 736 736 736 736 739 741 742 744 741 739 739 739 741 744 744 744 747 749 749 749 747 747 749 749 749 750 754 755 755 755 757 757 757 757 759 757 757 755 755 754 754 757 757 759 761 761 762 764 764 767 767 769 769 766 766 767 767 767 771 767 767 769 771 771 771 773 776 776 774 774 774 774 776 778 778 780 776 776 776 778 780 783 783 783 781 780 780 780 781 785 785 787 787 787 787 787 787 785 785 789 789 794 798 800 803 803 805
0 0 0 0 0 0 0 0 0 0 0 0 0 0 0 0 0 0 0 0 0 642 632 630 630 631 634 637 637 642 642 642 641 641 642 642 643 643 643 643 644 647 649 652 653 661 653 653 654 654 654 648 648 654 657 657 657 657 657 658 658 659 659 661 661 661 662 663 663 663 663 667 668 670 670 674 674 642 642 643 643 643 642 642 642 642 643 643 644 644 644 646 650 648 646 646 647 647 647 648 652 655 654 652 652 653 653 654 655 693 647 647 688 686 684 684 683 683 682 682 682 686 686 686 684 684 683 683 687 688 688 688 688 690 690 691 691 693 694 694 694 697 694 694 694 694 696 698 700 696 696 696 698 700 700 700 701 701 701 703 703 703 703 704 704 707 707 706 706 706 706 707 707 708 710 711 711 713 713 714 711 711 713 713 714 714 714 714 714 716 717 717 717 717 720 722 722 723 725 727 725 725 727 727 728 728 727 727 727 728 728 731 730 730 730 730 731 734 734 734 734 734 736 736 736 736 738 739 739 734 734 736 741 741 744 741 741 742 744 746 749 749 747 747 747 747 747 749 749 750 752 752 752 752 752 752 754 757 757 759 761 761 759 752 752 757 757 759 761 761 761 759 759 761 762 764 764 761 761 761 764 766 767 767 769 771 774 773 771 771 773 773 774 776 778 778 773 773 776 774 774 774 774 774 780 780 780 778 778 780 780 781 783 787 787 789 789 790 792 792
0 0 0 0 0 0 0 0 0 0 0 0 0 0 0 0 0 0 0 0 0 0 629 628 628 629 631 635 635 638 638 638 638 637 637 640 640 641 641 642 642 644 646 647 644 643 643 643 643 648 647 647 648 649 653 653 652 652 653 655 655 657 657 655 655 657 657 658 659 659 657 654 632 632 635 635 636 636 638 641 640 638 637 637 637 637 640 635 635 635 635 634 634 634 646 646 646 638 638 637 637 638 640 643 648 650 650 654 655 643 643 644 647 652 684 680 679 678 675 674 674 676 679 682 682 682 682 682 682 683 686 686 687 687 687 687 687 687 687 687 688 691 691 691 691 691 693 693 693 691 691 691 694 694 697 696 696 696 696 698 700 700 700 700 701 701 704 704 704 703 703 703 703 704 706 706 707 708 708 710 708 706 706 708 707 707 708 708 710 710 711 711 711 713 716 716 716 711 711 716 716 720 720 720 720 720 720 720 720 722 722 722 723 725 725 727 728 730 730 730 731 731 733 734 733 731 731 733 733 733 733 734 731 731 734 734 738 738 741 739 739 741 744 744 744 744 744 744 746 747 747 747 749 746 746 749 749 750 750 750 750 750 747 747 749 752 755 755 755 752 752 752 752 754 759 761 759 759 759 759 761 762 764 764 764 764 764 766 764 764 766 766 766 767 767 769 769 766 766 766 766 766 767 767 769 767 767 773 773 776 776 778 781 781 781 781 783 785 787 787
0 0 0 0 0 0 0 0 0 0 0 0 0 0 0 0 0 0 0 0 0 0 624 624 624 628 630 632 632 631 631 632 632 630 630 636 637 638 640 641 641 642 642 638 638 640 640 640 641 641 641 641 642 642 642 644 647 647 644 644 647 650 652 653 653 654 653 653 655 654 654 629 629 630 631 634 634 634 636 636 636 632 632 632 632 632 632 631 631 632 632 632 632 632 632 637 641 631 631 632 632 635 636 638 641 638 638 640 641 643 643 644 647 648 648 680 679 675 674 674 674 675 676 676 676 678 678 678 679 678 678 679 683 682 682 684 684 684 680 680 682 682 683 687 687 687 688 687 687 686 686 687 687 687 688 690 690 691 693 693 696 698 697 697 697 698 700 700 700 698 693 693 697 698 701 701 701 698 698 698 700 700 703 704 704 704 706 706 706 707 707 707 708 708 710 711 713 710 710 710 713 716 714 714 711 711 713 714 714 716 717 717 720 720 720 722 722 725 725 727 723 722 722 722 727 727 727 727 727 727 728 728 728 728 730 731 731 733 734 733 733 733 733 739 739 739 738 738 736 736 738 739 741 741 741 744 744 746 744 744 744 744 746 746 746 747 747 749 747 747 749 749 749 750 752 752 750 750 754 755 757 759 757 757 757 757 757 759 757 757 757 755 755 755 757 761 761 761 761 761 759 759 761 759 759 762 762 764 766 766 766 766 774 774 773 773 774 776 780 781
0 0 0 0 0 0 0 0 0 0 0 0 0 0 0 0 0 0 0 0 0 0 622 622 622 622 620 620 620 627 628 629 628 628 628 629 632 634 634 634 637 638 638 635 635 635 637 637 637 637 638 638 638 638 638 641 641 642 641 641 642 643 646 647 648 648 653 623 623 625 627 627 628 629 630 632 632 630 630 630 629 629 630 630 630 629 629 628 628 629 630 630 631 631 631 631 628 628 628 630 630 630 630 632 636 637 637 637 637 637 638 638 638 643 643 640 640 640 671 672 672 672 672 671 671 671 671 671 668 668 675 670 670 672 674 674 674 674 674 678 676 676 675 674 674 676 676 676 679 679 680 682 683 683 684 684 686 688 687 687 688 691 691 694 694 693 693 688 688 688 688 690 691 691 691 694 693 693 694 694 694 696 697 697 698 701 703 701 701 700 700 703 703 704 701 701 701 701 703 706 704 703 703 707 707 708 710 710 711 711 711 711 714 714 716 711 711 711 711 713 716 719 719 719 720 720 722 722 722 722 723 723 725 725 727 727 723 722 722 723 727 728 728 731 731 730 730 730 731 733 733 734 738 738 738 739 739 741 742 741 739 739 739 741 739 739 739 739 742 742 747 746 746 746 744 744 746 746 746 747 747 747 747 750 750 750 747 747 750 750 752 750 750 752 752 752 754 754 754 755 755 755 755 755 755 757 757 757 757 757 757 759 759 761 766 766 766 773 776 776
0 0 0 0 0 0 0 0 0 0 0 0 0 0 0 0 0 0 0 0 0 0 619 619 620 620 618 618 619 620 621 622 624 624 625 627 629 634 625 624 624 628 629 632 632 632 634 634 634 634 636 636 636 636 636 636 636 638 638 638 638 640 640 642 642 643 620 619 619 622 625 625 627 627 624 624 628 628 628 628 627 627 627 627 627 624 624 625 625 624 624 623 623 623 620 620 620 624 624 625 625 628 628 629 629 632 634 631 631 632 632 634 634 634 634 635 634 634 638 638 638 672 671 668 668 668 666 666 666 666 667 667 667 668 668 668 668 664 664 664 668 668 670 670 670 670 670 671 671 671 672 672 672 674 672 672 672 672 672 678 678 679 678 678 678 678 679 680 682 679 679 680 682 682 682 683 684 686 687 687 684 684 686 686 687 694 698 697 696 696 697 698 698 700 698 698 698 698 698 698 698 698 698 701 700 700 698 698 706 706 706 706 706 706 707 708 708 710 710 710 710 713 710 710 710 713 714 714 717 717 717 717 717 720 722 720 719 717 717 719 722 722 723 723 723 725 725 725 727 728 730 731 731 730 728 728 728 728 728 731 730 730 730 730 733 733 733 734 739 739 741 741 739 739 739 739 741 741 742 739 739 739 741 742 742 744 744 744 746 746 747 746 746 749 749 747 747 746 746 749 749 750 747 747 749 750 754 754 754 754 755 755 754 752 752 757 761 761 766 769
0 0 0 0 0 0 0 0 0 0 0 0 0 0 0 0 0 0 0 0 0 0 613 613 614 615 615 616 616 616 616 619 620 621 623 624 623 623 622 622 622 624 625 627 628 629 631 632 629 629 629 629 630 631 630 630 630 630 634 636 636 635 635 636 640 643 620 619 619 622 624 624 620 620 621 621 621 623 623 622 622 623 623 623 623 623 622 622 622 622 622 622 622 621 619 619 620 622 621 621 621 621 625 627 627 622 622 625 625 621 621 622 623 624 629 625 624 623 623 625 625 641 641 668 659 659 661 661 662 662 663 664 664 659 659 659 659 659 661 661 662 662 663 663 662 662 663 667 667 667 664 664 666 667 667 668 668 670 671 671 672 674 674 675 674 674 675 675 675 675 674 674 678 678 678 678 680 682 684 686 683 683 683 683 679 679 683 683 684 682 682 683 684 686 686 688 690 688 687 687 688 690 691 691 693 693 693 696 697 697 698 697 697 697 697 698 698 707 707 707 707 708 707 707 707 708 710 710 711 710 710 711 710 710 710 714 714 716 716 716 717 717 717 719 720 720 720 720 722 722 723 723 723 723 725 725 725 723 723 725 725 727 727 727 727 727 727 730 730 731 733 733 736 736 736 736 736 736 734 734 734 736 736 736 734 734 736 739 739 738 738 739 741 742 744 744 739 738 736 736 738 741 746 746 746 746 747 747 747 747 747 749 749 749 750 752 754 755 757 766
0 0 0 0 0 0 0 0 0 0 0 0 0 0 0 0 0 0 0 0 0 0 610 610 610 611 611 611 611 612 613 615 616 618 616 616 618 618 618 621 621 622 621 621 621 623 627 628 627 627 627 627 628 629 628 628 628 628 629 631 632 634 634 635 640 0 616 615 615 615 615 615 616 616 618 615 615 615 615 619 619 619 619 619 619 619 616 616 616 616 619 619 618 616 616 616 618 619 618 618 618 618 618 618 618 619 622 625 625 621 621 622 623 624 629 625 624 623 623 625 625 641 641 0 659 659 661 661 662 662 663 664 664 659 659 659 659 659 661 661 662 662 663 663 662 662 663 667 667 667 664 664 666 667 667 668 668 670 671 671 672 674 674 675 674 674 675 675 675 675 674 674 678 678 678 678 680 682 684 686 683 683 683 683 679 679 683 683 684 682 682 683 684 686 686 688 690 688 687 687 688 690 691 691 693 693 693 696 697 697 698 697 697 697 697 698 698 703 703 703 703 703 703 703 704 704 707 707 707 707 706 706 707 707 708 710 711 713 713 713 713 714 714 714 716 716 714 714 716 717 719 719 717 717 719 719 720 720 720 720 720 722 723 723 722 722 722 722 720 720 722 722 722 725 723 723 725 727 728 730 731 731 730 730 730 730 730 733 733 733 734 733 733 736 736 736 734 733 733 733 733 733 733 742 742 739 739 739 739 739 742 744 744 746 747 749 750 750 750 752
0 0 0 0 0 0 0 0 0 0 0 0 0 0 0 0 0 0 0 0 0 0 610 610 610 611 611 611 611 612 613 615 616 618 616 616 618 618 618 621 621 622 621 621 621 623 627 628 627 627 627 627 628 629 628 628 628 628 629 631 632 634 634 635 0 0 616 615 615 615 615 615 616 616 618 615 615 615 615 619 619 619 619 619 619 619 616 616 616 616 619 619 618 616 616 616 618 619 618 618 618 618 618 618 618 619 0 0 0 0 0 0 0 0 0 0 0 0 0 0 0 0 0 0 0 0 0 0 0 0 0 0 0 0 0 0 0 0 0 0 0 0 0 0 0 0 0 0 0 0 0 0 0 0 0 0 0 0 0 0 0 0 0 0 0 0 0 0 0 0 0 0 0 0 0 0 0 0 0 0 0 0 0 0 0 0 0 0 0 0 0 0 0 0 0 0 0 0 0 0 0 0 0 0 0 0 0 0 0 0 0 0 0 0 0 700 700 703 703 703 703 703 703 703 704 704 707 707 707 707 706 706 707 707 708 710 711 713 713 713 713 714 714 714 716 716 714 714 716 717 719 719 717 717 719 719 720 720 720 720 720 722 723 723 722 722 722 722 720 720 722 722 722 725 723 723 725 727 728 730 731 731 730 730 730 730 730 733 733 733 734 733 733 736 736 736 734 733 733 733 733 733 733 742 742 739 739 739 739 739 742 744 744 746 747 749 750 750 750 752
0 0 0 0 0 0 0 0 0 0 0 0 0 0 0 0 0 0 0 0 0 0 0 0 0 0 0 0 0 0 0 0 0 0 0 0 0 0 0 0 0 0 0 0 0 0 0 0 0 0 0 0 0 0 0 0 0 0 0 0 0 0 0 0 0 0 0 0 0 0 0 0 0 0 0 0 0 0 0 0 0 0 0 0 0 0 0 0 0 0 0 0 0 0 0 0 0 0 0 0 0 0 0 0 0 0 0 0 0 0 0 0 0 0 0 0 0 0 0 0 0 0 0 0 0 0 0 0 0 0 0 0 0 0 0 0 0 0 0 0 0 0 0 0 0 0 0 0 0 0 0 0 0 0 0 0 0 0 0 0 0 0 0 0 0 0 0 0 0 0 0 0 0 0 0 0 0 0 0 0 0 0 0 0 0 0 0 0 0 0 0 0 0 0 0 0 0 0 0 0 0 0 0 0 0 0 0 0 0 0 0 0 0 0 0 0 0 0 0 0 0 0 0 0 0 0 0 0 0 0 0 0 0 0 0 0 0 0 0 0 0 0 0 0 0 0 0 0 0 0 0 0 0 0 0 0 0 0 0 0 0 0 0 0 0 0 0 0 0 0 0 0 0 0 0 0 0 0 0 0 0 0 0 0 0 0 0 0 0 0 0 0 0 0 0 0 0 0 0 0 0 0 0 0 0 0 0 0 0 0 0 0 0 0 0 0 0 0 0 0
0 0 0 0 0 0 0 0 0 0 0 0 0 0 0 0 0 0 0 0 0 0 0 0 0 0 0 0 0 0 0 0 0 0 0 0 0 0 0 0 0 0 0 0 0 0 0 0 0 0 0 0 0 0 0 0 0 0 0 0 0 0 0 0 0 0 0 0 0 0 0 0 0 0 0 0 0 0 0 0 0 0 0 0 0 0 0 0 0 0 0 0 0 0 0 0 0 0 0 0 0 0 0 0 0 0 0 0 0 0 0 0 0 0 0 0 0 0 0 0 0 0 0 0 0 0 0 0 0 0 0 0 0 0 0 0 0 0 0 0 0 0 0 0 0 0 0 0 0 0 0 0 0 0 0 0 0 0 0 0 0 0 0 0 0 0 0 0 0 0 0 0 0 0 0 0 0 0 0 0 0 0 0 0 0 0 0 0 0 0 0 0 0 0 0 0 0 0 0 0 0 0 0 0 0 0 0 0 0 0 0 0 0 0 0 0 0 0 0 0 0 0 0 0 0 0 0 0 0 0 0 0 0 0 0 0 0 0 0 0 0 0 0 0 0 0 0 0 0 0 0 0 0 0 0 0 0 0 0 0 0 0 0 0 0 0 0 0 0 0 0 0 0 0 0 0 0 0 0 0 0 0 0 0 0 0 0 0 0 0 0 0 0 0 0 0 0 0 0 0 0 0 0 0 0 0 0 0 0 0 0 0 0 0 0 0 0 0 0 0
0 0 0 0 0 0 0 0 0 0 0 0 0 0 0 0 0 0 0 0 0 0 0 0 0 0 0 0 0 0 0 0 0 0 0 0 0 0 0 0 0 0 0 0 0 0 0 0 0 0 0 0 0 0 0 0 0 0 0 0 0 0 0 0 0 0 0 0 0 0 0 0 0 0 0 0 0 0 0 0 0 0 0 0 0 0 0 0 0 0 0 0 0 0 0 0 0 0 0 0 0 0 0 0 0 0 0 0 0 0 0 0 0 0 0 0 0 0 0 0 0 0 0 0 0 0 0 0 0 0 0 0 0 0 0 0 0 0 0 0 0 0 0 0 0 0 0 0 0 0 0 0 0 0 0 0 0 0 0 0 0 0 0 0 0 0 0 0 0 0 0 0 0 0 0 0 0 0 0 0 0 0 0 0 0 0 0 0 0 0 0 0 0 0 0 0 0 0 0 0 0 0 0 0 0 0 0 0 0 0 0 0 0 0 0 0 0 0 0 0 0 0 0 0 0 0 0 0 0 0 0 0 0 0 0 0 0 0 0 0 0 0 0 0 0 0 0 0 0 0 0 0 0 0 0 0 0 0 0 0 0 0 0 0 0 0 0 0 0 0 0 0 0 0 0 0 0 0 0 0 0 0 0 0 0 0 0 0 0 0 0 0 0 0 0 0 0 0 0 0 0 0 0 0 0 0 0 0 0 0 0 0 0 0 0 0 0 0 0 0
0 0 0 0 0 0 0 0 0 0 0 0 0 0 0 0 0 0 0 0 0 0 0 0 0 0 0 0 0 0 0 0 0 0 0 0 0 0 0 0 0 0 0 0 0 0 0 0 0 0 0 0 0 0 0 0 0 0 0 0 0 0 0 0 0 0 0 0 0 0 0 0 0 0 0 0 0 0 0 0 0 0 0 0 0 0 0 0 0 0 0 0 0 0 0 0 0 0 0 0 0 0 0 0 0 0 0 0 0 0 0 0 0 0 0 0 0 0 0 0 0 0 0 0 0 0 0 0 0 0 0 0 0 0 0 0 0 0 0 0 0 0 0 0 0 0 0 0 0 0 0 0 0 0 0 0 0 0 0 0 0 0 0 0 0 0 0 0 0 0 0 0 0 0 0 0 0 0 0 0 0 0 0 0 0 0 0 0 0 0 0 0 0 0 0 0 0 0 0 0 0 0 0 0 0 0 0 0 0 0 0 0 0 0 0 0 0 0 0 0 0 0 0 0 0 0 0 0 0 0 0 0 0 0 0 0 0 0 0 0 0 0 0 0 0 0 0 0 0 0 0 0 0 0 0 0 0 0 0 0 0 0 0 0 0 0 0 0 0 0 0 0 0 0 0 0 0 0 0 0 0 0 0 0 0 0 0 0 0 0 0 0 0 0 0 0 0 0 0 0 0 0 0 0 0 0 0 0 0 0 0 0 0 0 0 0 0 0 0 0
0 0 0 0 0 0 0 0 0 0 0 0 0 0 0 0 0 0 0 0 0 0 0 0 0 0 0 0 0 0 0 0 0 0 0 0 0 0 0 0 0 0 0 0 0 0 0 0 0 0 0 0 0 0 0 0 0 0 0 0 0 0 0 0 0 0 0 0 0 0 0 0 0 0 0 0 0 0 0 0 0 0 0 0 0 0 0 0 0 0 0 0 0 0 0 0 0 0 0 0 0 0 0 0 0 0 0 0 0 0 0 0 0 0 0 0 0 0 0 0 0 0 0 0 0 0 0 0 0 0 0 0 0 0 0 0 0 0 0 0 0 0 0 0 0 0 0 0 0 0 0 0 0 0 0 0 0 0 0 0 0 0 0 0 0 0 0 0 0 0 0 0 0 0 0 0 0 0 0 0 0 0 0 0 0 0 0 0 0 0 0 0 0 0 0 0 0 0 0 0 0 0 0 0 0 0 0 0 0 0 0 0 0 0 0 0 0 0 0 0 0 0 0 0 0 0 0 0 0 0 0 0 0 0 0 0 0 0 0 0 0 0 0 0 0 0 0 0 0 0 0 0 0 0 0 0 0 0 0 0 0 0 0 0 0 0 0 0 0 0 0 0 0 0 0 0 0 0 0 0 0 0 0 0 0 0 0 0 0 0 0 0 0 0 0 0 0 0 0 0 0 0 0 0 0 0 0 0 0 0 0 0 0 0 0 0 0 0 0 0
0 0 0 0 0 0 0 0 0 0 0 0 0 0 0 0 0 0 0 0 0 0 0 0 0 0 0 0 0 0 0 0 0 0 0 0 0 0 0 0 0 0 0 0 0 0 0 0 0 0 0 0 0 0 0 0 0 0 0 0 0 0 0 0 0 0 0 0 0 0 0 0 0 0 0 0 0 0 0 0 0 0 0 0 0 0 0 0 0 0 0 0 0 0 0 0 0 0 0 0 0 0 0 0 0 0 0 0 0 0 0 0 0 0 0 0 0 0 0 0 0 0 0 0 0 0 0 0 0 0 0 0 0 0 0 0 0 0 0 0 0 0 0 0 0 0 0 0 0 0 0 0 0 0 0 0 0 0 0 0 0 0 0 0 0 0 0 0 0 0 0 0 0 0 0 0 0 0 0 0 0 0 0 0 0 0 0 0 0 0 0 0 0 0 0 0 0 0 0 0 0 0 0 0 0 0 0 0 0 0 0 0 0 0 0 0 0 0 0 0 0 0 0 0 0 0 0 0 0 0 0 0 0 0 0 0 0 0 0 0 0 0 0 0 0 0 0 0 0 0 0 0 0 0 0 0 0 0 0 0 0 0 0 0 0 0 0 0 0 0 0 0 0 0 0 0 0 0 0 0 0 0 0 0 0 0 0 0 0 0 0 0 0 0 0 0 0 0 0 0 0 0 0 0 0 0 0 0 0 0 0 0 0 0 0 0 0 0 0 0
