0 0 0 0 0 0 0 0 0 0 0 0 0 0 0 0 0 0 0 0 0 0 0 0 0 0 0 0 0 0 0 0 0 0 0 0 0 0 0 0 0 0 0 0 0 0 0 0 0 0 0 0 0 0 0 0 0 0 0 0 0 0 0 0 0 0 0 0 0 0 0 0 0 0 0 0 0 0 0 0 0 0 0 0 0 0 0 0 0 0 0 0 0 0 0 0 0 0 0 0 0 0 0 0 0 0 0 0 0 0 0 0 0 0 0 0 0 0 0 0 0 0 0 0 0 0 0 0 0 0 0 0 0 0 0 0 0 0 0 0 0 0 0 0 0 0 0 0 0 0 0 0 0 0 0 0 0 0 0 0 0 0 0 0 0 0 0 0 0 0 0 0 0 0 0 0 0 0 0 0 0 0 0 0 0 0 0 0 0 0 0 0 0 0 0 0 0 0 0 0 0 0 0 0 0 0 0 0 0 0 0 0 0 0 0 0 0 0 0 0 0 0 0 0 0 0 0 0 0 0 0 0 0 0 0 0 0 0 0 0 0 0 0 0 0 0 0 0 0 0 0 0 0 0 0 0 0 0 0 0 0 0 0 0 0 0 0 0 0 0 0 0 0 0 0 0 0 0 0 0 0 0 0 0 0 0 0 0 0 0 0 0 0 0 0 0 0 0 0 0 0 0 0 0 0 0 0 0 0 0 0 0 0 0 0 0 0 0 0 0
0 0 0 0 0 0 0 0 0 0 0 0 0 0 0 0 0 0 0 0 0 0 0 0 0 0 0 0 0 0 0 0 0 0 0 0 0 0 0 0 0 0 0 0 0 0 0 0 0 0 0 0 0 0 0 0 0 0 0 0 0 0 0 0 0 0 0 0 0 0 0 0 0 0 0 0 0 0 0 0 0 0 0 0 0 0 0 0 0 0 0 0 0 0 0 0 0 0 0 0 0 0 0 0 0 0 0 0 0 0 0 0 0 0 0 0 0 0 0 0 0 0 0 0 0 0 0 0 0 0 0 0 0 0 0 0 0 0 0 0 0 0 0 0 0 0 0 0 0 0 0 0 0 0 0 0 0 0 0 0 0 0 0 0 0 0 0 0 0 0 0 0 0 0 0 0 0 0 0 0 0 0 0 0 0 0 0 0 0 0 0 0 0 0 0 0 0 0 0 0 0 0 0 0 0 0 0 0 0 0 0 0 0 0 0 0 0 0 0 0 0 0 0 0 0 0 0 0 0 0 0 0 0 0 0 0 0 0 0 0 0 0 0 0 0 0 0 0 0 0 0 0 0 0 0 0 0 0 0 0 0 0 0 0 0 0 0 0 0 0 0 0 0 0 0 0 0 0 0 0 0 0 0 0 0 0 0 0 0 0 0 0 0 0 0 0 0 0 0 0 0 0 0 0 0 0 0 0 0 0 0 0 0 0 0 0 0 0 0 0
0 0 0 0 0 0 0 0 0 0 0 0 0 0 0 0 0 0 0 0 0 0 0 0 0 0 0 0 0 0 0 0 0 0 0 0 0 0 0 0 0 0 0 0 0 0 0 0 0 0 0 0 0 0 0 0 0 0 0 0 0 0 0 0 0 0 0 0 0 0 0 0 0 0 0 0 0 0 0 0 0 0 0 0 0 0 0 0 0 0 0 0 0 0 0 0 0 0 0 0 0 0 0 0 0 0 0 0 0 0 0 0 0 0 0 0 0 0 0 0 0 0 0 0 0 0 0 0 0 0 0 0 0 0 0 0 0 0 0 0 0 0 0 0 0 0 0 0 0 0 0 0 0 0 0 0 0 0 0 0 0 0 0 0 0 0 0 0 0 0 0 0 0 0 0 0 0 0 0 0 0 0 0 0 0 0 0 0 0 0 0 0 0 0 0 0 0 0 0 0 0 0 0 0 0 0 0 0 0 0 0 0 0 0 0 0 0 0 0 0 0 0 0 0 0 0 0 0 0 0 0 0 0 0 0 0 0 0 0 0 0 0 0 0 0 0 0 0 0 0 0 0 0 0 0 0 0 0 0 0 0 0 0 0 0 0 0 0 0 0 0 0 0 0 0 0 0 0 0 0 0 0 0 0 0 0 0 0 0 0 0 0 0 0 0 0 0 0 0 0 0 0 0 0 0 0 0 0 0 0 0 0 0 0 0 0 0 0 0 0
0 0 0 0 0 0 0 0 0 0 0 0 0 0 0 0 0 0 0 0 0 0 0 0 0 0 0 0 0 0 0 0 0 0 0 0 0 0 0 0 0 0 0 0 0 0 0 0 0 0 0 0 0 0 0 0 0 0 0 0 0 0 0 0 0 0 0 0 0 0 0 0 0 0 0 0 0 0 0 0 0 0 0 0 0 0 0 0 0 0 0 0 0 0 0 0 0 0 0 0 0 0 0 0 0 0 0 0 0 0 0 0 0 0 0 0 0 0 0 0 0 0 0 0 0 0 0 0 0 0 0 0 0 0 0 0 0 0 0 0 0 0 0 0 0 0 0 0 0 0 0 0 0 0 0 0 0 0 0 0 0 0 0 0 0 0 0 0 0 0 0 0 0 0 0 0 0 0 0 0 0 0 0 0 0 0 0 0 0 0 0 0 0 0 0 0 0 0 0 0 0 0 0 0 0 0 0 0 0 0 0 0 0 0 0 0 0 0 0 0 0 0 0 0 0 0 0 0 0 0 0 0 0 0 0 0 0 0 0 0 0 0 0 0 0 0 0 0 0 0 0 0 0 0 0 0 0 0 0 0 0 0 0 0 0 0 0 0 0 0 0 0 0 0 0 0 0 0 0 0 0 0 0 0 0 0 0 0 0 0 0 0 0 0 0 0 0 0 0 0 0 0 0 0 0 0 0 0 0 0 0 0 0 0 0 0 0 0 0 0
0 0 0 0 0 0 0 0 0 0 0 0 0 0 0 0 0 0 0 0 0 0 0 0 0 0 0 0 0 0 0 0 0 0 0 0 0 0 0 0 0 0 0 0 0 0 0 0 0 0 0 0 0 0 0 0 0 0 0 0 0 0 0 0 0 0 0 0 0 0 0 0 0 0 0 0 0 0 0 0 0 0 0 0 0 0 0 0 0 0 0 0 0 0 0 0 0 0 0 0 0 0 0 0 0 0 0 0 0 0 0 0 0 0 0 0 0 0 0 0 0 0 0 0 0 0 0 0 0 0 0 0 0 0 0 0 0 0 0 0 0 0 0 0 0 0 0 0 0 0 0 0 0 0 0 0 0 0 0 0 0 0 0 0 0 0 0 0 0 0 0 0 0 0 0 0 0 0 0 0 0 0 0 0 0 0 0 0 0 0 0 0 0 0 0 0 0 0 0 0 0 0 0 0 0 0 0 0 0 0 0 0 0 0 0 0 0 0 0 0 0 0 0 0 0 0 0 0 0 0 0 0 0 0 0 0 0 0 0 0 0 0 0 0 0 0 0 0 0 0 0 0 0 0 0 0 0 0 0 0 0 0 0 0 0 0 0 0 0 0 0 0 0 0 0 0 0 0 0 0 0 0 0 0 0 0 0 0 0 0 0 0 0 0 0 0 0 0 0 0 0 0 0 0 0 0 0 0 0 0 0 0 0 0 0 0 0 0 0 0
0 0 0 0 0 0 0 0 0 0 0 0 0 0 0 0 0 0 0 0 0 662 662 663 663 668 668 668 0 0 0 0 671 670 668 668 668 670 670 670 670 670 670 672 672 672 672 0 0 671 671 671 671 672 672 672 672 671 671 671 671 671 672 674 674 675 679 680 680 680 667 666 666 667 667 667 667 667 666 666 667 667 670 671 672 675 678 682 687 690 700 707 711 716 720 722 722 723 728 741 746 750 757 764 769 771 774 811 813 815 854 854 0 0 0 0 0 0 0 0 1094 1094 1090 1090 1090 1090 1094 0 0 0 2485 2485 2485 2485 2503 2503 2503 2503 2503 2503 2503 2485 2485 2485 2485 2485 2485 2503 2503 2485 2485 2485 2485 2485 2503 2503 2485 2485 2485 2485 2485 2450 2450 2450 2467 2467 2467 2467 2467 2467 2467 2450 2450 2450 2432 2432 2450 2450 2450 2450 2467 2467 2450 2450 2432 2432 2432 2432 2432 2432 2432 2432 2432 2432 2450 2450 2450 2432 2432 2432 2415 2415 2415 2415 2415 2415 2415 2415 2415 2415 2415 2415 2415 2415 2398 2398 2398 2398 2398 2415 2398 2398 2398 2381 2381 2398 2398 2398 2398 2415 2415 2381 2301 2286 2241 2212 2184 2156 2078 2065 2040 2028 2005 1959 1926 1883 1853 1843 1823 1785 1766 1757 1722 1705 1688 1671 1647 1624 1594 1572 1557 1529 1516 1496 1477 1464 1445 1427 1415 1410 1392 1365 1349 1343 1333 1317 1307 1302 1278 1264 1255 1250 1241 1232 1202 1193 1189 1181 1169 1161 1149 1145 1126 1115 1112 1112 1105 1084 1073 1067 1067 1057 1050 1034 1034 1022 1013 1013 1007 998 987 984 975 973 964 956 954 948 948 0
0 0 0 0 0 0 0 0 0 0 0 0 0 0 0 0 0 0 0 0 0 662 662 663 663 667 667 668 668 0 0 0 670 668 668 668 668 670 670 670 670 670 670 671 672 672 672 0 671 671 671 671 671 672 672 672 672 671 671 671 671 671 672 674 674 675 679 680 680 680 667 666 666 666 667 667 667 667 666 666 667 667 670 671 671 674 678 682 686 690 700 706 711 716 719 722 722 723 728 741 746 750 755 761 769 771 774 807 813 815 845 854 0 0 0 0 0 0 0 0 1094 1094 1090 1090 1090 1090 1094 0 0 0 2485 2485 2485 2485 2503 2503 2503 2503 2485 2485 2485 2485 2485 2485 2485 2485 2485 2485 2485 2485 2485 2485 2485 2485 2485 2485 2485 2485 2485 2485 2485 2450 2450 2450 2467 2467 2467 2467 2467 2450 2450 2450 2450 2450 2432 2432 2450 2450 2450 2450 2450 2450 2450 2450 2432 2432 2432 2415 2415 2432 2432 2432 2432 2432 2432 2432 2432 2432 2432 2432 2415 2415 2415 2415 2415 2415 2415 2415 2415 2415 2415 2415 2415 2415 2398 2398 2398 2398 2398 2415 2398 2398 2398 2381 2381 2398 2398 2398 2398 2415 2398 2365 2301 2286 2241 2212 2184 2156 2078 2065 2040 2028 2005 1959 1926 1883 1853 1843 1813 1785 1766 1757 1722 1696 1688 1671 1647 1616 1586 1572 1557 1529 1516 1496 1477 1464 1445 1427 1410 1404 1392 1365 1349 1343 1333 1312 1302 1297 1278 1264 1250 1245 1241 1232 1202 1193 1185 1177 1169 1161 1149 1141 1123 1115 1112 1108 1105 1084 1073 1067 1067 1054 1047 1034 1031 1022 1013 1013 1007 995 984 981 975 967 964 959 954 948 948 0
0 0 0 0 0 0 0 0 0 0 0 0 0 0 0 0 0 0 0 0 664 663 663 664 666 667 667 668 668 668 0 668 668 668 668 668 670 670 671 671 671 670 670 671 672 672 672 671 671 671 671 671 671 671 672 671 671 671 671 671 671 671 672 674 674 675 679 679 680 672 667 666 666 666 667 667 667 667 666 666 667 667 670 671 671 674 678 682 686 690 697 704 711 716 719 720 720 722 728 741 744 749 754 759 773 773 774 807 807 845 845 849 0 0 0 0 0 0 0 0 1097 1094 1094 1094 1094 1094 1101 0 0 0 2503 2503 2503 2503 2503 2503 2503 2503 2485 2485 2485 2485 2485 2485 2485 2485 2485 2485 2485 2503 2503 2503 2485 2485 2485 2485 2485 2485 2485 2485 2485 2450 2450 2450 2467 2467 2467 2467 2467 2450 2450 2450 2450 2450 2432 2432 2450 2450 2450 2450 2432 2432 2450 2450 2432 2432 2432 2415 2415 2432 2432 2432 2432 2432 2432 2432 2415 2415 2432 2432 2432 2415 2415 2415 2415 2415 2415 2415 2415 2415 2415 2415 2415 2415 2398 2398 2398 2398 2398 2415 2415 2398 2398 2381 2381 2398 2398 2415 2415 2415 2398 2333 2301 2301 2256 2212 2184 2156 2090 2065 2053 2028 2005 1947 1926 1883 1863 1843 1813 1794 1766 1748 1722 1696 1688 1671 1639 1601 1586 1572 1564 1536 1523 1503 1483 1464 1452 1427 1410 1404 1398 1365 1343 1343 1322 1312 1302 1297 1278 1264 1250 1245 1241 1232 1197 1193 1185 1177 1169 1161 1149 1141 1123 1115 1112 1108 1105 1084 1077 1067 1067 1054 1038 1034 1031 1028 1016 1013 995 995 984 981 975 967 964 959 951 946 946 0
0 0 0 0 0 0 0 0 0 0 0 0 0 0 0 0 0 0 0 0 664 664 666 666 667 667 668 668 668 668 0 668 668 670 670 670 670 670 670 670 670 670 670 671 672 674 674 670 670 670 671 671 671 671 671 670 670 670 670 670 671 671 672 674 674 675 679 679 680 672 667 667 667 667 667 667 667 666 666 666 667 667 670 671 672 674 678 682 686 691 697 704 711 717 719 720 720 722 728 741 744 749 754 759 759 809 809 809 817 847 847 849 860 0 0 0 0 0 0 0 0 1094 1094 1097 1105 1105 1112 0 0 0 2503 2503 2485 2485 2503 2503 2503 2485 2485 2485 2485 2485 2485 2485 2485 2485 2503 2503 2503 2503 2503 2503 2485 2485 2485 2485 2485 2485 2485 2485 2485 2467 2450 2450 2467 2467 2467 2467 2467 2450 2450 2450 2450 2450 2450 2450 2450 2450 2450 2450 2432 2432 2432 2432 2432 2432 2432 2415 2415 2432 2432 2432 2432 2432 2432 2432 2415 2415 2432 2432 2432 2415 2415 2415 2415 2415 2415 2415 2415 2415 2415 2415 2415 2415 2398 2398 2398 2398 2415 2415 2415 2398 2398 2381 2381 2398 2398 2415 2415 2415 2398 2333 2317 2301 2271 2212 2170 2156 2116 2090 2040 2028 2005 1947 1926 1883 1863 1843 1833 1785 1766 1748 1722 1705 1696 1663 1639 1601 1594 1572 1564 1550 1529 1503 1483 1464 1452 1427 1410 1404 1404 1354 1343 1343 1322 1312 1302 1297 1283 1268 1250 1245 1241 1236 1197 1193 1181 1177 1173 1161 1149 1138 1123 1115 1112 1112 1094 1087 1077 1067 1067 1054 1038 1034 1034 1028 1019 1016 995 992 984 984 975 967 964 959 951 946 946 0
0 0 0 0 0 0 0 0 0 0 0 0 0 0 0 0 0 0 0 0 0 666 666 667 667 667 667 668 668 668 668 671 671 671 671 670 670 670 670 670 670 670 670 671 672 672 670 670 670 670 671 671 671 671 671 670 670 668 668 670 671 671 672 672 674 676 680 680 682 668 667 667 667 667 667 666 666 666 666 667 667 667 670 671 672 674 676 683 687 691 697 704 713 717 719 720 720 723 728 741 747 750 755 759 759 811 811 813 817 841 845 849 858 0 0 0 0 0 0 0 0 1108 1108 1115 1112 1112 1115 0 0 0 2503 2503 2485 2485 2503 2503 2503 2485 2485 2485 2485 2485 2485 2485 2485 2485 2503 2503 2503 2503 2503 2503 2485 2485 2485 2485 2485 2485 2485 2485 2485 2467 2467 2467 2450 2450 2450 2450 2450 2450 2450 2450 2450 2450 2450 2450 2450 2450 2450 2450 2432 2432 2432 2432 2450 2450 2432 2432 2432 2432 2432 2432 2432 2432 2432 2432 2432 2432 2432 2432 2432 2432 2415 2415 2415 2415 2415 2415 2415 2415 2415 2415 2415 2398 2398 2381 2381 2398 2415 2415 2415 2398 2398 2398 2398 2415 2415 2415 2415 2415 2415 2349 2317 2301 2271 2212 2170 2143 2116 2090 2040 2028 2005 1970 1936 1883 1863 1853 1843 1785 1766 1748 1731 1713 1696 1639 1632 1616 1601 1572 1564 1550 1529 1503 1483 1464 1452 1433 1410 1404 1392 1354 1343 1343 1328 1312 1302 1292 1283 1264 1255 1245 1241 1227 1210 1202 1177 1177 1173 1161 1145 1130 1126 1119 1112 1112 1094 1087 1073 1070 1067 1060 1041 1034 1034 1025 1019 1013 995 992 984 984 981 967 964 956 951 943 943 0
0 0 0 0 0 0 0 0 0 0 0 0 0 0 0 0 0 0 0 0 0 667 667 667 667 667 667 668 668 668 668 671 671 671 671 671 671 671 670 670 670 670 670 670 672 672 672 670 670 671 671 672 672 672 671 670 670 668 668 670 671 671 671 671 674 678 679 680 682 668 667 667 667 667 667 666 666 667 667 667 666 666 668 671 672 674 676 683 688 693 697 710 713 717 719 720 720 723 727 741 749 750 755 755 811 811 811 813 825 841 845 849 858 0 0 0 0 0 0 0 0 1115 1115 1119 1119 1119 1145 0 1149 0 2503 2503 2485 2485 2485 2503 2503 2503 2485 2485 2485 2503 2503 2485 2485 2485 2485 2503 2503 2503 2485 2485 2485 2485 2485 2485 2485 2485 2485 2503 2503 2467 2467 2450 2450 2450 2450 2450 2450 2450 2450 2450 2450 2450 2450 2450 2467 2450 2450 2432 2432 2432 2432 2432 2450 2450 2450 2450 2450 2450 2432 2432 2432 2432 2432 2432 2432 2432 2432 2432 2432 2432 2415 2415 2415 2415 2415 2415 2415 2415 2415 2415 2415 2398 2398 2381 2381 2398 2415 2415 2398 2398 2398 2398 2398 2415 2415 2415 2415 2415 2415 2365 2317 2286 2256 2212 2170 2143 2116 2090 2040 2028 2005 1970 1936 1883 1873 1863 1853 1804 1766 1748 1731 1722 1680 1639 1632 1624 1601 1579 1564 1550 1529 1509 1483 1464 1458 1433 1410 1404 1392 1365 1354 1343 1333 1317 1307 1292 1278 1264 1259 1255 1241 1223 1214 1202 1177 1177 1173 1165 1145 1130 1130 1119 1112 1112 1094 1087 1073 1073 1067 1063 1041 1034 1031 1025 1019 1010 995 995 987 984 981 973 964 956 954 943 943 0
0 0 0 0 0 0 0 0 0 0 0 0 0 0 0 0 0 0 0 0 0 667 667 667 667 667 668 668 668 668 668 671 671 671 671 671 671 671 670 670 670 670 670 670 672 672 672 671 671 671 672 672 672 672 671 670 670 668 668 670 670 671 671 671 674 678 679 680 680 668 667 667 667 667 666 666 667 667 667 667 666 666 668 671 672 674 678 683 687 693 697 708 713 719 720 720 722 723 727 742 749 750 755 771 776 805 809 815 825 837 843 856 0 0 0 0 0 0 0 0 0 1123 1123 1123 1123 1126 1145 1149 1149 0 2467 0 2467 2467 2485 2503 2503 2503 2503 2485 2485 2503 2503 2485 2485 2485 2485 2485 2503 2503 2485 2485 2485 2485 2485 2485 2485 2485 2485 2485 2485 2467 2467 2450 2450 2450 2450 2450 2450 2467 2467 2467 2450 2450 2467 2467 2467 2450 2450 2432 2432 2432 2432 2432 2450 2450 2450 2450 2450 2450 2450 2432 2432 2432 2432 2450 2432 2432 2432 2432 2432 2432 2415 2415 2415 2415 2415 2415 2415 2415 2415 2415 2415 2398 2398 2398 2398 2398 2415 2415 2398 2398 2398 2398 2398 2398 2398 2398 2415 2415 2415 2365 2333 2286 2256 2198 2170 2143 2103 2090 2040 2028 2005 1981 1926 1883 1873 1863 1843 1804 1766 1748 1739 1713 1680 1647 1632 1624 1601 1579 1557 1550 1523 1509 1483 1464 1458 1433 1410 1404 1398 1370 1349 1338 1328 1322 1307 1288 1273 1264 1259 1255 1236 1223 1214 1197 1185 1177 1173 1165 1153 1134 1126 1119 1112 1112 1090 1084 1077 1073 1067 1063 1047 1038 1031 1031 1022 1010 995 995 987 984 984 975 964 962 956 954 954 0
0 0 0 0 0 0 0 0 0 0 0 0 0 0 0 0 0 0 0 0 0 668 668 668 668 668 668 668 668 668 670 670 672 672 672 672 672 671 671 671 670 670 670 670 670 672 672 671 671 671 671 671 672 672 671 670 670 668 668 670 670 670 671 671 674 678 679 680 680 668 667 666 666 666 666 666 666 667 667 667 666 666 668 671 671 674 678 682 684 693 697 708 711 716 722 722 722 725 728 733 747 750 766 771 774 805 805 805 827 831 839 856 0 0 0 0 0 0 0 0 0 1126 1126 1130 1134 1141 1149 1149 0 0 0 0 2467 2467 2485 2503 2503 2503 2503 2503 2503 2503 2503 2503 2503 2485 2485 2485 2503 2503 2503 2503 2503 2485 2485 2485 2485 2485 2485 2485 2485 2467 2467 2467 2450 2450 2450 2450 2450 2467 2467 2467 2467 2467 2467 2467 2467 2467 2450 2450 2450 2450 2450 2450 2450 2450 2450 2450 2450 2450 2450 2450 2450 2432 2432 2432 2432 2432 2432 2432 2432 2415 2415 2415 2415 2415 2415 2432 2415 2415 2415 2415 2415 2398 2398 2398 2398 2398 2415 2415 2415 2398 2398 2398 2398 2398 2398 2398 2415 2415 2398 2381 2333 2301 2256 2198 2170 2156 2103 2090 2040 2028 2005 1970 1926 1894 1873 1863 1833 1804 1766 1748 1739 1713 1671 1655 1647 1639 1601 1579 1557 1550 1516 1509 1483 1470 1458 1415 1404 1404 1398 1370 1349 1338 1328 1322 1307 1288 1273 1264 1259 1250 1236 1223 1219 1197 1189 1173 1173 1165 1157 1134 1123 1115 1112 1112 1090 1084 1080 1073 1067 1063 1047 1038 1031 1031 1022 1010 995 995 989 987 981 973 962 962 959 951 951 0
0 0 0 0 0 0 0 0 0 0 0 0 0 0 0 0 0 0 0 0 0 667 667 668 668 668 668 668 668 670 670 670 672 672 672 672 672 671 670 670 670 670 671 672 672 674 672 671 671 671 671 671 671 671 671 670 670 670 670 670 670 670 671 672 674 678 679 679 680 668 666 666 666 666 666 666 666 667 667 667 667 667 668 670 671 674 678 682 684 693 698 706 710 714 719 720 720 725 728 733 747 750 764 769 773 805 805 805 829 831 839 854 0 0 0 0 0 0 0 0 0 1138 1138 1145 1145 1149 1149 1149 0 0 0 0 2467 2467 2485 2503 2503 2503 2503 2503 2503 2503 2503 2503 2503 2503 2503 2503 2503 2503 2503 2503 2503 2503 2485 2485 2485 2485 2485 2485 2485 2467 2467 2467 2450 2450 2450 2450 2450 2450 2467 2467 2467 2467 2467 2467 2467 2467 2467 2467 2450 2450 2450 2450 2450 2450 2450 2450 2450 2450 2432 2432 2432 2432 2432 2432 2432 2432 2432 2432 2432 2415 2415 2415 2415 2432 2432 2432 2432 2432 2432 2415 2415 2415 2398 2398 2398 2415 2415 2432 2415 2398 2398 2398 2398 2398 2398 2398 2415 2415 2398 2381 2333 2317 2271 2198 2170 2156 2116 2090 2040 2016 2005 1970 1926 1894 1883 1853 1823 1794 1776 1766 1739 1713 1671 1663 1655 1632 1601 1579 1564 1557 1516 1509 1483 1477 1452 1415 1404 1404 1392 1381 1359 1338 1328 1322 1307 1288 1278 1268 1259 1250 1236 1223 1219 1210 1189 1173 1173 1165 1157 1141 1123 1115 1112 1108 1094 1087 1080 1073 1063 1060 1044 1038 1031 1031 1019 1013 995 995 989 987 981 973 962 959 954 951 951 0
0 0 0 0 0 0 0 0 0 0 0 0 0 0 0 0 0 0 0 0 0 667 667 668 668 670 670 668 668 670 670 674 674 672 671 671 672 671 670 670 670 670 671 672 672 672 672 671 671 671 671 671 671 671 671 670 670 671 671 671 671 670 670 672 675 678 679 679 680 663 663 664 666 666 666 666 666 666 666 666 667 667 668 670 672 675 679 682 686 693 698 706 710 714 716 716 720 734 734 736 747 754 762 769 773 774 807 809 841 841 849 854 860 0 0 0 0 0 0 0 0 1149 1149 1153 1153 1153 1153 1153 1169 0 0 0 2485 2485 2485 2503 2503 2503 2503 2503 2503 2503 2503 2503 2503 2503 2503 2503 2503 2503 2503 2503 2503 2485 2485 2485 2485 2485 2485 2485 2485 2467 2450 2450 2467 2450 2450 2450 2450 2450 2467 2467 2467 2467 2467 2467 2467 2467 2467 2467 2450 2450 2450 2450 2450 2450 2450 2450 2450 2450 2432 2432 2432 2432 2432 2432 2432 2432 2432 2432 2432 2415 2415 2415 2415 2432 2432 2432 2432 2432 2432 2415 2415 2415 2398 2398 2398 2398 2415 2415 2415 2415 2415 2398 2398 2398 2398 2398 2415 2415 2398 2381 2333 2317 2271 2198 2170 2170 2129 2090 2040 2016 1993 1970 1926 1904 1894 1843 1813 1794 1776 1766 1748 1713 1680 1663 1647 1624 1601 1579 1564 1557 1523 1509 1483 1477 1452 1445 1410 1404 1392 1381 1359 1338 1333 1328 1312 1288 1278 1268 1264 1250 1236 1223 1219 1210 1193 1177 1173 1165 1153 1141 1130 1119 1115 1108 1097 1084 1080 1080 1063 1060 1044 1034 1031 1031 1016 1013 998 998 989 987 978 973 962 956 951 946 946 0
0 0 0 0 0 0 0 0 0 0 0 0 0 0 0 0 0 0 0 0 0 667 667 668 668 670 670 670 670 670 670 674 674 672 670 670 671 671 671 671 670 670 671 672 672 671 671 671 671 671 671 671 671 671 671 670 670 671 671 671 671 670 670 672 675 678 679 680 682 663 663 664 666 666 666 666 666 666 666 666 667 667 668 670 672 675 679 682 686 691 697 707 711 714 714 714 714 738 738 739 747 754 757 766 773 774 809 811 841 841 856 856 860 0 0 0 0 0 0 0 0 0 1157 1153 1153 1157 1161 1165 1169 0 0 0 0 2485 2485 2503 2503 2503 2503 2503 2503 2503 2503 2503 2503 2503 2503 2503 2503 2503 2503 2503 2503 2485 2485 2485 2485 2485 2485 2485 2485 2467 2450 2450 2467 2467 2467 2467 2467 2450 2450 2467 2450 2450 2450 2467 2467 2467 2467 2450 2450 2450 2467 2450 2450 2450 2450 2450 2450 2450 2450 2450 2450 2450 2450 2432 2432 2432 2432 2432 2432 2432 2415 2415 2415 2415 2432 2432 2432 2432 2432 2415 2415 2415 2398 2398 2398 2398 2415 2415 2415 2415 2415 2415 2398 2398 2398 2415 2398 2398 2398 2365 2333 2317 2286 2198 2170 2156 2143 2090 2053 2028 1993 1970 1936 1915 1894 1843 1813 1794 1785 1757 1739 1722 1688 1655 1647 1624 1609 1579 1564 1557 1523 1516 1483 1477 1452 1445 1415 1404 1392 1376 1365 1343 1333 1328 1317 1288 1278 1273 1264 1255 1236 1223 1214 1206 1197 1185 1177 1169 1149 1145 1138 1119 1115 1108 1097 1084 1077 1073 1063 1050 1044 1034 1031 1031 1016 1004 998 998 989 987 978 973 962 954 951 943 943 0
0 0 0 0 0 0 0 0 0 0 0 0 0 0 0 0 0 0 0 0 0 667 667 668 670 670 670 670 670 670 670 670 670 668 668 668 671 671 671 671 670 670 671 672 672 671 671 671 671 671 671 671 671 671 671 671 671 671 670 670 670 668 668 671 674 678 679 679 680 663 663 664 666 666 666 666 666 666 666 666 666 667 667 668 672 675 679 683 687 691 696 707 711 714 714 714 714 739 739 741 747 754 757 766 766 811 811 815 829 839 856 856 862 0 0 0 0 0 0 0 0 0 1165 1165 1169 1169 1169 1173 1173 1193 1193 1202 0 2485 2485 2485 2503 2503 2503 2503 2503 2503 2503 2503 2503 2503 2503 2503 2503 2503 2503 2485 2485 2485 2485 2485 2485 2485 2485 2485 2485 2467 2467 2467 2467 2467 2467 2467 2467 2450 2450 2467 2450 2450 2450 2450 2450 2450 2432 2432 2450 2450 2467 2467 2467 2467 2450 2450 2450 2450 2450 2432 2432 2432 2450 2432 2432 2432 2432 2432 2432 2432 2432 2415 2415 2415 2415 2432 2432 2432 2432 2415 2415 2415 2398 2398 2398 2415 2415 2415 2415 2398 2398 2398 2398 2415 2415 2415 2398 2398 2398 2365 2333 2301 2271 2212 2170 2156 2129 2090 2053 2028 1993 1970 1936 1915 1883 1853 1823 1804 1794 1757 1739 1722 1688 1655 1639 1632 1616 1579 1564 1557 1523 1509 1483 1477 1458 1439 1427 1410 1398 1376 1359 1343 1333 1328 1322 1292 1278 1273 1264 1255 1236 1223 1214 1206 1197 1189 1181 1169 1149 1145 1138 1123 1115 1108 1097 1084 1073 1073 1063 1050 1044 1038 1031 1031 1019 1004 998 998 989 987 978 973 959 954 951 943 943 0
0 0 0 0 0 0 0 0 0 0 0 0 0 0 0 0 0 0 0 0 0 667 667 667 670 670 670 670 670 670 670 670 670 668 668 668 671 671 671 671 671 672 672 671 671 671 671 671 671 671 671 671 671 671 671 671 671 671 670 670 670 668 668 671 674 678 679 679 678 663 663 664 666 666 666 666 666 666 666 666 666 666 667 668 672 675 680 684 687 691 694 708 711 714 714 714 714 714 742 742 754 759 762 766 766 823 823 823 829 837 856 856 0 0 0 0 0 0 0 0 0 0 1173 1173 1177 1173 1173 1177 1181 1193 1202 1202 0 0 2485 2485 2503 2503 2503 2503 2503 2503 2503 2503 2503 2503 2503 2503 2503 2503 2503 2485 2485 2485 2485 2485 2485 2503 2485 2485 2485 2467 2467 2467 2467 2467 2467 2467 2467 2467 2467 2450 2450 2450 2450 2450 2450 2450 2432 2432 2450 2450 2467 2467 2467 2467 2450 2450 2450 2450 2450 2432 2432 2432 2432 2432 2432 2432 2432 2450 2450 2432 2432 2432 2415 2415 2415 2432 2432 2432 2432 2432 2432 2415 2398 2398 2398 2415 2415 2415 2415 2398 2398 2398 2398 2415 2415 2415 2415 2415 2398 2365 2333 2286 2271 2226 2170 2156 2129 2090 2065 2028 2005 1970 1959 1915 1883 1853 1833 1813 1794 1766 1748 1722 1688 1655 1639 1632 1616 1579 1572 1557 1523 1509 1489 1477 1458 1433 1427 1421 1404 1387 1359 1343 1333 1328 1317 1312 1278 1273 1268 1255 1245 1227 1214 1206 1202 1185 1177 1169 1149 1141 1138 1130 1119 1108 1097 1084 1073 1067 1063 1050 1044 1038 1031 1031 1019 1004 998 998 989 987 978 970 959 954 951 948 948 0
0 0 0 0 0 0 0 0 0 0 0 0 0 0 0 0 0 0 0 0 0 667 667 667 668 670 670 670 670 670 670 670 671 671 671 671 671 671 671 671 672 672 672 671 671 671 671 671 671 671 671 671 671 671 671 671 670 670 670 670 670 668 668 670 674 678 678 678 678 666 666 666 666 666 666 666 666 666 666 666 666 666 667 670 672 675 682 686 687 688 694 711 711 713 714 714 714 761 755 755 761 762 766 767 767 827 827 827 829 837 839 0 0 0 0 0 0 0 0 0 0 0 1181 1181 1185 1185 1185 1185 1193 1202 1202 1202 0 2485 2485 2485 2503 2503 2503 2503 2503 2503 2503 2503 2503 2503 2503 2503 2503 2503 2503 2485 2485 2485 2485 2485 2485 2503 2485 2485 2485 2467 2467 2467 2467 2467 2485 2467 2467 2467 2467 2450 2450 2450 2450 2450 2450 2450 2450 2450 2450 2450 2467 2467 2467 2467 2450 2450 2450 2450 2450 2432 2432 2432 2432 2432 2432 2450 2450 2450 2450 2432 2432 2432 2415 2415 2415 2432 2432 2432 2432 2432 2432 2415 2415 2398 2398 2415 2432 2415 2415 2398 2398 2398 2398 2415 2415 2415 2415 2415 2398 2365 2317 2286 2271 2226 2170 2156 2129 2090 2065 2028 2005 1981 1959 1915 1883 1863 1833 1813 1794 1766 1739 1713 1688 1663 1639 1632 1609 1586 1572 1557 1536 1516 1483 1477 1458 1433 1427 1421 1404 1387 1365 1349 1338 1328 1317 1312 1283 1273 1264 1255 1245 1227 1219 1210 1202 1181 1173 1169 1153 1141 1138 1130 1119 1108 1097 1084 1073 1067 1067 1050 1041 1038 1031 1028 1025 1004 995 995 989 987 981 967 959 954 954 948 948 0
0 0 0 0 0 0 0 0 0 0 0 0 0 0 0 0 0 0 0 0 0 667 667 667 668 670 670 670 671 671 671 671 671 0 672 672 671 671 671 671 672 670 670 670 670 671 671 671 671 671 670 670 670 670 670 671 670 670 668 668 668 668 668 670 674 676 678 678 678 666 666 666 666 666 666 666 666 666 666 666 666 667 667 671 672 674 682 686 687 688 711 711 711 713 713 714 714 761 761 761 762 766 769 774 776 781 829 829 831 837 839 0 0 0 0 0 0 0 0 0 0 0 1185 1185 1189 1193 1193 1197 1197 1206 1206 1227 0 0 2503 2503 2503 2503 2503 2503 2503 2503 2503 2503 2503 2522 2522 2503 2503 2503 2485 2485 2485 2485 2485 2485 2485 2485 2485 2485 2485 2467 2467 2467 2467 2485 2485 2485 2485 2467 2467 2467 2467 2450 2450 2450 2450 2467 2450 2450 2450 2450 2467 2467 2467 2467 2467 2467 2467 2450 2450 2432 2432 2432 2432 2432 2432 2450 2450 2450 2450 2450 2432 2432 2432 2432 2432 2450 2450 2450 2450 2432 2432 2415 2415 2415 2415 2415 2432 2432 2415 2415 2398 2398 2398 2398 2415 2415 2415 2415 2415 2365 2317 2286 2271 2226 2184 2156 2129 2103 2065 2028 2016 1993 1959 1915 1883 1863 1843 1813 1785 1766 1739 1713 1696 1671 1639 1632 1601 1586 1572 1564 1529 1509 1483 1477 1464 1439 1427 1415 1404 1387 1370 1359 1343 1328 1317 1312 1283 1273 1264 1255 1245 1227 1219 1210 1197 1181 1173 1169 1157 1138 1134 1130 1123 1112 1105 1084 1073 1070 1067 1050 1038 1034 1034 1025 1025 1007 995 992 989 987 981 967 959 956 954 951 951 0
0 0 0 0 0 0 0 0 0 0 0 0 0 0 0 0 0 0 0 0 0 667 667 668 668 668 670 670 670 671 671 671 671 0 672 672 671 671 671 671 671 670 670 670 670 670 670 671 671 671 670 670 670 670 670 670 670 668 668 668 668 668 668 670 674 676 678 678 679 667 666 666 666 666 666 664 664 664 666 666 666 667 667 671 672 674 679 683 688 690 696 711 713 713 713 714 714 731 734 767 767 769 771 774 776 781 829 829 833 839 839 0 0 0 0 0 0 0 0 0 0 0 0 1206 1206 1210 1210 1210 1210 1210 1214 1227 0 0 0 2503 2503 2503 2503 2503 2503 2503 2503 2503 2503 2522 2522 2503 2503 2503 2485 2485 2485 2485 2467 2467 2485 2485 2485 2503 2485 2485 2485 2467 2467 2467 2467 2467 2485 2467 2467 2467 2467 2467 2467 2467 2467 2467 2467 2467 2467 2450 2450 2450 2450 2450 2467 2467 2467 2450 2450 2450 2432 2432 2432 2432 2432 2450 2450 2450 2450 2450 2450 2432 2432 2432 2432 2450 2450 2450 2450 2450 2432 2415 2415 2415 2415 2415 2432 2432 2415 2415 2398 2398 2398 2398 2415 2415 2415 2415 2415 2365 2333 2301 2271 2226 2184 2170 2129 2103 2065 2028 2016 1993 1959 1915 1894 1863 1843 1823 1785 1757 1739 1713 1696 1680 1647 1632 1601 1586 1572 1564 1529 1509 1489 1483 1470 1458 1427 1410 1398 1387 1370 1359 1343 1328 1317 1312 1283 1268 1264 1255 1245 1227 1223 1210 1197 1181 1177 1173 1153 1138 1134 1126 1123 1112 1097 1084 1077 1070 1067 1050 1038 1034 1034 1025 1025 1010 998 992 987 987 981 970 962 956 954 951 951 0
0 0 0 0 0 0 0 0 0 0 0 0 0 0 0 0 0 0 0 0 0 668 668 668 668 668 668 668 670 671 671 671 671 674 680 671 671 671 671 671 671 671 671 671 671 670 670 671 671 671 670 670 670 670 670 670 670 668 668 668 668 668 668 670 675 678 678 678 680 666 666 666 666 666 664 664 664 664 666 666 666 667 667 671 672 674 679 683 688 690 696 704 713 714 714 714 716 727 734 769 769 771 773 776 776 781 835 835 839 843 843 849 851 0 0 0 0 0 0 0 0 0 0 1210 1210 1214 1219 1219 1219 1219 1227 1232 1232 0 2503 2503 2503 2503 2503 2503 2503 2503 2503 2503 2503 2503 2503 2503 2485 2485 2485 2485 2485 2485 2467 2467 2467 2467 2485 2503 2485 2485 2485 2467 2467 2467 2467 2467 2485 2467 2467 2467 2485 2485 2467 2467 2467 2467 2467 2467 2467 2450 2450 2450 2450 2450 2467 2467 2467 2467 2467 2450 2450 2450 2450 2450 2450 2450 2450 2450 2450 2450 2450 2450 2432 2432 2432 2450 2450 2450 2450 2432 2432 2415 2415 2415 2415 2415 2415 2432 2415 2415 2398 2398 2398 2415 2415 2415 2415 2415 2415 2381 2333 2301 2271 2226 2198 2170 2129 2103 2065 2028 2016 1993 1936 1915 1894 1873 1853 1833 1785 1757 1739 1713 1696 1680 1655 1632 1601 1586 1579 1564 1523 1509 1489 1483 1470 1458 1427 1410 1398 1387 1370 1365 1343 1328 1312 1297 1288 1268 1264 1259 1245 1227 1223 1210 1197 1189 1181 1177 1149 1141 1138 1126 1123 1112 1097 1087 1080 1070 1070 1050 1041 1038 1038 1028 1022 1016 998 998 987 987 981 964 962 956 954 951 951 0
0 0 0 0 0 0 0 0 0 0 0 0 0 0 0 0 0 0 0 0 0 668 668 668 668 668 668 668 670 670 671 672 674 674 680 680 671 671 671 671 671 671 671 671 671 671 671 671 671 671 670 670 670 670 668 668 668 668 668 668 668 668 668 670 675 678 679 679 679 666 666 666 666 664 664 664 664 664 666 666 666 666 667 671 672 675 679 683 688 694 697 704 713 714 714 716 717 719 734 734 773 767 767 773 776 805 805 805 845 845 849 849 851 0 0 0 0 0 0 0 0 0 0 1241 1223 1219 1219 1223 1223 1227 1236 1236 1236 0 2503 2503 2503 2503 2503 2503 2503 2503 2503 2503 2503 2503 2503 2503 2485 2485 2485 2485 2485 2485 2467 2467 2467 2467 2485 2503 2485 2485 2485 2467 2467 2485 2467 2467 2485 2485 2485 2485 2485 2467 2467 2467 2467 2467 2467 2467 2467 2467 2467 2467 2467 2467 2467 2467 2467 2467 2467 2450 2450 2450 2450 2450 2467 2467 2450 2450 2450 2450 2450 2450 2450 2432 2432 2450 2450 2450 2432 2432 2432 2415 2415 2415 2415 2415 2415 2432 2415 2415 2415 2415 2415 2415 2415 2415 2415 2415 2415 2398 2349 2301 2271 2226 2198 2170 2129 2103 2065 2040 2016 1993 1936 1915 1894 1873 1853 1833 1794 1766 1739 1722 1696 1680 1663 1639 1601 1586 1586 1572 1523 1509 1489 1483 1470 1458 1433 1410 1398 1381 1376 1365 1343 1328 1312 1297 1288 1273 1264 1259 1245 1227 1227 1210 1197 1189 1181 1177 1149 1141 1138 1130 1119 1105 1097 1090 1080 1073 1073 1050 1041 1041 1041 1028 1022 1013 1004 995 989 987 981 964 964 956 954 948 948 0
0 0 0 0 0 0 0 0 0 0 0 0 0 0 0 0 0 0 0 0 0 668 668 670 670 670 670 670 670 670 671 672 674 679 680 680 680 671 671 671 671 671 671 671 671 671 671 671 671 671 671 670 670 670 668 668 668 668 668 668 668 668 668 671 676 678 679 679 679 664 664 666 666 664 664 664 664 664 666 666 666 666 667 670 672 675 679 683 693 694 698 704 713 714 714 714 716 719 736 741 749 757 764 769 802 803 803 805 854 856 858 858 0 0 0 0 0 0 0 0 0 0 0 1241 1236 1236 1245 1250 1250 1250 1250 1264 1264 0 2522 2522 2522 2522 2522 2522 2522 2503 2503 2503 2503 2503 2503 2503 2503 2503 2503 2485 2485 2467 2467 2467 2467 2467 2485 2503 2485 2485 2485 2467 2467 2485 2467 2467 2485 2485 2485 2485 2485 2467 2467 2467 2467 2467 2467 2467 2467 2467 2467 2467 2467 2467 2467 2467 2450 2450 2467 2467 2467 2467 2450 2450 2467 2467 2467 2450 2450 2450 2467 2450 2450 2432 2432 2450 2450 2450 2432 2432 2432 2415 2415 2415 2398 2398 2415 2415 2415 2415 2415 2415 2415 2415 2415 2415 2415 2415 2415 2398 2365 2301 2271 2241 2212 2170 2143 2090 2065 2040 2016 1993 1936 1915 1883 1863 1843 1833 1794 1757 1739 1722 1696 1680 1671 1647 1601 1586 1586 1557 1523 1516 1489 1483 1477 1452 1433 1410 1398 1381 1381 1365 1343 1328 1312 1302 1292 1278 1268 1259 1245 1227 1223 1219 1202 1189 1177 1173 1161 1145 1138 1130 1119 1105 1097 1094 1084 1073 1073 1050 1044 1038 1031 1028 1022 1013 1004 995 995 987 981 967 967 959 954 948 948 0
0 0 0 0 0 0 0 0 0 0 0 0 0 0 0 0 0 0 0 0 0 671 670 670 670 670 670 670 670 670 671 672 676 678 680 680 671 671 672 672 672 671 671 671 671 671 671 672 671 671 671 670 670 670 668 668 668 668 668 668 668 668 668 670 671 678 679 679 680 664 664 664 666 664 664 664 664 664 666 666 666 666 667 670 672 675 680 686 691 693 698 704 713 714 714 714 716 738 738 741 749 757 764 769 800 803 803 805 815 860 862 0 0 0 0 0 0 0 0 0 0 0 0 0 1245 1245 1255 1259 1259 1259 1259 1264 1264 0 0 2541 2541 2522 2503 2503 2522 2503 2503 2503 2503 2503 2503 2503 2503 2503 2503 2485 2467 2467 2450 2450 2467 2467 2467 2503 2503 2485 2485 2485 2485 2485 2485 2485 2485 2485 2485 2485 2485 2467 2467 2467 2467 2467 2467 2467 2467 2467 2467 2467 2467 2467 2467 2467 2450 2450 2467 2467 2467 2467 2450 2450 2450 2450 2450 2450 2450 2450 2450 2450 2450 2450 2450 2450 2450 2450 2432 2432 2432 2432 2415 2415 2398 2398 2415 2415 2432 2415 2415 2415 2415 2415 2415 2415 2415 2415 2398 2381 2349 2301 2271 2241 2212 2170 2143 2090 2078 2040 2028 1993 1926 1915 1883 1863 1843 1823 1785 1757 1739 1722 1696 1680 1671 1639 1601 1594 1572 1550 1529 1516 1496 1483 1470 1445 1433 1410 1398 1387 1381 1365 1343 1333 1312 1297 1288 1278 1268 1259 1245 1227 1223 1219 1210 1189 1177 1173 1169 1145 1141 1134 1119 1105 1097 1097 1084 1073 1063 1050 1044 1038 1031 1031 1019 1010 1001 995 995 987 984 964 964 962 959 951 951 0
0 0 0 0 0 0 0 0 0 0 0 0 0 0 0 0 0 0 0 0 0 671 668 668 670 670 670 670 670 670 671 672 676 678 680 680 671 671 672 672 671 671 671 671 671 671 671 671 670 670 671 671 671 670 670 668 668 668 668 668 668 668 668 670 671 679 679 679 667 666 664 664 664 664 664 664 664 664 666 666 666 666 667 671 672 675 687 687 690 693 700 704 714 714 716 716 716 734 734 739 750 757 762 766 800 802 805 811 815 869 871 891 891 0 0 0 0 0 0 0 0 0 0 0 1250 1250 1259 1264 1268 1268 1268 1268 0 0 2522 2522 2522 2522 2503 2503 2522 2503 2503 2503 2503 2503 2503 2503 2503 2503 2503 2485 2467 2467 2450 2450 2450 2467 2467 2503 2503 2485 2485 2485 2485 2485 2467 2467 2485 2485 2485 2485 2485 2467 2467 2467 2467 2467 2467 2467 2467 2467 2467 2467 2467 2467 2467 2467 2467 2467 2467 2467 2467 2467 2450 2450 2450 2450 2450 2450 2450 2450 2450 2450 2450 2450 2450 2450 2450 2450 2432 2432 2450 2432 2415 2415 2415 2415 2432 2432 2432 2432 2415 2415 2415 2415 2415 2415 2415 2415 2398 2381 2349 2317 2286 2241 2212 2170 2143 2090 2065 2053 2040 1993 1926 1915 1883 1863 1843 1823 1785 1757 1739 1722 1696 1688 1663 1639 1609 1579 1572 1550 1536 1516 1496 1483 1470 1445 1433 1410 1398 1387 1381 1365 1349 1333 1312 1297 1288 1278 1273 1259 1245 1227 1223 1223 1210 1189 1177 1173 1169 1149 1138 1138 1126 1105 1097 1094 1080 1073 1063 1057 1044 1034 1031 1031 1019 1010 1001 995 995 992 978 964 964 962 954 951 951 0
0 0 0 0 0 0 0 0 0 0 0 0 0 0 0 0 0 0 0 0 0 0 668 668 670 670 670 670 671 671 672 672 674 679 680 680 671 671 671 671 671 670 670 670 671 671 671 671 670 670 671 671 671 670 670 670 668 668 668 668 668 668 668 671 672 678 679 679 664 664 663 663 664 664 664 664 664 664 664 664 666 666 667 671 672 675 683 687 690 690 696 706 714 714 714 716 717 728 734 738 742 757 762 766 802 802 805 817 817 873 873 889 889 891 0 0 0 0 1010 1010 0 0 0 0 1259 1259 1264 1268 1268 1268 1268 1268 0 2522 2522 2522 2522 2522 2522 2522 2522 2522 2503 2503 2503 2503 2503 2503 2503 2503 2503 2485 2467 2467 2450 2450 2450 2467 2467 2503 2503 2485 2485 2485 2485 2485 2467 2467 2485 2485 2485 2485 2485 2467 2467 2467 2467 2467 2467 2467 2467 2467 2467 2467 2467 2467 2467 2467 2467 2467 2467 2467 2467 2467 2450 2450 2450 2450 2450 2450 2450 2450 2450 2450 2450 2450 2450 2450 2450 2450 2450 2450 2450 2450 2432 2432 2415 2415 2450 2450 2450 2432 2415 2415 2415 2415 2432 2432 2415 2415 2398 2381 2349 2317 2271 2241 2226 2198 2129 2090 2065 2053 2028 1993 1947 1936 1894 1873 1843 1823 1794 1766 1739 1722 1696 1680 1663 1639 1609 1579 1564 1550 1536 1529 1503 1483 1464 1452 1433 1410 1404 1398 1381 1365 1349 1333 1317 1302 1288 1278 1273 1264 1250 1232 1227 1223 1206 1185 1177 1173 1169 1141 1134 1130 1126 1112 1097 1090 1080 1073 1067 1057 1044 1034 1031 1031 1022 1010 1001 995 995 992 973 964 964 964 954 951 951 0
0 0 0 0 0 0 0 0 0 0 0 0 0 0 0 0 0 0 0 0 0 0 0 668 668 670 671 671 671 671 672 672 674 682 682 670 670 670 670 671 670 670 670 670 670 671 671 671 671 671 671 671 671 671 671 670 668 668 668 668 668 668 668 671 672 678 679 679 664 664 663 663 664 664 664 664 664 664 664 664 666 666 667 671 672 674 683 687 688 690 696 711 714 714 714 716 720 725 734 738 742 757 762 762 807 807 807 815 815 815 889 889 889 889 891 896 896 0 1010 1010 1013 1013 1013 0 1259 1259 1259 1264 1264 1268 1273 1273 0 0 2503 2503 2503 2522 2522 2522 2541 2522 2503 2503 2503 2503 2503 2503 2503 2503 2503 2485 2467 2467 2450 2450 2450 2467 2467 2503 2503 2503 2485 2485 2485 2485 2467 2467 2467 2467 2467 2485 2467 2467 2467 2467 2467 2467 2467 2467 2467 2467 2467 2467 2467 2467 2467 2467 2467 2467 2467 2467 2467 2467 2467 2467 2467 2450 2450 2450 2450 2450 2450 2450 2450 2467 2467 2467 2450 2450 2450 2450 2450 2450 2432 2432 2432 2432 2450 2450 2450 2432 2415 2415 2415 2415 2432 2432 2432 2415 2415 2398 2349 2317 2271 2241 2226 2198 2116 2090 2065 2053 2028 1993 1959 1926 1904 1873 1843 1823 1794 1776 1748 1722 1696 1680 1663 1639 1616 1586 1564 1550 1543 1529 1509 1483 1464 1452 1433 1415 1410 1398 1381 1359 1349 1338 1322 1307 1288 1278 1268 1264 1255 1232 1227 1214 1206 1185 1181 1169 1161 1141 1134 1130 1123 1112 1101 1090 1080 1073 1063 1057 1044 1034 1031 1031 1022 1010 998 995 995 992 973 964 964 962 954 948 948 0
0 0 0 0 0 0 0 0 0 0 0 0 0 0 0 0 0 0 0 0 0 0 0 668 668 670 671 671 671 671 672 674 674 674 668 668 668 670 670 670 670 670 670 670 670 671 672 671 671 670 670 670 670 670 670 670 668 668 668 668 670 668 668 671 671 678 679 679 664 664 664 664 664 664 664 666 664 664 664 664 666 667 667 670 671 674 683 686 688 690 710 710 714 716 716 716 720 725 733 738 744 757 762 769 798 798 803 815 815 815 889 887 887 889 889 894 896 896 882 882 1013 1013 1013 0 1259 1259 1259 1255 1255 1268 1268 1268 0 2503 2503 2503 2503 2522 2522 2522 2522 2522 2522 2522 2503 2503 2503 2503 2503 2503 2503 2485 2485 2467 2467 2450 2450 2467 2467 2503 2485 2485 2485 2485 2485 2485 2467 2467 2467 2467 2467 2485 2467 2467 2467 2467 2467 2467 2467 2467 2467 2467 2467 2467 2467 2467 2467 2467 2467 2467 2467 2467 2467 2467 2467 2467 2467 2467 2467 2467 2450 2450 2450 2450 2450 2467 2450 2450 2450 2450 2450 2450 2450 2450 2432 2432 2432 2432 2450 2450 2432 2432 2415 2415 2415 2415 2432 2432 2432 2432 2415 2381 2349 2317 2286 2241 2212 2198 2116 2090 2065 2053 2028 1993 1959 1926 1904 1873 1843 1823 1794 1776 1739 1722 1696 1680 1663 1639 1616 1594 1564 1557 1543 1516 1503 1483 1464 1452 1439 1415 1410 1398 1381 1359 1343 1333 1328 1317 1288 1278 1268 1264 1255 1236 1227 1214 1206 1193 1181 1165 1161 1149 1134 1126 1119 1112 1101 1094 1084 1073 1063 1057 1047 1038 1034 1034 1022 1013 998 995 992 989 973 964 964 959 954 948 948 0
0 0 0 0 0 0 0 0 0 0 0 0 0 0 0 0 0 0 0 0 0 668 668 670 670 670 671 671 671 672 672 675 675 678 668 668 668 670 670 670 670 670 670 670 670 670 672 671 670 668 668 670 670 670 668 668 668 668 668 668 668 668 668 668 671 676 678 678 663 663 664 664 664 666 666 664 664 664 664 664 666 667 667 668 671 674 683 686 688 693 710 710 714 716 716 716 719 727 731 736 744 755 761 769 796 796 798 815 815 815 815 885 885 887 889 894 896 896 882 882 1019 1022 1034 1034 1259 1259 1259 1255 1255 0 1273 0 0 0 2503 2503 2503 2522 2522 2522 2522 2522 2522 2522 2522 2503 2503 2503 2503 2503 2485 2485 2485 2467 2467 2450 2450 2450 2485 2485 2485 2485 2485 2485 2485 2485 2485 2485 2485 2485 2485 2485 2467 2467 2467 2467 2467 2467 2467 2467 2467 2467 2467 2467 2467 2467 2467 2467 2467 2467 2467 2467 2467 2467 2467 2467 2467 2467 2467 2467 2450 2450 2450 2467 2467 2467 2450 2450 2450 2450 2450 2450 2450 2432 2432 2432 2432 2432 2450 2450 2432 2432 2415 2415 2415 2432 2432 2432 2432 2432 2415 2381 2349 2333 2286 2241 2198 2156 2116 2090 2065 2040 2016 1993 1970 1926 1904 1873 1843 1833 1804 1776 1739 1722 1696 1680 1663 1639 1624 1594 1579 1564 1543 1516 1503 1489 1464 1458 1445 1421 1410 1387 1370 1359 1343 1333 1328 1317 1292 1278 1268 1264 1255 1241 1227 1214 1210 1193 1185 1165 1161 1153 1138 1126 1115 1108 1105 1097 1090 1077 1063 1057 1047 1038 1034 1034 1025 1019 998 998 992 989 973 964 964 959 954 951 951 0
0 0 0 0 0 0 0 0 0 0 0 0 0 0 0 0 0 0 0 0 0 668 668 672 671 671 672 671 671 672 674 675 676 678 674 671 671 670 670 670 670 670 670 670 670 670 672 671 668 668 668 668 670 670 668 668 667 667 668 668 668 668 668 668 670 676 678 678 663 663 664 664 664 664 664 664 664 664 664 664 666 666 667 668 671 674 682 684 688 693 704 710 714 716 716 716 719 725 731 736 752 755 759 769 792 794 796 815 815 815 815 880 880 885 889 894 896 896 896 1013 1019 1025 1031 1031 1259 1259 1259 1259 1264 1273 1273 1288 1288 2503 0 2503 2503 2503 2522 2522 2503 2503 2522 2522 2522 2522 2503 2503 2503 2503 2485 2485 2485 2467 2467 2450 2450 2450 2467 2485 2503 2503 2485 2485 2485 2485 2485 2485 2485 2467 2467 2485 2485 2485 2467 2467 2467 2467 2485 2467 2467 2467 2485 2467 2467 2467 2467 2467 2467 2467 2467 2467 2467 2467 2467 2467 2467 2467 2467 2467 2467 2467 2467 2467 2467 2450 2450 2450 2450 2450 2450 2450 2450 2432 2432 2432 2432 2432 2450 2450 2450 2432 2415 2415 2415 2432 2432 2432 2432 2432 2415 2381 2349 2317 2301 2241 2198 2156 2116 2090 2065 2040 2016 1981 1936 1926 1904 1883 1853 1833 1804 1766 1739 1722 1705 1688 1655 1639 1624 1601 1579 1572 1543 1516 1503 1496 1470 1458 1445 1427 1404 1387 1370 1359 1349 1333 1328 1317 1288 1278 1273 1264 1250 1241 1227 1214 1210 1197 1181 1165 1161 1153 1145 1126 1115 1108 1105 1097 1094 1080 1060 1057 1050 1038 1034 1034 1025 1010 1004 995 992 989 973 967 967 962 954 951 951 0
0 0 0 0 0 0 0 0 0 0 0 0 0 0 0 0 0 0 0 0 0 670 670 672 671 671 671 670 670 671 672 675 676 678 672 671 671 670 670 670 670 670 670 670 670 671 671 668 668 668 668 668 670 668 668 668 667 667 668 668 668 668 668 668 670 678 678 676 664 664 664 664 664 664 664 664 664 664 664 664 666 666 667 668 672 674 680 684 688 694 703 707 714 716 716 716 720 725 730 738 750 755 759 790 790 794 796 796 794 878 878 878 878 882 887 891 896 898 901 1013 1019 1025 1028 1028 1259 1259 1259 1259 1264 1273 1283 1288 1288 0 0 2485 2485 2503 2503 2503 2503 2503 2522 2522 2522 2522 2522 2522 2503 2485 2485 2485 2467 2467 2450 2450 2450 2450 2467 2485 2503 2503 2485 2485 2485 2485 2485 2485 2485 2467 2467 2485 2485 2485 2467 2467 2467 2467 2485 2467 2467 2467 2485 2467 2467 2467 2467 2467 2467 2467 2467 2467 2467 2467 2467 2467 2467 2467 2467 2467 2467 2467 2467 2467 2467 2450 2450 2450 2450 2450 2450 2450 2450 2450 2450 2432 2432 2432 2450 2450 2432 2432 2415 2415 2415 2432 2432 2432 2432 2432 2415 2398 2349 2317 2301 2271 2198 2156 2129 2103 2065 2053 2005 1981 1936 1926 1904 1873 1853 1843 1804 1766 1739 1731 1705 1688 1655 1639 1624 1594 1586 1572 1536 1523 1503 1503 1477 1452 1433 1427 1404 1387 1370 1359 1349 1338 1322 1312 1288 1278 1273 1259 1250 1241 1232 1214 1210 1197 1181 1169 1161 1153 1145 1130 1115 1108 1101 1097 1094 1073 1057 1057 1050 1044 1034 1034 1022 1010 1004 995 995 989 973 970 964 962 954 951 951 0
0 0 0 0 0 0 0 0 0 0 0 0 0 0 0 0 0 0 0 0 0 671 671 674 674 671 671 670 670 671 672 674 678 678 672 672 672 671 671 670 670 671 671 671 671 671 670 668 668 668 668 668 670 668 668 668 668 668 668 667 667 668 668 670 672 678 678 676 664 664 663 663 663 663 663 663 664 664 664 664 666 666 667 668 672 676 680 684 688 694 701 707 714 716 716 716 717 722 730 738 750 755 761 762 790 792 794 794 794 0 878 878 878 882 885 889 896 898 901 1013 1019 1022 1025 1025 1264 1264 1264 1264 1268 1278 1283 1288 0 0 0 2485 2485 2503 2503 2503 2503 2503 2522 2522 2522 2522 2522 2522 2503 2485 2485 2467 2467 2467 2450 2450 2432 2432 2450 2485 2503 2503 2485 2485 2485 2485 2485 2485 2485 2467 2467 2467 2485 2485 2467 2467 2467 2467 2485 2485 2485 2485 2485 2485 2485 2485 2485 2485 2467 2467 2467 2467 2467 2467 2467 2467 2467 2467 2467 2467 2467 2467 2467 2467 2467 2450 2450 2450 2450 2450 2450 2450 2450 2450 2432 2432 2432 2432 2450 2450 2432 2415 2415 2415 2415 2432 2432 2432 2432 2432 2415 2398 2349 2301 2301 2271 2198 2170 2143 2116 2078 2065 2005 1981 1947 1926 1904 1873 1853 1843 1813 1776 1739 1731 1713 1688 1655 1639 1624 1594 1586 1564 1536 1523 1503 1496 1477 1452 1433 1427 1404 1392 1376 1365 1349 1338 1322 1312 1292 1283 1273 1259 1245 1241 1227 1219 1206 1193 1181 1177 1165 1157 1141 1134 1119 1112 1101 1097 1094 1073 1057 1057 1050 1044 1034 1025 1019 1010 1007 1001 1001 984 973 970 964 962 954 951 951 0
0 0 0 0 0 0 0 0 0 0 0 0 0 0 0 0 0 0 0 0 0 671 671 672 672 672 672 671 671 671 672 674 678 678 674 671 671 671 671 671 671 671 671 671 670 670 670 670 668 668 668 670 668 668 668 668 668 668 668 667 667 668 668 670 672 678 679 678 666 664 663 663 663 663 663 663 664 664 664 666 666 666 667 668 672 676 680 684 690 694 701 707 716 716 716 716 717 722 731 742 746 757 762 762 776 792 794 794 794 0 878 878 878 880 882 885 889 898 901 1013 1016 1022 1025 1031 1031 1268 1264 1264 1273 1278 1288 1292 1292 0 2503 2503 2503 2503 2503 2503 2522 2522 2522 2522 2522 2522 2522 2503 2503 2485 2485 2467 2467 2467 2450 2450 2432 2432 2450 2485 2503 2503 2485 2485 2485 2485 2485 2485 2485 2467 2467 2467 2485 2485 2467 2467 2467 2485 2485 2485 2485 2485 2485 2485 2485 2485 2485 2485 2467 2467 2467 2467 2467 2467 2467 2467 2467 2467 2467 2467 2467 2467 2467 2467 2467 2467 2467 2450 2450 2450 2450 2467 2450 2432 2432 2432 2432 2432 2450 2450 2432 2415 2415 2415 2415 2415 2432 2432 2450 2450 2450 2398 2365 2301 2286 2271 2226 2184 2143 2116 2078 2053 2016 1981 1947 1926 1894 1883 1853 1843 1823 1776 1748 1739 1722 1688 1655 1639 1624 1601 1594 1564 1543 1523 1496 1496 1477 1452 1433 1427 1404 1392 1376 1365 1349 1338 1328 1312 1297 1283 1278 1259 1245 1236 1227 1219 1202 1193 1185 1181 1169 1157 1141 1134 1126 1115 1105 1097 1087 1077 1070 1057 1050 1047 1031 1025 1019 1010 1010 1001 1001 984 973 970 970 962 956 951 951 0
0 0 0 0 0 0 0 0 0 0 0 0 0 0 0 0 0 0 0 0 0 672 672 672 672 672 672 670 670 670 672 674 674 668 668 668 670 671 671 671 671 671 670 670 670 670 668 668 668 668 670 668 668 668 668 668 668 668 668 667 667 667 668 670 672 678 679 678 662 662 663 663 663 663 663 664 664 664 666 666 666 667 667 668 672 676 680 684 691 696 700 716 716 716 716 716 717 723 733 742 746 759 764 773 776 792 796 796 796 825 878 878 878 880 880 882 885 898 903 1013 1016 1019 1022 1031 1031 1268 1264 1264 1273 1278 1288 1297 1297 0 0 0 2503 2503 2503 2503 2522 2522 2522 2522 2522 2522 2522 2503 2503 2485 2485 2485 2467 2467 2450 2450 2432 2432 2450 2485 2503 2503 2485 2485 2485 2485 2485 2485 2485 2485 2485 2485 2485 2485 2485 2485 2485 2467 2467 2485 2485 2485 2485 2485 2485 2485 2485 2485 2467 2467 2467 2467 2467 2467 2467 2467 2467 2467 2467 2467 2467 2467 2467 2467 2467 2467 2467 2467 2467 2450 2450 2467 2450 2432 2432 2432 2432 2432 2450 2450 2432 2415 2415 2415 2415 2415 2432 2432 2450 2450 2450 2415 2365 2301 2286 2256 2226 2198 2156 2116 2078 2053 2016 2005 1947 1926 1894 1883 1853 1843 1813 1776 1757 1731 1713 1688 1655 1647 1624 1609 1579 1564 1543 1523 1496 1483 1470 1452 1439 1427 1404 1392 1381 1370 1349 1338 1328 1312 1302 1288 1278 1259 1250 1236 1232 1219 1202 1193 1189 1181 1169 1153 1145 1134 1130 1119 1108 1097 1087 1077 1070 1057 1050 1044 1031 1025 1019 1013 1010 1001 995 987 975 970 970 962 956 954 954 0
0 0 0 0 0 0 0 0 0 0 0 0 0 0 0 0 0 0 0 0 0 672 672 672 672 672 670 670 670 670 672 672 670 668 668 668 670 670 671 671 671 671 670 670 670 670 668 668 668 668 668 668 668 668 668 668 668 668 668 667 667 667 668 670 672 675 679 678 662 662 663 663 663 663 663 664 666 666 664 664 664 666 667 670 674 676 679 687 693 696 698 716 716 717 716 716 717 741 741 742 746 761 764 773 776 792 796 798 798 825 825 825 878 880 880 882 885 885 1013 1013 1016 1019 1022 1028 1028 1268 1268 1268 1273 1283 1288 1307 1307 0 0 2503 2503 2503 2503 2503 2522 2522 2522 2522 2522 2522 2503 2503 2503 2485 2485 2485 2467 2467 2467 2450 2432 2432 2450 2485 2522 2503 2503 2485 2485 2485 2485 2485 2485 2485 2485 2485 2485 2485 2485 2485 2485 2467 2467 2485 2485 2485 2485 2485 2485 2485 2485 2485 2467 2467 2467 2467 2467 2467 2467 2467 2467 2467 2467 2467 2467 2467 2467 2467 2467 2467 2467 2467 2467 2450 2450 2467 2450 2450 2432 2415 2415 2432 2467 2467 2450 2415 2415 2415 2415 2415 2432 2450 2450 2450 2450 2415 2381 2317 2286 2256 2226 2212 2170 2116 2090 2053 2016 2005 1970 1926 1883 1873 1853 1833 1804 1785 1757 1731 1713 1688 1663 1639 1624 1609 1579 1572 1543 1529 1496 1483 1470 1452 1439 1433 1410 1392 1381 1370 1349 1338 1328 1312 1307 1288 1283 1268 1255 1236 1227 1219 1202 1193 1185 1181 1169 1153 1145 1138 1126 1119 1108 1097 1087 1077 1070 1060 1050 1044 1031 1022 1019 1016 1010 1001 995 989 978 970 964 962 956 954 954 0
0 0 0 0 0 0 0 0 0 0 0 0 0 0 0 0 0 0 0 0 0 672 672 672 672 674 671 671 671 672 672 671 670 670 668 668 670 670 671 671 671 670 670 670 670 670 668 668 668 668 667 667 668 668 668 668 668 668 668 668 667 667 668 670 672 675 678 674 663 663 664 663 663 663 663 664 664 664 664 664 664 666 667 670 675 676 679 687 693 696 698 710 717 717 716 716 742 742 744 746 757 761 764 773 780 792 796 798 798 819 819 825 878 880 882 885 885 885 1013 1013 1016 1019 1022 1028 1028 1268 1268 1268 1268 1273 1288 1288 1365 1359 1359 2503 2503 2503 2522 2522 2522 2522 2522 2522 2522 2522 2503 2503 2503 2485 2467 2467 2467 2467 2485 2467 2450 2450 2467 2485 2522 2522 2503 2503 2485 2485 2485 2485 2485 2485 2485 2485 2485 2485 2485 2485 2485 2467 2467 2485 2485 2485 2485 2485 2485 2485 2485 2467 2467 2467 2485 2485 2485 2485 2485 2485 2485 2485 2467 2467 2467 2467 2467 2467 2467 2467 2467 2467 2467 2467 2467 2467 2467 2450 2432 2415 2415 2432 2450 2467 2450 2432 2415 2415 2415 2432 2450 2450 2450 2450 2432 2415 2381 2317 2286 2256 2226 2198 2156 2116 2090 2053 2016 2005 1970 1926 1883 1873 1843 1823 1794 1776 1757 1731 1713 1688 1663 1639 1624 1609 1594 1572 1543 1529 1503 1483 1470 1458 1445 1433 1415 1392 1381 1370 1349 1338 1333 1312 1302 1288 1283 1268 1255 1236 1227 1223 1206 1193 1181 1177 1169 1157 1145 1138 1126 1119 1108 1101 1087 1080 1070 1060 1050 1047 1031 1022 1019 1016 1010 1001 995 989 978 975 964 964 956 951 951 0
0 0 0 0 0 0 0 0 0 0 0 0 0 0 0 0 0 0 0 0 0 672 672 672 672 674 674 672 672 672 672 671 671 670 670 670 670 670 670 670 671 670 670 668 668 670 668 668 668 668 667 667 668 668 668 668 668 668 668 668 667 667 668 670 672 676 678 674 666 664 664 664 664 664 664 664 664 664 664 664 666 666 667 668 675 676 682 687 691 697 700 707 717 720 723 742 742 742 746 752 759 762 764 774 780 792 796 802 815 815 817 823 878 880 882 887 887 1013 1013 1013 1016 1022 1025 1028 1028 1268 1268 1268 1268 1273 1288 1288 1365 1359 1359 1359 2503 2503 2522 2522 2522 2522 2522 2522 2522 2522 2503 2503 2485 2485 2467 2467 2485 2485 2485 2450 2450 2450 2467 2467 2522 2503 2503 2503 2485 2485 2485 2485 2485 2485 2485 2485 2503 2503 2485 2485 2485 2485 2485 2485 2485 2485 2485 2485 2485 2485 2485 2467 2467 2467 2485 2485 2485 2485 2485 2485 2485 2485 2467 2467 2467 2467 2467 2467 2467 2467 2467 2467 2467 2467 2467 2467 2467 2450 2450 2450 2450 2450 2450 2467 2450 2432 2415 2415 2415 2432 2432 2450 2450 2450 2415 2415 2381 2333 2286 2256 2226 2156 2129 2116 2103 2053 2016 1993 1959 1926 1883 1873 1843 1823 1794 1776 1766 1731 1713 1680 1663 1639 1624 1609 1601 1579 1543 1536 1509 1483 1470 1458 1445 1427 1421 1398 1381 1370 1349 1343 1333 1312 1302 1288 1283 1273 1259 1236 1227 1223 1210 1193 1177 1177 1169 1157 1145 1138 1130 1119 1112 1097 1084 1077 1070 1060 1050 1047 1038 1031 1019 1016 1010 1001 995 987 978 973 964 964 956 951 951 0
0 0 0 0 0 0 0 0 0 0 0 0 0 0 0 0 0 0 0 0 0 672 671 671 672 672 672 674 674 674 674 671 671 670 670 670 670 670 670 670 670 670 670 668 668 670 670 668 668 668 667 667 668 668 668 668 668 668 668 668 667 667 668 670 672 675 676 675 666 664 664 664 663 663 663 663 663 663 664 664 664 666 667 668 676 678 682 687 691 697 700 707 711 723 727 736 742 744 750 755 761 762 766 774 778 789 798 803 813 815 817 823 878 878 882 887 887 898 1016 1016 1016 1022 1025 1028 1028 1268 1268 1268 1268 1278 1292 1349 1349 1354 1359 1359 2522 2522 2522 2522 2522 2522 2522 2522 2522 2503 2503 2503 2485 2485 2467 2467 2485 2485 2485 2450 2450 2450 2467 2467 2503 2503 2503 2503 2503 2503 2485 2485 2485 2485 2485 2485 2503 2485 2485 2485 2485 2485 2485 2485 2485 2485 2485 2485 2485 2485 2485 2467 2467 2485 2485 2485 2485 2485 2485 2485 2485 2485 2467 2467 2467 2467 2467 2467 2467 2467 2467 2467 2467 2467 2467 2467 2467 2450 2450 2450 2432 2432 2467 2467 2450 2432 2415 2415 2415 2432 2432 2450 2450 2432 2415 2398 2381 2333 2286 2256 2226 2156 2129 2116 2078 2053 2016 1981 1959 1947 1883 1873 1843 1823 1804 1785 1766 1739 1705 1680 1671 1647 1624 1601 1586 1564 1550 1536 1509 1496 1477 1458 1439 1421 1415 1404 1387 1370 1349 1343 1333 1312 1302 1288 1273 1268 1255 1236 1227 1223 1214 1189 1177 1173 1169 1157 1145 1138 1130 1119 1101 1097 1084 1077 1070 1067 1050 1047 1041 1031 1022 1016 1007 1004 995 981 978 973 970 970 959 951 951 0
0 0 0 0 0 0 0 0 0 0 0 0 0 0 0 0 0 0 0 0 0 0 671 671 672 672 672 672 672 671 671 671 671 670 670 670 670 670 670 670 670 670 670 670 670 668 668 668 668 668 668 668 667 667 667 667 668 667 667 667 667 667 668 668 672 675 676 675 666 663 663 663 663 663 663 663 663 663 664 664 664 666 667 668 675 679 683 687 690 697 704 707 711 725 730 733 742 750 754 761 764 767 771 774 778 781 785 807 813 819 821 825 873 875 880 887 894 898 915 920 1013 1019 1022 1028 1028 1268 1268 1268 1273 1283 1292 1333 1338 1349 1359 1376 1376 0 2503 2503 2541 2541 2541 2522 2522 2503 2503 2485 2485 2485 2467 2467 2485 2485 2467 2450 2432 2432 2450 2467 2503 2503 2503 2503 2503 2503 2485 2485 2485 2485 2485 2485 2503 2485 2485 2485 2485 2485 2485 2485 2485 2485 2485 2485 2485 2485 2485 2467 2467 2485 2485 2485 2485 2485 2485 2485 2485 2485 2467 2467 2485 2467 2467 2467 2467 2467 2467 2467 2467 2467 2467 2467 2467 2450 2450 2450 2432 2432 2467 2467 2450 2432 2415 2415 2415 2432 2432 2450 2450 2432 2415 2398 2381 2333 2286 2271 2226 2156 2129 2116 2078 2053 2028 1981 1959 1947 1904 1883 1853 1823 1804 1785 1766 1739 1705 1688 1680 1647 1624 1601 1586 1564 1550 1529 1509 1489 1477 1458 1439 1421 1415 1404 1392 1370 1354 1349 1333 1312 1302 1288 1273 1268 1255 1241 1232 1223 1219 1189 1177 1173 1165 1161 1149 1138 1130 1123 1101 1094 1087 1077 1070 1067 1054 1044 1038 1031 1022 1013 1007 1004 998 981 978 973 967 967 959 951 951 0
0 0 0 0 0 0 0 0 0 0 0 0 0 0 0 0 0 0 0 0 0 668 668 671 671 672 672 672 0 671 671 671 671 670 670 670 670 671 671 670 670 670 670 670 670 668 668 668 668 668 668 668 667 667 667 667 667 667 667 667 667 667 668 668 671 674 676 664 664 662 662 663 663 663 663 663 663 664 664 664 664 666 667 668 675 678 680 687 690 698 704 707 711 727 730 733 742 755 759 764 769 773 774 776 778 781 785 813 817 831 833 835 871 875 880 885 891 898 915 920 1007 1016 1019 1019 1268 1268 1268 1268 1278 1288 1292 1322 1333 1349 1359 1376 1376 2503 2503 2503 2541 2541 2541 2522 2522 2503 2503 2485 2467 2467 2485 2485 2485 2485 2467 2450 2432 2432 2450 2450 2503 2503 2503 2485 2485 2485 2485 2485 2485 2485 2485 2503 2503 2485 2485 2503 2485 2485 2485 2485 2485 2485 2485 2485 2485 2485 2485 2485 2485 2485 2485 2485 2485 2485 2485 2485 2485 2485 2467 2467 2467 2467 2467 2467 2467 2467 2467 2467 2467 2467 2467 2467 2467 2467 2450 2432 2432 2432 2467 2467 2450 2450 2415 2415 2415 2432 2432 2450 2450 2450 2432 2415 2381 2333 2286 2271 2226 2170 2143 2116 2078 2065 2028 1981 1959 1936 1904 1883 1863 1833 1804 1794 1766 1731 1713 1688 1671 1647 1624 1609 1594 1564 1550 1529 1509 1489 1477 1458 1439 1421 1410 1398 1387 1370 1359 1349 1328 1317 1302 1283 1268 1268 1259 1245 1236 1223 1219 1193 1177 1173 1165 1161 1153 1141 1130 1123 1105 1094 1087 1077 1070 1067 1050 1044 1038 1031 1022 1013 1010 1004 998 987 978 970 964 964 959 954 954 0
0 0 0 0 0 0 0 0 0 0 0 0 0 0 0 0 0 0 0 0 0 668 668 671 671 671 672 672 670 671 671 671 671 671 671 670 670 671 670 670 670 670 670 670 670 668 668 668 668 668 668 667 667 667 667 667 667 667 667 667 667 667 668 668 671 674 676 664 663 662 662 663 663 663 663 663 664 663 663 664 664 666 667 668 675 678 680 687 691 698 706 708 711 727 731 734 742 757 762 769 774 776 776 776 778 781 831 823 823 831 833 835 871 875 880 885 891 898 903 918 1004 1016 1019 1019 1268 1268 1268 1268 1278 1288 1292 1297 1328 1349 1359 1387 1387 0 2541 2541 2541 2541 2541 2541 2522 2503 2485 2467 2467 2467 2467 2485 2485 2485 2467 2450 2432 2432 2450 2450 2503 2503 2485 2485 2485 2485 2485 2485 2485 2485 2485 2503 2503 2485 2485 2503 2485 2485 2485 2485 2485 2485 2485 2485 2485 2485 2485 2485 2485 2485 2485 2485 2485 2485 2485 2485 2485 2485 2485 2485 2467 2467 2467 2467 2467 2467 2467 2467 2467 2467 2467 2467 2467 2450 2450 2432 2432 2432 2467 2467 2467 2432 2432 2415 2415 2432 2450 2467 2450 2450 2432 2415 2381 2333 2301 2271 2226 2170 2143 2116 2078 2053 2028 1993 1959 1936 1904 1883 1873 1843 1794 1794 1766 1731 1713 1696 1671 1639 1616 1609 1586 1564 1550 1529 1509 1489 1477 1464 1439 1421 1410 1398 1387 1370 1359 1349 1328 1317 1292 1283 1268 1268 1259 1245 1241 1227 1219 1189 1181 1173 1165 1161 1153 1145 1130 1119 1101 1094 1087 1080 1073 1063 1047 1044 1034 1031 1025 1019 1007 998 998 987 978 970 964 964 959 954 954 0
0 0 0 0 0 0 0 0 0 0 0 0 0 0 0 0 0 0 0 0 0 670 670 671 671 671 672 672 670 670 670 670 670 671 671 671 671 671 670 670 670 670 670 670 668 668 668 668 668 668 668 667 667 667 667 667 667 667 667 667 667 667 668 668 672 676 678 678 663 662 662 663 663 663 663 663 663 663 663 664 664 666 667 670 672 678 680 688 693 698 706 708 711 727 731 736 742 759 761 774 778 778 776 776 819 827 831 829 829 833 835 837 875 875 880 885 891 898 903 918 1004 1016 1025 1031 1031 1268 1264 1264 1273 1288 1292 1297 1312 1392 1404 1404 0 0 0 2560 2522 2522 2541 2541 2522 2503 2485 2467 2467 2467 2467 2467 2485 2485 2467 2432 2432 2432 2432 2450 2503 2503 2485 2485 2485 2485 2485 2485 2485 2485 2485 2503 2503 2485 2485 2485 2485 2485 2485 2485 2485 2485 2485 2485 2485 2485 2485 2485 2485 2485 2485 2485 2485 2485 2485 2485 2485 2485 2485 2467 2467 2467 2467 2467 2467 2467 2467 2467 2467 2467 2467 2467 2467 2450 2432 2432 2432 2432 2467 2467 2467 2432 2432 2415 2415 2432 2450 2467 2467 2450 2432 2415 2381 2333 2301 2271 2226 2170 2156 2116 2078 2053 2028 2005 1970 1936 1904 1883 1873 1843 1794 1785 1757 1739 1722 1696 1663 1639 1616 1609 1586 1564 1550 1536 1509 1489 1477 1464 1445 1439 1415 1398 1381 1370 1365 1349 1333 1317 1292 1283 1273 1268 1259 1250 1245 1232 1202 1189 1185 1173 1165 1161 1153 1138 1130 1119 1101 1097 1090 1080 1073 1063 1047 1044 1034 1031 1025 1019 1007 998 987 984 978 970 964 964 956 954 954 0
0 0 0 0 0 0 0 0 0 0 0 0 0 0 0 0 0 0 0 0 0 671 671 671 671 671 672 672 670 670 670 670 670 671 671 671 671 670 670 670 670 670 670 668 668 668 668 668 668 668 667 667 667 667 667 668 667 667 667 667 667 667 668 670 674 678 678 664 663 662 662 663 663 663 663 663 663 662 662 663 664 666 667 670 672 679 682 688 694 700 704 710 711 727 733 739 742 759 761 780 780 783 783 813 817 827 833 837 837 880 880 882 880 880 882 887 891 898 898 1016 1016 1022 1025 1031 1031 1268 1264 1264 1273 1288 1297 1302 1312 1312 0 0 1312 0 0 0 2503 2503 2541 2541 2522 2522 2485 2485 2467 2467 2467 2467 2485 2485 2467 2432 2432 2432 2432 2450 2503 2522 2503 2503 2485 2485 2485 2485 2485 2503 2503 2503 2503 2485 2485 2485 2485 2485 2485 2485 2485 2485 2485 2503 2485 2485 2485 2485 2485 2485 2485 2485 2485 2485 2485 2467 2467 2467 2485 2467 2467 2467 2467 2467 2467 2467 2467 2467 2467 2467 2467 2467 2467 2432 2432 2432 2432 2432 2467 2467 2467 2432 2432 2432 2432 2432 2450 2450 2450 2450 2432 2415 2365 2333 2317 2256 2226 2184 2156 2116 2078 2053 2028 2005 1970 1936 1904 1883 1863 1823 1804 1785 1757 1739 1722 1696 1663 1639 1624 1601 1586 1564 1550 1536 1509 1489 1477 1464 1452 1439 1415 1398 1381 1370 1365 1349 1328 1317 1297 1288 1278 1268 1259 1250 1245 1236 1197 1193 1189 1177 1169 1157 1149 1138 1130 1115 1105 1097 1090 1080 1073 1067 1050 1044 1038 1028 1022 1019 1010 1001 987 984 975 973 964 964 954 954 954 0
0 0 0 0 0 0 0 0 0 0 0 0 0 0 0 0 0 0 0 0 0 671 671 671 671 672 672 670 670 670 670 670 670 671 671 671 671 670 670 670 670 670 668 668 668 667 667 667 667 668 667 667 667 667 667 668 667 667 666 666 667 667 668 670 674 678 678 664 664 662 662 662 662 663 662 662 662 662 662 663 664 666 667 670 672 678 683 690 694 697 704 710 711 728 733 738 742 757 761 781 781 783 805 805 813 835 835 875 875 878 880 882 882 882 885 887 887 887 1022 1022 1022 1028 1028 1031 1031 1264 1264 1264 1273 1283 1292 1302 1312 1312 0 0 0 0 0 0 2503 2503 2522 2541 2522 2522 2485 2485 2467 2467 2467 2467 2485 2485 2467 2450 2432 2432 2432 2450 2503 2522 2503 2503 2485 2485 2485 2485 2485 2503 2503 2503 2503 2485 2485 2485 2485 2485 2485 2485 2485 2485 2485 2503 2485 2485 2485 2485 2485 2485 2485 2485 2485 2485 2485 2467 2467 2467 2485 2467 2467 2467 2467 2467 2467 2467 2467 2467 2467 2467 2467 2467 2467 2432 2432 2432 2432 2432 2450 2467 2450 2432 2432 2432 2432 2432 2450 2450 2450 2450 2432 2415 2365 2333 2301 2256 2226 2184 2156 2129 2090 2053 2028 2005 1970 1936 1915 1894 1853 1813 1804 1794 1757 1739 1722 1688 1663 1647 1632 1601 1586 1564 1550 1543 1509 1489 1477 1458 1452 1439 1421 1398 1381 1370 1359 1349 1328 1322 1297 1292 1283 1268 1255 1250 1245 1223 1197 1193 1189 1177 1165 1157 1149 1134 1130 1115 1105 1101 1090 1084 1073 1063 1050 1047 1041 1028 1022 1019 1010 1001 987 984 975 973 964 964 954 954 0 0
0 0 0 0 0 0 0 0 0 0 0 0 0 0 0 0 0 0 0 0 0 671 671 672 672 672 672 670 670 670 670 670 670 671 671 671 671 670 670 670 670 670 668 668 668 667 667 667 667 668 667 667 667 667 667 667 667 667 666 666 667 667 668 670 675 678 678 664 664 662 662 662 662 662 662 662 662 663 663 664 666 666 667 670 671 678 683 690 693 696 704 708 711 730 734 738 742 755 761 771 781 790 798 803 813 835 837 843 875 878 880 885 887 889 889 891 891 910 1028 1028 1028 1028 1028 1028 1028 1264 1264 1264 1273 1283 1292 1302 1317 0 0 0 0 0 0 0 2503 2503 2503 2522 2522 2522 2503 2485 2467 2467 2467 2467 2485 2485 2467 2450 2432 2432 2432 2450 2522 2522 2522 2503 2485 2485 2485 2503 2503 2503 2503 2503 2503 2503 2485 2485 2485 2503 2485 2485 2485 2485 2485 2503 2485 2485 2485 2485 2485 2485 2485 2485 2485 2485 2485 2467 2467 2485 2485 2467 2467 2467 2467 2467 2467 2467 2467 2467 2467 2467 2467 2467 2467 2450 2432 2432 2432 2450 2450 2467 2450 2415 2415 2432 2432 2432 2450 2467 2467 2467 2432 2415 2365 2333 2301 2256 2226 2198 2170 2143 2090 2053 2028 1993 1970 1947 1915 1894 1843 1813 1804 1794 1757 1739 1722 1688 1663 1647 1632 1609 1586 1572 1557 1543 1509 1489 1477 1458 1452 1433 1421 1398 1387 1370 1359 1349 1333 1322 1297 1292 1283 1268 1250 1245 1241 1223 1202 1197 1189 1177 1165 1161 1149 1134 1130 1115 1105 1101 1090 1084 1073 1063 1057 1047 1041 1031 1022 1019 1010 1001 989 987 975 975 967 967 954 954 0 0
0 0 0 0 0 0 0 0 0 0 0 0 0 0 0 0 0 0 0 0 0 671 671 672 672 672 672 672 670 670 670 670 670 671 671 671 670 670 670 668 668 668 668 668 668 667 667 668 668 668 667 667 667 667 667 667 667 667 666 666 667 667 668 670 675 678 678 667 667 663 663 662 662 662 662 662 662 663 664 664 666 666 667 668 671 678 683 688 693 696 704 706 707 707 746 746 746 755 761 771 780 792 798 803 815 835 837 843 875 880 882 887 889 903 898 898 910 910 1038 1031 1031 1031 1028 1028 1268 1264 1264 1264 1273 1288 1297 1302 1317 1317 0 0 0 0 0 0 2503 2503 2503 2522 2522 2522 2503 2503 2485 2485 2485 2485 2485 2485 2467 2450 2432 2432 2432 2450 2522 2522 2522 2503 2503 2503 2503 2503 2503 2503 2503 2503 2503 2503 2485 2485 2485 2485 2503 2485 2485 2485 2485 2485 2485 2485 2485 2485 2485 2485 2485 2485 2485 2485 2485 2485 2485 2485 2485 2467 2467 2467 2467 2467 2467 2467 2467 2467 2467 2467 2467 2467 2467 2467 2450 2450 2450 2467 2467 2450 2450 2415 2415 2432 2432 2450 2450 2467 2467 2467 2450 2415 2365 2333 2301 2256 2226 2198 2156 2129 2090 2053 2028 1981 1959 1947 1926 1894 1843 1823 1813 1794 1757 1731 1722 1696 1671 1647 1632 1609 1586 1572 1550 1543 1516 1489 1477 1458 1452 1433 1427 1392 1387 1370 1359 1349 1338 1322 1302 1288 1288 1273 1250 1245 1241 1223 1210 1202 1193 1185 1169 1157 1149 1134 1130 1123 1108 1101 1087 1084 1077 1067 1054 1047 1044 1031 1022 1019 1013 998 992 987 975 975 970 964 959 959 0 0
0 0 0 0 0 0 0 0 0 0 0 0 0 0 0 0 0 0 0 0 0 0 0 668 670 670 670 670 671 671 671 671 671 671 670 670 670 670 670 668 668 668 668 668 667 667 667 668 668 668 667 667 667 667 668 668 668 667 667 667 667 667 668 670 676 678 678 678 678 662 662 662 662 662 662 662 663 664 664 666 666 666 667 668 672 678 683 688 691 698 704 706 706 706 754 754 754 755 762 771 780 789 798 805 817 831 837 843 854 880 882 898 903 910 906 906 910 910 1034 1034 1038 1038 1038 1038 1268 1268 1268 1268 1273 1288 1297 1307 1317 1370 1398 1483 1483 0 0 0 2503 2503 2503 2522 2522 2522 2522 2503 2485 2485 2485 2485 2485 2467 2467 2432 2432 2432 2432 2450 2522 2522 2503 2503 2503 2503 2503 2503 2503 2503 2503 2503 2503 2485 2485 2485 2485 2485 2503 2485 2485 2485 2485 2485 2485 2485 2485 2485 2485 2485 2485 2485 2485 2485 2485 2485 2485 2485 2467 2467 2467 2467 2467 2485 2467 2467 2467 2467 2467 2467 2467 2467 2467 2467 2450 2450 2450 2467 2467 2450 2450 2432 2432 2432 2432 2450 2450 2467 2467 2467 2450 2415 2365 2333 2301 2256 2226 2184 2156 2129 2078 2053 2028 1981 1959 1936 1926 1904 1843 1823 1813 1794 1757 1731 1722 1696 1671 1655 1632 1616 1594 1572 1550 1543 1509 1496 1483 1458 1452 1439 1421 1392 1387 1370 1359 1349 1338 1328 1302 1288 1288 1278 1250 1241 1236 1223 1210 1202 1193 1185 1173 1157 1149 1138 1130 1123 1115 1101 1087 1084 1077 1063 1054 1047 1041 1034 1025 1022 1016 998 992 987 981 975 970 964 959 959 0 0
0 0 0 0 0 0 0 0 0 0 0 0 0 0 0 0 0 0 0 0 0 0 0 668 668 670 670 670 671 672 672 674 671 671 668 668 670 670 670 668 668 668 668 668 667 667 668 668 668 668 668 668 668 668 668 668 668 667 667 667 667 667 668 670 675 676 678 678 678 662 662 662 662 662 662 662 663 664 664 666 666 666 667 670 672 678 683 688 691 698 704 706 706 708 708 710 767 767 767 771 781 789 798 803 805 831 796 796 854 887 896 898 903 913 910 910 910 0 1034 1031 1031 1038 1038 1273 1268 1268 1268 1268 1273 1288 1297 1312 1333 1359 1376 1445 1452 1452 1452 2503 2503 2503 2503 2522 2522 2541 2541 2522 2503 2503 2503 2485 2485 2467 2467 2432 2432 2432 2432 2450 2503 2503 2503 2503 2503 2503 2503 2503 2503 2503 2503 2503 2503 2485 2485 2485 2485 2503 2503 2503 2485 2485 2485 2485 2485 2485 2485 2485 2485 2485 2485 2485 2485 2485 2485 2485 2485 2485 2467 2467 2467 2467 2467 2485 2467 2467 2467 2467 2467 2467 2467 2467 2485 2467 2450 2450 2450 2467 2467 2467 2450 2450 2432 2432 2432 2450 2450 2467 2450 2450 2432 2415 2365 2333 2301 2256 2226 2184 2143 2116 2078 2053 2028 1993 1970 1936 1926 1894 1863 1833 1823 1785 1757 1731 1722 1696 1680 1655 1639 1624 1594 1579 1557 1543 1509 1496 1483 1464 1452 1433 1421 1398 1387 1370 1359 1354 1338 1322 1302 1288 1288 1278 1259 1241 1236 1223 1210 1202 1193 1185 1173 1161 1145 1141 1130 1123 1115 1101 1090 1087 1080 1063 1050 1047 1041 1034 1025 1019 1016 1004 995 987 981 975 970 964 959 959 0 0
0 0 0 0 0 0 0 0 0 0 0 0 0 0 0 0 0 0 0 0 0 670 670 668 668 670 670 670 671 672 672 672 672 670 668 668 670 670 670 668 668 668 668 668 668 668 667 667 668 668 668 668 668 668 668 668 668 668 668 667 667 667 668 670 675 676 678 678 678 661 661 662 662 663 663 663 663 664 664 666 666 666 667 670 672 678 683 688 693 700 704 707 707 708 710 710 731 731 733 771 781 789 798 802 798 796 796 796 798 887 896 898 903 915 918 918 918 0 1031 1031 1031 1031 1264 1264 1268 1268 1268 1268 1273 1283 1297 1322 1343 1354 1376 1445 1445 1452 1452 1452 2522 2522 2522 2522 2522 2541 2541 2541 2541 2522 2503 2503 2485 2467 2450 2432 2432 2432 2432 2450 2485 2485 2485 2485 2503 2503 2503 2503 2503 2503 2503 2503 2503 2485 2485 2485 2485 2503 2503 2503 2485 2485 2485 2485 2485 2485 2485 2485 2485 2485 2485 2485 2485 2485 2485 2485 2485 2485 2467 2467 2485 2485 2485 2485 2467 2467 2467 2467 2467 2467 2467 2467 2467 2467 2467 2467 2467 2467 2467 2467 2450 2450 2432 2432 2432 2450 2450 2467 2450 2450 2432 2415 2365 2333 2301 2256 2226 2184 2143 2116 2090 2053 2028 1993 1970 1936 1926 1883 1863 1833 1813 1776 1766 1739 1722 1688 1671 1655 1639 1624 1594 1579 1557 1536 1509 1496 1489 1470 1452 1433 1415 1398 1387 1376 1365 1354 1333 1322 1307 1292 1283 1273 1259 1241 1236 1223 1210 1202 1193 1185 1177 1161 1145 1141 1130 1123 1115 1108 1090 1087 1080 1067 1050 1047 1041 1034 1025 1019 1016 1007 992 987 981 975 970 964 959 959 0 0
0 0 0 0 0 0 0 0 0 0 0 0 0 0 0 0 0 0 0 0 0 670 668 668 670 670 670 671 671 671 672 672 668 668 668 668 668 670 670 668 668 668 668 668 668 668 667 667 668 668 668 668 668 668 668 667 667 667 667 667 667 667 668 671 674 676 678 678 678 661 661 662 662 663 663 663 663 663 664 664 666 666 667 670 672 679 683 688 694 700 704 707 707 707 710 728 728 731 733 733 800 800 800 800 798 796 796 796 798 798 798 923 923 923 923 923 0 0 1031 1031 1031 1031 1255 1264 1268 1268 1268 1268 1273 1283 1302 1328 1343 1354 1421 1439 1439 1445 1452 1452 2522 2522 2522 2522 2522 2522 2522 2541 2541 2541 2522 2522 2485 2467 2450 2432 2432 2432 2432 2450 2485 2485 2485 2485 2485 2503 2503 2503 2503 2503 2503 2503 2485 2485 2485 2503 2503 2503 2503 2503 2503 2485 2485 2485 2485 2485 2485 2485 2485 2485 2485 2485 2485 2485 2485 2485 2485 2485 2485 2485 2485 2485 2485 2485 2467 2467 2467 2467 2485 2467 2467 2467 2467 2467 2467 2467 2467 2467 2485 2467 2450 2450 2432 2432 2450 2450 2467 2467 2450 2450 2432 2415 2365 2333 2286 2256 2226 2184 2143 2116 2090 2053 2028 2005 1970 1947 1915 1873 1853 1843 1813 1776 1766 1739 1722 1688 1671 1655 1639 1616 1594 1586 1557 1536 1509 1496 1489 1470 1452 1427 1415 1398 1392 1381 1370 1354 1333 1328 1307 1288 1283 1273 1264 1250 1232 1223 1214 1206 1193 1185 1177 1161 1149 1145 1130 1123 1101 1101 1094 1090 1084 1067 1054 1047 1044 1034 1031 1019 1013 1007 992 987 981 975 970 964 956 956 0 0
0 0 0 0 0 0 0 0 0 0 0 0 0 0 0 0 0 0 0 0 0 670 668 668 670 670 670 670 670 671 672 672 674 668 667 667 668 668 668 668 668 668 668 668 668 668 668 668 668 668 668 668 667 667 667 667 667 667 667 667 667 667 668 671 674 675 676 676 676 662 662 662 663 663 663 663 663 663 663 664 666 666 667 668 671 679 684 690 694 700 704 706 707 707 711 722 728 731 734 741 754 754 796 796 796 796 798 798 798 845 845 851 854 854 970 0 970 0 0 1255 0 1255 1255 1264 1268 1268 1268 1268 1273 1278 1307 1328 1333 1343 1427 1439 1439 1445 1445 1458 1458 2522 2522 2522 2522 2522 2522 2522 2522 2541 2522 2522 2503 2485 2467 2432 2432 2432 2432 2450 2485 2485 2485 2485 2485 2503 2503 2503 2503 2503 2503 2503 2485 2485 2485 2503 2503 2503 2503 2503 2503 2485 2485 2485 2485 2485 2485 2485 2485 2485 2485 2485 2485 2485 2485 2485 2485 2485 2485 2485 2485 2485 2485 2485 2467 2467 2467 2485 2485 2485 2485 2467 2467 2467 2467 2467 2467 2467 2467 2467 2467 2450 2450 2450 2450 2450 2467 2467 2450 2450 2432 2415 2381 2333 2286 2256 2226 2184 2143 2116 2090 2053 2028 2005 1981 1947 1915 1873 1853 1843 1833 1776 1757 1739 1722 1688 1671 1655 1632 1616 1594 1579 1557 1529 1509 1503 1489 1470 1452 1427 1415 1404 1392 1381 1370 1349 1338 1328 1302 1283 1278 1273 1264 1250 1232 1223 1214 1206 1193 1181 1177 1169 1149 1145 1130 1123 1101 1101 1094 1090 1077 1067 1057 1047 1044 1034 1031 1019 1010 1007 998 987 981 975 970 964 956 956 0 0
0 0 0 0 0 0 0 0 0 0 0 0 0 0 0 0 0 0 0 0 0 670 668 668 670 670 670 670 670 671 672 672 672 672 667 667 667 667 668 668 668 668 668 668 668 668 668 668 668 668 668 667 667 667 667 667 667 667 667 667 667 668 670 672 674 675 676 676 676 662 662 662 664 663 663 663 663 663 663 664 666 666 667 668 671 682 684 688 694 700 703 706 706 707 711 717 728 733 736 741 754 759 766 796 796 796 798 798 798 845 845 851 854 854 970 970 970 970 998 998 0 0 1264 1264 1268 1268 1268 1268 1273 1278 1312 1322 1328 1343 1427 1439 1439 1445 1445 1452 1452 2522 2503 2503 2522 2522 2522 2522 2522 2522 2522 2522 2503 2503 2485 2450 2432 2432 2432 2450 2485 2485 2485 2485 2503 2503 2503 2503 2503 2503 2503 2503 2503 2503 2503 2503 2503 2503 2503 2503 2503 2485 2485 2485 2485 2485 2503 2485 2485 2485 2485 2485 2485 2485 2485 2485 2485 2485 2485 2485 2485 2485 2485 2485 2485 2485 2485 2485 2485 2485 2485 2467 2467 2467 2467 2467 2467 2467 2467 2467 2467 2450 2450 2450 2450 2450 2467 2467 2450 2450 2432 2415 2365 2333 2301 2256 2226 2184 2143 2116 2090 2053 2028 2005 1981 1936 1904 1873 1853 1843 1833 1776 1739 1731 1722 1696 1671 1655 1632 1616 1594 1579 1557 1529 1509 1503 1489 1470 1452 1433 1421 1410 1392 1381 1370 1349 1338 1328 1297 1283 1278 1273 1264 1250 1236 1227 1219 1206 1193 1181 1173 1161 1149 1145 1134 1126 1112 1105 1094 1080 1073 1067 1057 1047 1044 1038 1031 1019 1010 1007 1001 987 981 975 970 964 956 956 0 0
0 0 0 0 0 0 0 0 0 0 0 0 0 0 0 0 0 0 0 0 0 670 668 668 670 670 670 670 670 671 671 671 671 671 671 667 667 667 668 668 668 668 668 668 668 668 668 668 668 668 668 667 667 667 667 667 667 667 667 667 667 668 670 671 672 675 676 676 662 662 662 663 663 663 663 663 663 663 664 664 666 666 667 670 671 682 684 688 694 700 703 706 706 707 711 717 728 731 736 742 755 759 766 769 796 796 798 798 845 845 845 851 854 854 984 970 970 989 998 998 0 1259 1259 1259 1264 1268 1268 1268 1273 1288 1307 1322 1328 1427 1427 1433 1433 1439 1445 1445 1452 1464 2503 2503 2522 2522 2522 2522 2522 2522 2522 2522 2503 2503 2485 2467 2450 2450 2450 2467 2503 2503 2503 2503 2503 2485 2485 2485 2503 2503 2503 2503 2503 2503 2503 2503 2503 2503 2503 2503 2503 2485 2485 2503 2503 2503 2503 2485 2485 2485 2485 2485 2485 2485 2485 2485 2485 2485 2485 2485 2485 2485 2485 2485 2485 2485 2485 2485 2485 2485 2485 2467 2467 2467 2450 2450 2467 2467 2467 2467 2467 2432 2432 2432 2450 2450 2467 2467 2450 2450 2432 2415 2365 2333 2301 2271 2226 2184 2143 2116 2090 2053 2028 2016 1981 1926 1904 1883 1853 1843 1833 1823 1739 1731 1722 1705 1671 1655 1632 1616 1601 1579 1557 1529 1516 1503 1489 1477 1452 1427 1421 1410 1392 1381 1370 1349 1338 1307 1292 1283 1278 1273 1264 1255 1236 1227 1223 1202 1193 1181 1169 1161 1153 1149 1134 1126 1115 1112 1094 1080 1070 1067 1057 1047 1044 1034 1022 1019 1010 1007 1004 987 984 973 970 964 959 959 0 0
0 0 0 0 0 0 0 0 0 0 0 0 0 0 0 0 0 0 0 0 0 670 670 670 670 671 670 670 670 671 671 671 671 671 671 671 668 668 668 668 668 668 668 668 668 668 668 668 668 668 668 667 667 667 667 667 667 667 667 667 667 668 670 671 672 675 676 676 662 662 662 662 663 663 663 663 663 663 663 664 664 666 667 670 672 683 686 690 693 700 704 706 706 708 710 728 728 731 734 742 755 761 766 767 796 796 798 798 843 843 847 851 851 851 978 978 981 989 995 1001 1001 1259 1259 1259 1264 1268 1264 1264 1273 1288 1297 1312 1328 1439 1433 1433 1433 1439 1445 1445 1452 1452 1452 2522 2522 2522 2522 2522 2522 2522 2522 2522 2522 2522 2503 2485 2467 2467 2467 2467 2503 2503 2503 2503 2503 2485 2485 2485 2503 2503 2503 2503 2503 2503 2503 2485 2485 2485 2503 2503 2503 2503 2503 2503 2503 2503 2503 2485 2485 2485 2485 2485 2485 2485 2485 2485 2485 2485 2485 2485 2485 2485 2485 2485 2485 2485 2485 2485 2485 2485 2485 2467 2467 2467 2450 2450 2450 2467 2467 2467 2467 2432 2432 2432 2432 2450 2467 2467 2467 2467 2450 2432 2365 2349 2301 2271 2226 2184 2156 2116 2090 2053 2028 2016 1981 1926 1904 1883 1853 1843 1833 1804 1748 1731 1722 1696 1671 1655 1639 1616 1601 1572 1557 1536 1516 1503 1483 1477 1452 1427 1421 1410 1392 1381 1365 1354 1333 1307 1292 1288 1283 1273 1264 1255 1236 1227 1223 1202 1193 1177 1169 1161 1153 1145 1134 1126 1115 1108 1097 1077 1070 1067 1057 1050 1044 1034 1022 1019 1010 1007 998 989 978 970 967 962 959 959 0 0
0 0 0 0 0 0 0 0 0 0 0 0 0 0 0 0 0 0 0 0 0 670 670 670 670 671 670 670 671 671 671 671 670 670 670 670 670 668 668 668 668 668 668 668 668 668 668 668 668 668 668 667 667 667 667 667 667 667 667 667 667 667 668 671 672 675 676 676 662 662 662 662 663 663 663 663 663 663 663 663 664 666 668 671 672 682 686 690 693 701 704 706 706 707 708 711 731 731 733 736 755 762 762 764 796 796 796 843 843 843 847 851 851 964 964 978 984 989 995 1001 1001 1001 1259 1259 1259 1264 1264 1264 1273 1288 1297 1312 1312 1433 1433 1433 1433 1439 1445 1445 1452 1452 1452 2522 2522 2522 2522 2522 2522 2522 2541 2522 2522 2522 2503 2485 2485 2485 2485 2485 2522 2522 2503 2503 2503 2503 2485 2485 2503 2503 2503 2503 2503 2503 2503 2485 2485 2485 2503 2503 2503 2503 2503 2503 2522 2503 2503 2485 2485 2485 2485 2485 2485 2485 2485 2485 2485 2485 2485 2485 2485 2485 2485 2485 2485 2485 2503 2485 2485 2485 2485 2485 2485 2467 2450 2450 2450 2467 2467 2467 2467 2432 2432 2432 2432 2450 2467 2467 2467 2467 2467 2432 2381 2349 2286 2271 2226 2184 2156 2116 2090 2053 2028 2005 1993 1926 1904 1894 1863 1843 1833 1794 1757 1731 1722 1696 1671 1655 1639 1624 1601 1572 1550 1536 1516 1503 1483 1470 1452 1433 1421 1404 1392 1381 1365 1354 1328 1307 1302 1292 1283 1268 1259 1250 1241 1232 1223 1210 1197 1177 1169 1161 1153 1145 1130 1123 1115 1105 1097 1077 1073 1067 1057 1050 1044 1034 1025 1019 1013 1007 998 992 978 970 967 962 959 959 0 0
0 0 0 0 0 0 0 0 0 0 0 0 0 0 0 0 0 0 0 0 0 670 670 671 671 671 671 671 671 671 670 670 668 668 668 670 670 671 668 668 668 668 668 668 668 668 667 667 668 668 668 667 667 667 667 667 667 667 667 667 667 667 668 670 674 676 676 676 661 661 662 662 663 663 663 663 663 663 663 663 664 666 668 671 672 682 686 690 697 701 704 706 706 707 708 711 730 730 733 736 750 759 761 762 764 798 813 813 849 849 849 851 851 964 964 984 984 989 995 998 998 998 1255 1255 1255 1264 1264 1264 1273 1288 1297 1297 1349 1433 1433 1433 1439 1439 1445 1445 1452 1452 1452 1452 2541 2522 2522 2522 2522 2522 2541 2522 2522 2522 2503 2503 2485 2485 2485 2485 2522 2522 2503 2503 2503 2503 2503 2503 2503 2503 2503 2503 2503 2503 2503 2503 2503 2503 2503 2503 2503 2503 2503 2522 2522 2503 2485 2485 2485 2485 2485 2485 2485 2503 2503 2503 2485 2485 2485 2485 2485 2485 2485 2485 2503 2503 2503 2485 2485 2467 2467 2485 2485 2467 2450 2450 2450 2467 2467 2485 2467 2450 2432 2432 2432 2450 2467 2467 2467 2467 2467 2432 2381 2349 2286 2256 2212 2184 2156 2116 2090 2065 2028 1993 1993 1926 1904 1894 1873 1843 1813 1785 1766 1739 1722 1696 1671 1655 1639 1624 1601 1572 1550 1543 1523 1503 1483 1470 1458 1433 1421 1404 1392 1381 1365 1359 1328 1312 1307 1297 1288 1264 1259 1250 1241 1232 1223 1210 1206 1177 1169 1161 1157 1145 1130 1119 1112 1105 1097 1080 1073 1067 1057 1050 1044 1034 1028 1022 1013 1007 998 987 984 973 970 962 959 959 0 0
0 0 0 0 0 0 0 0 0 0 0 0 0 0 0 0 0 0 0 0 0 670 670 671 671 671 671 671 671 670 668 668 668 668 668 670 670 671 671 666 666 668 668 668 668 668 667 667 668 668 668 667 667 667 667 667 666 666 667 667 667 667 668 670 674 678 676 676 659 659 662 662 662 663 663 662 662 662 662 663 664 666 668 671 672 686 687 690 698 701 704 706 707 707 708 711 728 728 730 734 742 757 761 762 764 813 813 813 851 851 851 851 851 851 851 989 989 989 992 995 998 998 1255 1255 1255 1264 1264 1264 1273 1288 1302 1349 1349 1349 1439 1439 1439 1439 1445 1445 1445 1452 1452 2541 2541 2522 2522 2522 2522 2522 2522 2522 2522 2522 2522 2503 2485 2485 2485 2485 2522 2522 2522 2522 2503 2503 2503 2503 2503 2503 2503 2503 2503 2503 2503 2503 2503 2503 2503 2503 2503 2522 2522 2522 2503 2503 2485 2485 2485 2485 2485 2485 2485 2503 2503 2503 2503 2503 2485 2485 2485 2485 2485 2503 2503 2503 2485 2485 2485 2467 2467 2485 2485 2467 2450 2450 2450 2467 2485 2485 2467 2450 2450 2432 2432 2450 2467 2467 2467 2467 2467 2432 2381 2349 2286 2256 2212 2184 2129 2129 2090 2065 2028 1993 1993 1926 1904 1883 1873 1843 1813 1785 1766 1748 1731 1696 1671 1663 1639 1624 1609 1572 1550 1543 1523 1509 1489 1470 1458 1445 1427 1404 1392 1381 1365 1359 1328 1317 1312 1302 1292 1264 1259 1250 1245 1232 1219 1210 1206 1181 1169 1165 1157 1149 1130 1119 1112 1101 1101 1090 1073 1067 1057 1050 1044 1034 1028 1022 1013 1010 1004 987 984 978 973 962 956 956 0 0
0 0 0 0 0 0 0 0 0 0 0 0 0 0 0 0 0 0 0 0 0 670 670 671 671 671 671 671 671 670 668 668 668 668 668 670 671 670 670 666 666 668 668 668 668 668 667 667 667 668 668 667 667 667 667 667 666 666 667 667 667 667 668 671 676 678 678 678 659 659 662 662 662 663 663 662 662 662 662 663 664 667 668 671 672 675 687 690 698 700 706 707 708 708 710 711 722 727 730 734 739 742 759 762 764 764 766 851 851 851 851 851 851 851 0 989 989 989 992 995 998 998 1255 1255 1255 1264 1264 1268 1268 1307 1307 1333 1349 1349 1439 1439 1439 1445 1445 1445 1445 1536 1543 1543 2541 2522 2522 2522 2522 2522 2522 2522 2522 2522 2522 2503 2485 2485 2485 2503 2522 2522 2522 2522 2503 2503 2503 2522 2522 2503 2503 2503 2522 2522 2522 2503 2503 2503 2503 2503 2503 2522 2522 2522 2503 2503 2485 2485 2485 2485 2485 2485 2485 2503 2503 2503 2503 2503 2485 2485 2485 2485 2485 2503 2485 2485 2485 2485 2485 2485 2485 2485 2485 2485 2467 2450 2450 2467 2485 2485 2485 2467 2450 2432 2432 2450 2467 2467 2467 2467 2467 2450 2381 2333 2286 2256 2212 2184 2129 2129 2090 2065 2028 1993 1993 1959 1904 1883 1863 1843 1813 1794 1776 1757 1731 1705 1671 1663 1647 1624 1601 1594 1572 1543 1523 1509 1496 1470 1458 1452 1433 1404 1392 1376 1365 1359 1333 1317 1307 1302 1292 1264 1259 1255 1245 1227 1219 1210 1206 1181 1169 1165 1157 1149 1134 1126 1112 1101 1101 1090 1073 1067 1060 1054 1044 1038 1031 1025 1016 1010 1004 987 984 981 973 964 956 956 0 0
0 0 0 0 0 0 0 0 0 0 0 0 0 0 0 0 0 0 0 0 0 670 670 671 671 671 670 670 671 670 670 670 670 670 670 670 670 670 668 668 668 668 668 668 668 668 667 667 667 668 668 667 667 667 667 667 667 666 666 667 667 667 668 671 676 678 678 659 659 659 662 662 662 662 662 662 662 662 663 664 666 667 668 671 672 675 684 688 697 700 706 707 708 708 710 711 720 723 728 733 736 739 759 762 764 766 766 821 829 851 851 851 851 851 0 0 987 987 992 998 1007 1007 1264 1264 1264 1264 1264 1268 1268 1322 1322 1333 1349 1349 1452 1445 1445 1445 1445 1445 1529 1536 1543 1543 2560 2541 2541 2541 2541 2522 2522 2522 2522 2541 2541 2522 2503 2485 2485 2503 2522 2522 2522 2522 2503 2503 2503 2522 2522 2503 2503 2503 2522 2522 2522 2503 2503 2503 2503 2503 2503 2522 2522 2522 2503 2503 2485 2485 2485 2485 2485 2485 2503 2503 2503 2503 2503 2503 2503 2485 2485 2485 2503 2503 2485 2485 2485 2485 2485 2485 2485 2485 2485 2485 2467 2467 2467 2467 2485 2485 2485 2467 2450 2450 2450 2467 2467 2485 2467 2467 2467 2450 2381 2333 2286 2256 2226 2198 2143 2143 2103 2065 2040 1993 1981 1959 1926 1894 1863 1863 1813 1794 1776 1757 1731 1696 1671 1663 1647 1624 1601 1594 1579 1543 1523 1509 1496 1477 1464 1452 1427 1410 1392 1376 1365 1354 1343 1322 1307 1302 1288 1268 1259 1255 1245 1227 1219 1206 1202 1189 1173 1165 1157 1153 1134 1126 1115 1108 1105 1094 1084 1067 1060 1054 1047 1038 1028 1022 1016 1007 1004 998 987 981 973 964 956 956 0 0
0 0 0 0 0 0 0 0 0 0 0 0 0 0 0 0 0 0 0 0 0 671 671 670 670 670 670 670 671 670 670 670 670 670 670 670 670 670 668 668 668 670 670 670 668 668 668 668 668 668 668 667 667 668 667 667 667 666 666 667 667 667 668 672 676 678 678 659 659 661 662 662 662 662 662 662 662 662 663 664 666 667 668 671 674 676 684 688 697 701 706 708 710 710 710 711 713 720 725 731 733 733 759 762 764 764 817 821 829 835 0 0 835 0 0 0 975 975 975 970 970 970 1264 1264 1264 1264 1268 1268 1273 1297 1328 1333 1349 1370 1370 1458 1458 1523 1523 1523 1529 1536 1543 1543 1550 2560 2541 2541 2541 2541 2541 2541 2541 2541 2541 2522 2503 2503 2503 2503 2522 2522 2522 2522 2522 2503 2503 2522 2522 2522 2522 2522 2522 2522 2522 2503 2503 2503 2503 2503 2503 2522 2522 2522 2503 2503 2503 2503 2503 2503 2503 2503 2503 2503 2503 2503 2503 2503 2503 2503 2503 2485 2485 2485 2485 2503 2503 2503 2485 2485 2485 2485 2503 2485 2485 2467 2467 2485 2485 2485 2485 2467 2467 2467 2467 2467 2485 2485 2485 2485 2467 2450 2381 2301 2286 2271 2256 2212 2129 2129 2103 2078 2040 1993 1981 1959 1926 1894 1863 1863 1813 1794 1776 1757 1739 1696 1680 1671 1647 1616 1601 1586 1579 1550 1523 1509 1496 1483 1464 1452 1427 1410 1392 1376 1370 1354 1338 1328 1312 1302 1283 1273 1259 1259 1236 1227 1219 1206 1202 1189 1177 1165 1157 1149 1134 1126 1115 1105 1101 1090 1084 1070 1060 1054 1047 1038 1028 1022 1016 1007 1004 998 987 978 970 967 956 956 0 0
0 0 0 0 0 0 0 0 0 0 0 0 0 0 0 0 0 0 0 0 0 671 671 670 670 670 671 671 671 671 670 670 670 670 671 670 670 670 670 670 670 670 670 667 667 668 668 668 668 668 668 667 667 667 667 667 667 666 666 666 667 667 670 672 676 678 664 663 662 662 662 662 662 662 662 663 663 663 663 664 666 667 668 672 674 676 686 691 697 703 706 708 710 710 710 711 713 719 725 730 731 733 761 764 764 764 817 821 825 829 0 0 0 0 0 0 975 973 970 967 967 967 1264 1264 1264 1264 1268 1268 1273 1297 1343 1343 1359 1370 1370 1516 1516 1523 1523 1529 1529 1536 1543 1550 1550 1550 2541 2541 2522 2522 2522 2522 2541 2541 2541 2541 2522 2503 2503 2522 2522 2522 2522 2522 2522 2522 2522 2522 2522 2522 2522 2522 2522 2522 2522 2522 2503 2503 2503 2503 2503 2522 2522 2522 2522 2522 2522 2522 2522 2522 2522 2522 2522 2503 2503 2503 2503 2503 2503 2503 2503 2485 2485 2485 2485 2503 2503 2503 2485 2485 2503 2503 2503 2485 2485 2467 2467 2485 2485 2485 2485 2485 2467 2467 2467 2467 2485 2485 2485 2485 2467 2450 2398 2301 2286 2286 2256 2212 2129 2129 2103 2078 2053 1993 1981 1947 1926 1894 1863 1863 1823 1794 1776 1757 1739 1705 1688 1680 1663 1616 1601 1586 1572 1557 1529 1509 1496 1483 1470 1452 1421 1410 1398 1381 1370 1354 1338 1328 1317 1302 1283 1278 1264 1259 1236 1227 1219 1210 1202 1193 1181 1161 1157 1149 1138 1126 1123 1105 1097 1090 1084 1073 1063 1054 1041 1038 1028 1022 1019 1010 1004 995 987 978 970 967 959 959 0 0
0 0 0 0 0 0 0 0 0 0 0 0 0 0 0 0 0 0 0 0 0 671 671 670 670 671 671 670 670 670 671 671 670 670 670 670 670 668 668 670 670 668 668 667 667 668 668 667 667 667 667 667 667 667 667 666 666 666 666 666 667 667 671 674 676 678 664 664 663 663 663 663 662 662 662 662 663 663 663 663 666 667 668 672 675 678 687 691 696 698 704 708 710 710 710 711 713 719 725 730 731 762 762 766 767 769 819 823 825 829 0 0 0 0 0 0 970 970 970 967 967 967 967 1268 1268 1268 1268 1268 1268 1317 1317 1328 1365 1381 1381 1529 1529 1529 1536 1536 1543 1543 1550 1557 1609 1609 1609 2522 2522 2522 2522 2522 2541 2560 2541 2541 2541 2541 2541 2541 2522 2522 2522 2522 2541 2541 2541 2541 2522 2522 2541 2522 2522 2522 2522 2522 2522 2503 2503 2522 2522 2541 2522 2522 2522 2522 2522 2522 2522 2522 2522 2522 2522 2503 2503 2503 2503 2503 2503 2503 2503 2485 2485 2503 2503 2522 2503 2503 2503 2503 2503 2503 2503 2485 2485 2467 2467 2485 2485 2485 2485 2467 2467 2467 2467 2467 2485 2485 2485 2485 2467 2450 2398 2301 2286 2286 2256 2212 2129 2129 2103 2078 2053 2016 1970 1947 1926 1904 1863 1863 1823 1794 1776 1766 1748 1722 1688 1688 1655 1616 1601 1586 1572 1550 1529 1509 1503 1483 1464 1445 1421 1410 1404 1387 1376 1354 1338 1328 1317 1302 1288 1278 1268 1259 1245 1227 1219 1210 1202 1193 1185 1161 1153 1149 1141 1126 1119 1105 1097 1090 1084 1073 1067 1054 1041 1038 1031 1025 1016 1010 1001 992 987 984 973 967 959 959 0 0
0 0 0 0 0 0 0 0 0 0 0 0 0 0 0 0 0 0 0 0 0 671 671 671 671 671 671 670 670 670 671 671 671 670 670 670 668 668 668 670 670 668 668 668 668 668 668 667 667 667 667 667 667 667 666 666 666 666 666 666 667 668 671 674 676 678 666 663 662 662 662 663 663 662 662 662 662 662 663 663 666 667 670 671 674 678 687 691 694 697 700 707 708 710 710 711 714 719 727 730 733 742 764 766 769 771 819 823 825 829 0 0 0 0 0 0 970 970 970 970 967 967 967 0 1268 1268 1268 1268 1268 1307 1317 1322 1322 1328 1333 1333 1536 1536 1536 1543 1543 1557 1594 1601 1609 1609 1655 2522 2522 2522 2522 2541 2541 2560 2560 2560 2560 2541 2541 2541 2522 2522 2522 2522 2541 2541 2541 2541 2541 2541 2541 2541 2522 2522 2522 2522 2522 2503 2503 2522 2522 2541 2522 2522 2522 2522 2522 2522 2522 2522 2522 2522 2522 2522 2522 2522 2503 2503 2503 2503 2503 2503 2503 2503 2503 2522 2503 2503 2503 2522 2503 2503 2503 2485 2485 2467 2467 2485 2485 2485 2485 2467 2467 2467 2467 2467 2485 2485 2485 2485 2467 2450 2398 2317 2286 2286 2256 2212 2129 2129 2103 2078 2040 2016 1970 1947 1926 1904 1863 1863 1833 1804 1776 1766 1748 1722 1688 1688 1655 1624 1616 1579 1572 1550 1529 1516 1503 1483 1464 1445 1421 1410 1404 1392 1376 1354 1338 1328 1317 1302 1288 1278 1268 1264 1245 1227 1219 1210 1202 1193 1189 1161 1153 1149 1141 1126 1119 1108 1097 1090 1084 1077 1070 1054 1044 1038 1031 1025 1016 1010 1001 992 987 984 973 967 962 962 0 0
0 0 0 0 0 0 0 0 0 0 0 0 0 0 0 0 0 0 0 0 0 671 671 671 671 671 670 668 668 670 670 670 670 670 670 668 668 668 668 668 668 670 668 668 668 668 668 667 667 667 667 666 666 666 666 666 667 666 666 666 667 668 671 674 676 678 676 663 662 662 662 662 663 662 662 662 662 662 663 663 666 667 670 671 674 678 686 688 693 696 698 704 708 710 711 713 717 727 727 731 738 742 762 767 771 773 821 825 825 0 0 0 0 0 0 0 970 970 970 970 967 967 967 0 1268 1268 1268 1268 1268 1307 1312 1317 1322 1328 1333 1333 1333 1601 1601 1601 1601 1601 1601 1609 1624 1655 1655 2522 2522 2522 2522 2541 2541 2560 2541 2541 2560 2560 2560 2560 2522 2522 2522 2522 2541 2541 2541 2541 2541 2541 2541 2541 2541 2541 2541 2522 2522 2503 2503 2522 2541 2541 2541 2522 2522 2522 2522 2522 2522 2522 2522 2522 2522 2522 2522 2522 2503 2503 2503 2503 2503 2503 2503 2503 2503 2522 2503 2503 2522 2522 2503 2503 2503 2485 2485 2485 2485 2485 2485 2485 2485 2467 2467 2467 2467 2467 2485 2485 2485 2485 2467 2450 2398 2317 2286 2286 2256 2241 2129 2129 2103 2090 2040 2016 1981 1947 1926 1904 1863 1863 1843 1804 1776 1757 1748 1722 1680 1680 1655 1632 1616 1579 1572 1557 1529 1516 1509 1483 1470 1445 1427 1410 1404 1387 1376 1359 1338 1328 1317 1302 1288 1278 1268 1259 1245 1227 1219 1210 1202 1193 1185 1161 1153 1149 1145 1134 1123 1108 1097 1087 1084 1077 1070 1060 1044 1041 1031 1025 1016 1010 1001 995 989 984 973 964 959 959 0 0
0 0 0 0 0 0 0 0 0 0 0 0 0 0 0 0 0 0 0 0 0 671 671 671 671 671 670 668 668 670 670 670 670 670 670 668 668 668 668 668 668 670 670 670 670 668 668 667 667 667 666 666 666 666 666 666 666 666 666 666 667 668 672 675 678 678 676 663 662 662 662 662 662 663 662 662 662 663 664 664 666 667 670 671 672 676 686 688 693 694 698 703 708 711 711 716 766 767 769 741 741 744 762 767 771 773 821 827 829 0 0 0 0 0 0 0 970 970 970 970 970 970 970 1259 1268 1268 1268 1268 1273 1302 1312 1312 1317 1328 1333 1333 1333 1601 1601 1601 1609 1609 1609 1616 1639 1655 1671 1671 2522 2522 2541 2541 2541 2560 2541 2541 2560 2560 2560 2541 2522 2522 2522 2522 2541 2541 2541 2541 2541 2541 2541 2541 2541 2541 2541 2522 2522 2522 2522 2522 2541 2541 2541 2522 2522 2522 2522 2522 2522 2522 2522 2522 2522 2522 2522 2522 2503 2503 2503 2522 2522 2522 2522 2522 2522 2522 2522 2541 2522 2522 2503 2503 2503 2485 2485 2485 2485 2485 2485 2485 2485 2485 2467 2467 2467 2467 2485 2485 2485 2485 2485 2450 2415 2317 2286 2286 2256 2241 2129 2129 2116 2090 2053 1993 1981 1947 1926 1904 1863 1863 1843 1794 1766 1757 1757 1722 1680 1671 1655 1632 1616 1586 1572 1557 1529 1516 1503 1483 1470 1445 1433 1410 1398 1387 1376 1359 1343 1328 1322 1302 1288 1278 1268 1259 1250 1232 1219 1214 1202 1193 1185 1161 1153 1149 1145 1134 1119 1112 1101 1087 1080 1077 1070 1060 1044 1041 1031 1022 1016 1010 1001 998 992 984 975 964 959 959 0 0
0 0 0 0 0 0 0 0 0 0 0 0 0 0 0 0 0 0 0 0 0 671 671 671 672 672 671 670 670 670 670 670 670 670 670 670 668 668 668 668 668 670 670 670 670 668 667 667 667 667 666 666 666 666 666 666 666 666 666 666 667 668 672 675 678 678 678 662 662 662 662 662 662 663 663 663 663 663 664 664 666 667 670 671 672 676 686 690 693 694 700 703 708 711 713 723 769 769 769 741 741 746 766 769 773 774 821 827 835 0 0 0 0 0 0 0 970 970 973 970 970 973 1259 1259 1264 1268 1268 1268 1273 1302 1312 1312 1317 1328 1333 1333 1354 1354 1609 1609 1609 1616 1624 1639 1655 1671 1671 1713 1731 2560 2560 2560 2560 2560 2541 2541 2560 2560 2560 2541 2541 2522 2522 2541 2541 2541 2541 2541 2541 2541 2541 2541 2541 2541 2541 2541 2541 2522 2522 2541 2541 2541 2541 2541 2541 2541 2541 2541 2541 2522 2522 2522 2522 2522 2522 2522 2503 2503 2522 2522 2522 2503 2503 2522 2522 2522 2522 2541 2522 2522 2503 2503 2503 2485 2485 2485 2485 2485 2485 2485 2485 2485 2467 2467 2467 2485 2485 2485 2485 2485 2485 2450 2415 2333 2286 2286 2256 2241 2129 2129 2116 2090 2053 1993 1993 1970 1926 1904 1863 1843 1833 1794 1766 1757 1757 1713 1680 1671 1663 1647 1616 1586 1572 1557 1529 1509 1496 1483 1470 1445 1433 1415 1398 1387 1376 1354 1338 1328 1322 1307 1288 1278 1268 1259 1250 1232 1223 1214 1202 1193 1185 1161 1157 1153 1141 1130 1119 1115 1105 1087 1080 1077 1070 1057 1050 1044 1031 1022 1016 1013 1004 998 992 987 975 967 962 962 0 0
0 0 0 0 0 0 0 0 0 0 0 0 0 0 0 0 0 0 0 0 0 671 671 671 672 672 671 670 670 670 670 670 670 670 670 668 668 668 668 668 668 668 668 668 668 668 668 667 667 667 667 666 666 666 666 667 667 666 666 666 667 670 672 675 676 678 678 662 662 661 661 662 662 663 663 663 663 663 663 664 666 667 670 672 674 676 687 690 693 696 700 704 710 722 722 723 723 766 766 766 766 766 767 771 774 821 821 827 827 0 0 0 0 0 0 0 970 970 973 973 973 975 1259 1259 1264 1268 1268 1268 1273 1307 1312 1312 1322 1328 1333 1343 1349 1349 1609 1609 1616 1632 1647 1663 1671 1680 1696 1713 1731 2560 2560 2560 2560 2560 2560 2560 2560 2560 2541 2541 2541 2541 2541 2541 2541 2541 2541 2541 2541 2541 2541 2541 2541 2541 2541 2541 2541 2541 2541 2541 2541 2541 2541 2541 2541 2541 2541 2541 2541 2522 2522 2522 2522 2522 2522 2522 2522 2522 2522 2541 2541 2503 2503 2522 2522 2522 2522 2541 2522 2522 2503 2503 2503 2485 2485 2467 2467 2485 2485 2485 2485 2485 2467 2467 2467 2485 2485 2485 2485 2485 2485 2467 2415 2333 2286 2286 2256 2226 2143 2143 2116 2090 2065 1993 1993 1981 1926 1894 1873 1843 1833 1813 1776 1757 1748 1713 1680 1663 1655 1639 1616 1586 1579 1564 1543 1509 1489 1477 1470 1452 1433 1421 1398 1387 1376 1354 1338 1333 1322 1307 1288 1278 1268 1259 1250 1232 1223 1214 1202 1193 1185 1173 1161 1153 1141 1130 1126 1119 1105 1087 1084 1073 1063 1057 1050 1047 1034 1022 1019 1013 1004 995 992 987 978 964 962 962 0 0
0 0 0 0 0 0 0 0 0 0 0 0 0 0 0 0 0 0 0 0 0 671 671 671 672 672 672 670 670 670 670 670 670 670 670 668 668 668 668 668 667 667 668 668 668 668 668 667 667 667 667 666 666 666 666 667 666 666 666 666 667 670 672 675 676 678 678 663 661 661 661 662 662 663 663 663 663 663 663 664 666 667 670 672 674 678 687 691 693 697 701 706 710 723 723 723 764 764 764 766 766 767 769 774 776 776 841 841 0 0 0 0 0 0 0 967 967 970 973 973 975 975 1268 1268 1268 1268 1268 1268 1273 1307 1312 1322 1328 1333 1338 1343 1349 1381 1381 1624 1624 1647 1663 1696 1696 1705 1722 1731 1731 2560 2560 2560 2560 2560 2560 2560 2560 2560 2541 2541 2541 2541 2541 2541 2541 2541 2541 2541 2541 2541 2541 2541 2541 2541 2541 2541 2541 2541 2541 2541 2541 2541 2541 2541 2541 2541 2541 2541 2541 2522 2522 2522 2522 2522 2522 2522 2522 2522 2522 2541 2522 2522 2522 2522 2522 2522 2541 2541 2541 2541 2522 2503 2503 2485 2485 2467 2467 2485 2485 2503 2485 2485 2467 2467 2467 2485 2485 2485 2485 2485 2485 2467 2432 2349 2286 2286 2256 2212 2143 2143 2116 2090 2065 1993 1993 1993 1947 1894 1863 1853 1843 1804 1785 1766 1748 1705 1680 1663 1655 1639 1624 1594 1579 1564 1543 1509 1489 1477 1464 1452 1433 1410 1398 1387 1376 1349 1343 1333 1328 1312 1288 1278 1268 1259 1250 1236 1227 1214 1202 1193 1185 1173 1161 1153 1138 1130 1126 1115 1101 1094 1084 1073 1063 1057 1050 1047 1034 1022 1019 1013 1007 995 992 987 981 964 962 962 0 0
0 0 0 0 0 0 0 0 0 0 0 0 0 0 0 0 0 0 0 0 0 671 671 671 671 671 671 671 668 668 668 668 668 668 668 668 668 668 668 668 667 667 668 668 668 667 667 667 667 667 667 666 666 666 667 667 666 666 666 666 667 668 672 675 676 676 676 676 661 661 662 662 662 662 662 662 662 662 663 664 666 667 670 672 675 679 688 691 693 697 701 706 710 725 730 734 738 764 764 766 766 767 769 776 781 841 841 841 854 0 0 0 910 910 933 933 967 970 973 975 975 975 1268 1268 1268 1268 1273 1273 1273 1312 1317 1328 1333 1343 1343 1349 1359 1381 1381 1398 1398 1705 1705 1713 1722 1722 1731 1731 1731 1731 2560 2560 2560 2560 2560 2560 2560 2560 2560 2560 2541 2541 2541 2541 2541 2541 2541 2541 2541 2541 2541 2541 2541 2541 2541 2541 2541 2541 2541 2541 2541 2541 2541 2541 2541 2541 2541 2541 2541 2522 2522 2522 2522 2522 2522 2522 2522 2522 2522 2522 2522 2522 2522 2522 2522 2522 2522 2541 2541 2541 2522 2503 2503 2485 2485 2467 2467 2485 2485 2503 2485 2485 2467 2467 2467 2485 2485 2485 2485 2485 2485 2467 2432 2333 2286 2286 2256 2212 2156 2129 2116 2090 2065 1993 1993 1993 1947 1894 1863 1863 1843 1804 1794 1757 1748 1705 1688 1671 1663 1647 1624 1594 1579 1564 1543 1516 1489 1477 1464 1452 1433 1410 1398 1392 1381 1349 1343 1333 1328 1307 1288 1278 1273 1264 1245 1236 1227 1214 1202 1193 1185 1177 1161 1153 1138 1130 1126 1115 1101 1097 1087 1077 1067 1057 1050 1044 1038 1025 1022 1013 1007 995 989 984 984 970 967 967 0 0
0 0 0 0 0 0 0 0 0 0 0 0 0 0 0 0 0 0 0 0 0 671 671 671 671 671 671 671 668 668 668 668 668 668 668 668 668 668 668 668 668 668 668 668 667 667 667 667 667 666 666 666 666 666 666 666 666 666 666 666 667 668 672 675 675 676 676 676 661 661 662 662 662 662 662 662 662 662 663 664 666 666 668 672 675 678 687 691 694 697 701 706 710 725 730 734 738 742 769 769 769 771 771 781 781 837 841 854 854 854 0 913 910 910 925 930 967 970 973 975 975 975 1268 1268 1268 1268 1273 1273 1278 1328 1328 1338 1343 1343 1349 1354 1359 1381 1387 1398 1415 1722 1722 1722 1731 1731 1731 1731 0 0 2560 2560 2560 2560 2560 2560 2560 2560 2560 2560 2541 2541 2541 2541 2541 2541 2541 2541 2541 2541 2541 2541 2541 2541 2541 2541 2541 2541 2541 2541 2541 2541 2541 2541 2541 2541 2541 2541 2541 2541 2541 2522 2522 2522 2541 2522 2522 2522 2522 2522 2522 2522 2522 2522 2522 2522 2522 2522 2541 2541 2541 2522 2522 2485 2485 2485 2485 2485 2485 2485 2485 2485 2467 2467 2467 2485 2485 2485 2485 2485 2485 2467 2432 2317 2286 2286 2256 2226 2156 2129 2129 2090 2065 2005 1993 1970 1947 1894 1863 1863 1843 1794 1776 1757 1757 1722 1688 1671 1663 1647 1624 1594 1579 1564 1536 1509 1489 1477 1464 1458 1439 1410 1398 1392 1381 1359 1343 1338 1328 1307 1288 1278 1273 1264 1245 1232 1223 1214 1202 1193 1189 1181 1161 1153 1138 1134 1126 1108 1101 1097 1087 1073 1067 1057 1050 1044 1038 1028 1022 1013 1007 995 987 984 984 975 970 970 0 0
0 0 0 0 0 0 0 0 0 0 0 0 0 0 0 0 0 0 0 0 0 670 670 670 670 671 671 671 670 668 668 668 668 668 668 668 670 668 668 668 667 667 668 668 667 667 667 667 667 666 666 666 666 666 666 666 666 666 666 666 667 668 671 675 675 676 676 662 662 662 662 662 662 662 662 662 662 662 663 664 666 666 668 671 674 676 687 691 694 697 701 707 710 725 730 734 738 742 773 773 776 790 803 835 835 837 843 851 854 854 906 906 913 915 925 930 956 967 973 973 975 975 1268 1268 1268 1268 1268 1273 1278 1338 1338 1343 1349 1349 1354 1359 1365 1381 1392 1404 1415 1421 1722 1731 1731 1739 1739 0 0 0 0 2560 2560 2560 2560 2560 2560 2560 2560 2560 2541 2541 2541 2541 2541 2541 2541 2541 2541 2541 2541 2541 2541 2541 2541 2541 2541 2541 2541 2541 2541 2541 2541 2541 2541 2541 2541 2541 2541 2541 2541 2541 2541 2541 2541 2522 2522 2522 2522 2522 2522 2522 2522 2522 2522 2522 2522 2522 2522 2541 2541 2522 2522 2503 2485 2485 2485 2485 2485 2485 2485 2485 2485 2485 2485 2485 2485 2485 2485 2485 2485 2467 2432 2317 2286 2286 2271 2226 2156 2129 2129 2090 2065 2005 1981 1959 1947 1915 1863 1863 1843 1794 1776 1757 1757 1722 1696 1680 1663 1639 1616 1594 1579 1564 1536 1509 1503 1483 1464 1458 1433 1410 1398 1392 1381 1359 1343 1338 1328 1307 1292 1278 1268 1264 1245 1232 1223 1214 1202 1193 1189 1177 1161 1157 1145 1138 1119 1108 1101 1094 1087 1073 1070 1063 1054 1044 1034 1031 1022 1013 1007 995 987 984 981 975 970 970 0 0
0 0 0 0 0 0 0 0 0 0 0 0 0 0 0 0 0 0 0 0 0 670 670 670 670 671 671 671 670 670 668 668 668 670 670 668 668 668 668 667 667 667 667 667 667 667 667 667 667 663 663 666 666 666 666 667 666 666 666 666 667 668 671 675 676 676 663 662 662 662 662 662 662 662 662 662 662 662 663 664 666 667 668 671 674 675 688 693 694 697 701 707 710 727 730 730 744 744 774 778 789 790 803 833 833 837 843 851 856 885 906 906 910 920 928 930 956 967 970 970 973 973 1268 1268 1268 1268 1268 1273 1278 1333 1333 1343 1349 1354 1354 1359 1365 1381 1398 1404 1415 1421 1421 0 0 0 0 0 0 0 0 2560 2560 2560 2560 2560 2560 2560 2560 2560 2560 2541 2541 2541 2541 2541 2541 2541 2541 2541 2541 2541 2541 2541 2541 2541 2541 2541 2541 2541 2541 2541 2541 2541 2541 2541 2541 2541 2541 2541 2541 2541 2541 2541 2541 2522 2522 2522 2522 2522 2541 2522 2522 2522 2541 2522 2522 2522 2522 2522 2522 2522 2522 2503 2503 2485 2485 2485 2503 2503 2503 2485 2485 2485 2485 2485 2503 2503 2503 2485 2485 2467 2450 2317 2301 2286 2286 2256 2156 2129 2129 2103 2078 2053 1981 1959 1947 1915 1863 1863 1843 1804 1776 1757 1757 1722 1696 1671 1663 1632 1616 1594 1586 1564 1536 1516 1503 1483 1470 1458 1433 1415 1398 1392 1387 1359 1343 1333 1328 1307 1297 1283 1268 1264 1259 1232 1223 1214 1206 1197 1189 1173 1165 1157 1141 1126 1119 1108 1101 1094 1087 1080 1070 1063 1050 1044 1034 1031 1022 1013 1007 998 989 987 981 973 964 964 0 0
0 0 0 0 0 0 0 0 0 0 0 0 0 0 0 0 0 0 0 0 0 671 670 670 670 671 671 671 670 670 668 668 670 670 670 668 668 668 668 667 667 667 667 667 667 667 667 667 666 663 663 667 666 666 666 666 667 666 666 666 667 668 671 676 676 676 663 662 662 662 662 662 662 662 662 662 662 662 663 664 666 667 668 671 674 675 688 693 694 697 703 707 711 727 730 730 766 766 774 780 789 790 802 825 831 835 843 856 856 885 906 906 910 923 928 930 967 967 970 970 973 973 1268 1268 1268 1268 1273 1273 1278 1322 1333 1338 1354 1354 1354 1370 1370 1387 1398 1404 1415 1427 1439 0 0 0 0 0 0 0 0 2579 2560 2560 2560 2560 2560 2560 2579 2579 2560 2541 2541 2541 2541 2541 2541 2541 2541 2541 2541 2541 2541 2541 2541 2560 2541 2541 2541 2541 2541 2541 2541 2541 2541 2541 2541 2541 2541 2541 2541 2541 2541 2541 2541 2541 2522 2522 2522 2541 2541 2541 2522 2522 2541 2541 2522 2522 2522 2522 2522 2522 2522 2503 2503 2485 2485 2503 2522 2522 2503 2485 2485 2485 2485 2485 2503 2503 2503 2485 2485 2467 2450 2333 2301 2286 2286 2256 2156 2129 2129 2103 2078 2005 1981 1959 1947 1926 1863 1863 1843 1813 1785 1757 1757 1731 1705 1671 1655 1632 1624 1601 1586 1564 1536 1516 1503 1489 1477 1452 1439 1415 1398 1387 1381 1359 1343 1333 1322 1312 1297 1283 1268 1264 1259 1232 1223 1214 1206 1197 1189 1173 1165 1153 1134 1126 1119 1112 1101 1094 1087 1073 1067 1063 1050 1044 1034 1031 1022 1019 1010 1007 992 989 984 970 964 964 0 0
0 0 0 0 0 0 0 0 0 0 0 0 0 0 0 0 0 0 0 0 0 671 670 670 670 670 670 670 670 670 670 670 671 671 670 667 667 667 667 667 667 667 667 667 667 667 667 667 666 666 666 667 666 666 666 666 667 667 667 667 667 668 671 675 676 676 676 662 662 662 662 662 662 662 662 662 662 662 663 664 666 667 668 671 675 678 690 691 694 697 703 706 710 727 730 730 762 762 769 783 789 792 802 807 831 835 843 858 858 928 925 920 920 925 928 964 967 967 967 970 970 970 970 1268 1268 1268 1273 1273 1278 1322 1333 1338 1359 0 0 1376 1376 1392 1398 1410 1415 1427 1439 0 0 0 0 0 0 0 0 0 2560 2560 2560 2560 2560 2560 2579 2579 2560 2541 2541 2541 2541 2541 2560 2541 2541 2541 2541 2541 2541 2560 2560 2560 2541 2541 2541 2541 2541 2541 2541 2541 2541 2541 2541 2541 2541 2541 2541 2541 2541 2541 2541 2541 2541 2522 2522 2541 2541 2541 2541 2541 2541 2541 2541 2541 2522 2522 2522 2522 2522 2503 2485 2485 2485 2503 2522 2522 2522 2485 2485 2485 2485 2485 2503 2522 2522 2503 2485 2485 2450 2349 2301 2286 2286 2256 2156 2129 2129 2103 2078 2005 2005 1970 1947 1926 1863 1863 1843 1813 1794 1757 1757 1731 1705 1680 1655 1632 1616 1601 1586 1564 1536 1516 1509 1489 1477 1452 1433 1421 1398 1387 1376 1359 1343 1333 1322 1312 1297 1278 1268 1264 1259 1250 1223 1214 1206 1197 1189 1169 1161 1153 1134 1130 1126 1112 1101 1097 1090 1067 1063 1063 1050 1044 1038 1031 1022 1019 1010 1007 995 989 984 970 962 962 0 0
0 0 0 0 0 0 0 0 0 0 0 0 0 0 0 0 0 0 0 0 0 670 670 670 670 670 670 670 670 670 670 670 671 670 670 667 667 667 667 667 667 667 666 666 666 666 667 667 666 664 664 667 667 667 667 667 666 666 666 667 667 668 671 675 676 676 676 662 662 662 661 661 661 662 662 662 662 662 663 664 666 667 668 671 676 679 688 691 693 696 703 706 710 727 730 730 762 762 769 785 790 794 800 805 831 835 858 858 862 928 923 923 925 928 964 964 967 967 967 970 970 967 967 1268 1268 1268 1273 1273 1278 1322 1333 1343 0 0 0 0 0 1398 1398 1410 1421 1433 1445 0 0 0 0 0 0 0 0 0 2560 2560 2560 2560 2579 2579 2579 2579 2560 2560 2560 2560 2541 2541 2560 2541 2541 2541 2541 2541 2541 2560 2560 2560 2541 2541 2541 2541 2541 2541 2541 2541 2541 2541 2541 2541 2541 2541 2541 2541 2541 2541 2541 2541 2541 2541 2541 2541 2541 2541 2541 2541 2541 2560 2541 2541 2541 2541 2522 2522 2522 2503 2485 2485 2485 2503 2541 2541 2541 2503 2485 2485 2485 2503 2503 2541 2522 2503 2485 2485 2450 2349 2317 2286 2256 2241 2156 2129 2129 2078 2065 2005 1993 1981 1947 1926 1863 1863 1843 1823 1794 1757 1748 1731 1705 1688 1655 1632 1616 1601 1572 1564 1536 1516 1509 1496 1477 1452 1433 1421 1398 1387 1376 1365 1354 1338 1322 1312 1297 1278 1268 1264 1259 1245 1227 1219 1210 1197 1189 1169 1157 1149 1141 1130 1126 1112 1108 1105 1094 1067 1063 1063 1054 1047 1038 1031 1025 1019 1010 1001 995 989 987 981 959 959 0 0
0 0 0 0 0 0 0 0 0 0 0 0 0 0 0 0 0 0 0 0 0 670 670 670 670 670 668 668 668 668 668 670 668 668 668 667 667 667 667 667 667 667 666 664 664 666 667 667 666 664 664 667 667 667 667 667 666 666 666 667 667 668 671 674 676 676 668 662 662 661 661 661 661 661 661 662 662 662 663 664 666 666 668 672 676 684 688 691 693 694 701 706 711 727 730 730 769 787 787 787 792 796 800 805 829 835 851 856 930 915 915 920 925 0 964 964 967 967 967 970 970 967 967 1268 1268 1268 1273 1273 1278 1312 1333 1349 0 0 0 0 0 0 1415 1415 1433 1433 0 0 0 0 0 0 0 0 0 0 2560 2560 2560 2560 2579 2579 2579 2579 2560 2560 2560 2560 2560 2560 2560 2560 2541 2541 2541 2541 2541 2560 2560 2560 2560 2560 2541 2541 2541 2541 2541 2541 2541 2541 2541 2541 2541 2541 2541 2541 2541 2541 2541 2541 2541 2541 2541 2541 2541 2541 2541 2541 2541 2541 2541 2560 2541 2541 2541 2541 2522 2503 2485 2485 2485 2503 2541 2541 2541 2522 2485 2485 2503 2503 2522 2541 2522 2503 2485 2485 2450 2349 2301 2301 2256 2241 2170 2129 2129 2078 2065 2016 1993 1981 1959 1936 1873 1863 1853 1833 1794 1776 1748 1722 1696 1688 1663 1639 1616 1601 1572 1564 1543 1516 1509 1503 1483 1452 1433 1427 1398 1387 1376 1365 1349 1338 1322 1312 1297 1283 1268 1264 1255 1241 1227 1219 1210 1202 1189 1181 1157 1149 1145 1126 1123 1115 1112 1108 1077 1067 1063 1063 1054 1047 1041 1031 1022 1016 1007 1001 995 989 987 973 959 959 0 0
0 0 0 0 0 0 0 0 0 0 0 0 0 0 0 0 0 0 0 0 0 670 670 670 670 670 668 668 668 668 668 668 668 668 668 667 667 668 668 668 668 667 666 664 664 666 667 667 667 666 666 666 666 667 667 667 664 664 664 666 667 668 671 674 676 676 666 661 661 661 661 659 659 661 661 662 662 662 663 664 666 666 668 672 675 684 687 690 693 694 701 706 719 725 730 736 769 769 774 785 794 798 800 807 829 833 851 856 856 915 915 920 0 0 964 964 967 0 973 973 973 973 973 1264 1264 1268 1273 1273 1278 1307 1333 1349 0 0 0 0 0 0 0 0 0 0 0 0 0 0 0 0 0 0 0 0 2560 2560 2560 2560 2579 2579 2579 2579 2560 2560 2560 2560 2560 2560 2560 2560 2560 2541 2541 2541 2560 2560 2560 2560 2560 2560 2541 2541 2560 2541 2541 2541 2541 2541 2541 2541 2541 2541 2541 2541 2541 2541 2541 2541 2541 2541 2541 2541 2541 2541 2541 2541 2541 2541 2541 2560 2560 2560 2541 2541 2541 2522 2503 2485 2485 2503 2541 2541 2541 2503 2503 2503 2503 2503 2522 2522 2522 2522 2485 2485 2450 2365 2301 2301 2256 2241 2184 2129 2129 2090 2065 2028 2028 1981 1959 1926 1883 1863 1853 1833 1813 1794 1739 1722 1696 1688 1663 1639 1624 1609 1572 1564 1543 1516 1509 1496 1483 1452 1433 1427 1404 1387 1381 1370 1343 1333 1322 1312 1292 1283 1268 1264 1250 1241 1227 1214 1206 1197 1189 1181 1161 1149 1149 1126 1123 1119 1112 1105 1077 1070 1067 1067 1057 1047 1041 1031 1022 1016 1007 1001 995 989 987 973 954 954 0 0
0 0 0 0 0 0 0 0 0 0 0 0 0 0 0 0 0 0 0 0 0 670 668 668 668 668 668 670 668 668 667 667 667 668 667 667 667 668 668 668 668 668 667 666 666 667 667 668 668 670 667 666 666 667 667 667 664 664 664 666 667 668 671 674 676 676 664 661 661 661 661 659 659 661 661 662 662 662 663 664 666 667 668 672 674 684 687 690 693 696 703 707 719 725 731 736 769 769 773 785 794 798 800 807 827 833 854 856 0 0 0 0 0 0 0 0 0 0 0 981 981 984 984 1264 1264 1268 1268 1273 1273 1297 1312 1354 0 0 0 0 0 0 0 0 0 0 0 0 0 0 0 0 0 0 0 0 0 2560 2560 2560 2579 2579 2579 2579 2560 2560 2560 2560 2560 2560 2560 2560 2560 2541 2541 2541 2560 2560 2560 2560 2560 2560 2541 2541 2560 2541 2541 2541 2541 2541 2541 2541 2541 2541 2541 2541 2541 2541 2541 2541 2541 2541 2541 2541 2541 2541 2541 2541 2541 2560 2560 2560 2560 2560 2541 2541 2541 2522 2522 2522 2522 2522 2541 2541 2541 2503 2503 2485 2485 2503 2522 2522 2541 2522 2485 2485 2450 2381 2317 2317 2256 2241 2184 2143 2143 2090 2065 2016 1993 1981 1959 1926 1883 1863 1853 1833 1813 1766 1739 1731 1696 1688 1663 1639 1624 1616 1572 1564 1543 1516 1509 1496 1477 1452 1439 1427 1404 1387 1381 1365 1343 1333 1322 1307 1292 1283 1273 1264 1250 1241 1227 1214 1206 1197 1189 1181 1165 1157 1149 1130 1123 1119 1112 1094 1087 1073 1067 1067 1057 1047 1041 1028 1022 1016 1010 1001 992 989 987 981 954 954 0 0
0 0 0 0 0 0 0 0 0 0 0 0 0 0 0 0 0 0 0 0 0 670 668 668 668 668 668 670 668 668 667 667 667 668 667 667 667 667 664 664 664 664 666 667 667 667 667 667 668 670 670 666 663 663 664 664 663 663 663 666 667 671 672 674 676 676 664 661 661 661 661 661 661 662 662 662 662 662 663 664 666 667 670 671 674 686 687 691 694 697 703 708 719 727 733 736 739 771 773 778 783 798 821 821 827 833 841 856 0 0 0 0 0 0 0 0 0 0 0 0 0 0 0 1268 1268 1268 1268 1273 1273 1297 1312 0 0 0 0 0 0 0 0 0 0 0 0 0 0 0 0 0 0 0 0 0 0 2560 2560 2579 2579 2579 2579 2579 2560 2560 2560 2560 2560 2560 2560 2560 2560 2560 2560 2560 2560 2560 2560 2541 2541 2560 2560 2560 2560 2541 2541 2541 2541 2560 2560 2560 2541 2541 2541 2541 2541 2541 2541 2541 2541 2541 2541 2541 2541 2541 2541 2541 2541 2560 2560 2560 2541 2541 2541 2541 2541 2541 2522 2522 2522 2522 2541 2541 2541 2503 2503 2485 2485 2503 2522 2522 2541 2541 2485 2485 2450 2381 2317 2286 2271 2241 2170 2156 2156 2103 2065 2016 1993 1993 1959 1926 1883 1863 1863 1823 1813 1766 1766 1739 1705 1696 1663 1632 1624 1616 1572 1564 1543 1516 1509 1496 1477 1452 1445 1433 1410 1392 1381 1365 1349 1338 1322 1307 1297 1288 1278 1264 1250 1241 1232 1219 1206 1197 1189 1177 1169 1157 1149 1130 1123 1123 1112 1090 1087 1077 1070 1060 1057 1047 1041 1028 1022 1019 1013 1001 992 987 978 970 954 954 0 0
0 0 0 0 0 0 0 0 0 0 0 0 0 0 0 0 0 0 0 0 0 670 670 670 670 670 670 670 670 668 667 667 668 668 668 667 667 667 664 664 664 664 666 667 667 667 667 667 668 668 668 663 663 663 664 664 663 663 663 664 667 671 672 674 676 676 664 659 659 661 661 662 661 661 662 662 662 662 663 664 666 667 670 671 674 686 687 691 694 697 703 708 719 727 734 739 739 773 774 778 781 781 789 839 839 839 841 0 0 0 0 0 0 0 0 0 0 0 0 0 0 0 0 1273 1268 1268 1268 1273 1278 1307 0 0 0 0 0 0 0 0 0 0 0 0 0 0 0 0 0 0 0 0 0 0 0 0 2579 2579 2579 2579 2579 2579 2560 2560 2560 2560 2560 2560 2560 2560 2560 2560 2560 2560 2560 2560 2560 2541 2541 2560 2560 2560 2560 2541 2541 2560 2560 2560 2560 2560 2560 2541 2541 2541 2541 2541 2541 2541 2541 2541 2541 2541 2541 2541 2541 2541 2541 2560 2560 2560 2541 2541 2541 2541 2541 2522 2522 2522 2522 2522 2541 2541 2541 2503 2503 2503 2503 2503 2522 2541 2541 2541 2503 2503 2432 2381 2317 2286 2286 2256 2170 2156 2129 2116 2078 2016 1993 1993 1959 1926 1883 1863 1863 1823 1813 1766 1766 1739 1713 1696 1663 1632 1624 1616 1579 1564 1543 1516 1509 1503 1477 1452 1445 1433 1410 1392 1376 1365 1349 1338 1328 1312 1297 1288 1278 1264 1250 1241 1232 1223 1206 1193 1185 1177 1169 1157 1145 1130 1126 1123 1112 1090 1087 1080 1070 1060 1057 1044 1041 1031 1025 1022 1013 1001 992 987 978 970 956 956 0 0
0 0 0 0 0 0 0 0 0 0 0 0 0 0 0 0 0 0 0 0 0 670 670 670 670 670 670 670 670 668 667 667 668 668 668 668 668 668 667 667 664 664 667 667 667 667 667 667 667 668 668 663 663 663 664 664 663 663 663 664 667 670 672 674 676 678 676 659 659 661 661 661 661 661 662 662 662 662 662 663 666 667 670 672 674 678 687 691 694 697 703 707 719 727 731 739 741 774 774 778 781 783 789 789 841 841 843 0 0 0 0 0 0 0 0 0 0 0 0 0 0 0 0 1273 1273 1273 1273 1273 1278 0 0 0 0 0 0 0 0 0 0 0 0 0 0 0 0 0 0 0 0 0 0 0 0 0 2598 2579 2579 2579 2579 2579 2560 2560 2560 2560 2560 2560 2560 2560 2560 2560 2560 2560 2560 2560 2560 2560 2560 2560 2560 2560 2560 2541 2541 2560 2560 2560 2560 2560 2560 2541 2541 2541 2541 2541 2541 2541 2541 2541 2541 2541 2541 2541 2541 2541 2541 2560 2560 2560 2560 2541 2541 2541 2541 2522 2522 2522 2541 2541 2541 2541 2541 2522 2503 2503 2522 2522 2541 2541 2541 2541 2503 2503 2432 2381 2317 2286 2286 2256 2184 2156 2129 2129 2065 2016 2005 2005 1959 1926 1883 1863 1863 1833 1813 1766 1766 1739 1713 1696 1680 1632 1624 1616 1579 1564 1543 1516 1509 1503 1477 1458 1445 1433 1415 1392 1376 1365 1349 1343 1333 1312 1297 1288 1278 1264 1250 1236 1227 1219 1206 1193 1185 1177 1165 1157 1145 1138 1126 1119 1112 1094 1087 1077 1073 1063 1057 1044 1038 1031 1028 1022 1013 1004 995 992 989 970 956 956 0 0
0 0 0 0 0 0 0 0 0 0 0 0 0 0 0 0 0 0 0 0 0 668 668 668 668 670 670 670 670 668 668 668 668 668 667 667 667 668 668 668 667 666 666 666 667 666 666 667 667 668 666 664 663 663 664 664 663 663 664 664 667 668 672 674 676 676 675 659 659 659 659 661 661 661 661 662 662 662 662 663 666 666 668 672 674 678 687 691 694 698 704 707 717 727 731 739 741 742 776 778 780 783 789 794 0 0 0 0 0 0 0 0 0 0 0 0 0 0 0 0 0 0 0 1273 1273 1273 1273 1273 1278 1317 0 0 0 0 0 0 0 0 0 0 0 0 0 0 0 0 0 0 0 0 0 0 0 0 0 2560 2560 2579 2579 2579 2560 2560 2560 2560 2560 2560 2560 2560 2560 2560 2560 2560 2560 2560 2560 2560 2560 2560 2560 2560 2560 2541 2541 2560 2560 2560 2560 2560 2560 2541 2541 2541 2541 2541 2541 2541 2541 2541 2560 2560 2560 2560 2541 2541 2541 2560 2560 2560 2560 2541 2541 2541 2541 2541 2522 2522 2541 2541 2541 2541 2541 2522 2522 2522 2522 2522 2541 2541 2541 2541 2503 2503 2450 2365 2317 2286 2286 2241 2184 2143 2129 2116 2065 2016 2005 2005 1959 1926 1883 1863 1863 1843 1804 1766 1757 1739 1722 1705 1680 1632 1624 1616 1586 1564 1543 1516 1509 1503 1477 1458 1445 1433 1421 1392 1376 1365 1349 1343 1333 1312 1302 1288 1278 1268 1259 1232 1223 1214 1206 1197 1185 1169 1161 1157 1145 1138 1123 1119 1112 1097 1090 1077 1073 1067 1057 1044 1038 1031 1025 1019 1010 1004 998 992 984 975 956 956 0 0
0 0 0 0 0 0 0 0 0 0 0 0 0 0 0 0 0 0 0 0 0 668 668 668 668 670 670 670 670 668 668 668 668 668 667 667 667 668 668 668 667 666 666 666 667 666 666 667 667 664 664 664 664 664 664 664 663 663 663 664 666 668 671 674 676 676 675 661 661 659 659 661 661 661 661 661 661 662 663 663 666 666 668 672 675 679 687 690 693 698 706 710 717 717 736 736 738 742 776 778 780 781 783 794 0 0 0 0 0 0 0 0 0 0 0 0 0 0 0 0 0 0 0 1273 1273 1273 1273 1273 1278 1317 0 0 0 0 0 0 0 0 0 0 0 0 0 0 0 0 0 0 0 0 0 0 0 0 0 2560 2560 2579 2579 2579 2560 2560 2560 2560 2560 2560 2560 2560 2560 2560 2560 2560 2560 2560 2560 2560 2560 2560 2560 2560 2560 2560 2560 2560 2560 2560 2560 2560 2560 2560 2560 2560 2541 2541 2541 2560 2560 2560 2560 2560 2560 2560 2541 2541 2541 2560 2560 2541 2541 2541 2541 2541 2541 2541 2541 2541 2541 2541 2560 2541 2541 2541 2522 2522 2522 2522 2541 2541 2541 2522 2503 2503 2450 2349 2333 2286 2286 2241 2184 2143 2143 2116 2078 2016 2005 2005 1959 1936 1883 1863 1853 1843 1804 1766 1757 1748 1722 1696 1680 1632 1624 1616 1586 1564 1543 1523 1516 1496 1483 1458 1439 1433 1421 1398 1376 1365 1354 1343 1333 1312 1302 1292 1278 1264 1259 1232 1223 1214 1206 1197 1185 1169 1161 1157 1153 1141 1123 1115 1108 1101 1090 1077 1073 1067 1063 1047 1038 1031 1025 1019 1010 1007 992 989 984 975 962 962 0 0
0 0 0 0 0 0 0 0 0 0 0 0 0 0 0 0 0 0 0 0 0 668 668 668 668 668 668 668 668 668 668 668 668 668 668 668 668 668 668 668 666 666 664 664 666 666 667 667 667 664 664 664 664 663 663 663 663 663 663 664 666 668 671 674 676 675 664 661 661 661 661 661 661 661 661 661 661 662 663 663 666 667 670 672 675 679 687 690 693 700 706 710 717 723 736 736 738 774 776 778 780 781 783 783 0 0 0 0 0 0 0 0 0 0 0 0 0 0 0 0 0 0 0 1273 1273 1273 1273 1273 1278 1328 0 0 0 0 0 0 0 0 0 0 0 0 0 1804 1804 1813 1833 0 0 0 0 0 0 0 0 0 2560 2560 2560 2579 2560 2560 2560 2560 2560 2560 2560 2560 2560 2560 2560 2560 2560 2560 2560 2560 2560 2560 2560 2560 2560 2560 2560 2560 2560 2560 2560 2560 2560 2560 2560 2560 2541 2541 2541 2541 2560 2560 2560 2560 2560 2560 2560 2541 2541 2560 2560 2541 2541 2541 2541 2541 2541 2541 2541 2541 2541 2541 2560 2541 2541 2522 2503 2503 2503 2522 2541 2541 2541 2522 2503 2485 2450 2349 2333 2286 2286 2241 2198 2143 2129 2116 2078 2016 2005 2005 1970 1936 1883 1863 1853 1833 1804 1766 1766 1748 1722 1696 1671 1639 1624 1609 1586 1564 1543 1529 1516 1496 1483 1464 1439 1433 1410 1392 1376 1365 1354 1343 1328 1312 1302 1292 1278 1264 1259 1241 1223 1219 1210 1197 1185 1173 1165 1161 1149 1141 1126 1115 1108 1101 1090 1077 1070 1067 1057 1047 1038 1031 1025 1016 1010 1004 992 989 984 981 964 964 0 0
0 0 0 0 0 0 0 0 0 0 0 0 0 0 0 0 0 0 0 0 0 668 668 668 668 668 668 668 668 668 668 668 668 668 668 668 668 668 668 667 666 666 664 664 666 666 667 667 668 666 663 663 663 663 663 663 663 663 663 664 666 668 672 674 675 674 664 661 661 661 661 661 661 661 661 661 661 662 663 664 666 667 670 672 675 679 687 690 693 698 704 708 717 723 736 738 738 774 776 778 781 783 0 783 0 0 0 0 0 0 0 0 0 0 0 0 0 0 0 0 0 0 1268 1268 1273 1273 1273 1273 1278 1328 1338 0 0 0 0 0 0 0 0 0 0 0 0 1804 1804 1813 1833 1853 0 0 0 0 0 0 0 0 2560 2560 2560 2579 2560 2560 2560 2560 2560 2560 2560 2560 2560 2560 2560 2560 2560 2560 2560 2560 2560 2560 2560 2560 2560 2560 2560 2560 2560 2560 2560 2560 2560 2560 2560 2560 2541 2541 2541 2541 2560 2560 2560 2560 2560 2560 2560 2560 2560 2560 2560 2541 2541 2541 2541 2541 2541 2541 2541 2541 2541 2541 2560 2541 2541 2522 2503 2503 2503 2522 2541 2541 2541 2541 2522 2485 2467 2349 2333 2286 2286 2241 2198 2156 2129 2129 2078 2016 2005 2005 1970 1936 1883 1863 1863 1833 1804 1766 1766 1748 1713 1696 1671 1639 1624 1609 1586 1564 1550 1536 1516 1496 1483 1458 1439 1433 1410 1392 1376 1370 1359 1343 1328 1312 1302 1297 1283 1264 1259 1245 1227 1219 1210 1197 1185 1173 1169 1161 1149 1134 1130 1115 1108 1101 1090 1077 1070 1067 1057 1050 1041 1034 1025 1016 1010 1001 992 987 984 978 964 964 0 0
0 0 0 0 0 0 0 0 0 0 0 0 0 0 0 0 0 0 0 0 0 668 668 668 668 668 668 668 668 668 668 668 668 668 668 668 668 668 667 667 667 667 667 667 667 667 667 668 668 663 663 663 663 663 663 663 663 663 663 664 666 668 672 674 674 674 663 661 661 661 661 661 661 661 661 661 661 662 663 663 666 667 668 671 675 686 687 690 693 698 704 708 719 727 733 736 736 776 778 778 781 783 783 0 0 0 0 0 0 0 0 0 0 0 0 0 0 0 0 0 0 0 1268 1268 1273 1273 1273 1273 1278 1322 1333 0 0 0 0 0 0 0 0 0 0 0 1804 1804 1813 1823 1833 1853 0 0 0 0 0 0 0 2579 2560 2560 2560 2579 2560 2560 2560 2560 2560 2560 2560 2560 2560 2560 2560 2560 2560 2560 2560 2560 2560 2560 2560 2560 2560 2560 2560 2560 2560 2560 2560 2560 2560 2560 2560 2560 2560 2541 2541 2560 2560 2560 2560 2560 2560 2560 2560 2560 2560 2560 2560 2560 2560 2560 2560 2560 2560 2541 2541 2541 2541 2541 2560 2541 2541 2522 2522 2522 2522 2522 2541 2541 2541 2541 2522 2522 2467 2365 2333 2286 2271 2241 2198 2156 2129 2129 2090 2028 2005 2005 1959 1926 1894 1863 1863 1833 1804 1766 1766 1748 1696 1688 1671 1647 1632 1616 1586 1564 1550 1529 1523 1503 1477 1458 1439 1433 1410 1392 1376 1370 1354 1343 1333 1317 1302 1292 1278 1264 1259 1245 1232 1223 1214 1197 1185 1173 1169 1161 1145 1134 1130 1119 1108 1101 1090 1080 1070 1063 1057 1050 1044 1038 1025 1016 1010 1001 995 987 984 975 967 967 0 0
0 0 0 0 0 0 0 0 0 0 0 0 0 0 0 0 0 0 0 0 0 668 668 668 668 670 668 668 668 668 668 668 668 668 668 668 668 668 667 667 667 667 667 667 667 664 664 668 668 664 663 663 663 663 663 663 663 663 663 664 666 668 672 674 674 671 663 661 661 661 661 661 661 661 661 661 661 662 663 663 666 667 668 671 675 686 687 690 694 697 703 707 722 725 730 733 736 774 778 778 781 783 783 803 803 803 0 849 849 0 0 0 0 0 0 0 0 0 0 0 0 1268 1268 1268 1273 1273 1273 1273 1278 1317 1328 1333 0 0 0 0 0 0 0 0 0 0 1804 1804 1813 1823 1833 1853 0 0 0 0 0 0 2579 2579 2560 2560 2579 2579 2579 2560 2560 2560 2560 2560 2560 2560 2560 2560 2560 2560 2560 2560 2560 2560 2560 2560 2560 2560 2560 2560 2560 2560 2560 2560 2560 2560 2560 2560 2560 2560 2560 2560 2560 2560 2560 2560 2560 2560 2560 2560 2560 2560 2560 2560 2560 2560 2560 2560 2560 2560 2560 2560 2541 2541 2541 2541 2560 2541 2541 2522 2522 2522 2522 2522 2541 2541 2560 2541 2522 2522 2467 2381 2349 2286 2271 2241 2198 2170 2129 2116 2090 2028 2005 2005 1959 1926 1904 1863 1863 1833 1804 1776 1776 1748 1696 1688 1680 1647 1632 1616 1586 1572 1557 1529 1523 1496 1470 1458 1445 1433 1410 1392 1381 1370 1354 1343 1333 1322 1302 1292 1278 1268 1259 1245 1236 1227 1219 1197 1185 1177 1173 1157 1145 1134 1130 1119 1108 1101 1094 1080 1070 1063 1057 1050 1047 1038 1028 1016 1010 1001 995 987 984 975 967 967 0 0
0 0 0 0 0 0 0 0 0 0 0 0 0 0 0 0 0 0 0 0 0 668 668 668 668 670 668 668 668 668 668 668 668 668 668 668 667 667 667 667 667 667 667 667 667 663 663 663 664 664 663 663 663 663 663 663 663 663 664 664 667 671 674 674 672 671 663 661 661 661 661 661 661 661 661 661 662 662 663 663 666 667 668 671 675 686 687 691 694 697 703 707 720 725 730 733 769 774 780 780 781 783 783 802 802 803 803 845 845 849 0 0 0 0 0 0 0 0 0 0 0 1268 1268 1268 1273 1273 1273 1273 1283 1312 1322 1333 0 0 0 0 0 0 0 0 0 0 1813 1813 1813 1823 1833 1853 0 0 0 0 0 0 2560 2560 2560 2560 2579 2579 2579 2560 2560 2560 2560 2560 2560 2560 2560 2560 2560 2560 2560 2560 2560 2560 2560 2560 2560 2560 2560 2560 2560 2560 2560 2560 2560 2560 2560 2560 2560 2560 2560 2560 2560 2560 2560 2560 2560 2560 2560 2560 2560 2560 2560 2560 2560 2560 2560 2560 2560 2560 2560 2560 2541 2541 2541 2541 2560 2560 2541 2541 2522 2522 2522 2522 2541 2560 2560 2541 2522 2522 2450 2381 2349 2286 2286 2241 2198 2156 2156 2116 2090 2028 2005 1993 1970 1926 1904 1863 1863 1833 1813 1776 1757 1748 1705 1688 1680 1647 1632 1616 1586 1572 1557 1536 1523 1496 1464 1458 1452 1439 1410 1392 1381 1370 1354 1343 1333 1322 1302 1292 1278 1268 1264 1245 1236 1223 1219 1202 1189 1177 1173 1157 1145 1138 1130 1119 1105 1097 1094 1084 1070 1063 1057 1054 1044 1038 1028 1019 1010 1004 1001 989 984 975 967 967 0 0
0 0 0 0 0 0 0 0 0 0 0 0 0 0 0 0 0 0 0 0 0 668 668 668 668 668 668 668 668 668 668 668 668 668 667 667 667 667 667 667 667 667 667 667 667 663 663 663 664 664 664 664 664 663 663 663 663 664 664 664 666 671 674 674 672 666 663 661 661 661 661 661 661 661 661 661 662 663 663 663 664 667 668 672 678 686 687 691 694 697 703 710 720 727 728 728 773 773 778 778 781 783 783 802 802 803 803 845 845 849 858 0 0 0 0 0 0 0 0 0 0 1268 1268 1268 1268 1273 1273 1273 1283 1312 1322 0 0 0 0 0 0 0 0 0 0 0 1813 1813 1813 1823 1833 1853 0 0 0 0 0 0 2560 2560 2560 2579 2579 2598 2579 2560 2560 2560 2560 2560 2560 2560 2560 2560 2560 2560 2560 2560 2560 2560 2560 2560 2560 2560 2560 2560 2560 2560 2560 2560 2560 2560 2560 2560 2560 2560 2560 2560 2560 2560 2560 2560 2560 2560 2560 2560 2560 2560 2560 2560 2560 2560 2579 2560 2560 2560 2579 2560 2541 2541 2541 2541 2560 2560 2541 2541 2522 2522 2522 2522 2541 2560 2560 2541 2522 2522 2450 2381 2349 2301 2301 2241 2198 2156 2156 2116 2090 2028 2005 1993 1993 1936 1904 1863 1853 1833 1823 1785 1757 1757 1705 1696 1663 1639 1632 1616 1594 1572 1557 1536 1516 1496 1464 1458 1452 1445 1415 1404 1381 1365 1359 1349 1333 1322 1302 1292 1278 1273 1264 1245 1232 1223 1219 1202 1189 1177 1173 1157 1149 1138 1134 1123 1105 1097 1094 1084 1070 1063 1060 1050 1044 1038 1031 1016 1010 1004 1001 989 984 975 970 970 0 0
0 0 0 0 0 0 0 0 0 0 0 0 0 0 0 0 0 0 0 0 0 668 668 668 668 668 668 668 668 668 668 668 668 668 667 667 667 666 666 666 667 667 667 667 667 664 664 664 664 664 664 664 664 663 663 663 663 664 664 664 666 670 674 674 674 666 663 661 661 661 661 661 661 661 661 662 662 662 662 663 664 667 668 674 676 687 688 693 696 697 706 710 719 727 728 734 773 773 776 778 780 781 802 802 802 805 805 847 847 854 858 0 0 0 0 0 0 0 0 0 0 1268 1268 1268 1268 1273 1273 1278 1288 1312 1322 0 0 0 0 0 0 0 0 0 0 0 1813 1813 1813 1823 1823 0 0 0 0 0 0 0 2579 2579 2579 2579 2579 2579 2560 2560 2560 2560 2560 2560 2560 2560 2560 2560 2560 2560 2560 2560 2560 2560 2560 2560 2560 2560 2560 2560 2560 2560 2560 2560 2560 2560 2560 2560 2560 2560 2579 2560 2560 2560 2560 2560 2560 2560 2560 2560 2560 2560 2560 2560 2560 2560 2579 2560 2560 2560 2579 2560 2541 2541 2541 2541 2560 2560 2541 2522 2522 2522 2522 2541 2541 2560 2560 2541 2522 2522 2467 2381 2333 2301 2301 2256 2198 2156 2156 2116 2103 2028 2016 1993 1993 1936 1883 1883 1853 1833 1823 1785 1757 1757 1705 1696 1663 1639 1632 1616 1601 1579 1550 1529 1516 1496 1477 1464 1458 1445 1415 1404 1381 1365 1359 1349 1333 1322 1307 1292 1278 1268 1264 1250 1232 1223 1214 1202 1193 1177 1173 1157 1149 1138 1134 1126 1108 1097 1094 1087 1073 1063 1060 1050 1041 1038 1031 1016 1010 1007 1004 992 981 973 964 964 0 0
0 0 0 0 0 0 0 0 0 0 0 0 0 0 0 0 0 0 0 0 0 668 668 668 668 668 668 668 668 668 668 668 668 668 668 668 667 666 666 666 667 667 668 668 668 668 664 664 663 663 663 663 663 663 662 662 663 663 664 664 666 670 674 675 675 668 663 661 661 661 661 661 659 659 661 661 662 662 662 664 666 667 670 674 676 687 690 693 696 697 707 710 719 727 730 734 774 774 776 776 780 780 802 802 805 805 837 837 849 854 858 0 0 0 0 0 0 0 0 0 0 1268 1268 1268 1268 1273 1273 1278 1288 1312 0 0 0 0 0 0 0 0 0 0 0 1804 1804 1804 1813 1823 1823 0 0 0 0 0 0 0 2579 2579 2579 2579 2579 2579 2560 2560 2560 2560 2560 2560 2560 2560 2560 2560 2560 2560 2560 2560 2560 2579 2560 2560 2560 2560 2560 2560 2560 2560 2560 2560 2560 2560 2560 2560 2560 2560 2579 2560 2560 2560 2560 2560 2560 2560 2560 2560 2560 2560 2560 2560 2560 2560 2579 2579 2579 2579 2579 2560 2541 2541 2541 2560 2560 2560 2541 2522 2522 2522 2522 2541 2560 2560 2560 2541 2522 2522 2467 2365 2333 2301 2301 2271 2198 2156 2129 2116 2103 2028 2016 2005 2005 1936 1883 1863 1853 1843 1804 1785 1757 1757 1722 1696 1655 1647 1639 1616 1601 1579 1543 1529 1516 1496 1483 1464 1452 1433 1415 1404 1381 1365 1359 1343 1328 1317 1302 1297 1283 1268 1264 1255 1236 1227 1214 1202 1193 1181 1173 1161 1149 1138 1130 1126 1108 1097 1094 1087 1080 1063 1060 1054 1041 1038 1031 1022 1010 1010 1004 992 981 973 964 964 0 0
0 0 0 0 0 0 0 0 0 0 0 0 0 0 0 0 0 0 0 0 0 668 668 668 668 668 668 667 667 668 668 668 668 668 668 668 667 667 667 667 667 667 668 668 668 668 664 664 663 663 663 663 663 662 662 662 662 663 663 664 666 671 674 675 675 672 662 661 661 661 661 661 659 659 661 661 661 662 663 664 666 667 671 675 676 687 690 693 696 697 706 710 719 727 734 736 776 776 776 776 780 780 800 800 807 819 823 835 849 858 860 871 0 0 0 0 0 0 0 0 0 0 1268 1268 1268 1268 1268 1273 1288 1288 0 0 0 0 0 0 0 0 0 0 0 1804 1785 1785 1804 1813 1823 0 0 0 0 0 0 2639 2639 2598 2598 2598 2579 2579 2560 2560 2560 2560 2560 2560 2579 2579 2560 2560 2560 2560 2560 2560 2560 2560 2560 2560 2560 2560 2560 2560 2560 2560 2560 2560 2560 2560 2560 2560 2560 2579 2579 2560 2560 2560 2560 2560 2560 2560 2560 2560 2560 2579 2579 2560 2560 2560 2579 2579 2579 2579 2560 2560 2560 2560 2560 2560 2560 2560 2541 2541 2541 2541 2541 2541 2560 2560 2560 2541 2522 2485 2467 2365 2333 2301 2301 2271 2198 2156 2129 2116 2103 2028 2016 1993 1993 1926 1883 1863 1863 1843 1804 1785 1757 1757 1722 1671 1655 1655 1639 1616 1594 1572 1543 1529 1523 1503 1483 1458 1445 1433 1421 1404 1381 1365 1359 1343 1328 1317 1302 1297 1283 1273 1264 1250 1236 1227 1214 1202 1193 1181 1173 1165 1153 1134 1130 1126 1112 1101 1094 1090 1084 1073 1060 1050 1041 1038 1034 1025 1013 1010 1004 998 992 978 964 964 0 0
0 0 0 0 0 0 0 0 0 0 0 0 0 0 0 0 0 0 0 0 0 668 668 668 668 668 668 667 667 668 668 668 668 668 668 668 667 667 667 667 667 667 668 668 668 668 664 663 663 663 663 663 663 662 662 662 662 663 663 664 667 672 674 675 676 676 661 659 659 659 659 659 659 659 661 661 661 662 662 664 666 667 670 674 676 687 690 693 696 698 706 708 711 730 734 736 776 776 776 776 780 780 800 800 807 819 821 833 860 860 860 871 0 0 0 0 0 0 0 0 0 0 1268 1268 1268 1268 1268 1273 1283 1283 1370 1370 0 0 0 0 0 0 0 0 0 1776 1776 1776 1794 1813 1823 0 0 0 2639 0 0 2639 2639 2598 2598 2598 2579 2579 2560 2560 2560 2560 2560 2579 2579 2579 2560 2560 2560 2560 2560 2560 2579 2560 2560 2560 2560 2560 2560 2560 2560 2560 2560 2560 2560 2560 2560 2560 2560 2579 2560 2560 2560 2560 2560 2560 2560 2560 2560 2560 2579 2579 2579 2579 2579 2560 2560 2560 2560 2560 2560 2560 2541 2541 2560 2560 2560 2560 2560 2541 2541 2541 2541 2541 2560 2560 2560 2541 2522 2485 2485 2381 2349 2301 2286 2271 2198 2156 2156 2116 2090 2028 2016 1993 1993 1926 1883 1863 1863 1853 1804 1785 1757 1757 1722 1671 1655 1655 1639 1616 1594 1572 1543 1529 1523 1509 1489 1458 1445 1433 1427 1404 1381 1376 1365 1349 1328 1317 1307 1297 1288 1278 1264 1250 1241 1232 1214 1202 1193 1185 1177 1173 1145 1134 1130 1126 1112 1101 1094 1090 1084 1073 1063 1050 1041 1038 1034 1028 1016 1010 1004 998 989 970 964 964 0 0
0 0 0 0 0 0 0 0 0 0 0 0 0 0 0 0 0 0 0 0 0 668 668 668 668 670 668 668 668 668 668 667 667 667 667 667 667 667 667 667 667 668 668 668 666 666 664 663 663 663 663 663 663 663 662 662 662 663 663 664 667 670 674 675 676 676 659 659 659 659 659 659 659 659 659 659 661 662 662 663 664 667 670 672 676 687 688 693 697 700 706 708 711 730 733 736 773 774 776 776 780 780 783 789 819 819 821 833 860 860 860 860 0 0 0 0 0 0 0 0 0 0 1268 1268 1268 1268 1268 1273 1278 1365 1365 1370 0 0 0 0 0 0 0 0 0 1766 1766 1776 1794 1823 1853 0 0 0 2639 2639 2639 2639 2659 2579 2579 2579 2579 2579 2560 2560 2560 2560 2560 2560 2579 2579 2560 2560 2560 2560 2560 2560 2560 2560 2560 2560 2560 2560 2560 2560 2560 2560 2560 2560 2560 2560 2560 2560 2560 2579 2560 2560 2560 2560 2560 2560 2560 2560 2560 2560 2560 2560 2560 2560 2560 2560 2560 2560 2560 2560 2560 2560 2541 2541 2560 2560 2560 2579 2560 2541 2541 2541 2541 2541 2560 2560 2560 2541 2522 2485 2485 2381 2349 2317 2286 2286 2212 2156 2156 2116 2090 2040 2016 1993 1981 1926 1904 1873 1863 1863 1794 1776 1757 1757 1731 1688 1663 1663 1639 1616 1579 1579 1550 1536 1529 1509 1483 1464 1445 1433 1427 1410 1387 1381 1370 1349 1328 1317 1307 1297 1288 1278 1264 1250 1241 1232 1214 1206 1193 1185 1177 1173 1145 1134 1130 1126 1115 1105 1094 1090 1084 1077 1067 1050 1044 1038 1034 1031 1016 1007 1004 992 984 970 964 964 0 0
0 0 0 0 0 0 0 0 0 0 0 0 0 0 0 0 0 0 0 0 0 668 668 670 670 668 668 668 668 668 668 667 667 667 667 667 667 667 667 667 667 668 668 666 666 666 666 664 664 663 663 663 663 663 662 662 663 663 663 664 667 670 674 675 675 675 659 659 658 658 659 659 659 659 658 658 661 661 662 663 664 667 670 672 676 687 688 693 698 706 708 710 730 730 733 738 767 771 774 776 780 780 781 787 821 821 823 823 858 858 858 0 0 0 0 0 908 908 908 0 0 0 1273 1268 1268 1268 1268 1273 1278 1288 1354 1370 0 0 0 0 0 0 0 0 0 1766 1766 1776 1794 1823 1853 0 0 0 2639 2639 2639 2639 2579 2579 2579 2579 2579 2579 2560 2560 2560 2560 2560 2560 2560 2579 2579 2579 2560 2560 2560 2560 2560 2560 2560 2560 2560 2560 2560 2560 2560 2560 2560 2560 2560 2560 2560 2579 2579 2579 2560 2560 2560 2579 2579 2579 2560 2560 2560 2560 2560 2560 2560 2560 2560 2560 2560 2560 2560 2560 2560 2560 2560 2560 2560 2560 2560 2560 2560 2560 2541 2541 2541 2560 2560 2579 2560 2541 2522 2485 2485 2398 2349 2317 2286 2286 2226 2170 2129 2116 2090 2053 2016 1993 1981 1936 1915 1883 1863 1853 1794 1776 1757 1757 1731 1680 1663 1663 1632 1616 1579 1579 1557 1536 1523 1509 1483 1470 1458 1439 1421 1410 1392 1381 1365 1349 1328 1322 1312 1297 1288 1278 1264 1250 1241 1232 1219 1206 1193 1185 1177 1173 1149 1141 1130 1126 1115 1105 1094 1090 1084 1073 1063 1050 1044 1041 1034 1031 1013 1007 1004 989 984 973 967 967 0 0
0 0 0 0 0 0 0 0 0 0 0 0 0 0 0 0 0 0 0 0 0 668 668 670 670 668 668 668 668 668 668 667 667 667 667 667 667 667 668 668 668 668 666 666 666 666 666 667 666 663 662 662 663 663 663 663 663 663 663 666 667 670 674 675 674 674 661 659 658 658 659 659 659 659 658 658 661 661 662 662 666 667 670 671 676 687 690 700 704 708 710 725 730 733 734 738 762 766 773 774 780 780 781 787 803 823 825 841 858 858 858 858 0 920 0 915 908 908 908 0 0 0 1273 1268 1268 1268 1268 1273 1278 1288 1343 0 0 0 0 0 0 0 0 0 0 1785 1785 1804 1813 1823 1843 0 0 0 2659 2659 2659 2659 2579 2579 2579 2579 2579 2598 2579 2579 2560 2560 2560 2560 2560 2560 2579 2579 2560 2560 2560 2560 2560 2560 2560 2579 2560 2560 2560 2560 2560 2560 2560 2560 2560 2560 2560 2560 2560 2579 2579 2560 2560 2579 2579 2579 2579 2560 2560 2560 2560 2560 2560 2560 2579 2560 2560 2579 2579 2579 2560 2560 2560 2560 2560 2560 2560 2560 2560 2560 2541 2541 2541 2560 2560 2560 2560 2560 2522 2485 2485 2398 2349 2317 2286 2286 2212 2170 2129 2129 2090 2053 2016 1993 1993 1936 1915 1883 1883 1853 1804 1776 1757 1757 1739 1680 1663 1663 1632 1616 1586 1586 1543 1536 1516 1509 1489 1477 1458 1439 1415 1410 1398 1381 1365 1349 1333 1322 1312 1302 1292 1278 1264 1250 1241 1227 1223 1210 1197 1185 1181 1169 1157 1141 1138 1126 1115 1105 1097 1090 1084 1073 1063 1054 1047 1041 1034 1031 1013 1007 1004 989 984 975 967 967 0 0
0 0 0 0 0 0 0 0 0 0 0 0 0 0 0 0 0 0 0 0 0 668 668 670 670 668 668 668 668 667 667 667 667 667 667 667 667 667 668 668 668 666 666 666 666 664 664 667 666 663 662 662 663 663 663 663 662 662 663 666 667 670 674 674 674 674 662 659 659 659 659 659 659 659 659 659 661 661 662 662 664 667 671 671 676 687 693 697 703 710 711 725 730 736 739 747 761 764 771 774 778 778 798 798 803 829 833 841 910 910 918 920 920 920 908 908 910 910 910 0 0 0 1273 1273 1268 1268 1273 1273 1278 1292 1333 0 0 0 0 0 0 0 0 0 0 1794 1794 1804 1813 1823 1843 1853 0 0 0 2659 2659 2579 2560 2560 2579 2579 2579 2598 2579 2579 2560 2560 2560 2560 2560 2560 2579 2579 2560 2560 2560 2560 2560 2560 2560 2579 2579 2579 2579 2579 2579 2579 2560 2560 2560 2560 2560 2560 2560 2560 2579 2560 2560 2579 2579 2579 2579 2560 2560 2560 2560 2560 2560 2579 2579 2579 2579 2579 2579 2579 2560 2560 2541 2541 2560 2560 2560 2560 2560 2541 2541 2541 2541 2560 2560 2560 2560 2560 2522 2485 2485 2398 2365 2333 2301 2301 2212 2170 2143 2143 2090 2065 2028 1993 1993 1936 1904 1883 1883 1853 1804 1776 1766 1766 1739 1680 1663 1663 1639 1616 1594 1594 1543 1529 1516 1509 1496 1477 1464 1445 1415 1410 1404 1387 1365 1349 1338 1322 1312 1302 1292 1273 1259 1250 1241 1227 1219 1214 1197 1185 1181 1169 1157 1141 1138 1126 1119 1108 1101 1090 1080 1070 1063 1057 1047 1041 1034 1031 1019 1007 1007 998 984 975 970 970 0 0
0 0 0 0 0 0 0 0 0 0 0 0 0 0 0 0 0 0 0 0 0 668 668 668 668 668 667 667 668 667 667 667 667 667 667 667 667 667 667 667 666 666 666 666 664 663 663 663 663 663 662 662 663 663 663 662 662 662 663 666 668 671 674 674 674 674 661 659 659 659 659 659 659 659 659 659 659 661 662 662 663 667 671 672 676 679 694 697 700 711 716 725 731 736 741 750 759 762 766 773 776 778 790 798 803 825 835 841 910 915 918 915 915 915 908 908 910 910 910 0 0 0 1273 1273 1268 1268 1273 1273 1278 1288 1333 0 0 0 0 0 0 0 0 0 0 1776 1776 1785 1804 1823 1853 1853 0 0 0 0 0 2579 2560 2560 2579 2579 2579 2579 2579 2579 2579 2560 2560 2560 2560 2560 2579 2579 2560 2560 2560 2560 2560 2560 2560 2579 2579 2579 2579 2579 2579 2579 2579 2560 2560 2560 2560 2560 2560 2560 2579 2579 2579 2579 2579 2579 2579 2560 2560 2560 2560 2560 2579 2579 2579 2579 2579 2579 2598 2598 2560 2560 2541 2541 2560 2560 2560 2560 2560 2541 2541 2541 2541 2560 2560 2560 2560 2560 2522 2485 2485 2398 2349 2333 2317 2317 2212 2170 2143 2129 2090 2065 2028 1993 1993 1936 1894 1883 1863 1853 1804 1776 1757 1757 1739 1680 1663 1663 1647 1616 1594 1594 1550 1523 1516 1509 1496 1477 1458 1445 1415 1410 1398 1392 1365 1349 1343 1322 1312 1302 1292 1273 1259 1250 1245 1227 1219 1214 1197 1185 1181 1177 1161 1141 1138 1126 1119 1108 1101 1090 1080 1070 1063 1060 1047 1041 1031 1028 1019 1010 1007 1004 987 975 970 970 0 0
0 0 0 0 0 0 0 0 0 0 0 0 0 0 0 0 0 0 0 0 0 668 668 668 668 667 667 667 667 667 667 666 666 666 667 667 667 667 666 666 666 666 666 666 664 663 663 663 663 663 662 662 663 663 662 662 662 662 663 664 668 671 674 674 674 674 661 659 659 659 659 659 659 659 661 659 659 661 662 662 663 667 671 676 678 679 693 697 700 713 717 728 733 738 744 750 755 761 764 769 774 790 790 796 803 825 829 841 910 915 915 913 913 913 908 908 910 0 910 0 0 0 1273 1273 1268 1268 1273 1273 1273 1288 1333 0 0 0 0 0 0 0 0 0 0 1776 1776 1785 1804 1823 1843 0 0 0 0 0 0 0 0 2579 2579 2579 2579 2579 2579 2579 2579 2560 2560 2560 2579 2579 2579 2579 2560 2560 2560 2560 2560 2560 2560 2579 2579 2579 2579 2579 2579 2579 2579 2560 2560 2560 2560 2560 2560 2560 2579 2579 2579 2579 2579 2579 2579 2579 2579 2579 2579 2579 2579 2598 2579 2579 2579 2579 2598 2598 2579 2560 2541 2541 2560 2560 2579 2560 2560 2541 2541 2541 2541 2560 2560 2560 2560 2560 2541 2485 2485 2398 2349 2333 2317 2317 2212 2170 2156 2129 2078 2065 2028 1993 1993 1936 1894 1873 1863 1863 1813 1776 1757 1757 1739 1680 1663 1655 1647 1624 1594 1594 1550 1523 1516 1496 1496 1477 1458 1445 1415 1404 1398 1387 1365 1349 1343 1328 1317 1307 1288 1278 1264 1255 1245 1232 1223 1214 1197 1185 1181 1173 1161 1145 1134 1126 1123 1112 1097 1090 1084 1073 1060 1060 1050 1041 1031 1028 1019 1010 1007 1004 992 992 992 0 0 0
0 0 0 0 0 0 0 0 0 0 0 0 0 0 0 0 0 0 0 0 0 668 668 668 668 667 667 667 667 667 667 666 666 666 667 667 666 666 666 666 666 666 664 664 663 663 664 663 663 663 663 663 662 662 662 662 662 662 663 664 668 672 674 674 674 662 661 659 659 658 658 659 659 659 661 661 661 661 662 662 664 667 671 676 679 690 693 697 700 710 716 730 734 739 744 750 755 759 762 767 771 790 790 796 817 821 827 827 915 915 908 906 906 908 908 908 910 0 0 0 1268 1268 1268 1273 1268 1268 1268 1273 1273 1317 1328 1338 1343 0 0 0 0 0 0 0 0 1776 1776 1794 1804 1823 1843 0 0 0 0 0 0 0 0 2598 2598 2598 2598 2598 2579 2579 2579 2560 2560 2560 2579 2579 2579 2579 2579 2579 2560 2560 2560 2560 2579 2579 2579 2579 2560 2560 2560 2560 2579 2560 2560 2579 2560 2560 2579 2579 2579 2579 2579 2579 2579 2579 2579 2579 2579 2579 2579 2579 2579 2598 2598 2598 2598 2579 2579 2579 2579 2560 2560 2560 2560 2560 2579 2579 2560 2560 2560 2560 2560 2560 2560 2560 2560 2560 2541 2485 2485 2398 2349 2333 2317 2317 2212 2170 2156 2156 2078 2053 2028 1993 1993 1936 1894 1873 1863 1863 1813 1776 1757 1757 1731 1680 1663 1655 1655 1624 1586 1586 1564 1536 1523 1496 1496 1470 1458 1445 1415 1404 1398 1387 1376 1354 1343 1333 1322 1312 1288 1278 1273 1255 1245 1232 1223 1210 1197 1189 1181 1169 1161 1149 1134 1126 1123 1105 1094 1090 1084 1073 1060 1057 1050 1041 1031 1022 1019 1013 1010 998 992 978 973 973 0 0
0 0 0 0 0 0 0 0 0 0 0 0 0 0 0 0 0 0 0 0 0 667 667 668 668 668 667 667 667 667 667 664 664 666 667 667 666 666 666 666 666 666 664 664 663 663 663 663 663 663 663 663 662 662 662 662 662 662 663 664 668 672 674 674 674 659 659 659 659 658 658 658 659 659 661 661 661 661 662 662 664 667 671 672 679 690 693 698 706 710 716 731 736 739 744 749 752 757 762 767 769 792 792 798 817 821 827 827 898 898 898 901 903 906 908 908 910 0 0 0 0 1268 1268 1273 1268 1268 1268 1273 1273 1317 1328 1338 1343 0 0 0 0 0 0 0 0 0 1794 1794 1813 1833 0 0 0 0 0 0 0 0 0 2598 2598 2618 2598 2598 2579 2579 2579 2579 2579 2579 2579 2598 2579 2579 2579 2579 2579 2560 2560 2579 2579 2579 2579 2579 2560 2560 2560 2560 2560 2579 2579 2579 2579 2579 2579 2579 2579 2579 2579 2579 2579 2579 2579 2579 2579 2579 2579 2579 2579 2598 2598 2598 2598 2579 2579 2579 2579 2560 2541 2541 2560 2560 2579 2579 2579 2560 2560 2560 2560 2560 2560 2579 2579 2560 2541 2503 2503 2398 2349 2333 2317 2286 2212 2184 2143 2143 2078 2053 2028 1993 1993 1936 1894 1873 1863 1863 1804 1776 1757 1757 1731 1688 1671 1655 1655 1624 1579 1579 1564 1543 1529 1496 1496 1470 1458 1445 1427 1410 1398 1387 1370 1354 1343 1333 1322 1317 1288 1278 1273 1259 1250 1232 1223 1210 1197 1189 1181 1169 1165 1153 1134 1126 1123 1105 1094 1090 1084 1077 1063 1057 1047 1044 1031 1022 1019 1013 1010 998 989 978 973 973 0 0
0 0 0 0 0 0 0 0 0 0 0 0 0 0 0 0 0 0 0 0 0 667 667 668 668 668 667 667 667 667 667 664 664 667 667 667 666 666 664 664 666 666 666 664 663 663 663 663 663 663 663 663 663 662 662 662 662 663 663 666 668 672 674 674 674 659 659 659 659 658 658 658 658 659 661 661 661 661 662 662 666 667 670 672 690 690 693 698 704 710 716 731 736 739 744 749 752 757 761 764 767 809 807 807 819 827 829 829 898 898 898 901 903 906 908 908 918 0 0 0 0 1268 1268 1273 1268 1268 1268 1273 1273 1322 1328 1338 1343 0 0 0 0 0 0 0 0 0 1794 1794 1813 1833 0 0 0 0 0 0 0 0 0 2598 2598 2618 2618 2598 2598 2579 2579 2579 2579 2579 2579 2598 2598 2579 2579 2579 2579 2579 2579 2579 2579 2579 2560 2560 2560 2560 2560 2560 2560 2579 2579 2579 2579 2579 2579 2579 2579 2579 2579 2579 2579 2579 2579 2579 2579 2579 2579 2579 2579 2598 2598 2598 2598 2579 2579 2579 2579 2560 2541 2541 2560 2560 2579 2579 2579 2560 2560 2560 2560 2560 2560 2579 2579 2579 2541 2485 2485 2415 2365 2333 2317 2286 2226 2184 2143 2143 2078 2053 2040 1993 1993 1947 1894 1873 1863 1863 1804 1776 1757 1757 1722 1688 1680 1655 1655 1632 1579 1579 1564 1543 1529 1496 1496 1477 1458 1445 1427 1410 1398 1387 1370 1354 1343 1328 1322 1317 1292 1283 1273 1259 1250 1232 1223 1210 1197 1189 1181 1169 1161 1153 1138 1130 1123 1105 1094 1090 1084 1080 1063 1054 1047 1044 1034 1022 1019 1016 1010 998 989 981 973 973 0 0
0 0 0 0 0 0 0 0 0 0 0 0 0 0 0 0 0 0 0 0 0 668 668 668 668 668 667 667 667 667 667 667 667 667 667 667 666 666 664 664 666 666 664 663 663 663 663 663 663 663 663 663 663 663 663 663 663 663 663 666 668 672 674 674 674 659 659 659 659 658 658 658 658 659 661 661 661 661 662 663 666 666 668 672 684 688 693 698 704 710 714 727 738 741 746 750 754 755 761 764 762 762 809 815 821 829 837 858 858 858 901 901 906 906 0 0 0 0 0 0 0 1268 1268 1273 1273 1273 1273 1273 1273 1328 1328 1338 1343 0 0 0 0 0 0 0 1766 1766 1776 1785 1823 1843 1936 0 0 0 0 0 0 0 2579 2579 2579 2598 2598 2598 2579 2579 2579 2579 2579 2560 2560 2598 2598 2598 2598 2579 2579 2579 2579 2579 2598 2579 2560 2560 2560 2560 2560 2560 2560 2579 2579 2598 2598 2598 2598 2598 2598 2579 2579 2579 2579 2579 2579 2579 2579 2579 2579 2579 2579 2598 2598 2598 2598 2579 2579 2579 2579 2560 2560 2560 2560 2560 2579 2579 2579 2560 2541 2541 2541 2560 2560 2579 2579 2560 2541 2485 2485 2415 2365 2349 2317 2286 2226 2198 2156 2129 2078 2053 2028 1993 1993 1936 1904 1873 1863 1863 1804 1785 1766 1757 1722 1688 1671 1663 1663 1632 1586 1586 1564 1550 1529 1503 1503 1483 1464 1439 1427 1410 1404 1387 1370 1365 1349 1322 1317 1312 1297 1283 1268 1259 1250 1232 1223 1210 1202 1193 1181 1169 1161 1157 1141 1130 1123 1105 1094 1090 1084 1080 1067 1050 1047 1047 1038 1022 1019 1016 1013 1001 989 981 975 975 0 0
0 0 0 0 0 0 0 0 0 0 0 0 0 0 0 0 0 0 0 0 0 668 668 668 668 668 668 668 667 667 667 667 667 667 667 667 667 666 664 664 666 664 664 663 663 663 663 663 663 663 663 663 663 663 663 663 663 663 664 667 670 672 674 674 672 658 658 659 659 659 658 658 658 659 659 661 661 661 662 663 666 666 667 671 684 688 694 700 706 710 714 725 741 741 747 750 754 755 759 764 762 762 813 817 823 829 837 858 858 858 901 901 906 906 0 0 0 0 0 0 1268 1268 1268 1268 1273 1273 1273 1273 1278 1328 1328 1333 1349 0 0 0 0 0 0 1722 1722 1739 1776 1785 1823 1843 1904 0 0 0 0 0 0 0 2579 2579 2579 2598 2598 2598 2579 2579 2579 2598 2579 2560 2560 2598 2598 2598 2598 2598 2598 2579 2579 2579 2598 2598 2579 2579 2560 2560 2560 2579 2579 2579 2598 2598 2598 2598 2598 2598 2598 2598 2598 2598 2579 2579 2579 2579 2598 2598 2598 2579 2579 2598 2598 2598 2579 2579 2579 2579 2579 2560 2560 2560 2560 2560 2579 2579 2579 2560 2541 2541 2541 2560 2560 2579 2560 2560 2541 2485 2485 2415 2381 2349 2317 2286 2241 2198 2156 2129 2078 2053 2028 2005 2005 1936 1915 1883 1863 1863 1804 1785 1766 1757 1757 1688 1671 1655 1655 1632 1594 1594 1564 1543 1523 1503 1503 1489 1470 1439 1427 1421 1404 1387 1370 1359 1349 1322 1317 1312 1297 1283 1268 1259 1255 1241 1223 1210 1202 1193 1181 1169 1161 1157 1141 1130 1123 1112 1101 1090 1084 1080 1067 1050 1047 1047 1038 1022 1022 1019 1016 1004 989 981 975 975 0 0
0 0 0 0 0 0 0 0 0 0 0 0 0 0 0 0 0 0 0 0 0 668 668 668 668 668 668 668 667 667 667 667 667 667 667 667 667 664 664 664 666 664 664 663 663 663 663 663 663 663 663 663 662 662 663 663 663 664 666 667 670 672 674 674 672 658 658 659 659 659 658 658 658 659 659 659 659 661 662 664 666 666 667 671 684 688 694 700 703 707 714 725 744 744 747 750 754 755 759 771 771 813 813 817 825 831 837 837 901 901 901 906 908 908 0 0 0 0 0 0 1268 1268 1268 1268 1273 1273 1273 1278 1283 1328 1328 1333 0 0 0 0 0 0 0 1722 1722 1739 1776 1785 1813 1843 1894 0 0 0 0 0 0 0 2579 2579 2598 2598 2598 2598 2579 2579 2579 2579 2579 2598 2598 2598 2598 2598 2598 2598 2598 2579 2579 2579 2598 2598 2579 2579 2579 2579 2579 2579 2579 2579 2579 2598 2598 2598 2598 2598 2598 2598 2598 2598 2598 2598 2598 2598 2598 2598 2598 2598 2598 2598 2598 2598 2579 2579 2579 2579 2598 2560 2560 2560 2560 2560 2579 2579 2579 2560 2541 2541 2541 2560 2560 2579 2560 2560 2541 2503 2485 2432 2381 2349 2317 2286 2241 2198 2156 2129 2090 2053 2028 2005 1993 1936 1915 1883 1863 1863 1804 1785 1766 1757 1757 1688 1671 1655 1655 1632 1594 1572 1564 1543 1523 1496 1496 1489 1470 1439 1427 1421 1410 1387 1370 1359 1349 1328 1317 1312 1302 1292 1268 1259 1250 1241 1223 1210 1202 1193 1185 1173 1161 1157 1145 1130 1123 1112 1101 1090 1087 1080 1070 1054 1050 1047 1041 1025 1022 1019 1016 1001 992 987 981 981 0 0
0 0 0 0 0 0 0 0 0 0 0 0 0 0 0 0 0 0 0 0 0 668 668 668 668 668 668 668 667 667 666 666 666 667 666 666 667 664 664 664 664 664 663 663 663 663 663 663 663 663 663 662 662 662 662 662 663 664 666 667 670 672 674 674 672 659 659 659 659 659 659 658 658 658 659 659 659 661 662 664 664 666 668 678 683 688 694 698 703 706 711 725 725 749 749 749 752 755 759 771 771 813 813 819 825 831 831 831 894 894 894 903 908 915 918 0 0 0 0 0 1268 1268 1268 1268 1273 1273 1273 1278 1292 1333 1333 0 0 0 0 0 0 0 0 0 1739 1739 1776 1794 1813 1843 1853 0 0 0 0 0 0 2579 2579 2579 2598 2618 2598 2598 2579 2579 2579 2579 2579 2598 2598 2598 2598 2598 2598 2598 2598 2579 2579 2579 2598 2598 2579 2579 2579 2579 2598 2598 2598 2579 2579 2579 2579 2579 2598 2598 2598 2598 2598 2598 2598 2598 2598 2598 2598 2598 2598 2598 2598 2598 2598 2598 2598 2579 2579 2579 2598 2579 2560 2560 2560 2560 2560 2579 2579 2560 2560 2560 2560 2560 2579 2579 2560 2560 2541 2503 2485 2415 2381 2349 2317 2286 2241 2184 2143 2129 2103 2053 2028 2005 1993 1936 1915 1894 1863 1863 1804 1794 1766 1757 1757 1696 1671 1655 1655 1632 1594 1572 1572 1543 1523 1496 1496 1483 1470 1445 1427 1421 1410 1392 1370 1359 1349 1333 1317 1312 1302 1292 1268 1259 1250 1241 1232 1210 1202 1193 1185 1173 1161 1157 1145 1130 1123 1108 1101 1097 1087 1084 1070 1054 1050 1044 1038 1025 1022 1019 1016 1001 992 984 981 981 0 0
0 0 0 0 0 0 0 0 0 0 0 0 0 0 0 0 0 0 0 0 0 668 668 668 668 668 668 668 667 666 666 666 666 666 666 666 666 663 663 663 663 663 663 663 663 663 663 663 663 663 663 662 662 662 662 662 663 664 666 666 668 671 674 674 672 661 661 659 659 659 658 658 658 658 658 659 661 662 662 664 664 666 670 676 683 688 693 697 701 701 711 723 723 749 749 749 750 754 761 761 811 811 813 817 825 833 833 851 894 894 894 903 908 915 918 0 0 0 0 0 1268 1268 1268 1268 1268 1273 1273 1278 1278 1278 0 0 0 0 0 0 0 0 0 0 0 1776 1776 1794 1813 1843 1853 0 0 0 0 0 0 2579 2579 2579 2598 2618 2598 2598 2579 2579 2579 2579 2579 2598 2598 2598 2598 2598 2598 2579 2579 2579 2579 2579 2598 2598 2579 2579 2579 2598 2598 2598 2598 2598 2598 2579 2579 2579 2579 2579 2598 2579 2579 2598 2598 2598 2598 2598 2598 2598 2598 2598 2598 2598 2598 2598 2598 2579 2579 2579 2579 2579 2560 2560 2560 2560 2560 2579 2579 2579 2560 2560 2560 2560 2579 2579 2579 2579 2560 2522 2485 2415 2381 2333 2317 2286 2256 2184 2143 2143 2103 2065 2028 2005 1993 1936 1915 1894 1863 1863 1813 1776 1766 1757 1757 1696 1671 1655 1655 1639 1594 1572 1564 1550 1529 1496 1496 1483 1470 1458 1433 1415 1404 1392 1370 1359 1349 1338 1322 1307 1302 1292 1268 1259 1245 1241 1227 1210 1202 1193 1185 1173 1165 1157 1149 1130 1123 1108 1101 1097 1087 1080 1073 1057 1054 1044 1038 1028 1025 1019 1013 1001 989 984 978 978 0 0
0 0 0 0 0 0 0 0 0 0 0 0 0 0 0 0 0 0 0 0 0 668 668 668 668 668 668 667 667 666 666 666 666 664 664 664 664 663 663 663 663 663 663 663 663 663 663 663 663 663 663 663 662 662 663 663 663 663 664 666 668 671 674 674 672 662 661 659 659 659 658 658 658 658 658 659 659 662 662 664 664 667 670 676 683 688 693 696 700 701 704 723 723 749 747 747 750 752 767 771 811 811 813 817 827 839 851 851 894 894 894 903 908 913 918 0 0 0 0 0 1268 1268 1268 1268 1268 1273 1273 1278 1278 0 0 0 0 0 0 0 0 0 0 0 0 1776 1776 1804 1813 1833 1853 0 0 0 0 0 0 2598 2598 2618 2618 2618 2598 2598 2579 2579 2579 2579 2579 2598 2598 2598 2598 2598 2618 2579 2579 2579 2579 2579 2598 2598 2579 2579 2579 2598 2598 2598 2598 2598 2598 2598 2579 2579 2579 2579 2579 2579 2579 2598 2598 2598 2598 2598 2598 2598 2598 2598 2598 2598 2598 2598 2598 2598 2598 2579 2579 2579 2560 2560 2560 2560 2560 2579 2598 2579 2560 2560 2560 2560 2560 2560 2579 2579 2560 2522 2485 2432 2381 2333 2317 2286 2241 2184 2156 2129 2103 2065 2028 2005 1993 1947 1915 1894 1863 1863 1813 1776 1766 1757 1757 1696 1671 1655 1655 1639 1594 1594 1564 1550 1529 1496 1496 1483 1470 1458 1421 1415 1404 1392 1370 1359 1349 1338 1322 1307 1302 1292 1273 1259 1245 1241 1227 1210 1202 1193 1185 1173 1165 1157 1149 1130 1123 1112 1105 1097 1087 1080 1073 1063 1057 1044 1038 1028 1025 1019 1010 1001 989 975 975 975 0 0
0 0 0 0 0 0 0 0 0 0 0 0 0 0 0 0 0 0 0 0 0 668 668 668 668 668 668 667 667 666 666 666 666 664 664 664 664 663 663 663 663 663 663 663 663 663 663 663 663 663 663 663 662 662 663 663 663 663 664 666 667 670 674 674 671 661 661 659 659 659 659 659 658 658 658 659 659 661 662 664 666 667 671 675 683 688 693 696 700 703 704 723 723 747 747 747 750 752 757 762 811 811 813 819 827 841 847 847 896 896 896 903 908 913 918 0 0 0 0 0 1273 1268 1268 1268 1268 1273 1273 1283 1307 1307 0 0 0 0 0 0 0 0 0 0 1776 1776 1776 1804 1813 1833 1853 0 0 0 0 0 0 2618 2618 2639 2618 2598 2598 2598 2598 2598 2579 2579 2579 2598 2598 2598 2598 2598 2618 2579 2579 2579 2579 2598 2598 2598 2579 2579 2598 2598 2579 2579 2598 2598 2598 2598 2579 2579 2579 2579 2579 2579 2579 2598 2598 2598 2598 2598 2598 2598 2598 2598 2598 2598 2598 2598 2598 2598 2598 2579 2579 2579 2560 2560 2560 2579 2579 2598 2598 2579 2560 2560 2560 2560 2560 2560 2560 2579 2579 2522 2485 2432 2381 2333 2301 2286 2241 2184 2156 2129 2103 2065 2040 2005 1993 1936 1915 1894 1873 1863 1823 1766 1766 1757 1748 1696 1680 1663 1663 1639 1594 1572 1564 1557 1536 1503 1503 1483 1464 1458 1421 1415 1404 1392 1370 1359 1354 1343 1322 1307 1302 1292 1273 1259 1250 1245 1223 1210 1202 1197 1185 1173 1165 1157 1149 1138 1126 1112 1105 1097 1087 1080 1073 1063 1057 1044 1038 1028 1025 1019 1010 1004 984 975 973 973 0 0
0 0 0 0 0 0 0 0 0 0 0 0 0 0 0 0 0 0 0 0 0 668 668 668 667 667 667 667 666 666 666 666 666 664 664 664 664 663 663 663 663 663 663 663 663 663 663 663 663 663 663 663 663 663 663 663 663 663 664 666 667 668 672 674 671 661 661 659 659 659 659 659 659 658 658 659 659 661 662 664 666 667 671 675 684 688 693 696 700 703 706 722 723 747 747 749 750 752 755 762 762 813 813 819 829 839 847 847 891 891 896 903 908 913 0 0 0 0 0 0 1273 1268 1268 1268 1268 1273 1273 1283 1307 1307 1354 1354 0 0 0 0 0 0 0 0 1776 1776 1776 1804 1823 1833 1853 0 0 0 0 0 0 2618 2618 2618 2598 2598 2598 2598 2598 2598 2579 2579 2579 2598 2598 2598 2618 2618 2618 2579 2579 2598 2598 2598 2598 2598 2579 2579 2598 2598 2579 2579 2598 2598 2598 2598 2598 2598 2598 2579 2579 2579 2579 2598 2598 2598 2598 2598 2598 2598 2598 2598 2598 2598 2598 2598 2598 2598 2598 2598 2579 2579 2560 2560 2560 2560 2579 2598 2598 2579 2560 2560 2560 2560 2560 2560 2560 2579 2560 2503 2485 2450 2365 2333 2301 2286 2256 2184 2156 2129 2103 2053 2028 1993 1993 1936 1926 1894 1873 1863 1823 1766 1766 1757 1748 1705 1688 1663 1663 1639 1594 1572 1564 1557 1536 1509 1509 1483 1464 1458 1427 1415 1404 1392 1376 1365 1354 1343 1322 1307 1302 1292 1273 1259 1255 1245 1223 1210 1206 1202 1185 1177 1165 1157 1149 1138 1130 1112 1105 1097 1090 1084 1077 1060 1057 1054 1038 1028 1022 1016 1010 1001 984 978 973 973 0 0
0 0 0 0 0 0 0 0 0 0 0 0 0 0 0 0 0 0 0 0 0 668 667 667 667 667 667 666 666 666 666 664 664 664 664 664 664 664 664 663 663 663 663 663 663 663 663 663 663 663 663 663 663 663 663 663 663 663 664 666 667 668 671 672 672 661 661 659 659 659 659 659 659 658 658 659 661 662 662 664 666 668 671 675 684 688 691 696 700 703 710 719 723 747 747 749 749 752 755 773 781 811 811 819 829 835 847 847 889 889 896 901 901 923 0 0 0 0 0 0 1268 1268 1268 1268 1273 1273 1273 1283 1312 1328 1333 1312 1312 1312 1312 0 0 0 0 1757 1757 1776 1776 1804 1813 1823 1853 0 0 0 0 0 0 0 2598 2598 2598 2598 2598 2598 2598 2598 2598 2598 2598 2598 2598 2598 2598 2598 2579 2579 2579 2579 2598 2598 2598 2579 2579 2579 2579 2598 2598 2598 2598 2598 2598 2598 2598 2598 2598 2579 2579 2579 2579 2598 2598 2598 2598 2598 2598 2598 2598 2598 2598 2598 2618 2598 2598 2598 2598 2598 2598 2579 2560 2560 2560 2560 2579 2598 2598 2579 2560 2560 2560 2560 2560 2560 2579 2579 2560 2503 2485 2432 2365 2333 2301 2286 2256 2184 2170 2129 2103 2053 2028 1993 1993 1947 1926 1894 1873 1863 1823 1785 1766 1766 1748 1705 1696 1663 1663 1647 1601 1572 1572 1557 1536 1509 1509 1489 1470 1458 1427 1427 1410 1392 1376 1365 1354 1343 1328 1312 1302 1292 1283 1264 1255 1245 1236 1223 1210 1206 1189 1177 1165 1157 1149 1138 1130 1112 1105 1097 1090 1084 1077 1060 1057 1054 1041 1028 1022 1013 1010 998 989 978 973 973 0 0
0 0 0 0 0 0 0 0 0 0 0 0 0 0 0 0 0 0 0 0 0 668 667 667 667 667 667 666 666 666 666 664 664 664 664 664 664 664 664 664 663 663 663 662 662 662 662 662 662 663 663 663 663 663 663 663 663 663 664 667 668 670 671 671 668 662 661 659 659 659 659 659 659 659 659 661 661 662 662 664 667 668 671 675 679 688 691 696 698 703 710 716 716 747 747 749 749 750 759 773 778 811 811 825 829 835 845 845 889 889 896 901 901 925 925 0 0 0 0 0 1268 1268 1268 1268 1273 1273 1273 1278 1312 1328 1333 1312 1312 1312 1312 0 0 0 0 1757 1757 1776 1785 1804 1813 1823 1853 0 0 0 0 0 0 0 2598 2598 2598 2598 2598 2598 2598 2598 2598 2598 2598 2598 2598 2598 2598 2598 2579 2579 2579 2579 2598 2598 2598 2579 2579 2579 2579 2598 2598 2598 2598 2598 2598 2598 2598 2598 2598 2598 2598 2579 2579 2598 2598 2598 2598 2618 2598 2598 2598 2598 2618 2618 2618 2618 2618 2618 2618 2618 2618 2579 2560 2560 2560 2560 2579 2598 2598 2598 2579 2579 2579 2579 2579 2579 2579 2598 2560 2522 2485 2415 2365 2349 2317 2286 2256 2212 2170 2129 2103 2053 2028 2005 1993 1959 1926 1894 1873 1873 1823 1794 1776 1776 1748 1705 1696 1663 1663 1647 1601 1572 1572 1557 1536 1509 1496 1489 1470 1458 1427 1427 1410 1392 1381 1365 1359 1343 1333 1312 1297 1288 1283 1264 1255 1245 1232 1223 1214 1206 1193 1177 1169 1157 1149 1138 1130 1115 1108 1097 1090 1084 1077 1063 1057 1050 1041 1031 1025 1013 1010 998 989 984 975 975 0 0
0 0 0 0 0 0 0 0 0 0 0 0 0 0 0 0 0 0 0 0 0 667 667 667 667 667 667 666 666 666 666 664 664 664 664 666 664 664 664 664 663 663 663 662 662 662 662 662 662 663 663 663 663 663 663 663 663 664 666 667 670 671 672 671 666 663 662 659 659 659 659 659 659 659 661 661 661 662 662 664 667 670 672 676 679 688 691 696 698 703 710 713 713 747 747 749 749 750 766 776 778 778 827 827 831 837 845 845 889 889 898 906 908 920 920 0 0 0 0 0 0 1268 1268 1268 1273 1273 1273 1278 1292 1333 1349 1317 1317 1317 1328 0 0 0 0 1748 1748 1766 1794 1804 1813 1823 0 0 0 0 0 0 0 2618 2598 2598 2598 2618 2618 2618 2618 2618 2618 2618 2618 2598 2598 2598 2598 2598 2598 2598 2598 2598 2598 2598 2598 2598 2598 2598 2598 2598 2598 2598 2598 2598 2598 2598 2598 2598 2598 2598 2598 2598 2598 2598 2598 2598 2598 2618 2618 2618 2598 2598 2618 2618 2618 2618 2618 2618 2618 2618 2618 2579 2560 2560 2560 2560 2579 2598 2598 2598 2579 2579 2579 2579 2579 2598 2598 2598 2560 2522 2522 2415 2365 2349 2333 2301 2256 2198 2170 2143 2090 2065 2040 2016 1993 1947 1926 1894 1873 1873 1823 1794 1785 1757 1748 1705 1696 1663 1663 1639 1601 1572 1572 1557 1536 1509 1496 1496 1477 1458 1427 1427 1404 1392 1381 1370 1354 1343 1333 1312 1297 1288 1283 1264 1250 1245 1232 1223 1214 1206 1185 1177 1169 1157 1149 1141 1130 1119 1112 1097 1090 1084 1077 1067 1057 1050 1044 1034 1025 1013 1010 1001 992 987 984 984 0 0
0 0 0 0 0 0 0 0 0 0 0 0 0 0 0 0 0 0 0 0 0 667 667 667 667 667 667 666 666 664 664 664 664 664 664 666 664 663 663 664 663 663 663 662 662 662 662 662 663 663 663 663 663 663 663 663 663 664 666 667 670 671 672 671 666 663 662 661 659 659 659 659 659 659 659 659 661 662 662 663 666 670 674 678 686 688 691 696 698 703 708 713 725 749 747 747 749 749 766 776 780 819 819 827 831 837 845 845 901 901 901 906 910 918 920 0 0 0 0 0 0 1268 1268 1268 1268 1268 1273 1278 1288 1288 1322 1322 1322 1328 1328 0 0 0 0 1748 1748 1766 1794 1804 1813 1823 0 0 0 0 0 0 0 2618 2618 2618 2618 2618 2639 2618 2598 2598 2598 2598 2618 2618 2618 2598 2598 2598 2598 2598 2598 2598 2598 2598 2598 2598 2598 2618 2618 2618 2598 2598 2598 2598 2598 2598 2598 2598 2598 2618 2618 2598 2598 2618 2618 2618 2618 2618 2618 2618 2618 2618 2618 2618 2618 2618 2618 2618 2618 2618 2618 2598 2579 2560 2560 2560 2598 2598 2618 2598 2598 2579 2579 2579 2579 2618 2618 2598 2560 2541 2541 2415 2381 2349 2333 2317 2241 2198 2156 2143 2090 2065 2053 2028 1993 1947 1926 1894 1883 1863 1813 1794 1785 1757 1757 1705 1688 1663 1663 1639 1601 1579 1579 1557 1536 1509 1496 1489 1477 1458 1427 1427 1404 1392 1387 1370 1354 1343 1338 1312 1297 1288 1283 1268 1250 1245 1232 1223 1210 1189 1185 1177 1169 1161 1149 1141 1130 1123 1115 1105 1094 1084 1077 1070 1057 1047 1044 1038 1025 1013 1010 1001 995 987 984 984 0 0
0 0 0 0 0 0 0 0 0 0 0 0 0 0 0 0 0 0 0 0 0 667 667 667 667 667 666 666 666 664 664 664 664 664 664 666 664 663 663 664 663 663 663 663 663 663 663 663 663 663 663 663 663 663 663 663 663 664 666 667 670 671 672 672 666 663 662 661 661 659 659 659 659 659 659 659 661 662 662 663 666 668 675 679 687 688 693 696 700 703 707 725 725 749 747 747 749 749 773 778 780 813 813 831 831 837 837 837 903 903 903 908 913 918 920 0 0 0 0 0 0 1268 1268 1268 1268 1268 1273 1278 1288 1288 1288 0 0 0 0 0 0 0 1748 1748 1757 1766 1794 1804 1823 1833 0 0 0 0 0 0 0 2579 2579 2618 2639 2639 2618 2618 2598 2598 2598 2598 2598 2618 2618 2598 2598 2598 2598 2598 2598 2598 2598 2579 2579 2598 2618 2618 2618 2618 2598 2598 2598 2598 2598 2598 2598 2598 2598 2618 2618 2598 2598 2618 2618 2618 2618 2618 2618 2618 2618 2618 2618 2618 2618 2618 2618 2618 2618 2618 2618 2598 2579 2560 2560 2560 2598 2598 2618 2618 2598 2579 2579 2598 2598 2618 2618 2598 2560 2541 2485 2415 2398 2365 2333 2301 2241 2198 2156 2143 2103 2065 2053 2028 1993 1959 1926 1904 1883 1863 1813 1794 1785 1757 1757 1705 1688 1663 1655 1647 1609 1579 1572 1564 1536 1509 1496 1489 1477 1464 1427 1427 1404 1392 1387 1376 1359 1343 1333 1317 1297 1288 1278 1268 1250 1245 1236 1223 1210 1189 1185 1177 1169 1161 1149 1141 1134 1123 1115 1108 1097 1087 1080 1073 1063 1047 1041 1034 1028 1016 1010 1001 995 989 984 984 0 0
0 0 0 0 0 0 0 0 0 0 0 0 0 0 0 0 0 0 0 0 0 667 667 667 667 667 666 666 666 664 664 663 663 664 664 664 664 664 664 664 663 663 663 663 663 663 663 663 663 663 663 663 663 663 663 663 663 664 666 667 670 672 674 672 666 662 662 661 661 659 658 658 658 658 659 659 661 661 663 663 666 668 678 683 686 688 693 697 701 704 707 717 727 749 749 749 750 752 771 778 781 811 811 821 837 839 839 896 906 906 906 908 913 913 918 0 0 0 0 0 1268 1268 1268 1268 1268 1273 1273 1278 1283 1283 0 0 0 0 0 0 0 0 1748 1748 1748 1757 1794 1804 1823 1853 0 0 0 0 0 0 2541 2541 2579 2618 2618 2639 2618 2618 2598 2598 2598 2598 2598 2618 2618 2618 2618 2598 2598 2598 2598 2598 2598 2579 2579 2598 2618 2618 2618 2618 2598 2598 2598 2598 2618 2618 2598 2598 2598 2618 2618 2618 2618 2618 2618 2618 2618 2618 2618 2618 2618 2618 2618 2618 2618 2618 2618 2618 2618 2618 2618 2598 2579 2579 2560 2560 2598 2618 2618 2598 2598 2579 2579 2598 2598 2618 2618 2598 2560 2541 2485 2432 2398 2349 2317 2286 2241 2212 2156 2129 2103 2078 2053 2028 1993 1959 1926 1904 1883 1863 1813 1794 1776 1757 1757 1705 1688 1663 1655 1655 1609 1579 1572 1557 1536 1509 1496 1489 1477 1458 1421 1421 1404 1392 1387 1376 1359 1343 1333 1322 1302 1288 1278 1268 1255 1245 1236 1227 1210 1193 1189 1185 1169 1161 1153 1141 1134 1126 1115 1108 1097 1090 1084 1073 1060 1047 1041 1034 1025 1019 1013 1001 995 992 984 984 0 0
0 0 0 0 0 0 0 0 0 0 0 0 0 0 0 0 0 0 0 0 0 667 667 667 667 667 666 666 666 664 664 663 663 664 664 664 664 664 664 663 663 663 663 663 663 663 663 663 663 663 663 663 663 663 663 663 663 663 664 667 671 672 674 675 663 662 662 659 659 658 658 658 658 658 659 659 661 661 662 663 666 670 674 679 686 688 693 698 703 706 708 717 727 749 749 749 750 752 771 780 781 811 811 821 835 837 837 896 896 896 903 906 910 910 918 0 0 0 0 0 1268 1268 1268 1268 1268 1273 1273 1278 1283 1283 1333 0 0 0 0 0 0 0 0 1748 1748 1757 1804 1804 1833 1853 0 0 0 0 0 0 2541 2541 2579 2618 2618 2639 2639 2618 2598 2598 2598 2598 2618 2618 2618 2618 2618 2618 2598 2598 2598 2618 2598 2598 2598 2598 2598 2598 2618 2618 2598 2598 2598 2618 2618 2618 2598 2598 2598 2618 2618 2618 2618 2618 2618 2618 2618 2618 2618 2618 2618 2618 2618 2618 2618 2618 2618 2639 2639 2618 2618 2598 2579 2579 2579 2579 2598 2618 2618 2598 2598 2579 2579 2579 2598 2598 2618 2598 2579 2541 2485 2450 2398 2349 2317 2286 2241 2212 2170 2129 2103 2078 2053 2028 2028 1959 1947 1904 1873 1863 1833 1794 1776 1757 1757 1705 1688 1663 1655 1655 1601 1579 1579 1557 1536 1516 1496 1489 1477 1458 1421 1421 1410 1398 1392 1376 1359 1349 1333 1322 1312 1288 1278 1268 1259 1250 1236 1223 1210 1197 1193 1189 1173 1161 1153 1141 1134 1123 1112 1108 1097 1094 1084 1073 1060 1054 1041 1034 1025 1022 1016 1004 998 992 984 984 0 0
0 0 0 0 0 0 0 0 0 0 0 0 0 0 0 0 0 0 0 0 0 667 667 667 667 667 666 666 666 666 664 664 664 666 664 664 664 664 666 663 663 663 663 664 663 663 663 663 663 663 663 663 663 663 663 663 663 663 664 667 671 674 675 675 663 662 662 659 659 658 658 658 658 658 659 661 662 662 662 664 667 670 674 678 686 690 694 700 704 707 711 719 725 750 750 750 752 754 757 778 778 811 811 829 835 837 837 896 896 896 901 906 910 910 0 0 0 0 0 0 1268 1268 1268 1268 1268 1273 1273 1278 1288 1333 1333 0 0 0 0 0 0 0 0 0 0 0 1804 1804 1833 1894 1926 0 0 0 0 0 0 2579 2579 2618 2618 2639 2639 2639 2618 2618 2618 2618 2618 2618 2618 2618 2618 2618 2598 2598 2598 2598 2598 2598 2598 2598 2598 2598 2598 2618 2618 2618 2618 2618 2618 2618 2598 2598 2618 2618 2618 2618 2618 2618 2618 2618 2618 2618 2618 2618 2618 2618 2618 2618 2618 2618 2639 2639 2639 2618 2618 2618 2598 2598 2598 2618 2618 2618 2618 2598 2579 2560 2560 2579 2598 2598 2618 2618 2579 2560 2522 2467 2398 2349 2301 2271 2241 2226 2198 2129 2103 2078 2053 2028 2028 1959 1936 1894 1873 1873 1833 1813 1794 1757 1757 1705 1688 1671 1655 1655 1601 1572 1572 1557 1543 1516 1496 1496 1477 1458 1433 1421 1415 1404 1392 1370 1359 1349 1333 1328 1312 1292 1278 1268 1264 1255 1236 1223 1214 1206 1197 1189 1173 1161 1157 1145 1134 1123 1112 1105 1097 1094 1084 1067 1057 1057 1041 1034 1028 1022 1013 1007 998 989 984 984 0 0
0 0 0 0 0 0 0 0 0 0 0 0 0 0 0 0 0 0 0 0 0 667 667 667 667 667 666 666 666 664 664 664 666 666 664 664 664 664 663 663 663 663 663 664 663 663 663 663 663 663 663 663 662 662 663 663 663 663 664 667 671 674 675 674 663 662 662 661 659 659 658 658 658 658 659 661 662 662 663 666 667 670 674 678 686 691 694 698 706 710 714 717 725 752 752 752 754 755 755 778 778 813 813 839 839 839 839 896 896 896 901 906 910 910 0 0 0 0 0 0 1268 1268 1268 1268 1273 1273 1273 1278 1288 1333 1343 1439 1439 0 0 0 0 0 0 0 0 0 1804 1804 1833 1894 1926 0 0 0 0 0 0 2598 2598 2618 2618 2639 2639 2639 2618 2618 2618 2618 2618 2618 2618 2618 2618 2618 2598 2598 2598 2598 2598 2618 2618 2598 2598 2598 2598 2618 2618 2618 2618 2618 2618 2618 2618 2618 2618 2618 2618 2618 2618 2618 2618 2618 2618 2618 2618 2618 2618 2618 2618 2618 2618 2639 2639 2618 2618 2618 2618 2618 2598 2598 2598 2598 2618 2618 2618 2579 2560 2560 2560 2579 2598 2618 2618 2618 2598 2560 2522 2467 2398 2349 2301 2271 2256 2212 2184 2129 2103 2090 2065 2028 2028 1970 1936 1894 1883 1883 1833 1813 1794 1766 1766 1705 1688 1671 1655 1647 1601 1572 1572 1557 1543 1523 1503 1503 1483 1458 1439 1421 1421 1404 1398 1359 1359 1349 1338 1328 1312 1292 1283 1273 1264 1255 1236 1227 1219 1210 1202 1189 1177 1165 1157 1145 1134 1123 1112 1105 1097 1094 1084 1067 1057 1057 1044 1038 1028 1025 1013 1004 998 989 984 984 0 0
0 0 0 0 0 0 0 0 0 0 0 0 0 0 0 0 0 0 0 0 0 667 667 667 667 667 667 667 666 664 664 664 666 664 664 664 664 664 663 663 663 663 664 664 664 663 663 663 663 663 663 662 662 662 662 662 663 663 664 668 671 674 675 674 663 662 661 659 659 659 659 659 658 658 659 661 662 662 664 666 667 671 672 678 687 691 694 698 706 708 713 717 725 730 752 752 755 755 755 780 780 813 813 827 839 839 839 901 901 901 901 906 908 910 0 0 0 0 0 0 1273 1268 1268 1273 1273 1273 1273 1278 1288 1338 1343 1427 1427 1445 0 0 0 0 0 0 0 0 1804 1804 1843 1894 1926 0 0 0 0 0 0 2618 2618 2639 2639 2639 2639 2639 2618 2618 2618 2618 2618 2618 2618 2618 2618 2618 2618 2618 2618 2618 2618 2618 2618 2618 2598 2598 2618 2618 2618 2618 2618 2618 2618 2618 2618 2618 2618 2618 2618 2618 2618 2618 2618 2618 2618 2618 2618 2618 2618 2618 2618 2618 2618 2639 2618 2618 2618 2618 2618 2598 2579 2579 2579 2598 2618 2618 2618 2579 2560 2560 2560 2579 2598 2618 2618 2598 2579 2560 2522 2450 2398 2365 2333 2286 2256 2212 2184 2156 2129 2090 2065 2028 1993 1970 1936 1894 1873 1873 1833 1813 1785 1766 1766 1705 1688 1671 1655 1647 1601 1572 1572 1557 1543 1516 1503 1503 1483 1464 1439 1427 1427 1410 1398 1359 1359 1354 1338 1328 1312 1302 1288 1278 1264 1250 1241 1227 1219 1206 1202 1189 1177 1161 1157 1145 1134 1123 1115 1108 1097 1090 1084 1067 1060 1057 1047 1038 1031 1028 1013 1001 995 989 984 984 0 0
0 0 0 0 0 0 0 0 0 0 0 0 0 0 0 0 0 0 0 0 0 667 667 667 667 667 666 666 666 666 666 666 666 664 664 664 664 664 663 663 663 664 664 664 664 663 663 663 663 663 663 662 662 662 662 662 662 663 666 668 671 674 675 674 663 661 661 659 659 659 659 659 658 658 659 661 662 664 664 666 667 671 672 678 687 691 694 700 706 708 713 719 728 730 754 754 755 757 757 766 813 813 815 827 827 860 860 862 0 903 903 906 908 910 0 0 0 0 0 0 1273 1273 1273 1273 1273 1273 1273 1278 1333 1338 1433 1415 1415 1445 0 0 0 0 0 0 0 0 1823 1823 1843 1894 1926 0 0 0 0 0 0 2659 2639 2639 2639 2639 2639 2639 2618 2618 2618 2618 2618 2618 2618 2618 2618 2618 2618 2618 2618 2618 2618 2618 2618 2618 2618 2618 2618 2618 2618 2618 2618 2618 2618 2618 2618 2618 2618 2618 2618 2618 2618 2618 2618 2618 2618 2618 2618 2618 2618 2618 2618 2618 2618 2639 2618 2618 2618 2618 2618 2598 2579 2579 2579 2579 2618 2618 2618 2598 2560 2560 2560 2579 2598 2618 2598 2598 2579 2560 2522 2450 2398 2381 2333 2286 2256 2212 2170 2156 2143 2103 2078 2028 1993 1970 1936 1894 1873 1863 1843 1813 1785 1776 1776 1696 1688 1671 1655 1655 1601 1579 1579 1564 1550 1509 1503 1503 1483 1464 1439 1427 1427 1410 1398 1359 1359 1349 1338 1328 1312 1297 1292 1278 1264 1245 1241 1236 1219 1206 1202 1189 1177 1161 1157 1149 1138 1123 1115 1108 1097 1090 1084 1070 1060 1057 1047 1041 1034 1025 1019 1001 995 992 984 984 0 0
0 0 0 0 0 0 0 0 0 0 0 0 0 0 0 0 0 0 0 0 0 668 667 667 667 667 666 666 666 666 666 666 666 664 664 664 664 664 664 664 664 664 664 664 664 663 663 663 663 663 663 662 662 662 662 662 662 663 666 668 671 674 674 672 663 661 661 659 659 659 659 659 658 658 659 661 662 663 664 666 667 671 674 678 687 691 696 698 703 708 713 719 730 731 755 755 757 761 761 766 766 815 815 815 860 860 860 862 0 906 906 908 908 910 0 0 0 0 0 0 0 1273 1273 1273 1273 1273 1273 1278 1333 1338 1404 1404 1404 1445 1550 1550 1550 0 0 0 0 0 1833 1833 1843 1853 0 0 0 0 0 0 0 2659 2639 2639 2639 2639 2639 2639 2618 2618 2618 2618 2618 2618 2618 2618 2618 2618 2618 2618 2618 2618 2618 2618 2618 2618 2618 2618 2618 2618 2618 2618 2618 2618 2618 2618 2618 2618 2618 2618 2618 2618 2618 2618 2618 2618 2618 2618 2618 2618 2618 2618 2618 2618 2639 2639 2618 2618 2618 2618 2618 2598 2579 2579 2579 2579 2598 2618 2618 2598 2560 2560 2560 2579 2598 2598 2598 2598 2579 2560 2522 2450 2398 2365 2333 2286 2256 2212 2170 2156 2143 2090 2065 2028 1993 1970 1947 1904 1883 1863 1843 1823 1785 1766 1766 1696 1688 1671 1655 1655 1601 1586 1586 1564 1550 1509 1503 1503 1483 1464 1439 1421 1421 1410 1398 1359 1359 1349 1338 1328 1312 1297 1292 1278 1259 1245 1241 1236 1223 1206 1197 1185 1177 1165 1161 1149 1138 1126 1115 1108 1101 1094 1084 1073 1063 1057 1047 1044 1034 1022 1013 1001 995 992 987 987 0 0
0 0 0 0 0 0 0 0 0 0 0 0 0 0 0 0 0 0 0 0 0 668 667 667 667 666 666 666 666 666 666 666 664 664 664 664 664 664 664 664 664 664 664 664 664 663 663 663 663 663 662 662 662 662 662 663 663 664 667 668 671 674 674 672 661 661 661 659 659 659 659 659 658 658 659 661 662 662 663 664 667 670 674 678 687 690 694 698 701 706 713 719 731 731 755 755 759 761 762 766 766 815 815 829 829 860 860 862 0 908 908 908 910 0 0 0 0 0 0 0 1268 1268 1273 1273 1273 1273 1278 1292 1328 1338 1387 1392 1398 1445 1550 1550 1550 1586 0 0 0 0 1833 1833 1843 1853 0 0 0 0 0 0 0 0 2639 2639 2639 2639 2639 2639 2618 2618 2618 2618 2618 2618 2618 2618 2618 2618 2618 2618 2618 2618 2618 2618 2618 2618 2618 2618 2618 2618 2618 2618 2618 2618 2618 2618 2618 2618 2618 2618 2618 2618 2618 2618 2618 2618 2618 2639 2618 2618 2618 2618 2618 2639 2639 2639 2618 2618 2618 2618 2618 2598 2579 2579 2579 2579 2598 2618 2618 2598 2579 2579 2579 2579 2598 2598 2598 2598 2579 2560 2503 2450 2398 2365 2333 2301 2256 2212 2170 2156 2143 2090 2065 2028 1993 1970 1947 1915 1883 1883 1843 1823 1785 1766 1766 1696 1688 1671 1663 1663 1601 1586 1586 1564 1550 1509 1503 1503 1483 1464 1439 1421 1421 1410 1398 1359 1359 1349 1338 1322 1312 1302 1292 1278 1259 1245 1241 1236 1223 1206 1197 1185 1177 1165 1157 1149 1138 1126 1119 1108 1101 1094 1084 1073 1067 1054 1044 1041 1031 1022 1013 1004 995 992 984 984 0 0
0 0 0 0 0 0 0 0 0 0 0 0 0 0 0 0 0 0 0 0 0 667 667 667 667 666 666 666 666 666 666 666 664 664 664 663 663 663 664 664 664 664 664 664 663 663 663 663 663 663 662 662 662 662 662 662 662 663 667 668 672 674 674 674 661 661 661 659 659 659 659 659 658 658 659 661 661 662 663 664 667 670 674 679 687 690 694 698 701 704 717 725 731 759 757 757 761 762 766 766 809 811 813 813 813 813 860 860 0 0 0 0 0 0 0 0 0 0 0 0 1268 1268 1273 1273 1273 1273 1283 1317 1328 1338 1381 1392 1398 1452 1550 1550 1550 1579 1616 1647 1688 0 1833 1833 1843 1853 0 0 0 0 0 0 0 0 2639 2639 2639 2639 2639 2639 2618 2618 2618 2618 2618 2618 2618 2618 2618 2618 2618 2618 2618 2618 2618 2639 2639 2639 2639 2618 2618 2618 2618 2618 2618 2618 2618 2618 2618 2618 2618 2618 2639 2618 2618 2618 2618 2618 2618 2639 2639 2618 2618 2639 2639 2639 2639 2639 2618 2618 2618 2618 2618 2598 2579 2579 2579 2598 2618 2618 2618 2598 2579 2579 2579 2579 2598 2618 2598 2598 2579 2579 2485 2432 2398 2381 2349 2317 2256 2212 2184 2156 2143 2078 2065 2028 1993 1970 1936 1926 1883 1863 1843 1823 1794 1766 1766 1696 1696 1671 1655 1655 1609 1586 1586 1564 1550 1516 1503 1503 1483 1464 1439 1427 1421 1410 1398 1359 1359 1349 1338 1322 1312 1302 1288 1278 1259 1245 1241 1236 1227 1210 1193 1185 1177 1165 1157 1145 1138 1130 1119 1108 1101 1094 1080 1073 1067 1054 1044 1041 1028 1022 1013 1007 998 992 984 984 0 0
0 0 0 0 0 0 0 0 0 0 0 0 0 0 0 0 0 0 0 0 0 667 667 667 667 667 666 666 666 666 666 666 664 663 663 663 663 663 663 664 664 664 664 663 662 662 662 663 663 663 662 662 663 662 662 662 662 663 666 668 672 674 675 674 661 661 661 659 659 659 659 659 659 659 659 659 661 661 663 663 667 671 676 680 687 691 696 698 701 704 720 725 731 757 757 761 762 764 766 766 807 811 813 811 811 811 813 813 0 0 0 0 0 0 0 0 0 0 0 0 0 1273 1273 1273 1273 1273 1283 1312 1322 1338 1376 1392 1398 1452 1529 1543 1557 1579 1616 1647 1688 1688 1843 1843 1843 1843 0 0 0 0 0 0 0 2598 2598 2639 2639 2639 2639 2639 2618 2618 2618 2618 2618 2618 2618 2618 2639 2618 2618 2618 2618 2618 2618 2618 2639 2639 2639 2618 2618 2618 2618 2618 2618 2618 2618 2618 2618 2618 2618 2618 2639 2618 2618 2618 2618 2618 2618 2618 2639 2618 2618 2639 2639 2639 2639 2618 2618 2618 2618 2639 2618 2618 2598 2598 2598 2618 2618 2618 2618 2618 2579 2579 2579 2598 2598 2618 2618 2618 2598 2579 2485 2432 2398 2365 2349 2317 2256 2212 2184 2170 2143 2078 2053 2028 1993 1970 1936 1915 1883 1863 1833 1804 1785 1757 1757 1722 1696 1671 1655 1655 1616 1586 1586 1564 1550 1516 1503 1503 1477 1464 1445 1433 1421 1421 1392 1359 1359 1349 1338 1328 1317 1302 1283 1278 1268 1250 1241 1236 1227 1210 1193 1185 1177 1169 1161 1145 1138 1126 1123 1105 1101 1094 1080 1073 1067 1057 1044 1041 1028 1022 1013 1007 998 992 989 989 0 0
0 0 0 0 0 0 0 0 0 0 0 0 0 0 0 0 0 0 0 0 0 667 667 667 667 667 666 666 666 667 667 666 666 663 663 663 663 663 663 664 664 664 664 662 662 662 662 662 663 663 662 662 662 662 662 662 662 662 664 668 672 674 675 674 661 661 661 661 661 659 659 659 659 659 659 659 661 661 663 663 668 672 675 679 688 693 697 700 704 704 722 725 738 752 757 761 762 766 767 803 805 809 811 809 809 811 811 813 0 0 0 0 0 0 0 0 0 0 0 0 0 1273 1273 1273 1278 1278 1283 1292 1322 1338 1370 1392 1404 1439 1516 1529 1557 1586 1616 1671 1722 1722 1843 1833 1823 1823 0 0 0 0 0 0 0 2598 2598 2639 2639 2639 2639 2639 2618 2618 2618 2618 2618 2618 2618 2618 2639 2618 2618 2618 2618 2618 2618 2618 2639 2639 2639 2618 2618 2618 2618 2618 2639 2618 2618 2618 2618 2618 2618 2618 2639 2639 2618 2618 2618 2618 2618 2618 2618 2639 2639 2639 2639 2639 2639 2618 2618 2618 2618 2639 2639 2618 2618 2618 2618 2618 2618 2618 2618 2618 2579 2579 2579 2598 2618 2618 2618 2618 2598 2579 2485 2450 2398 2365 2349 2333 2256 2212 2198 2170 2129 2090 2053 2016 1993 1970 1936 1915 1894 1863 1833 1804 1785 1757 1757 1722 1696 1671 1655 1655 1616 1586 1572 1564 1557 1509 1496 1496 1477 1464 1445 1433 1421 1421 1387 1365 1359 1354 1338 1333 1317 1297 1283 1278 1268 1250 1241 1232 1219 1210 1197 1185 1177 1169 1157 1145 1138 1126 1123 1105 1097 1094 1080 1073 1070 1057 1047 1041 1028 1025 1016 1007 998 992 987 987 0 0
0 0 0 0 0 0 0 0 0 0 0 0 0 0 0 0 0 0 0 0 0 667 666 666 667 667 667 667 667 667 667 666 664 663 663 663 663 663 664 664 664 663 663 662 662 662 662 662 663 663 662 662 662 662 662 662 662 662 664 668 672 674 675 674 663 662 661 659 659 659 659 659 659 659 659 659 661 662 663 664 668 671 674 678 688 694 698 704 711 719 722 727 736 752 757 762 764 771 802 802 805 809 809 809 809 809 811 813 0 0 0 0 0 0 0 0 0 0 0 0 0 1268 1268 1273 1273 1273 1283 1288 1317 1349 1370 1392 1404 1439 1496 1523 1564 1594 1609 1722 1722 1722 1833 1833 1823 1823 0 0 0 0 0 0 0 2598 2598 2618 2639 2639 2639 2639 2618 2618 2618 2618 2618 2618 2618 2639 2639 2618 2618 2618 2618 2618 2618 2618 2639 2618 2618 2618 2618 2618 2618 2618 2639 2639 2639 2639 2639 2639 2639 2639 2639 2639 2618 2618 2618 2618 2618 2618 2618 2639 2639 2639 2639 2639 2639 2618 2618 2618 2618 2639 2639 2618 2618 2618 2618 2618 2618 2618 2618 2598 2579 2579 2579 2598 2618 2618 2618 2618 2598 2579 2503 2467 2415 2381 2349 2317 2256 2226 2198 2156 2116 2103 2053 2016 1993 1970 1947 1894 1883 1863 1833 1804 1794 1766 1766 1722 1696 1680 1655 1655 1616 1586 1572 1564 1564 1509 1496 1496 1483 1477 1445 1433 1421 1415 1387 1365 1359 1359 1343 1333 1322 1292 1283 1278 1268 1255 1241 1232 1219 1210 1197 1193 1177 1165 1157 1145 1138 1130 1126 1108 1097 1094 1084 1073 1070 1057 1047 1041 1031 1025 1016 1007 998 995 987 987 0 0
0 0 0 0 0 0 0 0 0 0 0 0 0 0 0 0 0 0 0 0 0 667 666 666 667 667 666 666 666 667 664 664 664 664 663 663 663 663 663 664 663 663 663 662 662 662 662 662 663 662 662 662 662 662 662 662 662 662 666 670 672 674 675 674 663 661 661 659 659 659 658 658 658 658 658 661 661 662 663 664 667 671 674 678 690 697 701 704 711 719 722 727 736 747 754 761 766 766 802 802 805 807 805 803 803 803 805 807 0 0 0 0 0 0 0 0 0 0 0 0 0 1268 1268 1273 1273 1273 1278 1288 1317 1349 1376 1387 1404 1445 1496 1523 1572 1586 1609 1609 1813 1823 1823 1823 1843 1843 0 0 0 0 0 0 0 2598 2598 2618 2639 2639 2639 2639 2618 2618 2618 2618 2618 2639 2639 2639 2639 2639 2618 2618 2618 2618 2618 2618 2639 2618 2618 2618 2618 2639 2639 2639 2639 2639 2639 2639 2639 2639 2639 2639 2639 2639 2618 2618 2618 2618 2618 2618 2639 2639 2639 2639 2639 2639 2639 2618 2618 2618 2618 2639 2639 2618 2618 2598 2598 2598 2618 2618 2618 2598 2579 2579 2579 2598 2618 2618 2618 2618 2598 2579 2503 2467 2415 2381 2349 2317 2256 2226 2184 2156 2116 2103 2053 2016 1993 1970 1947 1894 1883 1863 1833 1813 1794 1766 1757 1722 1705 1680 1655 1655 1609 1586 1572 1572 1564 1516 1496 1496 1489 1477 1452 1433 1433 1415 1398 1370 1359 1359 1349 1338 1328 1292 1283 1278 1268 1259 1245 1232 1219 1210 1193 1189 1177 1165 1157 1153 1141 1134 1130 1123 1101 1094 1087 1077 1070 1057 1047 1041 1031 1025 1016 1010 998 992 987 987 0 0
0 0 0 0 0 0 0 0 0 0 0 0 0 0 0 0 0 0 0 0 0 667 667 667 667 667 666 666 666 666 664 664 664 664 663 663 663 663 663 664 663 663 663 662 662 662 662 662 663 662 662 662 662 662 662 662 662 664 667 670 672 674 675 674 662 661 661 659 659 659 658 657 657 658 658 661 661 662 663 664 667 671 674 678 688 697 701 703 714 719 722 727 739 747 754 759 773 773 803 803 803 803 802 802 802 803 805 807 813 0 0 0 0 0 0 0 0 0 0 0 0 1268 1268 1273 1273 1273 1278 1288 1338 1359 1376 1387 1398 1445 1550 1550 1557 1586 1609 1609 1813 1813 1813 1823 1853 0 0 0 0 0 0 0 0 2639 2639 2639 2639 2639 2639 2639 2618 2618 2618 2618 2618 2639 2639 2639 2639 2639 2639 2639 2639 2639 2639 2639 2639 2639 2618 2618 2618 2618 2639 2639 2639 2639 2639 2639 2639 2639 2639 2639 2639 2639 2639 2639 2639 2618 2618 2618 2639 2639 2639 2639 2639 2639 2639 2639 2639 2639 2639 2639 2639 2618 2618 2598 2598 2598 2618 2618 2618 2618 2579 2579 2579 2598 2618 2618 2618 2618 2598 2598 2503 2467 2415 2365 2349 2317 2271 2226 2184 2156 2116 2103 2078 2028 2005 1970 1936 1894 1883 1863 1833 1813 1794 1776 1757 1713 1696 1680 1655 1655 1609 1586 1572 1572 1564 1516 1503 1503 1489 1464 1452 1439 1439 1415 1398 1370 1359 1354 1349 1343 1328 1302 1292 1278 1268 1255 1250 1236 1219 1210 1193 1189 1181 1169 1161 1153 1141 1134 1130 1119 1101 1094 1087 1080 1067 1057 1047 1041 1031 1025 1019 1010 998 992 987 987 0 0
0 0 0 0 0 0 0 0 0 0 0 0 0 0 0 0 0 0 0 0 0 667 667 667 667 667 666 666 666 666 666 666 666 666 664 664 663 663 663 663 663 663 663 663 663 663 663 663 663 663 663 663 663 663 662 662 663 666 667 668 671 674 675 674 662 661 661 659 659 659 659 657 657 658 658 661 661 662 663 666 668 672 678 680 687 697 701 703 716 719 723 728 739 749 754 759 766 776 800 800 800 800 798 798 800 802 803 807 813 0 0 0 0 0 0 0 0 0 0 0 0 1268 1268 1273 1273 1273 1278 1288 1333 1365 1376 1387 1398 1452 1550 1550 1557 1579 1647 1647 1705 1813 1813 1833 1843 0 0 0 0 0 0 0 0 2639 2639 2639 2639 2639 2639 2639 2639 2639 2639 2639 2639 2639 2639 2639 2639 2639 2639 2639 2639 2639 2639 2639 2639 2639 2618 2618 2618 2618 2639 2639 2639 2639 2639 2639 2639 2639 2639 2639 2639 2639 2639 2639 2639 2618 2618 2618 2639 2639 2639 2639 2639 2639 2639 2639 2639 2639 2639 2639 2639 2618 2618 2598 2598 2598 2618 2618 2618 2618 2579 2579 2598 2598 2618 2618 2618 2618 2618 2579 2503 2467 2415 2365 2333 2301 2256 2241 2198 2170 2129 2103 2078 2040 1993 1970 1936 1894 1883 1863 1843 1813 1794 1776 1757 1713 1696 1680 1655 1655 1609 1594 1572 1572 1564 1529 1509 1509 1483 1464 1452 1433 1433 1415 1398 1376 1376 1349 1349 1343 1328 1302 1292 1283 1268 1255 1250 1241 1223 1210 1193 1189 1181 1173 1161 1153 1141 1130 1126 1115 1101 1094 1087 1080 1067 1060 1047 1041 1031 1025 1016 1010 998 992 989 989 0 0
0 0 0 0 0 0 0 0 0 0 0 0 0 0 0 0 0 0 0 0 0 667 667 667 667 667 666 666 666 666 666 666 666 666 664 664 663 663 663 663 664 664 664 664 663 663 663 663 663 662 662 663 663 663 663 663 663 664 667 668 671 674 674 671 662 661 661 659 659 659 659 657 657 657 658 661 661 662 664 666 668 672 676 680 687 697 701 706 716 719 723 728 739 749 755 761 766 776 800 800 800 798 798 798 798 800 803 807 813 0 0 0 0 0 0 0 0 0 0 0 0 1273 1273 1273 1273 1273 1283 1292 1333 1354 1376 1392 1421 1439 1550 1550 1557 1579 1647 1647 1705 1813 1813 1833 1843 1853 0 0 0 0 0 0 0 2639 2639 2639 2639 2639 2639 2639 2618 2618 2639 2639 2639 2639 2639 2639 2639 2639 2639 2639 2639 2639 2639 2639 2639 2639 2639 2639 2639 2639 2639 2639 2639 2639 2639 2639 2639 2639 2639 2639 2639 2639 2639 2639 2639 2618 2618 2618 2639 2639 2639 2639 2639 2639 2639 2639 2639 2639 2618 2618 2639 2618 2598 2598 2598 2598 2618 2618 2618 2618 2598 2598 2598 2598 2618 2618 2618 2618 2618 2579 2503 2467 2432 2365 2333 2301 2256 2226 2198 2170 2143 2116 2078 2040 1993 1970 1936 1904 1883 1863 1843 1813 1794 1776 1757 1713 1696 1680 1663 1663 1609 1594 1579 1579 1557 1529 1509 1509 1483 1470 1452 1433 1433 1415 1398 1376 1376 1349 1343 1338 1317 1297 1292 1283 1268 1259 1250 1241 1227 1219 1197 1189 1181 1173 1165 1153 1141 1130 1126 1115 1097 1094 1087 1080 1070 1060 1047 1041 1031 1028 1013 1013 1001 992 989 989 0 0
0 0 0 0 0 0 0 0 0 0 0 0 0 0 0 0 0 0 0 0 0 667 667 667 667 666 666 666 666 666 666 666 666 666 664 664 663 663 663 663 663 664 664 664 663 663 663 663 663 662 662 663 662 662 663 663 663 664 667 668 671 674 674 671 662 661 661 659 658 658 658 658 657 657 658 661 661 662 664 666 668 672 676 679 688 697 703 707 714 717 722 723 741 741 762 762 766 776 792 794 796 796 794 794 796 798 802 807 819 819 0 0 0 0 0 0 0 0 0 0 0 1273 1273 1273 1273 1278 1283 1317 1333 1354 1376 1398 1421 1439 1509 1536 1557 1586 1616 1705 1722 1739 1804 1833 1843 1853 0 0 0 0 0 0 0 2639 2639 2639 2639 2659 2659 2639 2618 2618 2639 2639 2639 2639 2639 2639 2639 2639 2639 2639 2639 2639 2639 2639 2639 2639 2639 2639 2639 2639 2639 2639 2639 2639 2639 2639 2639 2639 2639 2639 2639 2639 2639 2639 2639 2618 2618 2618 2639 2639 2639 2639 2639 2639 2639 2639 2639 2639 2618 2618 2639 2618 2598 2598 2598 2598 2618 2618 2639 2598 2598 2598 2598 2598 2618 2618 2618 2618 2618 2579 2503 2485 2450 2365 2333 2317 2256 2226 2198 2170 2143 2103 2078 2040 2005 1970 1936 1904 1883 1863 1843 1813 1794 1776 1757 1731 1696 1680 1663 1663 1616 1594 1586 1586 1550 1523 1509 1509 1489 1477 1452 1433 1433 1410 1398 1381 1359 1349 1343 1338 1312 1297 1297 1288 1273 1259 1245 1236 1223 1219 1197 1189 1181 1173 1165 1153 1141 1134 1126 1112 1097 1094 1087 1080 1067 1060 1047 1041 1034 1028 1013 1013 1001 995 989 989 0 0
0 0 0 0 0 0 0 0 0 0 0 0 0 0 0 0 0 0 0 0 0 667 667 667 667 666 666 667 666 666 666 666 666 664 664 664 663 663 663 663 663 664 663 663 663 663 663 663 663 663 663 662 662 662 663 663 663 664 667 668 672 674 675 672 662 661 661 659 658 658 658 658 658 658 658 661 662 663 664 667 668 672 675 678 691 700 703 706 714 717 722 722 722 762 762 762 787 787 792 792 794 792 792 792 794 796 802 807 819 819 0 0 0 0 0 0 0 0 0 0 0 1273 1273 1273 1278 1278 1288 1312 1322 1354 1376 1398 1427 1445 1503 1523 1564 1594 1616 1696 1713 1739 1804 1833 1843 1853 0 0 0 0 0 0 0 2639 2639 2659 2659 2659 2659 2659 2639 2639 2639 2639 2639 2639 2639 2639 2639 2639 2639 2639 2639 2639 2639 2639 2639 2639 2639 2639 2639 2639 2639 2639 2639 2639 2639 2639 2639 2639 2639 2639 2639 2639 2639 2639 2639 2639 2618 2618 2639 2639 2639 2639 2639 2639 2639 2639 2639 2639 2639 2639 2639 2618 2598 2598 2598 2598 2618 2639 2639 2598 2598 2579 2579 2579 2598 2618 2618 2618 2618 2579 2522 2485 2450 2365 2349 2333 2256 2226 2212 2170 2143 2103 2078 2040 2005 1970 1936 1904 1883 1883 1843 1813 1794 1766 1757 1731 1705 1671 1663 1663 1624 1601 1586 1586 1550 1523 1509 1496 1489 1477 1445 1427 1421 1410 1398 1381 1359 1359 1343 1333 1312 1297 1297 1288 1278 1259 1245 1236 1223 1219 1210 1193 1177 1173 1165 1153 1141 1130 1123 1112 1097 1097 1087 1080 1063 1057 1047 1044 1034 1028 1013 1013 1004 995 989 989 0 0
0 0 0 0 0 0 0 0 0 0 0 0 0 0 0 0 0 0 0 0 0 667 667 667 667 667 667 667 667 666 666 664 664 664 664 664 664 663 663 664 664 664 663 663 663 663 662 662 662 663 663 662 662 662 662 662 662 664 667 670 672 674 675 672 662 661 661 659 659 658 658 658 658 658 658 661 662 663 663 666 668 672 675 678 691 696 700 706 714 717 717 717 719 719 764 764 789 789 792 792 790 790 790 790 792 796 800 807 819 821 0 0 0 0 0 0 0 0 0 0 0 1278 1278 1278 1278 1283 1288 1292 1322 1343 1381 1404 1427 1452 1503 1516 1572 1601 1609 1696 1713 1813 1813 1833 1853 1853 0 0 0 0 0 2639 2639 2659 2659 2659 2659 2659 2659 2659 2639 2639 2639 2639 2639 2639 2639 2639 2639 2639 2639 2639 2639 2639 2639 2639 2639 2639 2639 2639 2639 2639 2639 2639 2639 2639 2639 2639 2639 2639 2639 2639 2639 2639 2639 2639 2639 2639 2639 2639 2639 2639 2639 2639 2639 2639 2639 2639 2639 2639 2639 2639 2639 2618 2598 2598 2598 2598 2618 2639 2639 2618 2598 2579 2579 2579 2598 2618 2618 2618 2618 2579 2541 2503 2432 2381 2349 2333 2256 2226 2212 2170 2129 2090 2078 2040 2005 1981 1947 1904 1883 1883 1833 1813 1794 1766 1766 1731 1713 1671 1663 1663 1624 1601 1586 1586 1557 1523 1509 1496 1496 1477 1445 1427 1421 1421 1392 1381 1365 1365 1343 1328 1312 1297 1297 1288 1273 1259 1245 1236 1227 1219 1210 1202 1177 1173 1165 1153 1141 1130 1123 1105 1097 1094 1090 1084 1063 1057 1047 1041 1034 1028 1016 1013 1004 995 987 987 0 0
0 0 0 0 0 0 0 0 0 0 0 0 0 0 0 0 0 0 0 0 0 666 666 666 666 666 667 667 667 667 664 664 664 664 664 664 663 663 664 664 664 663 663 663 662 662 662 662 662 663 663 663 663 663 662 662 662 664 668 671 672 674 675 674 662 661 661 659 659 658 658 658 658 658 658 662 662 663 663 666 668 672 675 680 690 694 700 707 713 717 717 717 719 722 722 741 741 789 792 792 790 790 790 790 792 796 800 817 819 821 0 0 0 0 0 0 0 0 0 0 0 1278 1278 1278 1283 1283 1288 1292 1333 1343 1387 1398 1439 1452 1503 1516 1579 1601 1609 1705 1731 1823 1823 1843 1853 1853 0 0 0 0 0 2639 2639 2659 2659 2659 2659 2659 2659 2659 2639 2639 2639 2639 2639 2639 2639 2639 2639 2639 2639 2639 2639 2639 2639 2639 2639 2639 2639 2639 2639 2639 2639 2639 2639 2639 2639 2639 2639 2639 2639 2639 2639 2639 2639 2639 2639 2639 2639 2639 2639 2639 2639 2639 2639 2639 2639 2639 2639 2639 2639 2639 2639 2618 2598 2598 2598 2598 2618 2639 2639 2618 2598 2579 2579 2598 2618 2618 2639 2618 2618 2579 2541 2522 2432 2381 2349 2317 2286 2226 2212 2170 2129 2090 2065 2040 2016 1993 1947 1915 1883 1883 1833 1823 1794 1776 1757 1731 1713 1680 1663 1663 1632 1601 1586 1586 1564 1523 1509 1496 1489 1477 1445 1433 1421 1421 1392 1376 1370 1370 1349 1328 1312 1297 1297 1288 1268 1259 1245 1236 1227 1219 1210 1202 1181 1173 1169 1149 1141 1134 1119 1105 1101 1094 1090 1077 1067 1057 1047 1041 1034 1031 1019 1013 1001 995 987 987 0 0
0 0 0 0 0 0 0 0 0 0 0 0 0 0 0 0 0 0 0 0 0 666 666 666 666 666 666 666 667 667 664 664 664 664 664 664 663 663 663 663 664 663 663 663 662 662 662 662 663 663 663 663 663 663 662 662 662 663 668 671 672 674 676 671 662 661 661 659 659 659 658 658 658 659 659 662 662 662 663 666 668 672 676 679 690 694 701 708 713 716 716 716 717 720 741 741 741 746 747 790 790 789 789 790 794 796 798 800 825 825 0 0 0 0 0 0 0 0 0 0 1278 1278 1278 1278 1283 1283 1288 1292 1322 1387 1392 1398 1445 1458 1503 1523 1594 1609 1609 1609 1823 1823 1823 1843 1853 0 0 0 0 0 0 2659 2659 2659 2659 2659 2659 2659 2659 2659 2639 2639 2639 2639 2639 2639 2639 2639 2639 2639 2639 2639 2639 2639 2639 2639 2639 2639 2639 2639 2639 2639 2639 2639 2639 2639 2639 2639 2639 2639 2639 2639 2639 2639 2639 2639 2639 2639 2639 2639 2639 2639 2639 2639 2639 2639 2639 2639 2639 2639 2639 2639 2639 2618 2598 2598 2598 2598 2618 2639 2639 2618 2598 2598 2598 2598 2618 2618 2639 2618 2618 2598 2560 2522 2432 2381 2349 2317 2286 2241 2198 2184 2143 2090 2065 2053 2016 1993 1947 1915 1883 1873 1843 1823 1794 1776 1757 1731 1713 1688 1663 1663 1632 1601 1586 1586 1564 1536 1516 1516 1489 1470 1445 1433 1427 1427 1392 1376 1365 1365 1354 1328 1317 1297 1297 1288 1268 1259 1250 1236 1227 1219 1210 1197 1181 1173 1169 1149 1141 1134 1119 1112 1105 1101 1094 1077 1067 1060 1050 1041 1034 1031 1022 1010 1001 995 987 987 0 0
0 0 0 0 0 0 0 0 0 0 0 0 0 0 0 0 0 0 0 0 0 667 666 666 667 667 666 666 667 667 666 664 664 664 664 664 664 663 663 663 663 663 663 663 662 662 662 662 663 663 663 663 663 663 662 662 662 663 667 670 672 674 676 671 659 659 661 659 659 658 658 658 658 658 658 661 662 662 663 666 667 672 676 679 691 697 701 710 711 713 713 713 716 717 741 741 744 746 747 789 789 789 789 789 792 796 798 800 0 0 0 0 0 0 0 0 0 0 0 0 1278 1278 1278 1278 1278 1283 1288 1292 1322 1387 1398 1404 1445 1464 1503 1523 1594 1609 1616 1616 1833 1833 1833 1843 1853 0 0 0 0 0 0 0 2659 2659 2659 2659 2659 2659 2659 2659 2639 2639 2639 2639 2639 2639 2639 2639 2639 2639 2639 2639 2639 2639 2639 2639 2639 2639 2639 2639 2639 2639 2639 2639 2639 2639 2639 2639 2639 2639 2639 2639 2639 2639 2639 2639 2639 2639 2639 2639 2639 2639 2639 2639 2639 2639 2639 2639 2639 2639 2639 2639 2639 2618 2598 2598 2598 2618 2618 2639 2639 2618 2598 2598 2598 2598 2618 2618 2639 2618 2618 2579 2541 2522 2432 2381 2349 2317 2286 2241 2198 2184 2156 2116 2078 2040 2016 1981 1959 1915 1894 1873 1843 1823 1794 1776 1766 1722 1713 1680 1663 1663 1632 1601 1586 1586 1564 1536 1523 1523 1489 1470 1445 1433 1421 1421 1392 1376 1365 1365 1354 1333 1322 1302 1302 1288 1268 1259 1250 1241 1227 1219 1206 1193 1181 1173 1169 1153 1141 1126 1119 1115 1108 1101 1084 1077 1070 1063 1050 1041 1034 1031 1022 1007 1001 1001 992 992 0 0
0 0 0 0 0 0 0 0 0 0 0 0 0 0 0 0 0 0 0 0 0 667 667 667 667 667 666 666 666 666 666 664 664 664 664 664 664 663 663 663 663 663 663 663 663 663 663 663 663 663 663 663 663 663 662 662 662 663 667 670 672 674 676 676 659 659 661 659 659 658 658 658 658 658 658 661 662 662 663 666 667 674 676 679 693 697 704 708 710 710 710 710 713 717 744 744 746 747 747 787 787 789 789 789 792 796 798 800 815 0 0 0 0 0 0 0 0 0 0 0 1278 1278 1278 1278 1278 1283 1288 1292 1333 1359 1387 1404 1445 1464 1503 1594 1594 1609 1624 1624 1833 1833 1833 1843 1853 0 0 0 0 0 0 0 2659 2659 2659 2659 2659 2659 2659 2659 2639 2639 2639 2639 2639 2639 2639 2639 2639 2639 2639 2639 2639 2639 2639 2639 2639 2639 2639 2639 2639 2639 2639 2639 2639 2639 2639 2639 2639 2639 2639 2639 2639 2639 2639 2639 2639 2639 2639 2639 2639 2639 2639 2639 2639 2639 2639 2639 2639 2639 2639 2639 2639 2639 2618 2618 2618 2618 2618 2639 2639 2639 2618 2598 2598 2598 2618 2639 2639 2618 2618 2579 2541 2485 2432 2381 2349 2317 2271 2226 2198 2184 2156 2129 2090 2040 2005 1981 1959 1926 1904 1873 1843 1823 1804 1776 1766 1722 1705 1680 1663 1663 1632 1601 1579 1579 1564 1536 1516 1496 1489 1470 1452 1439 1421 1415 1398 1376 1365 1365 1354 1338 1322 1307 1307 1288 1268 1259 1250 1236 1227 1219 1206 1193 1181 1173 1169 1149 1141 1126 1119 1115 1108 1101 1080 1077 1070 1063 1050 1041 1034 1031 1022 1007 1001 1001 992 992 0 0
0 0 0 0 0 0 0 0 0 0 0 0 0 0 0 0 0 0 0 0 0 667 667 667 667 667 666 666 666 666 666 666 664 664 663 663 663 663 663 664 664 663 663 663 663 663 663 663 663 663 663 663 663 662 662 662 662 664 667 670 672 674 675 675 658 658 659 658 658 658 658 658 658 658 658 659 661 662 664 666 668 674 676 679 693 697 704 707 708 708 708 710 710 750 749 747 747 750 752 785 785 783 783 787 790 796 800 803 815 825 0 0 0 0 0 0 0 0 0 0 0 1278 1278 1278 1278 1283 1288 1312 1333 1343 1387 1404 1433 1470 1496 1586 1586 1609 1632 1632 1823 1823 1823 1843 1853 0 0 0 0 0 0 0 2680 2680 2659 2659 2659 2659 2659 2659 2639 2639 2639 2639 2639 2639 2639 2639 2639 2639 2639 2639 2639 2639 2639 2639 2639 2639 2639 2639 2639 2639 2639 2639 2639 2639 2639 2639 2639 2639 2639 2639 2639 2639 2639 2639 2639 2639 2639 2639 2639 2639 2639 2639 2639 2639 2639 2639 2639 2639 2639 2639 2639 2639 2618 2618 2618 2618 2618 2639 2639 2639 2618 2618 2598 2598 2618 2639 2639 2639 2618 2598 2541 2485 2432 2381 2349 2317 2271 2226 2198 2170 2156 2129 2090 2040 2005 1981 1947 1926 1904 1873 1853 1823 1804 1776 1757 1731 1705 1680 1663 1655 1632 1601 1572 1572 1557 1536 1516 1496 1496 1477 1458 1439 1439 1410 1404 1376 1359 1359 1354 1338 1322 1297 1297 1288 1273 1259 1250 1236 1223 1219 1210 1189 1181 1177 1173 1149 1141 1138 1126 1115 1108 1097 1080 1073 1070 1063 1057 1041 1034 1031 1022 1007 1004 1001 992 992 0 0
0 0 0 0 0 0 0 0 0 0 0 0 0 0 0 0 0 0 0 0 0 667 667 667 667 667 666 666 666 666 666 664 664 664 663 663 663 663 664 664 663 663 663 663 663 663 663 663 662 662 662 662 662 662 662 662 662 664 667 670 672 674 674 659 658 658 659 658 658 658 658 658 658 658 658 659 661 662 663 666 670 672 675 679 693 698 704 706 706 706 706 707 708 754 754 752 752 754 754 783 783 783 783 787 790 796 800 805 819 825 0 0 0 0 0 0 0 0 0 0 0 1278 1278 1278 1278 1283 1292 1317 1333 1343 1392 1410 1433 1470 1496 1586 1586 1609 1639 1696 1696 1823 1823 1833 1853 1926 0 0 0 0 0 0 2680 2659 2659 2659 2659 2659 2659 2659 2639 2639 2639 2639 2639 2639 2639 2639 2639 2639 2639 2639 2639 2639 2639 2639 2639 2639 2639 2639 2639 2639 2639 2639 2639 2659 2639 2639 2639 2639 2639 2639 2639 2639 2639 2639 2639 2639 2639 2639 2639 2639 2639 2639 2639 2639 2639 2639 2639 2639 2639 2639 2639 2618 2618 2618 2618 2618 2639 2639 2639 2618 2618 2598 2598 2598 2618 2639 2639 2639 2618 2579 2522 2485 2450 2381 2349 2317 2271 2226 2212 2170 2143 2116 2090 2040 2016 1981 1947 1926 1894 1873 1843 1823 1804 1776 1757 1731 1705 1688 1663 1655 1632 1601 1572 1572 1557 1529 1516 1496 1489 1477 1458 1445 1445 1410 1404 1376 1359 1359 1349 1338 1322 1297 1297 1288 1278 1259 1250 1232 1223 1219 1210 1189 1181 1177 1169 1153 1145 1138 1126 1115 1108 1097 1087 1073 1073 1063 1057 1041 1034 1031 1022 1007 1004 995 989 989 0 0
0 0 0 0 0 0 0 0 0 0 0 0 0 0 0 0 0 0 0 0 0 667 667 667 667 667 666 666 666 666 666 664 664 664 663 663 663 663 664 664 663 663 663 663 663 663 663 662 662 662 662 662 662 662 662 662 662 666 668 671 672 674 674 659 658 658 659 658 658 658 658 659 658 658 658 659 661 662 663 666 670 672 675 680 693 698 701 704 704 704 704 706 707 752 752 754 754 754 755 755 783 783 783 787 789 794 800 807 819 825 0 0 0 0 0 0 0 0 0 0 1278 1278 1278 1278 1278 1283 1288 1317 1333 1349 1387 1410 1433 1464 1496 1496 1663 1663 1663 1696 1823 1823 1823 1833 1853 1926 0 0 0 0 0 0 0 2659 2659 2659 2659 2659 2659 2659 2639 2639 2639 2639 2639 2639 2639 2639 2639 2639 2639 2639 2639 2639 2639 2639 2639 2639 2639 2639 2639 2659 2659 2639 2639 2659 2659 2659 2659 2659 2639 2639 2639 2639 2639 2639 2639 2639 2639 2639 2639 2639 2639 2639 2639 2639 2639 2639 2639 2639 2639 2639 2639 2618 2618 2598 2598 2618 2639 2639 2639 2618 2618 2598 2598 2598 2618 2639 2618 2618 2618 2579 2522 2485 2450 2398 2349 2317 2286 2226 2212 2170 2143 2116 2078 2040 2016 1981 1959 1936 1894 1863 1843 1833 1804 1785 1766 1731 1705 1696 1680 1655 1624 1601 1572 1572 1557 1529 1509 1509 1489 1477 1458 1439 1439 1410 1404 1381 1359 1359 1343 1338 1322 1297 1297 1288 1278 1259 1245 1232 1227 1219 1206 1189 1185 1177 1169 1153 1145 1138 1130 1123 1112 1097 1090 1073 1070 1060 1057 1041 1031 1031 1019 1013 1004 995 989 989 0 0
0 0 0 0 0 0 0 0 0 0 0 0 0 0 0 0 0 0 0 0 0 667 667 667 667 667 666 664 664 664 666 664 664 664 663 663 663 663 664 663 663 663 663 663 663 663 663 662 662 662 662 662 662 662 662 662 662 666 668 672 674 674 672 661 659 659 659 658 658 659 659 659 658 658 658 661 661 662 664 667 670 672 675 683 693 698 701 704 704 704 704 706 707 752 752 752 754 755 755 755 781 783 783 785 789 794 800 813 821 823 823 0 0 0 0 0 0 0 0 0 1278 1278 1278 1278 1278 1283 1288 1317 1338 1354 1387 1410 1427 1464 1503 1503 1696 1696 1696 1705 1823 1823 1823 1843 1853 1926 0 0 0 0 0 0 0 2680 2680 2680 2680 2680 2659 2659 2639 2639 2639 2639 2639 2639 2639 2639 2639 2639 2639 2639 2639 2639 2639 2639 2639 2639 2639 2639 2639 2659 2659 2659 2659 2659 2659 2659 2639 2639 2639 2639 2659 2659 2659 2639 2639 2639 2639 2639 2639 2639 2639 2639 2639 2639 2639 2639 2639 2639 2639 2639 2639 2639 2618 2598 2598 2618 2618 2639 2639 2618 2618 2598 2598 2598 2618 2618 2618 2618 2618 2598 2522 2485 2450 2398 2349 2317 2286 2241 2212 2170 2143 2103 2078 2040 2016 1981 1959 1936 1894 1863 1853 1833 1804 1785 1766 1731 1705 1696 1671 1671 1624 1601 1579 1579 1557 1536 1509 1509 1489 1477 1458 1439 1439 1415 1404 1381 1359 1359 1343 1333 1322 1297 1297 1288 1278 1264 1245 1232 1227 1219 1206 1193 1181 1173 1165 1153 1145 1138 1130 1123 1112 1097 1090 1073 1067 1060 1057 1047 1031 1025 1019 1013 1007 995 987 987 0 0
0 0 0 0 0 0 0 0 0 0 0 0 0 0 0 0 0 0 0 0 0 667 667 667 666 666 664 664 664 664 664 664 664 664 663 663 664 664 664 663 663 663 663 663 663 663 663 662 662 662 662 662 662 662 662 662 662 666 668 672 674 674 672 662 659 659 659 658 658 659 659 659 659 659 659 661 661 662 664 667 670 672 675 686 694 698 701 703 701 701 703 706 710 710 749 749 754 755 757 757 781 781 783 785 789 794 800 813 819 823 823 0 0 0 0 0 0 0 0 0 1288 1283 1278 1278 1278 1283 1292 1317 1338 1404 1404 1415 1427 1464 1503 1523 1579 1601 1609 1705 1823 1823 1833 1843 1863 0 0 0 0 0 0 0 0 2680 2680 2680 2680 2659 2659 2659 2639 2639 2639 2639 2639 2639 2639 2639 2639 2639 2639 2639 2639 2639 2639 2639 2639 2639 2639 2639 2639 2659 2659 2659 2659 2659 2659 2659 2639 2639 2639 2639 2659 2659 2659 2639 2639 2639 2639 2639 2639 2639 2639 2639 2639 2639 2639 2639 2639 2639 2639 2639 2639 2618 2618 2618 2618 2618 2618 2639 2639 2639 2618 2598 2598 2598 2618 2618 2618 2618 2618 2579 2522 2485 2432 2415 2381 2286 2271 2241 2212 2170 2143 2103 2078 2040 2016 1981 1959 1936 1904 1863 1853 1833 1804 1794 1757 1731 1705 1696 1671 1671 1624 1594 1586 1572 1564 1536 1509 1496 1489 1477 1458 1439 1439 1415 1404 1387 1359 1359 1338 1328 1322 1297 1297 1288 1278 1264 1245 1236 1232 1219 1206 1193 1181 1173 1165 1153 1145 1138 1130 1119 1112 1097 1090 1084 1067 1063 1054 1047 1031 1025 1019 1013 1007 995 987 987 0 0
0 0 0 0 0 0 0 0 0 0 0 0 0 0 0 0 0 0 0 0 0 667 667 666 666 666 664 664 664 664 664 663 663 664 663 663 664 664 664 663 663 663 663 663 663 663 663 662 662 662 662 662 662 662 662 662 662 666 668 672 674 674 672 662 661 659 659 658 658 658 659 659 659 659 659 661 661 662 664 667 668 672 678 682 694 698 701 701 700 700 701 707 710 711 749 749 752 754 755 757 780 781 783 785 789 796 802 813 819 819 0 0 0 0 0 0 0 0 0 1292 1288 1288 1283 1283 1283 1283 1288 1322 1338 1349 1410 1421 1445 1458 1503 1523 1579 1601 1609 1713 1748 1813 1833 1853 1863 0 0 0 0 0 0 0 2744 2723 2701 2680 2659 2659 2659 2659 2639 2639 2639 2639 2659 2639 2639 2639 2659 2659 2659 2659 2639 2639 2639 2659 2659 2659 2639 2639 2659 2659 2680 2659 2659 2659 2659 2659 2659 2659 2659 2659 2659 2659 2659 2639 2639 2639 2639 2639 2639 2639 2639 2639 2639 2639 2639 2639 2639 2639 2639 2639 2639 2618 2618 2618 2618 2618 2618 2639 2639 2618 2618 2618 2598 2598 2618 2618 2618 2618 2598 2579 2522 2485 2432 2415 2398 2286 2271 2256 2226 2184 2156 2103 2078 2040 2016 1981 1970 1947 1915 1873 1853 1833 1804 1785 1757 1731 1713 1688 1671 1671 1624 1594 1586 1572 1572 1529 1509 1496 1496 1477 1458 1439 1421 1415 1404 1387 1370 1370 1338 1328 1322 1297 1297 1288 1278 1268 1245 1241 1232 1219 1206 1193 1181 1173 1161 1153 1145 1138 1126 1119 1112 1097 1090 1084 1073 1060 1054 1044 1028 1022 1022 1016 1007 995 989 989 0 0
0 0 0 0 0 0 0 0 0 0 0 0 0 0 0 0 0 0 0 0 0 667 666 664 664 666 664 664 664 664 663 663 663 663 663 663 663 663 663 663 663 663 662 662 663 662 662 662 662 662 662 662 662 662 662 662 662 666 668 671 672 674 672 658 658 659 658 658 658 658 659 659 658 658 658 659 661 662 663 666 668 672 679 682 694 698 700 700 700 700 701 708 710 711 750 750 750 752 755 757 780 781 783 787 790 798 803 813 819 819 962 962 962 973 978 0 0 0 0 1292 1288 1288 1288 1283 1283 1283 1288 1333 1343 1349 1439 1439 1445 1452 1523 1564 1572 1586 1731 1731 1748 1813 1833 1853 1863 0 0 0 0 0 0 0 2744 2723 2659 2659 2659 2659 2659 2659 2639 2639 2659 2659 2659 2639 2639 2639 2659 2659 2659 2659 2659 2659 2659 2659 2680 2659 2659 2659 2659 2659 2680 2680 2659 2639 2639 2659 2659 2659 2659 2659 2659 2659 2659 2659 2659 2659 2659 2639 2639 2639 2639 2639 2639 2639 2639 2639 2639 2639 2639 2639 2639 2618 2618 2618 2618 2639 2639 2639 2639 2618 2618 2598 2598 2618 2618 2639 2639 2639 2598 2579 2522 2485 2432 2398 2381 2301 2271 2241 2226 2184 2156 2116 2090 2053 2016 1981 1959 1936 1915 1883 1863 1833 1804 1785 1766 1731 1722 1688 1671 1655 1632 1601 1586 1579 1579 1529 1509 1496 1496 1477 1458 1439 1421 1415 1404 1381 1365 1365 1343 1328 1322 1297 1297 1288 1278 1268 1250 1241 1227 1214 1206 1197 1181 1173 1161 1157 1145 1138 1126 1119 1112 1097 1090 1080 1070 1060 1057 1044 1028 1022 1022 1016 1007 998 995 995 0 0
0 0 0 0 0 0 0 0 0 0 0 0 0 0 0 0 0 0 0 0 0 667 666 664 664 664 666 666 664 664 663 663 663 663 663 663 663 663 663 663 663 663 662 662 662 662 662 662 662 662 662 662 662 662 662 662 662 666 668 671 672 674 662 658 658 659 658 657 657 658 659 659 658 658 658 659 661 662 663 666 670 674 678 682 696 698 700 700 700 700 701 707 710 711 750 750 750 752 755 757 778 781 783 787 792 798 805 813 819 819 964 962 962 973 975 975 0 0 0 0 1283 1283 1283 1283 1288 1288 1292 1338 1349 1354 1445 1445 1445 1445 1445 1572 1572 1586 1731 1731 1731 1813 1833 1853 1863 0 0 0 0 0 0 0 2701 2701 2659 2659 2659 2659 2659 2659 2639 2639 2639 2639 2639 2639 2639 2659 2659 2659 2659 2659 2659 2659 2659 2659 2680 2659 2659 2680 2659 2659 2680 2680 2659 2639 2639 2659 2659 2659 2659 2659 2659 2659 2659 2659 2659 2659 2659 2639 2639 2639 2639 2639 2639 2639 2639 2639 2639 2639 2639 2639 2639 2618 2618 2618 2618 2639 2639 2639 2639 2618 2618 2598 2598 2618 2618 2639 2639 2639 2618 2579 2522 2485 2432 2398 2381 2333 2271 2241 2226 2198 2156 2116 2090 2065 2016 1970 1959 1936 1915 1883 1873 1833 1813 1785 1766 1739 1722 1688 1671 1655 1632 1609 1586 1572 1572 1529 1516 1496 1496 1477 1458 1445 1421 1421 1410 1381 1365 1365 1349 1333 1322 1297 1297 1288 1278 1268 1245 1241 1227 1214 1210 1202 1185 1177 1169 1165 1149 1138 1126 1123 1112 1097 1090 1080 1070 1063 1057 1044 1034 1031 1025 1016 1007 998 995 995 0 0
0 0 0 0 0 0 0 0 0 0 0 0 0 0 0 0 0 0 0 0 0 667 666 664 664 664 666 666 666 664 663 663 663 663 663 664 663 663 663 663 663 663 663 662 662 662 662 662 662 662 662 662 662 662 662 662 662 666 668 671 672 674 662 659 658 658 658 657 657 657 658 658 658 658 658 659 661 662 663 666 670 674 678 683 697 698 700 700 700 700 701 707 710 714 714 750 750 752 754 755 778 780 783 789 792 802 811 813 813 964 964 964 970 973 975 975 0 0 0 0 1283 1283 1283 1283 1288 1288 1292 1343 1354 1359 1359 1445 1445 1445 1445 1731 1731 1722 1722 1731 1731 1843 1843 1853 1863 0 0 0 0 0 0 0 2680 2680 2659 2659 2659 2659 2659 2659 2639 2639 2639 2639 2639 2659 2659 2659 2659 2659 2659 2659 2659 2659 2659 2680 2680 2680 2680 2680 2659 2659 2680 2680 2659 2639 2639 2659 2659 2659 2659 2659 2659 2659 2659 2659 2659 2659 2659 2659 2659 2639 2639 2639 2639 2639 2659 2639 2639 2639 2639 2639 2639 2639 2618 2618 2618 2639 2639 2639 2639 2618 2618 2598 2598 2598 2618 2639 2639 2639 2618 2598 2522 2485 2450 2415 2365 2333 2286 2241 2226 2198 2156 2116 2103 2078 2016 1970 1959 1926 1904 1883 1873 1843 1804 1785 1776 1748 1731 1688 1671 1655 1632 1609 1586 1572 1564 1536 1516 1496 1496 1483 1458 1439 1421 1421 1410 1381 1365 1365 1354 1343 1328 1297 1297 1283 1273 1264 1245 1245 1227 1214 1210 1202 1189 1177 1169 1161 1145 1138 1130 1123 1112 1097 1090 1080 1070 1063 1054 1047 1038 1031 1025 1016 1007 1001 995 995 0 0
0 0 0 0 0 0 0 0 0 0 0 0 0 0 0 0 0 0 0 0 0 667 666 664 664 666 666 666 666 666 664 664 664 664 664 662 662 663 663 663 663 663 662 662 662 662 662 662 662 662 662 662 662 662 662 662 662 666 667 671 672 672 662 661 658 658 658 657 657 657 657 657 657 658 658 659 661 662 663 667 671 675 678 683 696 698 700 700 700 700 703 707 710 716 716 750 750 752 754 754 778 780 783 789 792 802 813 815 0 967 967 967 970 973 975 975 975 978 0 1283 1283 1283 1283 1283 1288 1288 1292 1343 1354 1359 1359 1445 1445 1445 1445 1731 1731 1722 1722 1731 1739 1843 1843 1853 1863 0 0 0 0 0 0 2639 2639 2659 2659 2659 2659 2659 2659 2659 2659 2659 2659 2659 2659 2659 2659 2659 2659 2659 2659 2659 2659 2659 2659 2659 2659 2680 2680 2680 2680 2680 2680 2680 2659 2659 2659 2659 2659 2659 2659 2659 2659 2659 2639 2639 2659 2659 2680 2659 2659 2639 2639 2639 2659 2659 2659 2659 2659 2659 2639 2639 2659 2639 2639 2639 2639 2639 2639 2639 2639 2618 2618 2598 2598 2598 2618 2639 2639 2639 2618 2598 2522 2485 2450 2398 2365 2333 2301 2256 2226 2198 2170 2116 2090 2053 2016 1981 1959 1926 1904 1883 1863 1843 1804 1794 1766 1757 1731 1696 1680 1655 1632 1609 1579 1579 1564 1536 1523 1496 1496 1483 1458 1439 1421 1421 1410 1381 1365 1365 1349 1338 1333 1297 1297 1283 1273 1264 1250 1250 1227 1214 1210 1193 1189 1177 1169 1161 1145 1138 1130 1123 1108 1097 1090 1087 1070 1063 1054 1047 1044 1028 1022 1019 1007 1001 995 995 0 0
0 0 0 0 0 0 0 0 0 0 0 0 0 0 0 0 0 0 0 0 0 667 666 666 666 666 666 664 664 666 666 666 664 663 662 662 662 663 663 663 662 662 662 662 662 663 663 663 662 662 662 662 662 662 662 662 662 666 667 671 672 672 672 662 658 658 659 657 657 657 657 657 657 658 659 661 661 662 663 667 670 672 676 688 696 700 701 701 700 700 703 706 710 717 717 750 750 752 754 754 778 781 783 790 796 802 807 817 0 970 970 970 970 973 975 975 978 978 0 1283 1283 1283 1283 1283 1283 1288 1288 1354 1359 1359 1359 0 1516 1516 1523 1529 1722 1722 1722 1731 1731 1853 1853 1853 1863 0 0 0 0 0 0 2639 2639 2639 2659 2659 2659 2659 2680 2680 2659 2659 2659 2659 2659 2659 2659 2680 2680 2659 2659 2659 2659 2659 2659 2659 2659 2680 2680 2680 2680 2680 2680 2680 2659 2659 2659 2659 2659 2659 2659 2659 2659 2659 2639 2639 2659 2680 2680 2680 2680 2659 2659 2659 2659 2659 2659 2659 2659 2659 2659 2659 2659 2639 2639 2639 2639 2639 2639 2639 2639 2618 2618 2598 2598 2618 2639 2639 2639 2639 2639 2618 2541 2485 2450 2398 2381 2333 2301 2256 2226 2198 2170 2116 2078 2053 2016 1993 1970 1926 1904 1883 1853 1833 1813 1794 1766 1748 1731 1696 1680 1663 1632 1609 1579 1579 1564 1543 1523 1496 1496 1483 1458 1439 1421 1421 1410 1392 1365 1365 1349 1338 1333 1312 1312 1283 1273 1264 1250 1250 1227 1214 1210 1193 1193 1185 1169 1157 1145 1141 1130 1123 1108 1097 1090 1087 1073 1063 1057 1047 1044 1028 1022 1019 1010 1004 992 992 0 0
0 0 0 0 0 0 0 0 0 0 0 0 0 0 0 0 0 0 0 0 0 667 666 666 666 666 666 664 664 664 666 664 663 663 662 662 663 663 663 663 662 662 662 662 662 663 663 663 663 663 662 662 662 662 662 662 662 664 668 671 672 672 672 661 659 658 658 657 657 657 657 657 658 658 659 661 661 662 663 667 670 672 676 688 694 700 701 701 701 701 703 706 708 719 719 747 747 752 752 752 780 781 783 790 796 802 807 807 807 970 970 970 970 970 973 975 975 975 0 1283 1283 1283 1283 1283 1283 1288 1288 1333 1365 1365 0 1516 1516 1516 1523 1529 0 1529 1529 1833 1833 1833 1833 1853 1863 0 0 0 0 0 0 2579 2579 2639 2659 2680 2680 2680 2680 2680 2659 2659 2659 2659 2659 2659 2659 2680 2680 2680 2659 2659 2659 2659 2659 2659 2659 2680 2680 2701 2680 2680 2680 2680 2680 2659 2659 2659 2659 2659 2659 2659 2680 2659 2659 2659 2659 2659 2680 2680 2680 2659 2659 2659 2659 2659 2659 2659 2659 2659 2659 2659 2680 2659 2639 2639 2639 2639 2659 2659 2659 2639 2639 2618 2618 2618 2639 2639 2639 2639 2639 2618 2598 2485 2450 2415 2381 2333 2301 2271 2226 2198 2170 2129 2078 2040 2028 2005 1981 1947 1926 1883 1853 1833 1813 1794 1766 1748 1731 1696 1671 1663 1639 1609 1586 1572 1564 1536 1529 1503 1503 1489 1458 1439 1421 1421 1410 1392 1370 1370 1343 1338 1333 1312 1312 1288 1278 1264 1250 1250 1232 1219 1210 1193 1193 1177 1169 1157 1149 1141 1130 1123 1108 1097 1090 1087 1080 1063 1057 1047 1044 1034 1025 1022 1007 998 992 992 0 0
0 0 0 0 0 0 0 0 0 0 0 0 0 0 0 0 0 0 0 0 0 666 666 666 666 666 664 664 664 664 666 664 663 663 663 663 663 663 663 663 663 662 662 662 662 663 663 663 663 663 662 662 662 662 662 662 662 664 668 671 672 672 672 661 659 658 658 657 657 657 657 657 657 658 659 661 661 662 663 667 670 674 678 687 694 700 703 701 701 701 703 706 708 722 722 747 747 750 752 752 780 781 783 790 798 803 803 803 0 970 970 970 970 970 970 973 973 973 970 1283 1283 1283 1283 1283 1283 1288 1288 1312 1312 1317 0 1509 1509 1509 1516 1529 0 0 0 0 0 1833 1833 1843 1853 0 0 0 0 0 0 2579 2579 2618 2659 2659 2659 2680 2701 2680 2659 2639 2639 2659 2659 2659 2659 2680 2680 2680 2680 2680 2680 2659 2659 2659 2659 2680 2680 2701 2701 2680 2680 2680 2680 2680 2680 2680 2659 2659 2659 2680 2680 2659 2659 2659 2659 2659 2680 2680 2680 2680 2680 2680 2680 2659 2659 2659 2659 2659 2659 2659 2680 2659 2639 2639 2639 2639 2659 2659 2659 2639 2639 2618 2618 2618 2639 2639 2639 2639 2639 2618 2598 2485 2450 2415 2381 2333 2301 2271 2241 2198 2170 2129 2078 2040 2028 2005 1981 1959 1926 1883 1853 1843 1813 1794 1766 1757 1731 1696 1671 1663 1655 1616 1594 1572 1572 1536 1529 1503 1503 1483 1458 1445 1421 1421 1410 1398 1376 1376 1343 1338 1333 1312 1312 1288 1278 1264 1250 1250 1232 1219 1210 1193 1189 1177 1169 1161 1149 1141 1130 1123 1112 1101 1090 1087 1080 1070 1057 1047 1041 1034 1031 1022 1007 995 995 995 0 0
0 0 0 0 0 0 0 0 0 0 0 0 0 0 0 0 0 0 0 0 0 666 666 666 666 666 664 664 664 664 666 666 663 663 663 663 663 663 663 663 663 662 662 662 662 663 663 663 663 663 662 662 662 662 662 662 662 664 668 671 672 672 672 661 661 658 658 657 657 657 657 657 657 658 659 661 662 662 664 667 670 675 678 686 694 701 704 703 701 701 703 706 711 722 741 741 744 750 754 776 778 780 783 789 798 803 803 0 0 967 967 967 964 964 967 967 970 970 970 970 1278 1278 1283 1288 1288 1288 1288 1307 1317 1317 0 1509 1509 1509 1516 1523 0 0 0 1804 1833 1833 1833 1843 1853 0 0 0 0 0 0 0 2618 2618 2659 2659 2659 2680 2680 2680 2639 2639 2639 2659 2659 2680 2680 2680 2680 2680 2680 2680 2680 2680 2680 2680 2680 2680 2680 2680 2680 2680 2680 2680 2680 2680 2680 2680 2680 2680 2680 2680 2680 2659 2659 2659 2659 2659 2659 2659 2659 2680 2680 2680 2680 2659 2659 2659 2659 2659 2659 2659 2659 2639 2639 2639 2639 2639 2659 2659 2659 2639 2639 2618 2618 2618 2639 2639 2639 2639 2639 2618 2598 2503 2450 2415 2381 2333 2301 2271 2256 2198 2170 2143 2078 2053 2028 2005 1970 1947 1926 1883 1863 1833 1813 1794 1766 1748 1731 1696 1671 1663 1655 1616 1594 1579 1579 1536 1529 1503 1503 1483 1464 1452 1421 1421 1410 1398 1376 1376 1349 1338 1333 1312 1312 1292 1278 1268 1250 1250 1241 1223 1214 1206 1185 1177 1169 1165 1153 1141 1130 1123 1112 1101 1090 1087 1077 1070 1057 1047 1041 1034 1031 1022 1007 995 992 992 0 0
0 0 0 0 0 0 0 0 0 0 0 0 0 0 0 0 0 0 0 0 0 666 666 666 666 666 666 666 666 664 664 663 663 663 663 663 663 663 663 663 663 663 662 662 662 663 663 663 663 663 662 662 662 662 662 662 662 664 668 671 672 674 663 661 661 658 658 657 657 657 657 657 657 658 659 661 662 662 664 668 672 675 678 686 694 701 704 704 703 703 704 707 716 722 741 741 744 750 755 774 778 780 783 789 798 803 803 819 819 0 0 959 959 962 962 964 967 967 970 970 973 1278 1283 1288 1288 1288 1292 1307 1312 1312 0 1509 1509 1509 1516 1523 0 0 0 0 1804 1804 1833 1843 1863 0 0 0 0 0 0 0 2639 2639 2659 2680 2680 2680 2680 2680 2639 2639 2639 2659 2659 2680 2680 2680 2680 2659 2659 2680 2680 2680 2680 2680 2680 2680 2701 2680 2680 2680 2680 2680 2680 2680 2680 2680 2680 2680 2680 2680 2680 2659 2659 2659 2659 2659 2659 2659 2659 2680 2680 2680 2659 2659 2659 2659 2659 2659 2680 2680 2659 2639 2639 2639 2639 2639 2659 2659 2659 2639 2618 2618 2618 2618 2639 2639 2639 2639 2639 2618 2541 2503 2467 2432 2398 2333 2301 2271 2256 2198 2170 2143 2090 2053 2040 1993 1970 1947 1926 1894 1873 1833 1823 1794 1766 1748 1705 1696 1671 1663 1655 1616 1601 1572 1572 1536 1529 1509 1509 1489 1464 1452 1421 1421 1410 1398 1376 1376 1349 1338 1333 1312 1312 1292 1278 1268 1250 1250 1241 1227 1219 1206 1185 1177 1173 1169 1149 1141 1130 1123 1112 1105 1097 1087 1077 1067 1060 1047 1044 1031 1031 1019 1007 995 992 992 0 0
0 0 0 0 0 0 0 0 0 0 0 0 0 0 0 0 0 0 0 0 0 666 666 666 666 666 664 664 666 664 664 663 663 663 663 663 663 663 663 663 663 663 663 663 663 663 663 663 663 663 662 662 662 662 662 662 663 664 668 671 674 674 663 661 661 659 659 658 657 657 657 657 657 658 658 659 661 662 663 668 671 675 678 686 694 701 707 706 704 704 706 708 716 720 727 736 750 750 774 774 776 780 783 789 796 800 819 819 819 0 0 956 956 959 959 962 962 967 967 970 973 1288 1288 1288 1288 1288 1292 1292 1302 1302 1268 1477 1477 1477 1477 1496 1496 0 0 0 1804 1804 1833 1843 1863 0 0 0 0 0 0 0 2639 2639 2659 2680 2680 2680 2680 2680 2639 2639 2659 2659 2659 2680 2680 2680 2659 2659 2659 2659 2659 2680 2680 2680 2680 2680 2701 2701 2680 2680 2680 2680 2680 2680 2680 2680 2680 2680 2659 2659 2659 2659 2659 2680 2680 2680 2659 2659 2659 2659 2659 2659 2659 2659 2659 2659 2680 2680 2680 2680 2659 2639 2618 2618 2618 2618 2639 2659 2659 2659 2618 2618 2618 2618 2639 2639 2639 2639 2639 2618 2503 2503 2467 2432 2381 2349 2301 2271 2256 2198 2170 2143 2103 2065 2040 1993 1970 1947 1926 1894 1873 1843 1823 1794 1776 1757 1705 1696 1680 1663 1655 1616 1594 1572 1572 1536 1529 1509 1509 1489 1464 1445 1421 1421 1410 1398 1376 1376 1349 1338 1328 1312 1312 1288 1278 1268 1250 1250 1236 1232 1219 1202 1185 1181 1173 1165 1149 1141 1134 1123 1112 1105 1097 1087 1077 1067 1060 1047 1044 1031 1031 1016 1010 998 992 992 0 0
0 0 0 0 0 0 0 0 0 0 0 0 0 0 0 0 0 0 0 0 0 666 666 666 666 666 664 664 664 664 664 664 664 664 663 663 663 663 663 663 663 663 663 663 663 662 662 662 662 662 662 662 662 662 662 662 663 666 668 672 674 674 663 661 661 659 659 659 657 657 658 657 657 658 658 659 661 662 663 667 671 674 679 686 694 700 708 708 706 706 707 710 716 720 727 734 739 774 774 774 776 780 785 790 796 800 819 819 0 0 0 956 956 959 959 959 962 964 967 967 970 1288 1288 1288 1288 1288 1292 1292 1268 1268 1268 1464 1464 1470 1477 1496 1496 0 0 0 0 1843 1843 1853 1883 0 0 0 0 0 0 0 2659 2659 2659 2680 2680 2701 2701 2680 2659 2659 2659 2680 2680 2680 2680 2680 2659 2659 2659 2659 2659 2680 2680 2680 2680 2680 2701 2701 2680 2680 2680 2680 2680 2680 2680 2680 2680 2680 2659 2659 2659 2659 2659 2680 2680 2680 2659 2659 2659 2659 2659 2659 2659 2659 2659 2680 2680 2680 2680 2680 2659 2639 2618 2618 2618 2618 2639 2659 2680 2639 2618 2618 2618 2618 2639 2639 2639 2639 2639 2618 2503 2503 2467 2432 2381 2349 2317 2286 2241 2198 2170 2143 2103 2078 2053 2005 1970 1947 1926 1894 1873 1863 1823 1794 1776 1757 1722 1705 1688 1663 1655 1624 1594 1572 1572 1543 1529 1503 1503 1489 1458 1445 1421 1421 1410 1392 1376 1365 1349 1338 1328 1317 1302 1288 1273 1273 1245 1245 1232 1227 1219 1202 1189 1185 1177 1161 1153 1145 1134 1119 1112 1105 1097 1087 1077 1067 1063 1057 1047 1031 1031 1016 1010 998 995 995 0 0
0 0 0 0 0 0 0 0 0 0 0 0 0 0 0 0 0 0 0 0 0 666 666 666 666 664 664 664 664 664 664 664 664 663 663 663 663 663 663 662 662 663 663 663 663 662 662 662 662 662 662 662 662 662 662 662 662 666 670 672 674 674 663 659 659 659 659 658 657 657 658 658 657 657 658 658 661 662 663 667 671 674 679 688 694 700 708 710 711 710 710 711 717 720 728 734 738 773 773 774 776 780 787 790 796 800 819 821 0 0 0 956 956 956 956 959 959 962 964 967 967 967 1283 1283 1283 1288 1288 1292 1268 1268 1268 1452 1452 1464 1477 1496 0 0 0 0 0 0 1853 1853 1883 0 0 0 0 0 0 0 2701 2701 2701 2701 2701 2701 2701 2701 2680 2680 2680 2680 2680 2680 2680 2680 2659 2659 2659 2659 2680 2680 2680 2680 2680 2680 2680 2680 2680 2680 2680 2680 2680 2680 2680 2680 2680 2680 2659 2659 2659 2659 2659 2680 2680 2680 2680 2680 2680 2659 2659 2659 2659 2659 2680 2680 2680 2680 2680 2680 2659 2639 2618 2618 2618 2639 2639 2680 2680 2639 2618 2618 2618 2618 2639 2639 2639 2639 2639 2618 2541 2522 2485 2432 2365 2349 2317 2286 2241 2198 2156 2129 2103 2090 2053 2005 1970 1947 1926 1894 1863 1853 1823 1804 1766 1766 1722 1705 1688 1680 1639 1616 1594 1572 1572 1557 1529 1496 1496 1483 1458 1445 1427 1427 1410 1392 1376 1365 1354 1338 1328 1317 1302 1302 1273 1273 1245 1245 1232 1227 1214 1193 1189 1189 1177 1157 1149 1145 1141 1119 1112 1108 1097 1084 1077 1067 1063 1054 1047 1031 1031 1016 1010 998 995 995 0 0
0 0 0 0 0 0 0 0 0 0 0 0 0 0 0 0 0 0 0 0 0 666 666 666 666 664 664 664 664 664 664 664 664 663 663 663 663 663 663 662 662 662 662 663 662 662 662 662 662 662 662 662 662 662 662 662 662 667 670 672 674 674 675 659 659 659 659 658 657 657 657 657 657 657 657 658 661 662 664 666 671 674 680 687 694 701 708 711 713 713 713 714 717 720 728 734 736 773 773 774 778 783 789 794 798 800 821 821 0 0 0 956 956 956 956 959 959 959 962 964 967 967 1283 1283 1283 1288 1288 1292 1292 1292 1292 1433 1433 1445 1483 0 0 0 0 0 0 0 1853 1853 1883 0 0 0 0 0 0 0 2723 2701 2701 2723 2701 2701 2701 2701 2680 2680 2680 2680 2680 2680 2680 2680 2680 2659 2659 2680 2680 2680 2680 2680 2680 2680 2680 2680 2680 2680 2680 2680 2680 2680 2680 2680 2680 2680 2659 2659 2680 2680 2680 2680 2680 2680 2680 2680 2680 2659 2659 2680 2680 2680 2680 2680 2680 2680 2680 2680 2680 2659 2639 2639 2639 2639 2639 2659 2680 2639 2618 2618 2618 2639 2639 2639 2639 2639 2639 2618 2560 2541 2503 2432 2365 2349 2317 2286 2241 2198 2156 2129 2103 2078 2078 2005 1970 1947 1926 1894 1863 1853 1823 1794 1766 1766 1748 1705 1688 1680 1639 1616 1609 1572 1572 1557 1536 1496 1496 1483 1458 1445 1433 1421 1415 1398 1376 1365 1354 1338 1328 1317 1302 1302 1278 1273 1250 1250 1236 1227 1214 1193 1193 1189 1181 1157 1149 1145 1138 1126 1115 1108 1097 1084 1077 1067 1063 1054 1044 1031 1028 1019 1013 1001 995 995 0 0
0 0 0 0 0 0 0 0 0 0 0 0 0 0 0 0 0 0 0 0 0 666 666 666 666 664 664 664 664 664 664 664 664 664 663 663 663 663 662 662 662 662 662 662 662 662 662 662 662 662 662 662 662 662 662 662 662 667 670 672 674 674 675 658 658 659 659 657 657 657 657 657 657 657 657 658 661 662 664 666 672 676 679 684 696 700 708 713 714 717 716 716 719 720 727 734 736 773 774 776 780 783 790 796 800 805 821 0 0 0 0 956 956 956 956 959 959 959 962 964 970 970 1283 1283 1283 1288 1288 1292 1297 1381 1381 1398 1404 1445 1496 0 0 0 0 0 0 0 0 0 0 0 0 0 0 0 0 0 0 2680 2680 2701 2701 2701 2701 2680 2680 2680 2680 2680 2680 2680 2680 2680 2680 2680 2680 2680 2680 2680 2680 2680 2680 2680 2680 2680 2680 2680 2680 2680 2680 2680 2680 2680 2680 2680 2680 2680 2680 2680 2680 2680 2680 2680 2680 2680 2680 2680 2680 2680 2680 2680 2680 2680 2680 2680 2680 2680 2701 2680 2639 2639 2639 2639 2639 2659 2680 2639 2639 2639 2639 2639 2639 2639 2639 2639 2639 2618 2579 2541 2485 2450 2365 2349 2301 2286 2256 2198 2156 2129 2103 2078 2065 2005 1970 1947 1926 1894 1863 1853 1823 1794 1766 1766 1748 1705 1688 1680 1639 1616 1609 1579 1579 1557 1536 1496 1496 1483 1458 1445 1439 1421 1421 1392 1376 1365 1365 1343 1328 1317 1307 1307 1288 1268 1250 1250 1236 1227 1214 1193 1193 1185 1177 1161 1149 1141 1134 1126 1115 1105 1097 1084 1077 1070 1060 1054 1044 1034 1028 1022 1016 1007 998 998 0 0
0 0 0 0 0 0 0 0 0 0 0 0 0 0 0 0 0 0 0 0 0 667 666 664 664 664 664 664 664 664 664 664 664 664 663 663 663 663 662 662 662 661 661 662 662 662 662 662 662 662 662 662 662 662 662 662 662 667 671 672 674 675 675 658 658 659 659 657 657 657 657 657 657 657 657 658 661 662 664 667 672 676 679 684 696 700 708 713 716 717 717 717 719 720 727 773 773 773 774 776 780 785 794 798 805 807 0 807 0 0 0 956 956 956 956 959 959 962 964 967 970 981 981 1283 1283 1288 1288 1292 1312 1381 1381 1398 1404 1433 1496 0 0 0 0 0 0 0 0 0 0 0 0 0 0 0 0 0 2680 2680 2680 2701 2701 2680 2680 2680 2659 2659 2659 2680 2680 2680 2680 2680 2680 2680 2701 2701 2701 2701 2680 2680 2680 2680 2680 2680 2680 2680 2680 2701 2701 2701 2701 2680 2680 2680 2680 2680 2680 2680 2680 2680 2680 2680 2680 2680 2680 2680 2680 2680 2701 2701 2701 2680 2680 2701 2701 2701 2680 2680 2659 2639 2639 2639 2639 2680 2659 2659 2639 2639 2639 2639 2639 2659 2659 2659 2639 2618 2579 2541 2485 2450 2365 2349 2301 2286 2256 2198 2156 2129 2103 2078 2053 2005 1981 1947 1926 1894 1873 1853 1833 1804 1785 1776 1757 1705 1688 1663 1639 1616 1609 1579 1579 1550 1536 1503 1496 1489 1458 1445 1433 1427 1427 1392 1376 1365 1365 1343 1328 1317 1302 1302 1283 1268 1250 1250 1236 1227 1214 1193 1193 1185 1177 1161 1153 1141 1134 1130 1123 1105 1097 1087 1077 1070 1060 1054 1044 1038 1031 1025 1016 1016 1001 1001 0 0
0 0 0 0 0 0 0 0 0 0 0 0 0 0 0 0 0 0 0 0 0 666 666 664 664 664 664 664 664 664 664 664 664 664 663 663 663 662 662 662 661 661 661 662 662 662 662 662 661 661 662 662 662 662 662 662 662 667 671 672 674 675 675 658 658 659 659 657 657 657 657 657 657 657 657 658 661 662 666 667 671 678 679 684 693 696 708 713 716 719 725 742 749 754 769 769 773 773 774 778 781 785 794 800 802 0 0 0 0 0 0 0 951 951 954 956 956 959 964 967 970 978 984 1283 1283 1288 1288 1292 1312 1381 1381 1398 1404 1433 1496 0 0 0 0 0 0 0 0 0 0 0 0 0 0 0 0 0 2659 2659 2701 2680 2680 2680 2680 2680 2659 2659 2659 2680 2680 2680 2680 2680 2701 2701 2701 2701 2701 2680 2680 2680 2680 2680 2680 2680 2680 2680 2680 2680 2680 2701 2701 2680 2680 2680 2680 2701 2701 2680 2680 2680 2680 2680 2680 2680 2680 2680 2680 2680 2680 2680 2701 2701 2701 2701 2680 2680 2680 2680 2659 2639 2639 2639 2639 2680 2659 2659 2618 2618 2618 2639 2639 2659 2659 2659 2659 2639 2579 2541 2485 2450 2398 2365 2317 2286 2256 2198 2156 2129 2103 2065 2053 2005 1981 1959 1926 1894 1873 1853 1823 1804 1785 1766 1757 1705 1696 1663 1639 1624 1616 1579 1579 1550 1536 1503 1496 1496 1464 1452 1433 1427 1427 1392 1376 1365 1365 1343 1328 1317 1297 1297 1273 1268 1250 1250 1236 1227 1219 1193 1193 1181 1177 1169 1153 1141 1134 1130 1123 1105 1097 1087 1077 1070 1060 1054 1044 1038 1031 1025 1016 1016 998 998 0 0
0 0 0 0 0 0 0 0 0 0 0 0 0 0 0 0 0 0 0 0 0 666 664 664 664 664 664 664 664 664 664 664 664 664 663 663 663 662 662 662 661 661 662 662 662 662 662 662 661 661 662 662 662 662 662 662 662 667 671 672 674 674 658 658 658 659 659 657 657 657 657 657 657 657 657 658 661 663 666 667 668 678 680 687 693 696 708 714 719 725 734 742 749 754 757 767 773 774 778 780 783 787 794 798 800 800 0 0 0 0 0 0 948 948 954 956 956 959 964 967 970 978 984 1283 1283 1288 1288 1292 1333 1381 1381 1392 1404 1477 0 0 0 0 0 0 0 0 0 0 0 0 0 0 0 0 0 2701 2659 2659 2701 2680 2680 2680 2680 2680 2659 2659 2680 2680 2680 2680 2680 2680 2701 2701 2701 2701 2701 2680 2680 2701 2680 2680 2680 2680 2680 2680 2680 2680 2680 2680 2680 2680 2680 2680 2680 2701 2701 2680 2680 2680 2680 2680 2680 2680 2680 2680 2680 2680 2680 2680 2701 2701 2701 2701 2680 2680 2680 2680 2659 2639 2639 2639 2659 2680 2680 2680 2618 2618 2618 2639 2639 2639 2659 2659 2659 2639 2579 2541 2485 2450 2415 2381 2317 2286 2256 2198 2156 2129 2103 2065 2053 2005 1981 1959 1926 1894 1873 1853 1823 1794 1785 1766 1748 1722 1696 1671 1639 1624 1609 1579 1572 1550 1529 1509 1503 1496 1464 1452 1439 1427 1415 1392 1376 1365 1365 1354 1333 1317 1297 1297 1273 1268 1250 1250 1236 1236 1219 1193 1193 1181 1177 1169 1157 1145 1134 1123 1115 1105 1101 1090 1077 1070 1060 1057 1047 1041 1031 1022 1016 1010 995 995 0 0
0 0 0 0 0 0 0 0 0 0 0 0 0 0 0 0 0 0 0 0 0 664 664 664 664 664 664 664 664 664 664 664 663 663 663 663 662 662 662 661 661 661 662 662 662 662 661 661 661 661 662 662 662 662 662 662 662 668 670 672 674 674 658 658 658 659 658 657 657 657 657 657 657 657 658 658 662 663 666 667 668 683 683 687 693 697 707 716 720 725 734 742 749 754 757 767 767 809 783 783 783 796 796 798 798 0 0 0 871 0 0 0 948 948 956 956 956 959 962 967 970 1283 1283 1283 1283 1288 1288 1312 1333 1354 1392 1392 1483 1483 0 0 0 0 0 0 0 0 0 0 0 0 0 0 0 0 2723 2701 2701 2701 2701 2680 2680 2680 2680 2701 2659 2659 2680 2680 2680 2680 2680 2680 2680 2701 2701 2701 2701 2701 2701 2701 2701 2701 2680 2680 2680 2680 2680 2680 2680 2680 2680 2680 2680 2680 2680 2701 2701 2680 2680 2680 2680 2680 2680 2680 2680 2680 2680 2680 2680 2680 2680 2701 2701 2701 2680 2680 2680 2680 2659 2659 2659 2659 2680 2701 2680 2659 2639 2618 2618 2639 2639 2639 2659 2659 2680 2659 2618 2541 2485 2450 2415 2349 2333 2301 2226 2198 2170 2143 2103 2090 2065 2016 1970 1947 1926 1915 1894 1863 1833 1794 1794 1766 1748 1722 1696 1680 1639 1624 1609 1579 1572 1550 1529 1509 1503 1496 1464 1458 1445 1427 1415 1392 1381 1365 1365 1354 1333 1312 1297 1297 1278 1273 1250 1250 1236 1236 1223 1193 1193 1185 1177 1157 1157 1149 1141 1119 1112 1105 1101 1090 1080 1070 1060 1054 1047 1044 1031 1022 1016 1007 995 995 0 0
0 0 0 0 0 0 0 0 0 0 0 0 0 0 0 0 0 0 0 0 0 664 664 664 664 664 663 663 664 664 664 664 663 663 663 663 662 662 662 661 661 661 661 662 662 662 661 661 661 661 662 662 662 662 662 662 663 668 670 672 672 672 659 659 659 659 658 657 657 657 657 657 658 658 658 658 662 663 666 668 671 683 683 686 694 703 707 714 720 727 734 742 750 757 761 780 780 809 809 809 829 829 798 798 798 858 862 867 871 875 0 0 0 956 956 956 956 959 962 967 1288 1288 1288 1288 1288 1288 1292 1307 1338 1349 1349 1470 1470 1470 0 0 0 0 0 0 0 0 0 0 0 0 0 0 0 2701 2701 2701 2701 2701 2701 2680 2680 2701 2701 2701 2680 2680 2680 2680 2680 2680 2680 2680 2680 2680 2680 2701 2701 2701 2701 2701 2701 2701 2701 2701 2701 2680 2680 2680 2680 2680 2680 2680 2680 2680 2680 2680 2680 2680 2680 2680 2680 2701 2701 2701 2680 2680 2680 2680 2680 2680 2680 2701 2701 2701 2701 2701 2680 2680 2659 2659 2659 2659 2680 2701 2680 2659 2639 2618 2618 2639 2639 2659 2659 2659 2680 2659 2639 2560 2485 2467 2381 2349 2333 2286 2226 2198 2156 2129 2103 2090 2065 2040 1970 1947 1926 1915 1894 1863 1833 1823 1804 1766 1739 1722 1705 1688 1655 1624 1609 1586 1572 1564 1516 1509 1503 1496 1477 1464 1439 1421 1421 1392 1381 1365 1365 1354 1343 1312 1297 1297 1288 1278 1250 1250 1241 1232 1219 1206 1193 1193 1173 1157 1157 1149 1145 1119 1112 1108 1105 1094 1084 1070 1060 1054 1050 1041 1028 1022 1016 1007 995 995 0 0
0 0 0 0 0 0 0 0 0 0 0 0 0 0 0 0 0 0 0 0 0 664 663 663 663 663 663 663 663 664 664 664 663 663 663 663 663 662 662 661 661 661 661 662 662 661 661 661 662 662 662 662 662 662 662 662 663 670 671 672 672 672 659 659 659 659 659 657 657 657 657 657 658 658 658 659 662 663 666 668 672 678 682 686 700 706 708 710 720 727 736 742 750 755 761 761 805 805 805 807 829 829 829 854 854 858 860 864 871 875 0 0 0 959 959 0 0 0 1288 1288 1288 1288 1288 1288 1288 1288 1292 1307 1338 1349 1349 1464 1464 1464 0 0 0 0 0 0 0 0 0 0 0 0 0 0 2701 2701 2701 2701 2701 2701 2701 2701 2701 2701 2701 2701 2680 2680 2680 2680 2701 2701 2701 2701 2701 2680 2680 2701 2701 2701 2701 2701 2701 2701 2701 2701 2701 2680 2680 2680 2680 2680 2680 2701 2680 2680 2701 2680 2680 2680 2680 2701 2701 2701 2701 2701 2701 2701 2680 2680 2680 2680 2680 2701 2701 2701 2701 2701 2680 2680 2659 2659 2659 2680 2680 2701 2680 2659 2639 2639 2639 2639 2639 2659 2659 2659 2680 2659 2598 2541 2485 2467 2381 2349 2333 2286 2256 2212 2156 2129 2103 2103 2065 2028 1981 1959 1926 1915 1894 1863 1843 1823 1804 1766 1739 1722 1688 1688 1655 1632 1609 1594 1586 1557 1516 1509 1503 1496 1483 1470 1439 1421 1421 1392 1381 1370 1370 1354 1343 1307 1297 1297 1288 1278 1250 1250 1241 1232 1219 1206 1193 1193 1173 1161 1157 1149 1145 1119 1112 1108 1105 1097 1087 1073 1063 1057 1047 1038 1028 1025 1019 1010 995 995 0 0
0 0 0 0 0 0 0 0 0 0 0 0 0 0 0 0 0 0 0 0 0 663 663 662 662 663 663 663 663 663 663 663 664 663 663 663 662 662 662 662 662 662 662 662 662 661 661 661 662 662 662 662 662 662 662 662 663 670 671 672 672 661 659 658 658 658 658 657 657 657 657 657 657 657 657 658 662 664 667 670 672 676 682 686 698 704 708 710 720 727 736 746 750 755 762 769 785 798 803 807 829 829 829 854 854 858 860 862 871 878 896 0 0 0 0 0 0 0 1288 1288 1288 1288 1288 1288 1288 1292 1292 1307 1333 1354 1376 1452 1452 1464 0 0 0 0 0 0 0 0 0 0 0 0 0 0 2701 2701 2701 2701 2701 2701 2701 2701 2701 2701 2701 2701 2680 2680 2680 2680 2701 2701 2701 2701 2701 2701 2701 2701 2701 2701 2701 2701 2701 2701 2701 2701 2701 2701 2701 2701 2701 2680 2680 2701 2701 2701 2701 2680 2680 2680 2680 2701 2701 2701 2701 2701 2701 2701 2701 2701 2680 2680 2680 2701 2701 2701 2701 2701 2680 2680 2659 2659 2680 2680 2701 2701 2680 2659 2639 2639 2639 2639 2639 2659 2680 2680 2659 2639 2579 2541 2485 2467 2381 2349 2317 2301 2256 2212 2170 2129 2116 2103 2065 2016 1981 1959 1936 1915 1883 1863 1843 1833 1804 1766 1748 1731 1688 1688 1655 1632 1609 1601 1586 1557 1523 1516 1503 1496 1477 1458 1439 1421 1421 1404 1381 1370 1359 1354 1343 1307 1302 1302 1292 1278 1255 1255 1241 1232 1223 1214 1193 1193 1173 1161 1161 1157 1141 1119 1115 1108 1101 1094 1087 1073 1063 1057 1047 1038 1031 1025 1019 1013 995 995 0 0
0 0 0 0 0 0 0 0 0 0 0 0 0 0 0 0 0 0 0 0 0 663 663 662 662 663 663 663 663 663 663 663 664 663 663 663 662 662 662 662 662 662 662 662 662 661 661 661 662 662 662 662 662 662 662 662 663 668 671 672 674 661 659 658 658 658 658 657 657 657 657 657 657 657 657 658 662 664 667 668 671 675 682 686 697 701 710 711 720 725 738 746 750 755 762 769 785 794 803 807 831 833 837 845 854 858 860 862 880 889 896 0 0 0 0 0 0 0 1292 1288 1288 1288 1288 1288 1288 1288 1292 1312 1333 1354 1376 1421 1439 1458 0 0 0 0 0 0 0 0 0 0 0 0 0 0 2680 2680 2701 2701 2701 2701 2701 2701 2701 2701 2701 2701 2680 2680 2680 2701 2701 2701 2701 2701 2701 2701 2701 2701 2701 2701 2701 2701 2701 2701 2701 2701 2701 2701 2701 2701 2701 2701 2701 2701 2701 2701 2701 2701 2701 2680 2680 2701 2701 2701 2701 2701 2701 2701 2701 2701 2701 2701 2701 2701 2701 2701 2701 2701 2701 2701 2680 2680 2680 2701 2701 2701 2680 2659 2639 2639 2639 2639 2639 2680 2680 2680 2659 2639 2579 2541 2503 2485 2381 2349 2317 2286 2256 2241 2156 2129 2116 2103 2065 2016 1981 1970 1947 1915 1883 1863 1843 1833 1794 1766 1748 1731 1696 1688 1655 1632 1616 1601 1586 1564 1536 1523 1509 1503 1477 1458 1445 1421 1421 1404 1381 1365 1359 1354 1343 1312 1302 1302 1292 1278 1255 1255 1241 1232 1223 1214 1193 1189 1173 1165 1161 1153 1134 1123 1119 1112 1101 1094 1087 1077 1067 1057 1047 1038 1031 1028 1016 1013 1004 1004 0 0
0 0 0 0 0 0 0 0 0 0 0 0 0 0 0 0 0 0 0 0 0 664 663 663 663 663 663 663 664 664 663 663 663 663 663 663 662 662 662 662 662 662 662 662 662 661 661 661 661 661 662 662 662 662 662 662 663 667 671 672 674 666 659 658 658 658 658 657 655 655 657 657 657 657 657 659 662 664 666 668 671 675 686 690 697 700 711 714 720 725 738 746 752 757 762 769 787 794 803 807 817 833 837 845 854 854 854 864 0 0 0 0 0 0 0 0 0 0 1292 1288 1288 1288 1288 1288 1288 1288 1292 1312 1333 1333 1415 1415 1433 1458 0 0 0 0 0 0 0 0 0 0 0 0 0 0 2680 2680 2701 2701 2701 2701 2701 2701 2701 2701 2723 2723 2680 2680 2701 2701 2680 2680 2701 2701 2701 2701 2701 2701 2701 2701 2701 2701 2701 2701 2701 2701 2701 2701 2701 2701 2701 2701 2701 2701 2701 2701 2701 2701 2701 2701 2659 2659 2680 2680 2701 2701 2701 2701 2701 2701 2701 2701 2701 2701 2701 2701 2701 2701 2701 2701 2680 2680 2680 2680 2680 2701 2680 2659 2639 2639 2639 2639 2639 2680 2680 2680 2659 2639 2579 2541 2503 2467 2398 2333 2317 2286 2271 2226 2156 2143 2116 2090 2065 2016 1993 1981 1959 1915 1883 1863 1843 1833 1794 1766 1748 1731 1705 1688 1655 1632 1616 1601 1586 1572 1536 1529 1509 1509 1477 1458 1445 1427 1427 1410 1376 1365 1365 1354 1343 1312 1302 1302 1292 1283 1255 1255 1241 1236 1223 1214 1193 1189 1177 1169 1153 1145 1134 1123 1119 1112 1105 1094 1087 1077 1067 1060 1050 1044 1034 1028 1016 1013 1007 1007 0 0
0 0 0 0 0 0 0 0 0 0 0 0 0 0 0 0 0 0 0 0 0 664 663 663 663 663 663 664 664 663 663 663 663 663 663 663 663 662 662 662 662 662 662 662 662 662 662 662 661 661 662 662 662 662 662 663 663 667 671 672 674 672 659 658 658 658 658 657 655 655 657 657 657 657 658 659 662 663 666 667 671 675 687 691 697 700 711 717 720 725 739 742 752 759 766 771 787 794 800 807 817 835 837 845 854 854 854 0 0 0 0 0 0 0 0 0 0 0 0 1288 1288 1288 1288 1288 1288 1288 1292 1312 1312 1415 1415 1415 1433 1458 0 0 0 0 0 0 0 0 0 0 0 0 0 0 2680 2680 2680 2701 2701 2701 2701 2680 2680 2701 2701 2723 2701 2680 2680 2680 2680 2680 2680 2680 2680 2680 2680 2680 2701 2701 2701 2701 2680 2680 2680 2701 2680 2680 2680 2701 2701 2701 2701 2701 2701 2701 2701 2701 2701 2701 2659 2659 2680 2680 2701 2701 2701 2701 2701 2701 2701 2701 2701 2701 2701 2701 2701 2701 2701 2701 2680 2680 2680 2680 2680 2701 2680 2659 2639 2639 2639 2639 2639 2680 2680 2680 2680 2639 2579 2541 2503 2450 2398 2333 2301 2286 2256 2226 2184 2170 2129 2090 2065 2016 1993 1981 1959 1915 1883 1873 1853 1833 1785 1757 1748 1731 1705 1688 1663 1624 1616 1601 1586 1572 1543 1523 1509 1496 1477 1464 1439 1427 1427 1415 1376 1365 1365 1354 1343 1312 1302 1302 1292 1288 1250 1245 1241 1241 1214 1206 1193 1193 1177 1173 1149 1145 1141 1130 1119 1112 1105 1094 1087 1077 1067 1060 1054 1044 1034 1028 1016 1013 1007 1007 0 0
0 0 0 0 0 0 0 0 0 0 0 0 0 0 0 0 0 0 0 0 0 664 663 663 663 663 663 664 664 663 663 663 663 663 663 663 663 662 662 662 662 662 662 662 661 661 661 661 661 661 662 662 662 662 662 662 663 667 671 672 672 672 659 658 658 658 658 657 655 655 657 657 657 657 658 658 662 663 666 667 671 675 686 691 697 700 710 719 722 727 739 742 749 762 767 771 789 794 800 809 817 829 839 845 854 854 896 0 0 0 0 0 0 0 0 0 0 0 0 1288 1288 1288 1288 1288 1288 1288 1292 1312 1312 1312 1421 1421 1439 1458 0 0 0 0 0 0 0 0 0 0 0 0 0 0 2659 2659 2680 2701 2701 2701 2680 2659 2659 2659 2680 2680 2680 2659 2659 2659 2659 2659 2639 2639 2639 2659 2659 2659 2680 2680 2680 2680 2659 2659 2659 2659 2659 2659 2680 2680 2680 2701 2680 2680 2680 2680 2680 2659 2659 2639 2639 2659 2680 2680 2680 2680 2680 2701 2701 2701 2701 2701 2701 2701 2701 2701 2701 2701 2701 2680 2680 2680 2680 2680 2680 2701 2680 2659 2639 2639 2639 2639 2659 2680 2680 2680 2680 2639 2579 2541 2503 2450 2415 2349 2301 2286 2256 2226 2184 2170 2129 2103 2078 2028 1993 1981 1959 1915 1894 1883 1863 1833 1785 1757 1748 1731 1705 1688 1663 1624 1616 1601 1586 1572 1536 1523 1509 1496 1483 1464 1439 1427 1427 1415 1381 1365 1359 1354 1343 1317 1302 1297 1292 1288 1250 1245 1245 1241 1214 1206 1193 1193 1185 1173 1149 1145 1141 1134 1119 1108 1105 1094 1087 1077 1070 1063 1057 1047 1034 1028 1016 1013 1007 1007 0 0
0 0 0 0 0 0 0 0 0 0 0 0 0 0 0 0 0 0 0 0 0 664 663 663 663 663 663 664 664 663 663 664 663 663 662 662 662 662 662 662 662 662 662 662 661 661 661 661 661 661 661 662 662 662 662 662 663 668 670 671 672 672 659 658 658 658 658 657 655 655 657 657 657 657 657 658 661 663 664 667 671 678 686 688 697 703 708 719 723 727 739 742 749 764 769 771 783 794 800 813 821 829 845 847 856 896 896 898 0 0 0 0 0 0 0 0 0 0 0 1288 1283 1283 1288 1288 1288 1288 1292 1312 1312 1387 1387 1398 1439 1458 0 0 0 0 0 0 0 0 0 0 2349 2349 2365 2579 2579 2639 2680 2701 2701 2639 2618 2618 2618 2618 2618 2579 2579 2579 2579 2618 2598 2598 2579 2579 2598 2579 2579 2618 2618 2618 2618 2618 2598 2598 2618 2618 2618 2618 2618 2618 2639 2659 2639 2639 2659 2639 2639 2639 2639 2639 2639 2639 2659 2680 2680 2680 2680 2701 2701 2701 2701 2701 2701 2701 2701 2701 2701 2701 2701 2680 2659 2659 2659 2659 2680 2701 2701 2680 2659 2639 2639 2639 2659 2659 2680 2680 2680 2639 2598 2560 2503 2450 2415 2365 2301 2286 2256 2212 2184 2170 2129 2090 2078 2040 1993 1981 1947 1904 1894 1883 1863 1833 1794 1766 1748 1722 1705 1688 1663 1632 1616 1609 1586 1564 1536 1509 1503 1503 1483 1458 1439 1427 1427 1415 1387 1370 1359 1359 1343 1317 1307 1297 1297 1288 1255 1245 1245 1241 1214 1210 1197 1197 1185 1173 1157 1145 1141 1138 1119 1108 1105 1097 1087 1073 1070 1063 1057 1047 1034 1028 1019 1013 1007 1007 0 0
0 0 0 0 0 0 0 0 0 0 0 0 0 0 0 0 0 0 0 0 0 664 663 663 663 663 663 663 663 663 663 663 663 663 662 662 662 662 662 662 662 662 662 662 662 662 661 661 661 661 661 661 661 662 662 662 666 667 670 671 672 668 659 658 658 658 658 657 657 657 657 657 657 657 657 661 661 663 664 668 674 679 683 687 700 703 707 719 725 728 739 744 747 766 769 771 783 796 800 813 823 829 845 851 862 869 896 898 0 0 0 0 0 0 0 0 0 0 0 1288 1283 1283 1288 1288 1288 1288 1307 1312 1317 1387 1387 1398 1445 1470 0 0 0 0 0 0 0 0 0 2333 2333 2349 2365 2541 2579 2639 2659 2701 2560 2541 2541 2541 2560 2560 2541 2522 2522 2522 2541 2541 2541 2541 2541 2541 2541 2541 2541 2541 2541 2522 2522 2522 2541 2560 2560 2560 2560 2560 2560 2541 2541 2560 2560 2560 2560 2560 2560 2560 2579 2598 2598 2598 2618 2639 2659 2680 2680 2701 2701 2701 2701 2701 2701 2701 2701 2701 2680 2680 2680 2659 2659 2639 2639 2659 2680 2680 2680 2659 2639 2639 2639 2639 2639 2639 2659 2659 2659 2618 2579 2541 2503 2450 2415 2381 2333 2286 2256 2212 2170 2156 2129 2090 2078 2053 1993 1970 1947 1904 1894 1883 1863 1833 1794 1766 1748 1722 1696 1688 1663 1632 1616 1601 1579 1564 1543 1509 1503 1503 1483 1458 1445 1427 1427 1410 1392 1370 1365 1365 1343 1317 1307 1297 1297 1283 1259 1250 1250 1241 1214 1210 1197 1197 1181 1173 1157 1145 1145 1138 1119 1108 1105 1094 1087 1073 1070 1063 1057 1044 1034 1028 1022 1013 1007 1007 0 0
0 0 0 0 0 0 0 0 0 0 0 0 0 0 0 0 0 0 0 0 0 666 663 663 663 663 663 663 663 663 663 663 663 663 662 662 662 662 662 662 662 662 662 662 662 662 661 661 661 661 661 661 661 662 662 662 663 667 670 671 672 668 658 658 658 658 658 657 657 657 657 657 657 657 657 661 662 663 666 668 674 679 683 687 703 704 707 716 727 733 739 744 747 757 769 773 783 796 802 813 819 829 845 858 862 869 896 901 938 938 0 0 0 0 0 0 0 0 1288 1288 1288 1288 1288 1288 1288 1292 1307 1312 1317 1392 1398 1404 1427 1470 0 0 0 0 0 0 0 0 0 2333 2333 2349 2365 2432 2579 2618 2659 2701 2560 2485 2485 2450 2398 2398 2485 2485 2485 2467 2467 2485 2432 2415 2415 2415 2415 2415 2450 2485 2467 2467 2467 2485 2485 2541 2541 2522 2503 2485 2485 2485 2485 2485 2503 2503 2503 2503 2522 2541 2541 2541 2541 2541 2579 2598 2639 2659 2659 2680 2680 2680 2680 2659 2659 2680 2659 2659 2659 2659 2680 2659 2659 2639 2639 2639 2639 2680 2659 2639 2639 2639 2639 2639 2639 2639 2639 2639 2639 2618 2579 2541 2503 2467 2432 2398 2349 2286 2271 2212 2170 2156 2129 2090 2065 2053 1993 1970 1936 1915 1904 1883 1863 1833 1794 1766 1757 1722 1696 1688 1671 1639 1616 1601 1572 1564 1550 1516 1503 1503 1483 1458 1452 1427 1427 1410 1392 1376 1365 1365 1343 1317 1312 1297 1297 1283 1259 1255 1255 1236 1214 1210 1197 1197 1181 1173 1161 1149 1145 1138 1123 1112 1105 1094 1087 1073 1070 1063 1054 1044 1034 1028 1022 1013 1007 1007 0 0
0 0 0 0 0 0 0 0 0 0 0 0 0 0 0 0 0 0 0 0 0 664 663 663 663 663 663 663 663 664 664 664 663 663 662 662 662 662 662 662 662 662 662 662 662 662 661 661 661 661 661 662 662 662 662 662 663 667 670 671 672 667 658 658 658 658 658 657 657 657 657 657 657 657 657 659 662 663 666 668 675 679 683 687 704 704 708 716 727 734 739 746 752 757 766 774 783 796 803 811 819 829 847 856 862 869 880 908 918 935 0 0 0 0 0 0 0 0 1288 1288 1288 1288 1288 1288 1288 1292 1307 1312 1317 1381 1387 1404 1427 1483 0 0 0 0 0 0 2143 2143 2143 2365 2365 2365 2365 2415 2579 2618 2659 2723 2365 2365 2365 2365 2365 2365 2365 2381 2415 2381 2381 2333 2333 2381 2381 2381 2365 2365 2381 2381 2381 2381 2398 2432 2485 2522 2349 2349 2381 2415 2432 2432 2415 2415 2432 2432 2467 2467 2467 2415 2349 2349 2349 2349 2349 2598 2618 2639 2659 2639 2639 2680 2639 2639 2639 2639 2639 2639 2659 2659 2680 2659 2639 2618 2618 2618 2618 2659 2639 2639 2618 2618 2618 2639 2639 2639 2639 2639 2639 2598 2541 2522 2503 2467 2432 2398 2365 2301 2271 2212 2170 2170 2129 2090 2065 2053 2005 1970 1936 1915 1904 1894 1863 1833 1776 1766 1748 1731 1696 1688 1671 1647 1632 1594 1572 1564 1550 1516 1503 1496 1477 1464 1452 1427 1427 1410 1387 1376 1365 1365 1349 1322 1312 1297 1292 1283 1264 1255 1255 1236 1223 1210 1202 1202 1181 1169 1161 1149 1145 1138 1123 1112 1105 1097 1084 1073 1070 1067 1047 1041 1034 1028 1022 1016 1010 1010 0 0
0 0 0 0 0 0 0 0 0 0 0 0 0 0 0 0 0 0 0 0 0 663 663 663 663 663 663 663 663 664 664 664 663 663 662 662 662 662 662 662 662 662 662 662 662 662 661 661 661 661 661 662 662 662 662 662 663 668 671 672 672 658 658 658 658 658 657 657 657 657 657 657 657 657 657 659 662 663 666 668 675 679 683 687 706 706 711 716 717 734 741 746 754 759 764 776 787 796 803 809 815 839 849 856 862 871 880 908 918 920 0 0 0 0 0 0 0 0 1288 1288 1288 1288 1288 1292 1292 1292 1302 1312 1381 1381 1387 1404 1452 1470 1516 0 0 0 0 0 2116 2116 2129 2170 2349 2349 2365 2398 2579 2618 2301 2301 2301 2317 2333 2333 2333 2301 2301 2286 2286 2301 2271 2271 2286 2301 2333 2349 2349 2349 2333 2317 2317 2333 2333 2349 2301 2301 2301 2317 2333 2333 2333 2333 2333 2349 2365 2349 2349 2349 2365 2349 2333 2333 2333 2317 2317 2301 2301 2639 2639 2639 2639 2680 2579 2579 2598 2598 2618 2618 2618 2723 2701 2659 2639 2618 2618 2618 2618 2659 2639 2639 2618 2618 2618 2639 2639 2639 2659 2639 2639 2522 2485 2485 2485 2467 2432 2398 2365 2301 2271 2212 2184 2170 2143 2090 2065 2053 1993 1970 1936 1926 1915 1904 1863 1833 1776 1766 1748 1731 1705 1696 1671 1647 1632 1594 1572 1572 1557 1536 1509 1496 1477 1464 1452 1433 1433 1398 1387 1376 1365 1365 1354 1322 1312 1312 1292 1283 1259 1250 1250 1241 1223 1210 1193 1193 1181 1169 1161 1153 1145 1134 1123 1115 1112 1094 1084 1077 1070 1063 1047 1041 1034 1031 1022 1016 1007 1007 0 0
0 0 0 0 0 0 0 0 0 0 0 0 0 0 0 0 0 0 0 0 0 663 663 663 664 664 664 664 664 664 664 663 663 663 662 662 662 662 662 662 662 662 662 662 662 662 662 661 661 661 661 662 662 662 662 662 663 668 671 672 672 658 658 658 658 658 657 657 657 657 657 657 657 657 658 659 661 663 666 668 672 679 683 687 696 707 711 716 717 736 741 746 754 759 764 776 789 796 803 809 815 837 847 856 862 873 882 918 918 920 0 0 0 0 0 0 0 0 1292 1288 1288 1288 1288 1288 1292 1292 1302 1312 1365 1365 1370 1439 1452 1464 1516 0 0 0 0 2016 2016 2103 2129 2170 2301 2301 2317 2398 2618 2256 2256 2271 2256 2241 2241 2271 2286 2271 2271 2271 2286 2271 2271 2271 2271 2271 2271 2286 2286 2286 2286 2286 2286 2301 2271 2271 2256 2256 2256 2271 2286 2286 2286 2301 2301 2301 2301 2301 2301 2317 2333 2333 2333 2333 2317 2317 2317 2271 2241 2241 2639 2659 2680 2680 2579 2579 2598 2598 2618 2618 2618 2723 2701 2680 2639 2639 2639 2618 2618 2680 2639 2639 2639 2618 2618 2639 2639 2659 2659 2639 2639 2485 2485 2485 2485 2450 2415 2381 2349 2301 2271 2212 2184 2170 2143 2103 2078 2040 1993 1970 1947 1926 1915 1894 1843 1823 1785 1766 1757 1731 1713 1696 1663 1647 1639 1594 1572 1564 1557 1543 1509 1509 1477 1464 1458 1433 1433 1398 1387 1381 1365 1365 1349 1322 1312 1297 1292 1283 1259 1245 1245 1236 1227 1210 1193 1193 1181 1173 1161 1149 1145 1134 1123 1119 1112 1094 1084 1077 1070 1063 1047 1044 1034 1031 1022 1016 1007 1007 0 0
0 0 0 0 0 0 0 0 0 0 0 0 0 0 0 0 0 0 0 0 0 663 663 663 663 663 664 664 664 664 663 663 663 663 663 662 662 662 662 662 662 662 662 662 662 662 662 661 661 659 659 661 661 661 662 662 663 671 672 672 672 659 658 658 658 657 657 657 657 657 657 657 657 657 658 661 661 662 664 667 672 680 686 690 696 707 711 716 717 736 741 746 757 761 764 771 789 796 803 811 817 837 847 854 873 873 885 903 915 920 0 0 0 0 0 0 0 0 1297 1288 1288 1288 1288 1288 1288 1292 1307 1312 1365 1365 1370 1439 1452 1464 1766 1766 1883 1883 1894 1981 2005 2078 2170 2170 2184 2226 2301 2129 2129 2129 2129 2143 2143 2156 2170 2184 2184 2184 2170 2170 2184 2184 2212 2212 2226 2212 2170 2170 2170 2170 2170 2170 2170 2170 2170 2156 2156 2170 2184 2198 2198 2212 2198 2198 2170 2170 2256 2256 2271 2271 2271 2271 2286 2333 2271 2241 2241 2241 2226 2226 2226 2226 2680 2680 2680 2212 2198 2723 2723 2723 2723 2723 2701 2701 2639 2639 0 2701 2701 2701 2680 2639 2639 2639 2639 2639 2680 2701 2680 2659 2659 2485 2365 2365 2432 2415 2415 2349 2317 2286 2256 2226 2184 2170 2143 2116 2078 2028 2005 1981 1959 1936 1915 1873 1843 1823 1804 1785 1766 1739 1722 1705 1663 1647 1632 1594 1572 1564 1557 1543 1516 1516 1477 1464 1458 1433 1433 1410 1387 1376 1365 1365 1349 1322 1312 1297 1297 1283 1259 1245 1245 1236 1227 1214 1197 1197 1185 1173 1161 1149 1145 1138 1123 1115 1108 1097 1084 1077 1070 1063 1050 1044 1034 1031 1025 1019 1007 1007 0 0
0 0 0 0 0 0 0 0 0 0 0 0 0 0 0 0 0 0 0 0 0 663 663 664 663 663 664 664 664 664 663 663 663 663 663 663 662 662 662 662 662 662 662 662 662 662 662 661 661 659 659 661 661 661 662 662 663 670 672 672 672 658 658 658 658 657 657 657 657 657 657 657 657 657 658 661 661 662 664 667 674 679 686 690 700 706 711 716 717 734 741 746 757 761 764 769 790 798 803 811 817 829 845 854 880 880 889 901 915 920 943 0 0 0 0 0 0 0 1297 1288 1288 1288 1288 1288 1288 1292 1307 1317 1317 1433 1433 1433 1445 1464 1739 1739 1883 1883 1894 1970 1993 2078 2156 2170 2184 2198 2090 2090 2090 2090 2090 2103 2103 2103 2116 2116 2116 2116 2116 2103 2103 2090 2078 2065 2065 2078 2103 2116 2116 2103 2103 2103 2116 2116 2129 2116 2116 2129 2129 2129 2129 2129 2129 2129 2129 2129 2129 2129 2143 2143 2143 2143 2129 2129 2129 2116 2116 2143 2143 2156 2170 2184 2701 2212 2212 2212 2198 2212 2723 2723 2723 2723 2723 2723 2723 0 0 0 0 0 2701 2659 2659 2639 2639 2659 2659 2723 2723 2680 2680 2680 2271 2271 2271 2241 2226 2226 2226 2226 2241 2212 2198 2170 2156 2116 2078 2028 2005 1993 1970 1947 1894 1873 1863 1833 1813 1794 1766 1739 1731 1713 1663 1647 1632 1601 1579 1564 1557 1543 1509 1503 1489 1464 1458 1433 1433 1410 1387 1376 1359 1359 1343 1322 1312 1297 1297 1283 1259 1250 1250 1236 1227 1219 1193 1193 1185 1173 1165 1149 1145 1138 1126 1115 1108 1097 1084 1077 1070 1063 1050 1044 1034 1031 1025 1019 1010 1010 0 0
0 0 0 0 0 0 0 0 0 0 0 0 0 0 0 0 0 0 0 0 0 663 663 664 663 663 663 664 663 663 663 663 663 663 663 663 662 662 662 662 662 662 662 662 662 662 661 661 661 659 659 661 661 661 662 662 663 668 671 672 672 653 653 657 658 658 658 655 655 657 657 657 657 657 657 661 661 662 664 667 674 679 686 690 701 706 711 716 719 728 741 747 755 761 764 767 790 798 805 811 819 829 845 845 887 887 887 898 928 928 943 0 0 0 0 0 0 0 1297 1292 1288 1288 1288 1288 1288 1292 1312 1322 1322 1433 1433 1433 1445 1680 1731 1894 1894 1915 1926 1970 1993 2053 2090 2129 2156 2090 2078 2078 2078 2078 2078 2078 2078 2078 2078 2078 2078 2090 2090 2090 2090 2078 2065 2065 2065 2065 2078 2078 2078 2078 2078 2078 2090 2090 2090 2090 2103 2103 2103 2090 2090 2090 2103 2103 2103 2103 2103 2103 2116 2116 2116 2103 2103 2103 2103 2103 2116 2116 2116 2129 2116 2116 2116 2198 2198 2198 2198 2212 2212 2767 2767 2767 2744 2723 2723 0 0 0 0 0 0 0 0 0 0 2723 2723 2723 2723 2680 2680 2680 2271 2212 2212 2241 2198 2170 2170 2198 2198 2198 2198 2170 2156 2116 2065 2028 2016 2005 1970 1926 1894 1873 1863 1833 1804 1794 1776 1739 1722 1696 1671 1647 1639 1601 1586 1564 1557 1529 1509 1503 1496 1464 1452 1433 1427 1415 1392 1370 1359 1359 1343 1322 1312 1302 1302 1288 1264 1255 1255 1236 1227 1223 1193 1193 1189 1177 1165 1149 1145 1141 1130 1115 1105 1101 1090 1077 1070 1063 1057 1047 1038 1025 1025 1022 1010 1010 0 0
0 0 0 0 0 0 0 0 0 0 0 0 0 0 0 0 0 0 0 0 0 663 663 663 663 663 663 663 663 663 663 663 663 663 662 662 662 662 662 662 662 662 662 662 662 661 661 661 661 661 661 661 661 661 661 662 663 668 671 672 674 653 653 655 658 658 658 655 655 657 657 657 657 657 657 659 662 663 664 667 674 679 686 690 701 707 711 716 723 728 741 747 755 761 766 767 790 796 809 811 819 841 847 847 880 880 885 896 940 940 943 0 0 0 0 0 0 0 0 1288 1288 1288 1288 1288 1288 1292 1312 1312 1312 1624 1624 1624 1647 1680 1731 1894 1894 1915 1926 1959 1981 2040 2053 2065 2053 2053 2065 2065 2065 2065 2065 2065 2065 2065 2078 2065 2065 2065 2065 2078 2078 2065 2065 2053 2053 2065 2065 2065 2065 2065 2065 2065 2078 2078 2078 2078 2078 2078 2078 2078 2078 2078 2078 2078 2090 2090 2090 2090 2090 2090 2090 2090 2090 2090 2090 2090 2090 2103 2103 2103 2103 2103 2103 2103 2170 2170 2184 2212 2212 2016 2005 2005 2065 2065 0 0 2065 0 0 0 0 0 0 0 0 0 0 2028 2016 2016 2016 2212 2212 2212 2170 2170 2103 2103 2103 2129 2170 2184 2184 2170 2156 2103 2065 2028 2016 1993 1959 1926 1894 1883 1863 1833 1804 1794 1776 1739 1722 1696 1671 1647 1639 1609 1586 1564 1557 1529 1516 1503 1496 1464 1445 1433 1427 1421 1392 1370 1359 1359 1349 1322 1312 1302 1302 1288 1264 1250 1250 1236 1227 1223 1193 1193 1189 1177 1161 1149 1145 1141 1130 1112 1105 1101 1094 1077 1070 1067 1054 1047 1038 1025 1025 1022 1013 1013 0 0
0 0 0 0 0 0 0 0 0 0 0 0 0 0 0 0 0 0 0 0 0 663 663 663 663 663 663 663 663 663 663 662 662 662 662 662 662 662 662 662 662 662 662 662 662 661 661 661 661 661 659 659 659 659 659 662 663 668 671 672 672 653 653 655 658 657 657 655 655 655 655 657 657 657 657 659 662 664 664 668 674 680 686 691 703 708 711 717 723 728 739 744 755 761 766 769 790 796 809 809 821 839 845 851 878 878 885 896 946 946 0 0 0 0 0 0 0 0 0 1288 1288 1288 1288 1288 1288 1292 1312 1312 1312 1609 1609 1624 1639 1688 1731 1794 1894 1894 1926 1959 1981 2016 2016 2005 2005 2028 2040 2040 2053 2053 2053 2053 2053 2053 2065 2065 2053 2053 2053 2065 2065 2053 2053 2053 2053 2053 2053 2053 2065 2053 2053 2065 2065 2065 2065 2065 2065 2065 2065 2065 2065 2065 2065 2065 2078 2090 2078 2078 2078 2065 2065 2078 2090 2078 2078 2078 2078 2078 2090 2078 2078 2078 2078 2103 2170 2170 2184 2016 2016 2016 2005 2005 2065 2065 2065 2065 0 0 0 0 0 0 0 0 2040 2028 2028 2028 2016 2016 2016 2016 1970 2170 2170 2078 2078 2065 2065 2078 2078 2090 2129 2143 2116 2090 2065 2040 2016 1993 1959 1926 1904 1894 1873 1843 1813 1794 1776 1748 1722 1696 1671 1655 1639 1609 1594 1572 1557 1529 1523 1503 1503 1464 1445 1433 1427 1421 1392 1370 1365 1365 1354 1322 1312 1302 1302 1288 1259 1245 1245 1236 1227 1223 1193 1193 1189 1177 1161 1149 1149 1141 1126 1112 1108 1105 1094 1077 1073 1063 1054 1047 1038 1031 1025 1019 1013 1013 0 0
0 0 0 0 0 0 0 0 0 0 0 0 0 0 0 0 0 0 0 0 0 663 663 663 663 663 663 663 663 663 663 662 662 662 662 662 662 662 662 662 662 662 662 662 661 661 661 661 661 661 659 659 659 659 659 662 663 668 671 672 672 654 654 655 658 657 657 655 655 655 655 655 655 657 657 659 661 664 666 668 674 679 687 691 703 708 713 719 723 727 739 744 759 761 766 771 790 796 807 809 823 839 845 851 878 878 885 930 930 943 943 0 0 0 0 0 0 0 0 1292 1292 1292 1288 1288 1288 1292 1292 1586 1586 1586 1609 1624 1639 1696 1713 1794 1843 1894 1915 1936 1959 1970 1981 1993 1993 1981 1981 1981 1993 1993 2028 2028 2040 2040 2053 2053 2016 2016 2028 2053 1981 1981 1993 1993 2005 2005 2005 2040 2040 2040 2053 2053 2065 2053 2053 2053 2053 2053 2040 2040 2040 2053 2065 2065 2078 2078 2078 2065 2065 2065 2065 2078 2078 2065 2065 2065 2065 2065 2065 2065 2065 2065 2065 2156 2170 2170 2005 2005 2005 2005 2005 2005 2028 2028 2053 2065 0 0 0 0 0 0 1970 1970 2040 2028 2028 2028 2016 2016 2016 2016 1970 1970 1970 2028 2028 2053 2040 2040 2040 2053 2129 2143 2116 2065 2065 2053 2016 1993 1959 1936 1904 1894 1873 1843 1813 1794 1766 1748 1722 1696 1680 1663 1632 1616 1594 1572 1550 1529 1523 1509 1496 1464 1452 1439 1427 1421 1404 1376 1365 1365 1349 1328 1317 1307 1307 1288 1259 1245 1245 1236 1232 1223 1193 1189 1189 1181 1165 1149 1149 1141 1126 1115 1108 1105 1094 1080 1073 1060 1054 1047 1038 1031 1022 1019 1010 1010 0 0
0 0 0 0 0 0 0 0 0 0 0 0 0 0 0 0 0 0 0 0 0 663 663 663 663 663 663 663 663 663 663 663 662 662 662 662 662 662 662 662 662 661 661 661 661 661 661 659 659 661 661 661 661 661 661 662 663 668 671 672 672 657 655 655 658 658 657 657 655 655 655 655 655 657 657 659 661 664 666 670 674 678 687 691 700 708 713 719 722 725 739 746 759 761 766 771 790 796 807 811 823 839 847 856 869 878 882 928 928 940 943 0 0 0 0 0 0 0 0 1297 1292 1292 1288 1288 1288 1458 1477 1550 1550 1579 1594 1616 1639 1705 1713 1785 1823 1883 1904 1926 1936 1947 1947 1947 1947 1936 1936 1936 1936 1936 1936 1936 1936 2016 2053 2005 1959 1959 1936 1936 1947 1959 1959 1970 1959 1959 1959 2040 2040 2040 2053 2053 2065 2053 2053 2053 2053 2016 2016 2016 2016 2016 2065 2065 2078 2078 2053 2040 2040 2053 2053 2078 2078 2065 2053 2053 2065 2065 2065 2053 2053 2053 2065 1970 1970 2016 2005 1993 1993 1993 2005 1993 1993 2005 1970 1970 0 0 0 0 0 1970 1970 1970 1970 1981 1981 1981 1981 1993 1993 1981 1970 1970 1993 1981 1981 1993 1981 1981 1970 1970 1970 1981 1981 2053 2040 2028 2005 1993 1959 1926 1915 1894 1873 1853 1813 1794 1766 1757 1722 1696 1688 1663 1624 1616 1609 1579 1543 1536 1523 1509 1496 1470 1452 1439 1427 1421 1410 1381 1365 1365 1349 1328 1322 1307 1307 1292 1268 1250 1250 1236 1232 1223 1193 1189 1189 1185 1165 1153 1149 1141 1126 1119 1112 1105 1094 1084 1073 1060 1057 1047 1044 1034 1022 1019 1010 1010 0 0
0 0 0 0 0 0 0 0 0 0 0 0 0 0 0 0 0 0 0 0 0 663 663 663 663 663 663 663 663 663 663 663 662 662 662 662 662 662 661 661 662 661 661 661 661 661 661 659 659 661 661 661 661 661 661 662 663 668 671 671 672 658 657 657 658 658 657 657 657 655 655 655 657 657 657 659 662 664 667 671 674 676 686 690 700 710 713 719 722 725 738 749 757 759 762 774 790 794 807 811 825 839 849 858 869 878 882 915 923 933 946 959 0 0 0 0 0 0 0 1333 1333 1349 1381 1410 1433 1458 1477 1489 1523 1579 1594 1616 1705 1705 1722 1748 1823 1873 1894 1894 1915 1926 1926 1904 1904 1915 1915 1915 1904 1904 1904 1915 1926 1926 1936 1936 1926 1926 1926 1926 1926 1936 1947 1947 1947 1947 1959 1970 1970 1970 1970 0 0 0 0 0 0 2016 2016 2016 2016 2016 0 0 0 2053 2053 2040 2040 2053 2053 2053 0 0 2053 2053 2065 2065 2065 2053 1936 1936 1947 1947 1947 1959 1926 1926 1959 1959 1959 1970 1970 1970 1959 1959 1915 1915 1915 0 1959 1959 1959 1959 1947 1947 1926 1926 1926 1959 1959 1959 1959 1970 1926 1926 1926 1926 1936 1959 1959 1959 1959 1959 1959 1959 1970 1970 1993 1993 1959 1915 1894 1883 1873 1853 1813 1794 1776 1748 1713 1705 1688 1663 1624 1616 1609 1586 1543 1529 1516 1509 1496 1470 1458 1439 1427 1421 1410 1381 1365 1365 1349 1328 1322 1312 1312 1292 1268 1255 1245 1241 1232 1223 1193 1193 1189 1185 1169 1153 1149 1141 1126 1119 1115 1108 1090 1084 1070 1060 1057 1047 1041 1034 1022 1019 1010 1010 0 0
0 0 0 0 0 0 0 0 0 0 0 0 0 0 0 0 0 0 0 0 0 663 663 663 663 663 663 663 663 663 663 663 662 662 662 662 661 661 661 661 662 661 661 662 661 661 661 659 659 661 661 661 661 661 661 662 663 668 670 671 672 662 658 658 658 658 658 657 657 655 655 655 657 657 658 661 662 663 667 671 672 676 682 690 701 710 713 717 723 725 738 750 755 757 762 778 790 792 807 811 819 841 849 858 882 882 891 915 923 930 946 959 981 0 0 0 0 0 0 1333 1333 1349 1381 1404 1433 1452 1477 1489 1523 1579 1594 1616 1705 1705 1722 1748 1823 1853 1883 1883 1883 1883 1853 1853 1853 1883 1883 1883 1883 1883 1883 1883 1904 1915 1904 1904 1904 1904 1915 1915 1915 1915 1915 1947 1947 1947 1959 1970 1970 0 0 0 0 0 0 0 0 0 0 0 0 0 0 0 0 0 1776 0 1804 0 0 0 0 0 1804 1894 1894 0 1894 1894 1915 1915 1926 1947 1936 1936 1915 1915 1915 1926 1936 1947 1947 1936 1926 1904 1904 1904 1915 1915 1915 1915 1915 1926 1926 1926 1915 1915 1915 1959 1959 1947 1926 1926 1915 1915 1915 1915 1915 1926 1926 1904 1904 1926 1926 1926 1926 1926 1926 1936 1915 1904 1894 1883 1873 1863 1813 1794 1785 1748 1713 1705 1696 1663 1624 1616 1601 1579 1550 1529 1516 1509 1496 1477 1464 1445 1433 1421 1398 1387 1370 1370 1349 1328 1322 1317 1317 1292 1268 1255 1245 1245 1232 1223 1193 1193 1189 1185 1165 1153 1145 1141 1130 1119 1115 1108 1090 1084 1070 1060 1057 1047 1038 1034 1022 1019 1010 1010 0 0
0 0 0 0 0 0 0 0 0 0 0 0 0 0 0 0 0 0 0 0 0 663 663 663 663 663 663 663 663 663 663 663 662 662 662 662 661 661 661 661 662 662 662 662 661 661 661 659 659 661 661 661 661 661 661 662 663 668 670 671 671 661 658 658 658 658 658 657 657 655 655 655 657 657 658 661 661 663 667 671 672 678 682 690 701 710 713 717 723 727 742 750 754 757 762 778 790 792 802 813 819 847 851 858 864 882 891 920 925 928 978 978 981 0 0 0 0 0 0 1338 1338 1349 1381 1404 1427 1452 1477 1503 1536 1572 1586 1609 1705 1705 1722 1748 1804 1813 1833 1833 1833 1833 1833 1843 1843 1853 1853 1853 1843 1843 1853 1813 1813 1813 1904 1904 1904 1904 1915 1915 1915 1915 1915 1947 1947 1947 1776 1804 1804 1804 0 0 0 0 0 0 0 0 0 0 0 0 0 0 0 0 0 0 0 0 1804 1804 1804 0 0 0 0 0 1883 1883 1894 1894 1894 1947 1936 1936 1894 1883 1883 1904 1904 1904 1883 1883 1883 1883 1904 1904 1904 1904 1904 1894 1894 1904 1904 1904 1904 1904 1853 1853 1853 1915 1915 1915 1894 1894 1894 1883 1883 1883 1883 1883 1883 1883 1883 1883 1894 1894 1894 1894 1894 1883 1883 1883 1873 1863 1813 1794 1785 1748 1722 1705 1688 1663 1632 1616 1601 1579 1557 1536 1523 1509 1503 1483 1464 1445 1433 1433 1398 1387 1370 1370 1349 1328 1322 1317 1317 1292 1268 1259 1245 1245 1232 1223 1197 1193 1189 1181 1165 1153 1145 1134 1130 1123 1115 1101 1094 1087 1073 1063 1057 1050 1038 1034 1025 1019 1010 1010 0 0
0 0 0 0 0 0 0 0 0 0 0 0 0 0 0 0 0 0 0 0 0 663 662 662 663 662 662 662 662 663 663 662 662 663 662 662 659 659 661 661 662 662 662 662 662 662 661 659 659 661 661 661 661 661 661 662 663 670 671 671 668 658 658 658 658 658 658 657 657 655 655 655 655 657 658 661 661 662 666 671 674 679 683 690 703 708 713 717 723 727 742 750 752 755 762 781 790 794 802 813 821 845 849 856 864 882 889 920 920 913 913 913 978 0 0 0 0 0 0 1343 1343 1354 1381 1410 1427 1452 1483 1503 1529 1572 1586 1609 1609 1731 1731 1748 1776 1785 1776 1776 1776 1785 1785 1794 1804 1813 1823 1823 1794 1785 1776 1776 1785 1813 1813 1833 1833 1785 1785 1785 1696 1696 1757 1757 1776 1776 1776 1804 1804 1804 1813 1843 1843 0 0 0 0 0 0 0 0 0 0 0 0 0 1776 1776 1776 1804 1804 1804 1804 1804 0 0 0 1873 1873 1863 1863 1843 1843 1843 1843 1883 1883 1883 1883 1883 1904 1904 1883 1853 1853 1843 1843 1843 1904 1904 1894 1883 1883 1883 1883 1883 1853 1843 1833 1833 1833 1853 1873 1873 1853 1853 1873 1863 1863 1873 1873 1873 1863 1863 1863 1863 1863 1853 1853 1853 1863 1883 1883 1883 1863 1843 1804 1794 1776 1739 1722 1705 1688 1663 1639 1616 1601 1579 1557 1536 1523 1516 1503 1483 1458 1439 1433 1433 1398 1387 1370 1370 1354 1328 1322 1312 1297 1292 1278 1259 1245 1245 1236 1227 1197 1197 1189 1181 1165 1157 1145 1134 1130 1126 1115 1097 1094 1087 1080 1070 1060 1050 1038 1031 1028 1019 1013 1013 0 0
0 0 0 0 0 0 0 0 0 0 0 0 0 0 0 0 0 0 0 0 0 662 662 662 663 662 662 662 662 663 663 662 662 662 662 661 659 659 661 661 662 662 662 662 662 661 661 659 659 661 661 661 661 661 661 662 667 670 671 672 668 658 658 658 658 658 658 657 657 655 655 655 655 657 657 661 661 662 666 671 674 679 683 690 700 708 714 719 723 728 742 749 752 755 781 781 789 792 803 815 823 829 849 856 871 882 887 920 910 910 913 913 978 0 0 0 0 0 0 1349 1349 1354 1392 1404 1427 1458 1483 1503 1529 1572 1586 1609 1609 1739 1739 1748 1757 1757 1748 1748 1757 1757 1766 1776 1757 1748 1748 1785 1776 1766 1766 1757 1757 1757 1766 1833 1785 1785 1785 1785 1696 1696 1757 1757 1757 1757 1766 1785 1794 1804 1813 1731 1731 0 0 0 0 0 0 0 0 1757 1757 1757 1794 1794 1776 1776 1776 1776 1776 1785 1785 0 0 0 1757 0 1873 1823 1823 1823 1823 1823 1722 1883 1883 1794 1794 1804 1804 1766 1823 1823 1823 1833 1833 1843 1843 1766 1766 1883 1883 1863 1843 1813 1813 1813 1813 1813 1804 1804 1804 1813 1813 1813 1804 1804 1833 1843 1843 1843 1853 1853 1863 1833 1813 1813 1813 1813 1833 1833 1883 1873 1833 1813 1804 1785 1776 1739 1722 1705 1696 1671 1647 1624 1601 1579 1564 1543 1523 1509 1503 1483 1458 1433 1427 1427 1404 1387 1370 1359 1354 1322 1322 1312 1297 1297 1283 1259 1245 1245 1236 1227 1197 1197 1189 1181 1165 1161 1149 1134 1130 1126 1112 1097 1094 1087 1084 1070 1063 1054 1038 1031 1028 1019 1016 1016 0 0
0 0 0 0 0 0 0 0 0 0 0 0 0 0 0 0 0 0 0 0 0 662 662 662 663 662 662 662 662 663 663 662 662 662 662 661 661 661 662 662 662 662 662 662 662 661 661 659 659 661 661 661 661 661 661 662 667 670 671 672 671 658 658 658 658 658 658 657 657 655 655 655 655 657 657 659 661 663 666 672 676 680 683 690 700 708 714 719 723 728 742 749 754 757 769 781 789 792 807 817 823 829 847 856 875 882 887 920 910 910 910 915 915 998 0 0 0 0 0 1349 1349 1354 1392 1404 1427 1464 1483 1503 1523 1572 1586 1601 1609 1731 1731 1739 1731 1722 1722 1722 1713 1713 1713 1713 1722 1722 1722 1731 1731 1739 1748 1739 1739 1739 1731 1731 1757 1739 1739 1739 1696 1696 1713 1731 1739 1748 1757 1766 1794 1794 1722 1722 1713 1713 1713 1713 1713 0 0 0 1739 1739 1739 0 0 1766 1766 1766 1766 1766 1766 1766 1766 0 1722 0 1757 1757 1757 1766 1785 1794 1804 1722 1722 1722 1776 1776 1785 1766 1766 1766 1766 1785 1794 1804 1794 1794 1766 1766 1766 1757 1757 1794 1794 1794 1794 1794 1785 1785 1785 1804 1794 1794 1794 1766 1766 1776 1766 1766 1794 1804 1804 1804 1804 1785 1785 1794 1794 1794 1785 1785 1883 1794 1794 1794 1785 1785 1776 1748 1722 1705 1696 1671 1647 1624 1609 1586 1564 1543 1523 1509 1503 1489 1458 1433 1427 1421 1404 1387 1370 1359 1359 1322 1317 1307 1302 1302 1283 1264 1245 1245 1236 1223 1202 1197 1189 1177 1165 1161 1149 1134 1130 1126 1112 1094 1090 1087 1080 1070 1063 1054 1038 1034 1031 1022 1019 1019 0 0
0 0 0 0 0 0 0 0 0 0 0 0 0 0 0 0 0 0 0 0 0 662 662 662 663 662 662 662 662 662 662 662 661 661 661 661 661 661 662 662 662 662 662 662 662 661 661 659 659 661 661 661 661 661 661 662 667 671 672 672 658 658 657 657 657 658 658 657 657 655 655 655 655 655 657 659 661 663 667 672 676 680 683 690 701 708 714 719 723 728 742 747 754 759 769 778 785 798 807 817 821 843 847 867 875 882 887 920 910 910 910 913 915 998 0 0 0 0 0 1349 1349 1354 1392 1410 1427 1458 1477 1503 1523 1579 1586 1601 1609 1671 1680 1739 1696 1696 1705 1705 1696 1696 1705 1705 1705 1696 1696 1696 1705 1713 1722 1713 1713 1713 1713 1713 1757 1705 1696 1696 1696 1696 1705 1705 1705 1722 1757 1766 1766 1705 1705 1705 1705 1705 1705 1705 1705 1705 1713 1713 1722 1713 1713 1722 1722 1731 1739 1739 1748 1748 1748 1766 1766 1766 1722 1722 1722 1731 1731 1748 1766 1757 1757 1705 1705 1705 1705 1748 1757 1748 1739 1739 1739 1739 1748 1757 1794 1794 1748 1748 1748 1739 1739 1739 1766 1766 1766 1766 1757 1757 1748 1748 1794 1785 1766 1766 1757 1757 1748 1748 1748 1757 1794 1722 1722 1731 1739 1739 1748 1739 1739 1731 1731 1739 1748 1785 1785 1776 1766 1748 1722 1705 1696 1671 1647 1624 1609 1594 1572 1543 1523 1509 1496 1483 1458 1433 1427 1421 1404 1387 1370 1359 1359 1328 1317 1307 1302 1302 1283 1255 1245 1245 1236 1214 1206 1197 1197 1177 1165 1157 1149 1138 1134 1130 1123 1094 1090 1087 1080 1073 1063 1050 1041 1034 1031 1019 1019 1019 0 0
0 0 0 0 0 0 0 0 0 0 0 0 0 0 0 0 0 0 0 0 0 662 662 662 662 663 662 662 662 662 662 661 661 661 661 661 661 661 662 661 661 661 661 661 661 661 661 661 661 659 659 659 659 659 661 661 663 671 672 672 658 658 657 657 657 657 657 657 657 655 655 655 655 655 657 661 661 663 668 674 676 680 683 690 701 708 714 719 722 736 742 747 754 764 769 778 785 805 809 817 821 827 869 869 873 882 887 923 948 913 913 913 978 0 0 0 0 0 0 1349 1349 1354 1398 1415 1427 1452 1477 1503 1523 1572 1601 1616 1639 1647 1639 1639 1647 1663 1671 1671 1680 1680 1680 1671 1671 1663 1663 1663 1680 1688 1696 1688 1671 1671 1713 1713 1713 1680 1680 1688 1696 1696 1688 1663 1663 1663 1663 1663 1671 1680 1680 1680 1680 1680 1671 1671 1688 1696 1688 1688 1688 1688 1696 1705 1713 1731 1696 1696 1722 1731 1731 1688 1688 1688 1688 1696 1722 1731 1731 1748 1766 1757 1696 1696 1696 1696 1696 1696 1705 1705 1722 1722 1722 1722 1722 1705 1705 1713 1722 1731 1731 1705 1696 1696 1705 1766 1739 1722 1722 1722 1713 1713 1705 1705 1696 1696 1731 1713 1713 1722 1722 1696 1688 1688 1696 1705 1713 1722 1722 1722 1722 1722 1722 1722 1722 1722 1748 1766 1766 1739 1713 1705 1696 1671 1655 1632 1609 1594 1572 1543 1523 1509 1496 1483 1470 1445 1427 1427 1404 1387 1370 1359 1359 1328 1317 1312 1302 1302 1283 1255 1245 1245 1241 1214 1206 1202 1202 1177 1165 1157 1149 1141 1138 1126 1119 1101 1094 1087 1080 1073 1063 1047 1044 1038 1031 1019 1019 1019 0 0
0 0 0 0 0 0 0 0 0 0 0 0 0 0 0 0 0 0 0 0 0 662 662 662 662 663 662 662 662 662 662 661 661 661 661 661 661 661 662 661 661 661 661 661 661 661 661 661 659 659 659 659 659 659 661 661 663 671 672 672 658 657 657 657 657 657 657 657 657 657 657 655 655 657 657 661 661 663 668 672 676 679 683 690 701 708 711 719 722 739 742 749 754 764 769 780 790 805 807 817 821 827 869 869 873 882 889 923 933 935 951 975 0 0 0 0 0 0 0 1349 1349 1354 1387 1415 1427 1445 1477 1503 1523 1572 1594 1601 1616 1616 1624 1624 1632 1632 1639 1647 1639 1639 1647 1639 1639 1639 1639 1647 1639 1632 1624 1624 1624 1616 1616 1616 1616 1624 1639 1655 1639 1639 1639 1639 1639 1647 1647 1655 1647 1647 1647 1647 1663 1671 1671 1671 1680 1680 1680 1671 1671 1671 1688 1696 1696 1696 1680 1680 1696 1688 1655 1655 1663 1663 1663 1663 1663 1663 1757 1671 1671 1671 1696 1688 1688 1680 1671 1671 1671 1688 1696 1696 1696 1688 1688 1688 1688 1688 1688 1731 1731 1688 1688 1680 1680 1671 1671 1680 1696 1696 1688 1680 1680 1688 1688 1688 1680 1680 1688 1696 1696 1680 1680 1688 1688 1688 1696 1696 1688 1688 1696 1713 1713 1713 1705 1696 1688 1688 1722 1713 1705 1696 1688 1663 1647 1624 1601 1586 1572 1543 1523 1509 1496 1483 1470 1445 1427 1427 1404 1392 1370 1359 1359 1333 1317 1312 1302 1302 1283 1255 1245 1245 1241 1223 1206 1202 1202 1181 1169 1161 1149 1145 1138 1123 1115 1105 1094 1087 1080 1077 1063 1047 1044 1044 1034 1022 1016 1016 0 0
0 0 0 0 0 0 0 0 0 0 0 0 0 0 0 0 0 0 0 0 0 661 661 662 662 662 662 662 662 662 662 661 661 661 661 661 662 662 662 661 661 661 661 661 661 661 661 661 659 659 659 659 659 659 661 661 663 671 672 672 668 657 657 657 657 657 657 657 657 657 657 655 655 657 658 661 661 663 667 672 676 679 683 691 701 708 711 719 722 728 744 749 754 761 774 780 787 805 807 817 821 829 858 867 873 882 889 925 933 935 956 962 0 0 0 0 0 0 0 1349 1349 1354 1387 1421 1427 1445 1477 1509 1529 1572 1586 1586 1601 1594 1594 1609 1609 1616 1624 1624 1624 1624 1632 1624 1616 1616 1616 1609 1609 1609 1609 1609 1609 1609 1609 1609 1609 1616 1624 1624 1616 1616 1616 1616 1616 1624 1632 1632 1624 1624 1632 1632 1639 1663 1663 1655 1655 1655 1655 1655 1655 1655 1655 1696 1616 1616 1624 1632 1632 1609 1609 1609 1616 1647 1647 1647 1647 1647 1624 1624 1647 1647 1632 1632 1632 1632 1663 1655 1655 1663 1663 1663 1671 1663 1663 1671 1671 1655 1647 1639 1639 1639 1647 1655 1655 1647 1647 1647 1671 1671 1671 1663 1663 1671 1671 1663 1663 1663 1671 1671 1663 1663 1663 1663 1647 1647 1655 1663 1663 1671 1671 1680 1696 1680 1663 1663 1663 1671 1680 1680 1680 1680 1671 1647 1639 1616 1601 1586 1572 1543 1523 1509 1496 1477 1464 1445 1427 1427 1404 1392 1376 1359 1359 1338 1317 1307 1302 1302 1292 1255 1245 1245 1241 1227 1206 1197 1197 1181 1169 1161 1153 1145 1138 1123 1112 1105 1094 1087 1084 1077 1063 1047 1044 1044 1031 1022 1016 1016 0 0
0 0 0 0 0 0 0 0 0 0 0 0 0 0 0 0 0 0 0 0 0 661 661 662 662 662 662 662 662 662 662 661 661 661 661 661 662 662 662 662 662 661 661 661 661 661 661 661 659 659 659 659 659 659 661 661 663 671 672 672 671 658 658 657 657 657 657 657 657 657 657 655 655 658 658 661 661 663 667 672 676 682 684 691 701 708 713 719 722 728 746 749 754 757 776 781 787 805 811 819 821 841 854 862 873 880 882 935 935 954 956 962 0 0 0 0 0 1312 1312 1333 1349 1370 1381 1421 1427 1445 1477 1509 1529 1564 1572 1572 1572 1572 1572 1572 1572 1579 1579 1579 1579 1579 1601 1601 1601 1594 1594 1586 1586 1594 1594 1594 1594 1601 1601 1601 1601 1609 1609 1609 1601 1601 1601 1601 1601 1601 1609 1609 1609 1594 1594 1594 1594 1663 1586 1586 1586 1594 1594 1647 1632 1632 1601 1601 1601 1601 1601 1609 1601 1601 1601 1601 1601 1624 1632 1632 1616 1609 1609 1609 1601 1601 1601 1609 1609 1609 1616 1616 1624 1632 1632 1632 1639 1632 1632 1632 1632 1632 1632 1624 1624 1624 1624 1624 1624 1624 1624 1632 1632 1655 1655 1647 1639 1632 1632 1639 1639 1647 1647 1647 1639 1639 1639 1639 1624 1624 1624 1632 1647 1655 1647 1624 1624 1624 1624 1632 1632 1639 1680 1655 1655 1655 1655 1632 1624 1616 1594 1579 1564 1543 1523 1516 1496 1477 1458 1452 1427 1421 1410 1398 1370 1359 1359 1338 1317 1307 1302 1302 1292 1259 1250 1250 1241 1227 1206 1197 1197 1181 1177 1161 1153 1145 1138 1119 1112 1105 1094 1087 1084 1077 1063 1047 1044 1044 1031 1022 1016 1016 0 0
0 0 0 0 0 0 0 0 0 0 0 0 0 0 0 0 0 0 0 0 0 661 661 662 662 662 662 662 662 662 661 661 661 661 661 661 662 662 662 662 662 662 661 661 662 661 661 659 659 659 659 659 659 659 661 662 663 671 672 672 671 658 658 658 657 657 657 657 657 657 657 655 655 658 658 661 661 663 667 672 678 682 686 691 701 708 711 719 722 728 746 752 754 757 771 785 790 805 811 819 823 843 851 862 873 880 882 882 956 956 956 962 0 0 0 0 0 1312 1312 1333 1343 1370 1381 1415 1439 1452 1489 1509 1509 1550 1523 1523 1529 1529 1536 1536 1529 1529 1529 1529 1529 1529 1529 1529 1523 1523 1529 1536 1543 1550 1543 1543 1536 1536 1536 1536 1536 1550 1543 1543 1550 1557 1550 1550 1557 1557 1557 1543 1543 1543 1543 1564 1564 1557 1557 1557 1557 1557 1550 1550 1543 1543 1550 1557 1572 1579 1586 1586 1586 1586 1579 1572 1572 1579 1579 1572 1572 1557 1557 1572 1572 1572 1572 1572 1594 1594 1586 1572 1572 1572 1579 1586 1586 1586 1586 1586 1594 1594 1594 1586 1586 1594 1594 1594 1586 1586 1609 1609 1601 1594 1586 1586 1609 1579 1579 1601 1601 1609 1624 1616 1609 1609 1609 1601 1601 1601 1609 1609 1609 1601 1601 1594 1594 1594 1594 1594 1601 1586 1586 1586 1601 1601 1616 1624 1624 1609 1586 1572 1557 1543 1523 1516 1503 1477 1458 1452 1427 1421 1410 1392 1370 1359 1359 1354 1317 1302 1302 1297 1292 1259 1250 1250 1241 1223 1202 1197 1197 1181 1177 1165 1157 1141 1134 1119 1112 1105 1094 1087 1084 1073 1060 1047 1047 1044 1031 1019 1016 1016 0 0
0 0 0 0 0 0 0 0 0 0 0 0 0 0 0 0 0 0 0 0 0 661 661 662 662 662 662 662 661 661 661 661 662 662 662 662 662 662 662 662 662 661 661 661 661 661 661 659 659 659 659 659 659 661 661 662 667 671 672 672 672 658 658 658 658 658 658 657 657 655 655 655 655 655 657 661 662 664 668 672 678 682 687 693 701 707 711 719 723 738 744 752 755 761 767 785 790 800 809 819 823 843 851 862 878 882 885 885 956 956 956 962 0 0 0 0 1322 1322 1322 1333 1343 1354 1381 1415 1439 1470 1477 1489 1489 1489 1503 1503 1509 1496 1496 1503 1503 1509 1516 1516 1516 1516 1509 1509 1516 1516 1523 1516 1516 1516 1516 1516 1516 1516 1523 1529 1536 1536 1543 1543 1543 1543 1543 1543 1516 1516 1516 1529 1529 1529 1523 1523 1523 1523 1536 1536 1529 1523 1523 1523 1529 1529 1529 1529 1516 1516 1516 1516 1516 1516 1523 1536 1543 1543 1550 1536 1536 1543 1550 1550 1550 1550 1550 1557 1550 1550 1543 1543 1557 1564 1564 1516 1516 1523 1536 1550 1550 1550 1550 1550 1564 1572 1572 1564 1564 1550 1550 1543 1529 1529 1550 1550 1550 1550 1564 1564 1564 1564 1557 1557 1550 1543 1543 1543 1543 1550 1550 1564 1557 1557 1557 1564 1564 1579 1579 1579 1572 1564 1564 1557 1557 1579 1601 1616 1624 1609 1564 1564 1550 1536 1523 1516 1503 1477 1458 1452 1433 1421 1410 1392 1376 1359 1359 1349 1317 1302 1302 1297 1297 1264 1250 1250 1241 1223 1202 1193 1193 1185 1177 1161 1153 1141 1134 1123 1115 1108 1097 1087 1084 1073 1060 1054 1047 1041 1031 1019 1016 1016 0 0
0 0 0 0 0 0 0 0 0 0 0 0 0 0 0 0 0 0 0 0 0 662 662 662 662 662 662 662 661 661 661 661 662 661 661 662 661 661 662 661 661 661 661 661 661 661 661 661 661 661 661 661 661 661 662 662 667 671 672 672 657 657 657 657 657 657 657 655 655 655 655 655 655 655 657 661 662 666 668 671 676 682 687 693 701 707 711 720 725 738 744 754 757 762 767 787 792 800 809 817 825 829 854 862 887 887 894 894 959 959 959 0 0 0 0 0 1317 1317 1322 1333 1338 1354 1392 1415 1433 1464 1470 1483 1477 1477 1470 1470 1470 1477 1483 1477 1477 1489 1496 1496 1483 1483 1496 1496 1503 1503 1503 1503 1503 1496 1489 1489 1489 1489 1496 1496 1536 1536 1543 1543 1543 1543 1496 1496 1503 1509 1509 1503 1503 1503 1509 1509 1509 1509 1503 1496 1496 1503 1503 1503 1503 1503 1503 1503 1503 1503 1509 1509 1509 1509 1509 1509 1509 1509 1509 1516 1516 1529 1523 1523 1529 1523 1516 1516 1516 1509 1509 1516 1516 1516 1509 1509 1509 1516 1523 1523 1523 1523 1529 1529 1523 1516 1516 1516 1516 1523 1536 1523 1523 1523 1523 1523 1536 1536 1529 1529 1543 1536 1536 1516 1516 1523 1529 1529 1536 1529 1523 1523 1529 1536 1543 1564 1550 1550 1550 1543 1536 1536 1536 1536 1536 1523 1523 1536 1529 1529 1529 1529 1536 1529 1516 1509 1503 1477 1458 1445 1433 1421 1410 1392 1376 1359 1359 1349 1328 1307 1302 1297 1297 1264 1250 1250 1241 1227 1202 1193 1189 1181 1173 1161 1153 1141 1134 1123 1115 1108 1097 1087 1084 1073 1060 1057 1050 1041 1031 1022 1019 1019 0 0
0 0 0 0 0 0 0 0 0 0 0 0 0 0 0 0 0 0 0 0 0 662 662 662 662 662 662 662 662 662 661 661 662 661 661 662 661 661 661 661 661 661 661 661 659 659 661 661 661 661 661 661 661 661 661 662 663 671 672 672 657 657 657 657 657 657 657 655 655 655 655 655 655 655 657 661 662 666 668 671 676 682 687 698 703 707 711 722 727 738 744 755 761 764 769 787 794 800 811 815 825 829 854 871 885 889 894 894 959 959 962 0 0 0 0 0 1317 1317 1322 1333 1338 1354 1398 1410 1433 1452 1464 1470 1458 1452 1452 1452 1445 1445 1458 1458 1452 1452 1452 1452 1452 1452 1452 1452 1452 1470 1477 1477 1470 1470 1470 1470 1470 1470 1470 1464 1445 1445 1458 1458 1458 1464 1470 1477 1477 1483 1483 1483 1483 1477 1477 1477 1477 1477 1470 1470 1470 1470 1477 1477 1477 1483 1489 1489 1496 1496 1503 1503 1503 1509 1503 1503 1496 1489 1489 1503 1503 1503 1503 1509 1509 1503 1503 1503 1503 1509 1509 1509 1489 1489 1496 1496 1503 1509 1509 1509 1503 1496 1496 1509 1509 1509 1503 1496 1496 1503 1509 1516 1509 1509 1509 1509 1516 1516 1516 1516 1503 1503 1509 1503 1503 1509 1509 1516 1516 1509 1509 1496 1496 1509 1509 1503 1496 1496 1489 1489 1509 1516 1523 1523 1509 1509 1509 1516 1509 1509 1509 1516 1516 1516 1509 1503 1496 1489 1458 1445 1433 1421 1410 1387 1381 1370 1370 1343 1328 1312 1302 1297 1288 1264 1250 1250 1241 1232 1206 1206 1189 1181 1173 1165 1149 1141 1134 1123 1115 1108 1101 1090 1084 1073 1063 1057 1057 1047 1034 1022 1016 1016 0 0
0 0 0 0 0 0 0 0 0 0 0 0 0 0 0 0 0 0 0 0 0 662 662 662 662 662 661 661 662 662 661 661 661 661 662 662 661 661 661 661 661 661 661 661 659 659 659 661 661 661 661 661 659 659 661 662 663 671 672 672 658 657 657 657 657 657 657 655 655 655 655 655 655 655 657 661 663 666 668 671 676 682 687 698 701 708 714 722 725 738 747 754 757 762 771 789 794 800 809 815 825 829 856 862 882 889 898 0 0 0 0 0 0 0 0 0 1317 1317 1322 1333 1343 1387 1398 1410 1421 1427 1464 1470 1439 1433 1427 1421 1421 1427 1433 1439 1433 1433 1433 1439 1439 1439 1439 1439 1439 1439 1445 1445 1445 1452 1452 1458 1458 1452 1445 1445 1445 1445 1445 1452 1452 1458 1458 1464 1464 1464 1458 1458 1458 1458 1458 1458 1458 1464 1464 1464 1464 1464 1464 1464 1464 1464 1477 1477 1470 1470 1470 1470 1477 1477 1503 1477 1470 1470 1470 1470 1464 1464 1477 1477 1470 1470 1483 1483 1483 1489 1477 1477 1477 1477 1483 1489 1489 1483 1483 1483 1489 1483 1483 1477 1477 1483 1477 1477 1483 1489 1489 1489 1489 1489 1483 1477 1477 1489 1489 1489 1489 1489 1489 1489 1496 1483 1483 1503 1477 1477 1496 1483 1483 1483 1483 1483 1483 1477 1477 1477 1489 1496 1503 1503 1477 1477 1483 1483 1483 1483 1483 1483 1483 1496 1503 1503 1496 1483 1458 1445 1439 1427 1410 1387 1381 1370 1370 1343 1328 1312 1302 1292 1283 1268 1255 1255 1241 1232 1219 1193 1189 1181 1173 1165 1149 1141 1134 1123 1115 1105 1101 1090 1084 1077 1063 1060 1057 1047 1034 1022 1016 1016 0 0
0 0 0 0 0 0 0 0 0 0 0 0 0 0 0 0 0 0 0 0 0 661 661 662 662 662 661 661 661 661 661 661 661 661 662 662 661 661 661 661 661 661 661 661 661 659 659 659 661 661 661 659 659 659 661 662 663 670 671 672 658 657 657 657 657 657 657 655 655 655 655 657 657 657 657 661 663 666 668 672 676 682 687 698 701 708 716 722 725 742 749 752 757 761 790 790 794 800 809 819 827 829 856 862 880 887 898 0 0 0 0 0 0 0 0 0 0 0 1343 1343 1349 1387 1404 1410 1415 1421 1421 1392 1392 1392 1404 1404 1410 1415 1410 1404 1404 1404 1421 1421 1421 1427 1427 1427 1427 1427 1421 1421 1433 1433 1433 1433 1433 1433 1433 1433 1439 1439 1439 1439 1439 1445 1439 1439 1439 1439 1439 1445 1439 1421 1421 1427 1427 1445 1445 1452 1452 1452 1452 1452 1445 1439 1439 1439 1439 1439 1439 1439 1433 1433 1421 1421 1433 1445 1445 1445 1445 1445 1445 1439 1439 1439 1452 1458 1458 1445 1445 1445 1445 1464 1470 1470 1464 1464 1458 1458 1464 1464 1464 1464 1464 1464 1464 1464 1477 1477 1489 1458 1458 1458 1458 1464 1464 1464 1464 1477 1477 1477 1483 1483 1458 1458 1458 1452 1452 1458 1477 1470 1470 1470 1470 1470 1477 1470 1464 1464 1458 1445 1445 1445 1445 1464 1464 1477 1470 1470 1464 1464 1464 1464 1464 1464 1483 1470 1452 1439 1439 1427 1410 1387 1381 1365 1365 1354 1328 1317 1297 1292 1283 1268 1255 1255 1241 1232 1219 1193 1193 1185 1177 1165 1149 1141 1134 1123 1115 1105 1101 1087 1084 1073 1067 1057 1044 1038 1034 1022 1016 1016 0 0
0 0 0 0 0 0 0 0 0 0 0 0 0 0 0 0 0 0 0 0 0 661 661 662 662 662 661 661 661 661 661 661 661 661 662 662 661 661 659 659 659 661 659 659 659 659 659 659 659 661 659 659 659 659 659 662 663 670 671 672 659 657 657 658 657 657 657 655 655 655 657 655 655 657 657 661 663 666 668 672 676 682 687 698 701 710 716 722 725 742 749 752 757 761 780 790 796 800 811 825 827 829 854 875 878 887 898 0 0 0 0 0 0 0 0 0 0 0 1354 1354 1354 1370 1392 1392 1387 1381 1381 1387 1381 1381 1392 1392 1392 1398 1398 1398 1398 1398 1404 1404 1404 1404 1404 1410 1404 1404 1404 1404 1404 1404 1398 1398 1410 1415 1415 1421 1421 1421 1421 1421 1421 1421 1421 1415 1415 1421 1421 1421 1427 1415 1410 1404 1404 1404 1404 1410 1410 1410 1415 1421 1421 1421 1421 1421 1427 1433 1433 1433 1427 1421 1415 1415 1415 1421 1433 1433 1433 1415 1415 1421 1421 1427 1433 1427 1421 1421 1421 1421 1433 1452 1452 1452 1421 1421 1421 1427 1427 1439 1445 1458 1458 1458 1452 1452 1439 1433 1427 1427 1421 1421 1433 1427 1427 1433 1427 1427 1439 1452 1415 1415 1433 1433 1433 1433 1433 1439 1445 1439 1433 1427 1427 1421 1421 1421 1415 1415 1433 1433 1433 1433 1433 1433 1452 1458 1452 1452 1452 1452 1458 1458 1433 1427 1427 1427 1439 1439 1433 1427 1410 1381 1376 1365 1365 1354 1328 1317 1297 1297 1283 1273 1245 1245 1241 1236 1223 1197 1193 1193 1177 1165 1153 1145 1134 1126 1119 1108 1101 1087 1084 1073 1067 1057 1044 1038 1038 1028 1016 1016 0 0
0 0 0 0 0 0 0 0 0 0 0 0 0 0 0 0 0 0 0 0 0 661 661 661 662 661 661 661 661 661 661 661 661 661 661 662 661 661 659 659 659 661 659 659 659 659 659 659 659 661 659 659 659 659 659 662 663 670 671 672 658 657 657 657 657 657 657 655 655 655 655 655 655 657 657 661 663 664 668 674 678 682 687 700 703 710 716 720 723 742 747 754 757 761 780 789 796 800 803 825 827 829 854 875 878 889 898 0 0 0 0 0 0 0 0 0 0 0 1354 1354 1354 1354 1359 1359 1376 1376 1376 1376 1370 1370 1376 1376 1376 1376 1376 1381 1387 1387 1376 1376 1376 1376 1376 1381 1387 1387 1392 1387 1387 1381 1381 1387 1392 1392 1398 1392 1392 1381 1381 1392 1392 1392 1398 1392 1392 1398 1398 1398 1398 1398 1392 1392 1392 1392 1392 1392 1392 1392 1404 1404 1404 1404 1404 1410 1410 1410 1410 1392 1392 1398 1398 1398 1398 1398 1398 1398 1410 1404 1404 1404 1404 1410 1404 1404 1398 1398 1404 1404 1410 1415 1415 1415 1415 1415 1415 1410 1410 1415 1415 1445 1376 1376 1392 1392 1410 1415 1410 1410 1410 1410 1410 1410 1410 1415 1415 1421 1415 1415 1415 1415 1421 1421 1415 1415 1415 1410 1404 1404 1404 1415 1415 1415 1410 1410 1410 1410 1410 1410 1410 1404 1404 1398 1398 1398 1410 1404 1404 1398 1398 1410 1410 1415 1415 1404 1404 1410 1421 1421 1410 1381 1376 1365 1365 1354 1328 1307 1302 1302 1283 1273 1245 1245 1241 1241 1236 1202 1193 1185 1173 1165 1149 1149 1134 1126 1115 1108 1101 1094 1084 1073 1067 1057 1047 1038 1038 1031 1028 1028 0 0
0 0 0 0 0 0 0 0 0 0 0 0 0 0 0 0 0 0 0 0 0 659 659 661 661 661 661 661 661 661 661 661 661 661 661 661 661 661 661 661 661 661 661 661 659 659 659 659 659 659 659 659 659 659 661 662 667 670 671 672 658 657 657 657 658 658 657 655 655 655 655 655 655 657 657 661 663 664 667 674 678 683 688 700 706 711 716 720 723 741 744 755 759 762 773 785 796 800 803 823 827 829 854 867 875 891 898 0 0 0 0 0 0 0 0 0 0 0 0 1349 1349 1349 1354 1354 1349 1349 1343 1343 1349 1354 1354 1354 1354 1349 1349 1354 1359 1359 1359 1359 1359 1359 1359 1365 1365 1370 1376 1376 1376 1370 1370 1376 1370 1354 1349 1349 1370 1376 1376 1376 1376 1376 1381 1381 1387 1387 1387 1381 1370 1370 1387 1387 1387 1381 1381 1381 1381 1381 1370 1370 1376 1376 1376 1376 1376 1387 1387 1370 1370 1376 1376 1381 1381 1381 1387 1387 1392 1398 1398 1398 1398 1398 1392 1392 1392 1387 1387 1387 1387 1392 1398 1404 1404 1404 1404 1398 1398 1398 1387 1376 1376 1376 1381 1387 1398 1410 1410 1404 1398 1398 1398 1398 1398 1404 1404 1398 1392 1392 1392 1398 1404 1404 1404 1404 1404 1398 1392 1392 1392 1398 1398 1398 1404 1404 1404 1404 1404 1398 1398 1392 1392 1392 1392 1392 1392 1387 1387 1387 1387 1387 1398 1398 1392 1387 1387 1387 1387 1398 1392 1381 1370 1365 1365 1354 1328 1307 1302 1297 1283 1264 1245 1245 1241 1236 1227 1202 1202 1185 1173 1165 1149 1149 1134 1126 1115 1108 1101 1097 1084 1073 1067 1063 1050 1041 1038 1031 1031 1031 0 0
0 0 0 0 0 0 0 0 0 0 0 0 0 0 0 0 0 0 0 0 0 659 659 659 659 659 659 661 661 661 659 659 659 659 661 661 661 661 661 661 661 661 659 659 659 659 659 659 659 659 659 659 659 659 661 663 667 668 671 672 658 657 657 657 657 657 657 655 655 655 655 655 655 657 657 661 662 664 666 674 679 684 688 700 706 711 716 722 725 738 742 757 761 766 771 785 798 803 805 823 827 829 854 864 875 891 898 908 0 0 0 0 0 0 0 0 0 0 0 1349 1343 1343 1349 1354 1333 1333 1333 1328 1328 1333 1333 1333 1333 1333 1333 1338 1338 1338 1338 1343 1343 1349 1349 1343 1343 1338 1338 1338 1338 1343 1359 1359 1343 1333 1333 1338 1343 1354 1359 1359 1354 1354 1359 1354 1349 1349 1349 1349 1349 1349 1349 1349 1354 1376 1376 1354 1354 1359 1359 1359 1365 1365 1365 1365 1359 1349 1349 1349 1359 1365 1370 1376 1370 1370 1376 1376 1376 1365 1365 1376 1381 1387 1387 1381 1370 1370 1370 1370 1370 1370 1387 1376 1376 1387 1381 1381 1376 1370 1370 1370 1370 1370 1376 1376 1370 1370 1387 1381 1381 1381 1387 1387 1387 1370 1370 1381 1376 1376 1376 1376 1376 1376 1381 1387 1387 1381 1381 1376 1376 1376 1381 1381 1381 1381 1376 1376 1381 1381 1381 1381 1381 1387 1387 1387 1381 1376 1376 1376 1376 1376 1381 1370 1370 1370 1370 1376 1376 1381 1381 1381 1370 1359 1359 1349 1322 1312 1307 1297 1297 1264 1250 1250 1241 1236 1227 1202 1202 1181 1173 1165 1149 1149 1138 1126 1115 1108 1105 1101 1090 1070 1067 1063 1050 1044 1034 1031 1031 1031 0 0
0 0 0 0 0 0 0 0 0 0 0 0 0 0 0 0 0 0 0 0 0 659 659 659 659 659 659 659 661 661 659 659 659 659 661 662 662 662 662 661 661 661 659 659 659 659 659 659 661 659 659 659 659 659 661 663 667 668 671 672 657 657 657 657 657 657 657 655 655 655 655 655 657 657 657 661 662 664 666 676 682 684 688 700 706 710 716 720 728 738 742 762 762 767 771 789 798 802 805 825 827 847 854 864 875 891 898 908 0 0 0 0 0 0 0 0 0 0 1312 1307 1307 1297 1297 1297 1307 1307 1312 1317 1317 1317 1312 1312 1312 1312 1317 1322 1322 1328 1328 1333 1333 1333 1328 1328 1322 1317 1317 1328 1328 1328 1328 1328 1328 1328 1328 1328 1328 1333 1343 1343 1338 1338 1333 1333 1333 1333 1333 1338 1338 1338 1343 1343 1343 1349 1343 1343 1343 1349 1349 1349 1349 1349 1349 1349 1333 1333 1333 1338 1349 1354 1365 1359 1354 1354 1349 1349 1343 1343 1349 1349 1349 1365 1370 1370 1349 1349 1354 1359 1354 1343 1333 1333 1338 1343 1349 1349 1354 1354 1354 1359 1359 1365 1365 1365 1365 1349 1349 1349 1349 1359 1365 1365 1359 1359 1359 1359 1359 1365 1365 1359 1359 1359 1354 1354 1365 1349 1349 1354 1354 1354 1354 1349 1349 1349 1354 1354 1365 1370 1370 1370 1370 1359 1359 1359 1354 1354 1359 1359 1370 1365 1359 1354 1354 1359 1359 1359 1365 1370 1376 1376 1359 1359 1354 1349 1322 1312 1307 1297 1297 1264 1250 1245 1241 1236 1227 1206 1206 1181 1173 1169 1149 1149 1138 1126 1115 1108 1101 1101 1087 1070 1067 1063 1057 1047 1034 1031 1028 1028 0 0
0 0 0 0 0 0 0 0 0 0 0 0 0 0 0 0 0 0 0 0 0 659 659 659 659 659 659 659 661 661 661 661 661 661 661 661 661 661 661 661 661 661 659 659 659 659 659 659 659 659 659 661 661 661 662 663 668 670 671 671 657 657 657 657 657 657 657 655 655 655 655 657 657 657 657 661 662 664 668 676 682 684 688 701 706 710 716 720 728 739 746 754 764 767 771 790 798 802 825 825 827 845 854 867 875 891 901 901 0 0 0 0 0 0 0 0 0 0 1312 1292 1292 1292 1288 1288 1288 1292 1292 1297 1292 1292 1292 1292 1297 1297 1307 1312 1312 1312 1312 1312 1297 1297 1307 1307 1312 1307 1307 1312 1317 1317 1312 1297 1297 1307 1307 1312 1312 1312 1312 1322 1328 1322 1322 1322 1322 1322 1322 1322 1322 1322 1322 1322 1328 1328 1333 1322 1322 1333 1333 1338 1338 1338 1328 1328 1328 1328 1328 1333 1333 1338 1349 1333 1333 1338 1338 1328 1322 1322 1328 1328 1328 1328 1328 1338 1333 1333 1349 1338 1338 1328 1328 1328 1328 1328 1328 1333 1343 1343 1343 1333 1333 1343 1349 1343 1328 1328 1328 1328 1338 1343 1343 1343 1343 1343 1333 1333 1328 1328 1338 1349 1349 1343 1338 1338 1343 1333 1333 1333 1333 1333 1333 1343 1343 1343 1343 1343 1349 1354 1354 1349 1343 1338 1338 1338 1343 1338 1333 1333 1328 1328 1328 1338 1338 1343 1349 1354 1349 1322 1322 1322 1322 1322 1349 1343 1317 1312 1302 1297 1297 1268 1255 1245 1245 1236 1227 1206 1206 1189 1181 1173 1149 1149 1141 1126 1115 1108 1101 1097 1080 1070 1067 1067 1057 1047 1034 1031 1025 1025 0 0
0 0 0 0 0 0 0 0 0 0 0 0 0 0 0 0 0 0 0 0 0 658 658 659 659 659 659 659 661 661 661 661 661 661 661 661 661 661 661 661 661 661 659 659 659 659 659 659 659 659 659 661 661 661 661 662 668 670 672 671 657 657 657 657 657 657 657 655 655 655 657 657 657 657 657 661 663 666 668 675 680 684 688 701 706 711 716 722 728 739 746 754 764 769 773 789 796 803 827 827 827 845 854 871 878 891 903 903 938 925 925 925 0 0 1219 1219 0 0 1283 1283 1283 1283 1283 1283 1283 1288 1288 1288 1283 1283 1283 1283 1283 1283 1292 1292 1297 1292 1288 1288 1278 1278 1278 1288 1292 1297 1297 1297 1302 1302 1292 1292 1292 1292 1297 1297 1297 1297 1302 1307 1312 1302 1302 1302 1302 1307 1302 1302 1302 1302 1307 1312 1297 1297 1297 1307 1307 1307 1302 1302 1302 1302 1307 1307 1312 1317 1317 1312 1312 1302 1302 1307 1297 1297 1307 1307 1307 1312 1317 1317 1317 1302 1302 1312 1312 1312 1307 1307 1312 1317 1317 1317 1317 1317 1317 1322 1328 1328 1322 1322 1322 1322 1322 1322 1317 1317 1322 1322 1322 1328 1328 1333 1328 1328 1317 1317 1317 1317 1322 1328 1333 1322 1322 1328 1322 1322 1322 1322 1322 1328 1328 1328 1322 1322 1328 1338 1349 1312 1307 1307 1312 1317 1317 1317 1317 1317 1322 1322 1322 1317 1317 1317 1317 1322 1322 1322 1317 1317 1312 1312 1307 1307 1312 1312 1307 1307 1302 1297 1292 1268 1259 1245 1245 1236 1223 1206 1193 1189 1185 1173 1161 1149 1141 1130 1119 1112 1097 1094 1080 1070 1067 1067 1060 1047 1038 1031 1022 1022 0 0
0 0 0 0 0 0 0 0 0 0 0 0 0 0 0 0 0 0 0 0 0 658 658 659 659 659 659 659 659 661 661 661 661 661 661 661 661 661 659 659 661 659 659 659 659 659 659 659 658 658 659 661 661 661 661 662 670 671 671 671 658 657 657 657 657 657 657 655 655 655 657 657 657 657 658 661 663 666 668 674 678 682 690 701 706 711 716 723 728 739 747 754 762 769 773 789 796 819 819 825 827 856 856 875 878 896 910 933 933 925 925 925 933 0 1219 1219 1236 1236 1236 1241 1241 1245 1255 1259 1259 1259 1259 1264 1273 1273 1273 1273 1273 1273 1273 1273 1273 1283 1273 1273 1268 1268 1268 1268 1268 1268 1273 1264 1264 1264 1268 1273 1283 1283 1288 1288 1292 1292 1292 1288 1278 1278 1283 1288 1283 1283 1288 1288 1288 1288 1288 1283 1283 1283 1283 1283 1288 1283 1283 1283 1283 1292 1297 1297 1297 1292 1288 1288 1288 1288 1288 1288 1288 1288 1288 1292 1292 1302 1297 1292 1292 1288 1288 1292 1288 1288 1288 1288 1297 1302 1302 1302 1302 1307 1307 1312 1297 1297 1297 1302 1307 1307 1307 1307 1307 1307 1307 1302 1297 1297 1297 1288 1288 1307 1302 1302 1302 1302 1302 1307 1317 1307 1307 1307 1307 1307 1307 1307 1312 1312 1307 1302 1297 1297 1297 1302 1302 1302 1297 1297 1297 1302 1307 1307 1302 1302 1302 1307 1312 1312 1312 1307 1307 1302 1302 1302 1297 1297 1302 1302 1302 1297 1297 1297 1302 1302 1297 1297 1288 1273 1264 1250 1250 1236 1223 1202 1193 1193 1185 1173 1161 1149 1141 1130 1123 1108 1097 1094 1084 1073 1067 1067 1063 1050 1038 1031 1022 1022 0 0
0 0 0 0 0 0 0 0 0 0 0 0 0 0 0 0 0 0 0 0 0 658 658 658 658 658 658 659 659 659 661 659 659 659 661 661 661 661 659 659 659 659 659 659 659 659 659 659 658 658 659 659 659 661 661 662 670 671 671 671 658 657 657 657 657 657 657 655 655 655 655 657 657 657 658 659 663 666 668 674 678 682 690 700 703 711 717 723 728 741 747 754 762 769 774 783 796 819 819 825 827 827 871 871 878 894 915 925 933 925 925 925 933 0 1236 1236 1227 1227 1232 1236 1236 1241 1241 1245 1245 1245 1250 1250 1250 1255 1264 1268 1268 1264 1259 1255 1241 1241 1241 1241 1241 1250 1250 1250 1255 1255 1255 1250 1250 1255 1259 1259 1259 1268 1259 1259 1259 1259 1264 1268 1268 1268 1273 1264 1264 1268 1273 1278 1278 1268 1264 1264 1268 1268 1268 1278 1283 1278 1273 1273 1278 1278 1283 1268 1268 1268 1268 1268 1278 1278 1278 1278 1283 1278 1278 1283 1283 1288 1283 1283 1283 1283 1283 1283 1278 1278 1278 1278 1283 1283 1283 1283 1288 1288 1283 1273 1273 1278 1278 1278 1283 1283 1288 1292 1292 1288 1278 1278 1283 1283 1283 1278 1278 1283 1283 1288 1288 1288 1288 1288 1288 1292 1292 1288 1288 1288 1288 1288 1283 1283 1283 1283 1283 1283 1283 1283 1288 1292 1288 1288 1292 1292 1292 1297 1297 1292 1292 1278 1278 1288 1292 1283 1264 1264 1273 1283 1283 1288 1292 1288 1283 1283 1283 1283 1292 1292 1292 1283 1273 1268 1264 1255 1255 1236 1219 1202 1193 1193 1181 1169 1165 1149 1141 1130 1126 1108 1097 1094 1084 1073 1067 1067 1063 1050 1038 1031 1022 1022 0 0
0 0 0 0 0 0 0 0 0 0 0 0 0 0 0 0 0 0 0 0 0 658 658 658 658 658 658 659 659 659 661 659 658 658 659 661 661 661 659 659 659 659 659 659 659 659 659 658 658 658 659 659 659 659 661 662 670 671 672 671 658 657 657 657 657 657 657 655 655 655 655 655 657 657 658 659 662 666 668 674 678 683 688 700 701 708 719 723 728 741 749 754 761 769 774 783 783 819 819 829 829 854 860 867 878 891 903 925 930 928 928 928 928 0 1241 1241 1214 1214 1219 1223 1227 1223 1223 1219 1219 1223 1219 1219 1223 1223 1227 1219 1219 1232 1232 1236 1236 1236 1236 1232 1232 1236 1236 1236 1241 1236 1236 1241 1241 1245 1245 1245 1245 1250 1245 1245 1245 1245 1245 1255 1259 1259 1259 1250 1250 1250 1250 1264 1255 1250 1250 1250 1255 1259 1259 1268 1268 1255 1250 1250 1250 1250 1250 1250 1250 1255 1255 1255 1264 1264 1268 1268 1268 1268 1268 1268 1268 1268 1268 1268 1268 1273 1273 1273 1268 1268 1268 1268 1268 1268 1268 1268 1273 1268 1264 1264 1264 1268 1268 1268 1273 1273 1278 1278 1273 1268 1268 1268 1273 1273 1273 1273 1273 1278 1278 1273 1273 1273 1268 1268 1268 1268 1273 1273 1273 1273 1278 1278 1278 1273 1273 1273 1278 1278 1278 1278 1278 1278 1278 1278 1278 1278 1278 1278 1268 1264 1259 1255 1255 1259 1264 1264 1259 1259 1264 1264 1264 1264 1264 1264 1268 1268 1268 1273 1278 1278 1278 1273 1264 1259 1259 1245 1245 1236 1214 1197 1193 1189 1173 1165 1161 1153 1141 1130 1123 1115 1101 1097 1087 1073 1067 1063 1060 1047 1041 1034 1022 1022 0 0
0 0 0 0 0 0 0 0 0 0 0 0 0 0 0 0 0 0 0 0 0 657 657 657 658 658 658 659 659 659 659 659 658 658 659 661 661 662 659 659 659 659 658 658 658 658 658 658 658 658 659 659 659 659 661 663 670 671 672 672 658 657 657 657 657 657 657 655 654 654 654 655 655 657 657 659 662 666 670 674 678 683 687 700 701 706 720 725 728 741 749 754 761 767 774 789 789 827 827 827 847 849 856 867 878 891 898 925 930 0 0 0 0 0 0 1202 1202 1202 1202 1210 1214 1214 1214 1214 1214 1214 1214 1214 1214 1210 1210 1214 1214 1214 1219 1219 1219 1223 1223 1223 1223 1227 1232 1232 1236 1232 1232 1236 1232 1232 1232 1232 1232 1236 1232 1232 1223 1223 1236 1245 1250 1250 1245 1245 1245 1250 1250 1232 1232 1241 1241 1241 1245 1245 1245 1232 1232 1227 1227 1232 1236 1236 1236 1236 1236 1236 1245 1245 1250 1250 1250 1241 1241 1232 1232 1245 1250 1250 1250 1250 1250 1250 1255 1255 1259 1255 1255 1255 1259 1259 1259 1250 1250 1250 1250 1250 1259 1255 1255 1259 1264 1264 1259 1259 1264 1264 1264 1264 1264 1264 1264 1264 1268 1268 1268 1264 1264 1264 1259 1259 1259 1264 1264 1264 1264 1264 1264 1264 1264 1264 1264 1264 1264 1259 1259 1259 1255 1255 1259 1259 1259 1255 1255 1250 1250 1250 1245 1245 1250 1250 1250 1255 1255 1255 1255 1255 1255 1250 1250 1250 1250 1250 1250 1250 1245 1245 1245 1245 1245 1250 1245 1245 1241 1236 1214 1197 1193 1189 1173 1165 1161 1149 1141 1130 1123 1115 1105 1097 1087 1077 1070 1063 1057 1047 1041 1031 1025 1025 0 0
0 0 0 0 0 0 0 0 0 0 0 0 0 0 0 0 0 0 0 0 0 657 657 657 658 658 659 659 659 659 659 659 659 659 659 659 661 661 659 658 658 659 658 658 658 658 658 658 658 658 659 659 661 661 662 663 668 671 671 672 658 657 657 657 657 657 657 655 654 654 654 655 655 657 657 659 663 666 670 675 678 682 687 700 701 706 719 725 728 742 749 754 761 767 771 789 789 827 827 827 845 847 856 869 880 894 898 0 0 0 0 0 0 0 1149 1185 1185 1185 1189 1189 1189 1189 1202 1206 1206 1206 1202 1197 1197 1202 1202 1202 1206 1206 1202 1189 1189 1185 1185 1189 1193 1181 1181 1181 1181 1181 1189 1193 1193 1189 1189 1197 1197 1197 1197 1197 1202 1202 1202 1202 1202 1214 1219 1219 1197 1197 1197 1197 1206 1210 1206 1202 1202 1206 1197 1197 1206 1202 1202 1206 1206 1223 1223 1227 1227 1227 1232 1236 1232 1232 1232 1227 1227 1223 1223 1223 1227 1227 1227 1232 1236 1236 1236 1241 1241 1241 1241 1241 1232 1232 1227 1227 1232 1227 1227 1232 1250 1245 1245 1250 1250 1255 1241 1227 1227 1232 1232 1241 1241 1241 1232 1232 1236 1232 1232 1259 1245 1245 1245 1241 1241 1241 1241 1236 1236 1232 1232 1236 1241 1250 1250 1255 1245 1245 1245 1245 1245 1245 1245 1250 1250 1245 1245 1241 1241 1241 1236 1236 1236 1236 1236 1241 1241 1241 1241 1241 1241 1245 1241 1241 1241 1241 1241 1232 1227 1227 1227 1227 1232 1241 1241 1241 1232 1227 1214 1197 1193 1193 1181 1169 1161 1149 1138 1130 1119 1115 1105 1097 1087 1077 1070 1063 1057 1047 1044 1031 1025 1025 0 0
0 0 0 0 0 0 0 0 0 0 0 0 0 0 0 0 0 0 0 0 0 658 657 657 658 659 659 659 659 659 659 659 659 659 659 659 659 659 659 658 658 659 658 658 658 658 658 658 658 659 659 659 661 661 662 667 668 671 671 672 658 657 657 657 657 657 657 655 655 655 655 655 655 657 657 659 663 666 670 675 678 682 697 700 703 713 719 723 727 741 747 759 762 767 771 789 796 796 825 825 841 847 860 875 885 894 898 0 0 0 0 0 0 1149 1149 1157 1165 1173 1177 1177 1173 1169 1169 1165 1165 1165 1165 1165 1169 1169 1169 1173 1173 1169 1169 1173 1177 1173 1173 1177 1173 1173 1173 1173 1177 1177 1177 1181 1181 1185 1185 1185 1185 1185 1185 1185 1189 1189 1189 1189 1189 1185 1185 1185 1181 1181 1181 1181 1181 1181 1185 1189 1189 1189 1193 1193 1193 1189 1189 1193 1197 1197 1197 1193 1193 1197 1197 1197 1197 1197 1197 1202 1206 1206 1210 1206 1202 1202 1202 1202 1202 1202 1202 1202 1202 1202 1202 1202 1202 1202 1206 1202 1202 1202 1202 1202 1202 1202 1206 1202 1202 1210 1210 1214 1214 1214 1219 1223 1227 1227 1227 1223 1223 1223 1223 1223 1219 1219 1223 1223 1223 1223 1223 1223 1227 1223 1223 1219 1219 1223 1219 1219 1214 1214 1214 1214 1219 1227 1232 1227 1227 1227 1227 1227 1227 1219 1219 1219 1223 1223 1223 1223 1223 1223 1214 1210 1210 1210 1210 1227 1223 1223 1223 1219 1219 1219 1219 1219 1223 1223 1223 1227 1223 1223 1210 1193 1193 1189 1185 1177 1161 1145 1138 1130 1119 1115 1108 1090 1084 1077 1070 1063 1057 1050 1047 1041 1025 1025 0 0
0 0 0 0 0 0 0 0 0 0 0 0 0 0 0 0 0 0 0 0 0 657 657 657 658 658 659 659 659 658 658 658 658 659 659 658 658 658 658 659 659 658 658 658 658 658 658 659 659 659 659 659 661 661 662 666 668 671 671 671 658 657 657 657 657 657 657 655 655 655 655 655 655 657 657 661 663 666 670 674 678 682 690 700 706 713 719 722 725 741 746 766 766 769 773 790 796 798 821 825 839 847 864 875 885 894 896 0 0 0 0 0 0 1149 1149 1153 1157 1153 1153 1157 1157 1161 1161 1153 1153 1157 1153 1153 1149 1149 1153 1157 1161 1161 1161 1161 1161 1161 1161 1161 1161 1161 1165 1165 1169 1169 1169 1169 1169 1169 1173 1173 1177 1165 1165 1165 1169 1173 1177 1177 1173 1173 1173 1177 1177 1173 1169 1169 1169 1169 1169 1169 1173 1181 1185 1185 1177 1177 1181 1181 1185 1185 1169 1169 1165 1165 1177 1181 1189 1189 1193 1169 1165 1165 1165 1165 1181 1181 1181 1185 1189 1189 1193 1193 1193 1189 1185 1185 1185 1185 1185 1189 1189 1193 1193 1193 1197 1193 1193 1193 1193 1193 1197 1197 1197 1197 1197 1202 1210 1206 1206 1197 1197 1197 1202 1202 1206 1206 1193 1193 1193 1189 1189 1214 1214 1214 1210 1206 1202 1202 1202 1202 1202 1210 1210 1206 1206 1206 1202 1202 1197 1197 1210 1210 1210 1202 1197 1193 1193 1197 1202 1206 1206 1206 1206 1206 1206 1206 1206 1210 1214 1214 1193 1193 1193 1197 1202 1206 1210 1206 1206 1210 1210 1197 1197 1193 1193 1189 1181 1177 1161 1145 1138 1130 1119 1115 1108 1090 1084 1077 1073 1063 1060 1050 1047 1041 1025 1025 0 0
0 0 0 0 0 0 0 0 0 0 0 0 0 0 0 0 0 0 0 0 0 657 657 657 657 658 658 658 658 658 658 658 658 658 658 658 658 658 658 658 658 658 658 658 658 658 659 659 659 659 659 659 658 658 661 663 668 671 671 671 658 657 657 657 657 657 655 655 655 655 655 655 657 657 657 661 664 667 670 674 678 683 690 700 706 713 719 722 725 742 746 755 766 769 774 792 796 798 821 825 839 849 864 873 887 891 896 0 0 0 0 0 0 1149 1149 1134 1134 1134 1134 1134 1141 1138 1138 1138 1138 1138 1141 1149 1149 1149 1149 1149 1149 1149 1149 1153 1149 1149 1149 1145 1145 1145 1145 1145 1149 1149 1149 1149 1149 1153 1149 1149 1149 1149 1149 1153 1157 1157 1157 1161 1165 1165 1169 1169 1165 1161 1161 1161 1161 1161 1157 1153 1149 1149 1149 1149 1149 1169 1161 1161 1157 1157 1157 1161 1161 1161 1165 1165 1165 1173 1169 1165 1165 1165 1165 1165 1169 1169 1169 1169 1169 1177 1181 1181 1185 1177 1177 1177 1177 1169 1169 1169 1169 1177 1181 1181 1181 1181 1181 1185 1173 1173 1181 1173 1173 1173 1181 1181 1189 1181 1181 1181 1185 1185 1189 1177 1177 1185 1185 1185 1181 1181 1181 1185 1185 1185 1185 1181 1177 1177 1189 1189 1193 1189 1185 1185 1181 1181 1181 1181 1189 1189 1189 1189 1193 1189 1189 1185 1185 1185 1189 1189 1193 1193 1193 1193 1193 1193 1197 1197 1197 1177 1177 1185 1189 1189 1193 1193 1197 1197 1206 1185 1185 1193 1193 1193 1181 1181 1177 1177 1169 1149 1138 1134 1123 1115 1108 1090 1087 1077 1073 1063 1060 1054 1047 1041 1031 1031 0 0
0 0 0 0 0 0 0 0 0 0 0 0 0 0 0 0 0 0 0 0 0 657 657 657 657 657 658 658 658 658 658 658 658 658 658 658 658 658 658 658 658 658 658 658 659 659 659 658 658 659 659 658 658 658 661 663 668 671 671 671 657 657 657 657 655 655 655 655 655 655 657 657 657 657 657 661 663 667 671 674 679 686 690 700 708 714 717 723 725 742 747 755 764 769 776 792 800 800 823 827 839 849 858 862 887 891 896 0 0 0 0 0 0 1115 1115 1115 1119 1123 1123 1119 1115 1115 1123 1130 1130 1134 1134 1149 1149 1145 1130 1130 1134 1126 1126 1130 1130 1134 1138 1134 1134 1138 1141 1138 1138 1134 1134 1138 1138 1138 1138 1138 1138 1141 1145 1145 1141 1141 1141 1141 1145 1153 1161 1161 1153 1153 1153 1145 1145 1149 1149 1149 1145 1145 1141 1141 1141 1141 1149 1145 1145 1145 1149 1153 1153 1153 1153 1149 1149 1153 1157 1157 1157 1157 1157 1157 1153 1153 1157 1157 1157 1153 1153 1157 1161 1161 1161 1149 1149 1149 1157 1161 1161 1161 1161 1161 1161 1161 1161 1157 1157 1157 1157 1157 1161 1165 1165 1165 1161 1161 1165 1165 1169 1169 1169 1165 1161 1161 1165 1165 1173 1173 1157 1149 1149 1153 1153 1153 1161 1161 1161 1161 1161 1165 1165 1165 1165 1165 1169 1173 1165 1165 1165 1165 1165 1161 1161 1161 1169 1169 1173 1173 1173 1173 1177 1177 1181 1185 1189 1185 1169 1169 1169 1177 1181 1181 1181 1185 1185 1185 1185 1173 1173 1181 1185 1185 1177 1177 1173 1169 1161 1149 1138 1134 1123 1119 1112 1097 1087 1080 1073 1067 1060 1057 1044 1041 1031 1031 0 0
0 0 0 0 0 0 0 0 0 0 0 0 0 0 0 0 0 0 0 0 0 657 657 657 657 657 657 657 657 657 658 658 658 658 658 658 658 658 658 658 658 658 658 658 658 659 659 658 658 658 658 658 658 658 662 667 670 671 672 671 657 657 657 657 655 655 655 655 655 655 655 655 657 657 659 661 663 667 672 675 679 686 688 700 708 714 717 722 725 742 750 757 764 769 776 794 800 803 819 827 843 849 858 862 887 894 896 0 0 0 0 0 0 1112 1112 1112 1112 1112 1112 1108 1108 1108 1112 1112 1115 1108 1108 1105 1105 1101 1101 1108 1108 1108 1115 1115 1115 1123 1123 1126 1130 1134 1134 1134 1130 1126 1126 1126 1130 1130 1130 1130 1130 1134 1138 1138 1130 1130 1130 1134 1134 1141 1138 1134 1126 1123 1123 1126 1130 1134 1138 1130 1130 1130 1130 1130 1134 1134 1141 1138 1138 1141 1141 1141 1141 1141 1138 1134 1134 1134 1134 1134 1138 1141 1145 1145 1145 1141 1141 1145 1141 1141 1145 1145 1149 1149 1145 1138 1134 1134 1138 1138 1149 1149 1153 1149 1149 1145 1138 1138 1145 1145 1145 1145 1149 1149 1149 1153 1153 1153 1157 1153 1153 1153 1149 1149 1153 1153 1153 1153 1153 1153 1149 1149 1149 1149 1149 1145 1145 1153 1153 1153 1153 1153 1149 1149 1149 1149 1149 1149 1145 1145 1153 1153 1153 1145 1141 1141 1145 1149 1149 1149 1149 1149 1153 1141 1134 1134 1138 1145 1153 1157 1157 1153 1153 1153 1165 1153 1153 1153 1149 1149 1157 1157 1157 1165 1173 1173 1173 1165 1149 1145 1138 1134 1123 1119 1112 1105 1087 1080 1073 1070 1063 1057 1044 1041 1034 1034 0 0
0 0 0 0 0 0 0 0 0 0 0 0 0 0 0 0 0 0 0 0 0 655 655 657 657 657 655 655 657 657 658 658 658 658 658 658 658 658 658 658 658 658 658 658 658 659 659 659 659 658 658 658 658 659 662 667 670 671 671 670 657 657 657 657 657 657 657 655 655 655 655 655 657 657 659 661 662 667 674 676 679 684 688 700 708 713 717 722 734 744 749 755 766 771 776 790 800 805 819 827 843 849 856 860 885 896 901 0 0 0 0 0 0 1112 1097 1097 1097 1101 1101 1101 1105 1105 1105 1101 1101 1101 1101 1097 1097 1094 1094 1101 1105 1105 1108 1105 1105 1108 1108 1108 1108 1119 1108 1108 1108 1108 1115 1115 1115 1119 1119 1119 1123 1126 1123 1123 1119 1119 1119 1126 1126 1126 1123 1123 1115 1115 1115 1119 1119 1119 1119 1119 1119 1119 1119 1115 1115 1119 1123 1123 1123 1126 1126 1130 1130 1123 1119 1119 1119 1123 1126 1126 1126 1119 1119 1123 1126 1130 1134 1138 1134 1134 1138 1138 1141 1134 1130 1126 1126 1126 1130 1130 1138 1138 1141 1134 1134 1130 1130 1130 1138 1134 1134 1134 1134 1134 1138 1141 1145 1145 1153 1149 1149 1145 1141 1141 1141 1145 1145 1145 1141 1141 1141 1141 1138 1138 1138 1138 1138 1145 1145 1145 1145 1145 1145 1134 1134 1138 1138 1138 1138 1138 1141 1141 1141 1134 1126 1126 1126 1130 1134 1138 1138 1119 1119 1123 1126 1130 1130 1138 1141 1141 1126 1126 1130 1134 1126 1126 1134 1138 1141 1134 1134 1134 1130 1119 1119 1141 1141 1145 1145 1141 1138 1130 1126 1119 1112 1101 1090 1084 1073 1070 1063 1057 1047 1044 1034 1034 0 0
0 0 0 0 0 0 0 0 0 0 0 0 0 0 0 0 0 0 0 0 0 655 655 655 657 657 655 655 657 657 658 658 658 658 658 658 658 658 658 658 658 658 658 658 658 659 659 659 659 658 658 658 659 659 662 667 668 670 671 668 658 657 657 657 657 657 657 655 655 655 655 657 657 657 659 661 662 668 674 676 678 684 693 701 708 713 717 722 738 744 749 754 766 771 776 790 800 805 817 821 845 849 856 860 885 896 906 0 0 938 1063 0 1067 1067 1073 1080 1087 1087 1087 1090 1087 1084 1084 1084 1084 1084 1090 1090 1090 1090 1090 1094 1097 1097 1097 1101 1101 1101 1094 1087 1087 1087 1087 1090 1094 1097 1101 1105 1105 1105 1105 1105 1101 1097 1097 1108 1108 1108 1108 1112 1101 1101 1105 1108 1105 1105 1105 1108 1108 1108 1108 1108 1112 1112 1108 1101 1101 1101 1105 1108 1105 1105 1108 1115 1115 1115 1108 1108 1112 1112 1115 1119 1115 1112 1112 1115 1115 1119 1119 1126 1126 1123 1123 1115 1115 1123 1119 1119 1123 1119 1119 1119 1123 1130 1134 1126 1119 1119 1123 1126 1126 1126 1119 1119 1123 1123 1123 1123 1108 1108 1105 1105 1105 1134 1130 1126 1126 1134 1134 1134 1126 1126 1123 1123 1123 1123 1126 1126 1126 1130 1126 1126 1119 1119 1119 1119 1123 1130 1130 1130 1130 1130 1130 1130 1123 1123 1119 1119 1119 1123 1123 1119 1115 1115 1115 1115 1123 1126 1126 1112 1112 1112 1115 1119 1123 1123 1115 1115 1115 1119 1101 1101 1105 1115 1115 1115 1115 1115 1112 1112 1115 1115 1126 1126 1115 1112 1112 1101 1090 1084 1073 1070 1063 1057 1047 1041 1034 1034 0 0
0 0 0 0 0 0 0 0 0 0 0 0 0 0 0 0 0 0 0 0 0 654 654 654 654 655 655 657 657 657 658 658 658 658 658 658 658 658 658 658 658 658 658 658 658 658 659 659 659 658 658 658 659 659 661 667 668 670 671 668 658 657 657 657 657 657 657 655 655 655 655 655 657 657 659 661 663 670 671 676 678 686 694 703 708 713 717 722 736 742 749 754 762 771 774 794 803 807 815 821 845 849 856 875 887 898 910 930 938 938 1063 1063 1063 1063 1067 1070 1073 1073 1077 1077 1077 1077 1077 1077 1077 1073 1073 1073 1073 1077 1080 1080 1080 1080 1080 1087 1084 1084 1087 1080 1080 1084 1084 1087 1090 1090 1087 1087 1087 1084 1084 1080 1080 1080 1084 1094 1097 1101 1087 1087 1090 1094 1094 1094 1090 1090 1094 1090 1090 1097 1094 1094 1105 1101 1097 1090 1090 1090 1094 1101 1097 1094 1094 1090 1090 1101 1105 1105 1105 1105 1105 1105 1105 1105 1105 1105 1105 1105 1105 1105 1105 1105 1105 1105 1105 1108 1101 1101 1108 1105 1105 1105 1101 1101 1094 1094 1094 1105 1115 1115 1115 1105 1105 1105 1112 1112 1108 1108 1105 1105 1105 1101 1101 1101 1105 1108 1108 1108 1105 1105 1105 1108 1112 1112 1115 1115 1115 1115 1115 1115 1115 1108 1108 1108 1108 1108 1112 1119 1119 1112 1112 1108 1108 1108 1108 1115 1112 1108 1108 1108 1101 1101 1101 1108 1108 1108 1108 1112 1108 1101 1101 1105 1105 1105 1105 1105 1108 1108 1108 1105 1097 1097 1097 1101 1108 1108 1112 1108 1101 1097 1097 1094 1094 1101 1108 1108 1108 1101 1094 1084 1077 1073 1063 1060 1050 1038 1034 1034 0 0
0 0 0 0 0 0 0 0 0 0 0 0 0 0 0 0 0 0 0 0 0 654 654 654 654 654 654 657 657 657 657 657 658 657 657 658 658 658 658 658 658 658 658 658 658 658 659 659 659 658 658 658 658 658 659 663 668 670 670 668 657 657 657 657 657 657 657 655 655 655 655 655 657 657 659 662 664 670 671 675 679 686 694 703 707 713 722 725 736 742 747 755 762 767 774 794 805 807 815 821 843 854 864 871 887 898 923 930 938 943 1054 1054 1054 1057 1060 1060 1060 1060 1063 1060 1060 1060 1060 1067 1067 1063 1063 1063 1063 1067 1073 1073 1077 1070 1070 1073 1073 1073 1073 1073 1073 1077 1073 1073 1080 1077 1077 1077 1077 1077 1077 1073 1073 1073 1077 1084 1087 1087 1080 1080 1084 1087 1087 1090 1087 1084 1084 1084 1084 1087 1087 1087 1084 1077 1077 1080 1080 1080 1080 1087 1087 1087 1084 1084 1084 1087 1090 1097 1097 1087 1087 1087 1087 1094 1097 1094 1094 1094 1094 1094 1094 1090 1084 1084 1084 1084 1087 1090 1090 1090 1094 1094 1090 1087 1087 1087 1087 1094 1090 1090 1090 1090 1094 1094 1094 1094 1094 1094 1097 1101 1101 1097 1094 1094 1094 1101 1101 1101 1097 1097 1097 1097 1101 1101 1105 1105 1108 1108 1108 1108 1101 1101 1097 1097 1097 1101 1097 1097 1101 1101 1101 1101 1101 1101 1101 1097 1094 1094 1097 1097 1097 1097 1097 1101 1101 1097 1097 1094 1090 1090 1094 1094 1094 1087 1087 1094 1097 1105 1101 1094 1090 1090 1090 1090 1087 1087 1090 1090 1090 1094 1090 1090 1090 1090 1090 1097 1105 1097 1090 1084 1077 1073 1063 1060 1054 1038 1034 1034 0 0
0 0 0 0 0 0 0 0 0 0 0 0 0 0 0 0 0 0 0 0 0 653 653 653 653 653 653 654 654 657 657 657 657 657 657 658 658 658 658 658 658 658 658 658 658 659 659 659 659 659 658 658 658 658 659 663 668 670 670 659 657 657 657 657 657 657 655 655 655 655 655 655 657 657 658 662 664 670 671 672 679 686 693 703 707 713 722 727 736 741 747 755 762 767 778 794 805 809 817 823 843 854 867 869 887 898 918 933 938 943 954 962 1041 1044 1047 1050 1054 1054 1050 1050 1050 1054 1054 1054 1054 1054 1054 1054 1054 1057 1060 1063 1067 1063 1057 1057 1060 1060 1060 1063 1063 1067 1060 1057 1057 1057 1063 1067 1070 1067 1067 1067 1070 1070 1070 1070 1067 1067 1067 1070 1070 1087 1087 1077 1077 1077 1077 1077 1077 1067 1067 1063 1063 1067 1063 1063 1063 1063 1073 1073 1073 1077 1077 1077 1080 1084 1067 1067 1067 1073 1077 1080 1080 1084 1073 1073 1077 1077 1077 1077 1077 1073 1070 1070 1073 1077 1077 1084 1084 1084 1080 1080 1084 1084 1084 1080 1080 1080 1080 1080 1080 1080 1080 1087 1087 1087 1087 1087 1090 1097 1097 1097 1090 1090 1090 1090 1094 1090 1090 1090 1090 1090 1090 1090 1097 1097 1097 1105 1105 1087 1084 1084 1084 1087 1090 1090 1090 1087 1087 1087 1097 1097 1094 1087 1087 1087 1084 1084 1084 1084 1087 1090 1090 1090 1090 1087 1087 1080 1080 1080 1077 1077 1080 1080 1080 1084 1087 1090 1090 1087 1087 1077 1077 1080 1080 1084 1077 1077 1073 1070 1070 1077 1080 1084 1084 1084 1084 1084 1084 1080 1080 1067 1060 1057 1054 1044 1034 1034 0 0
0 0 0 0 0 0 0 0 0 0 0 0 0 0 0 0 0 0 0 0 0 652 652 653 653 653 653 654 654 657 657 657 657 657 657 658 658 658 658 658 658 658 657 657 658 658 658 658 658 659 658 658 659 659 661 663 670 671 671 659 657 657 657 657 655 655 655 654 654 654 655 655 657 657 658 662 664 667 671 672 680 686 690 703 707 714 720 727 736 741 747 755 762 767 774 792 805 809 817 827 843 860 864 869 898 898 910 938 938 943 954 959 1038 1038 1038 1041 1044 1044 1038 1038 1041 1047 1047 1044 1044 1044 1044 1047 1050 1050 1047 1038 1038 1041 1041 1047 1050 1054 1054 1047 1047 1047 1050 1050 1050 1050 1054 1057 1054 1054 1057 1057 1057 1063 1063 1060 1057 1057 1057 1057 1057 1060 1063 1067 1067 1063 1057 1057 1060 1060 1060 1057 1057 1057 1057 1057 1057 1057 1060 1060 1060 1060 1063 1067 1070 1060 1060 1060 1060 1063 1063 1063 1060 1060 1060 1063 1063 1063 1060 1060 1063 1063 1063 1063 1067 1070 1070 1067 1067 1067 1067 1067 1073 1070 1070 1073 1073 1073 1073 1073 1073 1070 1070 1077 1077 1080 1077 1077 1067 1067 1070 1070 1073 1077 1077 1077 1077 1077 1077 1080 1084 1084 1080 1080 1080 1080 1080 1067 1067 1067 1070 1073 1077 1080 1084 1084 1077 1077 1080 1080 1084 1080 1080 1073 1073 1073 1070 1070 1070 1070 1073 1077 1073 1073 1080 1077 1073 1067 1067 1070 1070 1070 1070 1073 1073 1073 1063 1063 1063 1063 1067 1067 1067 1073 1073 1073 1073 1057 1057 1060 1063 1063 1070 1073 1073 1067 1063 1063 1063 1063 1073 1063 1060 1057 1050 1044 1034 1034 0 0
0 0 0 0 0 0 0 0 0 0 0 0 0 0 0 0 0 0 0 0 0 652 652 652 653 653 653 654 654 657 657 657 657 657 658 658 658 658 658 658 658 658 657 657 658 658 658 658 658 659 658 658 659 659 661 663 670 671 668 659 658 657 657 657 655 655 655 654 654 654 655 655 657 657 659 662 664 667 670 676 682 687 690 701 708 713 720 725 736 742 749 750 764 769 774 792 803 809 815 827 851 856 860 869 896 898 903 903 954 954 954 959 1025 1025 1028 1028 1028 1025 1025 1025 1028 1034 1031 1028 1028 1031 1031 1038 1038 1038 1034 1034 1038 1038 1038 1034 1034 1041 1038 1038 1041 1041 1041 1047 1038 1038 1031 1031 1034 1044 1047 1047 1041 1041 1041 1044 1044 1047 1044 1044 1044 1047 1041 1041 1044 1041 1041 1047 1047 1047 1047 1047 1044 1044 1047 1047 1047 1050 1050 1050 1050 1050 1054 1057 1060 1050 1050 1050 1050 1050 1054 1050 1050 1050 1054 1057 1057 1060 1057 1054 1054 1054 1057 1060 1063 1063 1063 1060 1060 1060 1060 1063 1063 1063 1060 1060 1060 1063 1067 1067 1060 1060 1060 1063 1063 1063 1067 1063 1060 1060 1060 1060 1063 1070 1070 1067 1067 1067 1063 1063 1063 1070 1073 1070 1057 1054 1054 1054 1060 1063 1067 1067 1070 1070 1070 1073 1070 1070 1070 1070 1073 1070 1067 1063 1063 1063 1060 1060 1060 1060 1060 1063 1060 1054 1047 1047 1050 1057 1060 1060 1063 1063 1063 1063 1060 1060 1057 1050 1050 1050 1050 1054 1057 1060 1060 1067 1047 1047 1047 1050 1054 1057 1057 1057 1060 1060 1060 1060 1060 1060 1060 1060 1057 1054 1050 1044 1034 1034 0 0
0 0 0 0 0 0 0 0 0 0 0 0 0 0 0 0 0 0 0 0 0 652 652 652 653 653 653 654 654 655 655 655 657 657 658 658 658 658 658 658 658 658 657 657 657 658 658 658 658 659 658 658 659 661 661 663 670 671 668 659 658 657 657 657 655 655 655 654 654 655 655 655 657 657 659 662 664 667 670 676 683 687 693 700 710 713 722 725 738 746 749 750 762 771 778 792 803 807 813 829 851 854 856 869 894 898 903 1004 1004 1007 1010 1016 1016 1016 1013 1010 1010 1013 1016 1019 1022 1019 1019 1025 1025 1028 1025 1022 1022 1019 1019 1022 1025 1028 1028 1022 1022 1025 1022 1022 1028 1028 1028 1028 1028 1028 1028 1028 1028 1034 1031 1031 1031 1031 1034 1038 1038 1041 1034 1031 1031 1031 1028 1028 1031 1031 1031 1034 1031 1031 1034 1025 1025 1028 1041 1038 1038 1034 1034 1034 1038 1038 1041 1041 1038 1038 1038 1041 1044 1044 1044 1041 1041 1044 1044 1047 1047 1050 1044 1044 1044 1047 1050 1050 1038 1038 1044 1044 1044 1041 1041 1047 1050 1047 1041 1041 1044 1047 1054 1054 1047 1047 1047 1047 1050 1050 1050 1047 1047 1044 1044 1050 1050 1050 1054 1060 1063 1060 1050 1050 1050 1050 1050 1050 1050 1050 1050 1050 1057 1060 1060 1057 1050 1050 1050 1047 1047 1050 1050 1047 1047 1047 1047 1047 1050 1050 1054 1054 1054 1050 1050 1050 1047 1047 1044 1044 1044 1044 1047 1047 1050 1050 1047 1047 1050 1054 1054 1047 1044 1044 1044 1044 1047 1044 1034 1034 1034 1038 1044 1047 1050 1050 1050 1050 1047 1047 1050 1050 1050 1057 1057 1060 1054 1050 1047 1044 1031 1031 0 0
0 0 0 0 0 0 0 0 0 0 0 0 0 0 0 0 0 0 0 0 0 652 652 652 652 653 653 654 654 655 655 655 657 657 657 657 657 657 657 657 658 657 657 657 657 658 658 658 658 658 658 658 659 661 662 667 670 671 670 661 658 657 655 655 655 655 655 655 655 655 655 655 657 657 661 663 664 667 670 676 683 688 693 700 710 713 717 725 738 746 749 754 762 776 776 796 803 807 811 843 847 851 856 887 887 894 898 1004 1004 1004 1004 1004 1004 1010 1004 1004 1004 1004 1007 1010 1007 1007 1004 1004 1022 1016 1013 1013 1013 1013 1013 1013 1016 1019 1016 1013 1010 1004 1004 1010 1010 1016 1016 1019 1022 1022 1019 1016 1016 1016 1016 1019 1022 1025 1028 1028 1028 1028 1025 1025 1025 1025 1025 1025 1025 1022 1022 1025 1025 1025 1025 1025 1022 1022 1022 1022 1022 1022 1022 1025 1025 1025 1022 1019 1019 1025 1025 1028 1031 1034 1031 1031 1034 1034 1034 1028 1028 1028 1028 1028 1034 1038 1034 1034 1031 1031 1034 1034 1034 1034 1034 1034 1034 1038 1038 1038 1038 1038 1038 1031 1031 1031 1038 1041 1041 1028 1028 1028 1034 1038 1038 1041 1038 1038 1038 1038 1038 1038 1038 1041 1041 1041 1041 1044 1047 1047 1047 1047 1038 1038 1044 1047 1044 1038 1038 1041 1041 1038 1038 1038 1034 1034 1038 1041 1041 1044 1044 1044 1044 1038 1031 1028 1028 1038 1041 1041 1034 1034 1034 1038 1038 1038 1034 1034 1038 1038 1038 1041 1041 1034 1034 1034 1031 1028 1028 1031 1031 1034 1038 1038 1038 1038 1038 1038 1028 1028 1031 1034 1038 1057 1057 1060 1038 1038 1038 1034 1028 1028 0 0
0 0 0 0 0 0 0 0 0 0 0 0 0 0 0 0 0 0 0 0 0 650 650 650 652 652 652 653 653 654 655 655 655 657 657 657 657 657 657 657 658 657 657 658 658 658 658 658 658 658 658 658 658 661 662 667 671 672 671 659 658 657 655 655 655 655 657 655 655 655 655 655 655 657 661 663 666 667 670 676 683 688 693 700 710 713 717 725 739 746 749 755 762 776 776 796 802 807 811 843 847 849 856 873 885 894 896 887 887 998 995 995 995 998 998 998 998 998 998 998 998 998 995 995 995 992 992 1004 1004 1007 1007 1007 1007 1004 1004 1007 1004 1004 1004 1004 1004 1007 1007 1010 1010 1010 1010 1007 1004 1004 1004 1007 1013 1019 1022 1013 1013 1013 1016 1016 1019 1019 1016 1016 1016 1013 1010 1010 1010 1016 1016 1016 1013 1013 1013 1013 1013 1016 1019 1019 1019 1019 1019 1019 1019 1016 1016 1019 1016 1016 1016 1016 1019 1019 1019 1019 1019 1019 1016 1016 1016 1016 1019 1022 1025 1028 1028 1028 1028 1031 1028 1025 1022 1022 1028 1031 1028 1025 1022 1022 1022 1025 1034 1034 1034 1022 1022 1028 1028 1031 1031 1034 1034 1034 1028 1028 1028 1025 1025 1028 1028 1028 1034 1034 1041 1041 1025 1025 1025 1025 1025 1025 1025 1025 1028 1028 1028 1031 1028 1028 1025 1025 1025 1034 1034 1038 1031 1031 1022 1022 1022 1022 1025 1022 1022 1022 1022 1022 1028 1031 1031 1028 1013 1013 1022 1022 1025 1025 1028 1031 1028 1025 1022 1022 1025 1025 1025 1028 1028 1028 1028 1028 1034 1022 1019 1019 1025 1028 1031 1057 1019 1019 1019 1028 1031 1031 1028 1028 0 0
0 0 0 0 0 0 0 0 0 0 0 0 0 0 0 0 0 0 0 0 0 650 650 650 650 652 652 653 653 653 654 654 655 657 655 655 655 655 657 657 658 658 658 658 658 658 658 658 658 658 658 658 658 659 662 668 671 672 672 659 658 657 655 655 655 657 657 655 655 655 655 655 655 657 661 663 664 667 670 676 682 688 693 703 708 711 719 723 741 744 749 755 762 774 783 796 802 809 811 843 845 847 869 869 885 891 891 887 887 887 987 987 987 989 992 992 989 987 984 984 984 987 989 987 984 984 984 984 989 998 998 998 995 995 998 998 998 1001 998 998 998 1001 998 998 998 995 995 998 998 998 998 1001 1004 1010 1007 998 998 1001 1004 1004 1010 1001 1001 1004 1007 1007 1007 1004 1004 1004 1004 1004 1007 1007 1010 1007 1007 1004 1004 1007 1007 1007 1010 1013 1001 1001 1010 1007 1007 1007 1007 1007 1007 1010 1010 1010 1004 1004 1004 1007 1010 1010 1010 1013 1013 1019 1019 1016 1016 1019 1013 1013 1013 1013 1016 1016 1016 1013 1013 1013 1016 1022 1025 1019 1016 1016 1019 1025 1025 1022 1022 1016 1016 1016 1016 1019 1022 1022 1022 1019 1019 1022 1022 1025 1025 1025 1022 1022 1022 1019 1019 1022 1022 1022 1022 1022 1019 1016 1016 1019 1022 1022 1022 1022 1025 1022 1016 1013 1013 1016 1019 1019 1016 1010 1010 1010 1010 1013 1016 1025 1016 1010 1010 1010 1013 1016 1019 1019 1019 1019 1019 1019 1016 1016 1016 1016 1016 1016 1016 1016 1016 1016 1016 1010 1010 1010 1010 1013 1004 1004 1004 1010 1016 1022 1025 1025 1025 1025 0 0
0 0 0 0 0 0 0 0 0 0 0 0 0 0 0 0 0 0 0 0 0 650 650 650 650 652 652 653 653 653 653 653 657 657 655 655 655 655 657 657 658 658 658 658 658 658 658 658 658 658 658 658 658 659 662 668 671 672 671 658 658 657 657 657 657 657 657 655 655 655 655 655 655 657 661 663 664 667 671 678 680 688 693 704 708 711 719 723 741 744 749 754 767 774 776 796 802 807 823 841 843 847 867 867 885 891 891 887 887 887 962 970 970 970 970 973 978 978 978 978 978 978 978 978 978 978 978 981 981 984 984 984 987 987 995 995 995 989 989 989 989 989 987 987 989 989 989 989 989 989 992 992 998 995 992 992 992 992 992 989 989 989 992 992 998 998 998 998 998 998 998 998 1001 1001 998 998 992 992 995 998 998 998 989 989 989 989 989 989 992 998 998 1001 1001 1001 1001 1001 1001 1001 1001 1001 1007 1007 1007 1004 1004 1004 1007 1001 995 995 995 998 1004 1004 1001 1001 1004 1007 1007 1007 1004 1004 1007 1010 1010 1004 1004 1013 1013 1013 1007 1004 1004 1007 1007 1010 1007 1004 1004 1010 1010 1013 1013 1007 1007 1010 1010 1013 1016 1013 1013 1010 1004 1004 1004 1004 1004 1007 1007 1010 1013 1013 1010 1010 1010 1010 1007 1007 1010 1010 1013 1016 1004 1004 1004 1007 1004 1004 1007 1007 1007 1004 1004 1004 1010 1010 1007 1007 1007 1007 1007 1010 1007 1007 1001 998 998 1001 1004 1007 1007 1010 1010 1004 1001 1001 998 998 998 998 998 1001 1004 1004 1007 1013 1016 1019 0 0
0 0 0 0 0 0 0 0 0 0 0 0 0 0 0 0 0 0 0 0 0 649 649 650 652 652 652 653 653 653 653 653 655 655 655 655 655 655 657 657 657 657 657 658 658 658 658 658 658 658 658 658 658 659 661 668 671 671 668 658 658 657 657 657 657 657 657 655 655 655 655 655 655 657 659 662 666 668 672 678 680 688 694 704 708 713 719 723 741 746 749 754 767 774 776 798 803 807 821 827 843 843 867 867 951 891 891 956 959 956 956 962 962 959 959 962 962 967 967 970 967 967 970 970 970 973 973 975 975 973 970 970 962 962 959 959 970 970 970 973 973 973 973 973 981 981 978 975 973 970 970 973 973 978 978 981 984 984 987 987 987 987 987 987 984 981 981 981 989 995 995 995 987 978 978 981 981 981 984 984 987 984 984 984 984 984 987 987 987 987 989 992 989 989 989 989 992 992 995 992 989 989 989 992 992 987 987 987 987 989 987 987 989 992 992 992 992 995 995 995 992 992 989 989 992 995 998 998 1013 992 992 998 998 998 998 992 992 995 998 998 1001 995 989 989 989 992 998 1004 1004 1001 992 992 992 992 995 998 998 1001 1001 1001 992 992 995 992 992 992 989 989 1004 1001 984 984 992 995 998 1001 998 998 992 992 992 992 998 1004 992 987 987 987 987 992 989 989 995 995 995 992 992 992 989 989 989 989 989 987 987 992 992 995 995 992 992 989 989 992 998 1001 1010 1019 0 0
0 0 0 0 0 0 0 0 0 0 0 0 0 0 0 0 0 0 0 0 0 648 648 649 652 652 652 653 653 653 653 653 655 655 655 655 655 655 655 655 657 657 657 658 658 658 658 658 658 658 658 658 658 659 661 668 671 671 666 659 658 657 657 658 657 657 657 655 655 655 655 655 655 657 659 662 666 670 672 676 680 688 698 704 708 716 722 725 739 746 749 754 764 773 780 798 803 813 821 827 843 851 869 869 938 946 948 954 956 951 951 951 951 954 954 954 954 954 956 956 956 956 959 959 959 959 959 956 956 962 962 959 959 954 954 954 956 956 956 954 954 954 951 951 954 948 948 956 956 959 959 956 956 959 959 959 962 959 959 981 959 959 962 962 967 962 959 959 956 956 959 959 964 967 964 964 967 967 967 967 967 975 975 978 978 978 973 973 975 975 981 981 981 981 978 978 981 981 978 978 978 978 981 984 978 975 975 978 978 981 981 981 981 981 987 987 987 987 984 984 981 981 984 984 984 984 984 984 978 978 981 987 989 989 989 984 984 987 987 989 987 987 984 984 984 987 987 987 987 987 987 987 989 989 989 995 995 992 989 987 987 987 987 987 987 984 984 984 984 975 975 978 984 989 987 987 987 984 984 984 981 981 978 978 978 981 981 981 981 984 984 984 984 984 987 984 984 987 987 987 987 984 978 978 981 984 989 987 987 987 987 987 987 987 992 992 992 992 0 0
0 0 0 0 0 0 0 0 0 0 0 0 0 0 0 0 0 0 0 0 0 648 648 649 650 652 652 652 652 652 652 652 654 655 655 655 655 655 655 655 657 657 657 657 657 657 658 658 658 658 658 658 658 659 661 668 670 671 666 659 658 657 657 657 657 657 657 655 655 655 655 655 657 657 659 662 666 668 672 676 682 688 697 703 710 717 722 725 739 746 750 755 764 771 780 798 807 815 821 825 829 851 928 928 930 928 928 928 928 928 933 933 930 930 943 933 933 933 935 935 943 940 940 935 930 930 938 938 938 940 940 943 943 946 948 954 954 954 956 948 946 940 940 943 943 943 943 943 948 951 951 951 951 954 954 954 948 948 951 951 951 954 954 954 954 954 954 954 956 954 954 954 951 948 948 948 948 956 962 962 962 959 959 964 967 964 964 964 964 954 954 956 959 962 964 964 956 954 954 956 956 962 964 964 964 964 964 962 962 962 959 959 962 964 975 975 975 973 973 973 975 975 975 975 975 975 975 975 975 973 973 978 981 978 975 975 975 978 978 981 978 978 978 978 978 981 981 981 981 981 984 984 984 984 984 978 978 978 975 975 978 978 978 981 981 981 981 973 973 970 970 973 973 973 967 967 973 975 975 973 973 973 970 970 973 975 975 973 973 973 973 975 973 970 970 973 973 975 975 975 975 967 967 967 967 973 978 975 975 978 984 981 981 975 970 970 978 978 0 0
0 0 0 0 0 0 0 0 0 0 0 0 0 0 0 0 0 0 0 0 0 648 648 649 650 652 652 652 652 652 652 652 653 654 655 655 655 655 655 655 657 657 657 657 657 657 658 658 658 658 658 658 658 659 662 668 670 671 666 659 658 657 657 657 657 657 657 655 655 655 655 655 657 657 659 662 666 668 672 678 683 688 697 703 713 719 723 727 739 746 750 757 764 771 781 798 809 815 819 823 829 854 928 928 930 928 928 928 928 928 933 933 930 930 943 933 933 933 935 935 943 940 940 935 930 930 938 938 938 940 940 943 943 946 948 954 954 954 956 948 946 940 940 943 943 943 943 943 948 951 951 951 951 954 954 954 948 948 951 951 951 954 954 954 954 954 954 954 956 954 954 954 951 948 948 948 948 956 962 962 962 959 959 964 967 964 964 964 964 954 954 956 959 962 964 964 956 954 954 956 956 962 964 964 964 964 964 962 962 962 959 959 962 964 967 967 964 962 962 964 964 967 967 967 967 967 967 967 967 967 967 970 975 973 967 967 970 973 973 973 973 973 973 973 973 973 975 975 975 973 967 967 967 967 970 970 967 967 967 967 975 973 970 967 967 967 970 967 964 964 964 964 964 959 959 962 959 959 962 962 962 962 964 964 964 964 954 954 956 956 956 962 962 967 967 964 964 962 959 959 962 959 959 956 956 962 970 970 973 962 962 962 962 964 964 964 964 975 0 0
0 0 0 0 0 0 0 0 0 0 0 0 0 0 0 0 0 0 0 0 0 648 648 649 650 652 652 652 652 652 652 652 653 654 655 655 655 655 655 655 657 657 657 657 657 657 658 658 658 658 658 658 658 659 662 668 670 671 668 663 658 657 657 657 657 657 657 655 655 655 655 655 657 658 661 663 666 668 672 679 683 688 697 703 714 719 723 727 739 746 750 759 764 771 790 798 809 815 819 823 829 0 0 0 0 0 0 0 0 0 0 0 0 0 0 0 0 0 0 0 0 0 0 0 0 0 0 0 0 0 0 0 0 0 0 0 0 0 0 0 0 0 0 0 0 0 0 0 0 0 0 0 0 0 0 0 0 0 0 0 0 0 0 0 0 0 0 0 0 0 0 0 0 0 0 0 0 0 0 0 0 0 0 0 0 0 0 0 0 0 0 0 0 0 0 0 0 0 0 0 0 0 0 0 0 0 0 0 0 0 0 0 967 967 967 967 964 962 962 964 964 967 967 967 967 967 967 967 967 967 967 970 975 973 967 967 970 973 973 973 973 973 973 973 973 973 975 975 975 973 967 967 967 967 970 970 967 967 967 967 975 973 970 967 967 967 970 967 964 964 964 964 964 959 959 962 959 959 962 962 962 962 964 964 964 964 954 954 956 956 956 962 962 967 967 964 964 962 959 959 962 959 959 956 956 962 970 970 973 962 962 962 962 964 964 964 964 975 0 0
0 0 0 0 0 0 0 0 0 0 0 0 0 0 0 0 0 0 0 0 0 0 0 0 0 0 0 0 0 0 0 0 0 0 0 0 0 0 0 0 0 0 0 0 0 0 0 0 0 0 0 0 0 0 0 0 0 0 0 0 0 0 0 0 0 0 0 0 0 0 0 0 0 0 0 0 0 0 0 0 0 0 0 0 0 0 0 0 0 0 0 0 0 0 0 0 0 0 0 0 0 0 0 0 0 0 0 0 0 0 0 0 0 0 0 0 0 0 0 0 0 0 0 0 0 0 0 0 0 0 0 0 0 0 0 0 0 0 0 0 0 0 0 0 0 0 0 0 0 0 0 0 0 0 0 0 0 0 0 0 0 0 0 0 0 0 0 0 0 0 0 0 0 0 0 0 0 0 0 0 0 0 0 0 0 0 0 0 0 0 0 0 0 0 0 0 0 0 0 0 0 0 0 0 0 0 0 0 0 0 0 0 0 0 0 0 0 0 0 0 0 0 0 0 0 0 0 0 0 0 0 0 0 0 0 0 0 0 0 0 0 0 0 0 0 0 0 0 0 0 0 0 0 0 0 0 0 0 0 0 0 0 0 0 0 0 0 0 0 0 0 0 0 0 0 0 0 0 0 0 0 0 0 0 0 0 0 0 0 0 0 0 0 0 0 0 0 0 0 0 0 0 0 0 0 0 0 0 0 0 0 0 0 0 0 0 0 0 0 0
0 0 0 0 0 0 0 0 0 0 0 0 0 0 0 0 0 0 0 0 0 0 0 0 0 0 0 0 0 0 0 0 0 0 0 0 0 0 0 0 0 0 0 0 0 0 0 0 0 0 0 0 0 0 0 0 0 0 0 0 0 0 0 0 0 0 0 0 0 0 0 0 0 0 0 0 0 0 0 0 0 0 0 0 0 0 0 0 0 0 0 0 0 0 0 0 0 0 0 0 0 0 0 0 0 0 0 0 0 0 0 0 0 0 0 0 0 0 0 0 0 0 0 0 0 0 0 0 0 0 0 0 0 0 0 0 0 0 0 0 0 0 0 0 0 0 0 0 0 0 0 0 0 0 0 0 0 0 0 0 0 0 0 0 0 0 0 0 0 0 0 0 0 0 0 0 0 0 0 0 0 0 0 0 0 0 0 0 0 0 0 0 0 0 0 0 0 0 0 0 0 0 0 0 0 0 0 0 0 0 0 0 0 0 0 0 0 0 0 0 0 0 0 0 0 0 0 0 0 0 0 0 0 0 0 0 0 0 0 0 0 0 0 0 0 0 0 0 0 0 0 0 0 0 0 0 0 0 0 0 0 0 0 0 0 0 0 0 0 0 0 0 0 0 0 0 0 0 0 0 0 0 0 0 0 0 0 0 0 0 0 0 0 0 0 0 0 0 0 0 0 0 0 0 0 0 0 0 0 0 0 0 0 0 0 0 0 0 0 0
0 0 0 0 0 0 0 0 0 0 0 0 0 0 0 0 0 0 0 0 0 0 0 0 0 0 0 0 0 0 0 0 0 0 0 0 0 0 0 0 0 0 0 0 0 0 0 0 0 0 0 0 0 0 0 0 0 0 0 0 0 0 0 0 0 0 0 0 0 0 0 0 0 0 0 0 0 0 0 0 0 0 0 0 0 0 0 0 0 0 0 0 0 0 0 0 0 0 0 0 0 0 0 0 0 0 0 0 0 0 0 0 0 0 0 0 0 0 0 0 0 0 0 0 0 0 0 0 0 0 0 0 0 0 0 0 0 0 0 0 0 0 0 0 0 0 0 0 0 0 0 0 0 0 0 0 0 0 0 0 0 0 0 0 0 0 0 0 0 0 0 0 0 0 0 0 0 0 0 0 0 0 0 0 0 0 0 0 0 0 0 0 0 0 0 0 0 0 0 0 0 0 0 0 0 0 0 0 0 0 0 0 0 0 0 0 0 0 0 0 0 0 0 0 0 0 0 0 0 0 0 0 0 0 0 0 0 0 0 0 0 0 0 0 0 0 0 0 0 0 0 0 0 0 0 0 0 0 0 0 0 0 0 0 0 0 0 0 0 0 0 0 0 0 0 0 0 0 0 0 0 0 0 0 0 0 0 0 0 0 0 0 0 0 0 0 0 0 0 0 0 0 0 0 0 0 0 0 0 0 0 0 0 0 0 0 0 0 0 0
0 0 0 0 0 0 0 0 0 0 0 0 0 0 0 0 0 0 0 0 0 0 0 0 0 0 0 0 0 0 0 0 0 0 0 0 0 0 0 0 0 0 0 0 0 0 0 0 0 0 0 0 0 0 0 0 0 0 0 0 0 0 0 0 0 0 0 0 0 0 0 0 0 0 0 0 0 0 0 0 0 0 0 0 0 0 0 0 0 0 0 0 0 0 0 0 0 0 0 0 0 0 0 0 0 0 0 0 0 0 0 0 0 0 0 0 0 0 0 0 0 0 0 0 0 0 0 0 0 0 0 0 0 0 0 0 0 0 0 0 0 0 0 0 0 0 0 0 0 0 0 0 0 0 0 0 0 0 0 0 0 0 0 0 0 0 0 0 0 0 0 0 0 0 0 0 0 0 0 0 0 0 0 0 0 0 0 0 0 0 0 0 0 0 0 0 0 0 0 0 0 0 0 0 0 0 0 0 0 0 0 0 0 0 0 0 0 0 0 0 0 0 0 0 0 0 0 0 0 0 0 0 0 0 0 0 0 0 0 0 0 0 0 0 0 0 0 0 0 0 0 0 0 0 0 0 0 0 0 0 0 0 0 0 0 0 0 0 0 0 0 0 0 0 0 0 0 0 0 0 0 0 0 0 0 0 0 0 0 0 0 0 0 0 0 0 0 0 0 0 0 0 0 0 0 0 0 0 0 0 0 0 0 0 0 0 0 0 0 0
0 0 0 0 0 0 0 0 0 0 0 0 0 0 0 0 0 0 0 0 0 0 0 0 0 0 0 0 0 0 0 0 0 0 0 0 0 0 0 0 0 0 0 0 0 0 0 0 0 0 0 0 0 0 0 0 0 0 0 0 0 0 0 0 0 0 0 0 0 0 0 0 0 0 0 0 0 0 0 0 0 0 0 0 0 0 0 0 0 0 0 0 0 0 0 0 0 0 0 0 0 0 0 0 0 0 0 0 0 0 0 0 0 0 0 0 0 0 0 0 0 0 0 0 0 0 0 0 0 0 0 0 0 0 0 0 0 0 0 0 0 0 0 0 0 0 0 0 0 0 0 0 0 0 0 0 0 0 0 0 0 0 0 0 0 0 0 0 0 0 0 0 0 0 0 0 0 0 0 0 0 0 0 0 0 0 0 0 0 0 0 0 0 0 0 0 0 0 0 0 0 0 0 0 0 0 0 0 0 0 0 0 0 0 0 0 0 0 0 0 0 0 0 0 0 0 0 0 0 0 0 0 0 0 0 0 0 0 0 0 0 0 0 0 0 0 0 0 0 0 0 0 0 0 0 0 0 0 0 0 0 0 0 0 0 0 0 0 0 0 0 0 0 0 0 0 0 0 0 0 0 0 0 0 0 0 0 0 0 0 0 0 0 0 0 0 0 0 0 0 0 0 0 0 0 0 0 0 0 0 0 0 0 0 0 0 0 0 0 0
0 0 0 0 0 0 0 0 0 0 0 0 0 0 0 0 0 0 0 0 0 0 0 0 0 0 0 0 0 0 0 0 0 0 0 0 0 0 0 0 0 0 0 0 0 0 0 0 0 0 0 0 0 0 0 0 0 0 0 0 0 0 0 0 0 0 0 0 0 0 0 0 0 0 0 0 0 0 0 0 0 0 0 0 0 0 0 0 0 0 0 0 0 0 0 0 0 0 0 0 0 0 0 0 0 0 0 0 0 0 0 0 0 0 0 0 0 0 0 0 0 0 0 0 0 0 0 0 0 0 0 0 0 0 0 0 0 0 0 0 0 0 0 0 0 0 0 0 0 0 0 0 0 0 0 0 0 0 0 0 0 0 0 0 0 0 0 0 0 0 0 0 0 0 0 0 0 0 0 0 0 0 0 0 0 0 0 0 0 0 0 0 0 0 0 0 0 0 0 0 0 0 0 0 0 0 0 0 0 0 0 0 0 0 0 0 0 0 0 0 0 0 0 0 0 0 0 0 0 0 0 0 0 0 0 0 0 0 0 0 0 0 0 0 0 0 0 0 0 0 0 0 0 0 0 0 0 0 0 0 0 0 0 0 0 0 0 0 0 0 0 0 0 0 0 0 0 0 0 0 0 0 0 0 0 0 0 0 0 0 0 0 0 0 0 0 0 0 0 0 0 0 0 0 0 0 0 0 0 0 0 0 0 0 0 0 0 0 0 0
