0 0 0 0 0 0 0 0 0 0 0 0 0 0 0 0 0 0 0 0 0 0 0 0 0 0 0 0 0 0 0 0 0 0 0 0 0 0 0 0 0 0 0 0 0 0 0 0 0 0 0 0 0 0 0 0 0 0 0 0 0 0 0 0 0 0 0 0 0 0 0 0 0 0 0 0 0 0 0 0 0 0 0 0 0 0 0 0 0 0 0 0 0 0 0 0 0 0 0 0 0 0 0 0 0 0 0 0 0 0 0 0 0 0 0 0 0 0 0 0 0 0 0 0 0 0 0 0 0 0 0 0 0 0 0 0 0 0 0 0 0 0 0 0 0 0 0 0 0 0 0 0 0 0 0 0 0 0 0 0 0 0 0 0 0 0 0 0 0 0 0 0 0 0 0 0 0 0 0 0 0 0 0 0 0 0 0 0 0 0 0 0 0 0 0 0 0 0 0 0 0 0 0 0 0 0 0 0 0 0 0 0 0 0 0 0 0 0 0 0 0 0 0 0 0 0 0 0 0 0 0 0 0 0 0 0 0 0 0 0 0 0 0 0 0 0 0 0 0 0 0 0 0 0 0 0 0 0 0 0 0 0 0 0 0 0 0 0 0 0 0 0 0 0 0 0 0 0 0 0 0 0 0 0 0 0 0 0 0 0 0 0 0 0 0 0 0 0 0 0 0 0 0 0 0 0 0 0 0 0 0 0 0 0 0 0 0 0 0 0
0 0 0 0 0 0 0 0 0 0 0 0 0 0 0 0 0 0 0 0 0 0 0 0 0 0 0 0 0 0 0 0 0 0 0 0 0 0 0 0 0 0 0 0 0 0 0 0 0 0 0 0 0 0 0 0 0 0 0 0 0 0 0 0 0 0 0 0 0 0 0 0 0 0 0 0 0 0 0 0 0 0 0 0 0 0 0 0 0 0 0 0 0 0 0 0 0 0 0 0 0 0 0 0 0 0 0 0 0 0 0 0 0 0 0 0 0 0 0 0 0 0 0 0 0 0 0 0 0 0 0 0 0 0 0 0 0 0 0 0 0 0 0 0 0 0 0 0 0 0 0 0 0 0 0 0 0 0 0 0 0 0 0 0 0 0 0 0 0 0 0 0 0 0 0 0 0 0 0 0 0 0 0 0 0 0 0 0 0 0 0 0 0 0 0 0 0 0 0 0 0 0 0 0 0 0 0 0 0 0 0 0 0 0 0 0 0 0 0 0 0 0 0 0 0 0 0 0 0 0 0 0 0 0 0 0 0 0 0 0 0 0 0 0 0 0 0 0 0 0 0 0 0 0 0 0 0 0 0 0 0 0 0 0 0 0 0 0 0 0 0 0 0 0 0 0 0 0 0 0 0 0 0 0 0 0 0 0 0 0 0 0 0 0 0 0 0 0 0 0 0 0 0 0 0 0 0 0 0 0 0 0 0 0 0 0 0 0 0 0
0 0 0 0 0 0 0 0 0 0 0 0 0 0 0 0 0 0 0 0 0 0 0 0 0 0 0 0 0 0 0 0 0 0 0 0 0 0 0 0 0 0 0 0 0 0 0 0 0 0 0 0 0 0 0 0 0 0 0 0 0 0 0 0 0 0 0 0 0 0 0 0 0 0 0 0 0 0 0 0 0 0 0 0 0 0 0 0 0 0 0 0 0 0 0 0 0 0 0 0 0 0 0 0 0 0 0 0 0 0 0 0 0 0 0 0 0 0 0 0 0 0 0 0 0 0 0 0 0 0 0 0 0 0 0 0 0 0 0 0 0 0 0 0 0 0 0 0 0 0 0 0 0 0 0 0 0 0 0 0 0 0 0 0 0 0 0 0 0 0 0 0 0 0 0 0 0 0 0 0 0 0 0 0 0 0 0 0 0 0 0 0 0 0 0 0 0 0 0 0 0 0 0 0 0 0 0 0 0 0 0 0 0 0 0 0 0 0 0 0 0 0 0 0 0 0 0 0 0 0 0 0 0 0 0 0 0 0 0 0 0 0 0 0 0 0 0 0 0 0 0 0 0 0 0 0 0 0 0 0 0 0 0 0 0 0 0 0 0 0 0 0 0 0 0 0 0 0 0 0 0 0 0 0 0 0 0 0 0 0 0 0 0 0 0 0 0 0 0 0 0 0 0 0 0 0 0 0 0 0 0 0 0 0 0 0 0 0 0 0
0 0 0 0 0 0 0 0 0 0 0 0 0 0 0 0 0 0 0 0 0 0 0 0 0 0 0 0 0 0 0 0 0 0 0 0 0 0 0 0 0 0 0 0 0 0 0 0 0 0 0 0 0 0 0 0 0 0 0 0 0 0 0 0 0 0 0 0 0 0 0 0 0 0 0 0 0 0 0 0 0 0 0 0 0 0 0 0 0 0 0 0 0 0 0 0 0 0 0 0 0 0 0 0 0 0 0 0 0 0 0 0 0 0 0 0 0 0 0 0 0 0 0 0 0 0 0 0 0 0 0 0 0 0 0 0 0 0 0 0 0 0 0 0 0 0 0 0 0 0 0 0 0 0 0 0 0 0 0 0 0 0 0 0 0 0 0 0 0 0 0 0 0 0 0 0 0 0 0 0 0 0 0 0 0 0 0 0 0 0 0 0 0 0 0 0 0 0 0 0 0 0 0 0 0 0 0 0 0 0 0 0 0 0 0 0 0 0 0 0 0 0 0 0 0 0 0 0 0 0 0 0 0 0 0 0 0 0 0 0 0 0 0 0 0 0 0 0 0 0 0 0 0 0 0 0 0 0 0 0 0 0 0 0 0 0 0 0 0 0 0 0 0 0 0 0 0 0 0 0 0 0 0 0 0 0 0 0 0 0 0 0 0 0 0 0 0 0 0 0 0 0 0 0 0 0 0 0 0 0 0 0 0 0 0 0 0 0 0 0
0 0 0 0 0 0 0 0 0 0 0 0 0 0 0 0 0 0 0 0 0 0 0 0 0 0 0 0 0 0 0 0 0 0 0 0 0 0 0 0 0 0 0 0 0 0 0 0 0 0 0 0 0 0 0 0 0 0 0 0 0 0 0 0 0 0 0 0 0 0 0 0 0 0 0 0 0 0 0 0 0 0 0 0 0 0 0 0 0 0 0 0 0 0 0 0 0 0 0 0 0 0 0 0 0 0 0 0 0 0 0 0 0 0 0 0 0 0 0 0 0 0 0 0 0 0 0 0 0 0 0 0 0 0 0 0 0 0 0 0 0 0 0 0 0 0 0 0 0 0 0 0 0 0 0 0 0 0 0 0 0 0 0 0 0 0 0 0 0 0 0 0 0 0 0 0 0 0 0 0 0 0 0 0 0 0 0 0 0 0 0 0 0 0 0 0 0 0 0 0 0 0 0 0 0 0 0 0 0 0 0 0 0 0 0 0 0 0 0 0 0 0 0 0 0 0 0 0 0 0 0 0 0 0 0 0 0 0 0 0 0 0 0 0 0 0 0 0 0 0 0 0 0 0 0 0 0 0 0 0 0 0 0 0 0 0 0 0 0 0 0 0 0 0 0 0 0 0 0 0 0 0 0 0 0 0 0 0 0 0 0 0 0 0 0 0 0 0 0 0 0 0 0 0 0 0 0 0 0 0 0 0 0 0 0 0 0 0 0 0
0 0 0 0 0 0 0 0 0 0 0 0 2485 2485 2503 2522 2522 2541 2579 2598 2618 2639 2639 2659 2680 2680 2680 2701 2701 2701 2723 2723 2723 2744 2744 2744 2744 2767 2767 2789 2789 2789 2789 2789 2812 2835 2835 2835 2835 2859 2859 2859 2859 2883 2883 2908 2908 2908 2933 2958 2958 2958 2958 2958 3010 3010 3037 3037 3037 3064 3064 3092 3092 3092 3092 3092 3120 3149 3178 3178 3178 3178 3208 3208 3238 3238 3269 3269 3300 3300 3300 3333 3365 3365 3399 3399 3433 3399 3365 3269 3238 3238 3238 3238 3238 3238 3238 3238 3238 3238 3238 3238 3238 3208 3208 3208 3178 3178 3178 3178 3178 3149 3149 3149 3149 3149 3149 3149 3149 3149 3120 3120 3120 3120 3120 3120 3120 3120 3120 3120 3092 3092 3064 3064 3064 3064 3064 3064 3037 3037 3037 3037 0 0 4708 4708 4708 4774 4774 4774 4774 4774 4774 4842 4911 4983 4983 4983 5056 5056 5132 5132 5132 5132 5132 5132 5132 5056 5056 5056 5056 5132 5132 5210 5210 5210 5132 5056 5056 4983 4983 4983 4983 5056 5056 5056 5132 5056 5056 5056 5056 5210 5132 5132 5132 5132 5210 5210 5132 5132 5056 4983 4911 4911 4911 4911 4983 4911 4842 4842 4774 4774 2618 2618 2618 2618 2618 2618 2639 2659 2680 2680 2767 2812 2835 2859 2883 2958 2958 2933 2908 2883 2883 2933 2958 2958 2958 2958 2958 2933 2933 2933 2933 2933 2908 2883 2835 2835 2859 2835 2812 2767 2723 2723 2744 2744 2744 2744 2744 2701 2701 2701 2701 2701 2723 2723 2701 2680 2680 2680 2701 2744 2767 2789 2789 2789 2767 2767 2744 2744 2744 2723 2723 2701 2701 2701 2701 2701 2680 2680 2680 2701 2723 2723 2701 2680 2680 2680 2659 2659 2701 2744 2767 0 0 0 0 0 0 0
0 0 0 0 0 0 0 0 0 0 0 0 2467 2467 2485 2522 2522 2541 2579 2598 2618 2639 2639 2639 2659 2680 2680 2701 2701 2701 2723 2723 2723 2744 2744 2744 2744 2767 2767 2767 2767 2767 2789 2789 2789 2812 2812 2835 2835 2859 2859 2859 2859 2883 2883 2908 2908 2908 2933 2958 2958 2958 2958 2958 3010 3010 3037 3037 3037 3064 3064 3092 3092 3092 3092 3092 3120 3149 3178 3178 3178 3178 3208 3208 3238 3238 3269 3269 3300 3300 3300 3333 3365 3365 3399 3399 3433 3365 3300 3238 3238 3238 3238 3238 3238 3238 3238 3238 3238 3238 3238 3238 3238 3208 3208 3208 3178 3178 3178 3178 3178 3149 3149 3149 3149 3149 3149 3149 3149 3149 3120 3120 3120 3120 3120 3120 3120 3120 3120 3120 3092 3092 3064 3064 3064 3064 3064 3064 3037 3037 3037 3037 0 0 4708 4708 4708 4708 4774 4774 4774 4774 4774 4842 4911 4983 4983 4983 5056 5056 5132 5132 5132 5132 5132 5132 5132 5056 5056 5056 5056 5132 5132 5210 5210 5210 5132 5056 5056 4983 4983 4983 4983 5056 5056 5056 5132 5056 5056 5056 5056 5056 5132 5132 5132 5132 5210 5210 5132 5132 5056 4983 4911 4911 4911 4911 4983 4911 4842 4842 4774 4774 2618 2618 2618 2618 2618 2618 2639 2659 2659 2680 2767 2812 2835 2859 2883 2958 2933 2933 2908 2883 2883 2933 2958 2958 2958 2958 2958 2933 2933 2933 2933 2933 2883 2859 2835 2812 2812 2812 2812 2767 2723 2723 2744 2744 2744 2723 2723 2701 2701 2701 2701 2701 2723 2723 2701 2680 2680 2680 2701 2744 2767 2789 2789 2767 2767 2744 2744 2723 2723 2723 2723 2701 2701 2701 2701 2680 2680 2680 2680 2701 2701 2723 2701 2680 2680 2680 2659 2659 2701 2744 2767 0 0 0 0 0 0 0
0 0 0 0 0 0 0 0 0 0 0 0 2467 2467 2485 2522 2522 2541 2579 2598 2618 2639 2639 2639 2659 2680 2680 2680 2701 2701 2701 2723 2723 2744 2744 2744 2744 2767 2767 2767 2767 2767 2789 2789 2789 2812 2812 2835 2859 2859 2859 2859 2859 2883 2883 2908 2908 2908 2933 2933 2958 2958 2958 2958 3010 3037 3037 3037 3037 3064 3064 3092 3092 3092 3092 3092 3120 3149 3178 3178 3178 3178 3208 3238 3238 3238 3269 3300 3300 3300 3300 3365 3365 3365 3399 3399 3433 3333 3269 3238 3238 3238 3238 3238 3238 3238 3238 3238 3238 3238 3238 3238 3238 3238 3208 3208 3208 3208 3208 3208 3208 3178 3178 3149 3149 3149 3149 3149 3149 3149 3120 3120 3120 3120 3120 3120 3120 3120 3120 3120 3092 3092 3064 3064 3064 3064 3064 3064 3037 3037 3037 3037 3037 4774 4708 4708 4708 4708 4774 4774 4774 4774 4774 4842 4911 4911 5056 5056 5132 5132 5210 5210 5132 5132 5132 5132 5132 5132 5132 5132 5132 5132 5132 5210 5210 5210 5132 5132 5132 4983 4983 5056 5056 5056 5132 5132 5132 5132 5132 5132 5056 5056 5132 5132 5132 5132 5210 5210 5132 5132 5132 5056 4983 4911 4911 4983 4983 4911 4842 4842 4842 4842 4842 4842 2618 2618 2618 2618 2639 2659 2659 2680 2789 2812 2859 2859 2883 2958 2933 2933 2908 2883 2883 2933 2958 2984 2984 2958 2958 2958 2933 2933 2933 2883 2859 2812 2812 2812 2812 2812 2812 2767 2767 2767 2767 2767 2723 2723 2723 2723 2701 2701 2701 2701 2701 2701 2701 2659 2659 2680 2701 2744 2767 2789 2789 2767 2744 2744 2744 2723 2723 2723 2701 2701 2701 2701 2701 2680 2680 2680 2680 2701 2701 2723 2723 2701 2701 2701 2680 2680 2701 2701 2744 0 0 0 0 0 0 0
0 0 0 0 0 0 0 0 0 0 0 0 2467 2467 2503 2522 2541 2541 2579 2598 2618 2639 2639 2659 2680 2680 2680 2680 2701 2701 2701 2744 2744 2744 2744 2723 2723 2744 2744 2767 2767 2767 2789 2789 2789 2812 2835 2835 2859 2859 2859 2859 2859 2883 2883 2883 2883 2908 2933 2933 2933 2933 2958 2958 3010 3010 3037 3037 3037 3064 3064 3064 3064 3064 3092 3092 3149 3149 3178 3178 3178 3178 3208 3238 3238 3269 3269 3300 3300 3300 3300 3365 3399 3399 3399 3399 3433 3333 3269 3238 3238 3269 3269 3269 3269 3238 3238 3238 3238 3238 3238 3238 3238 3208 3208 3208 3178 3178 3208 3178 3178 3178 3178 3149 3149 3149 3149 3149 3178 3149 3120 3120 3120 3120 3149 3120 3120 3120 3120 3120 3092 3092 3064 3064 3064 3064 3064 3064 3064 3037 3037 3037 4708 4708 4774 4774 4842 4842 4842 4842 4842 4842 4842 4911 4911 4911 5056 5056 5132 5210 5210 5291 5210 5210 5210 5210 5210 5210 5210 5132 5132 5132 5132 5210 5210 5210 5210 5210 5210 5132 5056 5056 5132 5132 5210 5210 5210 5210 5132 5132 5132 5132 5210 5210 5210 5210 5210 5210 5210 5210 5291 5132 5132 4983 4983 5132 4983 4983 4911 4911 4911 4911 4911 4911 2659 2659 2639 2639 2659 2659 2680 2767 2789 2812 2835 2859 2883 2933 2933 2933 2908 2883 2883 2933 2958 2984 2984 2958 2958 2958 2933 2933 2908 2859 2835 2812 2812 2812 2812 2789 2789 2767 2767 2767 2767 2767 2723 2723 2723 2723 2723 2701 2701 2701 2701 2680 2680 2639 2639 2659 2701 2744 2767 2789 2789 2767 2744 2744 2744 2723 2723 2723 2680 2680 2680 2701 2723 2744 2701 2701 2701 2680 2680 2701 2701 2701 2701 2701 2680 2680 2701 2701 2723 0 0 0 0 0 0 0
0 0 0 0 0 0 0 0 0 0 0 0 2485 2485 2503 2522 2541 2560 2579 2598 2618 2639 2639 2659 2680 2680 2680 2701 2701 2701 2701 2744 2744 2744 2744 2723 2723 2744 2744 2767 2767 2767 2767 2767 2767 2835 2835 2859 2859 2859 2859 2859 2859 2883 2883 2883 2883 2908 2908 2933 2933 2933 2958 2958 3010 3010 3037 3037 3064 3064 3064 3064 3064 3064 3092 3120 3149 3149 3178 3178 3178 3178 3208 3238 3269 3269 3269 3300 3300 3300 3300 3365 3399 3399 3399 3399 3433 3365 3300 3269 3269 3269 3269 3269 3269 3238 3238 3238 3238 3238 3238 3238 3238 3208 3208 3208 3178 3178 3208 3178 3178 3208 3178 3178 3149 3149 3149 3149 3149 3149 3120 3120 3120 3120 3149 3149 3149 3120 3120 3120 3092 3092 3092 3064 3064 3064 3064 3064 3037 3037 3037 2958 2958 4708 4708 4708 4842 4842 4911 4842 4842 4842 4842 4911 4983 4983 5056 5056 5132 5210 5210 5291 5210 5210 5210 5210 5291 5291 5210 5210 5132 5132 5210 5210 5210 5210 5210 5210 5210 5210 5210 5132 5132 5210 5210 5210 5291 5291 5291 5210 5210 5210 5291 5210 5210 5210 5210 5210 5291 5291 5291 5132 5132 5132 5132 5132 5056 5056 5056 4983 4983 4983 5056 5056 2659 2659 2639 2639 2659 2680 2744 2789 2812 2812 2835 2859 2883 2933 2908 2908 2883 2883 2883 2958 2958 2984 2958 2933 2933 2908 2908 2908 2883 2859 2835 2812 2812 2812 2789 2767 2767 2767 2767 2789 2789 2744 2723 2723 2723 2701 2701 2680 2680 2680 2680 2659 2659 2639 2639 2659 2701 2744 2767 2789 2789 2767 2744 2744 2744 2723 2701 2701 2680 2680 2680 2701 2723 2744 2701 2701 2701 2680 2680 2680 2680 2680 2680 2701 2701 2701 2680 2680 2680 0 0 0 0 0 0 0
0 0 0 0 0 0 0 0 0 0 0 0 2485 2485 2503 2522 2541 2560 2598 2598 2639 2639 2659 2659 2680 2680 2701 2701 2701 2701 2701 2744 2744 2767 2767 2744 2744 2744 2744 2767 2767 2767 2767 2767 2767 2835 2835 2859 2859 2859 2859 2883 2883 2883 2883 2883 2908 2908 2908 2933 2933 2933 2958 2958 3010 3010 3037 3037 3064 3064 3064 3064 3064 3064 3092 3120 3149 3149 3178 3178 3178 3208 3208 3238 3238 3269 3269 3300 3333 3333 3333 3365 3399 3399 3399 3399 3433 3365 3333 3300 3269 3269 3269 3269 3269 3269 3238 3238 3238 3238 3238 3238 3238 3238 3238 3238 3178 3178 3208 3208 3208 3208 3178 3178 3149 3149 3149 3149 3149 3149 3120 3120 3120 3120 3149 3149 3149 3120 3120 3120 3092 3092 3092 3092 3092 3064 3064 3064 3037 3037 3037 2958 2958 4708 4708 4708 4842 4842 4911 4842 4842 4842 4842 4911 4983 4983 4983 5056 5132 5210 5210 5210 5291 5291 5291 5291 5291 5374 5374 5210 5210 5210 5374 5374 5374 5291 5291 5291 5291 5291 5291 5210 5210 5210 5210 5210 5291 5374 5374 5291 5291 5291 5291 5291 5210 5210 5291 5291 5291 5291 5291 5291 5210 5132 5132 5210 5132 5132 5132 5056 5056 5056 2579 2579 2579 2659 2659 2659 2680 2680 2723 2767 2812 2835 2859 2859 2883 2933 2908 2908 2883 2883 2883 2958 2958 2958 2908 2883 2883 2883 2883 2883 2883 2859 2835 2835 2835 2812 2789 2767 2767 2767 2767 2789 2767 2744 2701 2701 2701 2701 2701 2680 2680 2680 2680 2659 2659 2659 2659 2680 2701 2767 2789 2789 2789 2767 2744 2744 2744 2744 2701 2701 2680 2659 2659 2701 2701 2701 2680 2680 2701 2701 2680 2680 2680 2680 2680 2701 2680 2680 2680 2680 2680 0 0 0 0 0 0 0
0 0 0 0 0 0 0 0 0 0 0 0 2503 2503 2522 2541 2541 2579 2598 2618 2639 2639 2659 2680 2680 2701 2701 2701 2701 2701 2723 2744 2744 2767 2767 2744 2744 2744 2767 2767 2767 2767 2767 2767 2767 2835 2835 2859 2859 2859 2859 2883 2883 2883 2883 2883 2908 2908 2933 2933 2933 2933 2958 3010 3010 3010 3037 3037 3037 3064 3064 3064 3064 3092 3120 3149 3149 3149 3178 3178 3178 3208 3208 3208 3238 3238 3269 3300 3300 3333 3333 3365 3399 3399 3433 3433 3433 3365 3365 3333 3300 3269 3269 3269 3269 3269 3269 3238 3238 3238 3238 3238 3238 3208 3208 3208 3178 3178 3208 3208 3208 3208 3178 3149 3149 3149 3149 3178 3149 3149 3120 3120 3120 3120 3120 3120 3120 3120 3120 3120 3120 3092 3092 3092 3092 3092 3064 3064 3037 3037 3037 3064 3064 4708 4708 4774 4842 4842 4842 4842 4842 4842 4842 4911 4983 4983 4983 5056 5132 5210 5210 5210 5291 5374 5374 5374 5374 5460 5460 5460 5460 5460 5460 5460 5374 5374 5374 5291 5291 5291 5291 5374 5291 5291 5374 5374 5374 5460 5460 5374 5374 5374 5374 5374 5291 5291 5291 5291 5291 5374 5374 5374 5374 5291 5291 5291 5210 5210 5132 5132 5132 5132 2579 2579 2598 2639 2659 2680 2680 2723 2723 2767 2812 2835 2859 2883 2883 2933 2908 2908 2883 2883 2883 2933 2958 2933 2883 2883 2859 2859 2883 2883 2859 2859 2859 2835 2835 2812 2789 2767 2767 2767 2767 2767 2767 2767 2701 2701 2701 2701 2680 2659 2659 2659 2680 2680 2659 2659 2659 2680 2701 2744 2767 2789 2789 2767 2767 2767 2744 2744 2701 2701 2680 2659 2659 2701 2701 2701 2680 2680 2723 2701 2701 2701 2701 2680 2680 2701 2680 2680 2659 2659 2680 2680 0 0 0 0 0 0
0 0 0 0 0 0 0 0 0 0 0 0 2503 2503 2522 2541 2541 2579 2598 2618 2639 2639 2659 2680 2680 2701 2701 2701 2723 2723 2723 2744 2744 2767 2767 2744 2744 2767 2767 2767 2767 2767 2767 2767 2789 2812 2835 2859 2859 2883 2883 2883 2883 2883 2883 2883 2908 2908 2933 2933 2933 2958 2958 3010 3010 3010 3037 3037 3037 3064 3064 3064 3092 3120 3120 3149 3149 3149 3178 3178 3208 3208 3208 3208 3238 3238 3269 3300 3300 3333 3333 3365 3399 3399 3399 3433 3433 3399 3365 3300 3300 3269 3238 3238 3269 3269 3269 3269 3238 3238 3238 3238 3208 3208 3208 3208 3178 3178 3208 3208 3208 3208 3178 3149 3149 3149 3149 3178 3149 3149 3149 3120 3120 3120 3120 3120 3120 3120 3120 3120 3120 3120 3120 3120 3092 3092 3092 3064 3064 3037 3037 3064 3064 4842 4842 4842 4842 4842 4842 4842 4842 4842 4842 4911 4911 4911 4911 4983 5132 5210 5210 5210 5291 5374 5374 5460 5460 5460 5460 5460 5460 5460 5460 5460 5460 5460 5460 5460 5374 5374 5374 5374 5374 5374 5460 5460 5460 5460 5460 5460 5460 5460 5460 5460 5460 5374 5374 5460 5460 5374 5374 5374 5374 5291 5291 5291 5210 5210 5210 5460 5460 5460 2579 2579 2598 2639 2659 2680 2680 2680 2723 2767 2812 2835 2859 2883 2908 2933 2933 2908 2883 2883 2883 2908 2933 2883 2883 2859 2859 2859 2859 2859 2859 2859 2859 2859 2835 2789 2789 2744 2744 2767 2767 2767 2767 2767 2701 2701 2701 2701 2680 2659 2659 2659 2680 2680 2659 2659 2680 2680 2701 2723 2723 2789 2789 2767 2767 2767 2744 2744 2723 2701 2680 2680 2680 2701 2701 2701 2723 2723 2723 2701 2701 2701 2701 2701 2701 2680 2680 2659 2659 2659 2680 2680 0 0 0 0 0 0
0 0 0 0 0 0 0 0 0 0 0 0 2503 2503 2522 2541 2560 2579 2598 2618 2618 2659 2680 2680 2701 2701 2701 2701 2701 2744 2744 2744 2767 2767 2789 2767 2767 2767 2767 2767 2767 2767 2767 2767 2789 2812 2835 2859 2859 2859 2859 2859 2859 2859 2883 2883 2908 2908 2933 2933 2958 2958 2958 3010 3010 3037 3037 3037 3037 3064 3064 3064 3092 3120 3149 3149 3149 3178 3178 3178 3208 3208 3238 3238 3269 3269 3269 3300 3300 3333 3333 3365 3399 3399 3399 3399 3433 3365 3333 3269 3269 3269 3238 3238 3269 3269 3269 3238 3238 3238 3238 3238 3208 3208 3208 3208 3208 3208 3208 3208 3208 3208 3178 3178 3178 3149 3149 3178 3149 3149 3149 3120 3120 3120 3120 3120 3149 3120 3120 3120 3120 3120 3120 3120 3092 3092 3092 3064 3064 3064 3064 3064 3064 4911 4842 4842 4842 4842 4842 4842 4842 4842 4842 4911 4911 4911 4911 4983 5132 5210 5210 5210 5291 5460 5460 5460 5548 5548 5548 5548 5548 5460 5460 5548 5548 5548 5548 5460 5374 5374 5374 5374 5460 5460 5460 5460 5548 5460 5460 5460 5460 5291 5291 5460 5460 5460 5460 5460 5460 5460 5548 5548 5548 5548 5460 5460 5210 5210 5460 5640 5640 5640 2618 2618 2618 2639 2639 2659 2680 2680 2723 2767 2789 2835 2859 2883 2933 2958 2933 2908 2883 2883 2883 2883 2908 2883 2859 2859 2859 2859 2859 2835 2835 2835 2859 2859 2812 2789 2789 2744 2744 2767 2767 2767 2767 2767 2767 2723 2701 2701 2701 2701 2701 2701 2723 2723 2701 2701 2680 2680 2701 2723 2723 2767 2789 2767 2767 2767 2744 2744 2723 2723 2723 2680 2680 2723 2701 2701 2723 2680 2680 2701 2701 2723 2723 2701 2701 2680 2680 2659 2659 2659 2659 2680 0 0 0 0 0 0
0 0 0 0 0 0 0 0 0 0 0 0 2522 2522 2541 2560 2579 2598 2598 2618 2618 2659 2680 2680 2680 2701 2701 2701 2701 2744 2744 2744 2767 2767 2789 2767 2767 2767 2767 2767 2789 2789 2789 2789 2789 2835 2835 2859 2859 2859 2859 2859 2859 2859 2883 2908 2908 2933 2933 2933 2958 2958 2984 3010 3010 3037 3037 3037 3037 3064 3064 3064 3092 3149 3149 3178 3178 3178 3178 3178 3208 3208 3208 3238 3238 3269 3269 3300 3300 3333 3333 3365 3399 3399 3399 3399 3433 3365 3333 3269 3269 3269 3269 3269 3269 3269 3269 3238 3238 3238 3238 3238 3208 3208 3208 3238 3238 3238 3208 3208 3208 3208 3178 3178 3178 3178 3178 3178 3149 3149 3149 3149 3120 3120 3149 3149 3149 3120 3120 3149 3120 3120 3120 3120 3092 3092 3092 3064 3064 3064 3064 3092 3120 3149 4842 4842 4842 4842 4911 4842 4842 4842 4842 4911 4911 4911 4983 5132 5132 5210 5210 5291 5374 5460 5548 5548 5548 5548 5460 5460 5548 5548 5548 5548 5640 5640 5548 5548 5460 5460 5460 5460 5460 5548 5548 5640 5548 5548 5460 5460 5460 5291 5291 5460 5460 5460 5460 5460 5548 5548 5640 5640 5734 5734 5734 5548 5548 5548 5548 5548 5548 5640 2618 2618 2618 2639 2639 2639 2659 2680 2680 2744 2789 2835 2859 2883 2933 2908 2908 2883 2883 2883 2883 2883 2859 2859 2859 2859 2859 2859 2835 2812 2812 2812 2835 2835 2812 2789 2789 2767 2767 2789 2767 2767 2767 2767 2767 2789 2789 2789 2789 2789 2767 2767 2767 2767 2744 2701 2680 2680 2701 2723 2744 2767 2789 2767 2744 2744 2744 2744 2723 2723 2723 2701 2701 2723 2701 2701 2701 2680 2680 2701 2701 2701 2701 2723 2701 2680 2680 2659 2659 2659 2659 2680 0 0 0 0 0 0
0 0 0 0 0 0 0 0 0 0 0 0 2522 2522 2541 2560 2579 2598 2598 2618 2618 2659 2659 2659 2680 2680 2680 2701 2701 2723 2744 2744 2767 2767 2789 2767 2767 2767 2767 2767 2789 2789 2789 2812 2812 2835 2835 2859 2859 2859 2859 2859 2883 2883 2908 2908 2908 2933 2933 2933 2958 2958 2984 3010 3010 3037 3037 3037 3037 3064 3064 3064 3092 3120 3149 3178 3178 3178 3178 3178 3208 3208 3208 3238 3238 3269 3269 3300 3300 3333 3333 3365 3399 3399 3399 3433 3433 3399 3333 3269 3269 3269 3269 3269 3269 3269 3269 3238 3238 3238 3238 3238 3208 3208 3208 3238 3238 3238 3238 3208 3208 3208 3178 3178 3178 3149 3149 3178 3178 3149 3149 3149 3149 3149 3149 3149 3149 3120 3120 3149 3120 3120 3120 3120 3120 3120 3092 3092 3092 3092 3092 3092 3120 3149 4842 4842 4842 4842 4911 4842 4842 4911 4911 4911 4983 4983 4983 5132 5210 5210 5291 5374 5460 5548 5548 5548 5548 5548 5460 5460 5548 5548 5548 5548 5640 5734 5640 5548 5548 5548 5548 5548 5548 5548 5640 5640 5548 5548 5548 5548 5548 5374 5374 5460 5460 5548 5548 5548 5548 5734 5832 5734 5734 5832 5734 5734 5640 5640 5548 5548 5640 5640 2639 2639 2639 2639 2639 2639 2659 2680 2680 2744 2789 2835 2859 2883 2908 2908 2883 2883 2883 2883 2883 2859 2859 2859 2859 2859 2859 2859 2835 2812 2812 2812 2835 2835 2835 2812 2812 2789 2789 2812 2835 2812 2812 2812 2812 2812 2812 2767 2767 2767 2789 2789 2789 2767 2744 2723 2680 2680 2701 2723 2744 2767 2789 2744 2744 2744 2744 2723 2723 2723 2723 2723 2723 2723 2701 2680 2680 2701 2701 2701 2701 2680 2680 2680 2680 2680 2659 2659 2659 2680 2680 2680 0 0 0 0 0 0
0 0 0 0 0 0 0 0 0 0 0 0 2522 2522 2541 2560 2579 2598 2618 2618 2639 2659 2659 2659 2680 2680 2680 2701 2701 2723 2744 2744 2767 2767 2789 2767 2767 2767 2767 2767 2789 2789 2789 2812 2812 2835 2859 2859 2859 2859 2859 2859 2883 2908 2908 2908 2933 2933 2933 2933 2958 2958 2984 3010 3010 3037 3037 3037 3037 3064 3064 3064 3092 3120 3120 3149 3149 3178 3178 3178 3208 3208 3208 3238 3269 3269 3269 3300 3300 3333 3333 3365 3399 3399 3399 3433 3433 3399 3333 3269 3269 3269 3269 3269 3269 3238 3238 3269 3269 3269 3269 3238 3238 3238 3238 3238 3238 3238 3238 3238 3238 3238 3238 3208 3178 3149 3149 3178 3178 3149 3120 3120 3120 3120 3149 3149 3149 3149 3149 3149 3120 3120 3120 3120 3120 3120 3120 3092 3092 3120 3120 3120 3120 3149 4842 4842 4911 4911 4911 4911 4911 4911 4911 4911 4983 5056 5056 5132 5210 5291 5291 5460 5460 5548 5548 5548 5548 5548 5548 5548 5548 5548 5548 5640 5734 5734 5548 5460 5460 5548 5548 5640 5734 5734 5734 5548 5548 5548 5548 5548 5548 5374 5374 5548 5548 5548 5548 5548 5640 5832 5832 5832 5832 5832 5734 5734 5640 5640 5640 5640 5640 5640 2598 2598 2618 2639 2659 2680 2680 2680 2680 2744 2789 2835 2859 2883 2908 2883 2883 2883 2883 2883 2883 2859 2859 2859 2859 2859 2859 2859 2859 2859 2859 2859 2859 2859 2835 2835 2835 2812 2812 2835 2859 2859 2835 2835 2835 2835 2812 2767 2767 2767 2789 2812 2812 2789 2767 2701 2680 2680 2701 2744 2767 2789 2767 2744 2723 2723 2723 2723 2723 2723 2723 2723 2701 2701 2701 2680 2680 2701 2701 2701 2701 2680 2680 2680 2680 2680 2659 2659 2659 2659 2680 2680 0 0 0 0 0 0
0 0 0 0 0 0 0 0 0 0 0 0 2522 2522 2541 2598 2598 2598 2618 2618 2659 2659 2659 2680 2680 2701 2701 2723 2723 2723 2744 2767 2767 2767 2767 2744 2744 2767 2767 2767 2767 2789 2789 2812 2812 2835 2835 2859 2859 2859 2859 2859 2883 2908 2908 2933 2933 2933 2933 2958 2958 2958 2958 3010 3010 3037 3037 3037 3064 3064 3092 3092 3092 3120 3120 3149 3149 3149 3178 3178 3208 3208 3208 3238 3269 3269 3269 3300 3300 3333 3333 3365 3399 3399 3433 3433 3433 3399 3333 3269 3269 3269 3269 3269 3269 3238 3238 3269 3269 3269 3269 3269 3238 3238 3238 3238 3238 3238 3238 3238 3238 3238 3238 3208 3178 3178 3178 3178 3178 3178 3120 3120 3120 3120 3149 3149 3149 3149 3149 3149 3120 3120 3120 3120 3120 3120 3120 3120 3120 3120 3120 3120 3120 4708 4708 4911 4911 4911 4911 4911 4911 4983 4983 4983 4983 5056 5132 5210 5210 5374 5374 5460 5460 5548 5548 5548 5548 5548 5548 5548 5548 5548 5548 5640 5734 5734 5548 5460 5460 5548 5548 5734 5734 5734 5640 5548 5548 5548 5548 5640 5734 5734 5734 5640 5640 5640 5548 5548 5734 5832 5832 5933 5933 5832 5832 5734 5640 5640 5640 5640 5640 5640 2579 2579 2598 2618 2659 2680 2680 2680 2680 2744 2789 2835 2859 2883 2908 2883 2883 2883 2883 2883 2883 2883 2883 2883 2883 2859 2859 2859 2859 2859 2883 2859 2859 2859 2883 2883 2883 2859 2859 2859 2859 2859 2859 2859 2883 2835 2789 2767 2767 2767 2789 2789 2789 2767 2701 2701 2680 2680 2701 2767 2789 2789 2767 2723 2701 2701 2723 2723 2723 2723 2723 2723 2701 2701 2701 2701 2701 2701 2701 2701 2701 2680 2680 2680 2680 2680 2659 2659 2659 2659 2680 2680 0 0 0 0 0 0
0 0 0 0 0 0 0 0 0 0 0 0 2522 2522 2541 2598 2598 2598 2618 2618 2639 2659 2659 2680 2680 2701 2701 2723 2723 2723 2744 2744 2767 2767 2767 2744 2744 2767 2767 2767 2767 2789 2789 2812 2835 2835 2835 2859 2859 2859 2859 2859 2883 2883 2908 2933 2933 2933 2933 2958 2958 2958 2958 3010 3010 3037 3037 3037 3064 3064 3092 3092 3092 3092 3120 3149 3149 3149 3178 3178 3208 3208 3208 3238 3269 3269 3300 3300 3333 3333 3333 3365 3399 3433 3433 3433 3433 3399 3365 3300 3269 3269 3269 3269 3269 3269 3269 3269 3269 3269 3269 3269 3238 3238 3238 3238 3238 3238 3238 3238 3238 3238 3238 3208 3208 3178 3178 3178 3178 3178 3149 3149 3149 3149 3149 3149 3149 3149 3120 3120 3120 3120 3120 3120 3120 3120 3120 3120 3120 3120 3120 3120 3120 4708 4708 4911 4911 4911 4911 4911 4911 4983 4983 5056 5056 5132 5132 5210 5291 5374 5460 5460 5460 5548 5548 5548 5548 5548 5548 5548 5548 5548 5548 5640 5734 5734 5640 5548 5548 5734 5832 5832 5734 5734 5640 5548 5548 5548 5548 5640 5734 5832 5832 5734 5640 5640 5640 5640 5734 5832 5933 5933 5933 5832 5832 5734 5734 5734 5640 5640 5640 5640 2579 2579 2598 2618 2659 2659 2680 2680 2723 2767 2789 2835 2859 2883 2908 2933 2908 2908 2908 2908 2908 2933 2908 2908 2908 2883 2883 2883 2883 2883 2883 2883 2883 2883 2883 2883 2883 2883 2883 2883 2859 2859 2883 2883 2883 2812 2767 2767 2744 2744 2767 2767 2767 2744 2701 2701 2680 2680 2723 2789 2835 2812 2767 2701 2701 2701 2723 2723 2723 2744 2723 2723 2701 2701 2701 2701 2701 2701 2701 2701 2701 2680 2680 2680 2680 2680 2680 2659 2659 2680 2680 2680 0 0 0 0 0 0
0 0 0 0 0 0 0 0 0 0 0 0 2522 2522 2541 2598 2598 2598 2618 2618 2639 2659 2680 2680 2680 2680 2701 2723 2723 2723 2744 2744 2744 2767 2767 2744 2744 2767 2767 2767 2767 2789 2789 2789 2835 2835 2835 2859 2859 2859 2859 2883 2883 2883 2908 2908 2933 2933 2933 2958 2958 2958 2958 2984 3010 3037 3037 3064 3064 3064 3092 3092 3092 3092 3120 3149 3149 3149 3178 3178 3208 3208 3208 3269 3269 3269 3300 3300 3333 3333 3365 3399 3399 3433 3433 3433 3433 3399 3365 3300 3300 3269 3269 3269 3269 3269 3269 3269 3269 3269 3269 3269 3269 3269 3238 3238 3238 3208 3208 3208 3208 3208 3208 3208 3208 3208 3208 3178 3178 3178 3149 3149 3149 3149 3149 3149 3149 3149 3120 3120 3120 3120 3120 3120 3120 3120 3120 3120 3120 3120 3120 3120 3120 4842 4842 4911 4911 4911 4911 4911 4911 4983 4983 5056 5056 5132 5132 5210 5291 5374 5460 5460 5460 5548 5548 5640 5640 5548 5548 5640 5640 5734 5734 5832 5832 5832 5832 5832 5832 5832 5832 5832 5832 5734 5734 5548 5548 5640 5640 5734 5734 5832 5933 5832 5832 5734 5734 5734 5832 5832 5933 5933 5933 5832 5832 5832 5734 5734 5734 5734 5734 5734 5734 2598 2598 2618 2659 2659 2680 2680 2723 2767 2789 2835 2859 2883 2908 2933 2908 2908 2908 2908 2958 2958 2958 2958 2958 2933 2908 2908 2908 2908 2908 2908 2908 2958 2933 2933 2933 2933 2933 2933 2883 2883 2883 2883 2789 2789 2767 2767 2744 2744 2767 2744 2744 2723 2701 2701 2701 2701 2723 2835 2859 2835 2744 2701 2701 2701 2701 2723 2723 2744 2723 2723 2723 2723 2701 2701 2701 2680 2680 2680 2680 2680 2680 2680 2680 2680 2680 2659 2659 2659 2659 2659 0 0 0 0 0 0
0 0 0 0 0 0 0 0 0 0 0 0 2541 2541 2541 2579 2579 2598 2618 2639 2659 2659 2680 2680 2680 2680 2701 2701 2701 2701 2723 2723 2744 2744 2744 2744 2744 2767 2767 2789 2789 2789 2789 2789 2812 2835 2835 2859 2859 2859 2883 2883 2883 2883 2908 2908 2933 2933 2933 2958 2958 2958 2958 2984 3010 3037 3064 3064 3064 3064 3092 3092 3092 3092 3120 3149 3149 3178 3178 3208 3238 3238 3238 3269 3269 3269 3300 3300 3333 3333 3365 3399 3399 3433 3433 3433 3468 3399 3365 3333 3300 3300 3300 3269 3269 3269 3269 3269 3269 3269 3269 3269 3269 3269 3269 3269 3238 3208 3208 3208 3178 3178 3208 3208 3208 3208 3208 3208 3178 3178 3149 3149 3149 3149 3149 3149 3149 3149 3149 3120 3120 3120 3120 3120 3120 3120 3120 3120 3120 3092 3092 3092 3092 4911 4911 4911 4911 4911 4983 4911 4911 4983 4983 5056 5056 5132 5210 5210 5374 5374 5460 5460 5460 5548 5548 5734 5734 5734 5734 5734 5734 5832 5832 5933 5832 5832 5832 5832 5832 5832 5832 5832 5832 5734 5734 5734 5640 5640 5734 5832 5832 5933 6038 5933 5933 6038 5933 5933 5933 5933 5933 5933 5933 5933 5933 5933 5832 5832 5734 5734 5640 5640 5640 5640 2639 2639 2659 2659 2680 2701 2744 2767 2789 2835 2859 2883 2908 2933 2908 2908 2908 2908 2958 2984 2984 2984 2984 2984 2984 2984 2958 2933 2933 2958 2958 2958 2958 2958 2958 2958 2958 2958 2933 2883 2883 2789 2767 2767 2767 2767 2767 2744 2744 2744 2744 2723 2701 2701 2701 2701 2723 2789 2859 2835 2744 2701 2701 2701 2701 2723 2723 2723 2723 2723 2723 2723 2701 2701 2680 2680 2680 2680 2680 2680 2680 2680 2701 2680 2680 2659 2659 2659 2659 2659 0 0 0 0 0 0
0 0 0 0 0 0 0 0 0 0 0 0 2541 2541 2541 2579 2579 2598 2618 2639 2659 2680 2680 2680 2680 2680 2701 2701 2701 2701 2723 2723 2744 2744 2744 2744 2744 2767 2767 2789 2767 2767 2767 2789 2812 2835 2835 2859 2859 2859 2883 2908 2908 2908 2908 2908 2933 2933 2933 2958 2958 2984 2984 3010 3037 3037 3037 3064 3064 3064 3092 3092 3092 3120 3149 3149 3149 3178 3178 3208 3208 3238 3238 3269 3269 3269 3300 3300 3333 3333 3365 3399 3399 3433 3433 3433 3433 3399 3365 3365 3300 3300 3269 3269 3269 3269 3269 3269 3269 3269 3269 3269 3269 3269 3269 3269 3238 3238 3238 3208 3178 3178 3208 3208 3208 3208 3208 3208 3178 3178 3178 3149 3149 3149 3149 3149 3149 3149 3149 3120 3120 3120 3120 3120 3120 3120 3120 3120 3120 3092 3092 3064 3064 3064 4911 4911 4911 4911 4983 4911 4911 4983 4983 5056 5132 5132 5210 5210 5374 5460 5548 5460 5460 5460 5548 5832 5832 5832 5734 5734 5832 5832 5832 5933 5933 5933 5933 5832 5832 5933 5933 5933 5832 5832 5832 5832 5933 5933 5933 5933 6146 6259 6259 6146 6146 6146 6038 6038 6038 5933 5933 5933 5933 5933 5933 5933 5832 5832 5734 5640 5640 5640 5640 2680 2659 2659 2659 2659 2680 2701 2744 2767 2789 2835 2859 2883 2908 2958 2908 2908 2908 2908 2958 3010 3010 3010 3010 2984 2984 2984 3010 2984 2958 2958 2958 2958 2958 2958 2958 2958 2958 2958 2933 2933 2883 2767 2767 2767 2767 2767 2767 2744 2744 2744 2723 2723 2701 2701 2701 2701 2701 2744 2812 2789 2767 2701 2701 2723 2723 2723 2723 2723 2723 2701 2701 2723 2701 2701 2680 2680 2701 2701 2701 2680 2680 2680 2680 2680 2659 2659 2639 2639 2639 2639 0 0 0 0 0 0
0 0 0 0 0 0 0 0 0 0 0 0 2541 2541 2560 2560 2579 2618 2618 2659 2659 2680 2680 2680 2680 2701 2701 2701 2723 2723 2723 2723 2767 2767 2767 2744 2744 2744 2767 2789 2767 2767 2767 2789 2812 2812 2835 2859 2859 2883 2883 2908 2908 2908 2908 2908 2933 2933 2933 2958 2958 2984 2984 3010 3037 3037 3037 3064 3064 3064 3064 3092 3092 3120 3149 3149 3178 3178 3178 3208 3208 3238 3269 3269 3269 3300 3300 3300 3333 3333 3365 3399 3399 3433 3433 3433 3433 3399 3399 3365 3300 3269 3269 3269 3269 3300 3300 3269 3269 3269 3269 3269 3269 3269 3269 3269 3238 3238 3238 3238 3238 3238 3238 3208 3208 3208 3208 3208 3178 3178 3178 3149 3149 3149 3149 3149 3149 3149 3149 3149 3149 3149 3120 3120 3120 3120 3120 3120 3120 3092 3092 3064 3037 3037 4911 4911 4911 4911 4911 4911 4911 4983 4983 5056 5132 5210 5210 5374 5460 5460 5460 5460 5460 5460 5548 5548 5832 5832 5734 5734 5832 5832 6038 6038 6038 5933 5933 5933 5933 5933 5933 5933 5933 5832 5832 5832 5933 5933 6038 6038 6259 6259 6259 6146 6146 6146 6146 6146 6038 5933 5933 5933 5933 5933 5832 5832 5832 5832 5734 5640 5640 5734 5734 2639 2639 2659 2659 2659 2680 2680 2744 2767 2789 2835 2859 2908 2933 2933 2908 2883 2883 2908 2958 3010 3010 3010 2984 2984 2984 2984 2984 2984 2984 2984 2958 2958 2958 2958 2958 2958 2933 2933 2933 2933 2883 2767 2767 2767 2767 2767 2767 2767 2744 2723 2723 2723 2723 2701 2701 2701 2701 2744 2789 2789 2767 2701 2701 2723 2723 2723 2723 2701 2701 2680 2680 2680 2659 2659 2659 2659 2680 2659 2659 2659 2659 2680 2680 2659 2618 2618 2618 2618 2618 2618 0 0 0 0 0 0
0 0 0 0 0 0 0 0 0 0 0 0 2541 2541 2560 2560 2579 2579 2598 2659 2659 2680 2680 2680 2701 2701 2701 2701 2723 2723 2744 2744 2767 2767 2767 2744 2744 2744 2767 2767 2789 2767 2767 2789 2812 2812 2835 2859 2859 2859 2883 2908 2908 2908 2908 2933 2933 2933 2933 2958 2958 2984 3010 3010 3037 3037 3064 3064 3064 3064 3064 3092 3092 3120 3149 3149 3178 3178 3178 3208 3208 3238 3269 3269 3269 3300 3300 3300 3333 3365 3365 3399 3433 3433 3433 3433 3433 3433 3433 3365 3300 3269 3269 3269 3269 3300 3300 3300 3300 3269 3269 3269 3300 3269 3269 3269 3269 3269 3269 3238 3238 3238 3238 3238 3238 3208 3208 3208 3208 3208 3178 3178 3178 3149 3149 3149 3178 3178 3149 3149 3149 3149 3149 3149 3149 3120 3120 3120 3120 3092 3092 3064 3037 3037 4911 4911 4911 4911 4911 4983 4983 4983 5056 5056 5210 5210 5291 5374 5460 5460 5460 5460 5460 5548 5548 5832 5832 5832 5734 5734 5832 5832 6038 6038 6038 5933 5933 5933 5933 5933 5933 6038 6038 5933 5933 5933 5933 5933 6038 6146 6259 6375 6259 6038 6038 6038 6038 6038 5933 5933 5933 5832 5832 5832 5832 5832 5832 5832 5734 5640 5640 5640 2639 2639 2639 2659 2659 2659 2659 2680 2744 2789 2812 2835 2859 2908 2958 2933 2908 2883 2883 2908 2958 3010 3010 3010 2958 2958 2958 2958 2933 2933 2958 2958 2958 2933 2908 2908 2908 2883 2883 2933 2933 2933 2835 2767 2767 2767 2767 2767 2767 2723 2723 2723 2723 2723 2723 2701 2701 2701 2701 2744 2789 2812 2767 2723 2723 2723 2723 2723 2701 2701 2701 2639 2639 2659 2659 2659 2659 2659 2659 2618 2618 2618 2639 2639 2639 2639 2618 2618 2618 2618 2598 2598 0 0 0 0 0 0
0 0 0 0 0 0 0 0 0 0 0 0 2541 2541 2560 2560 2579 2579 2598 2639 2659 2680 2680 2680 2701 2701 2701 2701 2723 2744 2744 2767 2767 2767 2767 2744 2744 2744 2767 2767 2789 2767 2767 2812 2835 2835 2835 2859 2859 2859 2859 2883 2908 2933 2933 2933 2933 2933 2933 2958 2958 2984 3010 3037 3037 3064 3064 3064 3064 3064 3064 3092 3092 3120 3149 3149 3178 3178 3178 3208 3238 3238 3269 3269 3300 3300 3300 3333 3333 3365 3365 3399 3433 3433 3433 3433 3433 3433 3399 3333 3300 3300 3269 3269 3300 3300 3300 3300 3300 3300 3300 3300 3300 3269 3269 3269 3269 3269 3269 3238 3238 3238 3238 3238 3238 3238 3238 3238 3208 3208 3178 3178 3208 3178 3178 3208 3178 3178 3149 3149 3149 3149 3149 3149 3149 3120 3120 3120 3120 3120 3120 3092 3092 4911 4911 4911 4911 4983 4983 4983 4983 5056 5056 5132 5132 5210 5374 5374 5460 5460 5548 5460 5460 5548 5548 5548 5933 5933 5734 5734 5832 5832 5933 5933 5933 5933 5933 6038 6038 5933 5933 6038 6038 5933 5933 5933 5933 5933 6038 6146 6259 6375 6259 6038 6038 6038 5933 5933 5933 5933 5933 5832 5832 5832 5832 5832 5832 5734 5734 5640 5640 5640 2639 2639 2639 2659 2659 2659 2659 2680 2744 2767 2812 2835 2859 2908 2984 2958 2958 2908 2908 2933 2958 2958 2984 2984 2958 2908 2908 2908 2908 2908 2908 2908 2908 2883 2883 2883 2883 2883 2883 2933 2933 2933 2835 2789 2767 2767 2767 2767 2767 2723 2701 2701 2701 2701 2723 2701 2701 2701 2701 2723 2767 2789 2767 2701 2701 2723 2701 2701 2701 2659 2618 2618 2618 2618 2618 2639 2639 2639 2639 2618 2598 2598 2598 2618 2618 2598 2598 2598 2598 2618 2598 2598 0 0 0 0 0 0
0 0 0 0 0 0 0 0 0 0 0 0 2541 2541 2579 2579 2598 2618 2639 2639 2659 2680 2680 2680 2701 2701 2723 2723 2723 2723 2744 2767 2767 2767 2767 2744 2744 2767 2767 2767 2789 2767 2767 2812 2835 2835 2835 2859 2859 2859 2859 2883 2908 2933 2933 2933 2933 2933 2958 2958 2958 2984 3010 3037 3037 3064 3064 3064 3064 3064 3064 3092 3092 3120 3149 3178 3178 3178 3178 3208 3238 3238 3269 3269 3300 3300 3300 3333 3333 3365 3365 3399 3433 3433 3433 3433 3433 3433 3399 3333 3300 3300 3300 3300 3300 3300 3300 3300 3300 3300 3300 3300 3300 3269 3269 3269 3269 3269 3238 3238 3238 3238 3238 3238 3238 3238 3238 3238 3208 3208 3208 3208 3208 3208 3208 3208 3178 3178 3149 3149 3149 3149 3149 3149 3120 3120 3120 3120 3120 3120 3120 3120 3120 3120 4911 4911 4911 4983 4983 4911 4911 4983 5056 5132 5132 5210 5374 5374 5460 5460 5548 5548 5548 5548 5548 5548 5933 5933 5734 5734 5832 5832 5832 5933 5933 5933 5933 5933 5933 5933 5933 6038 6038 6038 5933 5933 5933 5933 6038 6146 6259 6259 6146 6038 6038 6038 5933 5933 5933 5933 5933 5832 5832 5832 5832 5832 5832 5734 5734 5640 5640 5832 5832 2659 2659 2659 2659 2659 2680 2680 2744 2767 2812 2835 2859 2908 2958 2958 2958 2908 2908 2933 2958 2958 2984 2984 2958 2908 2908 2883 2883 2883 2883 2883 2883 2883 2883 2859 2859 2859 2859 2883 2908 2908 2859 2812 2767 2767 2767 2767 2767 2767 2701 2701 2701 2701 2701 2701 2701 2701 2701 2723 2744 2723 2723 2680 2680 2659 2659 2659 2659 2639 2598 2598 2598 2598 2598 2598 2598 2598 2598 2598 2579 2579 2598 2618 2618 2598 2598 2598 2598 2618 2618 2618 0 0 0 0 0 0
0 0 0 0 0 0 0 0 0 0 0 0 2560 2560 2579 2598 2598 2618 2639 2639 2659 2680 2680 2680 2701 2701 2723 2723 2723 2723 2744 2744 2767 2767 2767 2744 2744 2767 2789 2789 2789 2789 2789 2812 2835 2835 2835 2835 2859 2859 2859 2883 2883 2908 2933 2933 2933 2958 2958 2958 2958 3010 3010 3037 3037 3064 3064 3064 3064 3064 3092 3092 3120 3120 3149 3178 3178 3178 3178 3238 3238 3269 3269 3300 3300 3300 3300 3333 3365 3365 3399 3399 3433 3433 3433 3433 3433 3433 3399 3333 3300 3300 3300 3300 3333 3333 3300 3300 3300 3300 3300 3269 3269 3300 3269 3269 3269 3238 3238 3238 3238 3238 3238 3238 3238 3238 3238 3238 3238 3208 3208 3208 3208 3208 3208 3208 3208 3178 3149 3149 3149 3149 3149 3149 3120 3120 3120 3120 3120 3120 3120 3092 3092 3092 4983 4983 4983 4983 4983 4911 4911 4983 5056 5132 5210 5210 5374 5374 5460 5460 5548 5548 5548 5548 5548 5548 5734 5734 5734 5734 5832 5832 5832 5933 5933 5933 5933 5933 5933 5933 6038 6038 6146 6146 6038 6038 6038 6038 6146 6259 6259 6259 6146 6038 6038 6038 5933 5933 5933 5832 5832 5832 5832 5832 5832 5832 5832 5832 5734 5734 5734 5832 5832 5832 2680 2680 2680 2680 2680 2680 2744 2767 2812 2859 2883 2908 2958 2958 2958 2933 2933 2933 2958 2958 2984 2984 2958 2958 2958 2883 2883 2883 2883 2883 2883 2883 2883 2859 2859 2859 2859 2883 2883 2908 2835 2812 2789 2767 2767 2767 2767 2767 2744 2723 2701 2701 2701 2701 2701 2701 2701 2723 2723 2701 2701 2680 2659 2659 2659 2659 2639 2639 2598 2598 2598 2598 2598 2598 2598 2598 2598 2598 2579 2579 2598 2618 2618 2618 2618 2618 2639 2659 2659 2659 0 0 0 0 0 0
0 0 0 0 0 0 0 0 0 0 0 0 2560 2560 2579 2618 2618 2618 2639 2639 2659 2659 2680 2680 2701 2701 2701 2723 2723 2723 2744 2744 2767 2767 2767 2767 2767 2767 2789 2789 2789 2789 2789 2812 2835 2835 2835 2835 2859 2859 2859 2883 2883 2908 2933 2933 2933 2958 2958 2958 2958 3010 3037 3037 3037 3064 3064 3064 3064 3064 3092 3120 3149 3149 3149 3178 3178 3178 3208 3238 3238 3269 3269 3300 3300 3300 3333 3365 3365 3399 3399 3399 3433 3433 3433 3433 3433 3433 3399 3333 3300 3300 3300 3333 3333 3333 3333 3333 3300 3300 3300 3269 3269 3300 3269 3269 3269 3238 3238 3238 3238 3238 3238 3238 3238 3238 3238 3238 3238 3208 3208 3208 3208 3208 3178 3178 3178 3178 3178 3178 3178 3178 3149 3149 3120 3120 3149 3149 3120 3120 3120 3092 3092 3092 4983 4983 4983 4983 4983 4983 4983 5056 5132 5132 5210 5210 5374 5460 5460 5460 5548 5548 5548 5548 5548 5548 5734 5734 5734 5734 5832 5832 5832 5933 6038 6038 6146 6038 6038 6038 6038 6146 6146 6146 6038 6038 6146 6146 6259 6259 6259 6259 6146 6038 6038 6038 5933 5933 5832 5832 5832 5832 5832 5832 5832 5832 5832 5832 5832 5832 5734 5734 5734 5734 2680 2680 2680 2680 2680 2680 2744 2767 2835 2859 2883 2908 2958 2958 2958 2908 2908 2933 2958 2958 2958 2958 2958 2958 2958 2908 2883 2883 2883 2883 2883 2883 2883 2859 2859 2859 2859 2835 2835 2859 2835 2812 2767 2767 2767 2767 2767 2767 2744 2723 2701 2701 2701 2701 2701 2701 2701 2723 2723 2701 2701 2680 2659 2659 2659 2659 2639 2639 2639 2639 2618 2598 2598 2618 2618 2618 2618 2618 2618 2639 2639 2659 2659 2659 2639 2639 2659 2659 2680 2680 0 0 0 0 0 0
0 0 0 0 0 0 0 0 0 0 0 0 2560 2560 2598 2618 2618 2618 2639 2639 2659 2659 2680 2680 2680 2701 2701 2701 2701 2701 2723 2723 2744 2767 2767 2767 2767 2767 2767 2789 2789 2789 2812 2835 2835 2835 2835 2859 2859 2859 2859 2883 2883 2908 2933 2933 2933 2958 2958 2958 2984 3010 3037 3037 3037 3037 3064 3064 3064 3092 3120 3120 3149 3149 3149 3178 3178 3178 3208 3238 3238 3269 3269 3300 3300 3300 3333 3365 3365 3399 3399 3433 3433 3433 3433 3468 3468 3468 3433 3399 3333 3333 3333 3300 3300 3333 3333 3333 3300 3300 3300 3300 3300 3300 3269 3269 3269 3269 3269 3269 3269 3238 3238 3238 3238 3238 3238 3238 3238 3238 3238 3208 3208 3208 3178 3178 3178 3178 3178 3178 3178 3178 3178 3149 3149 3149 3149 3149 3120 3120 3120 3120 3120 3120 4983 4983 4983 4983 4983 4983 4983 5056 5132 5132 5210 5210 5291 5460 5460 5548 5548 5548 5548 5548 5640 5734 5734 5734 5734 5734 5832 5832 5832 5933 6038 6146 6146 6146 6146 6146 6146 6146 6146 6146 6146 6146 6146 6146 6259 6259 6259 6259 6259 6038 6038 6038 5933 5933 5832 5832 5832 5832 5832 5832 5832 5832 5832 5832 5832 5734 5734 5734 5734 2744 2701 2701 2701 2701 2701 2723 2767 2789 2835 2883 2883 2908 2958 2958 2958 2908 2908 2933 2958 2958 2958 2958 2958 2958 2958 2933 2883 2883 2883 2883 2883 2883 2859 2859 2859 2835 2835 2812 2812 2812 2812 2812 2767 2767 2767 2767 2767 2767 2744 2723 2701 2701 2701 2701 2723 2723 2723 2723 2723 2701 2680 2659 2659 2659 2659 2659 2639 2639 2659 2659 2659 2639 2639 2639 2639 2639 2659 2680 2680 2680 2680 2680 2659 2659 2659 2659 2659 2723 2680 2680 0 0 0 0 0 0
0 0 0 0 0 0 0 0 0 0 0 0 2560 2560 2598 2618 2618 2618 2639 2639 2659 2659 2680 2680 2680 2701 2701 2701 2701 2701 2723 2723 2744 2767 2767 2744 2744 2767 2767 2789 2789 2789 2812 2835 2835 2835 2835 2859 2859 2859 2859 2883 2883 2908 2933 2933 2933 2933 2933 2958 2958 3010 3010 3037 3037 3037 3064 3064 3092 3064 3064 3120 3120 3149 3149 3178 3178 3178 3178 3208 3238 3269 3269 3300 3300 3300 3333 3365 3365 3399 3399 3433 3433 3433 3433 3468 3468 3468 3433 3399 3365 3333 3333 3300 3300 3333 3333 3333 3333 3300 3300 3300 3333 3300 3269 3269 3269 3269 3269 3269 3269 3238 3238 3238 3238 3238 3238 3238 3238 3238 3238 3238 3208 3208 3178 3178 3178 3178 3178 3178 3178 3149 3149 3149 3149 3149 3149 3149 3120 3120 3120 3149 3149 3149 4911 4911 4983 4983 4983 5056 5056 5056 5132 5132 5132 5210 5291 5460 5548 5460 5460 5548 5548 5548 5640 5734 5832 5832 5832 5832 5832 5832 5832 5933 6146 6259 6259 6146 6146 6146 6146 6146 6146 6146 6146 6146 6146 6146 6259 6259 6375 6259 6259 6259 0 0 0 5933 5933 5933 0 0 5832 5832 5832 5832 5933 5832 5832 5734 5734 5734 2723 2723 2723 2701 2701 2680 2680 2723 2767 2789 2835 2883 2908 2933 2958 2984 2933 2908 2908 2933 2958 2958 2933 2933 2933 2933 2933 2908 2883 2883 2883 2883 2859 2859 2859 2835 2835 2835 2835 2812 2789 2789 2812 2812 2789 2789 2767 2767 2767 2767 2767 2744 2744 2744 2723 2723 2723 2723 2723 2723 2723 2701 2680 2659 2659 2639 2639 2639 2659 2659 2659 2680 2680 2680 2680 2680 2680 2701 2701 2701 2701 2701 2701 2723 2701 2701 2680 2680 2744 2744 2767 0 0 0 0 0 0 0
0 0 0 0 0 0 0 0 0 0 0 0 2560 2560 2579 2598 2618 2618 2618 2639 2659 2659 2680 2680 2680 2680 2680 2680 2701 2701 2744 2744 2744 2767 2767 2744 2744 2767 2767 2767 2789 2789 2812 2835 2835 2835 2859 2859 2859 2859 2883 2883 2908 2908 2933 2933 2933 2933 2933 2958 2958 3010 3010 3037 3037 3037 3064 3064 3092 3064 3064 3120 3120 3149 3178 3178 3178 3178 3178 3208 3269 3269 3269 3300 3300 3333 3365 3365 3399 3399 3399 3433 3433 3433 3468 3503 3503 3468 3433 3399 3365 3333 3333 3333 3333 3333 3333 3333 3333 3300 3300 3300 3300 3300 3300 3269 3269 3269 3269 3238 3238 3238 3238 3238 3238 3238 3238 3238 3238 3238 3238 3238 3238 3208 3208 3178 3178 3178 3178 3178 3149 3149 3149 3149 3149 3149 3149 3149 3149 3149 3149 3149 3149 4983 4911 4911 4983 4983 4983 4983 4983 5056 5056 5132 5132 5210 5291 5460 5460 5460 5460 5548 5548 5548 5640 5734 5832 5832 5832 5832 5832 5832 5933 6038 6146 6259 6259 6259 6259 6259 6259 6259 6259 6259 6259 6146 6146 6146 6259 6259 6375 6259 6259 6259 0 0 0 0 0 0 0 0 0 0 5933 5933 6038 6038 5832 5734 5734 5734 2723 2723 2723 2701 2701 2680 2680 2723 2767 2789 2835 2859 2908 2933 2984 2984 2933 2908 2908 2908 2958 2958 2908 2883 2883 2883 2908 2908 2883 2883 2859 2859 2859 2859 2859 2835 2812 2812 2812 2789 2789 2789 2767 2767 2789 2789 2789 2789 2789 2789 2789 2744 2744 2767 2744 2744 2744 2744 2744 2744 2723 2723 2701 2659 2659 2639 2618 2618 2639 2659 2659 2680 2680 2680 2680 2680 2744 2744 2723 2723 2723 2723 2723 2744 2744 2744 2744 2744 2767 2767 2767 0 0 0 0 0 0 0
0 0 0 0 0 0 0 0 0 0 0 0 2560 2560 2579 2598 2618 2618 2618 2639 2659 2659 2680 2680 2680 2680 2680 2680 2701 2701 2744 2744 2744 2767 2767 2767 2767 2767 2767 2767 2789 2789 2812 2835 2835 2859 2859 2859 2859 2883 2883 2908 2933 2933 2933 2933 2933 2958 2958 2958 2958 3010 3010 3037 3037 3037 3064 3064 3092 3092 3092 3120 3120 3149 3178 3178 3178 3178 3208 3208 3269 3269 3269 3300 3300 3333 3365 3365 3399 3399 3399 3433 3433 3468 3468 3503 3503 3468 3433 3399 3365 3365 3365 3333 3333 3333 3333 3300 3300 3300 3300 3300 3300 3300 3300 3269 3269 3269 3269 3238 3238 3238 3238 3238 3238 3238 3238 3238 3238 3238 3238 3238 3238 3238 3238 3208 3208 3178 3178 3178 3149 3149 3149 3149 3149 3149 3149 3149 3149 3149 3149 3149 3149 4983 4911 4911 4983 4983 4983 4983 4983 5056 5056 5132 5132 5210 5291 5460 5460 5460 5460 5548 5548 5640 5734 5734 5832 5832 5832 5832 5832 5832 5933 6146 6146 6259 6259 6259 6259 6259 6259 6259 6259 6259 6259 6146 6146 6146 6259 6259 6375 6375 6375 0 0 0 0 0 0 0 0 0 0 0 0 6259 6259 6259 0 0 0 0 2701 2701 2701 2701 2701 2701 2723 2744 2767 2789 2835 2859 2908 2933 2984 2984 2933 2908 2908 2908 2933 2933 2883 2883 2883 2883 2883 2883 2883 2883 2859 2859 2859 2859 2835 2835 2812 2789 2789 2789 2789 2789 2744 2744 2789 2789 2789 2789 2789 2789 2789 2789 2767 2767 2744 2744 2744 2744 2744 2767 2767 2701 2701 2701 2618 2618 2618 2618 2639 2659 2659 2680 2680 2701 2744 2744 2767 2767 2767 2767 2744 2744 2744 2767 2767 2767 2767 2767 2767 2767 2767 0 0 0 0 0 0 0
0 0 0 0 0 0 0 0 0 0 0 0 2560 2560 2579 2598 2618 2618 2618 2618 2639 2659 2680 2680 2680 2680 2680 2680 2701 2701 2744 2744 2767 2767 2767 2767 2767 2767 2767 2767 2767 2789 2812 2835 2835 2835 2859 2859 2859 2883 2908 2908 2933 2933 2933 2933 2958 2958 2958 2958 2958 3010 3010 3037 3037 3037 3064 3064 3092 3092 3092 3120 3120 3149 3178 3178 3178 3178 3208 3208 3269 3300 3300 3300 3300 3333 3365 3365 3399 3399 3399 3433 3433 3468 3503 3503 3503 3468 3433 3399 3365 3365 3365 3365 3333 3333 3333 3300 3300 3300 3300 3300 3300 3300 3300 3300 3269 3269 3269 3238 3238 3238 3238 3238 3238 3238 3238 3238 3238 3238 3238 3238 3238 3238 3238 3238 3208 3208 3178 3178 3149 3149 3149 3149 3149 3149 3149 3149 3149 3149 3149 3149 3149 3149 4911 4911 4911 4983 4983 4983 4983 5056 5056 5132 5132 5210 5291 5460 5460 5460 5460 5548 5548 5640 5734 5734 5832 5832 5832 5832 5832 5933 6038 6259 6259 6259 6259 6259 6259 6259 6259 6259 6259 6259 6259 6146 6146 6146 6259 6375 6375 6375 6375 0 0 0 0 0 0 0 0 0 0 0 0 0 0 0 0 0 0 0 2701 2701 2701 2701 2701 2701 2723 2744 2789 2812 2835 2859 2908 2958 2984 2984 2933 2908 2908 2908 2933 2933 2883 2883 2883 2883 2883 2883 2883 2883 2835 2812 2812 2859 2835 2835 2812 2789 2789 2789 2789 2767 2744 2744 2789 2789 2859 2859 2859 2812 2812 2789 2767 2767 2744 2744 2723 2723 2767 2767 2701 2701 2701 2701 2618 2618 2618 2639 2639 2659 2659 2659 2723 2744 2767 2767 2767 2767 2789 2767 2767 2789 2789 2789 2767 2767 2767 2767 2767 2767 2767 0 0 0 0 0 0 0
0 0 0 0 0 0 0 0 0 0 0 0 2560 2560 2579 2598 2618 2618 2618 2618 2639 2659 2680 2680 2680 2680 2680 2680 2701 2701 2744 2744 2767 2767 2767 2767 2767 2767 2767 2767 2767 2789 2812 2812 2835 2835 2835 2859 2883 2883 2908 2908 2933 2933 2933 2933 2958 2958 2958 2958 2958 3010 3010 3037 3037 3064 3064 3064 3092 3092 3092 3120 3149 3178 3149 3149 3178 3178 3208 3238 3269 3269 3300 3300 3300 3333 3365 3365 3399 3399 3399 3433 3433 3503 3503 3503 3539 3503 3468 3399 3365 3365 3365 3365 3365 3333 3333 3333 3333 3333 3333 3333 3333 3333 3333 3300 3269 3269 3269 3269 3269 3269 3269 3238 3238 3238 3269 3269 3238 3238 3238 3238 3238 3238 3238 3238 3208 3208 3178 3178 3178 3178 3178 3149 3149 3149 3149 3149 3149 3149 3149 3149 3149 3149 4911 4911 4911 4983 4983 4983 4983 5056 5056 5132 5210 5291 5374 5374 5460 5460 5548 5548 5640 5734 5734 5734 5832 5832 5832 5933 5933 6038 6146 6259 6259 6259 6375 6259 6259 6259 6259 6259 6259 6259 6259 6146 6146 6146 6259 6375 6375 6375 6375 0 0 0 0 0 0 0 0 0 0 0 0 0 0 0 0 0 0 0 0 0 2701 2701 2701 2701 2723 2744 2789 2812 2835 2859 2908 2958 2984 2984 2933 2908 2908 2908 2933 2908 2883 2883 2883 2883 2883 2883 2883 2859 2835 2812 2812 2859 2859 2859 2789 2789 2789 2789 2812 2767 2767 2767 2789 2835 2835 2835 2835 2789 2789 2789 2767 2767 2767 2744 2723 2723 2744 2744 2701 2701 2701 2701 2639 2639 2639 2639 2639 2639 2639 2639 2723 2767 2767 2789 2789 2789 2789 2767 2767 2789 2789 2789 2767 2744 2744 2744 2744 2767 2767 0 0 0 0 0 0 0
0 0 0 0 0 0 0 0 0 0 0 0 2560 2560 2560 2579 2598 2618 2618 2618 2639 2659 2680 2680 2680 2680 2680 2680 2701 2701 2723 2744 2767 2767 2767 2767 2767 2767 2767 2767 2767 2789 2812 2812 2812 2835 2835 2859 2883 2883 2883 2908 2933 2933 2933 2958 2958 2958 2958 2958 2958 3010 3010 3037 3037 3064 3064 3064 3092 3092 3120 3120 3149 3149 3149 3149 3178 3178 3238 3238 3269 3269 3300 3300 3300 3333 3365 3365 3399 3399 3399 3433 3433 3503 3503 3503 3539 3503 3468 3399 3399 3399 3365 3365 3365 3365 3365 3365 3333 3333 3333 3333 3333 3333 3333 3300 3269 3269 3269 3269 3269 3269 3269 3269 3238 3238 3269 3238 3238 3238 3238 3238 3238 3238 3238 3238 3238 3208 3178 3178 3178 3178 3178 3149 3149 3149 3149 3149 3149 3149 3149 3149 3149 3149 4911 4911 4911 4983 4983 4983 4983 5056 5056 5132 5210 5291 5374 5374 5374 5460 5548 5548 5640 5640 5832 5832 5832 5832 5933 5933 5933 6146 6259 6259 6375 6375 6375 6375 6259 6259 6259 6259 6259 6259 6259 6259 6259 6259 6375 6375 6375 6375 6375 6375 0 0 0 0 0 0 0 0 0 0 0 0 0 0 0 0 0 0 0 0 2701 2701 2701 2701 2744 2767 2789 2812 2835 2883 2908 2958 2984 2984 2958 2933 2933 2933 2933 2883 2883 2883 2883 2883 2883 2883 2883 2859 2835 2835 2883 2883 2883 2812 2789 2789 2789 2789 2789 2767 2767 2767 2789 2789 2789 2789 2789 2789 2789 2789 2767 2767 2767 2767 2767 2744 2744 2744 2723 2701 2701 2701 2701 0 0 2659 2598 2598 2618 2618 2723 2767 2767 2789 2789 2789 2789 2789 2789 2789 2789 2789 2767 2744 2744 2744 2744 2767 2767 0 0 0 0 0 0 0
0 0 0 0 0 0 0 0 0 0 0 0 2560 2560 2560 2579 2598 2618 2618 2618 2659 2680 2680 2680 2680 2680 2680 2680 2701 2723 2723 2744 2767 2767 2767 2744 2744 2767 2767 2767 2767 2789 2812 2812 2812 2835 2835 2835 2859 2883 2883 2908 2933 2933 2958 2958 2958 2958 2958 2958 2958 3010 3010 3037 3037 3064 3064 3064 3092 3092 3120 3149 3149 3149 3178 3178 3178 3208 3238 3269 3269 3269 3300 3300 3333 3333 3365 3399 3399 3399 3399 3433 3433 3503 3503 3503 3539 3503 3468 3399 3365 3365 3365 3365 3365 3365 3365 3365 3365 3333 3333 3333 3333 3333 3333 3300 3300 3300 3269 3269 3269 3269 3269 3269 3269 3269 3269 3238 3238 3238 3238 3238 3238 3238 3238 3238 3238 3208 3178 3178 3178 3178 3178 3149 3149 3149 3149 3149 3149 3149 3149 3149 3149 3149 4911 4911 4911 4983 4983 4983 4983 5056 5056 5132 5210 5374 5374 5374 5374 5460 5548 5548 5640 5640 5832 5832 5832 5933 5933 5933 6038 6146 6146 6259 6375 6375 6375 6375 6375 6259 6259 6259 6259 6259 6259 6259 6259 6259 6375 6375 6375 6375 6375 6375 0 0 0 0 0 0 0 0 0 0 0 0 0 0 0 0 0 0 0 0 0 2701 2701 2701 2744 2767 2789 2812 2859 2883 2908 2958 2984 2984 2984 2958 2933 2933 2933 2883 2883 2933 2883 2883 2908 2883 2883 2835 2835 2835 2812 2812 2812 2812 2789 2789 2789 2789 2812 2812 2789 2789 2789 2789 2789 2767 2767 2789 2789 2789 2767 2767 2767 2767 2767 2744 2744 2744 2744 2701 2701 2701 0 0 2598 0 2598 2598 2598 2598 2744 2767 2767 2789 2789 2789 2789 2767 2767 2767 2789 2789 2789 2767 2767 2767 2767 2767 2767 0 0 0 0 0 0 0
0 0 0 0 0 0 0 0 0 0 0 0 2560 2560 2579 2598 2598 2618 2618 2618 2659 2680 2680 2680 2701 2680 2680 2701 2701 2723 2744 2744 2767 2767 2767 2744 2744 2767 2767 2789 2789 2812 2812 2812 2812 2835 2835 2835 2859 2883 2883 2908 2933 2933 2958 2958 2958 2958 2958 2984 2984 3010 3010 3037 3037 3037 3064 3064 3092 3120 3120 3149 3149 3149 3149 3178 3178 3208 3269 3269 3269 3269 3300 3300 3333 3333 3365 3399 3399 3399 3399 3433 3433 3468 3503 3503 3539 3503 3468 3399 3365 3365 3365 3365 3365 3365 3365 3365 3365 3365 3333 3333 3333 3333 3333 3300 3300 3300 3269 3269 3269 3269 3269 3269 3269 3269 3269 3269 3238 3238 3238 3238 3238 3238 3238 3238 3238 3208 3208 3208 3178 3178 3178 3149 3149 3149 3149 3149 3149 3149 3149 3149 3149 4911 4911 4911 4911 4983 4983 4983 4983 5056 5132 5132 5210 5374 5460 5460 5460 5460 5548 5548 5548 5640 5734 5832 5933 5933 5933 5933 6038 6146 6146 6259 6259 6259 6375 6375 6259 6259 6259 6259 6259 6259 6259 6259 6259 6259 6375 6375 6375 6375 6497 0 0 0 0 0 0 0 0 0 0 0 0 0 0 0 0 0 0 0 0 0 0 2701 2701 2701 2723 2767 2767 2812 2859 2883 2908 2958 2984 3010 2984 2984 2958 2933 2933 2933 2958 2958 2883 2883 2908 2883 2883 2835 2835 2835 2835 2812 2812 2812 2812 2812 2812 2835 2812 2812 2789 2789 2789 2789 2789 2767 2767 2789 2789 2789 2789 2767 2767 2789 2789 2767 2767 2767 2744 2701 2701 2701 2701 0 0 0 2598 2598 2598 2598 2744 2789 2789 2789 2812 2789 2789 2767 2767 2767 2767 2789 2789 2767 2767 2767 2767 2744 2744 0 0 0 0 0 0 0
0 0 0 0 0 0 0 0 0 0 0 0 2579 2579 2598 2598 2598 2618 2618 2639 2639 2639 2659 2680 2680 2701 2701 2701 2723 2744 2744 2744 2767 2767 2767 2744 2744 2767 2767 2789 2789 2789 2812 2812 2812 2835 2835 2835 2859 2883 2883 2908 2933 2933 2958 2958 2958 2958 2984 2984 2984 3010 3037 3037 3037 3037 3064 3064 3092 3120 3120 3149 3149 3149 3149 3178 3178 3208 3269 3269 3269 3300 3300 3300 3333 3333 3365 3365 3399 3433 3433 3433 3433 3468 3503 3503 3539 3503 3468 3399 3365 3365 3365 3365 3365 3365 3365 3365 3365 3365 3365 3333 3333 3333 3333 3333 3333 3333 3300 3269 3269 3269 3269 3269 3269 3269 3269 3269 3269 3238 3238 3238 3238 3208 3208 3238 3238 3208 3208 3208 3208 3208 3208 3178 3149 3149 3149 3149 3149 3149 3149 3149 3149 4911 4911 4911 4983 4983 4983 4983 4983 5056 5132 5132 5210 5291 5460 5460 5460 5460 5548 5548 5548 5640 5734 5832 5933 5933 5933 5933 6038 6038 6146 6259 6259 6259 6259 6259 6259 6259 6259 6259 6259 6259 6259 6259 6259 6375 6375 6375 6375 6497 6497 0 0 0 0 0 0 0 0 0 0 0 0 0 0 0 0 0 0 0 0 0 0 2701 2701 2701 2723 2767 2767 2812 2859 2883 2908 2958 3010 3037 3037 2933 2908 2908 2933 2933 2933 2958 2958 2933 2908 2883 2883 2859 2859 2835 2835 2835 2812 2812 2859 2859 2835 2835 2835 2835 2835 2789 2789 2812 2812 2767 2767 2789 2789 2789 2789 2767 2767 2789 2789 2767 2767 2744 2723 2723 2723 2723 2701 0 0 0 0 2659 2835 2835 2835 2789 2789 2812 2812 2789 2767 2767 2767 2767 2767 2789 2744 2744 2744 2744 2767 2744 2744 0 0 0 0 0 0 0
0 0 0 0 0 0 0 0 0 0 0 0 2579 2579 2598 2598 2618 2618 2618 2639 2639 2639 2659 2680 2680 2680 2701 2701 2723 2744 2744 2744 2744 2767 2767 2744 2744 2767 2767 2789 2789 2789 2812 2812 2835 2835 2835 2835 2859 2883 2883 2908 2933 2933 2958 2958 2958 2958 2984 3010 3010 3010 3037 3037 3064 3064 3064 3064 3092 3120 3149 3149 3149 3149 3149 3178 3178 3208 3238 3269 3269 3300 3300 3300 3333 3333 3365 3365 3399 3433 3433 3433 3468 3503 3503 3503 3539 3503 3468 3399 3365 3365 3365 3365 3365 3365 3365 3365 3365 3365 3365 3365 3365 3365 3365 3365 3333 3300 3300 3269 3269 3269 3269 3269 3269 3269 3269 3269 3269 3269 3238 3238 3238 3208 3208 3238 3238 3208 3208 3208 3208 3208 3208 3178 3149 3149 3149 3149 3149 3149 3178 3178 3178 4911 4911 4911 4983 4983 4983 4983 4983 5056 5132 5210 5210 5291 5374 5460 5460 5460 5548 5548 5548 5640 5832 5832 5933 5933 5933 5933 5933 6038 6038 6259 6259 6259 6259 6259 6259 6259 6259 6259 6259 6259 6259 6259 6259 6375 6375 6375 6375 6375 6375 0 0 0 0 0 0 0 0 0 0 0 0 0 0 0 0 0 0 0 0 0 2701 2701 2701 2723 2723 2767 2767 2812 2859 2883 2908 2958 3010 3037 3037 2933 2908 2908 2958 2933 2933 2933 2933 2933 2933 2933 2933 2883 2859 2859 2859 2859 2859 2859 2859 2835 2835 2835 2835 2812 2812 2789 2789 2812 2835 2835 2789 2789 2789 2789 2789 2789 2789 2789 2789 2789 2744 2744 2723 2723 2723 2701 2701 2701 0 0 0 2659 0 2789 2789 2789 2789 2789 2789 2789 2767 2767 2767 2767 2767 2767 2744 2744 2744 2744 2744 2701 2701 0 0 0 0 0 0 0
0 0 0 0 0 0 0 0 0 0 0 0 2598 2598 2598 2598 2618 2618 2618 2639 2639 2639 2659 2680 2680 2680 2701 2701 2701 2744 2744 2744 2744 2744 2767 2744 2744 2767 2767 2789 2789 2789 2812 2812 2835 2835 2835 2835 2859 2859 2883 2908 2933 2933 2933 2958 2958 2958 2984 2984 3010 3010 3037 3064 3064 3064 3064 3092 3120 3120 3149 3149 3178 3178 3178 3178 3178 3208 3208 3238 3269 3300 3300 3300 3333 3333 3365 3399 3399 3433 3433 3433 3468 3503 3503 3539 3576 3503 3468 3399 3365 3365 3365 3365 3365 3365 3365 3365 3365 3365 3365 3365 3365 3365 3365 3365 3333 3300 3300 3269 3269 3269 3300 3300 3269 3269 3269 3269 3269 3269 3269 3238 3238 3238 3238 3238 3238 3208 3208 3208 3208 3208 3208 3208 3178 3149 3149 3149 3149 3149 3149 3178 3238 3238 4911 4911 4983 4983 4983 5056 5056 5056 5132 5210 5210 5291 5291 5460 5460 5460 5548 5548 5640 5734 5832 5832 5933 5933 5933 5933 5933 6038 6038 6259 6259 6259 6259 6259 6259 6259 6259 6259 6259 6259 6259 6375 6375 6375 6375 6375 6375 6375 6375 0 0 0 0 0 0 0 0 0 0 0 0 0 0 0 0 0 0 0 0 0 2701 2701 2701 2723 2723 2767 2767 2812 2859 2883 2908 2958 2984 3037 2984 2958 2933 2933 2958 2933 2933 2933 2933 2958 2958 2958 2883 0 0 2859 2859 2859 2859 2859 2859 2835 2835 2835 2812 2789 2789 2812 2812 2812 2835 2835 2835 2767 2767 2767 2767 2767 2767 2789 2789 2789 2744 2744 2744 2744 2701 2701 2701 2701 2680 2659 2659 2659 2659 2789 2789 2789 2789 2767 2767 2789 2767 2767 2767 2744 2744 2744 2723 2723 2723 2723 2744 2701 2701 0 0 0 0 0 0 0
0 0 0 0 0 0 0 0 0 0 0 0 2579 2579 2598 2598 2618 2618 2618 2639 2659 2659 2680 2680 2680 2680 2701 2701 2701 2767 2744 2744 2744 2744 2767 2744 2744 2767 2767 2789 2789 2789 2812 2812 2835 2835 2859 2859 2859 2859 2883 2908 2933 2933 2933 2958 2958 2958 2958 2984 3010 3010 3037 3064 3064 3064 3092 3092 3120 3120 3149 3178 3178 3178 3178 3178 3178 3178 3208 3238 3269 3300 3300 3300 3333 3365 3365 3399 3399 3433 3468 3468 3503 3503 3539 3539 3576 3503 3433 3399 3365 3365 3365 3365 3365 3365 3365 3365 3365 3365 3365 3365 3365 3365 3365 3365 3333 3300 3300 3269 3269 3269 3300 3300 3269 3238 3238 3269 3238 3238 3238 3238 3238 3238 3238 3238 3238 3208 3208 3208 3208 3208 3208 3208 3178 3149 3149 3149 3149 3149 3149 3178 3238 3238 4983 4983 4983 4983 4983 5056 5056 5132 5210 5210 5210 5291 5291 5460 5460 5460 5548 5548 5640 5734 5832 5832 5933 5933 5933 5933 6038 6038 6146 6259 6259 6259 6259 6259 6259 6259 6259 6259 6259 6259 6259 6375 6375 6375 6375 6375 6375 6375 6497 0 0 0 0 0 0 0 0 0 0 0 0 0 0 0 0 0 0 0 0 0 0 2701 2701 2723 2723 2767 2789 2835 2859 2908 2933 2958 2984 3037 2984 2984 2933 2933 2958 2933 2933 2933 2933 2958 2883 2883 2883 2908 2908 2859 2859 2859 2859 2859 2859 2859 2859 2859 2812 2789 2789 2812 2789 2789 2789 2835 2835 2767 2767 2767 2767 2767 2767 2789 2789 2789 2767 2744 2701 2701 2701 2701 2701 2701 2680 2659 2659 2659 2659 2659 2789 2767 2767 2767 2767 2789 2767 2767 2744 2744 2744 2723 2723 2723 2723 2723 2744 2744 0 0 0 0 0 0 0 0
0 0 0 0 0 0 0 0 0 0 0 0 2579 2579 2598 2598 2618 2618 2618 2659 2659 2659 2680 2680 2680 2680 2701 2701 2723 2744 2744 2744 2744 2767 2767 2767 2767 2767 2767 2789 2789 2812 2812 2812 2835 2835 2859 2859 2859 2883 2883 2908 2933 2933 2933 2958 2958 2958 2958 2984 3010 3010 3037 3064 3064 3064 3092 3092 3120 3149 3149 3149 3178 3178 3178 3178 3178 3178 3208 3238 3269 3300 3300 3300 3365 3365 3399 3399 3399 3433 3468 3468 3503 3503 3539 3539 3539 3503 3433 3399 3365 3365 3365 3365 3365 3365 3365 3365 3365 3365 3365 3365 3365 3365 3365 3365 3333 3300 3300 3300 3300 3300 3269 3269 3269 3238 3238 3238 3238 3238 3238 3238 3238 3238 3238 3238 3238 3208 3208 3178 3178 3208 3208 3208 3178 3178 3149 3149 3149 3149 3149 3149 3149 3149 4983 4983 5056 5056 5056 5132 5132 5132 5132 5132 5210 5291 5291 5460 5460 5460 5548 5548 5548 5640 5832 5832 5933 6038 6038 6038 6038 6038 6146 6259 6259 6259 6259 6259 6259 6375 6259 6259 6259 6259 6375 6375 6375 6375 6375 6375 6375 6375 6375 0 0 0 0 0 0 0 0 0 0 0 0 0 0 0 0 0 0 0 0 0 0 2701 2680 2680 2723 2744 2789 2835 2859 2908 2933 2958 2984 3064 3064 3064 2958 2958 2958 2933 2933 2908 2908 2908 2883 2883 2883 2908 2908 2883 2859 2859 2859 2859 2859 2859 2859 2859 2812 2789 2789 2812 2789 2789 2789 2835 2835 2835 2812 2789 2789 2789 2789 2789 2812 2789 2767 2744 2701 2701 2701 2701 2701 2701 2701 2659 2659 2639 2639 2659 2659 2723 2723 2680 2680 2680 2767 2744 2723 2701 2701 2723 2723 2723 2744 2744 0 0 0 0 0 0 0 0 0 0
0 0 0 0 0 0 0 0 0 0 0 0 2579 2579 2598 2598 2618 2618 2618 2659 2659 2680 2680 2680 2680 2680 2701 2701 2723 2744 2744 2744 2744 2767 2767 2767 2767 2767 2767 2789 2789 2812 2812 2835 2835 2835 2835 2835 2859 2883 2883 2908 2933 2933 2958 2958 2958 2958 2984 2984 3010 3010 3037 3064 3064 3064 3092 3120 3149 3149 3149 3149 3178 3178 3178 3178 3208 3208 3238 3269 3300 3300 3300 3300 3365 3365 3399 3399 3399 3433 3468 3468 3468 3503 3539 3539 3539 3503 3433 3399 3399 3365 3365 3365 3365 3365 3365 3365 3365 3365 3365 3365 3365 3333 3333 3365 3365 3333 3300 3300 3300 3300 3269 3269 3269 3269 3269 3238 3238 3238 3238 3238 3238 3238 3238 3238 3208 3208 3208 3178 3178 3208 3208 3208 3208 3178 3149 3149 3149 3149 3149 3149 3149 3149 5132 5132 5132 5056 5056 5132 5132 5132 5132 5132 5210 5291 5291 5460 5460 5460 5548 5548 5548 5640 5832 5832 5933 6038 6038 6038 6038 6146 6146 6259 6259 6375 6375 6375 6375 6375 6375 6375 6375 6375 6375 6375 6375 6375 6375 6375 6375 6375 6375 0 0 0 0 0 0 0 0 0 0 0 0 0 0 0 0 0 0 0 0 0 0 2701 2680 2680 2723 2744 2789 2835 2859 2883 2933 2958 2984 3064 3037 3037 2933 2933 2933 2933 2933 2908 2908 2908 2883 2883 2859 2859 2883 2859 2859 2859 2859 2859 2859 2859 2859 2859 2859 2789 2789 2789 2789 2789 2789 2812 2812 2812 2812 2812 2812 2812 2812 2812 2789 2789 2767 2723 2701 2701 2701 2701 2701 2701 2680 2680 2659 2639 2639 2659 2659 2723 2723 2680 2680 2680 2744 2744 2723 2680 2680 2701 2701 2723 2723 2701 2701 0 0 0 0 0 0 0 0 0
0 0 0 0 0 0 0 0 0 0 0 0 2560 2560 2598 2598 2618 2618 2618 2639 2659 2680 2680 2680 2680 2701 2701 2723 2723 2744 2744 2767 2767 2767 2767 2767 2767 2767 2789 2789 2789 2812 2812 2835 2835 2835 2835 2835 2859 2883 2883 2908 2933 2933 2958 2958 2958 2958 2984 2984 3010 3010 3037 3064 3064 3092 3092 3149 3149 3149 3149 3149 3178 3178 3178 3208 3238 3238 3269 3269 3300 3300 3333 3365 3399 3399 3399 3433 3433 3433 3468 3468 3468 3503 3539 3539 3539 3539 3468 3433 3399 3399 3399 3399 3365 3365 3365 3365 3365 3365 3365 3365 3365 3333 3333 3333 3333 3365 3365 3333 3300 3300 3269 3269 3269 3269 3269 3269 3269 3269 3269 3238 3238 3238 3238 3238 3208 3208 3208 3208 3208 3208 3208 3208 3208 3208 3208 3208 3178 3149 3149 3149 3149 3149 5132 5132 5132 5210 5210 5132 5132 5132 5132 5210 5291 5291 5291 5291 5374 5460 5548 5548 5640 5734 5832 5933 6038 6146 6038 6038 6038 6146 6146 6259 6259 6375 6375 6375 6375 6375 6375 6375 6375 6375 6375 6375 6375 6375 6375 6375 6375 6375 0 0 0 0 0 0 0 0 0 0 0 0 0 0 0 0 0 0 0 0 0 0 0 2701 2701 2701 2723 2744 2789 2835 2859 2883 2908 2958 2984 3064 3037 3037 2933 2933 2933 2933 2933 2933 2933 2908 2883 2883 2859 2859 2883 2859 2859 2859 2859 2859 2859 2883 2883 2883 2883 2883 2789 2789 2789 2859 2859 2859 2812 2812 2812 2835 2835 2835 2812 2789 2767 2767 2723 2723 2701 2701 2701 2701 2701 2701 2680 2680 2680 2659 2659 2659 2659 2789 2789 2789 2789 2723 2680 2723 2723 2680 2680 2680 2701 2744 2723 2701 2701 0 0 0 0 0 0 0 0 0
0 0 0 0 0 0 0 0 0 0 0 0 2560 2560 2598 2598 2618 2618 2618 2639 2659 2680 2680 2680 2680 2680 2701 2701 2723 2744 2744 2767 2767 2767 2767 2767 2767 2767 2789 2812 2812 2812 2812 2835 2835 2835 2835 2835 2859 2883 2908 2908 2933 2933 2958 2958 2958 2984 2984 2984 3010 3010 3037 3064 3064 3092 3092 3149 3149 3149 3149 3149 3178 3178 3178 3208 3269 3269 3269 3269 3300 3300 3333 3365 3399 3399 3399 3433 3433 3433 3468 3468 3468 3503 3539 3539 3539 3539 3503 3433 3399 3399 3399 3399 3399 3365 3365 3365 3365 3365 3365 3365 3365 3365 3333 3333 3333 3333 3333 3333 3300 3300 3269 3269 3269 3269 3269 3269 3269 3269 3269 3238 3238 3238 3238 3238 3208 3208 3208 3238 3238 3208 3208 3208 3208 3208 3208 3208 3178 3149 3149 3149 3149 4983 4983 4983 5132 5132 5210 5132 5132 5132 5132 5210 5291 5291 5291 5291 5374 5460 5548 5548 5548 5734 5832 5933 6038 6146 6146 6146 6146 6259 6259 6259 6259 6375 6375 6375 6259 6259 6259 6259 6375 6375 6375 6375 6375 6375 6375 6375 6375 6375 0 0 0 0 0 0 0 0 0 0 0 0 0 0 0 0 0 0 0 0 0 0 0 2701 2701 2701 2723 2744 2789 2835 2859 2883 2908 2958 2984 3064 3037 3037 2958 2958 2958 2958 2933 2933 2908 2883 2883 2883 2883 2883 2883 2859 2859 2859 2859 2859 0 0 2859 2859 2859 2859 2835 2835 2835 2835 2812 2812 2789 2789 2812 2812 2835 2812 2789 2767 2744 2744 2701 2701 2701 2701 2701 2701 2723 2723 2680 2680 2659 2659 2659 2659 2767 2789 2789 2789 2789 2723 2680 2680 2680 2680 2680 2680 2701 2744 2701 2701 2680 2680 2680 0 0 0 0 0 0 0
0 0 0 0 0 0 0 0 0 0 0 0 2579 2579 2598 2598 2618 2618 2618 2639 2659 2680 2680 2680 2680 2680 2701 2701 2723 2744 2744 2767 2767 2767 2767 2767 2767 2767 2812 2812 2812 2812 2812 2835 2835 2835 2859 2859 2859 2883 2908 2908 2933 2933 2958 2958 2958 2984 2984 2984 3010 3010 3037 3064 3064 3092 3120 3120 3149 3149 3149 3178 3178 3178 3178 3238 3269 3269 3269 3269 3269 3300 3333 3399 3399 3399 3399 3433 3433 3433 3468 3468 3468 3503 3539 3576 3576 3539 3503 3468 3399 3399 3399 3399 3399 3399 3365 3365 3365 3365 3365 3365 3365 3365 3365 3365 3333 3333 3333 3333 3300 3300 3300 3269 3269 3300 3300 3300 3300 3300 3269 3238 3238 3238 3238 3238 3208 3208 3238 3238 3238 3238 3208 3208 3208 3178 3178 3178 3178 3149 3149 3149 3149 4983 4983 4983 5056 5132 5210 5132 5132 5132 5132 5210 5291 5291 5291 5374 5374 5460 5548 5548 5548 5640 5734 5832 5933 6038 6038 6038 6146 6146 6146 6146 6146 6375 6375 6375 6259 6259 6146 6146 6259 6375 6375 6375 6375 6375 6375 6375 6375 0 0 0 0 0 0 0 0 0 0 0 0 0 0 0 0 0 0 0 0 0 0 0 0 2701 2701 2723 2723 2767 2789 2835 2859 2883 2908 2958 3010 3064 3010 3010 2958 2958 2958 2933 2933 2933 2908 2883 2883 2883 2883 2933 2883 2859 2835 2835 2859 2859 2883 0 2859 2859 0 2859 2835 2812 2812 2812 2812 2812 2789 2789 2789 2812 2812 2789 2767 2744 2723 2723 2701 2701 2701 2701 2701 2723 2723 2701 2701 2680 2659 2659 2659 2680 2767 2789 2789 2789 2789 2723 2680 2680 2659 2659 2659 2659 2680 2723 2701 2701 2680 2680 2680 0 0 0 0 0 0 0
0 0 0 0 0 0 0 0 0 0 0 0 2579 2579 2598 2598 2618 2618 2639 2639 2659 2659 2659 2680 2680 2680 2701 2701 2723 2723 2744 2744 2767 2767 2767 2767 2767 2767 2812 2812 2812 2835 2835 2835 2835 2835 2859 2859 2859 2883 2908 2933 2933 2933 2958 2958 2958 2984 2984 2984 3010 3010 3037 3064 3064 3092 3120 3120 3120 3149 3149 3178 3178 3178 3208 3238 3269 3269 3269 3269 3269 3300 3333 3365 3399 3399 3399 3433 3433 3433 3468 3468 3503 3539 3576 3576 3576 3539 3539 3503 3433 3399 3399 3399 3399 3399 3365 3365 3365 3365 3365 3365 3365 3365 3365 3365 3365 3365 3333 3333 3300 3300 3300 3300 3300 3300 3300 3300 3300 3269 3269 3269 3238 3238 3238 3238 3208 3208 3238 3238 3238 3238 3238 3208 3208 3178 3178 3178 3178 3149 3149 3149 3149 4983 4983 4983 5056 5132 5210 5132 5132 5132 5132 5210 5210 5291 5374 5374 5460 5460 5548 5548 5548 5640 5640 5734 5832 6038 5832 5832 5933 6038 5832 5832 5734 5734 5734 5548 5548 5548 5548 5548 5548 6375 6375 6375 6375 6375 6375 6375 6497 0 0 0 0 0 0 0 0 0 0 0 0 0 0 0 0 0 0 0 0 0 0 0 0 2723 2723 2723 2744 2767 2789 2835 2859 2883 2908 2984 3010 3064 2984 2984 2958 2958 2958 2933 2933 2933 2908 2883 2883 2883 2883 2958 2958 2859 2835 2835 2883 2883 2883 0 2859 2859 2859 2859 2835 2835 2812 2812 2812 2812 2789 2789 2789 2812 2812 2789 2767 2744 2723 2701 2701 2701 2701 2701 2723 2723 2723 2701 2701 2701 2701 2789 2789 2789 2789 2789 2789 2812 2701 2701 2680 2680 2659 2659 2659 2659 2680 2723 2723 2723 2723 2723 0 0 0 0 0 0 0 0
0 0 0 0 0 0 0 0 0 0 0 0 2579 2579 2598 2598 2618 2618 2639 2639 2659 2659 2659 2680 2680 2680 2701 2701 2723 2723 2744 2744 2767 2767 2767 2767 2767 2789 2789 2812 2812 2835 2835 2835 2835 2835 2859 2859 2859 2908 2933 2933 2933 2933 2933 2958 2958 2984 2984 2984 3010 3010 3037 3064 3064 3092 3120 3120 3120 3149 3178 3178 3178 3208 3208 3238 3238 3269 3269 3269 3269 3300 3365 3365 3399 3399 3399 3433 3433 3433 3468 3468 3503 3539 3576 3576 3576 3576 3539 3503 3468 3433 3433 3399 3399 3399 3365 3365 3365 3399 3399 3365 3365 3365 3365 3365 3365 3365 3333 3333 3300 3300 3300 3300 3300 3300 3300 3269 3269 3269 3269 3269 3269 3269 3238 3238 3238 3238 3238 3238 3238 3238 3238 3208 3208 3178 3178 3178 3178 3149 3149 3178 3178 4983 4983 4983 5056 5132 5210 5132 5132 5132 5132 5210 5210 5291 5374 5374 5460 5460 5548 5548 5548 5548 5548 5548 5640 5640 5832 5832 5933 6038 5734 5734 5734 5734 5734 5548 5548 5460 5460 5460 5460 6375 6375 6375 6375 6375 6375 6497 6497 0 0 0 0 0 0 0 0 0 0 0 0 0 0 0 0 0 0 0 0 0 0 2618 2618 2618 2639 2767 2767 2767 2789 2835 2859 2883 2933 2958 3010 3037 2984 2984 2984 2958 2933 2908 2908 2933 2908 2908 2883 2883 2883 2883 2883 2883 2883 2883 2883 2883 2883 2883 2859 2859 2859 2883 2859 2835 2835 2812 2812 2812 2812 2812 2789 2789 2812 2789 2789 2789 2701 2701 2701 2701 2723 2723 2744 2744 2744 2723 2723 2723 2767 0 2767 2767 2767 2789 2812 2701 2701 2680 2680 2680 2680 2680 2680 2680 2744 2680 2680 2680 2701 2723 2723 0 0 0 0 0 0 0
0 0 0 0 0 0 0 0 0 0 0 0 2598 2579 2579 2598 2618 2618 2639 2639 2659 2680 2680 2680 2680 2680 2701 2701 2723 2744 2744 2744 2767 2767 2789 2789 2789 2789 2789 2812 2812 2835 2835 2835 2835 2835 2859 2859 2859 2908 2933 2933 2933 2933 2933 2958 2958 2984 2984 3010 3010 3010 3037 3064 3064 3092 3120 3120 3120 3149 3178 3178 3178 3208 3208 3238 3238 3269 3269 3269 3300 3333 3365 3399 3399 3399 3433 3433 3433 3433 3468 3503 3503 3539 3576 3576 3576 3539 3539 3503 3433 3433 3433 3399 3399 3399 3399 3399 3399 3365 3365 3365 3365 3365 3365 3365 3365 3365 3333 3333 3300 3300 3300 3300 3300 3269 3269 3269 3269 3269 3269 3269 3269 3269 3238 3238 3238 3208 3208 3238 3238 3238 3238 3208 3208 3178 3178 3178 3178 3178 3178 3178 3178 4983 4983 4983 5056 5132 5210 5132 5132 5132 5132 5210 5210 5210 5374 5460 5460 5460 5548 5548 5548 5548 5548 5548 5548 5548 5548 5832 5832 5734 5734 5734 5640 5640 5640 5548 5548 5460 5460 5460 5460 5460 6375 6375 6375 6375 6375 6497 0 0 0 0 0 0 0 0 0 0 0 0 0 0 0 0 0 0 0 0 0 0 0 2598 2598 2618 2639 2659 2659 2789 2789 2835 2859 2883 2933 2958 2984 3010 2958 2958 2958 2958 2933 2908 2908 2908 2908 2908 2883 2883 2883 2883 2883 2883 2883 2883 2883 2883 0 2883 2859 2859 2859 2859 2859 2835 2835 2835 2835 2835 2789 2789 2789 2789 2812 2789 2789 2789 2789 2744 2744 2767 2767 2767 2744 2744 2744 2789 2767 2767 2767 0 2744 2744 2744 2744 2767 2701 2680 2680 2680 2680 2680 2680 2701 2744 2744 2659 2659 2659 2659 2680 2723 0 0 0 0 0 0 0
0 0 0 0 0 0 0 0 0 0 0 0 0 2579 2579 2598 2598 2618 2639 2659 2659 2680 2680 2680 2680 2680 2701 2701 2701 2723 2744 2744 2767 2767 2789 2789 2789 2789 2789 2812 2812 2835 2835 2835 2835 2859 2859 2859 2859 2908 2908 2933 2933 2933 2933 2958 2958 2984 3010 3010 3010 3037 3037 3064 3064 3092 3120 3120 3149 3178 3178 3178 3178 3208 3208 3238 3269 3269 3269 3300 3300 3333 3365 3399 3399 3399 3433 3433 3433 3468 3468 3503 3503 3539 3576 3576 3576 3539 3539 3468 3433 3433 3433 3399 3399 3399 3399 3399 3399 3365 3365 3365 3365 3365 3365 3365 3365 3365 3333 3333 3333 3333 3300 3300 3300 3269 3269 3269 3269 3269 3269 3269 3269 3269 3269 3238 3238 3208 3208 3238 3238 3238 3238 3208 3208 3178 3178 3178 3178 3178 3178 3178 3178 3178 5056 5056 5056 5132 5210 5210 5132 5132 5132 5210 5210 5210 5374 5460 5460 5548 5548 5548 5640 5640 5640 5548 5548 5548 5548 5832 5832 5734 5734 5734 5640 5640 5640 5548 5548 5548 5460 5374 5374 5374 6375 6375 6375 6375 6375 6497 0 0 0 0 0 0 0 0 0 0 0 0 0 0 0 0 0 0 0 0 0 0 0 2598 2598 2639 2639 2639 2639 2812 2812 2859 2883 2883 2933 2958 2984 2984 2958 2933 2933 2958 2958 2908 2908 2908 2908 2908 2908 2883 2883 2883 2883 2883 2883 2883 2883 2883 2883 2883 2859 2859 2859 2859 2859 2859 2835 2835 2835 2744 2744 2744 2812 2812 2812 2812 2789 2789 2789 2789 2789 2767 2767 2767 2744 2744 2723 2723 2723 2767 2767 0 2723 2723 2723 2744 2744 2723 2680 2680 2680 2680 2701 2701 2744 2744 2744 2659 2659 2659 2659 2680 2723 0 0 0 0 0 0 0
0 0 0 0 0 0 0 0 0 0 0 0 0 2579 2579 2598 2598 2618 2639 2639 2659 2680 2680 2680 2680 2680 2701 2701 2701 2723 2744 2744 2767 2767 2789 2767 2767 2767 2767 2812 2812 2835 2835 2835 2835 2859 2859 2883 2883 2908 2908 2933 2933 2933 2958 2958 2984 2984 3010 3010 3037 3037 3037 3064 3092 3092 3120 3149 3149 3178 3178 3178 3178 3208 3208 3238 3269 3269 3300 3300 3333 3365 3365 3399 3399 3399 3433 3433 3433 3468 3468 3503 3503 3539 3576 3576 3576 3539 3503 3468 3433 3433 3433 3399 3399 3399 3399 3399 3399 3399 3399 3399 3365 3365 3365 3365 3365 3333 3333 3333 3333 3333 3333 3333 3300 3300 3300 3269 3269 3269 3269 3269 3269 3238 3238 3238 3238 3208 3208 3238 3238 3238 3238 3208 3208 3178 3178 3178 3178 3178 3178 3178 3178 3178 5056 5056 5056 5132 5210 5210 5210 5210 5210 5210 5210 5210 5291 5460 5460 5548 5548 5640 5640 5734 5734 5640 5640 5640 5640 5734 5734 5734 5640 5548 5548 5548 5548 5548 5548 5548 5374 5374 5374 0 0 0 0 0 0 0 0 0 0 0 0 0 0 0 0 0 0 0 0 0 0 0 0 0 0 0 0 0 0 2618 2618 2639 2639 2639 2618 2618 2859 2859 2883 2908 2958 2958 2984 2984 2958 2933 2933 2958 2958 2933 2933 2958 2958 2958 2958 2958 2958 2958 2908 2908 2908 2883 2883 2883 2883 2883 2883 2883 2883 2883 2859 2859 2859 2859 2859 2744 2744 2744 2744 2812 2812 2835 2789 2789 2789 2789 2789 2767 2767 2767 2744 2723 2701 2701 2680 2680 2680 2701 2701 2701 2701 2744 2744 2744 2723 2723 2701 2701 2723 2744 2744 2701 2701 2723 2723 2680 2680 2701 2701 0 0 0 0 0 0 0
0 0 0 0 0 0 0 0 0 0 0 0 0 2579 2579 2618 2618 2618 2639 2639 2659 2680 2680 2680 2680 2680 2701 2701 2701 2723 2744 2744 2744 2744 2767 2767 2767 2767 2767 2812 2812 2835 2835 2835 2835 2859 2859 2883 2883 2908 2908 2933 2933 2933 2958 2958 2984 2984 3010 3037 3037 3037 3064 3064 3092 3092 3120 3149 3149 3178 3178 3178 3178 3208 3238 3269 3269 3269 3300 3333 3333 3365 3365 3399 3399 3433 3433 3433 3468 3468 3503 3503 3503 3539 3576 3576 3576 3539 3503 3468 3433 3433 3399 3399 3399 3399 3399 3399 3399 3399 3399 3399 3365 3365 3365 3365 3365 3333 3333 3365 3365 3365 3333 3333 3300 3300 3300 3269 3269 3269 3269 3269 3269 3238 3238 3238 3238 3238 3238 3238 3238 3238 3238 3208 3208 3178 3178 3178 3178 3178 3178 3178 3178 3178 5132 5132 5132 5132 5210 5132 5132 5210 5210 5210 5210 5210 5291 5460 5460 5548 5640 5640 5734 5734 5640 5640 5640 5640 0 0 5640 5640 5548 5548 5548 5548 5548 5548 5548 5548 5374 5374 5460 5460 0 0 0 0 0 0 0 0 0 0 0 0 0 0 0 0 0 0 0 0 0 0 0 0 0 0 0 0 0 0 2639 2639 2639 2639 2618 2618 2859 2859 2883 2908 2958 2984 3010 3037 3037 2958 2958 2958 2958 2933 2933 2958 2958 2958 2958 2958 0 0 0 2883 2883 2883 2883 2883 2883 2908 2908 2883 2883 2883 2859 2859 2859 2835 2789 2767 2744 2744 2767 2789 2812 2835 2812 2789 2789 2789 2789 2767 2767 2767 2744 2701 2701 2701 2680 2680 2701 2701 2701 2701 2701 2744 2744 2767 2767 2767 2767 2767 2767 2680 2680 2701 2701 2723 2723 2723 2723 2701 2701 0 0 0 0 0 0 0
0 0 0 0 0 0 0 0 0 0 0 0 0 2598 2598 2618 2618 2618 2639 2639 2659 2680 2680 2680 2680 2680 2701 2701 2701 2701 2723 2744 2744 2744 2767 2767 2767 2767 2767 2789 2812 2812 2835 2835 2859 2859 2859 2883 2883 2908 2933 2933 2933 2958 2958 2958 2984 2984 3010 3037 3037 3037 3064 3092 3092 3120 3149 3149 3149 3178 3178 3178 3208 3208 3238 3269 3269 3269 3300 3333 3365 3399 3399 3399 3399 3433 3433 3433 3468 3503 3503 3503 3503 3539 3576 3576 3576 3539 3503 3468 3433 3399 3399 3399 3399 3399 3399 3399 3433 3399 3399 3399 3399 3399 3365 3365 3365 3333 3333 3365 3365 3365 3333 3333 3300 3300 3300 3300 3300 3269 3269 3269 3269 3269 3269 3238 3238 3238 3238 3238 3238 3238 3238 3208 3208 3178 3178 3178 3178 3178 3178 3178 3178 5056 5056 5132 5132 5210 5210 5132 5132 5210 5210 5210 5210 5210 5291 5460 5460 5548 5548 5640 5640 5640 5640 5640 5640 5640 0 5734 5640 5640 5548 5548 5548 5548 5548 5548 5548 5548 5460 5460 5460 0 0 0 0 0 0 0 0 0 0 0 0 0 0 0 0 0 0 0 0 0 0 0 0 0 0 0 0 0 0 0 2659 2659 2659 2659 2618 2618 2859 2859 2883 2933 2958 2984 3010 3037 3037 2984 2958 2958 2958 2933 2933 2958 2958 2958 2958 2958 2883 2883 2908 2908 2883 2883 2883 2908 2908 2908 2908 2883 2859 2859 2835 2835 2859 2835 2789 2767 2767 2767 2767 2789 2812 2835 2789 2767 2767 2767 2767 2767 2767 2744 2723 2701 2701 2701 2680 2680 2680 2701 2701 2723 2723 2744 2744 2767 2767 2789 2789 2767 2767 2680 2680 2723 2723 2723 2723 2723 2744 2723 2723 0 0 0 0 0 0 0
0 0 0 0 0 0 0 0 0 0 0 0 0 2598 2598 2618 2618 2618 2639 2639 2659 2680 2680 2701 2701 2701 2701 2701 2701 2701 2723 2744 2767 2767 2767 2744 2744 2767 2767 2789 2812 2812 2835 2835 2859 2859 2859 2883 2883 2908 2933 2933 2933 2958 2958 2984 2984 3010 3037 3037 3037 3064 3064 3092 3092 3120 3149 3149 3149 3178 3178 3178 3208 3238 3269 3269 3269 3300 3300 3333 3365 3399 3399 3399 3433 3433 3433 3433 3468 3503 3503 3503 3503 3539 3576 3576 3614 3576 3539 3503 3433 3399 3399 3399 3399 3399 3399 3399 3399 3433 3399 3399 3399 3399 3365 3365 3365 3333 3333 3365 3365 3365 3333 3333 3300 3300 3333 3300 3300 3300 3269 3269 3269 3269 3269 3238 3238 3238 3238 3238 3238 3238 3238 3238 3238 3208 3178 3178 3178 3178 3178 3178 3178 4983 4983 5132 5210 5210 5210 5132 5132 5210 5210 5291 5291 5291 5374 5460 5460 5548 5548 5548 5640 5640 5640 5640 5640 5640 0 5734 5734 5734 5734 5734 5734 5640 5640 5640 5548 5548 5460 5460 5460 5548 0 0 0 0 0 0 0 0 0 0 0 0 0 0 0 0 0 0 0 0 0 0 0 0 0 0 0 0 0 0 2680 2680 2659 2659 2639 2598 2598 2598 2958 2958 2958 2984 3010 3064 3037 2984 2958 2958 2958 2933 2933 2933 2958 2933 2908 2908 2883 2883 2908 2908 2883 2883 2883 2883 2908 2883 2883 2883 2859 2835 2812 2812 2835 2812 2812 2789 2789 2789 2812 2812 2812 2812 2789 2767 2767 2767 2767 2767 2723 2701 2701 2701 2701 2701 2680 2680 2680 2680 2701 2744 2744 2744 2744 2767 2789 2789 2789 2767 2723 2723 2744 2723 2723 2744 2723 2723 2723 2723 2723 0 0 0 0 0 0 0
0 0 0 0 0 0 0 0 0 0 0 0 0 2598 2598 2618 2618 2639 2639 2659 2659 2680 2680 2701 2701 2701 2701 2701 2701 2723 2723 2744 2767 2767 2767 2744 2744 2767 2767 2789 2812 2812 2835 2835 2859 2859 2859 2859 2883 2908 2933 2933 2933 2958 2958 2984 3010 3010 3037 3037 3064 3064 3064 3092 3092 3120 3149 3149 3149 3178 3178 3178 3208 3238 3269 3269 3300 3300 3300 3300 3365 3399 3399 3399 3433 3433 3433 3433 3503 3503 3503 3503 3503 3539 3576 3576 3614 3576 3539 3503 3433 3433 3433 3433 3399 3399 3399 3399 3399 3399 3399 3399 3365 3365 3365 3399 3365 3365 3365 3365 3365 3365 3365 3333 3333 3333 3333 3300 3300 3300 3269 3269 3269 3269 3269 3238 3238 3238 3238 3238 3238 3238 3238 3238 3238 3208 3208 3208 3208 3178 3178 3178 3208 4983 4983 5132 5210 5210 5210 5132 5132 5210 5210 5291 5291 5291 5374 5460 5460 5460 5548 5548 5640 5640 5640 5640 5640 5640 0 5734 5734 5734 5734 5734 5832 5832 5548 5548 5548 5548 5460 5460 5548 5548 5640 0 0 0 0 0 0 0 0 0 0 0 0 0 0 0 0 0 0 2560 2560 2579 0 0 0 2598 2598 2618 2618 2618 2701 2701 2680 2659 2639 2598 2598 2598 2958 2958 2958 2984 3010 3064 3010 3010 2958 2958 2958 2933 2908 2908 2908 2933 2908 2908 2883 2883 2883 2908 2883 2883 2883 2883 2883 2859 2859 2883 2859 2835 2789 2789 2835 2812 2812 2789 2789 2789 2812 2812 2812 2812 2789 2789 2789 2789 2767 2767 2723 2701 2701 2701 2723 2744 2701 2680 2680 2680 2701 2744 2744 2744 2767 2767 2789 2767 2767 2744 2723 2723 2744 2723 2701 2701 2701 2701 2723 2723 0 0 0 0 0 0 0 0
0 0 0 0 0 0 0 0 0 0 0 0 0 2598 2598 2618 2618 2639 2639 2659 2659 2680 2680 2680 2701 2701 2701 2701 2701 2723 2744 2767 2767 2789 2789 2767 2767 2767 2767 2789 2812 2812 2835 2835 2859 2859 2859 2859 2883 2908 2933 2933 2958 2958 2958 2984 3010 3037 3037 3037 3064 3064 3064 3092 3120 3149 3149 3149 3178 3178 3178 3178 3238 3238 3269 3269 3300 3300 3300 3300 3333 3365 3399 3399 3433 3433 3433 3468 3503 3503 3503 3539 3539 3576 3576 3576 3614 3576 3539 3503 3468 3433 3433 3433 3433 3399 3399 3399 3399 3399 3399 3399 3365 3365 3365 3399 3365 3365 3365 3365 3365 3365 3365 3333 3333 3333 3333 3300 3300 3300 3300 3300 3300 3300 3269 3269 3269 3238 3238 3238 3238 3238 3238 3238 3238 3238 3208 3208 3208 3178 3178 3178 3178 5056 5056 5132 5210 5210 5291 5210 5210 5210 5210 5291 5374 5374 5460 5460 5460 5460 5548 5548 5640 5640 5734 5734 5734 5734 5832 5734 5734 5734 5933 5933 5832 5832 5832 5548 5548 5548 5548 5548 5640 5640 5640 0 0 0 0 0 0 0 0 0 0 0 0 0 0 0 0 0 0 2560 2560 2579 2579 2579 2598 2598 2598 2618 2618 2618 2701 2701 2680 2659 2659 2659 2659 2659 2984 2984 2984 2984 3010 3064 2984 2984 2958 2958 2958 2933 2908 2908 2908 2933 2908 2908 2883 2883 2883 2908 2883 2883 2883 2883 2883 2859 2859 2883 2835 2835 2789 2789 2835 2812 2812 2812 2812 2812 2835 2835 2835 2835 2789 2789 2789 2789 2767 2767 2723 2723 2723 2723 2744 2744 2744 2744 2723 2701 2701 2744 2767 2835 2789 2767 2767 2744 2723 2723 2723 2723 2701 2701 2701 2701 2701 2701 2723 2723 0 0 0 0 0 0 0 0
0 0 0 0 0 0 0 0 0 0 0 0 0 2598 2598 2618 2618 2639 2639 2659 2659 2680 2680 2680 2701 2701 2701 2701 2723 2723 2744 2767 2767 2789 2789 2767 2767 2767 2767 2789 2812 2812 2835 2835 2859 2859 2859 2859 2883 2908 2933 2933 2958 2958 2958 2984 3010 3037 3037 3037 3064 3064 3064 3092 3120 3149 3149 3149 3178 3178 3178 3208 3238 3238 3269 3300 3300 3300 3300 3300 3333 3365 3399 3399 3433 3433 3433 3468 3503 3503 3503 3539 3539 3576 3576 3576 3614 3576 3539 3503 3468 3468 3433 3433 3433 3399 3399 3399 3399 3399 3399 3399 3399 3399 3399 3399 3365 3365 3365 3365 3365 3365 3365 3365 3365 3333 3300 3300 3269 3269 3300 3300 3300 3300 3269 3269 3269 3238 3238 3238 3238 3238 3238 3238 3238 3238 3208 3208 3178 3178 3178 3178 3178 5056 5056 5210 5210 5291 5291 5210 5210 5210 5291 5374 5374 5374 5460 5460 5460 5460 5548 5548 5640 5734 5734 5832 5933 5933 5832 5832 5832 5832 5933 5933 5832 5832 5734 5640 5640 5548 5548 5548 5640 5460 5460 0 0 0 0 0 0 0 0 0 0 0 0 0 0 0 0 0 0 2560 2560 2560 2579 2579 2598 2598 2598 2618 2618 2618 2618 2639 2639 2639 2639 2639 2659 2659 3064 3064 3010 3010 3037 3064 2984 2984 2958 2958 2958 2933 2933 2908 2908 2933 2908 2908 2883 2883 2883 2908 2883 2883 2883 2883 2883 2883 2883 2883 2835 2835 2812 2812 2835 2812 2812 2812 2812 2812 2835 2835 2835 2835 2789 2789 2789 2789 2767 2767 2744 2744 2744 2744 2744 2744 2744 2744 2723 2701 2701 2744 2767 2812 2789 2744 2744 2744 2723 2723 2701 2701 2701 2701 2701 2701 2701 2723 2723 2723 2723 0 0 0 0 0 0 0
0 0 0 0 0 0 0 0 0 0 0 0 0 2598 2598 2598 2618 2618 2639 2659 2680 2680 2680 2680 2701 2701 2701 2701 2723 2744 2767 2767 2767 2789 2789 2767 2767 2789 2789 2812 2812 2835 2835 2859 2859 2859 2859 2859 2883 2933 2933 2933 2958 2958 2958 2984 3010 3037 3037 3037 3064 3064 3064 3092 3120 3149 3149 3149 3178 3178 3178 3208 3238 3269 3269 3300 3300 3300 3300 3300 3333 3399 3399 3399 3433 3433 3468 3468 3503 3539 3539 3539 3539 3539 3614 3614 3614 3539 3503 3503 3503 3468 3468 3468 3433 3433 3433 3399 3399 3399 3399 3399 3399 3399 3399 3399 3365 3365 3365 3365 3365 3365 3365 3365 3365 3333 3300 3300 3269 3269 3300 3300 3300 3300 3269 3269 3269 3238 3238 3238 3238 3238 3238 3238 3238 3208 3208 3208 3178 3178 3178 3178 3178 5210 5210 5210 5210 5291 5291 5210 5210 5210 5291 5374 5460 5460 5460 5460 5460 5548 5640 5640 5640 5734 5734 5933 5933 5933 5933 5832 5832 5933 5933 5933 5832 5832 5734 5640 5640 5548 5548 5640 5640 5460 5460 5548 0 0 0 0 0 0 0 0 0 0 0 0 0 0 0 0 0 2560 2560 2560 2579 2598 2598 2598 2598 2618 2598 2598 2618 2639 2639 2639 2639 2639 2680 0 0 3064 3010 3010 3064 3037 2984 2908 2908 2958 2958 2933 2933 2933 2933 2958 2933 2933 2908 2908 2908 2933 2883 2883 2958 2908 2908 2908 2908 2908 2883 2859 2835 2835 2835 2835 2835 2835 2859 2859 2859 2835 2835 2835 2812 2789 2789 2789 2789 2767 2767 2767 2767 2744 2744 2744 2744 2744 2723 2701 2701 2723 2767 2812 2767 2744 2744 2723 2701 2701 2701 2701 2701 2701 2701 2701 2701 2701 2701 2723 2723 0 0 0 0 0 0 0
0 0 0 0 0 0 0 0 0 0 0 0 0 2598 2598 2598 2618 2618 2639 2659 2680 2680 2680 2701 2701 2701 2701 2723 2723 2744 2767 2767 2767 2767 2789 2789 2789 2789 2812 2835 2835 2835 2835 2859 2859 2859 2883 2883 2908 2933 2958 2958 2958 2958 2958 2984 3010 3037 3037 3037 3064 3064 3064 3092 3120 3149 3149 3178 3178 3178 3178 3208 3238 3269 3269 3300 3300 3300 3333 3333 3333 3365 3399 3399 3433 3433 3468 3503 3503 3503 3503 3539 3539 3539 3614 3614 3614 3539 3503 3503 3503 3468 3468 3468 3433 3433 3433 3433 3433 3433 3399 3399 3399 3399 3399 3399 3365 3365 3365 3365 3365 3365 3365 3365 3365 3365 3333 3300 3269 3269 3300 3300 3300 3300 3269 3269 3269 3238 3238 3238 3238 3238 3238 3238 3238 3208 3208 3208 3178 3178 3178 3178 3178 5210 5210 5210 5210 5291 5291 5210 5210 5210 5291 5374 5460 5460 5460 5460 5460 5548 5640 5640 5640 5734 5734 5832 5832 5832 5832 5832 5832 5933 5933 5933 5832 5832 5734 5734 5734 5548 5548 5640 5640 5460 5460 5548 5640 0 0 0 0 0 0 0 0 0 0 0 0 0 0 0 0 2560 2560 2560 2579 2579 2579 2598 2598 2598 2598 2598 2618 2618 2618 2639 2639 2659 2659 2659 0 3064 3010 3010 3037 3037 2984 2908 2908 2958 2958 2958 2958 2958 2958 2984 2933 2908 2908 2933 2933 2933 2933 2933 2958 2958 2933 2933 2908 2883 2883 2883 2859 2859 2859 2835 2835 2835 2859 2859 2859 2859 2835 2835 2812 2812 2789 2789 2812 2789 2789 2789 2767 2744 2744 2723 2723 2744 2723 2701 2701 2723 2767 2789 2767 2723 2723 2701 2701 2701 2701 2701 2701 2701 2723 2701 2701 2701 2701 2723 0 0 0 0 0 0 0 0
0 0 0 0 0 0 0 0 0 0 0 0 0 2618 2618 2618 2639 2639 2659 2680 2680 2701 2701 2701 2701 2723 2723 2723 2744 2744 2767 2767 2767 2767 2789 2789 2789 2789 2812 2835 2835 2835 2859 2859 2859 2859 2883 2883 2908 2933 2958 2958 2958 2958 2984 2984 3010 3037 3037 3037 3064 3064 3064 3120 3149 3149 3149 3178 3178 3178 3208 3208 3238 3269 3269 3300 3300 3300 3333 3333 3365 3365 3399 3399 3433 3433 3468 3503 3503 3503 3503 3539 3539 3539 3614 3614 3614 3539 3539 3503 3503 3468 3468 3468 3468 3468 3468 3468 3468 3468 3399 3399 3399 3399 3399 3399 3365 3365 3365 3365 3365 3365 3365 3365 3365 3365 3365 3300 3300 3300 3300 3300 3269 3269 3269 3269 3269 3269 3269 3238 3238 3238 3238 3238 3238 3208 3208 3208 3178 3178 3178 3178 3178 5210 5210 5210 5210 5291 5291 5210 5210 5210 5291 5374 5374 5374 5374 5460 5460 5548 5640 5640 5640 5640 5640 5640 5832 5832 5832 5734 5734 5832 5832 5832 5832 5832 5832 5832 5734 5548 5548 5640 5832 5548 5548 5548 5640 0 0 5933 5933 0 0 0 0 0 0 0 0 0 0 0 0 0 2560 2560 2579 2560 2560 2560 2598 2598 2598 2598 2598 2618 2618 2618 2618 2618 2618 0 2984 2984 2984 2984 3037 3064 2984 2984 2958 2958 2958 2958 2958 2958 2958 2984 2933 2908 2908 2933 2933 2883 2883 2883 2958 2958 2958 2933 2908 2883 2883 2883 2908 2883 2883 2859 2835 2835 2859 2859 2859 2859 2835 2835 2835 2812 2812 2812 2812 2812 2789 2789 2767 2744 2744 2723 2723 2744 2744 2723 2723 2744 2789 2767 2744 2723 2723 2701 2701 2701 2701 2680 2680 2701 2701 2701 2680 2680 2680 2680 0 0 0 0 0 0 0 0
0 0 0 0 0 0 0 0 0 0 0 0 0 2618 2618 2618 2639 2659 2659 2680 2680 2701 2701 2701 2701 2723 2723 2723 2744 2744 2767 2767 2767 2789 2789 2789 2789 2812 2835 2835 2835 2835 2859 2859 2859 2859 2883 2908 2933 2933 2958 2958 2958 2984 2984 3010 3037 3037 3037 3064 3064 3092 3120 3120 3149 3149 3178 3178 3178 3178 3208 3208 3238 3269 3269 3300 3300 3300 3333 3365 3365 3399 3399 3399 3433 3468 3468 3503 3503 3503 3539 3539 3576 3576 3614 3653 3614 3576 3539 3503 3503 3468 3468 3468 3468 3468 3468 3433 3433 3433 3433 3433 3433 3433 3399 3399 3399 3399 3399 3365 3365 3365 3365 3365 3365 3365 3333 3333 3333 3333 3300 3300 3269 3269 3269 3269 3269 3269 3269 3238 3238 3238 3238 3238 3238 3208 3208 3208 3208 3178 3178 3178 3178 3178 5291 5291 5291 5291 5291 5210 5210 5210 5210 5291 5374 5374 5374 5460 5460 5548 5640 5548 5548 5548 5548 5640 5734 5734 5832 5734 5734 5734 5734 5832 5832 5832 5832 5832 5734 5640 5640 5640 5832 5832 5933 5933 5832 5832 0 5832 5832 5832 0 0 0 0 0 0 0 0 0 0 0 0 0 0 2579 2560 2560 2560 2598 2598 2598 2598 2598 2618 2618 2618 2618 0 0 0 0 2984 2984 2984 3037 3064 3064 3064 2984 2984 2958 2958 2958 2958 2958 2958 2958 2958 2958 2958 2933 2883 2883 2883 2908 2933 2958 2908 2908 2908 2883 2883 2933 2908 2883 2859 2835 2835 2859 2859 2859 2859 2859 2859 2859 2859 2835 2835 2835 2812 2812 2789 2767 2767 2767 2744 2744 2767 2767 2767 2859 2789 2789 2744 2744 2701 2680 2680 2701 2701 2701 2680 2680 2680 2680 2659 2659 2659 2680 2680 0 0 0 0 0 0 0 0
0 0 0 0 0 0 0 0 0 0 0 0 0 2598 2598 2618 2639 2659 2680 2680 2701 2701 2701 2701 2701 2723 2723 2723 2744 2744 2767 2767 2789 2789 2789 2789 2789 2812 2835 2835 2835 2835 2859 2859 2859 2883 2883 2908 2933 2933 2958 2958 2984 3010 3010 3010 3037 3037 3037 3064 3064 3092 3120 3149 3149 3149 3178 3178 3178 3208 3238 3238 3269 3269 3300 3300 3300 3333 3365 3399 3399 3399 3399 3433 3433 3468 3503 3503 3503 3503 3539 3539 3576 3614 3614 3653 3614 3576 3539 3503 3503 3468 3468 3468 3468 3433 3433 3433 3433 3433 3433 3433 3433 3399 3399 3399 3399 3399 3399 3365 3365 3365 3365 3365 3365 3365 3333 3333 3333 3333 3300 3300 3300 3269 3269 3269 3269 3269 3269 3269 3269 3238 3238 3238 3238 3238 3238 3238 3208 3208 3178 3178 3178 3178 5291 5291 5291 5291 5291 5210 5210 5210 5210 5291 5374 5374 5460 5460 5548 5548 5640 5548 5548 5548 5548 5640 5734 5734 5734 5734 5734 5548 5548 5734 5832 5734 5734 5832 5933 5933 5933 5933 5832 5832 5933 5933 5832 5832 5832 5832 5832 5832 0 0 0 0 0 0 0 0 0 0 0 0 0 0 0 2560 2560 2579 2598 2598 2598 2598 2598 2618 2618 2618 2618 0 2212 2212 2198 2198 2184 3092 3092 3092 3092 3092 2984 2984 2984 2984 2958 2958 2958 2958 2958 2958 2958 2958 2908 2883 2883 2883 2908 2933 2958 2908 2908 2908 2883 2883 2958 2958 2984 2984 3010 3064 3064 3037 2883 2883 2908 2908 2908 2958 2958 2958 2908 2883 2883 2859 2859 2859 2859 2883 2883 2812 2812 2859 2859 2789 2789 2744 2723 2680 2680 2680 2680 2680 2701 2680 2680 2485 2485 2485 2485 2618 2639 2659 2381 2381 0 0 0 0 0 0
0 0 0 0 0 0 0 0 0 0 0 0 0 2598 2598 2618 2639 2659 2680 2680 2680 2701 2701 2701 2701 2723 2723 2723 2744 2767 2767 2767 2789 2789 2789 2789 2789 2812 2835 2835 2835 2835 2859 2859 2883 2883 2908 2908 2933 2933 2958 2958 2984 3010 3010 3010 3037 3037 3037 3064 3064 3092 3092 3149 3149 3149 3178 3178 3178 3208 3238 3269 3269 3300 3300 3300 3300 3365 3365 3399 3399 3399 3433 3433 3433 3468 3503 3503 3539 3539 3576 3576 3576 3614 3614 3653 3653 3614 3539 3539 3503 3468 3468 3468 3468 3433 3433 3433 3433 3433 3433 3433 3433 3399 3399 3399 3399 3399 3399 3399 3365 3365 3365 3365 3365 3365 3365 3333 3333 3333 3300 3300 3300 3300 3300 3269 3269 3269 3269 3269 3269 3269 3269 3269 3238 3238 3238 3238 3238 3208 3208 3208 3238 3238 5374 5374 5374 5374 5291 5210 5210 5291 5291 5291 5374 5460 5460 5460 5548 5548 5640 5734 5734 5734 5734 5734 5734 5734 5734 5734 5734 5548 5548 5734 5832 5734 5734 5832 5933 6038 0 6038 6038 5933 0 5933 5933 5832 5832 5832 5933 5933 0 0 0 0 0 0 0 0 0 0 0 0 0 0 2560 2560 2560 2579 2618 2618 2598 2598 2598 2618 2618 2618 2618 2226 2212 2212 2198 2198 2184 2184 2198 2212 2212 2198 2198 2198 2958 2958 2958 2958 2958 2984 2984 2984 2984 2958 2908 2908 2908 2908 2933 2958 2958 2933 2933 2958 2958 2958 2958 2958 2984 2984 3010 3064 3064 3037 3010 2958 2958 2958 2984 3010 3010 2984 2984 2958 2958 2958 2958 2908 2908 2908 2908 2883 2883 2883 2933 2883 2835 2639 2639 2680 2680 2680 2680 2680 2680 2450 2450 2450 2450 2450 2450 2450 2432 2381 2381 2381 0 0 0 0 0 0
0 0 0 0 0 0 0 0 0 0 0 0 0 2618 2618 2618 2639 2680 2680 2680 2680 2701 2701 2701 2723 2723 2744 2744 2744 2767 2767 2767 2789 2789 2789 2789 2789 2835 2835 2835 2835 2835 2859 2883 2883 2908 2908 2933 2933 2958 2958 2958 2984 3010 3010 3037 3037 3037 3037 3064 3064 3092 3092 3120 3149 3149 3178 3178 3178 3208 3238 3269 3269 3300 3300 3300 3300 3365 3399 3399 3399 3399 3433 3433 3433 3468 3503 3539 3539 3539 3576 3576 3576 3614 3614 3653 3692 3614 3576 3539 3503 3468 3468 3468 3503 3468 3468 3433 3433 3433 3433 3433 3433 3399 3399 3399 3399 3399 3399 3399 3399 3365 3365 3365 3365 3365 3365 3333 3333 3333 3300 3300 3300 3300 3300 3300 3269 3269 3269 3269 3269 3269 3269 3269 3238 3238 3269 3238 3238 3208 3208 3178 3178 3178 5374 5374 5291 5291 5374 5291 5291 5291 5291 5291 5374 5460 5460 5548 5548 5640 5640 5640 5734 5734 5734 5832 5832 5832 5832 5734 5734 5548 5548 5734 5734 5734 5734 5832 5832 5832 5832 0 0 0 5832 5832 5832 5832 5832 5933 5832 5832 0 0 6753 6753 6753 0 0 0 0 0 0 0 0 0 2560 2560 2560 2579 2333 2317 2271 2271 2241 2241 2226 2226 2226 2226 2226 2212 2198 2198 2184 2184 2198 2198 2198 2198 2198 2170 0 2170 2958 2958 2958 2984 2984 2984 3010 2984 2933 2908 2908 2933 2958 3010 3064 3064 3064 3064 3037 2984 2984 2984 2984 3010 3037 3064 3092 3064 3064 3037 3037 3037 3037 3037 3037 2432 2415 2415 2984 2958 2958 2908 2908 2908 2908 2485 2485 2467 2467 2467 2503 2467 2467 2450 2450 2450 2503 2503 2415 2415 2415 2432 2432 2450 2450 2450 2432 2381 2381 2381 0 0 0 0 0 0
0 0 0 0 0 0 0 0 0 0 0 0 0 2618 2618 2618 2659 2680 2680 2680 2680 2680 2680 2701 2723 2723 2744 2744 2767 2767 2767 2789 2789 2789 2789 2812 2812 2835 2835 2835 2835 2859 2859 2883 2883 2908 2908 2933 2933 2958 2958 2958 2984 3010 3010 3037 3037 3037 3037 3064 3092 3092 3120 3120 3149 3149 3178 3178 3178 3208 3238 3269 3300 3300 3300 3300 3333 3365 3399 3399 3399 3399 3433 3433 3433 3433 3468 3503 3539 3539 3576 3576 3576 3614 3653 3653 3653 3614 3576 3539 3503 3468 3468 3468 3503 3468 3468 3433 3433 3433 3433 3433 3433 3399 3399 3399 3399 3399 3399 3399 3399 3399 3365 3365 3365 3365 3365 3333 3333 3333 3333 3300 3300 3300 3300 3300 3300 3300 3300 3300 3269 3269 3238 3238 3238 3269 3269 3238 3238 3208 3208 3178 3178 3178 5291 5291 5291 5291 5291 5291 5291 5291 5374 5374 5374 5460 5460 5548 5548 5640 5640 5640 5734 5734 5832 5832 5933 5933 5832 5734 5548 5548 5548 5548 5548 5548 0 0 0 0 0 0 0 5734 5832 5832 5832 5832 5832 5933 5832 5832 5832 6753 6753 6753 6753 6889 0 0 0 0 0 0 0 0 0 2598 2598 2333 2317 2317 2271 2271 2241 2241 2226 2226 2226 2226 2226 2212 2212 2198 2198 2198 2184 2184 2170 2170 2170 2170 2156 2170 2170 2156 2156 2156 3092 3092 3149 3120 3064 3010 3010 3010 3064 3092 3120 3092 3092 3092 3037 2984 2984 2958 2958 2984 3010 3037 3092 3092 3092 3064 3037 3037 3037 2560 2541 2432 2415 2415 2579 2560 2541 2503 2503 2522 2503 2485 2485 2467 2467 2467 2485 2467 2432 2432 2450 2450 2467 2467 2450 2415 2415 2432 2432 2450 2450 2450 2450 2415 2398 2398 0 0 0 0 0 0
0 0 0 0 0 0 0 0 0 0 0 0 0 2618 2618 2618 2659 2680 2680 2680 2680 2680 2680 2701 2723 2723 2744 2744 2767 2767 2767 2789 2812 2812 2812 2812 2812 2835 2835 2835 2835 2859 2859 2859 2883 2908 2908 2933 2933 2958 2958 2984 2984 3010 3010 3037 3037 3037 3064 3064 3092 3120 3120 3149 3149 3149 3178 3178 3178 3208 3238 3269 3300 3300 3300 3300 3333 3365 3399 3399 3399 3399 3433 3433 3433 3433 3468 3503 3539 3539 3576 3576 3614 3614 3653 3653 3653 3576 3576 3539 3503 3503 3503 3503 3503 3503 3468 3468 3468 3468 3468 3468 3433 3433 3399 3399 3399 3399 3399 3399 3399 3399 3365 3365 3365 3365 3365 3365 3365 3365 3333 3333 3333 3333 3300 3300 3300 3300 3300 3300 3269 3269 3238 3238 3238 3269 3269 3238 3238 3238 3208 3178 3178 3178 5291 5291 5291 5291 5291 5291 5291 5291 5374 5374 5374 5460 5460 5548 5640 5640 5734 5734 5734 5832 5832 5832 5832 5933 5832 5734 5548 5548 5548 5548 0 0 0 0 0 0 5548 5548 5548 5734 5734 5734 5832 5832 5832 5933 5933 6146 6146 6375 6622 6622 6753 6753 6753 0 0 0 0 0 0 0 0 2349 2317 2317 2317 2317 2286 2271 2256 2256 2241 2226 2212 2212 2241 2226 2212 2198 2198 2198 2184 2184 2170 2156 2156 2156 2156 2156 2156 2156 2156 2156 3149 3149 3178 3178 3149 3120 3064 3064 3064 3092 3149 3120 3120 3092 3037 2984 2984 2958 2958 2984 3010 3037 3092 2598 2598 2598 2598 2579 2579 2560 2541 2541 2560 2579 2579 2560 2541 2503 2503 2522 2503 2503 2503 2485 2485 2485 2485 2450 2432 2432 2450 2450 2467 2467 2450 2450 2432 2432 2432 2450 2450 2450 2450 2432 2415 2415 0 0 0 0 0 0
0 0 0 0 0 0 0 0 0 0 0 0 0 2618 2618 2639 2659 2659 2680 2680 2680 2701 2701 2701 2723 2723 2744 2744 2767 2767 2767 2789 2812 2812 2812 2812 2812 2835 2835 2835 2835 2859 2859 2859 2883 2908 2908 2933 2933 2933 2958 2984 2984 3010 3010 3037 3037 3037 3064 3064 3092 3120 3120 3149 3149 3178 3178 3178 3208 3208 3269 3269 3300 3300 3300 3300 3333 3365 3399 3399 3399 3433 3433 3433 3433 3433 3468 3539 3539 3539 3576 3576 3614 3614 3653 3653 3653 3576 3576 3576 3539 3503 3503 3503 3503 3503 3468 3468 3468 3468 3468 3468 3433 3433 3433 3399 3399 3399 3399 3399 3399 3399 3399 3399 3399 3399 3365 3365 3365 3365 3365 3333 3333 3333 3300 3300 3300 3300 3300 3300 3269 3269 3269 3269 3238 3238 3238 3238 3238 3238 3238 3208 3208 3208 5291 5291 5291 5291 5374 5291 5291 5374 5374 5374 5374 5460 5460 5548 5640 5640 5734 5734 5734 5832 5832 5832 5832 5832 5832 5832 5832 0 0 5832 5832 5933 0 0 0 0 0 5548 5548 5548 5548 5548 5832 5832 5832 5933 6038 6146 6146 6259 6497 6622 6753 6753 6753 0 0 0 0 0 0 2349 2349 2349 2349 2317 2317 2317 2286 2286 2271 2271 2271 2226 2212 2212 2241 2226 2226 2212 2198 2198 2184 2184 2170 2156 2156 2156 2156 2156 2143 2143 2156 2156 3208 3178 3178 3178 3149 3149 3092 3092 3092 3092 3178 3178 0 0 0 0 0 2659 2618 2618 2618 2618 2618 2598 2598 2598 2598 2579 2579 2579 2579 2579 2598 2598 2579 2579 2560 2522 2522 2522 2503 2503 2503 2503 2503 2485 2485 2450 2432 2432 2450 2450 2467 2467 2467 2467 2450 2450 2450 2450 2450 2467 2467 2485 2467 2467 0 0 0 0 0 0
0 0 0 0 0 0 0 0 0 0 0 0 0 2618 2618 2639 2659 2659 2680 2680 2680 2701 2701 2701 2701 2723 2744 2744 2767 2767 2767 2789 2812 2812 2835 2812 2812 2835 2835 2835 2835 2859 2859 2859 2883 2908 2908 2933 2933 2933 2958 2984 3010 3037 3037 3037 3037 3037 3064 3064 3092 3120 3149 3149 3149 3178 3178 3178 3208 3238 3269 3269 3300 3300 3300 3300 3333 3365 3399 3399 3399 3433 3433 3433 3433 3468 3468 3539 3539 3539 3576 3576 3614 3614 3614 3653 3653 3539 3539 3539 3539 3539 3503 3503 3503 3503 3503 3468 3468 3468 3468 3468 3433 3433 3433 3399 3399 3399 3399 3399 3399 3399 3399 3399 3399 3399 3365 3365 3365 3365 3365 3365 3365 3333 3333 3333 3300 3300 3300 3269 3269 3269 3269 3269 3238 3238 3238 3238 3238 3238 3238 3238 3269 3269 5291 5291 5291 5374 5374 5291 5291 5291 5291 5291 5374 5460 5548 5640 5734 5734 5734 5734 5832 5832 5933 5933 0 0 0 0 0 0 5832 5832 5832 5933 5933 5933 5832 5734 5640 5548 5548 5548 5548 5548 5734 5933 5933 5933 6038 6146 6146 6259 6375 6497 6753 6753 6753 0 0 0 0 0 0 2349 2349 2349 2349 2349 2317 2317 2301 2301 2301 2301 2639 2639 2639 2639 2659 2680 2241 2241 2212 2212 2184 2184 2170 2156 2156 2156 2156 2156 2143 2129 2129 2129 2129 0 2103 0 0 0 3092 3092 0 0 0 0 0 0 0 0 0 2618 2618 2579 2579 2598 2618 2598 2598 2598 2598 2598 2579 2579 2598 2598 2598 2598 2579 2579 2560 2522 2522 2522 2503 2503 2522 2522 2522 2522 2522 2560 2503 2485 2485 2503 2503 2503 2522 2503 2503 2467 2467 2467 2485 2503 2485 2485 2485 0 0 0 0 0 0 0
0 0 0 0 0 0 0 0 0 0 0 0 0 2598 2598 2639 2659 2659 2680 2680 2680 2701 2701 2701 2701 2723 2744 2744 2767 2767 2767 2789 2812 2812 2835 2812 2812 2835 2835 2835 2859 2859 2859 2883 2883 2908 2908 2933 2933 2933 2984 2984 3010 3037 3037 3037 3064 3064 3064 3064 3092 3120 3149 3149 3149 3178 3178 3178 3208 3238 3269 3269 3300 3300 3300 3300 3333 3365 3399 3399 3433 3433 3468 3468 3468 3468 3503 3539 3539 3539 3576 3576 3614 3614 3614 3653 3653 3539 3539 3539 3539 3503 3503 3503 3503 3503 3503 3468 3468 3503 3468 3468 3433 3433 3433 3433 3399 3399 3399 3399 3399 3399 3399 3399 3399 3399 3399 3365 3365 3365 3365 3365 3365 3365 3333 3333 3269 3269 3269 3269 3269 3269 3269 3269 3269 3269 3269 3269 3269 3238 3238 3269 3269 3333 5374 5374 5374 5460 5374 5374 5291 5291 5291 5291 5374 5460 5548 5734 5734 5734 5832 5832 5832 5832 5933 5933 5933 0 0 0 0 0 5832 5832 5832 5933 5933 5933 5832 5734 5640 5548 5548 5548 5548 5640 5734 5832 5832 5933 6038 6146 6259 6259 6375 6497 6622 6622 6753 6753 0 0 0 0 0 2349 2349 2349 2365 2365 2598 2317 2317 2317 2317 2659 2639 2618 2618 2639 2659 2659 2701 0 0 0 0 0 0 0 0 2170 2156 2156 2143 2103 2103 2103 2103 0 0 0 0 0 0 0 0 0 0 0 0 0 0 0 0 2618 2598 2579 2579 2579 2598 2618 2618 2618 2618 2618 2598 2598 2618 2598 2598 2598 2579 2579 2579 2541 2541 2522 2522 2522 2579 2522 2522 2560 2560 2579 2598 2598 2522 2522 2522 2522 2522 2522 2522 2541 2541 2541 2503 2503 2485 2485 2485 0 0 0 0 0 0 0
0 0 0 0 0 0 0 0 0 0 0 0 0 2598 2598 2618 2639 2659 2680 2680 2701 2701 2701 2701 2723 2723 2723 2744 2767 2767 2767 2789 2789 2812 2812 2812 2812 2835 2835 2835 2859 2859 2859 2883 2883 2908 2908 2933 2933 2933 2984 2984 3010 3037 3037 3037 3064 3064 3064 3092 3092 3120 3149 3149 3178 3178 3178 3208 3208 3238 3269 3269 3300 3300 3300 3300 3333 3365 3399 3399 3433 3433 3468 3468 3503 3503 3503 3539 3539 3539 3539 3576 3576 3614 3653 3692 3653 3576 3539 3539 3503 3503 3503 3503 3503 3503 3503 3468 3468 3503 3503 3468 3433 3433 3433 3433 3399 3399 3399 3399 3399 3399 3399 3399 3399 3399 3399 3365 3365 3365 3365 3365 3399 0 0 0 3269 3238 3238 3269 3269 3269 3269 3269 3269 3269 3269 3269 3269 3269 3269 3269 3269 3300 5460 5460 5460 5460 5460 5374 5374 5291 5291 5291 5374 5460 5548 5734 5734 5734 5832 5832 5832 5832 5933 5933 5933 0 0 0 0 0 5832 5832 5933 5933 5933 6038 5933 5734 5640 5548 5548 5548 5548 5640 5832 5832 5832 5933 5933 6038 6146 6259 6375 6622 6622 6622 6753 6753 0 0 2398 2398 2398 2349 2349 2349 2365 2365 2598 2598 2579 2579 2618 2618 2639 2618 2618 2639 2659 2659 2701 0 0 0 0 0 0 0 0 0 0 0 0 2103 2103 2103 2103 2143 0 0 0 0 0 0 0 0 0 0 0 0 0 0 0 0 2598 2522 2522 2560 2579 2618 2618 2618 2618 2618 2618 2618 2639 2639 2639 2639 2883 2883 2883 2618 2618 2618 2598 2598 2639 2639 2701 2701 2701 2789 2598 2598 2560 2541 2541 2579 2579 2560 2560 2579 2723 2598 2503 2503 2503 2485 2485 0 0 0 0 0 0 0
0 0 0 0 0 0 0 0 0 0 0 0 0 2618 2618 2618 2639 2659 2680 2680 2701 2701 2701 2701 2723 2723 2723 2744 2767 2767 2767 2789 2789 2812 2812 2812 2812 2835 2835 2859 2859 2859 2883 2883 2883 2908 2908 2933 2933 2958 2984 2984 3010 3037 3037 3037 3037 3064 3064 3092 3092 3120 3149 3149 3178 3178 3178 3208 3238 3269 3269 3269 3300 3300 3300 3300 3333 3365 3399 3399 3433 3433 3433 3468 3503 3503 3539 3539 3539 3539 3539 3576 3576 3614 3614 3692 3653 3576 3539 3503 3503 3503 3503 3503 3503 3503 3503 3468 3468 3503 3503 3468 3468 3433 3433 3433 3433 3433 3399 3399 3399 3399 3399 3399 3399 3365 3365 3365 3365 3365 3399 3399 0 3399 0 0 0 3238 3238 3269 3269 3269 3269 3269 3269 3269 3269 3269 3269 3269 3269 3269 3269 3300 3365 5460 5460 5460 5460 5374 5374 5374 5374 5374 5374 5460 5548 5734 5734 5832 5832 5832 5933 5933 5933 5933 5933 0 0 0 0 0 5933 5933 5832 5832 5832 5933 5933 5832 5640 5548 5548 5548 5548 5640 5832 5832 5832 5933 5933 6038 6146 6259 6497 6622 6753 6753 6753 6889 0 2381 2381 2398 2398 2365 2349 2349 2349 2349 2598 2598 2579 2579 2598 2598 2598 2618 2639 2639 2659 2659 2659 0 0 0 0 0 0 0 0 0 0 0 0 2103 2103 2103 2143 0 2143 0 0 0 0 0 0 0 0 0 0 0 0 0 0 0 2522 2522 2503 2503 2522 2639 2639 2639 2618 2618 2680 2744 2744 2767 2767 2908 2883 2883 2883 2812 2812 2812 2659 2659 2659 2680 2701 2701 2789 2789 2789 2618 2618 2812 2812 2812 2789 2598 2598 2723 2723 2598 2522 2503 2503 2485 2485 0 0 0 0 0 0 0
0 0 0 0 0 0 0 0 0 0 0 0 0 0 2618 1523 1516 1516 2680 2680 2701 2701 2701 2701 2723 2723 2723 2744 2767 2767 2767 2789 2789 2812 2835 2835 2835 2835 2835 2859 2859 2883 2883 2883 2883 2908 2908 2933 2958 2958 2984 2984 3010 3037 3037 3037 3037 3064 3092 3092 3120 3120 3149 3149 3178 3178 3208 3238 3238 3269 3269 3269 3300 3300 3300 3300 3333 3399 3399 3399 3433 2450 2450 2467 2485 2485 2522 3576 3539 2560 2560 2579 2579 2579 2579 3653 2579 2579 3539 3503 3503 3503 3503 3503 3503 3503 3503 3503 3503 3503 3503 3503 3468 3468 3468 3468 3468 3468 3433 3399 3399 3399 3399 3399 3399 3365 3365 3365 3365 3365 3399 3399 3399 0 0 0 0 3269 3269 3269 3238 3238 3269 3269 3300 3300 3300 3269 3269 3269 3269 3269 3269 3300 3365 5460 5548 5548 5460 5374 5374 5460 5460 5460 5460 5460 5548 5640 5734 5832 5832 5933 5933 5933 5933 5933 0 0 0 0 0 0 0 0 5832 5832 5832 5933 5933 5832 5832 0 0 0 5734 5734 5832 5933 5933 5933 5933 6038 6146 6259 6497 6622 6753 6889 7030 7030 7030 2381 2381 2398 2398 2381 2349 2349 2349 0 2598 2598 2579 2579 2598 2598 2598 2618 2639 2639 2659 2659 2659 0 0 0 0 0 0 0 0 0 0 0 0 2129 2129 2129 2143 2143 2143 0 0 0 0 0 0 0 0 0 0 0 0 0 0 0 2522 2522 2503 2467 2467 2467 2467 2467 2560 2789 2789 2767 2767 2789 2859 2908 2883 2883 2835 2812 2812 2812 2835 2859 2701 2701 2767 2789 2789 2789 2789 2767 2767 2812 2812 2812 2789 2744 2744 2723 2723 2522 2503 2503 2503 2503 2503 0 0 0 0 0 0 0
0 0 0 0 0 0 0 0 0 0 0 0 0 0 0 1509 1509 1509 1516 1529 1536 1536 1557 2701 2723 2723 2723 2744 2767 2767 2767 2767 2789 2812 2835 2835 2835 2835 2835 2859 2859 2859 2859 2859 2883 2908 2933 2933 2958 2958 2984 2984 3010 3037 2560 2560 2560 2560 3092 3120 3120 3120 3149 3149 3178 3178 3208 3238 3269 3269 3269 3269 3300 3300 3300 3300 3333 3399 3399 3399 2467 2450 2450 2467 2485 2485 2522 2522 2522 2541 2541 2560 2560 2560 2560 2560 2579 2579 2560 2560 2560 2579 2579 3539 3539 3503 3503 3503 3503 3503 3503 3503 3468 3468 3468 3468 3468 3468 3468 3433 2116 2116 2129 2143 3399 3365 3365 3365 3365 3365 3399 3399 3399 0 0 0 0 0 3238 3238 3238 3238 3269 3269 3300 3300 3300 3269 3269 3269 3269 3269 3269 3269 5291 5460 5548 5548 5548 5374 5374 5460 5460 5460 5460 5460 5548 5640 5734 5832 5832 5933 5933 6038 5933 5933 0 0 0 0 0 0 0 0 0 0 0 0 0 0 0 0 0 0 0 5933 5933 5933 6038 6038 6038 6146 6146 6259 6497 6622 6753 6889 7030 7030 7030 2381 2381 2398 2398 2398 2398 2398 2398 0 2598 2598 2579 2579 2598 2618 2618 2618 2639 2659 2659 2659 2659 0 0 0 0 0 0 0 0 0 0 0 2156 2143 2143 2143 2143 2143 2143 0 0 0 0 2958 2958 0 0 0 0 0 0 0 0 0 2984 2984 2984 2467 2467 2450 2450 2467 2560 2560 2812 2812 2835 2859 2859 2883 2883 2883 2835 2812 2812 2812 2835 2835 2789 2767 2767 2789 2789 2789 2789 2789 2789 2812 2789 2789 2767 2744 2744 2723 2723 2522 2503 2503 2503 2503 2503 0 0 0 0 0 0 0
0 0 0 0 0 0 0 0 0 0 0 0 0 0 0 1503 1503 1503 1509 1529 1529 1536 1543 1557 1557 2767 2767 2767 2767 1639 1639 2767 2789 2812 2835 2835 2835 2835 2835 2859 2859 2859 2859 2618 2598 2598 2579 2579 2579 2560 2560 2560 2579 2579 2560 2560 2560 2560 2541 2541 2541 3120 3149 3178 3178 3178 3208 3238 3238 3238 3269 3269 3300 3300 3300 3300 3333 2503 2485 2485 2467 2467 2485 2485 2503 2503 2522 2522 2522 2522 2522 2541 2541 2541 2541 2560 2560 2560 2541 2541 2560 2560 2560 2579 2579 2579 2579 3503 3503 3503 3503 3503 3503 3468 3468 3468 3468 3503 3503 3503 2103 2103 2116 2129 2129 2143 2156 2156 2156 3399 3399 0 0 0 2016 0 0 0 1981 1993 3269 3269 3269 3269 3300 3300 3300 3269 3269 3269 3269 3269 3269 3269 5291 5460 5548 5548 5548 5460 5460 5460 5460 5460 5548 5548 5548 5640 5734 5832 5832 5933 5933 6038 0 0 0 0 0 0 0 0 0 0 0 0 0 0 0 0 0 0 0 0 0 5933 5933 6038 6146 6146 6146 6146 6259 6375 6622 6753 6889 6889 7030 7178 7178 2398 2398 2398 2398 2398 2398 2398 2398 0 2579 2579 2579 2579 2598 2598 2618 2618 2639 2659 2659 2659 2659 0 0 0 0 0 0 0 0 0 0 0 2156 2143 2143 2143 2143 2143 2143 0 0 3037 3037 2958 2958 3037 0 0 0 0 2984 2984 3010 3010 2984 2958 2958 2984 2467 2450 2450 2467 2467 2467 2467 2812 2835 2883 2883 2883 2883 2883 2835 2835 2835 2859 2835 2835 2835 2789 2789 2812 2789 2789 2789 2789 2789 2812 2789 2789 2767 2767 2767 2744 2744 2744 2467 2467 2503 2522 2522 0 0 0 0 0 0 0
0 0 0 0 0 0 0 0 0 0 0 0 0 0 0 1503 1503 1503 1509 1529 1529 1536 1536 1543 1550 1550 1557 1572 1586 1594 1616 1639 1647 1663 1680 1705 1705 2835 2835 2859 2859 2659 2639 2618 2598 2598 2579 2579 2579 2560 2560 2560 2579 2579 2560 2560 2541 2541 2522 2522 2522 2522 2522 2522 2541 2541 2579 2579 3238 2579 2560 2541 2467 2467 2467 2503 2485 2485 2485 2485 2485 2485 2485 2503 2503 2503 2503 2503 2503 2522 2522 2522 2522 2522 2522 2522 2541 2541 2541 2541 2541 2541 2541 2560 2560 2560 2579 2579 2579 3503 3503 3503 3503 3503 3503 3503 3503 3503 3503 2103 2103 2103 2116 2129 2129 2143 2156 2156 2156 2170 2170 2184 0 2028 0 2016 2016 1981 1981 1993 1981 1981 3269 3269 3300 3300 3300 3269 3269 3269 3269 3269 3269 3269 5374 5460 5460 5548 5460 5460 5460 5460 5460 5548 5548 5548 5548 5734 5832 5832 5933 5933 5933 6146 0 0 0 0 0 0 0 0 0 0 0 0 0 0 0 0 0 0 0 0 0 5933 5933 6038 6146 6146 6259 6259 6259 6375 6622 6889 6889 6889 7030 7030 7030 2415 2415 2398 2398 2398 2398 2398 0 0 0 2598 2598 2598 2598 2598 2618 2618 2618 2639 2639 2659 2659 2659 0 0 0 0 0 0 0 0 0 0 2156 2143 2143 2143 2143 2143 2143 3064 3064 3037 3037 2984 2984 3037 3064 3010 2984 2984 2984 2984 3010 3010 2984 2958 2958 2984 2984 2467 2467 2467 2467 2467 2467 2883 2883 2883 2883 2908 2908 2883 2859 2859 2859 2859 2835 2835 2835 2835 2835 2835 2859 2812 2812 2812 2812 2789 2767 2767 2767 2767 2767 2744 2744 2789 2450 2450 2485 2522 2522 0 0 0 0 0 0 0
0 0 0 0 0 0 0 0 0 0 0 0 0 0 0 1503 1496 1496 1509 1523 1529 1529 1536 1543 1550 1550 1557 1564 1572 1579 1594 1601 1624 1624 1663 1680 1680 1663 1663 1663 1663 1680 1680 2598 2598 2598 2598 2598 2579 2560 2560 2560 2579 2579 2541 2541 2541 2541 2522 2522 2522 2522 2522 2522 2541 2541 2541 2522 2522 2522 2485 2467 2467 2467 2467 2503 2485 2485 2485 2485 2485 2503 2503 2503 2503 2503 2503 2503 2503 2503 2503 2522 2522 2522 2522 2522 2522 2541 2522 2522 2522 2522 2522 2541 2541 2560 2579 2579 2579 2639 2639 2659 2680 3503 3503 3503 3503 3539 2116 2103 2103 2116 2116 2116 2129 2156 2156 2170 2170 2170 2184 2184 2028 2028 2028 2016 2016 1981 1981 1993 1981 1981 2016 3269 2065 2065 2078 2078 3269 3269 3269 3269 3269 3269 5460 5374 5374 5460 5460 5460 5460 5460 5460 5548 5548 5640 5640 5734 5832 5933 5933 5933 5933 6038 6259 0 0 0 0 0 0 0 0 0 0 0 0 0 0 0 0 0 0 0 0 5933 5933 6038 6146 6146 6146 6259 6375 6375 6753 6889 7030 7030 7030 7030 7030 2432 2415 2415 2415 2415 2398 2398 0 0 0 2639 2618 2618 2618 2618 2618 2618 2618 2618 2618 2618 2639 2659 2680 2680 0 0 0 0 0 0 0 0 0 0 2143 2143 2143 2143 2143 2143 3064 3064 3064 3064 3064 3064 3064 3010 2984 2984 2984 2984 2984 2984 2984 2984 2984 2984 2984 3010 2485 2467 2467 2467 2467 2467 2908 2908 2908 2908 2908 2908 2883 2859 2859 2859 2835 2835 2835 2835 2835 2835 2859 2835 2835 2812 2812 2789 2767 2767 2767 2767 2767 2767 2767 2789 2450 2450 2485 2503 2522 0 0 0 0 0 0 0
0 0 0 0 0 0 0 0 0 0 0 0 0 0 0 1496 1496 1496 1509 1516 1523 1529 1529 1536 1536 1543 1550 1557 1557 1564 1572 1586 1594 1601 1609 1616 1624 1639 1639 1647 1647 1647 1647 1655 1647 1647 1655 1671 2579 2579 2560 2560 2560 2560 2522 2522 2522 2522 2503 2503 2503 2522 2522 2522 2522 2522 2522 2522 2503 2467 2450 2450 2450 2450 2467 2467 2485 2467 2467 2467 2485 2485 2485 2485 2485 2485 2485 2503 2503 2503 2503 2503 2503 2522 2522 2522 2522 2522 2503 2503 2503 2503 2522 2541 2541 2560 2579 2579 2579 2618 2639 2659 2659 2680 2659 2659 2659 3503 2116 2116 2116 2116 2116 2116 2129 2156 2156 2170 2170 2170 2170 2170 2016 2016 2028 2016 2016 2005 2005 1993 1993 2005 2016 2016 2028 2053 2065 2065 2078 3238 3238 3238 3269 3269 5291 5291 5291 5374 5374 5460 5460 5548 5548 5548 5640 5640 5734 5832 5933 5933 5933 5933 5933 6038 6038 0 0 0 0 0 0 0 0 0 0 0 0 0 0 0 0 0 0 0 0 0 6038 6038 6038 6038 6146 6259 6375 6375 6622 6753 7030 7030 7030 7178 7178 2432 2432 2432 2432 2415 2415 2450 0 0 0 2639 2618 2598 2598 2618 2598 2598 2618 2618 2618 2618 2639 2639 2659 2680 0 0 0 0 0 0 0 0 0 0 2143 2143 2143 2143 2143 2156 2156 3064 3064 3092 3064 3064 3064 3037 3037 3010 2984 2984 2984 2984 2984 2984 2984 2984 2984 3010 2984 2450 2450 2467 2485 2485 2485 2908 2908 2908 2908 2908 2908 2859 2859 2859 2835 2835 2835 2835 2835 2835 2859 2835 2835 2812 2812 2789 2767 2767 2767 2767 2767 2767 2767 2835 2467 2467 2485 2503 2522 0 0 0 0 0 0 0
0 0 0 0 0 0 0 0 0 0 0 0 0 0 0 1489 1489 1496 1503 1509 1516 1523 1529 1536 1536 1543 1550 1557 1557 1564 1572 1586 1594 1594 1601 1601 1609 1624 1624 1632 1639 1639 1647 1647 1647 1647 1647 1647 1647 1680 1680 1688 1705 1713 1713 1731 1731 1739 1739 1748 1748 1776 2503 2503 2503 2485 2467 2450 2432 2432 2432 2432 2432 2450 1904 1904 1915 1926 1936 2467 2485 2467 2450 2450 2450 2450 2467 2485 2503 2503 2503 2503 2503 2503 2503 2503 2522 2522 2503 2503 2503 2503 2503 2522 2541 2560 2560 2579 2579 2618 2639 2639 2659 2659 2659 2659 2659 2129 2129 2116 2116 2116 2116 2116 2129 2156 2156 2170 2156 2156 2156 2156 2016 2016 2016 2016 2016 2016 2005 1993 1993 2005 2016 2016 2028 2028 2053 2065 2065 2078 2078 3238 3238 5210 5210 5210 5291 5291 5374 5460 5548 5548 5548 5548 5640 5734 5832 5832 5832 5933 5933 5933 5933 5933 5832 5832 0 0 0 0 0 0 0 0 0 0 0 0 0 0 0 0 0 0 0 0 6038 6038 6038 6038 6146 6259 6375 6375 6622 6753 6889 6889 7030 7178 7178 2450 2432 2432 2450 2432 2432 2450 0 0 0 2639 2598 2579 2579 2598 2598 2598 2618 2618 2618 2618 2639 2639 2659 2680 0 0 0 0 0 0 0 0 0 2156 2156 2156 2156 2156 2156 2156 2156 3064 3064 3064 3064 3064 3064 3037 3037 3010 2984 2984 2984 2984 3010 2984 2984 3010 3010 3010 3010 2450 2450 2467 2485 2485 2485 2933 2908 2908 2908 2908 2883 2883 2859 2859 2859 2835 2835 2835 2835 2835 2835 2835 2835 2835 2812 2812 2789 2789 2789 2767 2767 2767 2767 2835 2485 2485 2503 2503 2503 0 0 0 0 0 0 0
0 0 0 0 0 0 0 0 0 0 0 0 0 0 0 1489 1489 1496 1503 1509 1516 1516 1523 1529 1536 1543 1550 1557 1557 1564 1572 1586 1594 1594 1594 1601 1609 1616 1616 1632 1632 1632 1639 1647 1647 1647 1647 1647 1647 1680 1680 1688 1705 1705 1705 1722 1722 1739 1739 1748 1748 1776 1776 1785 1813 1813 1823 2432 2415 2415 2415 2415 1873 1873 1894 1894 1904 1915 1926 1936 1947 1947 1970 1970 1981 2450 2028 2028 2040 2040 2040 2040 2053 2078 2078 2078 2090 2090 2103 2103 2103 2103 2116 2143 2156 2170 2560 2579 2579 2598 2639 2639 2639 2659 2659 2680 2701 2103 2103 2103 2103 2103 2116 2116 2129 2156 2170 2170 2156 2156 2156 2170 2016 2016 2016 2016 2016 2005 2005 2005 2005 2005 2016 2016 2016 2028 2040 2065 2065 2078 2078 2078 2078 5210 5210 5210 5291 5291 5374 5460 5548 5548 5548 5640 5640 5734 5832 5832 5832 5832 5933 5933 5933 5832 5832 5832 0 0 0 0 0 0 0 0 0 0 0 0 0 0 0 0 0 0 0 0 0 0 6259 6146 6146 6259 6375 6375 6622 6753 6889 6889 6889 7030 7178 7178 2485 2485 2485 2467 2467 2467 0 0 0 2579 2579 2560 2560 2598 2598 2598 2618 2618 2618 2618 2639 2659 2659 2659 0 0 0 0 0 0 0 0 2143 2143 2156 2156 2170 2156 2156 2156 2156 3064 3064 3064 3064 3064 3064 3037 3037 3037 3010 3010 3010 3010 3010 3010 3010 3010 3010 3010 3010 3010 2467 2467 2485 2485 2485 2933 2908 2908 2908 2908 2883 2883 2859 2859 2859 2835 2835 2835 2835 2835 2835 2812 2812 2835 2812 2812 2812 2789 2789 2789 2789 2789 2789 2485 2485 2485 2485 2485 2485 0 0 0 0 0 0 0
0 0 0 0 0 0 0 0 0 0 0 0 0 0 0 1489 1489 1496 1503 1509 1509 1516 1523 1529 1529 1536 1543 1550 1557 1564 1572 1579 1586 1586 1594 1601 1609 1616 1616 1632 1632 1632 1639 1647 1647 1647 1655 1663 1671 1680 1680 1696 1705 1705 1705 1722 1722 1739 1739 1748 1766 1776 1776 1785 1804 1813 1823 1823 1833 1843 1863 1863 1863 1873 1894 1894 1904 1915 1926 1936 1936 1947 1959 1970 1981 1981 1993 2005 2016 2028 2040 2040 2053 2065 2065 2078 2078 2078 2090 2103 2103 2103 2116 2143 2156 2170 2170 2579 2579 2598 2639 2639 2639 2659 2659 2680 2701 2065 2065 2053 2053 2065 2078 2103 2143 2170 2170 2170 2156 2156 2170 2170 2016 2016 2016 2016 2005 2005 2005 1993 1993 2005 2016 2016 2016 2016 2040 2053 2065 2078 2078 2078 2078 5291 5291 5291 5291 5374 5460 5548 5548 5548 5640 5734 5734 5734 5734 5832 5832 5832 5933 5933 5933 5832 5832 5832 0 0 0 0 0 0 0 0 0 0 0 0 0 0 0 0 0 0 0 0 0 0 6259 6259 6259 6375 6375 6375 6622 6753 6753 6753 6889 6889 6889 6889 2485 2485 2485 2467 2467 2467 0 0 0 2579 2560 2560 2560 2579 2598 2598 2618 2618 2639 2639 2659 2659 2659 2659 0 0 0 0 0 0 0 0 2143 2143 2156 2156 2170 2156 2156 2170 3092 3064 3064 3064 3064 3064 3064 3064 3037 3037 3037 3010 3010 3010 3010 3010 3010 3010 3010 3010 3010 3010 3037 2503 2503 2503 2503 2908 2908 2908 2908 2908 2883 2883 2859 2859 2859 2859 2859 2835 2835 2835 2835 2812 2812 2835 2835 2835 2812 2812 2812 2812 2812 2789 2789 2485 2485 2485 2467 2467 2467 2467 0 0 0 0 0 0
0 0 0 0 0 0 0 0 0 0 0 0 0 0 0 1489 1489 1496 1503 1503 1509 1516 1523 1529 1529 1536 1543 1550 1557 1564 1572 1572 1586 1586 1594 1601 1609 1616 1616 1632 1632 1639 1639 1639 1647 1647 1663 1663 1680 1680 1680 1696 1705 1705 1713 1722 1722 1739 1739 1757 1766 1776 1785 1794 1804 1813 1813 1823 1823 1833 1853 1853 1853 1863 1883 1894 1904 1904 1915 1926 1936 1947 1947 1959 1970 1981 1981 1993 2016 2016 2028 2040 2040 2053 2065 2065 2078 2078 2090 2103 2103 2116 2116 2143 2143 2156 2156 2170 2198 2198 2065 2065 2053 2053 2053 2053 2040 2040 2028 2028 2028 2053 2065 2078 2116 2156 2156 2156 2170 2170 2170 2170 2016 2016 2005 2005 2005 1993 1993 1993 1993 1993 2005 2016 2016 2016 2028 2053 2065 2065 2078 2078 2078 2078 5291 5291 5291 5374 5460 5548 5548 5640 5640 5734 5832 5734 5734 5832 5832 5933 5933 5933 5933 5832 5832 5933 0 0 0 0 0 0 0 0 0 0 0 0 0 0 0 0 0 0 0 0 0 0 6146 6146 6259 6375 6375 6375 6622 6753 6753 6753 6889 6889 6889 2485 2485 2485 2485 2467 2467 2485 0 0 0 2560 2560 2560 2579 2579 2598 2598 2618 2618 2639 2659 2680 2680 2680 2659 2659 0 0 0 0 0 0 0 2143 2143 2156 2156 2170 2170 2184 2184 3092 3064 3064 3064 3064 3064 3064 3064 3037 3037 3037 3010 3010 3010 3010 3010 3010 3010 3010 3010 3010 3010 3037 3037 3037 2958 0 2958 2933 2933 2933 2908 2883 2883 2859 2859 2859 2859 2859 2859 2859 2835 2835 2835 2835 2835 2835 2835 2812 2812 2812 2812 2812 2789 2789 2503 2467 2467 2467 2467 2450 2450 0 0 0 0 0 0
0 0 0 0 0 0 0 0 0 0 0 0 0 0 0 1483 1483 1496 1503 1503 1509 1516 1523 1529 1529 1536 1543 1550 1557 1564 1564 1572 1586 1586 1594 1601 1609 1616 1616 1632 1639 1639 1639 1639 1647 1655 1663 1671 1680 1680 1680 1696 1705 1705 1713 1722 1731 1739 1748 1757 1766 1776 1776 1785 1794 1813 1813 1823 1823 1823 1843 1843 1853 1863 1873 1894 1904 1904 1915 1915 1926 1936 1936 1947 1959 1981 1981 1993 2005 2005 2016 2028 2040 2040 2053 2053 2065 2065 2078 2090 2090 2103 2116 2116 2129 2143 2156 2170 2184 2078 2065 2065 2053 2053 2040 2040 2040 2028 2028 2028 2028 2053 2065 2078 2090 2090 2103 2103 2170 2005 2005 2005 2005 2005 2005 1993 1993 1981 1981 1981 1981 1981 1981 2005 2016 2016 2028 2053 2065 2065 2078 2078 2078 2078 5291 5210 5210 5291 5460 5548 5548 5640 5640 5734 5832 5832 5832 5832 5832 5933 5933 5933 5933 5933 5933 5933 0 0 0 0 0 0 0 0 0 0 0 0 0 0 0 0 0 0 0 0 0 0 6146 6146 6259 6375 6375 6375 6375 6375 6889 6889 6889 6889 6889 2485 2485 2485 2485 2485 2467 2467 0 0 0 2560 2560 2560 2579 2598 2598 2598 2618 2618 2639 2659 2680 2680 2659 2659 2659 0 0 0 0 0 0 0 2156 2156 2156 2156 2170 2170 2170 3092 3092 3064 3064 3092 3064 3064 3064 3064 3064 3037 3037 3037 3037 3010 3010 3010 2984 2984 2984 2984 2984 3010 3037 3037 0 0 0 2933 2933 2933 2933 2933 2908 2883 2883 2883 2883 2883 2883 2883 2859 2835 2835 2835 2835 2835 2835 2835 2812 2812 2789 2789 2789 2789 2789 2467 2467 2467 2467 2467 2450 2450 0 0 0 0 0 0
0 0 0 0 0 0 0 0 0 0 0 0 0 0 0 1483 1483 1503 1509 1509 1509 1516 1523 1529 1529 1536 1543 1550 1557 1564 1564 1564 1579 1586 1594 1601 1609 1616 1616 1624 1632 1639 1639 1647 1647 1655 1663 1663 1680 1680 1680 1705 1705 1705 1713 1722 1731 1739 1748 1748 1766 1766 1776 1785 1794 1804 1813 1813 1823 1823 1833 1843 1843 1853 1863 1894 1894 1904 1904 1915 1926 1926 1936 1936 1947 1970 1981 1981 1993 2005 2016 2028 2028 2040 2040 2040 2053 2065 2078 2078 2078 2090 2103 2116 2116 2143 2156 2156 2090 2078 2065 2065 2053 2053 2040 2040 2040 2028 2028 2028 2028 2053 2065 2078 2078 2078 2078 2016 2005 2005 2005 2005 2005 2005 1993 1981 1981 1970 1970 1970 1970 1981 1981 1981 2016 2016 2028 2040 2053 2065 2065 2078 2078 2078 5210 5210 5210 5291 5460 5548 5548 5640 5640 5734 5832 5832 5734 5734 5832 5832 5933 5933 5933 5933 5933 6038 0 0 0 0 0 0 0 0 0 0 0 0 0 0 0 0 0 0 0 0 0 0 6259 6259 6259 6375 6375 6375 6375 6375 6375 6375 5933 5933 0 2485 2485 2485 2485 2467 2467 2467 0 0 0 2560 2560 2560 2579 2598 2598 2598 2598 2618 2639 2659 2680 2680 2659 2659 0 0 0 0 0 0 0 2198 2170 2170 2156 2156 2170 2170 2170 3064 3064 3064 3064 3092 3092 3092 3064 3064 3064 3037 3037 3064 3037 3010 3010 3010 2984 2984 2984 2984 2984 3010 3010 3010 0 0 0 2933 2933 2933 2958 2933 2908 2908 2883 2883 2908 2908 2883 2859 2835 2835 2835 2859 2835 2835 2835 2835 2812 2812 2789 2789 2789 2767 2767 2467 2467 2467 2485 2467 2467 2467 0 0 0 0 0 0
0 0 0 0 0 0 0 0 0 0 0 0 0 0 0 1496 1496 1503 1503 1509 1509 1516 1523 1529 1529 1536 1543 1550 1557 1564 1564 1564 1572 1579 1594 1601 1609 1616 1616 1624 1632 1639 1639 1639 1647 1647 1655 1663 1680 1680 1680 1705 1705 1705 1713 1722 1731 1739 1748 1748 1757 1766 1776 1785 1785 1794 1804 1813 1813 1823 1833 1833 1843 1853 1853 1883 1894 1904 1904 1904 1915 1926 1936 1936 1947 1959 1970 1981 1981 1993 2005 2028 2028 2040 2040 2040 2053 2065 2078 2078 2078 2078 2103 2116 2116 2129 2143 2129 2078 2078 2065 2065 2065 2053 2040 2040 2040 2040 2040 2040 2040 2053 2065 2078 2078 2078 2040 2016 2005 2005 2005 2005 1993 1993 1981 1970 1959 1959 1970 1959 1959 1970 1970 1970 1993 2016 2016 2028 2053 2065 2065 2065 2078 2103 2116 2116 5210 5291 5548 5548 3994 3994 5734 5832 5832 5832 3903 3903 3859 3859 5832 5933 5933 6038 5933 5933 0 0 0 0 0 0 0 0 0 0 0 0 0 0 0 0 0 0 0 0 0 0 6259 6259 6259 6375 6375 6375 6375 6375 6375 0 5933 5933 0 2485 2485 2485 2485 2467 2467 2467 2467 0 2579 2579 2579 2579 2598 2598 2598 2598 2598 2618 2639 2659 2680 2680 2680 0 0 0 0 0 0 0 0 2198 2184 2184 2170 2170 2184 2198 2198 3064 3064 3092 3092 3092 3092 3092 3092 3064 3064 3064 3064 3064 3037 3010 3010 3010 3010 3010 2984 2984 3010 3010 0 0 0 2933 0 2933 2933 2958 2958 2958 2933 2908 2908 2908 2883 2883 2883 2859 2835 2835 2835 2859 2835 2835 2835 2835 2812 2812 2789 2789 2789 2767 2767 2467 2467 2485 2485 2485 2485 0 0 0 0 0 0 0
0 0 0 0 0 0 0 0 0 0 0 0 0 0 0 1496 1496 1503 1503 1509 1516 1516 1523 1529 1529 1536 1536 1550 1557 1564 1564 1564 1572 1579 1594 1601 1609 1616 1616 1616 1624 1639 1639 1639 1647 1647 1647 1655 1680 1688 1696 1705 1705 1705 1705 1713 1722 1739 1739 1748 1757 1757 1776 1785 1785 1794 1794 1804 1813 1823 1823 1833 1833 1853 1853 1873 1883 1894 1904 1904 1915 1926 1936 1936 1947 1959 1970 1981 1981 1993 2005 2016 2028 2040 2040 2040 2040 2065 2078 2078 2078 2078 2103 2116 2116 2129 2143 2129 2078 2078 2065 2065 2065 2053 2053 2040 2040 2040 2040 2040 2040 2040 2053 2065 2065 2078 2040 2016 2005 1993 1993 1993 1993 1993 1981 1970 1959 1959 1970 1959 1959 1959 1959 1970 1993 2005 2016 2028 2040 2053 2065 2065 2078 2103 2116 2116 2116 2116 3948 3948 3948 3948 3859 3816 3816 3816 3816 3859 3816 3816 5832 5933 5933 6038 5933 5933 0 0 0 0 0 0 0 0 0 0 0 0 0 0 0 0 0 0 0 0 0 0 6259 6259 6259 6375 6375 6375 6375 6038 5933 5933 5933 5933 0 2485 2485 2485 2467 2467 2467 2467 2467 0 0 2579 2579 2579 2598 2598 2598 2598 2618 2618 2639 2659 2680 2680 2680 0 0 0 0 0 0 0 0 2184 2184 2184 2184 2184 2184 2184 3064 3064 3064 3092 3092 3092 3092 3092 3092 3092 3064 3064 3064 3064 3037 3037 3037 3010 3010 3010 3010 3010 3010 3010 0 0 0 0 2933 2933 2933 2958 2958 2958 2908 2908 2908 2908 2883 2883 2883 2859 2835 2835 2835 2835 2835 2835 2835 2835 2835 2812 2789 2789 2789 2767 2767 2467 2467 2485 2485 2485 2485 0 0 0 0 0 0 0
0 0 0 0 0 0 0 0 0 0 0 0 0 0 0 1503 1503 1503 1509 1509 1516 1523 1523 1529 1529 1536 1536 1550 1557 1564 1564 1564 1572 1579 1594 1601 1609 1609 1609 1616 1624 1632 1639 1639 1647 1647 1647 1655 1680 1688 1696 1705 1705 1705 1705 1713 1722 1739 1739 1748 1748 1757 1776 1776 1785 1785 1785 1794 1813 1813 1823 1833 1833 1853 1853 1853 1883 1894 1904 1904 1915 1926 1926 1936 1947 1959 1959 1970 1981 1981 2005 2016 2028 2028 2040 2040 2040 2065 2078 2078 2078 2090 2103 2116 2116 2129 2143 2129 2078 2078 2065 2065 2065 2053 2053 2040 2040 2040 2040 2040 2028 2028 2028 2053 2053 2078 2040 2016 1993 1981 1981 1981 1970 1970 1981 1936 1936 1936 1936 1947 1947 1936 1936 1936 1970 1993 2005 2016 2028 2053 2053 2065 2078 2103 2103 2103 2103 0 0 3948 3948 3816 3774 3774 3816 3816 3816 3816 3816 3816 3859 5933 5933 6038 6038 0 0 0 0 0 0 0 0 0 0 0 0 0 0 0 0 0 0 0 0 0 0 0 0 0 6375 6375 6375 6375 6375 6038 5933 5832 5832 5832 2485 2485 2485 2467 2467 2467 2467 2467 2522 0 2598 2579 2579 2579 2598 2618 2618 2618 2618 2618 2659 2659 2680 2680 2744 0 0 0 0 0 0 0 0 2184 2184 2184 2184 2184 2184 2212 3064 3064 3092 3092 3092 3092 3092 3092 3092 3092 3092 3092 3064 3064 3064 3037 3037 3010 3010 3010 3010 3010 3010 3010 0 0 2984 2933 2933 2933 2958 2958 2958 2933 2908 2908 2883 2883 2883 2883 2883 2883 2859 2859 2859 2835 2835 2835 2835 2835 2835 2835 2812 2812 2789 2789 2789 2485 2485 2503 2485 2485 2503 0 0 0 0 0 0 0
0 0 0 0 0 0 0 0 0 0 0 0 0 0 0 1503 1503 1503 1509 1509 1516 1523 1529 1536 1536 1536 1543 1550 1564 1564 1564 1564 1572 1579 1586 1601 1609 1609 1609 1616 1624 1632 1639 1639 1647 1647 1647 1655 1680 1688 1705 1705 1705 1713 1713 1713 1722 1739 1739 1748 1748 1757 1776 1776 1785 1785 1785 1794 1813 1813 1823 1833 1843 1853 1853 1853 1873 1883 1894 1904 1915 1926 1926 1936 1947 1947 1959 1970 1981 1981 2005 2016 2028 2028 2040 2040 2040 2053 2078 2078 2078 2090 2103 2103 2116 2116 2129 2129 2090 2065 2065 2065 2065 2053 2053 2040 2040 2040 2028 2028 2016 2005 2005 2053 2053 2078 2078 1970 1970 1970 1947 1926 1904 1894 1894 1894 1894 1904 1904 1904 1904 1904 1904 1904 1926 1936 1936 1947 2028 2028 2028 2028 2065 2090 2090 2090 2090 2065 0 3816 3816 3816 3774 3774 3816 3816 3816 3816 3816 3816 3816 3859 3859 0 0 0 0 0 0 0 0 0 0 0 0 0 0 0 0 0 0 0 0 0 0 0 0 0 0 0 0 6375 6375 6375 6259 5933 5832 5832 5832 5832 0 2485 2485 2467 2467 2485 2485 2522 2522 2560 2598 2598 2598 2598 2598 2618 2618 2618 2618 2639 2659 2680 2701 2723 2744 0 0 0 0 0 0 0 0 2198 2184 2184 2198 2198 2198 2212 3064 3064 3120 3092 3092 3092 3092 3092 3092 3092 3064 3064 3064 3064 3064 3037 3037 3010 3010 3010 3010 3037 3037 0 0 0 2984 2984 2933 2933 2958 2958 2958 2933 2908 2883 2883 2883 2883 2883 2883 2883 2883 2859 2835 2835 2835 2835 2835 2835 2835 2835 2812 2812 2789 2789 2789 2503 2485 2485 2485 2485 2503 0 0 0 0 0 0 0
0 0 0 0 0 0 0 0 0 0 0 0 0 0 0 1503 1503 1503 1509 1509 1523 1529 1536 1536 1543 1543 1550 1557 1564 1572 1572 1572 1579 1579 1586 1601 1609 1616 1616 1616 1624 1632 1639 1639 1647 1647 1647 1655 1671 1688 1696 1705 1705 1713 1713 1713 1731 1739 1739 1748 1757 1766 1776 1785 1785 1785 1785 1794 1813 1813 1823 1833 1843 1853 1853 1863 1873 1883 1894 1904 1904 1915 1926 1936 1947 1947 1959 1970 1981 1981 2005 2016 2028 2028 2028 2040 2040 2053 2078 2078 2078 2090 2103 2103 2116 2116 2129 2129 2129 2065 2065 2040 2028 2028 2028 2005 2005 1993 1993 2005 1970 1959 1947 1947 1959 1936 1936 1936 1936 1936 1926 1926 1904 1894 1894 1894 1894 1894 1894 1894 1894 1894 1894 1894 1915 1926 1936 1936 1947 1970 1981 1993 2005 2016 2028 2065 2065 2065 2103 2103 2129 3774 3774 3774 3774 3816 3816 3816 3816 3816 3816 3816 3816 3859 0 0 0 0 0 0 0 0 0 0 0 0 0 0 0 0 0 0 0 0 0 0 0 0 0 0 0 6259 6259 6375 6259 5933 5832 5734 5734 5832 0 2485 2485 2485 2485 2485 2503 2522 2560 2560 2598 2598 2598 2598 2598 2618 2618 2618 2639 2639 2680 2680 2701 2723 2744 0 0 0 0 0 0 0 0 2198 2184 2184 2198 2198 2198 2212 3064 3120 3120 3092 3092 3092 3092 3092 3092 3064 3064 3064 3064 3064 3064 3064 3037 3037 3037 3010 3010 3037 3064 0 0 0 2984 2984 2958 2958 2958 2958 2958 2958 2908 2883 2883 2883 2883 2883 2908 2883 2883 2859 2835 2835 2835 2835 2835 2835 2835 2835 2812 2812 2812 2812 2812 2503 2485 2485 2485 2503 2503 0 0 0 0 0 0 0
0 0 0 0 0 0 0 0 0 0 0 0 0 0 0 1503 1503 1503 1509 1509 1523 1536 1543 1550 1550 1550 1557 1564 1572 1579 1579 1579 1579 1586 1594 1609 1616 1616 1616 1616 1624 1632 1639 1639 1647 1647 1655 1655 1671 1688 1696 1705 1705 1713 1713 1722 1731 1739 1739 1748 1757 1766 1776 1785 1785 1794 1794 1804 1813 1813 1833 1843 1853 1853 1863 1863 1873 1883 1894 1904 1904 1915 1926 1936 1947 1947 1959 1970 1981 1993 2005 2016 2028 2028 2028 2040 2040 2065 2078 2065 2065 2078 2078 2040 2016 2016 2016 2016 2016 2016 1993 1993 1993 1981 1981 1981 1981 1981 1981 1970 1970 1947 1936 1936 1947 1936 1936 1926 1926 1926 1926 1915 1904 1894 1894 1894 1894 1894 1894 1894 1883 1883 1883 1894 1904 1926 1926 1936 1947 1970 1981 1993 2005 2016 2028 2053 2065 2090 2103 2103 2129 2129 2156 2156 2156 3774 3816 3816 3816 3816 3816 3816 3816 3859 3903 0 0 0 0 0 0 0 0 0 0 0 0 0 0 0 0 0 0 0 0 0 0 0 0 0 0 6259 6259 6375 6259 5933 5933 5734 5734 5832 0 5832 2485 2485 2485 2503 2503 2541 2560 0 2598 2598 2598 2598 2598 2618 2618 2618 2639 2639 2680 2680 2365 2365 2381 0 0 0 0 0 0 0 0 2198 2198 2198 2198 2198 2198 2198 2212 2212 2212 3092 3092 3092 3092 3092 3092 3064 3064 3064 3064 3064 3064 3064 3064 3037 3037 3037 3037 3037 0 0 0 2984 2984 2984 2958 2958 2958 2958 2958 2958 2933 2908 2883 2883 2908 2908 2908 2883 2859 2859 2859 2859 2835 2835 2835 2835 2835 2835 2812 2812 2812 2812 2812 2503 2485 2485 2485 2503 2503 0 0 0 0 0 0 0
0 0 0 0 0 0 0 0 0 0 0 0 0 0 0 1509 1509 1509 1509 1509 1523 1536 1550 1557 1557 1557 1564 1572 1586 1586 1586 1586 1586 1586 1594 1609 1616 1616 1616 1624 1624 1632 1639 1647 1647 1655 1655 1663 1671 1688 1696 1705 1705 1713 1713 1731 1731 1739 1739 1748 1757 1766 1776 1785 1794 1794 1794 1813 1813 1813 1833 1843 1853 1853 1863 1863 1873 1883 1894 1904 1904 1915 1926 1936 1947 1947 1959 1970 1981 1993 2005 2028 2028 2028 2028 2040 2053 2065 2078 2065 2065 2065 2053 2028 2016 2005 2005 2005 1993 1993 1981 1981 1981 1981 1981 1981 1981 1970 1970 1970 1959 1947 1936 1936 1936 1936 1936 1926 1926 1926 1926 1915 1904 1894 1894 1894 1894 1894 1894 1883 1883 1883 1883 1883 1904 1915 1926 1936 1947 1970 1981 1981 2005 2016 2028 2040 2065 2090 2103 2116 2129 2129 2143 2156 2156 2156 2170 3774 3774 3774 3816 3816 3816 3859 3903 3948 0 0 0 0 0 0 0 3859 3859 0 0 0 0 0 0 0 0 0 0 0 0 0 0 0 0 6375 6375 6375 6146 6146 6146 5832 5832 5832 0 0 2522 2522 2522 2522 2541 2541 2560 0 2598 2598 2598 2598 2618 2618 2618 2618 2398 2398 2333 2333 2333 2349 2365 2317 2286 2286 2271 2256 2256 2198 2198 2212 2212 2226 2212 2212 2198 2198 2212 2212 2212 3092 2212 2198 2198 3092 3092 3092 3064 3064 3064 3064 3064 3064 3064 3064 3064 3037 3037 0 0 0 0 2984 2984 2984 2984 2958 2958 2958 2958 2958 2933 2908 2908 2908 2908 2908 2908 2883 2859 2859 2859 2859 2835 2835 2835 2835 2835 2835 2835 2812 2812 2812 2812 2503 2485 2485 2503 2503 2503 0 0 0 0 0 0 0
0 0 0 0 0 0 0 0 0 0 0 0 0 0 0 1509 1509 1509 1509 1509 1529 1550 1550 1557 1557 1564 1572 1586 1594 1601 1601 1601 1601 1601 1601 1616 1616 1616 1616 1624 1632 1639 1639 1647 1655 1655 1663 1671 1671 1688 1696 1705 1705 1713 1722 1731 1739 1739 1748 1748 1757 1766 1776 1785 1794 1794 1804 1813 1813 1823 1833 1843 1853 1863 1863 1863 1873 1883 1894 1904 1915 1915 1936 1947 1947 1959 1970 1981 1993 2005 2028 2040 2040 2040 2040 2053 2053 2065 2065 2065 2065 2040 2028 2016 2016 2005 2005 2005 1993 1993 1981 1981 1981 1981 1981 1981 1970 1970 1970 1970 1959 1947 1936 1936 1936 1936 1936 1926 1926 1926 1926 1915 1915 1904 1894 1894 1894 1894 1894 1883 1883 1883 1883 1883 1904 1915 1926 1936 1947 1959 1970 1981 2005 2016 2028 2040 2053 2078 2103 2103 2129 2129 2143 2156 2156 2156 2170 2198 2226 2271 2286 2301 2333 2333 3859 3859 3859 0 0 0 0 0 3816 3816 3774 3774 3774 3774 3774 0 0 0 0 0 0 0 0 0 0 0 0 6375 6375 6375 6146 6146 6146 6146 6146 2579 0 0 0 2541 2541 2541 2541 2560 2560 0 0 2618 2598 2598 2618 2618 2618 2398 2398 2398 2365 2333 2333 2333 2317 2317 2286 2286 2256 2241 2212 2198 2198 2212 2212 2226 2226 2212 2212 2212 2212 2212 2212 2212 2212 2184 2184 3092 3092 3092 3064 3064 3064 3064 3064 3092 3064 3064 3064 3064 0 0 0 0 0 0 2984 2984 2984 2958 2958 2958 2958 2958 2933 2908 2908 2908 2908 2908 2908 2883 2883 2859 2859 2859 2859 2859 2859 2859 2835 2835 2835 2812 2812 2835 2859 2503 2503 2503 2503 2503 2503 0 0 0 0 0 0 0
0 0 0 0 0 0 0 0 0 0 0 0 0 0 0 1509 1509 1509 1516 1516 1536 1550 1557 1557 1564 1572 1586 1594 1601 1609 1616 1616 1616 1616 1616 1616 1624 1624 1624 1632 1639 1639 1647 1647 1655 1663 1671 1671 1671 1688 1696 1705 1705 1722 1722 1739 1739 1739 1748 1748 1757 1766 1776 1785 1794 1794 1804 1813 1813 1823 1833 1843 1853 1863 1863 1873 1883 1894 1904 1904 1926 1926 1947 1947 1947 1959 1970 1981 2028 2053 2053 2053 2053 2053 2053 2065 2065 2065 2053 2040 2028 2028 2016 2016 2016 2016 2005 2005 1993 1993 1981 1981 1981 1981 1981 1981 1970 1970 1959 1959 1959 1959 1947 1947 1936 1936 1936 1926 1926 1926 1926 1926 1915 1904 1904 1904 1894 1894 1894 1883 1883 1883 1883 1883 1904 1915 1926 1936 1947 1959 1970 1981 2005 2016 2028 2040 2053 2078 2090 2103 2129 2129 2143 2156 2156 2170 2184 2198 2226 2271 2286 2301 2317 2317 2317 3859 3816 3816 3816 3816 3816 3816 3816 3774 3774 3732 3732 3774 3774 3816 0 0 0 0 0 0 0 0 0 0 0 0 0 0 0 0 0 0 0 0 0 2579 2560 2560 2560 2541 2541 2541 0 0 0 0 2598 2598 0 0 2381 2381 2381 2381 2349 2333 2317 2317 2301 2301 2271 2271 2256 2241 2212 2198 2198 2212 2212 2241 2226 2226 2212 2212 2212 2212 2212 2198 2198 2184 2184 2198 2198 3092 3092 3092 3064 3064 3092 3092 3092 3092 0 0 0 0 0 0 0 0 2984 2984 2984 2958 2958 2958 2958 2958 2908 2908 2908 2908 2908 2908 2883 2883 2883 2883 2883 2883 2859 2859 2859 2859 2859 2859 2835 2835 2835 2859 2859 2503 2503 2503 2503 2503 2503 0 0 0 0 0 0 0
0 0 0 0 0 0 0 0 0 0 0 0 0 0 0 1523 1523 1523 1523 1523 1550 1557 1564 1564 1572 1586 1594 1601 1609 1616 1624 1624 1624 1624 1624 1624 1632 1632 1632 1639 1639 1647 1647 1655 1663 1663 1671 1680 1680 1696 1705 1705 1713 1722 1731 1739 1739 1739 1748 1748 1766 1766 1785 1785 1794 1794 1804 1813 1823 1823 1833 1843 1853 1863 1863 1873 1883 1894 1894 1894 1904 1936 1947 1947 1947 1959 1981 2065 2078 2078 2078 2078 2065 2065 2065 2065 2065 2053 2053 2040 2028 2028 2016 2016 2016 2016 2005 2005 1993 1993 1993 1981 1981 1981 1981 1981 1970 1970 1959 1959 1959 1959 1947 1947 1947 1936 1936 1936 1936 1926 1926 1926 1915 1904 1904 1904 1894 1894 1894 1894 1894 1894 1894 1894 1904 1915 1926 1936 1947 1959 1970 1981 2005 2016 2028 2040 2053 2078 2090 2103 2129 2129 2143 2156 2156 2170 2184 2212 2226 2271 2286 2301 2317 2317 2317 3816 3816 3816 3774 3774 3774 3774 3774 3774 3774 3732 3732 3774 3774 3816 3816 3816 0 3948 3948 3948 0 0 0 0 0 0 0 0 0 0 0 4041 0 4041 0 2579 2560 2560 2560 2541 2541 2541 0 0 0 0 0 0 0 0 2398 2381 2381 2365 2349 2333 2317 2286 2286 2271 2271 2271 2256 2256 2212 2212 2212 2212 2212 2241 2226 2226 2212 2212 2198 2198 2198 2198 2184 2170 2170 2170 2198 0 0 0 0 0 0 0 0 0 0 0 0 0 0 0 0 0 0 0 0 2984 2984 2958 2958 2958 2908 2908 2908 2908 2908 2883 2883 2883 2883 2883 2883 2908 2883 2883 2883 2883 2883 2859 2835 2835 2835 2859 2859 2503 2503 2503 2503 2503 2503 0 0 0 0 0 0 0
0 0 0 0 0 0 0 0 0 0 0 0 0 0 1632 1523 1523 1523 1523 1529 1557 1564 1564 1572 1579 1594 1601 1609 1616 1624 1632 1632 1639 1639 1632 1632 1639 1639 1639 1647 1647 1655 1663 1663 1663 1671 1671 1680 1688 1705 1705 1713 1713 1722 1731 1739 1739 1748 1757 1757 1766 1776 1785 1804 1804 1804 1804 1813 1823 1833 1853 1853 1863 1873 1873 1873 1883 1894 1894 1894 1904 1947 1947 1959 1959 2090 2090 2090 2090 2078 2078 2078 2065 2065 2065 2065 2065 2053 2040 2028 2028 2028 2016 2016 2016 2016 2005 2005 1993 1993 1993 1981 1981 1981 1981 1981 1970 1970 1959 1959 1959 1959 1947 1947 1936 1936 1926 1926 1926 1926 1926 1915 1915 1904 1904 1904 1894 1894 1894 1894 1894 1894 1894 1894 1904 1915 1926 1936 1947 1959 1970 1993 2005 2016 2028 2040 2053 2078 2090 2116 2129 2129 2129 2156 2156 2170 2184 2212 2226 2271 2286 2286 2317 2333 2333 3816 3816 3816 3774 3774 3774 3774 3774 3774 3774 3774 3774 3774 3774 3816 3816 3816 3903 3948 3948 3948 0 0 0 0 0 0 0 0 0 0 0 4041 4041 4041 4041 2579 2560 2560 2560 2541 2541 2541 0 0 0 0 0 0 0 0 2398 2381 2381 2365 2333 2317 2301 2286 2286 2271 2271 2256 2256 2256 2256 2226 2226 2212 2212 2241 2241 2241 2226 2212 2198 2198 2198 2184 2184 2170 2170 2170 2198 0 0 0 0 0 0 0 0 0 0 0 0 0 0 0 0 0 0 0 0 0 0 2984 2933 2933 2933 2933 2933 2933 2908 2883 2883 2883 2883 2883 2908 2908 2883 2883 2883 2883 2883 2859 2835 2835 2835 2859 2859 2485 2485 2503 2503 2503 2503 0 0 0 0 0 0 0
0 0 0 0 0 0 0 0 0 0 0 0 0 0 1624 1624 1632 1639 1572 1572 1572 1564 1564 1572 1586 1601 1616 1616 1632 1632 1647 1647 1655 1647 1647 1647 1647 1647 1647 1655 1663 1663 1671 1671 1671 1671 1680 1680 1688 1705 1713 1713 1722 1731 1731 1739 1748 1748 1757 1766 1776 1776 1785 1804 1813 1813 1813 1813 1823 1833 1853 1863 1873 1873 1873 2078 2090 2103 2116 2116 2129 2143 2129 2129 2116 2090 2090 2090 2090 2078 2078 2078 2065 2065 2065 2065 2065 2053 2040 2028 2028 2028 2028 2016 2016 2005 2005 2005 2005 1993 1993 1993 1981 1981 1981 1970 1970 1959 1959 1947 1947 1959 1947 1947 1936 1936 1926 1926 1926 1926 1926 1904 1904 1915 1904 1904 1894 1894 1894 1894 1894 1894 1894 1894 1915 1926 1926 1936 1947 1970 1981 1981 2005 2016 2028 2040 2053 2078 2090 2116 2129 2129 2129 2156 2156 2170 2184 2212 2226 2271 2286 2286 2317 2333 2333 3774 3774 3774 3774 3774 3774 3774 3774 3774 3774 3774 3774 3774 3774 3816 3816 3816 3859 3903 3948 3948 0 0 0 0 0 0 0 3948 3948 3994 3994 3994 4041 4041 4041 2598 2560 2560 2560 0 0 0 0 0 0 0 0 0 0 0 2398 2398 2381 2365 2333 2317 2286 2286 2271 2271 2271 2256 2256 2256 2301 2301 2241 2226 2226 2241 2241 2241 2226 2212 2198 2198 2184 2184 2170 2170 2170 2170 0 0 0 0 0 0 0 0 0 0 0 0 0 0 0 0 0 0 0 0 0 0 0 0 2933 2933 2933 2933 2933 2933 2908 2908 2908 2883 2883 2883 2908 2908 2908 2883 2859 2859 2883 2859 2835 2835 2835 2859 2485 2485 2485 2503 2522 2503 2503 0 0 0 0 0 0 0
0 0 0 0 0 0 0 0 0 0 0 0 0 0 1616 1616 1624 1639 1647 1647 1647 1647 1663 1655 1655 1639 1639 1680 1688 1663 1663 1671 1671 1671 1663 1663 1663 1655 1655 1663 1671 1671 1680 1680 1680 1680 1680 1688 1688 1705 1713 1713 1722 1739 1739 1748 1748 1748 1766 1766 1776 1776 1785 1813 1823 1823 1823 1823 1993 1863 1863 2028 2040 2040 2065 2078 2078 2090 2103 2103 2129 2129 2129 2129 2116 2103 2103 2090 2090 2078 2078 2078 2065 2065 2065 2065 2065 2065 2040 2028 2028 2028 2028 2016 2016 2005 2005 2005 2005 1993 1993 1993 1981 1981 1981 1970 1959 1959 1947 1936 1936 1936 1947 1947 1947 1936 1926 1926 1926 1926 1926 1904 1904 1915 1915 1894 1894 1894 1894 1894 1894 1894 1894 1894 1915 1926 1926 1936 1959 1970 1981 1981 2005 2016 2028 2040 2053 2078 2103 2116 2129 2143 2143 2156 2170 2184 2198 2212 2226 2271 2286 2286 2317 2333 2333 3774 3774 3774 3774 3774 3774 3774 3774 3774 3774 3774 3774 3774 3816 3816 3816 3859 3859 3903 3948 3948 3948 3903 3903 3903 0 0 0 3948 3948 3948 3948 3948 3994 3994 3994 3994 3774 3816 0 0 0 0 0 0 0 0 0 0 0 0 2398 2398 2381 2365 2333 2333 2286 2286 2271 2271 2286 2317 2301 2301 2301 2301 2317 2317 2241 2241 2241 2256 2256 2226 2212 2198 2184 2184 2170 2170 2170 2170 0 0 0 0 0 0 0 0 0 0 0 0 0 0 0 0 0 0 0 0 0 0 0 2984 2958 2958 2933 2933 2933 2933 2908 2908 2908 2908 2908 2908 2933 2933 2908 2883 2859 2859 2883 2859 2835 2835 2859 2859 2485 2485 2485 2522 2522 2503 2503 0 0 0 0 0 0 0
0 0 0 0 0 0 0 0 0 0 0 0 0 0 1616 1616 1624 1632 1639 1647 1647 1655 1663 1671 1680 1680 1680 1688 1696 1705 1713 1713 1722 1722 1739 1739 1739 1748 1748 1757 1776 1776 1785 1785 1794 1823 1823 1833 1843 1843 1853 1863 1863 1873 1873 1883 1894 1904 1926 1926 1926 1936 1936 1947 1970 1970 1981 1993 1993 1993 1993 2028 2040 2040 2053 2065 2065 2078 2090 2090 2116 2129 2129 2116 2116 2103 2103 2090 2090 2090 2090 2078 2065 2065 2065 2065 2065 2065 2040 2028 2028 2028 2028 2028 2016 2016 2016 2005 2005 1993 1993 1993 1981 1981 1981 1970 1959 1959 1947 1936 1936 1936 1947 1947 1947 1947 1926 1926 1926 1926 1981 1970 1970 1970 1894 1894 1894 1894 1894 1894 1894 1894 1894 1894 1915 1926 1936 1936 1936 2198 2198 2198 2198 3692 3692 3692 3692 2143 2143 3859 3816 2212 2212 2198 2198 2198 2212 2226 2256 2286 2301 2333 2333 2333 2333 3774 3774 3816 3816 3816 3774 3774 3816 3816 3816 3816 3816 3859 3859 3859 3859 3859 3903 3903 3859 3859 3859 3859 3903 3816 3816 3816 3816 3816 3903 3903 3903 3903 3903 3816 3774 3774 3774 3816 0 0 0 0 0 0 0 0 0 0 0 2398 2398 2398 2398 2381 2365 2365 2301 2286 2286 2317 2317 2317 2333 2317 2317 2317 2317 2317 2317 2256 2256 2256 2256 2256 2271 2256 2226 2212 2170 2170 2170 0 0 0 0 0 0 0 0 0 0 0 0 0 0 0 0 0 0 0 0 0 0 0 0 2984 2958 2958 2933 2933 2933 2933 2908 2908 2908 2908 2908 2933 2933 2933 2933 2908 2883 2883 2883 2859 2859 2859 2859 2859 2485 2485 2485 2522 2522 2503 2503 0 0 0 0 0 0 0
0 0 0 0 0 0 0 0 0 0 0 0 0 0 1624 1624 1624 1632 1639 1647 1647 1655 1663 1671 1680 1680 1680 1688 1688 1705 1713 1722 1731 1739 1748 1748 1748 1748 1748 1766 1776 1776 1785 1794 1804 1813 1823 1833 1843 1843 1853 1863 1863 1873 1873 1883 1894 1894 1904 1926 1926 1926 1936 1947 1959 1959 1981 1981 1993 1993 1993 2016 2028 2040 2040 2053 2065 2078 2078 2078 2103 2116 2116 2116 2116 2116 2103 2090 2090 2090 2090 2103 2103 2116 2184 2241 2241 2271 2286 2271 2271 2301 2317 2301 2301 2317 2333 2349 2365 2365 2398 2398 2415 2432 2450 2467 2485 2503 2503 2016 2016 2016 2016 2016 2016 1993 1993 1993 1970 1993 1981 1970 1970 1970 1970 1936 1894 1894 1894 1894 1894 1894 1894 1894 1915 1926 1936 1936 2090 2198 2198 2198 2198 0 3692 3692 3692 3732 3774 3816 3816 3816 3816 3816 3816 2333 2301 2301 2317 2317 2333 2333 2317 2317 2317 3774 3774 3816 3816 3859 3859 3859 3859 3859 3859 3859 3859 3903 3903 3859 3859 3903 3903 3903 3859 3859 3859 3859 3859 3816 3816 3816 3816 3816 3816 3859 3859 3859 3859 3816 3774 3774 3816 3816 0 0 0 0 0 0 0 0 0 0 0 2398 2398 2398 2398 2398 2415 2381 2381 2349 2349 2349 2349 2349 2349 2333 2333 2317 2317 2317 2317 2286 2286 2286 2271 2271 2271 2256 2226 2212 2184 2170 2170 0 0 0 0 0 0 0 0 0 0 0 0 0 0 0 0 0 0 0 0 0 0 3149 3092 2984 2984 2984 2958 2958 2958 2958 2958 2933 2933 2933 2933 2933 2958 2958 2958 2958 2908 2908 2908 2883 2883 2883 2883 2933 2503 2503 2503 2522 2522 2522 2522 0 0 0 0 0 0 0
0 0 0 0 0 0 0 0 0 0 0 0 0 0 1624 1624 1632 1639 1647 1647 1647 1655 1671 1680 1680 1680 1680 1688 1688 1696 1713 1722 1731 1739 1748 1748 1748 1748 1748 1766 1776 1776 1785 1785 1804 1813 1823 1833 1833 1843 1853 1853 1863 1863 1873 1894 1894 1894 1904 1915 1926 1926 1936 1947 1947 1947 1970 1981 1981 1993 1993 2016 2028 2028 2040 2053 2065 2078 2078 2078 2090 2103 2116 2116 2116 2103 2103 2090 2090 2090 2103 2116 2129 2143 2184 2241 2256 2271 2286 2271 2271 2301 2317 2301 2301 2317 2333 2349 2365 2365 2398 2398 2415 2415 2432 2028 2028 2485 2016 2016 2016 2016 2016 2016 2016 1993 1993 1970 1970 1993 1981 1970 1959 1959 1959 1936 1904 1894 1894 1894 1894 1894 1894 1894 1904 1926 1936 2090 2090 2116 2129 2170 2170 2156 2226 2226 2226 3732 3774 3774 3774 3774 3774 3774 3816 2333 2333 2333 2317 2317 2333 2333 2317 2317 2317 3774 3774 3816 3816 3859 3859 3859 3859 3859 3903 3903 3948 3948 3948 3903 3903 3903 3903 3903 3903 3859 3859 3859 3859 3859 3816 3816 3816 3816 3816 3859 3859 3816 3816 3816 3816 3774 3774 3774 3774 0 0 0 0 0 0 0 0 0 2522 2432 2432 2432 2432 2450 2415 2398 2381 2381 2381 2365 2365 2365 2365 2333 2333 2333 2333 2333 2333 2317 2317 2286 2286 2286 2271 2241 2241 0 0 0 0 0 0 0 0 0 0 0 0 0 0 0 0 0 0 0 0 0 0 0 0 0 3149 3149 3092 3064 3064 3037 3037 3064 3037 3010 2984 2984 3010 2984 2984 3010 2984 2984 3010 2984 2984 2958 2933 2883 2883 2908 2958 2958 2522 2522 2541 2522 2503 2503 2522 0 0 0 0 0 0 0
0 0 0 0 0 0 0 0 0 0 0 0 0 0 1624 1624 1632 1632 1639 1647 1647 1655 1671 1671 1680 1680 1680 1688 1688 1696 1705 1722 1722 1731 1739 1748 1748 1748 1748 1766 1776 1776 1785 1785 1804 1813 1813 1823 1833 1843 1853 1853 1863 1863 1883 1894 1894 1894 1904 1915 1926 1936 1936 1947 1947 1947 1959 1981 1981 1993 1993 2016 2028 2028 2040 2053 2053 2065 2078 2078 2090 2103 2116 2116 2116 2103 2103 2090 2090 2090 2116 2129 2129 2143 2198 2241 2256 2256 2271 2271 2271 2301 2317 2317 2317 2333 2333 2053 2053 2040 2040 2028 2028 2028 2028 2028 2016 2016 2016 2016 2016 2016 2005 2005 2005 1993 1981 1970 1970 1981 1981 1970 1959 1959 1959 1947 1915 1894 1894 1894 1894 1894 1894 1904 1904 1926 2065 2065 2078 2090 2116 2129 2143 2156 2170 2184 2226 2241 3774 3774 3774 3774 3774 3774 3774 2349 2333 2333 2333 2333 2333 2333 2333 2333 3816 3774 3774 3774 3816 3816 3903 3903 3903 3903 3948 3948 3948 3948 3948 3948 3948 3903 3903 3903 3859 3859 3859 3859 3859 3859 3816 3816 3816 3816 3816 3816 3816 3816 3816 3816 3816 3774 3774 3774 3774 3774 3816 0 0 0 0 0 2522 2522 2522 2467 2467 2450 2450 2485 2467 2467 2398 2398 2398 2398 2398 2381 2381 2485 2467 2467 2467 2467 2467 0 0 2317 2286 2286 2271 2241 2241 0 0 0 0 0 0 0 0 0 0 0 0 0 0 0 0 0 0 0 0 0 0 0 0 0 3120 3120 3120 3120 3120 3092 3064 3064 3064 3064 3064 3064 3064 3064 3037 3037 3037 3037 3037 3010 3010 2984 2984 2958 2958 2958 2984 2984 3037 2541 2541 2522 2503 2503 2522 0 0 0 0 0 0 0
0 0 0 0 0 0 0 0 0 0 0 0 0 0 1624 1624 1632 1632 1632 1632 1647 1655 1671 1671 1671 1680 1680 1688 1688 1696 1705 1713 1722 1731 1739 1748 1748 1748 1748 1766 1776 1776 1785 1785 1794 1804 1813 1823 1833 1843 1853 1853 1863 1873 1883 1894 1894 1894 1904 1915 1926 1936 1936 1947 1947 1947 1959 1970 1981 1993 1993 2016 2028 2028 2040 2040 2040 2065 2078 2090 2090 2103 2116 2116 2116 2103 2103 2103 2103 2103 2116 2129 2129 2156 2212 2241 2256 2256 2256 2271 2271 2271 2333 2333 2065 2065 2053 2053 2053 2040 2040 2028 2028 2028 2028 2028 2016 2016 2016 2016 2005 2005 1993 1993 1993 1993 1981 1981 1981 1970 1970 1970 1959 1959 1959 1947 1915 1894 1894 1894 1894 1894 1894 1904 1915 1926 2053 2053 2078 2090 2103 2116 2129 2156 2170 2184 2212 2226 2226 2241 3732 3732 3774 3774 3774 2349 2333 2333 2333 2333 2333 2333 2349 2349 3774 3774 3774 3774 3816 3816 3816 3859 3903 3903 3948 3948 3948 3948 3948 3948 3948 3903 3903 3903 3859 3859 3859 3859 3859 3859 3816 3816 3816 3816 3816 3816 3816 3774 3774 3816 3816 3816 3816 3774 3774 3774 3774 3774 0 0 0 0 2522 2522 2522 2522 2485 2485 2485 2503 2522 2522 2522 2522 2522 2522 2522 2522 2485 2485 2467 2467 2467 2467 2467 0 0 0 0 0 0 0 0 0 0 0 0 0 0 0 3208 3208 3269 3300 0 0 0 0 0 0 0 0 0 0 0 0 0 3149 3120 3120 3120 3120 3149 3120 3092 3092 3064 3064 3064 3064 3064 3064 3064 3037 3037 3037 3037 3037 3010 3010 3010 2984 2984 2984 2984 2984 3037 2560 2541 2522 2503 2503 2503 0 0 0 0 0 0 0
0 0 0 0 0 0 0 0 0 0 0 0 0 0 1624 1624 1632 1632 1632 1632 1647 1655 1671 1671 1671 1680 1680 1688 1688 1688 1705 1713 1722 1731 1748 1748 1748 1748 1748 1766 1776 1776 1785 1785 1794 1804 1813 1823 1833 1843 1853 1853 1863 1863 1873 1883 1894 1894 1904 1915 1926 1926 1926 1936 1947 1947 1959 1970 1981 1993 1993 2016 2028 2028 2040 2040 2040 2065 2065 2078 2090 2103 2116 2116 2116 2116 2103 2103 2103 2116 2116 2129 2129 2143 2212 2256 2256 2256 2256 2271 2065 2065 2065 2065 2065 2065 2053 2053 2040 2040 2028 2028 2028 2028 2028 2016 2016 2016 2016 2005 2005 1993 1993 1993 1981 1981 1981 1970 1970 1970 1970 1959 1959 1959 1959 1947 1926 1904 1904 1904 1894 1894 1904 1904 1904 1936 2053 2053 2065 2078 2103 2116 2116 2143 2156 2184 2198 2212 2226 2241 2241 2271 3774 3774 3774 3774 2333 2333 2333 2333 2333 2333 2349 2349 3774 3774 3816 3816 3816 3816 3816 3859 3903 3903 3948 3948 3948 3948 3948 3948 3948 3903 3903 3903 3859 3859 3903 3903 3948 3948 3816 3816 3816 3816 3816 3816 3774 3774 3774 3816 3816 3816 3816 3774 3774 3774 3774 3774 3774 3859 0 0 2522 2522 2541 2522 2503 2503 2503 2522 2541 2522 2522 2522 2522 2522 2522 2522 2522 2522 2503 2485 2467 2467 2467 0 0 0 0 0 0 0 0 0 0 0 3300 3269 3269 3238 3208 3208 3269 3300 3269 3269 0 0 0 0 0 0 0 0 0 3208 3178 3149 3149 3149 3149 3149 3120 3120 3092 3092 3064 3064 3037 3037 3064 3064 3064 3037 3037 3037 3037 3010 3010 3010 2984 2984 2984 2984 2984 2984 2579 2541 2522 2522 2503 2503 2503 0 0 0 0 0 0 0
0 0 0 0 0 0 0 0 0 0 0 0 0 0 1624 1624 1624 1639 1639 1639 1647 1647 1663 1671 1671 1680 1680 1680 1688 1688 1705 1713 1722 1739 1748 1748 1748 1757 1757 1766 1776 1776 1785 1785 1785 1804 1813 1823 1833 1843 1853 1853 1863 1863 1873 1883 1894 1894 1904 1915 1915 1926 1926 1936 1947 1947 1959 1970 1981 1981 1993 2016 2028 2028 2040 2040 2040 2053 2065 2078 2090 2103 2116 2116 2129 2129 2116 2116 2116 2116 2116 2129 2129 2143 2184 2241 2256 2256 2256 2065 2065 2065 2065 2065 2065 2065 2053 2053 2040 2028 2028 2028 2028 2028 2016 2016 2016 2016 2016 2005 2005 1993 1993 1993 1981 1981 1981 1970 1970 1970 1970 1959 1959 1959 1959 1947 1926 1904 1904 1904 1894 1894 1904 1904 1904 1926 2053 2053 2065 2078 2090 2103 2116 2129 2156 2170 2184 2212 2226 2241 2241 2271 2286 3774 3774 3816 2333 2333 2333 2333 2333 2333 2349 2349 3816 3816 3816 3816 3816 3816 3816 3859 3903 3903 3948 3948 3948 3948 3948 3948 3948 3948 3948 4405 4405 4349 4349 4349 4349 4089 4089 4089 3948 3948 3859 3816 3774 3774 3774 3994 3994 3994 3994 3994 3816 3774 3774 3774 3774 3816 0 0 2560 2560 2560 2541 2541 2541 2883 2883 2933 2933 2958 2984 2560 2560 2560 2541 2541 2522 2522 2522 2522 0 0 0 0 0 0 0 0 0 0 0 0 3300 3300 3269 3269 3238 3238 3269 3269 3300 3269 3269 3269 3269 3269 3269 3238 3208 3178 3178 3208 3208 3178 3149 3149 3149 3149 3149 3120 3120 3092 3092 3064 3064 3037 3037 3064 3064 3064 3037 3037 3037 3010 3010 3010 3010 2984 2984 2984 2984 3010 3010 2579 2541 2522 2522 2522 2503 2503 0 0 0 0 0 0 0
0 0 0 0 0 0 0 0 0 0 0 0 0 0 1624 1624 1624 1639 1639 1639 1647 1647 1663 1671 1680 1680 1680 1680 1688 1688 1713 1713 1722 1739 1739 1748 1748 1757 1757 1766 1776 1776 1776 1785 1785 1804 1813 1823 1823 1843 1853 1853 1863 1863 1873 1873 1894 1894 1904 1904 1915 1915 1926 1936 1947 1947 1959 1970 1981 1981 1993 2016 2028 2028 2040 2040 2040 2053 2078 2090 2090 2103 2116 2129 2129 2129 2129 2116 2116 2116 2129 2129 2129 2143 2170 2241 2256 2256 2078 2065 2065 2065 2065 2065 2065 2065 2053 2053 2040 2028 2028 2028 2028 2028 2016 2016 2016 2016 2016 2005 2005 1993 1993 1993 1981 1981 1981 1981 1981 1970 1970 1959 1947 1947 1959 1947 1926 1915 1904 1904 1894 1894 1904 1904 1915 1926 2040 2040 2065 2078 2090 2103 2116 2129 2156 2170 2184 2212 2226 2241 2241 2271 2271 3774 3774 3816 2333 2333 2333 2333 2333 2333 2349 2349 3816 3816 3816 3816 3816 3816 3859 3859 3903 3903 3948 3948 3994 3994 3994 4041 4139 4190 4190 4405 4349 4295 4241 4190 4139 4089 4089 4089 3994 3948 3903 3903 3903 3903 3994 3994 3994 3994 3948 3903 3816 3816 3774 3774 3774 3816 3816 0 0 2984 2984 2984 2984 2958 2883 2883 2933 2958 2958 2984 3037 2560 2560 2560 2541 2541 2541 2541 0 0 0 0 0 0 0 0 0 0 0 0 0 3300 3300 3300 3300 3269 3269 3269 3269 3300 3300 3300 3269 3269 3238 3208 3208 3208 3178 3178 3208 3208 3178 3178 3149 3149 3149 3149 3149 3120 3092 3092 3092 3064 3037 3037 3064 3064 3064 3037 3037 3037 3010 3010 3010 3010 2984 2984 2984 2984 3010 3010 3037 2541 2541 2541 2541 2522 2522 0 0 0 0 0 0 0
0 0 0 0 0 0 0 0 0 0 0 0 0 0 1624 1624 1632 1632 1639 1647 1647 1655 1663 1671 1680 1680 1680 1688 1688 1696 1713 1722 1722 1731 1739 1748 1748 1757 1757 1766 1776 1776 1776 1785 1785 1804 1813 1823 1823 1843 1853 1853 1863 1863 1873 1873 1883 1883 1904 1904 1915 1915 1936 1936 1947 1959 1970 1970 1981 1993 1993 2016 2028 2040 2040 2040 2040 2053 2078 2090 2090 2103 2116 2116 2116 2129 2129 2116 2116 2116 2129 2129 2129 2143 2170 2226 2256 2256 2078 2078 2078 2078 2065 2065 2065 2065 2053 2053 2040 2028 2028 2028 2028 2028 2016 2016 2016 2016 2016 2005 2005 1993 1993 1993 1981 1981 1981 1981 1981 1970 1970 1959 1947 1947 1959 1947 1926 1915 1904 1904 1894 1894 1904 1904 1915 1936 2005 2040 2065 2078 2103 2116 2116 2129 2156 2170 2184 2212 2226 2241 2241 2256 2271 3774 3774 2333 2333 2333 2333 2333 2333 2333 2333 2333 3816 3816 3816 3816 3816 3816 3859 3859 3859 3948 3948 3948 3994 3994 4041 4089 4139 4190 4190 4405 4295 4190 4139 4089 4089 4041 4041 4041 3994 3994 3994 3994 3994 3994 3994 3994 3994 3994 3948 3903 3816 3816 3816 3774 3774 3816 3816 0 2984 2984 2984 2984 2984 2958 2958 2958 2958 2958 2958 2984 3037 3092 3092 3149 3149 3269 3269 2541 0 0 0 0 0 0 0 0 0 0 0 0 3333 3300 3300 3300 3300 3269 3269 3300 3300 3300 3300 3269 3269 3269 3238 3208 3208 3208 3178 3178 3208 3208 3178 3178 3178 3178 3149 3149 3149 3120 3092 3092 3092 3064 3064 3149 3064 3064 3064 3064 3037 3037 3037 3037 3010 3010 3010 3010 2984 2984 3010 3010 3037 2541 2541 2541 2541 2522 2522 0 0 0 0 0 0 0
0 0 0 0 0 0 0 0 0 0 0 0 0 0 1624 1624 1624 1632 1639 1647 1647 1655 1663 1671 1680 1680 1680 1688 1688 1705 1713 1722 1731 1731 1739 1748 1748 1757 1757 1766 1776 1776 1776 1785 1794 1804 1813 1823 1823 1843 1853 1853 1863 1863 1873 1873 1883 1883 1904 1904 1915 1926 1936 1936 1947 1959 1970 1981 1981 1993 1993 2016 2028 2040 2040 2040 2053 2065 2078 2090 2103 2116 2116 2116 2116 2116 2116 2116 2116 2116 2129 2129 2143 2156 2170 2212 2241 2256 2078 2078 2078 2078 2065 2065 2065 2065 2065 2053 2040 2028 2028 2028 2028 2028 2028 2016 2016 2016 2016 2005 2005 2005 1993 1993 1993 1993 1981 1981 1981 1970 1970 1970 1959 1959 1959 1947 1926 1926 1904 1904 1894 1894 1904 1904 1915 1936 2005 2040 2065 2078 2103 2116 2116 2143 2156 2170 2184 2212 2226 2241 2241 2256 3816 3816 3816 2333 2333 2333 2349 2333 2333 2333 2333 2333 3774 3774 3774 3816 3816 3816 3859 3859 3859 3948 3948 3994 3994 3994 4041 4089 4190 4349 4405 4405 4139 4089 4089 4089 4089 4041 4041 4041 3994 3994 3994 3994 3994 3994 3994 3994 3994 3948 3948 3948 3859 3816 3816 3816 3816 3816 3816 0 3064 3064 3010 2958 2958 2984 2958 2958 2984 2984 2984 2984 3037 3092 3092 3149 3269 3269 3269 2541 2541 2541 0 0 0 0 0 0 0 0 0 0 3269 3269 3333 3300 3300 3300 3300 3300 3300 3300 3269 3269 3238 3238 3238 3238 3208 3208 3208 3208 3208 3208 3208 3208 3178 3178 3178 3149 3149 3120 3092 3092 3092 3092 3092 3149 3149 3064 3064 3064 3037 3037 3037 3037 3037 3037 3010 3010 3010 3010 2984 2984 3010 2541 2541 2541 2541 2541 2541 0 0 0 0 0 0 0
0 0 0 0 0 0 0 0 0 0 0 0 0 0 1624 1624 1624 1632 1639 1647 1647 1655 1663 1671 1680 1680 1680 1688 1696 1705 1713 1722 1731 1731 1739 1748 1757 1757 1757 1766 1776 1776 1776 1785 1785 1804 1813 1823 1823 1833 1843 1853 1853 1863 1873 1873 1883 1883 1904 1915 1926 1926 1936 1936 1947 1959 1970 1981 1981 1993 1993 2016 2028 2028 2040 2040 2053 2065 2078 2090 2103 2116 2116 2116 2129 2116 2116 2116 2116 2116 2129 2129 2143 2156 2184 2212 2241 2256 2256 2078 2078 2078 2065 2065 2065 2065 2065 2065 2053 2053 2040 2040 2028 2028 2028 2028 2016 2016 2016 2016 2016 2005 2005 1993 1993 1993 1981 1981 1981 1981 1981 1970 1970 1970 1959 1947 1936 1926 1915 1904 1904 1904 1904 1904 1915 1947 1993 2053 2065 2078 2103 2116 2129 2143 2170 2184 2198 2226 2226 2241 2256 2271 3816 3816 3816 2349 2349 2349 2349 2349 2333 2333 2333 2333 3774 3774 3774 3816 3816 3816 3859 3859 3859 3948 3948 3994 3994 3994 4089 4139 4190 4349 4405 4405 4139 4089 4089 4089 4089 4041 4041 4041 3994 3994 3994 3994 3994 3994 3994 3994 3994 3948 3948 3948 3903 3859 3816 3816 3816 3816 0 0 0 2984 2958 2958 2958 2984 2984 2984 2984 2984 2984 2984 3037 3092 3092 3178 3269 3269 3269 2560 2541 2541 2560 3433 3468 3433 3433 0 0 0 0 0 3269 3269 3333 3333 3300 3300 3300 3300 3300 3269 3238 3238 3238 3238 3238 3238 3208 3208 3208 3208 3208 3208 3208 3208 3208 3178 3178 3178 3149 3120 3092 3092 3092 3092 3092 3064 3064 3037 3037 3064 3064 3037 3037 3037 3037 3037 3037 3010 3010 2984 2984 2984 2984 2522 2522 2541 2541 2541 2541 0 0 0 0 0 0 0
0 0 0 0 0 0 0 0 0 0 0 0 0 0 1624 1624 1632 1632 1639 1647 1647 1663 1671 1671 1680 1680 1688 1696 1705 1705 1713 1722 1731 1731 1739 1748 1748 1748 1748 1766 1776 1776 1785 1785 1785 1804 1813 1823 1823 1833 1843 1843 1853 1863 1873 1883 1883 1894 1904 1915 1926 1926 1936 1947 1947 1947 1970 1981 1981 1993 2005 2016 2028 2028 2040 2040 2053 2065 2078 2090 2090 2103 2116 2129 2129 2129 2116 2116 2116 2116 2129 2129 2143 2156 2184 2226 2241 2256 2256 2078 2078 2078 2065 2065 2065 2065 2065 2065 2065 2053 2053 2040 2040 2040 2040 2028 2028 2028 2016 2016 2016 2005 2005 2005 1993 1993 1993 1993 1993 1981 1981 1981 1970 1970 1970 1959 1936 1926 1915 1904 1904 1904 1904 1904 1915 1936 1993 2053 2078 2090 2103 2129 2143 2170 2184 2198 2226 2226 2241 2241 2256 3816 3816 3816 3816 2349 2349 2349 2349 2349 2333 2333 2333 2333 3816 3816 3816 3816 3816 3859 3859 3859 3903 3948 3948 3994 3994 3994 4089 4139 4190 4190 4190 4089 4089 4089 4089 4089 4089 4041 4041 3994 3994 3994 3994 3994 3994 3994 3994 3994 3994 3948 3948 3948 3903 3859 3816 3816 3816 3816 0 0 0 2984 2958 2958 2958 2984 2984 2984 2984 2984 2984 3010 3037 3092 3120 3178 3269 3300 3300 2560 2560 2560 2560 3433 3365 3365 3433 0 0 0 0 0 3300 3300 3300 3300 3300 3300 3300 3300 3300 3269 3238 3238 3238 3238 3238 3238 3208 3208 3208 3208 3208 3208 3208 3208 3178 3178 3178 3178 3149 3120 3092 3092 3092 3092 3092 3037 3037 3037 3037 3064 3037 3037 3037 3037 3037 3037 3037 3010 3010 2984 2984 2984 2984 2522 2522 2522 2522 2541 2541 0 0 0 0 0 0 0
0 0 0 0 0 0 0 0 0 0 0 0 0 0 1624 1624 1632 1632 1639 1647 1647 1655 1663 1671 1680 1680 1688 1696 1705 1705 1713 1722 1731 1739 1739 1748 1748 1748 1748 1757 1766 1776 1785 1785 1785 1804 1823 1823 1833 1833 1843 1843 1853 1863 1863 1883 1883 1894 1904 1915 1936 1936 1936 1947 1947 1947 1970 1981 1981 1993 2005 2016 2028 2028 2040 2040 2053 2065 2078 2090 2090 2103 2116 2129 2129 2129 2116 2116 2116 2116 2129 2129 2143 2156 2212 2226 2256 2256 2301 2301 2078 2078 2078 2078 2065 2065 2065 2065 2065 2065 2053 2053 2053 2040 2040 2028 2028 2028 2028 2016 2016 2016 2005 2005 1993 1993 1993 1993 1993 1981 1981 1981 1981 1981 1981 1970 1947 1926 1915 1915 1904 1904 1904 1904 1915 1936 2005 2065 2078 2090 2116 2129 2143 2170 2184 2212 2226 2241 2241 2256 2286 3816 3816 3816 3859 2349 2349 2349 2349 2349 2333 2333 2333 2333 3816 3816 3816 3816 3816 3859 3859 3859 3903 3948 3948 3994 3994 3994 4089 4139 4190 4190 4190 0 4041 4041 4041 4089 4089 4089 4041 3994 3994 3994 3994 3994 3994 3994 3994 3994 3994 3994 3994 3948 3948 3903 3859 3816 3816 3816 0 0 0 2984 2984 2984 2958 2958 2958 2984 2984 2984 3010 3037 3064 3092 3120 3178 3269 3300 3300 2560 2541 2541 2560 3399 3365 3365 0 0 0 0 0 0 3333 3333 3300 3300 3300 3300 3300 3300 3300 3269 3238 3238 3238 3238 3238 3238 3238 3238 3208 3208 3208 3208 3208 3208 3178 3178 3178 3178 3178 3149 3120 3120 3092 3092 3092 3037 3037 3037 3037 3064 3037 3037 3037 3037 3037 3037 3037 3010 3010 3010 2984 2984 3037 2522 2522 2522 2522 2522 2522 0 0 0 0 0 0 0
0 0 0 0 0 0 0 0 0 0 0 0 0 0 1624 1624 1632 1632 1639 1647 1647 1655 1663 1671 1680 1680 1688 1696 1696 1705 1713 1722 1731 1739 1739 1748 1748 1748 1748 1757 1766 1776 1785 1785 1785 1804 1823 1823 1833 1833 1843 1843 1853 1863 1863 1883 1894 1894 1904 1926 1936 1936 1936 1947 1947 1959 1970 1981 1981 1993 2005 2016 2028 2028 2040 2053 2053 2065 2078 2090 2090 2103 2116 2129 2129 2129 2116 2116 2116 2116 2129 2129 2143 2156 2212 2241 2256 2256 2301 2301 2301 2078 2078 2078 2065 2065 2065 2065 2065 2065 2065 2065 2065 2053 2053 2040 2028 2028 2028 2028 2028 2016 2005 2005 1993 1993 1993 1993 1993 1981 1981 1981 1981 1981 1981 1970 1947 1926 1915 1915 1904 1904 1904 1904 1915 1936 1959 2065 2078 2103 2116 2129 2143 2170 2184 2198 2226 2241 2241 2271 2286 3816 3816 3816 3859 2349 2349 2349 2349 2349 2333 2333 2333 2333 3859 3816 3816 3859 3859 3903 3903 3903 3903 3948 3948 3994 3994 3994 4089 4139 4190 4190 4190 4139 4041 4041 4041 4089 4089 4089 4041 4041 3994 3994 3994 3994 3994 3994 4041 4041 3994 3994 3994 3994 3948 3903 3859 3816 3816 3816 3816 0 0 2984 2984 2958 2958 2958 2958 2984 2984 3010 3010 3037 3064 3092 3120 3178 3238 3300 2560 2560 2541 2541 2541 2541 3433 3433 0 0 3433 0 0 0 3365 3333 3333 3333 3300 3300 3300 3300 3300 3269 3269 3269 3238 3238 3238 3238 3238 3238 3238 3208 3208 3208 3208 3208 3178 3178 3178 3178 3178 3178 3120 3120 3092 3092 3092 3064 3064 3064 3064 3064 3037 3037 3037 3037 3037 3037 3037 3037 3037 3037 2984 2984 3120 2541 2541 2522 2522 2522 2522 0 0 0 0 0 0 0
0 0 0 0 0 0 0 0 0 0 0 0 0 0 1624 1624 1632 1632 1639 1647 1647 1655 1663 1671 1680 1680 1688 1696 1696 1705 1713 1722 1731 1739 1739 1748 1748 1748 1748 1766 1766 1776 1776 1785 1794 1804 1813 1823 1833 1833 1843 1853 1853 1863 1863 1883 1894 1894 1904 1915 1936 1936 1936 1947 1947 1959 1970 1981 1993 1993 2005 2016 2028 2028 2040 2053 2053 2065 2078 2090 2090 2103 2116 2129 2129 2129 2116 2116 2116 2129 2129 2129 2143 2156 2212 2241 2256 2271 2301 2301 2301 2078 2078 2078 2065 2065 2065 2078 2078 2065 2065 2065 2065 2053 2040 2040 2040 2040 2028 2028 2028 2016 2016 2005 2005 2005 2005 2005 2005 1993 1993 1993 1981 1981 1981 1981 1947 1926 1915 1915 1915 1915 1915 1915 1915 1936 1959 2065 2078 2103 2116 2129 2129 2170 2184 2198 2212 2226 2241 2271 2286 3816 3816 3816 3903 2349 2349 2349 2349 2349 2349 2349 2349 2349 3859 3859 3859 3859 3859 3859 3903 3903 3903 3948 3948 3994 3994 3994 4041 4139 4190 4139 4139 4139 4139 4139 4089 4089 4089 4089 4041 4041 3994 3994 3994 3994 3994 3994 3994 3994 3994 3994 3994 3994 3948 3903 3859 3816 3816 3816 3816 0 3149 3010 3010 2958 2958 2958 2958 2984 2984 3010 3010 3037 3064 3092 3120 3178 3238 3269 2560 2560 2541 2541 2541 2541 2541 3365 3399 3433 3433 3399 3300 0 3333 3300 3300 3300 3300 3300 3300 3300 3300 3300 3300 3269 3269 3238 3238 3238 3238 3238 3238 3238 3238 3208 3208 3208 3178 3178 3178 3178 3178 3178 3149 3149 3149 3149 3120 3092 3092 3064 3064 3064 3064 3064 3037 3037 3037 3037 3037 3064 3037 3037 3037 3037 3092 2560 2560 2541 2522 2522 2522 0 0 0 0 0 0 0
0 0 0 0 0 0 0 0 0 0 0 0 0 0 1624 1624 1632 1639 1647 1647 1647 1655 1663 1663 1671 1680 1688 1688 1688 1696 1705 1722 1731 1739 1748 1748 1757 1748 1748 1766 1766 1776 1776 1785 1794 1804 1813 1813 1823 1833 1853 1853 1853 1863 1863 1873 1883 1883 1904 1915 1915 1926 1936 1936 1947 1959 1970 1981 1981 1993 2005 2016 2028 2028 2040 2040 2053 2065 2078 2090 2090 2103 2116 2129 2129 2129 2116 2116 2129 2129 2129 2143 2143 2170 2212 2241 2256 2271 2286 2286 2065 2065 2078 2090 2078 2078 2078 2078 2078 2065 2065 2065 2065 2053 2040 2040 2040 2040 2028 2028 2028 2016 2016 2016 2005 2005 2005 2005 2005 1993 1993 1993 1993 1993 1981 1981 1947 1926 1926 1926 1915 1915 1915 1915 1926 1936 1970 2053 2078 2103 2116 2129 2129 2170 2184 2198 2212 2226 2241 2271 2271 2271 3816 3816 3859 2349 2349 2349 2349 2349 2349 2349 2349 2365 3859 3859 3859 3859 3859 3859 3903 3903 3903 3903 3948 3994 3994 3994 4041 4139 4190 4139 4139 0 4139 4139 4089 4089 4089 4089 4089 4041 3994 3994 3994 3994 3994 3994 3994 3994 3994 4041 3994 3994 3948 3903 3816 3816 3816 3816 3816 0 3149 3149 3010 2958 2958 2958 2984 2984 2984 3010 3010 3037 3064 3092 3120 3178 3238 2598 2579 2560 2541 2541 2541 2541 2541 3365 3365 3399 3399 3399 3300 3300 3300 3300 3300 3300 3300 3300 3300 3300 3333 3333 3300 3300 3269 3238 3238 3238 3238 3238 3238 3238 3238 3238 3208 3208 3208 3178 3178 3178 3178 3178 3149 3149 3149 3149 3120 3120 3120 3092 3092 3092 3064 3064 3064 3064 3064 3064 3064 3064 3010 3010 3010 3010 3037 2560 2560 2560 2541 2541 2541 0 0 0 0 0 0 0
0 0 0 0 0 0 0 0 0 0 0 0 0 0 1624 1624 1632 1639 1647 1655 1655 1655 1663 1663 1671 1680 1688 1688 1688 1696 1696 1722 1731 1739 1748 1748 1757 1757 1757 1757 1766 1776 1785 1785 1794 1804 1813 1813 1823 1843 1853 1853 1853 1863 1863 1873 1873 1883 1904 1915 1915 1926 1936 1936 1947 1959 1970 1981 1981 1993 2005 2016 2028 2028 2040 2040 2053 2065 2078 2090 2103 2116 2116 2129 2129 2129 2129 2129 2129 2129 2129 2143 2156 2170 2212 2241 2256 2271 2271 2286 2065 2065 2078 2090 2078 2078 2078 2078 2078 2065 2065 2065 2053 2053 2053 2053 2040 2040 2040 2028 2028 2016 2016 2016 2016 2016 2016 2005 1993 1993 1993 1993 1993 1993 1981 1981 1936 1926 1926 1926 1915 1915 1915 1915 1926 1936 1970 2053 2078 2103 2116 2129 2143 2170 2184 2198 2212 2226 2241 2271 2271 2271 3816 3816 3859 2349 2349 2349 2349 2349 2349 2349 2349 2365 2365 3859 3859 3859 3903 3948 3948 3903 3903 3903 3948 3994 3994 3994 4041 4139 4190 4190 4190 0 4139 4139 4139 4139 4139 4089 4089 4041 3994 3994 3994 3994 4041 4041 4041 4041 4041 4041 4041 3994 3948 3903 3816 3816 3816 3816 3816 3010 3064 3064 3037 2984 2984 2984 2984 2984 2984 3010 3010 3037 3064 3092 3149 3208 3238 2598 2579 2560 2541 2541 2541 2541 2541 3365 3365 3399 3399 3399 3433 3300 3300 3333 3333 3300 3300 3300 3300 3300 3300 3300 3300 3269 3269 3269 3269 3269 3269 3269 3238 3238 3269 3238 3238 3208 3208 3208 3178 3178 3178 3178 3149 3149 3149 3149 3120 3120 3120 3092 3092 3092 3064 3064 3064 3064 3064 3064 3064 3037 3010 3010 3010 3010 3037 2560 2560 2560 2560 2560 2560 0 0 0 0 0 0 0
0 0 0 0 0 0 0 0 0 0 0 0 0 0 1624 1624 1624 1639 1647 1647 1655 1655 1671 1680 1680 1680 1688 1688 1688 1696 1696 1722 1731 1739 1748 1748 1757 1757 1757 1757 1766 1776 1785 1785 1794 1813 1813 1813 1823 1843 1853 1863 1863 1863 1873 1873 1873 1883 1904 1915 1915 1926 1936 1936 1947 1959 1970 1981 1993 1993 2005 2016 2040 2040 2040 2040 2053 2065 2078 2090 2103 2116 2129 2129 2129 2129 2129 2129 2129 2129 2129 2143 2156 2184 2212 2241 2256 2271 2271 2286 2271 2078 2078 2090 2078 2078 2078 2078 2078 2065 2065 2065 2053 2053 2053 2053 2040 2040 2040 2028 2028 2016 2016 2016 2016 2016 2016 2005 1993 1993 1993 1993 1993 1993 1981 1981 1936 1926 1926 1926 1926 1926 1915 1915 1926 1947 1981 2065 2090 2103 2116 2129 2143 2170 2184 2212 2226 2241 2256 2271 2286 3859 3859 3816 3816 2349 2349 2349 2349 2349 2349 2349 2349 2365 0 3994 3994 3994 4041 4041 3994 3903 3903 3948 3948 3994 3994 3994 4041 0 0 4041 4139 0 4139 4139 4139 4139 4139 4139 4089 4041 3994 3994 3994 3994 4041 4041 4041 4041 4041 4041 4041 3994 3994 3948 3859 3816 3816 3816 3816 3010 3010 3037 3037 3010 2984 2984 2984 2984 3010 3010 3010 3010 3064 3092 3149 3208 3238 2560 2541 2541 2541 2541 2541 2541 2541 2579 3399 3399 3399 3399 3399 3333 3333 3333 3333 3333 3333 3300 3300 3300 3300 3300 3300 3269 3269 3269 3269 3269 3269 3269 3269 3269 3269 3238 3238 3208 3208 3178 3178 3178 3178 3178 3149 3149 3149 3149 3120 3120 3120 3092 3092 3064 3064 3064 3064 3064 3064 3064 3064 3037 3010 3010 3037 3037 3064 2579 2579 2579 2579 2560 2560 0 0 0 0 0 0 0
0 0 0 0 0 0 0 0 0 0 0 0 0 0 1624 1624 1624 1632 1647 1647 1655 1663 1671 1680 1680 1680 1688 1688 1696 1696 1696 1722 1731 1739 1748 1748 1757 1757 1757 1766 1766 1776 1785 1785 1794 1813 1813 1823 1823 1833 1853 1863 1873 1873 1873 1883 1883 1894 1904 1915 1915 1926 1936 1936 1947 1959 1970 1981 1993 1993 2016 2016 2040 2040 2040 2040 2053 2078 2090 2103 2116 2116 2129 2129 2129 2143 2143 2143 2129 2129 2143 2143 2156 2184 2212 2241 2256 2271 2271 2286 2286 2078 2078 2090 2090 2078 2078 2078 2078 2065 2065 2065 2065 2053 2053 2040 2040 2040 2028 2028 2028 2016 2016 2016 2016 2016 2016 2005 2005 1993 1993 1993 1993 1993 1981 1970 1936 1926 1926 1926 1926 1926 1926 1926 1926 1947 1993 2078 2090 2103 2116 2129 2143 2170 2184 2212 2226 2241 2256 2271 2286 2301 3816 3816 3816 2349 2349 2349 2349 2349 2349 2349 2349 2365 0 0 0 0 0 0 0 3994 3994 3994 3994 3994 3994 3994 4041 0 0 0 0 0 4139 4139 4139 4139 4139 4139 4089 4089 4041 4041 4041 4041 4041 4041 4041 4041 4089 4041 4041 3994 3994 3948 3859 3816 3816 3816 3816 3010 3010 3037 3037 3037 3010 3010 3010 3010 3010 3010 3010 3010 3064 3092 3149 3178 3238 2541 2541 2541 2541 2541 2541 2541 2541 2560 3399 3399 3399 3399 3399 3333 3333 3333 3333 3333 3333 3300 3300 3333 3300 3300 3300 3300 3269 3269 3269 3269 3269 3269 3269 3269 3238 3238 3208 3208 3208 3178 3178 3178 3178 3178 3178 3178 3149 3149 3120 3092 3092 3092 3092 3064 3064 3064 3064 3064 3064 3064 3064 3064 3010 3010 3037 3037 3064 2579 2579 2579 2579 2579 2579 0 0 0 0 0 0 0
0 0 0 0 0 0 0 0 0 0 0 0 0 0 1624 1624 1624 1632 1639 1647 1655 1655 1663 1671 1680 1680 1688 1688 1696 1705 1705 1722 1739 1739 1748 1748 1757 1757 1757 1766 1766 1776 1785 1785 1794 1813 1813 1813 1823 1833 1853 1863 1873 1873 1873 1883 1883 1894 1904 1915 1926 1936 1936 1947 1947 1959 1970 1993 1993 2005 2016 2028 2040 2040 2040 2053 2078 2078 2090 2103 2116 2129 2129 2129 2129 2143 2143 2143 2143 2143 2143 2143 2156 2184 2198 2241 2256 2301 2301 2301 2301 2078 2078 2103 2078 2078 2078 2078 2078 2065 2065 2065 2065 2053 2053 2040 2040 2040 2028 2028 2040 2028 2016 2016 2016 2016 2016 2005 2005 2005 1993 1993 1993 1981 1981 1970 1936 1926 1926 1926 1926 1926 1926 1926 1926 1947 2078 2078 2090 2103 2116 2129 2143 2170 2184 2212 2226 2241 2256 2271 2286 2301 3816 3816 3859 2349 2349 2349 2349 2349 2349 2349 2349 2365 0 0 0 0 0 0 0 4582 3994 3994 3994 3994 3994 3994 4041 0 0 0 0 0 0 4139 4139 4139 4139 4139 4139 4089 4089 4089 4041 4041 4041 4089 4089 4089 4089 4041 3994 3994 3994 3994 3859 3816 3816 3816 3816 3010 2958 2958 3037 3010 3010 3010 3010 3010 3010 3010 3037 3037 3064 3092 3149 3178 3238 2541 2541 2541 2541 2541 2560 2560 2560 2560 3399 3399 3399 3399 3399 3399 3365 3365 3333 3333 3333 3333 3333 3333 3300 3300 3300 3300 3300 3269 3269 3269 3269 3238 3238 3269 3238 3238 3208 3208 3208 3208 3178 3178 3178 3208 3178 3149 3149 3149 3120 3092 3092 3092 3092 3092 3092 3064 3064 3092 3064 3064 3037 3037 3037 3037 3037 3064 3064 2598 2598 2598 2579 2579 2598 0 0 0 0 0 0 0
0 0 0 0 0 0 0 0 0 0 0 0 0 0 1624 1624 1624 1632 1639 1647 1655 1655 1663 1671 1680 1680 1688 1696 1705 1713 1713 1722 1731 1739 1748 1757 1757 1757 1757 1766 1776 1785 1785 1785 1794 1813 1813 1813 1823 1843 1853 1863 1873 1873 1883 1883 1894 1904 1915 1915 1936 1936 1947 1947 1959 1970 1981 1993 1993 2016 2016 2028 2040 2040 2053 2065 2078 2090 2090 2103 2116 2129 2143 2143 2143 2143 2143 2143 2143 2143 2143 2143 2170 2184 2198 2226 2256 2301 2317 2317 2333 2078 2078 2103 2078 2078 2078 2078 2078 2078 2065 2065 2065 2065 2053 2040 2040 2040 2040 2040 2040 2028 2028 2028 2016 2016 2016 2005 2005 2005 1993 1993 1993 1981 1981 1970 1936 1936 1936 1926 1926 1926 1926 1926 1926 1947 2078 2078 2090 2103 2116 2129 2143 2170 2184 2212 2226 2241 2256 2271 2286 2301 3816 3816 3859 2349 2349 2349 2349 2349 2349 2349 2349 2349 0 0 0 0 0 0 0 4582 4582 3994 3994 3994 3994 3994 4041 0 0 0 0 0 4089 4089 4139 4139 4139 4139 4139 4089 4041 4041 4041 4089 4089 4089 4089 4089 4089 4041 3994 3994 3994 3948 3903 3816 3816 3816 3816 3816 2958 2958 2984 2984 3010 2984 2984 3010 3037 3037 3037 3037 3064 3092 3149 3208 3208 2560 2560 2541 2541 2541 2560 2560 2579 2579 3399 3399 3399 3399 3399 3399 3399 3365 3333 3333 3333 3333 3333 3333 3333 3333 3300 3300 3300 3300 3269 3269 3269 3238 3238 3269 3238 3238 3208 3208 3208 3208 3208 3208 3208 3208 3178 3149 3149 3149 3149 3092 3092 3092 3092 3092 3092 3092 3092 3092 3064 3064 3037 3037 3037 3037 3037 3010 3010 2598 2598 2598 2598 2598 2598 0 0 0 0 0 0 0
0 0 0 0 0 0 0 0 0 0 0 0 0 0 0 1624 1624 1632 1639 1647 1655 1663 1663 1671 1680 1680 1688 1696 1705 1713 1713 1722 1731 1739 1748 1757 1757 1766 1766 1766 1776 1785 1785 1794 1804 1813 1813 1823 1823 1843 1853 1863 1873 1873 1883 1894 1894 1904 1915 1926 1936 1947 1959 1959 1970 1981 1993 1993 2005 2016 2028 2028 2040 2053 2065 2090 2090 2103 2103 2129 2129 2143 2143 2143 2143 2143 2143 2143 2143 2143 2143 2143 2170 2184 2198 2212 2256 2301 2317 2333 2333 2103 2103 2116 2090 2078 2078 2078 2078 2078 2078 2065 2065 2065 2053 2053 2040 2040 2040 2040 2040 2028 2028 2028 2028 2016 2016 2016 2005 2005 2005 1993 1993 1981 1981 1970 1947 1936 1936 1936 1926 1926 1926 1926 1926 1947 2078 2078 2078 2103 2116 2129 2156 2170 2198 2212 2226 2241 2256 2271 2286 2301 3859 3859 3859 2381 2381 2365 2365 2365 2349 2349 2349 2349 0 0 0 0 0 0 4522 4522 4463 4041 3994 3994 3994 3994 4041 0 0 0 0 0 4089 4089 4139 4190 4139 4139 4139 4041 3994 3994 3994 4041 4089 4089 4089 4089 4089 4089 3994 3994 3994 3948 3903 3816 3816 3816 3816 3816 3010 3010 2958 2958 2984 2984 2984 3037 3037 3037 3064 3064 3092 3120 3178 3208 3208 2560 2560 2541 2541 2541 2560 2560 2579 2579 3433 3433 3433 3433 3399 3399 3399 3365 3365 3365 3333 3333 3333 3333 3333 3333 3300 3300 3300 3300 3269 3269 3269 3269 3269 3269 3238 3238 3238 3208 3208 3208 3208 3208 3208 3208 3178 3178 3178 3149 3149 3120 3120 3092 3092 3092 3092 3092 3092 3092 3092 3037 3037 3037 3037 3037 3037 3010 3010 2618 2598 2598 2598 2598 2598 0 0 0 0 0 0 0
0 0 0 0 0 0 0 0 0 0 0 0 0 0 0 1632 1632 1639 1647 1647 1655 1663 1671 1671 1680 1680 1688 1696 1713 1713 1713 1722 1722 1731 1748 1757 1757 1766 1766 1776 1785 1785 1794 1804 1804 1813 1823 1823 1833 1853 1863 1863 1873 1883 1883 1894 1904 1915 1926 1936 1947 1959 1981 1981 1981 1993 1993 2005 2016 2016 2016 2028 2040 2065 2078 2103 2103 2116 2129 2143 2156 2156 2184 2156 2143 2143 2143 2143 2143 2143 2143 2143 2170 2184 2198 2198 2198 2598 2579 2560 2560 2116 2116 2116 2103 2090 2090 2090 2078 2078 2078 2078 2065 2065 2065 2053 2040 2040 2040 2040 2040 2028 2028 2028 2028 2016 2016 2016 2016 2005 2005 2005 1993 1993 1981 1970 1959 1947 1936 1926 1926 1926 1926 1926 1926 1947 1981 2065 2078 2103 2116 2129 2143 2170 2198 2212 2226 2241 2256 2271 2286 3903 3903 3903 3948 2365 2365 2365 2365 2365 2365 2365 2381 2381 0 0 0 0 0 0 4463 4463 4349 4089 4041 3994 3994 3994 3994 0 0 0 0 0 4139 4139 4190 4190 4190 4139 4139 4041 3994 3994 3994 3994 4041 4089 4089 4089 4089 4089 3994 3994 3994 3948 3903 3859 3859 3859 3859 3859 2958 2958 2958 2958 2984 3010 3010 3037 3064 3064 3064 3064 3092 3120 3178 3208 3238 2560 2560 2541 2541 2541 2560 2579 2579 2579 3433 3433 3433 3433 3399 3399 3365 3365 3365 3365 3365 3333 3333 3333 3333 3333 3300 3300 3300 3300 3300 3300 3300 3269 3269 3269 3269 3269 3238 3208 3208 3208 3208 3208 3208 3208 3178 3149 3149 3178 3149 3149 3120 3120 3120 3120 3120 3092 3092 3092 3092 3037 3037 3037 3064 3064 3037 3010 3010 2598 2598 2598 2598 2598 2598 0 0 0 0 0 0 0
0 0 0 0 0 0 0 0 0 0 0 0 0 0 0 1639 1639 1647 1647 1655 1663 1671 1671 1671 1680 1688 1696 1713 1713 1722 1722 1722 1722 1731 1757 1757 1766 1766 1776 1785 1794 1804 1804 1813 1813 1813 1823 1833 1853 1863 1873 1873 1883 1883 1883 1894 1904 1926 1936 1959 1970 1981 1993 1993 1993 1993 1993 2005 2028 2016 2016 2028 2317 2333 2333 2349 2349 2365 2143 2143 2156 2170 2432 2450 2143 2143 2143 2143 2143 2143 2143 2156 2170 2184 2184 2198 2198 2598 2579 2560 2560 2116 2116 2116 2116 2103 2103 2090 2090 2078 2078 2065 2065 2065 2065 2065 2053 2053 2040 2040 2040 2028 2028 2028 2028 2028 2016 2016 2016 2016 2016 2005 2005 1993 1981 1981 1959 1936 1936 1926 1926 1926 1926 1926 1936 1959 1981 2065 2078 2103 2116 2129 2143 2184 2198 2212 2226 2241 2271 2286 2286 3948 3948 3948 3948 2365 2365 2365 2365 2365 2365 2365 2381 2381 0 0 0 0 0 0 4463 4463 4349 4089 4041 3994 3994 3994 3994 0 0 0 4842 0 4190 4190 4190 4190 4190 4139 4139 4041 3994 3994 3994 3994 4041 4089 4089 4089 4089 4089 3994 3994 3948 3948 3903 3859 3859 3903 3903 3903 2958 2958 2958 2958 2984 3037 3037 3037 3064 3064 3064 3064 3092 3120 3178 3208 3238 2560 2560 2560 2560 2560 2560 2579 2579 2579 3433 3433 3433 3433 3399 3399 3365 3365 3365 3365 3365 3333 3333 3333 3300 3300 3300 3300 3300 3300 3300 3300 3300 3300 3300 3300 3300 3269 3269 3238 3208 3208 3238 3208 3208 3208 3178 3149 3149 3149 3149 3149 3149 3120 3120 3149 3120 3092 3092 3092 3120 3064 3064 3064 3064 3064 3037 3037 3037 2598 2598 2598 2598 2598 2598 0 0 0 0 0 0 0
0 0 0 0 0 0 0 0 0 0 0 0 0 0 1655 1647 1647 1655 1663 1671 1671 1680 1680 1680 1688 1696 1713 1722 1731 1731 1731 1731 1731 1731 1766 1766 1766 1766 1776 1785 1804 1804 1813 1813 1813 1813 1823 1833 1853 1873 1873 1883 1883 1883 1883 1894 1904 1926 1936 2198 2198 2212 2005 2005 2005 2016 2241 2256 2271 2286 2301 2301 2317 2333 2333 2349 2349 2365 2365 2381 2398 2415 2432 2432 2143 2143 2143 2143 2143 2143 2143 2156 2170 2184 2184 2198 2579 2598 2579 2579 2579 2116 2116 2116 2116 2116 2103 2103 2090 2078 2078 2065 2065 2065 2065 2065 2065 2053 2053 2040 2040 2028 2028 2028 2028 2028 2016 2016 2016 2016 2016 2016 2005 1993 1993 1981 1959 1936 1936 1926 1926 1926 1926 1926 1936 1959 1981 2065 2078 2103 2116 2129 2143 2184 2198 2212 2226 2241 2271 2286 2286 3903 3903 3948 3948 2349 2349 2365 2365 2365 2365 2381 2381 2381 2398 0 0 0 0 0 0 0 0 4041 4041 4041 4041 4041 4041 0 0 0 4842 4774 4190 4190 4190 4190 4190 4139 4139 4089 4041 4041 4041 4041 4089 4089 4089 4089 4089 4089 3994 3994 3948 3948 3903 3903 3903 3903 3948 3948 2958 2958 2958 2984 3010 3037 3037 3064 3037 3037 3064 3064 3092 3120 3178 3208 3269 3269 2560 2560 2560 2560 2560 2579 2579 2579 3433 3433 3433 3433 3399 3399 3399 3399 3365 3365 3365 3333 3333 3333 3300 3300 3300 3300 3300 3300 3300 3300 3300 3300 3300 3300 3300 3300 3269 3238 3238 3238 3238 3238 3208 3208 3178 3149 3149 3149 3149 3149 3149 3149 3149 3149 3120 3120 3120 3120 3120 3064 3064 3064 3064 3064 3064 3064 2639 2618 2598 2598 2598 2598 2598 0 0 0 0 0 0 0
0 0 0 0 0 0 0 0 0 0 0 0 0 0 1655 1655 1663 1663 1663 1680 1680 1680 1680 1680 1688 1713 1722 1731 1731 1731 1731 1731 1739 1766 1766 1766 1766 1776 1776 1794 1804 1813 1813 1813 1813 2053 2053 2078 1873 1873 1883 1883 1894 2129 2129 2143 2156 2170 2184 2198 2198 2198 2212 2226 2226 2241 2241 2256 2271 2286 2301 2317 2317 2333 2349 2349 2365 2365 2381 2381 2398 2415 2432 2432 2143 2143 2143 2156 2143 2143 2143 2156 2170 2184 2198 2579 2598 2598 2618 2598 2598 2116 2116 2116 2116 2116 2103 2103 2103 2090 2078 2065 2065 2065 2065 2065 2065 2065 2053 2040 2040 2028 2028 2028 2028 2028 2028 2016 2016 2016 2016 2016 2016 1993 1993 1981 1959 1936 1936 1936 1926 1926 1936 1936 1936 1959 1981 2065 2078 2116 2116 2129 2143 2184 2198 2212 2241 2256 2271 2286 2286 3816 3816 3903 3903 2349 2349 2365 2381 2381 2381 2381 2381 2398 2398 0 0 0 0 0 0 0 0 4041 4041 4041 4041 4041 4041 0 0 0 4842 4708 4241 4190 4190 4190 4190 4139 4139 4089 4041 4041 4041 4041 4089 4089 4089 4089 4089 4089 4089 4089 4041 3948 3903 3903 3903 3903 3903 3903 2984 2958 2958 2984 3010 3037 3037 3037 3037 3037 3037 3064 3092 3120 3178 3208 3269 3269 2560 2560 2560 2560 2579 2579 2579 2579 3433 3433 3433 3433 3399 3399 3399 3399 3365 3365 3333 3333 3333 3333 3333 3333 3333 3333 3300 3300 3300 3300 3269 3269 3300 3300 3300 3300 3269 3238 3238 3238 3238 3238 3208 3208 3178 3149 3149 3149 3149 3149 3149 3149 3149 3120 3120 3120 3120 3120 3092 3064 3064 3064 3064 3064 3064 3064 2639 2618 2598 2598 2598 2598 2598 0 0 0 0 0 0 0
0 0 0 0 0 0 0 0 0 0 0 0 0 0 1655 1655 1663 1663 1663 1873 1894 1894 1904 1904 1915 1947 1959 1947 1947 1947 1947 1947 1959 1959 1970 1993 1993 1993 2005 2016 2028 2028 2040 2040 2040 2053 2053 2078 2078 2090 2103 2116 2129 2129 2143 2143 2170 2184 2184 2198 2198 2198 2212 2226 2226 2241 2241 2271 2286 2286 2301 2317 2317 2333 2349 2365 2365 2365 2381 2381 2415 2415 2432 2432 2143 2143 2143 2156 2143 2143 2143 2156 2170 2184 2198 2579 2598 2598 2618 2618 2618 2116 2116 2129 2116 2103 2103 2103 2103 2090 2078 2078 2065 2065 2065 2065 2065 2065 2053 2053 2040 2028 2028 2028 2028 2028 2028 2028 2016 2016 2016 2016 2016 2005 2005 1993 1959 1936 1936 1936 1936 1936 1936 1936 1936 1959 1993 2065 2078 2116 2116 2129 2143 2184 2198 2212 2241 2256 2271 2286 2317 3816 3816 3903 3903 2349 2349 2381 2381 2381 2381 2381 2381 2398 2398 0 0 0 0 0 0 0 0 4089 4041 4041 4041 4041 4041 0 0 0 4463 4463 4241 4190 4190 4190 4190 4139 4139 4139 4089 4089 4089 4089 4089 4139 4089 4089 4089 4089 4089 4089 4041 3948 3948 3903 3903 3903 3903 3903 2984 2984 3010 3010 3010 3010 3037 3037 3037 3037 3037 3064 3092 2680 2680 3208 2618 2579 2560 2560 2560 2560 2579 2560 2560 2560 3433 3433 3433 3433 3433 3433 3399 3399 3399 3365 3333 3333 3333 3333 3333 3333 3333 3333 3333 3300 3300 3269 3269 3269 3300 3300 3300 3300 3269 3238 3238 3238 3238 3238 3208 3208 3178 3149 3149 3149 3149 3149 3149 3149 3149 3120 3120 3120 3120 3120 3092 3092 3064 3064 3064 3064 3064 3064 2639 2618 2598 2598 2598 2598 2598 0 0 0 0 0 0 0
0 0 0 0 0 0 0 0 0 0 0 0 0 0 1663 1663 1873 1873 1873 1873 1883 1894 1904 1904 1915 1926 1936 1947 1947 1947 1947 1947 1959 1959 1970 2005 1993 1993 2005 2005 2028 2028 2040 2040 2040 2053 2053 2078 2078 2090 2103 2116 2129 2129 2143 2143 2170 2184 2198 2198 2198 2212 2212 2226 2226 2241 2256 2271 2286 2301 2301 2317 2317 2333 2349 2365 2365 2365 2381 2381 2432 2432 2432 2450 2143 2143 2143 2143 2143 2143 2143 2156 2170 2184 2198 2598 2598 2618 2618 2618 2129 2129 2129 2116 2116 2103 2103 2103 2103 2090 2078 2078 2078 2078 2078 2065 2065 2065 2053 2053 2040 2040 2028 2028 2028 2028 2028 2028 2016 2016 2016 2016 2016 2016 2005 1993 1959 1947 1936 1936 1936 1936 1936 1936 1947 1959 1970 2065 2103 2116 2129 2129 2143 2184 2198 2226 2226 2241 2256 2286 2317 2333 3859 3903 3903 2365 2365 2381 2381 2381 2381 2381 2398 2398 2398 0 0 0 0 0 0 0 0 4041 4041 4041 4089 4089 4089 4089 0 0 4349 4349 4190 4190 4190 4139 4139 4139 4139 4139 4139 4139 4139 4139 4139 4139 4139 4089 4089 4089 4089 4089 4041 3948 3948 3903 3903 3903 3903 3903 3010 3010 3010 3010 3010 3010 3037 3037 3037 3037 2598 2598 2598 2618 2618 2598 2579 2579 2560 2560 2541 2541 2541 2560 2541 2541 2541 3399 3433 2541 2541 3399 3399 3399 3399 3365 3333 3333 3333 3333 3333 3333 3365 3333 3333 3300 3300 3269 3269 3269 3300 3300 3269 3269 3269 3269 3238 3238 3238 3238 3238 3208 3178 3178 3178 3178 3178 3149 3149 3149 3149 3149 3149 3149 3149 3149 3092 3092 3064 3064 3064 3064 3064 3064 2639 2618 2598 2598 2598 2598 2598 0 0 0 0 0 0 0
0 0 0 0 0 0 0 0 0 0 0 0 0 0 1863 1863 1863 1863 1863 1873 1873 1894 1894 1904 1915 1915 1936 1947 1947 1947 1947 1947 1959 1959 1970 2005 1993 1993 2005 2005 2028 2028 2040 2040 2040 2053 2065 2078 2078 2090 2103 2103 2116 2129 2143 2156 2184 2184 2198 2198 2212 2212 2226 2226 2226 2241 2256 2271 2286 2301 2301 2317 2333 2349 2365 2365 2365 2365 2381 2398 2432 2432 2450 2450 2156 2156 2156 2143 2143 2143 2143 2170 2170 2184 2198 2598 2598 2618 2639 2639 2129 2129 2129 2116 2116 2103 2103 2103 2090 2090 2078 2078 2078 2078 2078 2065 2065 2065 2065 2053 2053 2040 2040 2028 2028 2028 2028 2028 2028 2016 2016 2016 2016 2016 2005 1993 1981 1959 1947 1936 1936 1936 1936 1936 1947 1959 1970 2078 2103 2116 2129 2129 2143 2184 2212 2226 2226 2241 2256 2286 2317 2333 3859 3948 3948 2381 2381 2381 2381 2381 2381 2381 2398 2398 2398 0 0 0 0 0 0 0 0 4041 4041 4089 4089 4089 4089 4089 0 0 4349 4349 4190 4190 4190 4139 4139 4139 4139 4139 4139 4089 4089 4089 4089 4139 4139 4089 4089 4089 4089 4089 4041 3994 3948 3903 3903 3903 3948 3948 3010 3010 3010 3010 3010 3064 2579 2579 2598 2598 2598 2598 2598 2598 2598 2598 2579 2560 2541 2541 2522 2522 2522 2541 2541 2541 2541 2541 2541 2541 2541 2541 2541 2560 3399 3365 3365 3333 3333 3333 3333 3333 3333 3333 3333 3300 3300 3269 3269 3269 3269 3269 3238 3238 3238 3238 3238 3238 3238 3238 3238 3208 3178 3178 3178 3178 3178 3178 3149 3149 3149 3149 3149 3149 3149 3149 3092 3092 3092 3064 3064 3064 3064 3064 2598 2598 2618 2618 2618 2618 2618 0 0 0 0 0 0 0
0 0 0 0 0 0 0 0 0 0 0 0 0 0 1863 1863 1863 1863 1863 1873 1873 1894 1894 1904 1915 1915 1936 1936 1947 1947 1947 1947 1959 1959 1970 2005 2005 2005 2005 2016 2028 2028 2040 2040 2053 2053 2078 2078 2090 2090 2090 2103 2116 2143 2143 2156 2184 2184 2198 2198 2212 2212 2226 2226 2226 2241 2256 2271 2286 2301 2317 2317 2333 2349 2365 2365 2365 2381 2381 2398 2432 2432 2450 2450 2156 2156 2156 2156 2143 2143 2143 2156 2170 2184 2198 2598 2598 2618 2639 2639 2129 2129 2129 2116 2116 2103 2103 2103 2090 2090 2078 2078 2078 2078 2078 2078 2065 2065 2065 2053 2053 2053 2053 2028 2028 2028 2028 2028 2028 2016 2016 2016 2016 2016 2005 1993 1981 1959 1947 1936 1936 1936 1936 1936 1947 1970 1981 2078 2103 2116 2129 2143 2156 2184 2212 2226 2241 2241 2256 2286 2301 2317 3903 3948 3948 2398 2398 2398 2398 2398 2381 2381 2398 2398 2398 0 0 0 0 0 0 0 0 4089 4089 4089 4139 4089 4089 4089 0 0 3399 3399 3399 3399 4190 4139 4139 4139 4139 4139 4139 4089 4089 4089 4089 4089 4089 4089 4089 4089 4089 4089 4041 3994 3948 3903 3903 3903 3994 2639 2639 2639 2598 2598 2579 2579 2579 2579 2598 2598 2598 2598 2598 2598 2598 2598 2560 2560 2522 2503 2485 2485 2485 2503 2541 2541 2541 2541 2541 2541 2541 2522 2522 2522 2503 2485 2485 2485 3300 3333 3333 3333 3333 3333 3333 3300 3300 3269 3269 3269 3238 3208 3208 3208 3208 3238 3208 3208 3208 3238 3238 3208 3178 3178 3178 3178 3208 3178 3178 3149 3149 3149 3149 3149 3149 3149 3120 3092 3092 3092 3092 3092 3092 3092 2598 2598 2618 2618 2639 2639 2639 0 0 0 0 0 0 0
0 0 0 0 0 0 0 0 0 0 0 0 0 0 1863 1863 1863 1863 1863 1873 1873 1894 1894 1904 1915 1915 1926 1926 1936 1947 1947 1947 1959 1959 1981 2005 2005 2005 2016 2028 2028 2028 2040 2040 2053 2065 2078 2078 2090 2090 2090 2103 2116 2143 2143 2170 2184 2184 2198 2198 2212 2212 2226 2226 2226 2256 2256 2286 2301 2301 2317 2317 2333 2349 2365 2365 2381 2381 2381 2398 2432 2432 2450 2450 2143 2143 2156 2156 2143 2143 2156 2156 2170 2184 2184 2598 2598 2618 2639 2639 2143 2129 2129 2116 2116 2116 2116 2103 2103 2090 2078 2078 2078 2078 2078 2065 2065 2065 2065 2053 2053 2053 2053 2040 2040 2028 2028 2028 2028 2028 2016 2016 2016 2016 2005 1993 1981 1970 1947 1936 1936 1936 1936 1936 1947 1970 1981 2078 2116 2116 2129 2143 2156 2198 2212 2226 2241 2241 2256 2286 2301 2317 3948 3948 2365 2365 2398 2398 2398 2398 2398 2398 2398 2398 0 0 0 0 0 3333 3300 3300 3300 4089 4089 4089 3365 3365 3399 3399 3238 3208 3208 0 3333 3333 4139 4139 4139 4139 4139 4139 4139 4089 4089 4041 4041 4041 4089 4041 4041 4089 4089 4089 4089 4041 3948 3903 2659 2659 2639 2618 2598 2598 2598 2598 2579 2579 2579 2579 2598 2598 2598 2598 2598 2598 2579 2579 2560 2541 2485 2467 2450 2415 2415 2415 2450 2467 2560 2541 2541 2541 2541 2522 2522 2503 2503 2485 2485 2485 2485 2485 2485 2467 2467 2450 2450 2467 2467 2450 2432 2432 2450 3178 3178 3178 3178 3178 3178 3178 3178 3208 3208 3208 3178 3178 3178 3178 3178 3178 3178 3149 3149 3178 3149 3149 3149 3149 3149 3120 3120 3120 3092 3092 3092 3092 2598 2598 2618 2618 2639 2659 2659 0 0 0 0 0 0 0
0 0 0 0 0 0 0 0 0 0 0 0 0 0 1863 1863 1863 1863 1863 1873 1873 1894 1894 1904 1915 1915 1926 1926 1936 1947 1947 1959 1959 1959 1981 2005 2005 2016 2016 2028 2028 2040 2040 2040 2065 2065 2078 2078 2090 2090 2103 2116 2143 2143 2156 2170 2184 2198 2198 2198 2212 2212 2226 2226 2241 2256 2256 2286 2301 2317 2317 2317 2349 2349 2365 2365 2381 2381 2381 2415 2415 2432 2450 2450 2143 2143 2156 2156 2156 2156 2156 2156 2170 2184 2184 2198 2598 2618 2639 2639 2143 2129 2116 2116 2129 2129 2116 2103 2103 2090 2078 2078 2078 2078 2078 2065 2065 2065 2065 2065 2065 2053 2053 2040 2040 2028 2028 2028 2028 2028 2016 2016 2016 2016 2016 2005 1981 1959 1947 1936 1936 1936 1936 1936 1947 1970 2065 2090 2116 2116 2129 2143 2156 2184 2198 2226 2241 2256 2271 2286 2286 3399 3399 3399 2365 2365 2398 2398 2398 2381 2381 2381 2398 2398 3333 3333 3333 3365 3333 3333 3300 3300 3333 3333 3333 3365 3365 3365 3333 3333 3238 3208 3208 3238 3269 3300 3300 3269 3238 3238 3238 3238 3238 3238 3238 3238 3238 3238 3238 3238 3994 2639 2618 2618 2618 2618 2598 2598 2598 2618 2618 2618 2579 2579 2579 2598 2598 2598 2598 2598 2598 2598 2598 2598 2579 2579 2579 2579 2560 2541 2398 2398 2381 2365 2365 2365 2381 2450 2560 2541 2541 2522 2522 2522 2503 2503 2485 2485 2485 2485 2485 2485 2485 2467 2467 2450 2450 2467 2467 2450 2432 2432 2432 2450 2467 2467 3178 3178 3178 3178 3178 3178 3208 3208 3178 3178 3178 3149 3149 3178 3178 3149 3149 3178 3178 3149 3149 3120 3120 3120 3120 3120 3092 3092 3092 3092 2598 2598 2659 2659 2659 2659 2659 0 0 0 0 0 0 0
0 0 0 0 0 0 0 0 0 0 0 0 0 0 1863 1863 1863 1863 1873 1873 1873 1883 1894 1904 1915 1915 1926 1936 1947 1947 1947 1959 1970 1970 1981 2005 2005 2016 2016 2028 2028 2040 2040 2053 2065 2078 2078 2090 2090 2103 2116 2116 2143 2143 2156 2170 2184 2184 2198 2198 2212 2212 2226 2241 2241 2256 2256 2286 2301 2317 2317 2317 2349 2349 2365 2365 2381 2381 2398 2415 2415 2432 2450 2450 2143 2143 2156 2170 2156 2156 2156 2156 2170 2184 2184 2184 2598 2618 2639 2639 2129 2129 2116 2116 2129 2116 2116 2116 2103 2103 2090 2090 2078 2078 2078 2065 2065 2065 2065 2065 2065 2053 2053 2053 2040 2028 2028 2028 2028 2028 2016 2016 2016 2016 2016 2005 1981 1959 1947 1936 1936 1936 1936 1936 1947 1981 2040 2090 2103 2116 2129 2143 2156 2184 2198 2226 2241 2256 2286 2286 2286 3399 3399 3399 2365 2365 2398 2398 2398 2381 2381 2381 2398 2398 3333 3333 3333 3365 3333 3333 3333 3333 3333 3333 3333 3365 3333 3333 3333 3333 3238 3208 3208 3238 3269 3269 3269 3269 3238 3238 3238 3238 3238 3238 3238 3238 3238 3238 3238 3238 2618 2618 2618 2618 2618 2618 2598 2598 2598 2618 2598 2598 2579 2579 2579 2598 2598 2598 2598 2598 2598 2598 2598 2598 2579 2579 2579 2579 2579 2541 2381 2365 2365 2365 2349 2349 2365 2450 2560 2541 2541 2522 2522 2522 2503 2503 2485 2485 2485 2485 2485 2485 2485 2467 2467 2467 2467 2467 2467 2450 2432 2432 2432 2450 2450 2450 2450 2450 2450 3178 3178 3178 3208 3208 3208 3208 3208 3149 3149 3149 3149 3178 3178 3178 3178 3149 3149 3092 3092 3092 3092 3092 3092 3092 3092 3120 2659 2659 2659 2659 2659 2659 2659 0 0 0 0 0 0 0
0 0 0 0 0 0 0 0 0 0 0 0 0 0 1863 1863 1863 1873 1873 1873 1873 1883 1894 1915 1915 1926 1926 1947 1947 1947 1947 1959 1970 1981 1993 2005 2016 2016 2016 2028 2028 2040 2040 2053 2065 2078 2078 2090 2090 2103 2116 2129 2143 2143 2156 2170 2184 2184 2198 2198 2212 2226 2241 2241 2241 2256 2271 2301 2301 2317 2317 2317 2349 2349 2365 2365 2381 2381 2398 2415 2432 2432 2450 2450 2156 2156 2170 2170 2170 2156 2156 2170 2184 2184 2184 2184 2598 2618 2639 2639 2129 2129 2129 2129 2129 2116 2116 2116 2116 2103 2103 2103 2090 2078 2078 2078 2078 2065 2065 2065 2065 2065 2065 2053 2053 2040 2040 2028 2028 2028 2028 2016 2016 2016 2016 2005 1970 1947 1947 1947 1947 1947 1947 1947 1947 1981 2028 2090 2103 2116 2129 2156 2170 2198 2198 2226 2241 2256 2271 2271 2286 3433 3433 3433 3433 2415 2398 2398 2398 2398 2398 2398 2398 2398 3333 3333 3365 3365 3365 3333 3333 3333 3333 3333 3333 3333 3333 3333 3333 3333 3333 3300 3300 3300 3300 3269 3269 3269 3238 3238 3238 3238 3238 3238 3238 3238 3238 3238 3238 3238 2618 2618 2639 2639 2618 2618 2618 2598 2598 2618 2598 2598 2598 2598 2598 2598 2598 2618 3037 3037 3064 3064 3092 3092 3092 3120 3149 3208 3269 3300 2381 2349 2349 2349 2333 2333 2333 2333 2333 2333 2333 2333 2381 2503 2503 2503 2503 2503 2503 2485 2485 2485 2485 2485 2450 2450 2450 2450 2467 2467 2450 2450 2450 2450 2450 2450 2450 2450 2450 2450 2450 3120 3120 3120 3208 3208 3208 3178 3149 3149 3149 3092 3149 3149 3149 3120 3120 3064 3064 3064 3064 3064 3092 3092 3092 3092 2639 2639 2659 2659 2659 2659 2659 0 0 0 0 0 0 0
0 0 0 0 0 0 0 0 0 0 0 0 0 0 1863 1863 1873 1873 1873 1883 1894 1904 1904 1915 1915 1926 1947 1947 1959 1959 1959 1959 1981 1993 1993 2005 2016 2016 2028 2028 2040 2040 2040 2040 2065 2078 2078 2090 2090 2116 2116 2129 2143 2143 2156 2170 2184 2198 2198 2212 2226 2226 2241 2241 2256 2256 2256 2301 2301 2317 2317 2333 2349 2365 2365 2381 2381 2381 2398 2415 2432 2450 2450 2467 2170 2170 2170 2170 2170 2156 2156 2170 2184 2198 2198 2226 2598 2618 2639 2639 2129 2129 2129 2129 2129 2116 2116 2116 2116 2116 2103 2103 2103 2090 2078 2078 2078 2078 2078 2065 2065 2065 2065 2053 2053 2040 2028 2028 2028 2028 2028 2028 2028 2016 2016 1993 1970 1947 1947 1947 1947 1947 1947 1947 1959 1981 2016 2078 2103 2129 2143 2156 2170 2198 2212 2226 2241 2256 2256 2256 3433 3399 3399 3399 3399 2415 2398 2398 2398 2398 2398 2398 2398 2415 3333 3333 3333 3333 3365 3333 3333 3333 3333 3333 3333 3333 3333 3333 3333 3333 3333 3300 3300 3300 3300 3269 3269 3269 3238 3238 3238 3238 3238 3238 3238 3238 3238 3238 2598 2598 2618 2618 2639 2639 2618 2598 2598 2618 2618 2618 2618 2618 2639 2883 2908 3064 3064 3037 3037 3037 3064 3064 3092 3092 3092 3149 3178 3238 3269 3300 3333 2349 2349 2349 2333 2333 2333 2333 2333 2333 2333 2333 2349 2503 2503 0 0 0 0 0 0 2503 2485 2485 2450 2450 2450 2450 2467 2467 2450 2450 2450 2450 2450 2450 2450 2450 2450 2450 2450 2450 3092 3092 3120 3149 3208 3178 3149 3149 3149 3092 3092 3092 3149 3120 3120 3064 3064 3037 3010 3010 3037 3037 3064 3064 2639 2639 2659 2659 2659 2659 2659 0 0 0 0 0 0 0
0 0 0 0 0 0 0 0 0 0 0 0 0 0 1863 1863 1873 1873 1873 1894 1894 1904 1904 1915 1915 1926 1936 1947 1959 1959 1959 1959 1981 1993 1993 2005 2016 2016 2028 2040 2040 2040 2040 2040 2065 2078 2078 2090 2090 2103 2116 2129 2143 2156 2156 2170 2184 2198 2198 2212 2226 2241 2241 2241 2256 2256 2256 2301 2301 2301 2317 2333 2349 2365 2365 2381 2381 2398 2398 2415 2432 2450 2450 2450 2170 2170 2184 2170 2170 2170 2170 2170 2184 2198 2198 2241 2598 2618 2639 2639 2143 2143 2129 2129 2129 2129 2116 2116 2116 2116 2103 2103 2103 2103 2090 2090 2078 2078 2078 2078 2065 2065 2065 2053 2053 2040 2028 2028 2028 2028 2028 2028 2028 2028 2016 1993 1970 1959 1947 1947 1947 1947 1947 1947 1959 1981 1993 2078 2116 2129 2143 2156 2170 2198 2212 2226 2241 2256 2256 2256 2271 3399 3399 3365 3365 2415 2415 2398 2398 2398 2398 2398 2415 2415 3333 3333 3333 3333 3365 3333 3300 3300 3300 3300 3333 3333 3333 3333 3300 3300 3300 3300 3300 3269 3269 3269 3238 3238 3238 3238 3238 3238 3238 3238 3238 3238 3238 3238 2560 2560 2598 2598 2639 2639 2618 2598 2598 2618 2618 2639 2639 2883 2883 2883 2908 3064 3064 3064 3064 3064 3064 3064 3092 3092 3120 3149 3208 3208 3300 3333 3333 2333 2333 2317 2301 2301 2301 2317 2317 2333 2333 2333 2349 0 0 0 0 0 0 0 0 0 0 0 2467 2467 2467 2467 2467 2467 2467 2467 2467 2450 2450 2450 2450 2450 2450 2450 2432 2432 3092 3092 3120 3149 3208 3178 3178 0 0 0 3037 3037 3064 3064 3092 3092 3010 2984 2984 2984 3010 3010 3010 3037 2639 2639 2659 2659 2659 2659 2659 0 0 0 0 0 0 0
0 0 0 0 0 0 0 0 0 0 0 0 0 0 1873 1873 1873 1873 1883 1894 1904 1904 1904 1915 1915 1926 1936 1959 1959 1959 1959 1959 1993 1993 2005 2016 2028 2028 2028 2040 2040 2040 2040 2040 2065 2078 2090 2090 2090 2103 2116 2143 2143 2143 2156 2170 2184 2198 2212 2212 2226 2241 2241 2241 2256 2256 2256 2301 2301 2301 2317 2349 2349 2365 2365 2381 2381 2398 2398 2415 2432 2450 2450 2450 2170 2170 2184 2184 2184 2170 2170 2184 2184 2198 2198 2598 2618 2639 2659 2659 2156 2143 2129 2129 2129 2129 2116 2116 2116 2116 2103 2103 2103 2103 2090 2090 2090 2078 2078 2078 2078 2065 2065 2053 2053 2053 2040 2040 2040 2040 2028 2028 2028 2028 2016 2005 1981 1959 1947 1947 1947 1947 1947 1947 1959 1981 1993 2090 2116 2129 2143 2156 2170 2198 2212 2241 2241 2256 2271 2271 2271 2271 3433 3365 3365 2415 2415 2415 2415 2398 2398 2398 2415 2415 2450 3333 3333 3333 3333 3300 3300 3269 3269 3269 3333 3300 3300 3300 3269 3269 3269 3238 3238 3238 3238 3238 3238 3238 3238 3238 3238 3238 3238 3238 3238 3238 3238 3238 2560 2560 2560 2560 0 0 0 0 0 0 0 0 0 2883 2883 2883 2908 3037 3064 3064 3064 3064 3064 3092 3092 3092 3120 3149 3092 3064 3064 3064 3064 2333 2317 2301 2286 2286 2286 2317 0 0 0 0 0 0 0 0 0 0 0 0 0 0 0 0 0 0 0 0 0 0 0 2503 2485 2467 2450 2450 2450 2450 2450 2450 2432 2432 2432 3064 3064 3238 3238 3208 3208 0 0 0 3037 3037 3064 3064 3092 3092 3010 2984 2933 2933 2933 2958 2958 2984 2984 2659 2659 2659 2659 2659 2659 0 0 0 0 0 0 0
0 0 0 0 0 0 0 0 0 0 0 0 0 0 1873 1873 1873 1873 1883 1894 1904 1904 1904 1915 1915 1926 1947 1959 1959 1959 1959 1959 1981 1993 2005 2016 2016 2016 2028 2028 2040 2040 2040 2053 2065 2078 2078 2090 2103 2103 2129 2143 2143 2143 2156 2184 2184 2198 2198 2212 2226 2241 2241 2241 2256 2256 2286 2301 2301 2317 2317 2349 2365 2365 2365 2381 2381 2398 2415 2432 2432 2450 2450 2467 2170 2170 2184 2184 2184 2184 2184 2184 2184 2198 2198 2212 2618 2639 2659 2659 2156 2143 2129 2129 2129 2129 2129 2129 2116 2116 2103 2103 2103 2103 2103 2103 2090 2078 2078 2078 2078 2065 2065 2065 2053 2053 2040 2040 2040 2040 2040 2028 2028 2028 2016 2016 1993 1970 1959 1959 1947 1947 1947 1947 1959 1981 1993 2090 2116 2129 2143 2156 2170 2198 2226 2256 2256 2271 2286 2286 2286 2286 2286 2415 2415 2415 2415 2415 2415 2398 2398 2398 2415 2432 2432 3333 3333 3333 3333 3300 3300 3269 3269 3269 3333 3238 3178 3149 3149 3149 3178 3238 3238 3208 3178 3178 3208 3208 3238 3238 3238 3208 3208 3208 3208 3208 3208 3208 2598 2598 2560 2560 0 0 0 0 0 0 0 0 0 0 2883 2883 2908 3037 3037 3064 3064 3064 3092 3092 3064 3064 3092 3120 3064 3037 3037 3037 3037 2286 2286 2286 2271 2271 2271 2301 0 0 0 0 0 0 0 0 0 0 0 0 0 0 0 0 0 0 0 0 0 0 0 0 0 0 0 2450 2450 2450 2450 2432 2432 2432 2432 3064 0 0 0 0 0 0 0 0 0 0 3064 3064 3092 0 0 2933 2933 2933 2933 2933 2958 2984 2984 2659 2659 2659 2659 2659 2659 0 0 0 0 0 0 0
0 0 0 0 0 0 0 0 0 0 0 0 0 0 1873 1873 1873 1873 1883 1894 1904 1904 1904 1915 1915 1926 1947 1959 1959 1970 1970 1970 1981 1993 1993 2005 2016 2016 2028 2028 2028 2040 2040 2053 2078 2078 2078 2090 2103 2116 2129 2143 2156 2156 2170 2184 2184 2198 2198 2198 2212 2226 2241 2241 2256 2256 2286 2286 2301 2317 2349 2349 2365 2365 2365 2381 2381 2398 2415 2432 2450 2450 2450 2467 2170 2170 2184 2184 2184 2184 2184 2184 2198 2198 2198 2212 2618 2659 2659 2659 2156 2143 2143 2129 2129 2129 2129 2129 2129 2116 2103 2103 2103 2103 2116 2103 2090 2078 2078 2078 2078 2078 2065 2065 2065 2053 2040 2040 2040 2040 2040 2028 2028 2028 2016 2016 2005 1981 1970 1959 1959 1959 1959 1959 1959 1981 2005 2090 2116 2129 2129 2156 2170 2198 2226 2241 2271 2286 2286 2301 2301 2301 0 0 2398 2398 2398 2398 2398 2398 2398 2398 2415 2432 2432 0 0 0 0 0 0 0 0 3333 3333 3238 3178 3149 3149 3149 3178 3238 3238 3208 3178 3178 3208 3208 3238 3238 3238 3208 3208 3208 3208 3208 0 0 2579 2579 2579 2598 0 0 0 0 0 0 0 0 0 0 0 0 0 3037 3037 3064 3064 3092 3092 3092 3064 3064 3092 3120 3064 3010 3010 3037 3037 2271 2271 2271 2271 2271 2271 2286 2301 0 0 0 0 0 0 0 0 0 0 0 0 0 0 0 0 0 0 0 0 0 0 0 0 0 0 0 2450 2432 2432 2432 2415 2415 2415 3064 3064 0 0 0 0 0 0 0 0 0 0 0 0 0 0 2933 2859 2859 2859 2883 2958 2984 2984 2639 2639 2659 2659 2659 2659 0 0 0 0 0 0 0
0 0 0 0 0 0 0 0 0 0 0 0 0 0 1873 1873 1873 1873 1883 1904 1904 1904 1904 1915 1926 1926 1947 1959 1959 1970 1970 1970 1970 1970 1993 2005 2016 2016 2028 2028 2028 2040 2040 2065 2078 2078 2078 2090 2116 2116 2143 2143 2156 2156 2170 2170 2184 2198 2198 2198 2212 2226 2241 2241 2241 2256 2286 2286 2301 2317 2333 2333 2349 2365 2365 2381 2381 2398 2432 2432 2450 2450 2467 2467 2170 2170 2184 2184 2184 2184 2184 2184 2198 2198 2198 2212 2659 2680 2659 2659 2156 2143 2143 2129 2129 2129 2129 2129 2129 2116 2103 2103 2103 2103 2103 2103 2090 2090 2078 2078 2078 2078 2065 2065 2065 2065 2053 2053 2040 2040 2040 2028 2028 2028 2028 2016 2005 1981 1970 1970 1959 1959 1959 1959 1959 1981 2028 2090 2116 2129 2129 2156 2170 2212 2226 2241 2271 2286 2301 2301 2301 2301 0 0 2398 2398 2398 2398 2398 2398 2398 2415 2415 2432 2432 2432 0 0 0 0 0 0 0 0 0 0 0 0 0 0 0 0 0 0 0 0 0 0 0 3238 3238 3269 0 0 0 0 0 0 2598 2579 2579 2598 0 0 0 0 0 0 0 0 0 0 0 0 0 0 3064 3064 3064 3092 0 0 0 0 0 0 0 3010 3010 0 0 2271 2271 2271 2271 2271 2271 2286 2286 0 0 0 0 0 0 0 0 0 0 0 0 0 0 0 0 0 0 0 0 0 0 0 0 0 0 0 2398 2398 2415 2415 2398 2398 2398 2398 2415 0 0 0 0 0 0 0 0 0 0 0 0 0 0 0 2859 2859 2859 2883 0 0 2659 2639 2639 2639 2659 2680 2680 0 0 0 0 0 0 0
0 0 0 0 0 0 0 0 0 0 0 0 0 0 1873 1873 1873 1873 1883 1904 1904 1915 1915 1915 1926 1926 1947 1959 1959 1970 1970 1970 1970 1970 1993 2005 2005 2005 2028 2028 2028 2040 2053 2065 2078 2078 2090 2090 2116 2129 2129 2143 2156 2156 2170 2170 2184 2198 2198 2212 2226 2226 2241 2241 2241 2256 2286 2301 2301 2317 2333 2333 2349 2365 2365 2381 2398 2415 2432 2432 2450 2450 2467 2467 2170 2170 2184 2184 2184 2184 2184 2184 2198 2198 2184 2184 2859 2859 2859 2812 2156 2143 2143 2129 2129 2129 2129 2129 2129 2116 2116 2103 2103 2103 2103 2103 2090 2090 2078 2078 2078 2078 2078 2065 2065 2065 2053 2053 2040 2040 2028 2028 2028 2028 2028 2028 2005 1981 1970 1970 1970 1959 1959 1959 1959 1981 2028 2090 2116 2129 2129 2156 2170 2212 2226 2241 2256 2286 2301 2301 2317 2317 0 0 2398 2398 2398 2398 2398 2398 2398 2415 2415 2432 2432 2432 0 0 0 0 0 0 0 0 0 0 0 0 0 0 0 0 0 0 0 0 0 0 0 0 0 0 0 0 0 0 0 0 2579 2579 2579 2598 2618 0 0 0 0 0 0 0 0 0 0 0 0 0 0 0 0 0 0 0 0 0 0 0 0 0 0 0 0 0 2301 2301 2286 2286 2271 2271 2271 0 0 0 0 0 0 0 0 0 0 0 0 0 0 0 0 0 0 0 0 0 0 0 0 0 0 0 2398 2398 2398 2398 2398 2398 2398 2398 2415 0 0 0 0 0 0 0 0 0 0 0 0 0 0 0 0 0 0 0 0 0 2639 2639 2639 2639 2659 2701 2701 0 0 0 0 0 0 0
0 0 0 0 0 0 0 0 0 0 0 0 0 0 1873 1873 1873 1873 1883 1894 1904 1915 1915 1915 1926 1926 1947 1959 1959 1959 1970 1970 1970 1970 1993 2005 2005 2005 2028 2028 2040 2053 2053 2065 2078 2078 2090 2090 2103 2116 2129 2143 2156 2156 2170 2170 2184 2198 2198 2212 2226 2241 2241 2241 2256 2256 2271 2301 2301 2317 2333 2349 2365 2365 2365 2381 2398 2415 2432 2432 2432 2485 2485 2485 2170 2170 2184 2184 2184 2184 2184 2184 2184 2184 2184 2184 2812 2812 2789 2767 2156 2156 2143 2129 2129 2129 2129 2129 2116 2116 2116 2103 2103 2103 2103 2090 2090 2090 2078 2078 2078 2078 2078 2065 2065 2065 2065 2053 2053 2040 2028 2028 2028 2028 2028 2028 2005 1981 1970 1970 1970 1970 1959 1959 1970 1993 2028 2103 2116 2129 2129 2156 2170 2198 2226 2241 2256 2286 2301 2301 2317 2317 2485 2467 2398 2398 2398 2398 2398 2398 2415 2415 2432 2432 2450 2450 0 0 0 0 0 0 0 0 0 0 0 0 0 0 0 0 0 0 0 0 0 0 0 0 0 0 0 0 0 0 0 0 2579 2579 2598 2598 2618 0 0 0 0 0 0 0 0 0 0 0 0 0 0 0 0 0 0 0 0 0 0 0 0 0 0 0 0 2317 2317 2301 2286 2286 2271 2256 2256 0 0 0 0 0 0 0 0 0 0 0 0 0 0 0 0 0 0 0 0 0 0 0 0 0 0 0 0 2398 2398 2398 2398 2398 2398 2398 0 0 0 0 0 0 0 0 0 0 0 0 0 0 0 0 0 0 0 0 0 0 2639 2639 0 0 0 0 0 0 0 0 0 0 0 0
0 0 0 0 0 0 0 0 0 0 0 0 0 0 1873 1873 1873 1873 1883 1894 1904 1915 1915 1915 1926 1936 1959 1959 1959 1959 1970 1970 1981 1981 1993 2005 2005 2005 2028 2028 2040 2053 2053 2078 2078 2078 2090 2090 2103 2116 2129 2143 2156 2156 2170 2170 2184 2198 2212 2226 2241 2241 2241 2241 2256 2256 2271 2301 2317 2333 2333 2659 2659 2381 2381 2381 2415 2432 2432 2723 2701 2701 2701 2701 2156 2156 2184 2184 2184 2184 2184 2184 2184 2184 2198 2723 2723 2723 2723 2723 2723 2143 2143 2143 2143 2129 2129 2129 2116 2116 2116 2116 2116 2103 2103 2090 2090 2090 2078 2078 2078 2078 2078 2078 2065 2065 2065 2053 2053 2040 2028 2028 2028 2028 2028 2028 2005 1981 1970 1970 1970 1970 1970 1970 1970 1993 2016 2090 2116 2129 2143 2156 2170 2198 2226 2241 2256 2286 2301 2301 2317 2503 2485 2467 2415 2398 2398 2398 2398 2398 2415 2415 2432 2432 2432 0 0 0 0 0 0 0 0 0 0 0 0 0 0 0 0 0 0 0 0 0 0 0 0 0 0 0 0 0 0 0 0 0 2598 2598 2598 2579 2579 0 0 0 0 0 0 0 0 0 0 0 0 0 0 0 0 0 0 0 0 0 0 0 0 0 0 0 0 2317 2317 2317 2286 2271 2256 2256 2256 2256 0 0 0 0 0 0 0 0 0 0 0 0 0 0 0 0 0 0 0 0 0 0 0 0 0 0 0 2398 2398 2398 2398 2415 2398 2398 2450 0 0 0 0 0 0 0 0 0 0 0 0 0 0 0 0 0 0 0 0 0 0 0 0 0 0 0 0 0 0 0 0 0 0 0
0 0 0 0 0 0 0 0 0 0 0 0 0 0 1873 1873 1873 1873 1883 1894 1904 1904 1915 1915 1926 1936 1959 1959 1959 1959 1970 1970 1981 1993 2005 2005 2016 2016 2040 2040 2040 2053 2065 2078 2078 2078 2090 2090 2103 2116 2129 2143 2156 2156 2170 2184 2184 2198 2226 2241 2241 2256 2256 2256 2256 2256 2271 2301 2317 2333 2560 2598 2598 2618 2598 2598 2618 2639 2618 2618 2639 2659 2659 2659 2156 2156 2184 2184 2184 2184 2184 2184 2184 2184 2198 2680 2680 2680 2701 2723 2129 2129 2129 2143 2143 2143 2129 2129 2129 2116 2116 2116 2116 2116 2103 2090 2090 2090 2090 2078 2078 2078 2078 2078 2065 2065 2065 2053 2053 2040 2028 2028 2028 2028 2028 2028 2005 1981 1970 1970 1959 1959 1970 1970 1970 1993 2016 2090 2116 2129 2143 2156 2170 2198 2226 2241 2271 2286 2301 2301 2317 2467 2467 2432 2415 2415 2415 2398 2398 2415 2415 2415 2432 2432 2432 2432 2432 2450 2432 2432 2467 2467 0 0 0 0 0 0 2398 2398 2398 2398 0 0 0 0 0 0 0 0 0 0 0 0 0 0 0 0 0 2598 2579 2560 2560 0 0 0 0 0 0 0 0 0 0 0 0 0 0 0 0 0 0 0 0 0 0 0 0 0 0 0 0 2301 2301 2286 2286 2271 2256 2256 2256 2256 0 0 0 0 0 0 0 0 0 0 0 0 0 0 0 0 0 0 0 0 0 0 0 0 0 0 0 0 2398 2381 2381 2415 2415 2450 2450 0 0 0 0 0 0 0 0 0 0 0 0 0 0 0 0 0 0 0 0 0 0 0 0 0 0 0 0 0 0 0 0 0 0 0
0 0 0 0 0 0 0 0 0 0 0 0 0 0 1873 1873 1873 1873 1883 1894 1904 1904 1915 1926 1936 1947 1959 1959 1959 1959 1959 1970 1981 1993 2005 2005 2028 2028 2040 2040 2040 2053 2065 2078 2078 2078 2078 2090 2090 2116 2143 2143 2156 2156 2184 2184 2198 2212 2226 2241 2241 2256 2256 2541 2541 2560 2485 2485 2485 2522 2541 2560 2560 2560 2560 2560 2541 2541 2560 2541 2541 2598 2598 2598 2156 2156 2184 2184 2184 2184 2184 2184 2184 2198 2226 2680 2659 2659 2432 2432 2129 2129 2129 2143 2143 2143 2129 2129 2129 2116 2116 2116 2116 2116 2103 2090 2090 2090 2090 2078 2078 2078 2078 2078 2065 2065 2065 2065 2053 2040 2040 2040 2028 2028 2028 2028 2005 1981 1970 1970 1959 1959 1959 1959 1970 1993 2016 2116 2116 2129 2156 2170 2170 2212 2241 2256 2271 2286 2301 2301 2317 2450 2450 2415 2415 2415 2415 2415 2415 2415 2415 2415 2415 2415 2415 2415 2432 2432 2432 2432 2432 2432 2415 2398 2381 2381 2398 2398 2398 2398 2381 2381 2381 2381 2398 0 0 2398 2398 2398 2398 0 2333 2333 2349 2349 2365 2365 2365 2579 2579 2560 2560 0 0 0 0 0 0 0 0 0 0 0 0 0 0 0 0 0 0 0 0 0 0 0 0 0 0 0 0 0 2286 2286 2286 2271 2271 2256 2256 2256 0 0 0 0 0 0 0 0 0 0 0 0 0 0 0 0 0 0 0 0 0 0 0 0 0 0 0 2432 2398 2381 2381 2398 2398 0 0 0 0 0 0 0 0 2381 2381 2381 0 0 0 0 0 0 0 0 0 0 0 0 0 0 0 0 0 0 0 0 0 0 0 0 0 0
0 0 0 0 0 0 0 0 0 0 0 0 0 0 1873 1873 1873 1883 1894 1894 1904 1904 1915 1926 1936 1947 1959 1959 1959 1959 1959 1981 1993 2005 2005 2005 2028 2028 2040 2040 2040 2053 2065 2065 2053 2053 2065 2078 2090 2116 2143 2143 2156 2156 2184 2432 2212 2212 2241 2256 2450 2450 2450 2485 2522 2503 2485 2485 2485 2503 2503 2522 2522 2522 2503 2485 2485 2467 2467 2522 2522 2541 2541 2541 2156 2156 2184 2184 2184 2184 2184 2184 2198 2198 2226 2256 2659 2659 2415 2415 2129 2129 2129 2143 2143 2143 2129 2129 2129 2129 2129 2116 2116 2116 2103 2103 2103 2090 2090 2078 2078 2078 2078 2078 2065 2065 2065 2065 2053 2040 2040 2040 2028 2028 2028 2028 2016 1993 1981 1981 1970 1970 1959 1959 1970 1993 2016 2116 2116 2129 2156 2170 2170 2226 2241 2256 2286 2286 2301 2301 2333 2333 2349 2381 2381 2398 2398 2398 2381 2381 2398 2381 2381 2381 2381 2381 2398 2398 2398 2398 2398 2398 2398 2365 2365 2365 2365 2365 2365 2349 2349 2349 2365 2365 2349 2349 2349 2349 2349 2349 2349 2317 2317 2317 2333 2333 2349 2349 0 2286 2286 2286 2286 0 0 2286 2286 0 0 0 2256 2256 2271 2271 2226 2226 0 0 2256 2256 0 0 0 0 0 0 2184 2170 2170 2170 2170 0 2286 2286 2271 2271 2256 2256 2256 2256 0 0 0 0 0 0 0 0 0 0 0 0 0 0 0 0 0 0 0 0 0 0 0 0 0 0 0 2432 2349 2317 2317 2398 2398 0 0 0 0 0 0 0 0 2349 2333 2333 0 0 0 0 0 0 0 0 0 0 0 0 0 0 0 0 0 0 0 0 0 0 0 0 0 0
0 0 0 0 0 0 0 0 0 0 0 0 0 0 1873 1873 1873 1883 1894 1894 1904 1915 1915 1936 1936 1947 1959 1959 1959 1959 1970 1981 1993 2005 2005 2005 2040 2040 2040 2040 2053 2065 2065 2065 2053 2053 2065 2078 2078 2116 2143 2143 2381 2381 2381 2398 2398 2398 2398 2415 2415 2415 2432 2432 2415 2415 2432 2450 2450 2467 2485 2467 2467 2467 2485 2467 2467 2450 2450 2450 2467 2503 2522 2522 2170 2170 2184 2184 2184 2184 2184 2198 2198 2212 2226 2256 2301 2333 2365 2365 2467 2143 2143 2143 2143 2143 2143 2129 2129 2129 2129 2116 2116 2116 2103 2103 2103 2103 2090 2090 2078 2078 2078 2078 2078 2065 2065 2065 2053 2053 2053 2040 2040 2028 2028 2028 2016 2005 1981 1981 1970 1959 1959 1959 1970 1993 2016 2103 2129 2156 2170 2170 2170 2226 2241 2256 2271 2286 2286 2301 2317 2301 2301 2317 2317 2333 2333 2333 2333 2349 2333 2333 2333 2349 2349 2349 2349 2349 2349 2365 2349 2349 2349 2349 2349 2365 2365 2365 2349 2317 2317 2317 2333 2333 2333 2317 2317 2317 2317 2333 2333 2301 2301 2301 2317 2317 2333 2333 2184 2286 2286 2286 2286 2286 2286 2271 2271 2271 2241 2226 2226 2256 2256 2256 2226 2212 2212 2212 2226 2241 2241 2241 0 0 0 2198 2184 2170 2170 2170 2156 2156 2156 2286 2271 2184 2170 2156 2156 2156 0 0 0 0 0 0 0 0 0 0 0 0 0 0 0 2256 2256 0 0 0 0 0 0 0 0 0 0 0 2349 2301 2271 2226 2226 2241 0 0 0 0 0 0 0 2317 2317 2226 2226 2241 0 0 0 0 0 0 0 0 0 0 0 0 0 0 0 0 0 0 0 0 0 0 0 0
0 0 0 0 0 0 0 0 0 0 0 0 0 0 1873 1873 1873 1883 1894 1904 1904 1915 1926 1936 1947 1959 1959 1959 1959 1959 1970 1981 1993 2005 2005 2016 2028 2040 2040 2040 2053 2301 2333 2333 2349 2349 2349 2078 2078 2317 2317 2333 2333 2333 2349 2349 2349 2365 2365 2365 2381 2365 2365 2349 2349 2349 2365 2398 2398 2398 2398 2432 2432 2450 2432 2432 2432 2432 2432 2432 2467 2503 2286 2226 2198 2198 2198 2198 2184 2184 2198 2198 2198 2212 2226 2241 2271 2301 2333 2333 2156 2156 2156 2156 2156 2143 2143 2129 2129 2129 2129 2116 2116 2116 2103 2103 2103 2103 2090 2090 2078 2078 2078 2078 2078 2065 2065 2065 2065 2065 2053 2053 2040 2028 2028 2028 2016 2005 1981 1981 1970 1959 1959 1959 1970 1993 2028 2103 2129 2156 2170 2170 2170 2184 2212 2212 2226 2226 2226 2226 2226 2226 2226 2241 2226 2226 2226 2226 2212 2212 2198 2198 2198 2212 2198 2184 2184 2184 2184 2184 2198 2198 2198 2198 2198 2198 2198 2198 2198 2198 2198 2212 2212 2184 2184 2184 2184 2184 2198 2198 2198 2170 2170 2170 2170 2256 2226 2198 2184 2184 2198 2198 2271 2256 2184 2184 2184 2198 2198 2198 2198 2198 2212 2212 2184 2170 2170 2156 2156 2184 2156 2143 2129 2129 2129 2129 2143 2143 2143 2129 2129 2103 2090 2090 2090 2090 2103 2103 2103 2116 2103 2103 2116 2116 2129 2090 2090 2078 2078 2090 2103 2116 2156 2184 2198 2170 2170 0 0 0 0 0 0 0 0 0 0 0 0 2301 2271 2226 2226 2241 0 0 0 0 0 0 0 2317 2317 2184 2184 2212 0 0 0 0 0 0 0 0 0 0 0 0 0 0 0 0 0 0 0 0 0 0 0 0
0 0 0 0 0 0 0 0 0 0 0 0 0 0 1873 1873 1873 1883 1883 1904 1904 1915 1915 1926 1947 1959 1959 1959 1959 1970 1981 1993 2005 2005 2271 2028 2028 2256 2256 2256 2241 2241 2286 2301 2317 2271 2271 2271 2286 2286 2286 2256 2256 2256 2271 2271 2286 2301 2301 2301 2256 2256 2271 2301 2301 2301 2365 2365 2365 2381 2381 2143 2143 2156 2156 2156 2184 2184 2184 2170 2170 2170 2156 2156 2170 2170 2184 2184 2184 2184 2184 2184 2184 2184 2184 2198 2198 2226 2198 2170 2143 2143 2143 2143 2143 2143 2129 2129 2129 2129 2129 2116 2116 2116 2116 2103 2103 2090 2090 2090 2090 2078 2078 2078 2078 2078 2065 2065 2065 2065 2053 2053 2040 2028 2028 2028 2016 1993 1981 1981 1970 1970 1959 1959 1970 1981 2065 2116 2129 2129 2129 2156 2156 2170 2170 2170 2184 2184 2184 2170 2170 2143 2143 2156 2184 2184 2184 2184 2156 2156 2156 2156 2156 2156 2156 2156 2156 2156 2170 2170 2170 2156 2156 2170 2170 2170 2156 2156 2170 2170 2170 2170 2156 2143 2143 2143 2143 2143 2116 2116 2129 2116 2116 2129 2129 2129 2129 2129 2129 2103 2090 2090 2090 2103 2116 2129 2143 2129 2129 2143 2156 2156 2143 2143 2090 2090 2103 2116 2116 2040 2040 2053 2053 2078 2090 2103 2116 2103 2065 2053 2053 2065 2065 2065 2078 2078 2065 2065 2065 2065 2065 2078 2078 2078 2078 2053 2053 2053 2053 2053 2090 2090 2090 2143 2143 2129 2129 2129 0 0 0 2090 2090 2103 2103 2103 2103 0 0 0 0 0 0 0 0 0 0 0 0 2078 2078 2090 2090 2116 2129 2156 0 0 0 0 0 0 0 0 0 0 0 0 0 0 0 0 0 0 0 0 0 0 0 0
0 0 0 0 0 0 0 0 0 0 0 0 0 0 1873 1873 1873 1873 1873 1904 1904 1904 1915 1926 2143 2156 1959 1959 1959 2184 2170 2156 2156 2156 2156 2170 2156 2156 2156 2170 2170 2143 2129 2129 2129 2143 2156 2170 2184 2198 2198 2198 2212 2198 2198 2241 2241 2301 2301 2301 2256 2256 2271 2301 2301 2129 2129 2129 2129 2103 2103 2103 2129 2129 2129 2129 2143 2143 2143 2143 2129 2129 2129 2129 2143 2116 2116 2143 2156 2156 2156 2170 2170 2170 2170 2156 2156 2156 2143 2129 2116 2116 2116 2129 2129 2129 2116 2116 2103 2103 2103 2103 2103 2103 2090 2090 2090 2090 2090 2090 2090 2078 2078 2078 2078 2078 2078 2065 2065 2065 2053 2053 2040 2028 2028 2028 2016 1993 1981 1981 1970 1970 1970 1970 1970 1981 2053 2103 2116 2116 2129 2129 2129 2129 2129 2143 2129 2129 2129 2129 2129 2116 2116 2116 2129 2143 2129 2116 2116 2116 2116 2129 2129 2129 2129 2129 2129 2143 2143 2143 2143 2143 2143 2143 2103 2103 2103 2090 2090 2090 2103 2116 2090 2090 2103 2103 2103 2090 2078 2078 2103 2103 2103 2090 2078 2078 2090 2090 2078 2065 2053 2053 2053 2065 2065 2065 2065 2065 2078 2078 2040 2040 2065 2028 2028 2053 2065 2065 2016 2016 2016 2028 2040 2053 2065 2065 2028 2016 2016 2028 2028 2040 2040 2040 2040 2040 2040 2040 2040 2040 2028 2028 2028 2040 2028 2028 2016 2016 2016 2040 2040 2053 2053 2090 2090 2090 2065 2053 2053 2053 2053 2065 2065 2053 2053 2065 2065 2065 0 0 0 0 0 0 0 0 0 0 0 2078 2065 2065 2078 2078 2078 2156 0 0 0 0 0 0 0 0 0 0 0 0 0 0 0 0 0 0 0 0 0 0 0 0
0 0 0 0 0 0 0 0 0 0 0 0 0 0 1873 1873 1873 1873 1873 1904 1904 1904 2103 2103 2103 2103 2103 2129 2116 2116 2129 2129 2116 2116 2129 2129 2129 2116 2116 2129 2129 2116 2103 2103 2116 2116 2116 2143 2143 2170 2184 2198 2212 2198 2198 2040 2040 2040 2028 2028 2040 2053 2053 2053 2053 2065 2078 2090 2103 2090 2090 2090 2103 2116 2103 2103 2103 2103 2103 2103 2103 2103 2116 2116 2116 2090 2090 2103 2116 2116 2129 2129 2143 2143 2143 2129 2116 2116 2103 2103 2103 2090 2090 2065 2065 2065 2065 2078 2078 2078 2078 2090 2090 2078 2078 2065 2065 2065 2065 2065 2078 2065 2065 2065 2065 2065 2065 2065 2053 2053 2040 2028 2028 2028 2028 2028 2016 2005 1993 1981 1981 1970 1970 1970 1970 1981 2016 2065 2103 2103 2090 2078 2078 2078 2065 2028 2028 2090 2103 2103 2103 2090 2078 2065 2053 2053 2053 2053 2053 2053 2053 2053 2065 2090 2090 2090 2090 2090 2103 2090 2028 2028 2065 2040 2040 2053 2053 2053 2053 2040 2040 2053 2053 2053 2078 2078 2065 2053 2053 2053 2028 2028 2053 2053 2053 2065 2053 2040 2040 2040 2040 2040 2053 2053 2053 2053 2040 2040 2028 2016 2016 2016 2028 2005 2005 2005 2005 2005 2005 2005 2005 2016 2028 2028 2028 1993 1993 1993 1993 2005 2005 2016 2016 2016 2016 2016 2016 2016 2005 2005 1993 1993 1993 1981 1981 1981 1981 1993 1993 2005 1993 1993 2005 2005 2028 2028 2016 2016 2016 2016 2028 2028 2028 2016 2016 2065 2065 2065 0 0 0 0 0 0 0 0 0 0 1981 1981 1993 2016 2028 2016 2016 2016 0 0 0 0 0 0 0 0 0 0 0 0 0 0 0 0 0 0 0 0 0 0 0 0
0 0 0 0 0 0 0 0 0 0 0 0 0 0 2078 2078 2116 2053 2053 2065 2065 2065 2065 2065 2078 2078 2078 2078 2078 2090 2090 2090 2090 2103 2103 2090 2078 2065 2065 2090 2090 2090 2103 2103 2103 2103 2103 2116 2129 2170 2184 1993 1993 1993 1993 2005 2005 2016 2028 2028 2028 2040 2040 2028 2028 2028 2040 2053 2053 2040 2028 2028 2065 2078 2078 2078 2078 2090 2078 2078 2078 1993 1993 2116 2116 2078 2065 2065 2078 2090 2065 2040 2040 2143 2028 2028 2053 2053 2065 2065 2065 2053 2053 2053 2053 2053 2053 2053 2053 2040 2028 2028 2028 2028 2040 2040 2040 2040 2040 2040 2053 2053 2028 2028 2028 2053 2053 2053 2028 2028 2016 2005 2005 2016 2016 2016 2005 1993 1981 1981 1981 1970 1970 1970 1970 1981 1993 2028 2053 2028 2028 2028 2016 2016 2005 1981 1981 2005 2005 2005 2005 2016 2016 2028 2028 2028 2028 2028 2040 2028 2028 2016 1993 1993 2065 2065 2090 1970 1970 1993 2005 2016 2005 2005 2005 1993 1993 2016 2005 1993 1993 1993 2005 2005 2016 2016 2016 2005 2005 2005 2005 1981 1981 1993 2005 2040 2005 2005 2005 2005 1993 1993 1981 1981 1981 2005 2005 2016 1981 1981 1970 1970 1970 1970 1970 1970 1970 1970 1970 1970 1981 1981 1970 1959 1947 1947 1936 1926 1926 1926 1926 1926 1926 1926 1926 2005 1947 1936 1936 1936 1947 1947 1947 1926 1915 1915 1915 1936 1947 1947 1959 1959 1959 1981 1981 1981 1993 1993 1993 1993 1981 1981 1993 1993 1981 1981 1981 1894 0 1873 0 0 0 0 0 0 0 0 1947 1936 1936 1947 1947 2016 2016 2016 0 0 0 1894 1894 0 0 0 0 0 0 0 0 0 0 0 0 0 0 0 0 0 0 0
0 0 0 0 0 0 0 0 0 0 0 0 0 0 2016 2016 2016 2016 2028 2040 2040 2040 2040 2040 2053 2065 2053 2040 2040 2040 2065 2065 2078 2065 2053 2053 2053 2053 2053 2065 2078 2090 2090 2078 2078 2078 2078 2116 2129 1936 1936 1981 1981 1981 1970 1947 1947 1947 1959 1981 1993 1993 1993 2005 2005 2005 1993 1993 1993 1993 1993 2005 2016 2016 1947 1947 1981 2065 2005 1993 1993 1993 1981 1981 1981 1981 2028 2005 1993 1981 1981 1993 1993 1993 1981 1981 1993 2005 1993 1981 1970 1970 1981 2016 2005 2005 1970 1970 1993 1993 1981 1981 1993 1993 1993 1993 1993 2005 2005 2005 2016 2028 1993 1993 1993 1981 1981 1981 1993 1993 1981 1970 1970 1981 1981 1981 1959 1959 1970 1970 1970 1970 1959 1959 1959 1959 1970 1970 1970 1993 1981 1981 1970 1970 1970 1970 1970 1970 1970 1970 1970 1970 1993 1993 2005 1936 1936 1959 1970 1981 1981 1970 1970 1959 1959 1959 1959 1959 1959 1959 1970 1993 1981 1981 1970 1970 1970 1993 1981 1981 1970 1970 1970 1947 1947 1959 1959 1959 1947 1936 1936 1947 1959 1970 1947 1936 1936 1926 1926 1959 1959 1947 1936 1936 1926 1926 1959 1993 1959 1936 1936 1936 1936 1936 1947 1936 1936 1947 1936 1936 1894 1894 1904 1904 1904 1915 1904 1904 1904 1904 1904 1904 1904 1894 1894 1873 1873 1873 1873 1894 1904 1873 1873 1873 1873 1883 1883 1894 1915 1915 1926 1947 1947 1947 1947 1947 1947 1959 1993 1904 1904 1936 1959 1959 1936 1904 1894 1894 0 0 1873 1873 1873 1883 1894 1926 1926 1904 1904 1915 1915 1926 1915 1915 1926 1926 1883 1894 1894 1894 1883 1863 1863 1863 1863 1873 0 0 0 0 0 0 0 0 0 0 0 0 0 0
0 0 0 0 0 0 0 0 0 0 0 0 0 0 1970 1970 1981 2005 2005 2005 2005 2005 2005 2005 2005 1993 1993 1993 2005 1993 1993 2005 2005 2016 2005 2005 2005 2053 2053 2065 1894 1894 1894 1904 1904 1915 1915 1926 1926 1926 1926 1926 1915 1904 1904 1904 1904 1915 1926 1936 1947 1959 1959 1959 1959 1970 1970 1981 1936 1936 1947 1947 1947 1936 1936 1926 1926 1947 1959 1970 1970 1970 1947 1936 1936 1936 1936 1947 1947 1947 1959 1959 1970 1970 1959 1959 1970 1970 1970 1947 1936 1936 1936 1936 1936 1936 1947 1959 1947 1947 1947 1947 1947 1947 1947 1959 1959 1936 1936 1915 1915 1926 1936 1959 1959 1959 1936 1936 1959 1959 1959 1947 1936 1936 1936 1936 1947 1947 1947 1959 1959 1959 1936 1936 1936 1936 1959 1959 1970 1959 1947 1936 1936 1947 1947 1947 1947 1947 1947 1936 1936 1947 1936 1904 1904 1904 1915 1926 1926 1926 1936 1936 1936 1926 1926 1926 1926 1926 1926 1926 1894 1894 1894 1904 1904 1936 1947 1959 1959 1959 1959 1959 1947 1926 1926 1926 1926 1926 1926 1915 1915 1915 1926 1926 1926 1926 1926 1915 1915 1926 1926 1926 1926 1904 1883 1883 1883 1883 1883 1894 1894 1904 1894 1863 1863 1904 1904 1915 1904 1873 1853 1853 1863 1863 1873 1883 1883 1894 1894 1894 1883 1883 1873 1873 1873 1863 1863 1853 1853 1853 1833 1833 1833 1833 1863 1863 1873 1883 1883 1894 1904 1904 1894 1894 1883 1873 1873 1873 1873 1873 1873 1873 1904 1894 1883 1883 1873 1863 1863 1873 1873 1873 1873 1873 1873 1873 1863 1863 1873 1873 1894 1894 1863 1863 1863 1863 1883 1883 1883 1894 1863 1863 1863 1853 1853 1863 1863 0 0 0 0 1823 1823 1823 0 0 0 0 0 0
0 0 0 0 0 0 0 0 0 0 0 0 0 0 1947 1936 1936 1947 1947 1947 1947 1947 1959 1959 1959 1959 1959 1970 1981 1970 1970 1873 1873 2005 1993 1993 1863 1853 1853 1853 1863 1883 1894 1894 1894 1883 1873 1873 1883 1883 1883 1883 1883 1894 1894 1894 1894 1894 1894 1894 1894 1904 1904 1904 1915 1915 1873 1873 1873 1894 1894 1894 1904 1904 1926 1915 1904 1904 1904 1915 1970 1936 1926 1915 1904 1904 1915 1926 1926 1926 1936 1936 1947 1947 1936 1936 1936 1936 1936 1915 1915 1915 1904 1904 1904 1904 1904 1915 1926 1926 1926 1926 1926 1926 1915 1915 1959 1894 1894 1894 1894 1904 1904 1915 1915 1915 1904 1904 1926 1915 1915 1894 1894 1894 1904 1915 1926 1936 1936 1915 1915 1894 1894 1904 1904 1904 1904 1904 1904 1894 1894 1904 1883 1883 1894 1904 1915 1926 1926 1915 1883 1873 1873 1853 1853 1883 1883 1894 1904 1904 1904 1904 1894 1894 1894 1894 1904 1904 1894 1883 1883 1873 1873 1883 1883 1883 1883 1873 1873 1863 1863 1863 1853 1853 1863 1863 1915 1915 1904 1894 1883 1883 1883 1894 1873 1873 1883 1894 1894 1883 1883 1853 1853 1853 1843 1843 1873 1873 1873 1873 1883 1883 1873 1843 1843 1813 1813 1823 1823 1833 1833 1833 1843 1833 1823 1823 1853 1863 1853 1853 1794 1794 1804 1823 1794 1794 1813 1804 1804 1804 1813 1813 1823 1823 1833 1843 1853 1863 1873 1873 1873 1904 1894 1853 1853 1853 1853 1863 1863 1853 1843 1833 1833 1853 1853 1853 1853 1853 1863 1863 1863 1863 1863 1863 1863 1863 1843 1843 1823 1823 1843 1843 1843 1843 1843 1853 1853 1883 1883 1894 1863 1853 1853 1843 1843 1823 1813 1813 0 0 0 1813 1813 1813 1813 0 0 0 0 0
0 0 0 0 0 0 0 0 0 0 0 0 0 0 1926 1915 1904 1894 1894 1894 1915 1915 1936 1959 1959 1959 1959 1970 1981 1833 1833 1853 1853 1863 1863 1853 1853 1843 1843 1853 1853 1853 1873 1883 1873 1873 1853 1853 1853 1843 1843 1853 1853 1853 1863 1863 1863 1863 1863 1873 1883 1883 1883 1883 1873 1863 1863 1853 1853 1853 1853 1863 1853 1853 1863 1883 1883 1894 1843 1833 1833 1833 1843 1853 1843 1843 1853 1853 1853 1863 1863 1853 1843 1843 1843 1843 1863 1863 1863 1863 1873 1894 1883 1883 1883 1883 1883 1894 1904 1915 1883 1883 1904 1853 1843 1843 1843 1853 1863 1863 1883 1873 1873 1843 1843 1873 1873 1873 1853 1843 1843 1843 1843 1883 1883 1853 1843 1833 1833 1843 1853 1853 1863 1863 1853 1853 1863 1853 1833 1833 1853 1853 1853 1853 1853 1863 1863 1904 1926 1915 1853 1853 1843 1843 1843 1853 1863 1873 1873 1873 1863 1853 1853 1843 1843 1863 1883 1883 1863 1863 1863 1853 1853 1863 1863 1863 1863 1853 1853 1843 1843 1843 1833 1833 1833 1833 1833 1843 1823 1823 1843 1843 1833 1823 1823 1833 1833 1833 1833 1813 1813 1823 1823 1833 1833 1833 1833 1833 1804 1804 1833 1873 1853 1823 1794 1794 1794 1785 1785 1804 1804 1813 1804 1794 1785 1776 1776 1776 1785 1785 1785 1766 1766 1757 1757 1766 1776 1785 1785 1785 1785 1785 1785 1785 1794 1804 1823 1833 1843 1853 1853 1804 1794 1794 1813 1823 1823 1813 1813 1804 1804 1794 1794 1804 1804 1813 1813 1813 1863 1853 1853 1843 1833 1833 1863 1823 1785 1785 1794 1776 1776 1776 1785 1813 1813 1748 1748 1766 1776 1776 1853 1853 1853 1843 1843 1785 1785 1785 0 0 1813 1813 1794 1794 1813 0 0 0 0 0
0 0 0 0 0 0 0 0 0 0 0 0 0 0 1904 1894 1894 1873 1873 1883 1883 1915 1936 1936 1804 1804 1794 1794 1794 1804 1804 1813 1813 1813 1813 1823 1823 1813 1813 1804 1804 1813 1794 1794 1776 1776 1833 1823 1823 1813 1813 1823 1813 1804 1804 1813 1823 1833 1843 1843 1853 1833 1794 1794 1823 1823 1833 1823 1823 1833 1823 1823 1823 1813 1813 1823 1823 1823 1823 1823 1823 1823 1823 1823 1823 1823 1823 1833 1833 1833 1833 1833 1823 1823 1823 1823 1833 1833 1823 1813 1813 1813 1813 1813 1843 1833 1833 1823 1823 1823 1833 1823 1823 1823 1813 1813 1823 1823 1823 1823 1813 1813 1813 1813 1813 1813 1823 1823 1823 1813 1813 1813 1813 1813 1823 1823 1823 1813 1813 1823 1823 1823 1833 1813 1813 1813 1813 1813 1813 1813 1813 1813 1823 1833 1843 1833 1833 1785 1785 1785 1823 1823 1833 1833 1833 1833 1833 1823 1813 1813 1813 1813 1823 1813 1813 1833 1843 1863 1853 1833 1833 1833 1833 1813 1813 1813 1833 1833 1843 1813 1813 1804 1804 1804 1794 1794 1804 1804 1804 1804 1804 1804 1776 1776 1785 1794 1794 1804 1804 1804 1804 1776 1776 1766 1766 1776 1776 1776 1776 1785 1776 1776 1776 1766 1766 1766 1766 1766 1766 1776 1776 1766 1766 1757 1757 1757 1757 1757 1757 1766 1766 1748 1739 1739 1731 1731 1731 1722 1722 1722 1722 1731 1739 1748 1776 1785 1794 1804 1823 1853 1766 1757 1757 1766 1776 1794 1794 1813 1785 1776 1776 1766 1766 1766 1766 1766 1766 1766 1766 1766 1766 1843 1833 1833 1785 1785 1776 1776 1785 1776 1776 1757 1757 1766 1766 1748 1748 1748 1757 1748 1739 1739 1739 1748 1757 1757 1766 1722 1713 1713 1713 1739 1739 1766 1776 0 0 0 0 0
0 0 0 0 0 0 0 0 0 0 0 0 0 0 1904 1894 1853 1853 1863 1853 1785 1766 1757 1757 1757 1757 1766 1785 1794 1785 1785 1785 1785 1785 1785 1785 1776 1776 1766 1766 1776 1757 1757 1776 1757 1757 1757 1757 1757 1757 1757 1776 1785 1785 1785 1785 1794 1794 1804 1813 1794 1785 1776 1776 1785 1785 1785 1804 1804 1794 1785 1776 1776 1785 1785 1785 1785 1785 1804 1804 1813 1804 1794 1794 1794 1804 1813 1804 1804 1804 1804 1804 1804 1794 1794 1804 1804 1804 1794 1785 1766 1766 1766 1785 1794 1804 1813 1804 1794 1794 1804 1804 1804 1804 1785 1785 1785 1785 1785 1785 1785 1794 1794 1794 1794 1794 1804 1804 1804 1794 1794 1804 1804 1794 1785 1766 1766 1785 1794 1794 1794 1776 1776 1776 1785 1794 1794 1785 1785 1785 1785 1785 1785 1776 1776 1785 1757 1757 1766 1766 1766 1785 1776 1776 1833 1804 1776 1776 1776 1776 1794 1785 1785 1794 1785 1766 1766 1766 1776 1794 1794 1776 1776 1748 1739 1739 1739 1766 1766 1766 1766 1766 1766 1766 1766 1776 1776 1739 1739 1757 1766 1748 1748 1748 1748 1739 1739 1748 1748 1766 1757 1757 1757 1757 1757 1757 1757 1757 1757 1757 1722 1722 1731 1748 1748 1739 1739 1739 1739 1748 1722 1722 1713 1713 1713 1696 1696 1705 1722 1722 1705 1705 1713 1713 1713 1713 1705 1696 1696 1705 1705 1713 1713 1722 1739 1739 1776 1776 1776 1722 1722 1722 1731 1757 1748 1748 1739 1739 1748 1748 1748 1739 1739 1739 1748 1748 1748 1748 1731 1731 1722 1722 1731 1731 1785 1785 1776 1776 1785 1776 1748 1748 1757 1766 1766 1748 1722 1722 1739 1731 1722 1680 1680 1739 1739 1739 1713 1713 1705 1696 1696 1731 1739 1766 1776 0 0 0 0 0
0 0 0 0 0 0 0 0 0 0 0 0 0 0 1722 1713 1713 1696 1696 1843 1748 1748 1739 1739 1739 1739 1748 1776 1776 1776 1739 1739 1748 1757 1757 1757 1748 1748 1739 1739 1739 1739 1739 1739 1739 1739 1731 1722 1722 1722 1731 1739 1748 1776 1776 1776 1776 1776 1766 1748 1748 1748 1757 1766 1766 1766 1766 1757 1748 1748 1757 1757 1757 1776 1776 1776 1748 1748 1757 1757 1748 1748 1757 1757 1757 1739 1739 1739 1739 1739 1748 1748 1748 1748 1748 1748 1748 1748 1748 1748 1748 1739 1739 1757 1757 1757 1757 1757 1748 1748 1739 1739 1739 1739 1748 1766 1766 1766 1766 1766 1766 1766 1766 1757 1748 1739 1739 1739 1748 1748 1757 1766 1776 1757 1757 1748 1748 1739 1739 1739 1739 1748 1748 1757 1776 1776 1785 1776 1776 1766 1757 1757 1748 1739 1739 1739 1739 1739 1739 1739 1739 1739 1739 1731 1731 1731 1731 1731 1739 1739 1739 1731 1731 1722 1722 1722 1705 1705 1748 1757 1757 1757 1748 1731 1731 1731 1722 1722 1739 1748 1739 1739 1739 1731 1731 1731 1722 1722 1722 1722 1705 1705 1713 1722 1722 1713 1713 1722 1722 1731 1739 1739 1739 1739 1739 1748 1748 1748 1713 1696 1696 1722 1722 1696 1688 1688 1688 1713 1713 1696 1688 1688 1688 1688 1688 1680 1680 1688 1688 1688 1680 1680 1688 1688 1688 1696 1680 1680 1680 1688 1688 1696 1705 1713 1722 1722 1731 1722 1713 1705 1705 1713 1713 1713 1713 1722 1722 1722 1688 1688 1696 1696 1705 1713 1722 1722 1713 1713 1696 1696 1696 1696 1705 1696 1696 1696 1688 1680 1680 1680 1748 1748 1748 1624 1680 1680 1680 1680 1713 1705 1705 1663 1655 1647 1647 1739 1696 1680 1680 1688 1671 1671 1671 0 0 0 0 0 0 0
0 0 0 0 0 0 0 0 0 0 0 0 0 0 1696 1696 1696 1688 1688 1688 1688 1688 1688 1696 1696 1696 1713 1731 1731 1722 1713 1713 1739 1748 1748 1731 1731 1705 1705 1705 1705 1713 1713 1713 1722 1722 1713 1713 1705 1705 1713 1713 1713 1696 1696 1713 1713 1722 1722 1722 1713 1713 1731 1731 1731 1722 1722 1722 1722 1722 1731 1739 1739 1757 1722 1713 1713 1713 1713 1705 1705 1731 1739 1739 1722 1722 1713 1713 1713 1713 1722 1722 1722 1722 1713 1713 1722 1731 1722 1722 1722 1722 1705 1696 1696 1696 1705 1731 1722 1722 1713 1713 1713 1722 1731 1739 1748 1739 1713 1705 1696 1696 1696 1705 1705 1705 1705 1705 1722 1731 1671 1671 1671 1671 1680 1696 1696 1696 1705 1722 1722 1722 1722 1722 1713 1713 1696 1696 1696 1766 1705 1705 1713 1713 1722 1731 1731 1731 1731 1722 1705 1705 1688 1688 1731 1722 1713 1705 1705 1705 1739 1696 1696 1696 1696 1688 1680 1663 1663 1663 1663 1671 1696 1705 1696 1696 1705 1705 1688 1688 1688 1688 1705 1705 1705 1705 1705 1705 1713 1688 1688 1688 1688 1680 1680 1680 1680 1680 1688 1713 1722 1722 1713 1671 1671 1671 1663 1663 1688 1696 1688 1680 1655 1655 1655 1655 1655 1671 1671 1647 1647 1655 1655 1655 1655 1655 1655 1663 1663 1671 1663 1663 1655 1647 1647 1655 1647 1647 1655 1655 1671 1680 1688 1688 1705 1705 1713 1705 1696 1688 1688 1688 1671 1663 1663 1671 1671 1680 1671 1671 1671 1680 1688 1680 1663 1647 1647 1655 1663 1671 1671 1671 1663 1663 1671 1680 1663 1663 1632 1632 1639 1624 1624 1624 1624 1639 1647 1647 1647 1705 1705 1663 1647 1639 1639 1639 1639 1655 1655 1655 1639 1624 1624 0 0 0 0 0 0 0
0 0 0 0 0 0 0 0 0 0 0 0 0 0 1655 1655 1671 1671 1680 1671 1671 1671 1671 1680 1671 1671 1680 1688 1696 1696 1696 1696 1705 1713 1696 1696 1688 1680 1680 1671 1671 1680 1680 1696 1705 1705 1696 1696 1696 1696 1688 1688 1680 1680 1680 1680 1680 1696 1688 1688 1688 1688 1688 1696 1688 1688 1696 1705 1705 1696 1688 1671 1671 1671 1680 1696 1696 1696 1688 1671 1671 1671 1671 1680 1696 1705 1705 1696 1696 1696 1705 1705 1705 1696 1696 1696 1705 1705 1705 1705 1705 1696 1688 1688 1680 1680 1680 1688 1696 1705 1696 1688 1688 1688 1731 1731 1739 1688 1663 1663 1663 1671 1671 1671 1680 1680 1680 1671 1671 1671 1671 1671 1671 1671 1671 1680 1680 1680 1688 1688 1696 1688 1688 1680 1680 1680 1671 1671 1671 1671 1671 1680 1680 1688 1671 1671 1671 1671 1671 1680 1680 1688 1671 1671 1671 1680 1688 1688 1680 1663 1663 1663 1671 1671 1671 1655 1655 1655 1655 1655 1655 1655 1663 1663 1663 1663 1663 1671 1663 1663 1655 1655 1655 1655 1663 1663 1663 1663 1671 1663 1663 1663 1663 1655 1655 1655 1655 1655 1639 1632 1632 1632 1632 1655 1655 1655 1655 1639 1639 1632 1632 1632 1632 1632 1624 1624 1624 1624 1624 1624 1624 1624 1632 1624 1624 1632 1639 1639 1639 1647 1594 1594 1594 1594 1594 1594 1594 1601 1609 1616 1632 1655 1671 1680 1688 1705 1713 1647 1624 1624 1624 1639 1639 1647 1647 1647 1647 1647 1647 1655 1647 1647 1624 1624 1624 1624 1624 1632 1647 1647 1655 1647 1639 1639 1632 1632 1609 1594 1594 1601 1624 1624 1624 1624 1624 1632 1616 1616 1632 1632 1632 1616 1616 1624 1624 1616 1616 1616 1616 1616 1639 1616 1616 1594 1594 0 0 0 0 0
0 0 0 0 0 0 0 0 0 0 0 0 0 0 1655 1632 1632 1655 1663 1663 1663 1655 1655 1655 1655 1655 1655 1647 1647 1647 1671 1671 1688 1647 1639 1632 1632 1663 1663 1639 1639 1647 1655 1671 1680 1688 1663 1663 1655 1655 1663 1663 1671 1671 1671 1632 1632 1647 1647 1671 1663 1655 1647 1647 1647 1655 1655 1688 1688 1688 1647 1639 1639 1655 1663 1680 1680 1680 1655 1647 1647 1655 1655 1655 1655 1647 1647 1647 1663 1663 1663 1671 1671 1671 1671 1671 1655 1655 1655 1655 1663 1655 1655 1655 1647 1647 1639 1639 1639 1639 1639 1647 1655 1624 1616 1616 1616 1624 1639 1647 1647 1647 1655 1655 1655 1647 1639 1639 1639 1639 1639 1647 1655 1663 1655 1655 1655 1663 1655 1655 1647 1647 1655 1632 1632 1632 1632 1647 1655 1655 1655 1655 1655 1647 1647 1671 1655 1647 1647 1647 1639 1639 1632 1632 1632 1632 1624 1624 1632 1632 1639 1647 1647 1639 1632 1632 1639 1647 1632 1632 1632 1632 1632 1632 1632 1632 1632 1632 1616 1609 1609 1624 1632 1632 1639 1601 1601 1601 1601 1609 1616 1624 1609 1609 1647 1624 1624 1616 1609 1609 1616 1616 1616 1616 1632 1639 1616 1609 1609 1609 1616 1616 1609 1601 1594 1594 1601 1609 1601 1601 1609 1601 1601 1609 1594 1594 1572 1572 1586 1586 1586 1586 1586 1586 1586 1586 1586 1594 1594 1601 1616 1624 1671 1647 1639 1616 1616 1616 1624 1616 1616 1616 1616 1616 1616 1616 1609 1609 1624 1639 1639 1586 1586 1594 1601 1609 1616 1616 1624 1624 1624 1616 1616 1609 1601 1594 1594 1594 1594 1594 1594 1594 1594 1594 1601 1601 1601 1594 1594 1594 1594 1601 1609 1616 1616 1601 1601 1586 1564 1557 1557 1564 1579 1586 1586 0 0 0 0 0
0 0 0 0 0 0 0 0 0 0 0 0 0 0 0 1616 1616 1624 1624 1624 1624 1632 1632 1639 1647 1639 1632 1616 1616 1616 1616 1616 1624 1616 1616 1616 1616 1639 1632 1616 1616 1624 1616 1616 1586 1586 1594 1616 1624 1632 1632 1632 1632 1594 1594 1601 1601 1601 1609 1616 1632 1632 1632 1624 1624 1632 1624 1624 1632 1616 1616 1624 1616 1616 1624 1616 1616 1616 1624 1632 1639 1647 1639 1624 1616 1616 1616 1624 1624 1624 1624 1616 1616 1616 1624 1632 1632 1632 1624 1624 1609 1609 1616 1616 1632 1639 1632 1632 1616 1616 1624 1616 1616 1609 1601 1601 1609 1609 1616 1616 1616 1616 1616 1616 1616 1616 1616 1624 1632 1624 1624 1609 1609 1609 1639 1632 1632 1624 1616 1616 1624 1632 1616 1609 1609 1594 1594 1624 1632 1609 1609 1609 1601 1601 1609 1632 1632 1624 1624 1632 1624 1624 1601 1601 1579 1579 1579 1579 1586 1609 1624 1624 1609 1601 1601 1601 1601 1601 1601 1601 1601 1601 1601 1601 1601 1594 1594 1594 1594 1594 1594 1601 1594 1572 1572 1579 1579 1594 1594 1594 1594 1586 1586 1579 1579 1572 1572 1572 1572 1572 1586 1586 1601 1601 1601 1572 1572 1572 1586 1594 1594 1579 1579 1579 1572 1572 1594 1564 1564 1564 1557 1557 1572 1564 1564 1564 1564 1564 1564 1572 1572 1572 1550 1550 1550 1550 1557 1579 1586 1594 1601 1601 1601 1647 1601 1601 1609 1609 1609 1609 1601 1601 1586 1586 1586 1616 1609 1601 1579 1557 1557 1557 1564 1572 1586 1601 1601 1601 1609 1594 1586 1586 1594 1586 1579 1579 1572 1572 1564 1557 1557 1557 1557 1557 1557 1557 1579 1579 1579 1579 1579 1601 1609 1616 1616 1601 1601 1586 1557 1550 1550 1550 1543 1543 1572 0 0 0 0 0
0 0 0 0 0 0 0 0 0 0 0 0 0 0 0 1594 1594 1594 1594 1594 1594 1594 1609 1601 1594 1579 1579 1586 1594 1586 1572 1572 1579 1586 1594 1594 1594 1579 1579 1579 1586 1594 1594 1586 1579 1579 1579 1586 1594 1594 1586 1586 1586 1579 1579 1594 1594 1594 1594 1594 1594 1594 1594 1601 1601 1609 1609 1609 1572 1572 1579 1586 1609 1601 1601 1601 1601 1601 1609 1609 1616 1616 1601 1586 1586 1586 1594 1601 1594 1594 1594 1594 1601 1601 1601 1601 1609 1586 1586 1601 1601 1594 1594 1601 1609 1624 1609 1609 1601 1601 1594 1594 1586 1586 1586 1594 1601 1601 1601 1594 1594 1594 1594 1601 1601 1601 1601 1601 1609 1594 1594 1586 1586 1586 1586 1579 1579 1579 1579 1586 1586 1594 1594 1586 1586 1579 1579 1572 1572 1572 1579 1579 1586 1586 1572 1557 1557 1557 1564 1564 1557 1557 1579 1579 1572 1564 1564 1564 1564 1586 1550 1550 1564 1564 1564 1564 1564 1564 1564 1572 1557 1557 1557 1557 1557 1564 1572 1564 1564 1586 1586 1579 1579 1543 1543 1564 1564 1572 1579 1579 1579 1572 1572 1564 1564 1557 1557 1564 1564 1557 1557 1557 1564 1572 1564 1550 1550 1550 1557 1557 1557 1557 1550 1550 1550 1543 1543 1550 1550 1550 1536 1529 1529 1529 1529 1536 1536 1543 1543 1550 1550 1543 1529 1523 1523 1529 1529 1543 1550 1564 1550 1550 1550 1543 1543 1579 1594 1594 1594 1586 1586 1579 1572 1564 1564 1564 1543 1536 1536 1543 1543 1543 1550 1550 1557 1557 1557 1572 1516 1516 1543 1543 1550 1536 1536 1543 1550 1557 1523 1523 1529 1543 1543 1543 1543 1543 1579 1516 1516 1579 1579 1579 1523 1523 1529 1529 1529 1529 1543 1536 1523 1523 1516 1509 1509 0 0 0 0 0
0 0 0 0 0 0 0 0 0 0 0 0 0 0 0 1557 1557 1557 1564 1564 1557 1557 1557 1564 1557 1557 1564 1572 1572 1564 1557 1557 1557 1564 1579 1572 1572 1579 1557 1557 1550 1550 1557 1557 1564 1557 1557 1572 1557 1557 1529 1529 1536 1543 1557 1564 1586 1586 1586 1579 1579 1572 1572 1572 1564 1550 1550 1550 1550 1557 1557 1557 1564 1586 1586 1586 1594 1586 1564 1564 1557 1557 1550 1550 1557 1557 1572 1572 1572 1572 1572 1550 1550 1564 1557 1543 1536 1536 1543 1543 1543 1543 1543 1536 1536 1536 1529 1529 1529 1529 1579 1579 1536 1536 1543 1543 1529 1516 1516 1516 1523 1557 1543 1543 1543 1529 1529 1536 1543 1536 1529 1529 1523 1523 1523 1529 1536 1543 1529 1523 1516 1516 1523 1523 1523 1529 1543 1564 1564 1564 1564 1496 1496 1503 1516 1503 1503 1550 1536 1536 1529 1523 1516 1516 1557 1550 1543 1523 1523 1516 1509 1509 1509 1509 1509 1516 1509 1503 1496 1496 1496 1496 1489 1489 1550 1529 1516 1516 1496 1489 1489 1489 1489 1516 1516 1529 1529 1496 1496 1509 1550 1516 1509 1509 1509 1470 1470 1470 1483 1509 1516 1516 1503 1489 1489 1489 1489 1496 1503 1503 1489 1489 1489 1489 1483 1483 1483 1477 1477 1477 1477 1483 1483 1483 1483 1483 1483 1483 1464 1464 1458 1458 1464 1477 1477 1483 1503 1516 1509 1509 1516 1523 1529 1536 1536 1523 1523 1523 1523 1529 1523 1516 1509 1509 1523 1543 1529 1523 1523 1529 1529 1523 1516 1516 1523 1516 1509 1503 1503 1509 1516 1516 1509 1509 1509 1509 1516 1503 1503 1503 1503 1509 1509 1509 1503 1496 1496 1496 1503 1503 1496 1496 1496 1503 1509 1509 1509 1489 1489 1496 1496 1496 1503 1503 1503 0 0 0 0 0
0 0 0 0 0 0 0 0 0 0 0 0 0 0 0 1523 1516 1516 1516 1536 1536 1536 1536 1543 1543 1543 1536 1536 1536 1536 1543 1543 1536 1536 1529 1529 1543 1550 1543 1543 1529 1523 1523 1523 1523 1509 1496 1496 1503 1509 1509 1516 1516 1509 1503 1503 1503 1503 1509 1503 1496 1496 1509 1516 1523 1523 1523 1523 1523 1523 1523 1516 1509 1509 1496 1496 1503 1496 1496 1496 1489 1489 1509 1516 1516 1516 1503 1503 1503 1550 1529 1516 1516 1503 1503 1516 1516 1523 1523 1523 1516 1516 1509 1496 1496 1503 1503 1516 1516 1516 1470 1470 1477 1477 1489 1496 1496 1496 1496 1496 1496 1509 1516 1516 1516 1516 1516 1516 1509 1503 1503 1503 1503 1509 1509 1509 1496 1496 1503 1503 1496 1489 1489 1496 1496 1496 1496 1496 1496 1489 1477 1477 1477 1489 1489 1496 1496 1489 1489 1489 1496 1483 1483 1489 1489 1470 1470 1483 1483 1483 1489 1483 1483 1489 1489 1489 1489 1489 1489 1483 1483 1477 1470 1470 1470 1470 1477 1477 1470 1464 1464 1464 1470 1477 1489 1489 1489 1489 1483 1483 1477 1464 1464 1464 1458 1458 1458 1464 1464 1470 1470 1470 1470 1470 1470 1470 1470 1477 1483 1483 1477 1477 1477 1470 1470 1464 1458 1458 1458 1464 1470 1470 1477 1477 1470 1470 1470 1477 1433 1433 1433 1433 1445 1458 1464 1477 1483 1489 1496 1496 1496 1496 1496 1477 1477 1483 1496 1496 1496 1470 1470 1483 1483 1483 1477 1477 1477 1477 1477 1483 1483 1483 1483 1483 1483 1477 1464 1464 1464 1464 1477 1458 1458 1477 1477 1477 1477 1458 1458 1464 1464 1470 1470 1477 1470 1458 1458 1458 1470 1470 1489 1464 1464 1503 1496 1496 1470 1464 1464 1458 1458 1458 1477 1489 1483 1483 0 0 0 0
0 0 0 0 0 0 0 0 0 0 0 0 0 0 0 1483 1483 1483 1489 1489 1496 1489 1489 1496 1503 1496 1496 1496 1496 1483 1483 1489 1489 1496 1489 1489 1489 1483 1477 1477 1477 1483 1483 1483 1483 1483 1483 1483 1477 1477 1477 1477 1477 1477 1477 1477 1477 1477 1477 1477 1483 1483 1483 1483 1483 1523 1523 1516 1470 1470 1483 1489 1489 1483 1477 1477 1458 1458 1477 1477 1477 1483 1483 1477 1477 1477 1477 1477 1477 1477 1477 1483 1477 1477 1477 1477 1477 1477 1489 1489 1483 1483 1483 1483 1483 1489 1483 1483 1464 1458 1458 1464 1464 1470 1470 1470 1477 1483 1483 1483 1483 1483 1470 1470 1477 1483 1489 1496 1477 1477 1477 1470 1470 1470 1470 1470 1470 1470 1470 1483 1477 1477 1477 1477 1470 1470 1464 1458 1458 1464 1464 1464 1464 1464 1464 1464 1458 1458 1464 1464 1470 1470 1470 1458 1458 1458 1458 1470 1464 1464 1464 1464 1464 1470 1477 1483 1477 1470 1445 1445 1464 1458 1458 1464 1464 1458 1458 1439 1439 1439 1445 1458 1458 1464 1483 1483 1445 1445 1445 1445 1445 1445 1445 1445 1445 1445 1445 1445 1439 1439 1452 1452 1452 1452 1452 1452 1458 1458 1439 1439 1452 1452 1452 1439 1439 1433 1433 1433 1433 1433 1433 1433 1427 1415 1415 1415 1415 1415 1415 1415 1415 1421 1427 1433 1439 1452 1458 1464 1464 1464 1464 1458 1452 1452 1452 1458 1464 1464 1458 1458 1458 1464 1464 1458 1458 1458 1458 1458 1452 1439 1439 1439 1439 1439 1439 1445 1439 1439 1445 1439 1433 1433 1439 1439 1445 1452 1458 1452 1439 1439 1433 1427 1427 1421 1421 1427 1427 1439 1470 1470 1421 1421 1433 1433 1433 1427 1427 1421 1421 1421 1427 1427 1433 1433 1427 1427 0 0 0 0
0 0 0 0 0 0 0 0 0 0 0 0 0 0 0 1477 1477 1477 1483 1483 1464 1464 1470 1477 1477 1477 1464 1458 1458 1458 1458 1470 1470 1470 1464 1458 1458 1445 1445 1445 1452 1458 1458 1458 1458 1452 1439 1439 1439 1452 1452 1452 1458 1464 1470 1470 1452 1439 1439 1439 1470 1464 1433 1433 1439 1439 1439 1433 1433 1445 1452 1458 1458 1458 1458 1458 1452 1452 1452 1452 1458 1464 1464 1464 1458 1458 1470 1470 1470 1464 1464 1464 1458 1452 1452 1464 1464 1470 1477 1452 1452 1452 1452 1452 1458 1464 1464 1458 1452 1445 1445 1452 1452 1458 1458 1458 1458 1458 1464 1464 1464 1464 1452 1452 1427 1427 1427 1427 1427 1445 1452 1452 1433 1433 1439 1445 1445 1458 1458 1483 1464 1464 1458 1458 1458 1458 1458 1445 1445 1439 1439 1433 1433 1445 1445 1445 1445 1421 1421 1421 1433 1439 1445 1427 1427 1439 1439 1445 1439 1433 1433 1439 1433 1421 1421 1421 1433 1433 1439 1439 1439 1439 1439 1452 1452 1439 1433 1433 1433 1433 1439 1439 1445 1415 1415 1415 1415 1421 1421 1421 1421 1433 1427 1427 1433 1433 1433 1433 1427 1427 1427 1427 1433 1439 1433 1433 1421 1421 1421 1421 1427 1392 1392 1392 1410 1410 1415 1415 1410 1398 1398 1387 1387 1404 1404 1410 1404 1404 1404 1404 1410 1410 1415 1421 1427 1433 1433 1439 1445 1445 1439 1433 1433 1427 1427 1421 1421 1433 1445 1445 1445 1452 1452 1452 1445 1445 1445 1433 1427 1427 1421 1421 1421 1421 1421 1415 1415 1410 1410 1415 1415 1421 1415 1415 1421 1415 1415 1410 1410 1404 1404 1410 1410 1404 1404 1404 1410 1415 1415 1404 1404 1410 1415 1433 1415 1410 1410 1410 1404 1404 1404 1415 1421 1427 1404 1404 0 0 0 0
0 0 0 0 0 0 0 0 0 0 0 0 0 0 0 1433 1427 1415 1415 1421 1421 1427 1433 1427 1427 1427 1427 1433 1445 1445 1439 1439 1439 1439 1439 1439 1427 1427 1421 1410 1410 1415 1427 1427 1427 1421 1421 1421 1421 1421 1410 1410 1415 1410 1410 1404 1404 1404 1415 1410 1410 1415 1421 1427 1427 1433 1427 1427 1427 1427 1427 1433 1433 1433 1439 1439 1439 1439 1427 1427 1433 1433 1445 1445 1439 1439 1452 1458 1464 1458 1458 1458 1445 1445 1445 1445 1452 1433 1421 1421 1421 1421 1433 1439 1421 1421 1439 1433 1433 1439 1439 1439 1439 1439 1427 1427 1427 1427 1445 1464 1404 1404 1410 1421 1421 1421 1421 1421 1421 1415 1415 1421 1421 1421 1421 1421 1421 1421 1421 1404 1404 1415 1415 1421 1427 1427 1415 1415 1421 1421 1421 1421 1421 1427 1433 1427 1421 1421 1421 1421 1421 1415 1415 1410 1410 1410 1415 1421 1421 1421 1415 1410 1410 1410 1410 1410 1415 1415 1433 1421 1410 1410 1415 1415 1415 1404 1404 1404 1421 1421 1410 1410 1421 1410 1410 1410 1410 1410 1410 1410 1404 1404 1410 1415 1415 1427 1427 1415 1410 1404 1404 1404 1392 1392 1392 1398 1398 1404 1398 1392 1392 1392 1392 1392 1398 1398 1404 1404 1387 1381 1381 1381 1381 1392 1392 1392 1392 1392 1392 1392 1392 1398 1404 1410 1415 1415 1415 1415 1415 1421 1415 1415 1415 1415 1415 1415 1410 1410 1415 1415 1410 1410 1404 1398 1398 1404 1410 1410 1410 1410 1410 1415 1410 1404 1398 1392 1392 1392 1398 1398 1404 1404 1404 1404 1392 1392 1392 1387 1387 1392 1392 1392 1381 1381 1387 1398 1404 1404 1381 1381 1387 1387 1359 1359 1359 1359 1398 1398 1398 1398 1398 1398 1370 1359 1359 1365 0 0 0 0
0 0 0 0 0 0 0 0 0 0 0 0 0 0 0 1421 1421 1415 1415 1415 1415 1404 1398 1392 1392 1398 1410 1410 1415 1415 1410 1398 1392 1392 1392 1404 1410 1410 1404 1404 1404 1404 1410 1410 1410 1404 1404 1404 1404 1387 1387 1392 1398 1392 1392 1387 1387 1398 1398 1398 1398 1398 1404 1410 1415 1421 1421 1415 1415 1410 1404 1398 1398 1404 1404 1404 1404 1404 1404 1410 1415 1421 1421 1404 1392 1392 1404 1398 1398 1458 1458 1387 1387 1410 1410 1410 1410 1404 1404 1404 1404 1404 1404 1398 1398 1404 1404 1410 1415 1421 1415 1415 1404 1404 1404 1415 1410 1410 1404 1398 1398 1398 1398 1398 1398 1404 1398 1398 1398 1398 1398 1398 1398 1404 1410 1410 1398 1392 1392 1387 1387 1392 1398 1404 1410 1404 1398 1398 1398 1404 1404 1410 1415 1398 1398 1404 1404 1404 1398 1398 1404 1404 1404 1398 1398 1398 1398 1398 1404 1404 1404 1404 1404 1392 1392 1398 1376 1376 1376 1376 1387 1392 1381 1381 1381 1381 1387 1387 1387 1387 1387 1387 1387 1398 1410 1404 1392 1370 1370 1376 1381 1381 1387 1387 1370 1370 1365 1365 1376 1387 1392 1392 1392 1392 1387 1376 1370 1370 1370 1370 1381 1381 1381 1376 1370 1370 1376 1370 1370 1370 1365 1365 1370 1370 1381 1349 1349 1365 1354 1354 1365 1370 1381 1387 1392 1387 1387 1387 1398 1404 1404 1398 1398 1398 1392 1392 1398 1392 1392 1392 1387 1387 1387 1387 1387 1387 1392 1392 1392 1398 1398 1398 1398 1387 1381 1381 1381 1381 1381 1381 1370 1370 1376 1370 1370 1370 1370 1376 1376 1381 1370 1370 1365 1365 1370 1381 1387 1376 1370 1370 1370 1359 1359 1349 1349 1354 1370 1365 1365 1398 1338 1338 1338 1338 1343 1354 0 0 0 0
0 0 0 0 0 0 0 0 0 0 0 0 0 0 0 1398 1398 1404 1404 1398 1392 1381 1381 1381 1381 1387 1387 1387 1387 1387 1392 1387 1376 1376 1376 1381 1381 1392 1392 1392 1392 1392 1392 1392 1392 1387 1387 1392 1381 1376 1376 1381 1387 1387 1376 1376 1376 1376 1376 1370 1370 1376 1376 1376 1387 1387 1392 1392 1387 1387 1392 1398 1398 1398 1398 1392 1387 1387 1392 1398 1398 1387 1387 1387 1387 1381 1381 1376 1376 1376 1376 1376 1381 1387 1387 1392 1398 1398 1392 1392 1387 1381 1376 1376 1381 1387 1387 1381 1376 1376 1376 1376 1376 1398 1398 1392 1392 1392 1392 1387 1387 1387 1387 1381 1376 1376 1376 1376 1376 1376 1376 1376 1376 1381 1376 1376 1376 1376 1381 1381 1381 1381 1387 1387 1376 1376 1381 1370 1359 1359 1359 1359 1387 1381 1381 1381 1381 1376 1376 1376 1376 1387 1392 1387 1381 1376 1365 1359 1359 1359 1359 1365 1370 1370 1370 1365 1365 1365 1365 1365 1359 1359 1359 1365 1365 1370 1376 1376 1370 1370 1376 1370 1370 1370 1365 1365 1359 1354 1354 1365 1365 1365 1370 1365 1354 1354 1354 1354 1354 1376 1376 1376 1376 1376 1376 1365 1359 1359 1359 1359 1365 1365 1359 1359 1354 1354 1349 1349 1343 1343 1354 1354 1343 1328 1328 1338 1338 1338 1338 1343 1343 1349 1370 1370 1370 1376 1376 1376 1381 1381 1387 1381 1381 1387 1387 1381 1370 1370 1370 1370 1376 1376 1376 1370 1370 1370 1370 1354 1354 1376 1376 1376 1370 1370 1370 1365 1365 1365 1365 1365 1359 1359 1359 1359 1359 1359 1365 1370 1370 1359 1349 1349 1349 1354 1349 1343 1343 1343 1343 1354 1354 1354 1343 1343 1343 1343 1343 1333 1333 1328 1322 1322 1322 1328 1328 1338 0 0 0 0
0 0 0 0 0 0 0 0 0 0 0 0 0 0 0 1359 1354 1354 1349 1349 1354 1359 1365 1370 1370 1370 1365 1365 1365 1370 1376 1376 1376 1354 1349 1349 1354 1370 1365 1365 1365 1359 1354 1354 1349 1349 1354 1354 1354 1359 1370 1376 1376 1370 1359 1359 1359 1359 1359 1359 1359 1365 1359 1359 1365 1359 1359 1359 1359 1370 1370 1370 1381 1365 1365 1359 1359 1359 1365 1359 1359 1359 1359 1359 1381 1370 1370 1370 1370 1370 1370 1370 1370 1370 1376 1376 1381 1381 1370 1365 1365 1359 1359 1359 1365 1359 1359 1359 1365 1359 1359 1359 1359 1359 1376 1376 1370 1370 1354 1333 1333 1365 1359 1359 1359 1359 1359 1359 1354 1354 1354 1365 1365 1370 1359 1354 1349 1338 1338 1343 1349 1359 1359 1349 1349 1349 1349 1349 1349 1349 1349 1338 1338 1338 1343 1343 1338 1333 1333 1343 1338 1338 1338 1338 1349 1349 1338 1338 1343 1343 1349 1349 1343 1343 1343 1349 1354 1354 1349 1349 1343 1343 1349 1349 1354 1359 1359 1354 1349 1338 1322 1322 1338 1328 1328 1343 1349 1343 1343 1349 1349 1354 1328 1328 1338 1338 1338 1343 1343 1349 1349 1365 1365 1365 1328 1328 1328 1338 1343 1338 1338 1338 1333 1333 1343 1343 1322 1322 1328 1328 1338 1312 1312 1307 1307 1307 1312 1312 1328 1333 1338 1343 1349 1354 1359 1359 1365 1365 1359 1349 1349 1349 1354 1370 1370 1354 1354 1354 1354 1354 1359 1359 1359 1359 1359 1359 1359 1343 1343 1343 1343 1343 1349 1349 1349 1343 1343 1338 1338 1343 1343 1343 1343 1343 1343 1343 1302 1302 1328 1328 1338 1338 1338 1338 1333 1322 1317 1317 1317 1317 1317 1312 1312 1322 1317 1317 1317 1322 1322 1317 1317 1317 1317 1317 1322 1328 0 0 0 0
0 0 0 0 0 0 0 0 0 0 0 0 0 0 0 1359 1338 1338 1343 1343 1343 1343 1343 1349 1338 1338 1343 1343 1343 1359 1365 1365 1354 1338 1338 1338 1338 1338 1343 1343 1343 1338 1338 1338 1333 1333 1333 1333 1338 1343 1343 1349 1354 1338 1338 1338 1338 1338 1338 1343 1349 1354 1354 1354 1349 1343 1333 1333 1322 1322 1328 1333 1338 1338 1338 1343 1343 1343 1343 1349 1343 1343 1333 1333 1333 1338 1338 1338 1343 1349 1349 1349 1349 1333 1333 1349 1349 1343 1343 1343 1349 1343 1343 1349 1349 1349 1349 1333 1333 1343 1343 1349 1349 1349 1354 1317 1317 1328 1328 1328 1322 1322 1328 1328 1338 1338 1343 1338 1338 1338 1338 1338 1328 1328 1333 1328 1328 1328 1328 1333 1317 1317 1328 1328 1333 1333 1333 1338 1338 1322 1322 1322 1328 1328 1333 1333 1333 1328 1328 1328 1328 1328 1322 1322 1328 1317 1317 1317 1322 1312 1312 1322 1317 1317 1328 1328 1317 1312 1312 1312 1322 1333 1333 1328 1322 1312 1312 1317 1322 1322 1322 1322 1317 1317 1322 1338 1338 1338 1338 1328 1328 1312 1312 1312 1317 1322 1328 1328 1328 1307 1288 1288 1288 1288 1288 1302 1312 1317 1317 1317 1322 1322 1328 1328 1307 1297 1297 1297 1297 1297 1297 1297 1297 1302 1302 1283 1283 1288 1307 1322 1328 1333 1328 1328 1328 1328 1349 1365 1359 1333 1333 1338 1338 1333 1328 1328 1333 1338 1338 1338 1328 1328 1343 1333 1328 1328 1338 1338 1322 1307 1307 1312 1317 1333 1333 1328 1322 1317 1317 1322 1322 1328 1322 1312 1312 1302 1302 1302 1302 1302 1317 1322 1312 1312 1302 1302 1307 1307 1307 1297 1297 1297 1297 1307 1307 1307 1307 1312 1312 1312 1312 1297 1297 1297 1297 1297 0 0 0 0
0 0 0 0 0 0 0 0 0 0 0 0 0 0 0 0 1322 1322 1322 1322 1328 1322 1322 1322 1322 1322 1328 1328 1333 1338 1328 1328 1322 1322 1328 1322 1322 1322 1333 1333 1328 1317 1317 1312 1312 1317 1312 1312 1312 1317 1328 1317 1297 1297 1307 1312 1317 1317 1317 1322 1322 1322 1338 1338 1338 1322 1317 1317 1317 1317 1322 1322 1328 1328 1328 1328 1328 1322 1322 1307 1307 1307 1307 1312 1317 1322 1322 1322 1317 1312 1312 1312 1322 1322 1317 1317 1317 1317 1322 1333 1338 1333 1333 1333 1328 1312 1312 1312 1317 1317 1317 1312 1312 1312 1312 1312 1312 1312 1312 1312 1312 1312 1312 1317 1312 1312 1312 1317 1322 1322 1317 1317 1307 1307 1307 1307 1312 1317 1317 1312 1307 1307 1312 1312 1317 1317 1317 1333 1333 1312 1312 1312 1317 1317 1322 1322 1328 1317 1312 1312 1312 1312 1312 1312 1312 1307 1307 1307 1307 1302 1302 1302 1307 1307 1307 1312 1297 1297 1297 1302 1302 1288 1288 1292 1302 1302 1302 1302 1302 1302 1292 1292 1307 1312 1322 1338 1288 1288 1288 1288 1292 1292 1292 1302 1302 1307 1302 1302 1288 1288 1283 1283 1283 1288 1288 1288 1297 1302 1302 1302 1297 1297 1302 1292 1292 1292 1292 1297 1292 1288 1283 1273 1273 1278 1278 1278 1278 1283 1297 1307 1312 1312 1317 1317 1317 1307 1307 1312 1312 1312 1317 1312 1307 1302 1302 1302 1302 1307 1307 1307 1307 1307 1307 1307 1307 1307 1307 1307 1297 1297 1297 1297 1302 1302 1307 1307 1307 1302 1297 1297 1297 1312 1312 1297 1292 1292 1297 1302 1288 1283 1283 1283 1288 1288 1288 1292 1302 1302 1292 1288 1288 1288 1292 1292 1292 1283 1283 1283 1288 1292 1288 1288 1283 1273 1273 1273 0 0 0 0
0 0 0 0 0 0 0 0 0 0 0 0 0 0 0 0 1297 1297 1302 1302 1307 1307 1307 1312 1312 1312 1317 1312 1302 1302 1302 1302 1307 1312 1312 1312 1302 1302 1333 1328 1312 1307 1302 1302 1307 1297 1297 1292 1283 1273 1273 1278 1278 1288 1292 1292 1297 1297 1302 1302 1302 1302 1302 1297 1297 1297 1297 1302 1302 1302 1307 1307 1307 1312 1297 1297 1297 1297 1297 1297 1297 1297 1302 1302 1307 1307 1307 1312 1307 1302 1297 1297 1307 1307 1307 1307 1307 1312 1317 1322 1328 1322 1317 1312 1307 1302 1302 1302 1302 1312 1307 1302 1302 1302 1302 1302 1302 1297 1292 1288 1288 1288 1292 1302 1302 1297 1297 1273 1273 1292 1297 1302 1288 1288 1288 1288 1297 1307 1312 1312 1302 1297 1283 1283 1283 1283 1278 1278 1283 1283 1292 1302 1302 1292 1288 1288 1288 1292 1297 1302 1302 1302 1292 1292 1297 1297 1297 1292 1292 1292 1288 1288 1297 1297 1292 1283 1283 1283 1283 1278 1278 1283 1283 1283 1283 1283 1283 1288 1288 1292 1283 1278 1268 1255 1255 1259 1278 1278 1278 1278 1278 1278 1283 1283 1283 1268 1268 1273 1273 1278 1278 1278 1283 1283 1283 1283 1268 1264 1264 1273 1278 1283 1283 1283 1283 1278 1245 1245 1245 1283 1278 1255 1255 1259 1264 1268 1273 1278 1283 1288 1292 1292 1302 1302 1302 1297 1297 1302 1302 1292 1292 1297 1297 1292 1292 1292 1292 1292 1302 1297 1297 1288 1288 1288 1288 1288 1297 1292 1283 1283 1283 1283 1283 1283 1283 1283 1297 1273 1268 1268 1278 1278 1278 1278 1278 1283 1288 1292 1259 1259 1264 1268 1268 1268 1268 1273 1278 1278 1283 1278 1278 1278 1259 1259 1259 1259 1264 1264 1273 1292 1268 1259 1259 1264 1264 1264 0 0 0 0
0 0 0 0 0 0 0 0 0 0 0 0 0 0 0 0 1288 1288 1288 1292 1297 1297 1292 1292 1288 1288 1302 1288 1288 1297 1292 1292 1278 1278 1278 1278 1283 1283 1283 1278 1273 1273 1278 1283 1288 1283 1283 1278 1264 1264 1264 1268 1268 1278 1278 1278 1283 1278 1278 1278 1278 1288 1297 1264 1264 1288 1283 1283 1292 1292 1288 1288 1288 1288 1288 1278 1278 1278 1278 1278 1278 1288 1288 1278 1278 1278 1283 1292 1292 1292 1292 1288 1288 1292 1292 1292 1255 1255 1259 1322 1278 1273 1273 1273 1288 1288 1283 1283 1283 1273 1273 1273 1273 1283 1288 1292 1288 1278 1278 1273 1273 1273 1273 1273 1283 1278 1273 1273 1273 1273 1283 1273 1273 1273 1278 1278 1283 1288 1268 1268 1268 1268 1268 1268 1268 1268 1273 1273 1273 1273 1273 1273 1273 1278 1273 1273 1273 1273 1278 1255 1250 1250 1250 1255 1259 1268 1297 1292 1255 1255 1259 1259 1259 1264 1264 1268 1268 1268 1264 1259 1259 1264 1264 1268 1268 1268 1268 1273 1273 1273 1264 1255 1255 1250 1241 1236 1236 1264 1255 1255 1255 1264 1268 1264 1259 1255 1255 1255 1255 1255 1264 1264 1268 1278 1278 1250 1250 1255 1255 1259 1264 1259 1250 1250 1250 1232 1232 1236 1236 1236 1236 1232 1232 1241 1255 1259 1264 1268 1273 1273 1278 1278 1278 1268 1264 1264 1268 1268 1264 1264 1268 1278 1288 1283 1283 1283 1278 1278 1292 1288 1278 1273 1273 1273 1273 1278 1283 1278 1278 1273 1273 1278 1273 1273 1264 1264 1259 1259 1264 1259 1259 1255 1250 1250 1255 1255 1255 1255 1255 1255 1259 1259 1259 1259 1259 1255 1255 1241 1241 1245 1250 1255 1250 1250 1245 1245 1250 1245 1241 1236 1236 1236 1245 1245 1245 1241 1241 0 0 0
0 0 0 0 0 0 0 0 0 0 0 0 0 0 0 0 1273 1273 1278 1278 1278 1268 1264 1259 1259 1259 1255 1255 1268 1264 1264 1264 1264 1264 1264 1268 1273 1273 1273 1259 1259 1259 1268 1278 1278 1278 1255 1255 1259 1259 1259 1259 1264 1268 1268 1268 1273 1264 1264 1264 1264 1255 1245 1245 1250 1250 1264 1264 1268 1268 1268 1268 1268 1268 1278 1259 1259 1259 1259 1264 1264 1264 1255 1255 1255 1264 1264 1259 1259 1259 1283 1273 1273 1264 1264 1259 1250 1250 1250 1245 1245 1250 1250 1250 1250 1255 1255 1259 1259 1259 1259 1259 1259 1250 1250 1250 1250 1250 1250 1250 1264 1264 1259 1259 1264 1259 1259 1259 1255 1255 1259 1259 1259 1264 1268 1255 1223 1223 1241 1255 1255 1255 1255 1255 1255 1259 1264 1264 1264 1255 1241 1241 1250 1255 1259 1259 1255 1255 1255 1245 1245 1245 1245 1245 1241 1236 1236 1236 1241 1241 1250 1255 1255 1255 1245 1245 1245 1245 1245 1245 1245 1250 1250 1250 1255 1259 1259 1259 1264 1259 1255 1245 1241 1241 1236 1236 1236 1241 1241 1250 1241 1241 1236 1236 1236 1236 1236 1236 1236 1241 1236 1236 1223 1223 1223 1232 1232 1236 1236 1241 1232 1232 1236 1236 1236 1227 1227 1227 1223 1223 1223 1227 1227 1232 1241 1250 1250 1255 1259 1259 1259 1255 1255 1255 1255 1255 1255 1255 1255 1255 1259 1264 1278 1268 1264 1255 1255 1245 1245 1245 1250 1250 1255 1255 1255 1250 1250 1245 1245 1245 1245 1245 1245 1245 1241 1241 1245 1245 1250 1245 1245 1245 1241 1241 1241 1241 1241 1241 1245 1245 1250 1245 1245 1245 1245 1245 1236 1232 1227 1227 1227 1227 1227 1236 1227 1227 1232 1227 1223 1223 1223 1227 1227 1223 1223 1223 1236 0 0 0
0 0 0 0 0 0 0 0 0 0 0 0 0 0 0 0 1255 1245 1241 1241 1250 1255 1255 1250 1250 1250 1245 1245 1245 1245 1250 1255 1255 1255 1259 1259 1259 1255 1245 1245 1250 1245 1241 1227 1227 1227 1227 1236 1241 1245 1250 1250 1236 1232 1232 1232 1232 1236 1241 1250 1250 1255 1241 1241 1241 1241 1241 1236 1236 1245 1236 1236 1241 1241 1241 1241 1245 1255 1255 1250 1250 1241 1241 1241 1241 1245 1245 1250 1255 1255 1250 1250 1223 1223 1250 1241 1241 1245 1241 1236 1236 1232 1232 1236 1236 1236 1236 1241 1241 1236 1236 1236 1236 1236 1236 1236 1236 1236 1236 1236 1236 1232 1232 1236 1241 1241 1245 1236 1232 1227 1227 1227 1232 1264 1219 1219 1219 1219 1223 1219 1219 1236 1241 1241 1236 1232 1232 1236 1245 1219 1219 1223 1223 1227 1232 1227 1227 1236 1236 1241 1241 1241 1236 1227 1227 1223 1223 1223 1223 1232 1241 1250 1250 1255 1223 1223 1227 1227 1232 1232 1232 1232 1232 1236 1236 1232 1223 1219 1214 1214 1214 1214 1227 1223 1223 1223 1227 1227 1227 1227 1227 1219 1219 1219 1223 1223 1223 1219 1219 1223 1227 1227 1219 1214 1214 1219 1219 1223 1210 1210 1210 1214 1227 1227 1227 1210 1210 1206 1202 1202 1210 1219 1219 1223 1227 1236 1227 1227 1236 1241 1245 1245 1241 1241 1245 1245 1245 1245 1245 1245 1245 1245 1245 1250 1245 1236 1236 1236 1236 1236 1241 1241 1245 1241 1241 1241 1241 1241 1241 1241 1232 1227 1227 1227 1232 1236 1227 1227 1236 1232 1232 1236 1236 1236 1232 1232 1232 1232 1232 1214 1210 1206 1206 1214 1214 1223 1223 1214 1214 1219 1219 1219 1219 1223 1219 1219 1223 1219 1219 1219 1219 1214 1206 1202 1202 1206 1210 0 0 0
0 0 0 0 0 0 0 0 0 0 0 0 0 0 0 0 1236 1236 1236 1236 1236 1236 1236 1241 1241 1241 1236 1219 1219 1219 1227 1241 1241 1245 1245 1236 1232 1232 1236 1236 1236 1236 1227 1223 1223 1219 1219 1227 1232 1227 1227 1227 1223 1223 1223 1223 1223 1227 1232 1232 1227 1227 1227 1227 1232 1232 1223 1223 1223 1223 1223 1227 1232 1236 1236 1241 1241 1245 1255 1232 1227 1227 1227 1227 1223 1223 1227 1236 1250 1219 1214 1210 1210 1210 1210 1219 1227 1227 1227 1227 1227 1227 1227 1227 1227 1219 1219 1227 1227 1227 1223 1223 1227 1227 1219 1219 1223 1227 1227 1223 1223 1223 1223 1219 1214 1214 1219 1219 1219 1214 1210 1206 1206 1206 1206 1210 1210 1210 1214 1214 1214 1219 1214 1214 1210 1210 1214 1219 1219 1214 1214 1214 1214 1210 1210 1210 1214 1197 1197 1202 1241 1232 1232 1214 1214 1202 1202 1202 1206 1214 1219 1210 1202 1202 1206 1210 1210 1210 1210 1214 1214 1219 1219 1210 1210 1210 1210 1206 1206 1206 1210 1210 1214 1214 1214 1214 1214 1210 1210 1210 1210 1210 1210 1210 1210 1210 1214 1214 1214 1214 1214 1206 1206 1202 1202 1202 1206 1202 1197 1197 1197 1193 1193 1185 1185 1193 1189 1189 1189 1189 1197 1202 1206 1210 1210 1214 1214 1214 1219 1223 1223 1236 1232 1232 1214 1214 1219 1232 1236 1236 1236 1214 1210 1202 1202 1214 1219 1223 1223 1223 1227 1236 1232 1223 1223 1223 1223 1227 1232 1227 1219 1206 1206 1210 1219 1219 1214 1214 1214 1214 1219 1219 1219 1219 1223 1227 1223 1206 1197 1197 1202 1206 1206 1206 1206 1202 1202 1197 1197 1202 1206 1206 1193 1189 1189 1193 1197 1206 1206 1206 1206 1197 1197 1193 1193 1193 1197 0 0 0
0 0 0 0 0 0 0 0 0 0 0 0 0 0 0 0 1214 1214 1223 1223 1219 1210 1210 1219 1219 1223 1206 1206 1210 1210 1210 1210 1223 1227 1219 1219 1214 1214 1214 1214 1223 1227 1223 1219 1214 1210 1210 1214 1206 1202 1202 1210 1214 1210 1210 1210 1210 1214 1210 1210 1210 1210 1210 1210 1206 1206 1210 1210 1214 1210 1210 1210 1210 1214 1219 1227 1193 1193 1206 1206 1210 1219 1219 1214 1214 1214 1202 1202 1202 1202 1206 1206 1206 1202 1202 1206 1206 1206 1210 1210 1210 1210 1206 1206 1206 1206 1206 1214 1214 1219 1214 1214 1214 1214 1210 1210 1210 1223 1223 1219 1219 1214 1206 1202 1202 1202 1202 1206 1206 1202 1197 1197 1197 1197 1197 1197 1197 1197 1197 1202 1202 1189 1189 1197 1197 1197 1189 1189 1185 1185 1197 1206 1206 1206 1206 1206 1197 1193 1193 1189 1189 1232 1232 1189 1189 1193 1193 1189 1189 1193 1193 1193 1193 1193 1197 1193 1193 1197 1197 1197 1202 1206 1193 1193 1197 1202 1206 1202 1202 1202 1197 1193 1193 1189 1185 1185 1185 1193 1197 1197 1197 1197 1197 1197 1193 1193 1193 1197 1197 1193 1185 1185 1185 1189 1189 1193 1193 1193 1193 1193 1193 1185 1181 1177 1177 1185 1181 1181 1181 1181 1185 1193 1193 1202 1202 1206 1206 1206 1206 1210 1210 1210 1210 1206 1202 1202 1202 1206 1210 1214 1202 1197 1197 1193 1193 1197 1202 1206 1202 1202 1206 1206 1206 1206 1197 1197 1197 1193 1193 1193 1193 1202 1202 1202 1202 1193 1193 1193 1202 1206 1210 1206 1206 1206 1206 1206 1185 1185 1185 1185 1193 1202 1202 1197 1173 1173 1185 1189 1189 1189 1193 1193 1193 1189 1189 1185 1181 1181 1181 1181 1181 1181 1181 1181 1181 1181 1181 0 0 0
0 0 0 0 0 0 0 0 0 0 0 0 0 0 0 0 1193 1193 1193 1193 1197 1197 1197 1197 1202 1202 1197 1197 1202 1202 1197 1189 1189 1189 1197 1206 1206 1206 1202 1193 1193 1193 1193 1197 1197 1197 1197 1197 1177 1177 1177 1177 1189 1189 1193 1185 1185 1197 1197 1197 1202 1202 1202 1193 1189 1189 1202 1206 1202 1193 1193 1193 1193 1193 1177 1177 1177 1185 1189 1189 1189 1189 1189 1206 1197 1197 1189 1189 1193 1193 1197 1202 1202 1193 1193 1193 1193 1193 1193 1193 1197 1202 1189 1185 1185 1185 1193 1189 1185 1181 1181 1181 1185 1185 1185 1193 1193 1193 1214 1210 1185 1185 1177 1177 1169 1169 1173 1173 1185 1193 1189 1189 1189 1189 1189 1193 1185 1185 1185 1185 1181 1181 1181 1185 1185 1161 1161 1161 1161 1165 1169 1173 1177 1177 1165 1165 1169 1169 1177 1177 1165 1165 1165 1165 1161 1161 1169 1169 1181 1177 1173 1161 1161 1169 1169 1169 1169 1165 1165 1165 1165 1153 1153 1153 1153 1157 1161 1161 1161 1173 1173 1177 1177 1177 1177 1177 1177 1177 1165 1165 1169 1169 1169 1169 1169 1165 1165 1165 1169 1173 1177 1181 1181 1181 1181 1173 1173 1177 1177 1177 1181 1165 1165 1169 1169 1169 1169 1169 1169 1169 1173 1181 1189 1193 1193 1193 1193 1193 1189 1189 1197 1189 1189 1189 1189 1193 1193 1197 1197 1177 1177 1185 1189 1189 1189 1185 1181 1181 1181 1177 1173 1173 1181 1185 1185 1189 1189 1189 1177 1177 1189 1189 1189 1189 1185 1185 1185 1189 1197 1193 1193 1169 1169 1173 1173 1173 1173 1177 1177 1177 1173 1161 1161 1165 1165 1169 1177 1181 1181 1181 1181 1181 1185 1181 1181 1173 1169 1169 1165 1161 1161 1161 1161 1161 1161 1161 1161 0 0 0
0 0 0 0 0 0 0 0 0 0 0 0 0 0 0 0 1181 1181 1185 1185 1189 1181 1177 1177 1177 1185 1189 1189 1185 1185 1185 1177 1177 1177 1177 1181 1185 1189 1193 1185 1185 1181 1173 1173 1173 1177 1181 1177 1173 1173 1173 1169 1169 1169 1169 1169 1169 1165 1165 1173 1177 1177 1177 1181 1177 1177 1181 1181 1181 1185 1185 1181 1177 1173 1173 1173 1173 1173 1173 1173 1173 1173 1173 1173 1173 1173 1153 1149 1149 1149 1153 1157 1157 1161 1165 1165 1165 1169 1165 1165 1161 1157 1157 1157 1157 1153 1153 1153 1141 1141 1161 1161 1161 1165 1169 1169 1161 1153 1145 1145 1153 1161 1157 1153 1153 1153 1153 1153 1157 1157 1153 1149 1149 1145 1145 1149 1149 1149 1149 1153 1153 1157 1157 1157 1153 1153 1153 1153 1153 1157 1145 1145 1149 1149 1149 1149 1149 1141 1123 1123 1126 1149 1149 1149 1145 1145 1141 1134 1134 1138 1145 1145 1153 1153 1153 1157 1149 1149 1149 1149 1149 1149 1149 1153 1153 1153 1138 1138 1134 1134 1134 1138 1138 1141 1141 1138 1138 1141 1145 1138 1138 1138 1138 1138 1138 1138 1141 1149 1149 1145 1145 1157 1157 1138 1138 1138 1134 1134 1141 1141 1141 1138 1134 1134 1134 1134 1134 1134 1134 1141 1141 1145 1149 1153 1157 1161 1161 1161 1169 1169 1169 1161 1161 1161 1165 1169 1173 1173 1169 1165 1165 1173 1177 1181 1177 1177 1177 1177 1173 1169 1161 1161 1169 1169 1173 1177 1177 1173 1173 1169 1169 1173 1173 1169 1169 1169 1169 1173 1177 1161 1161 1161 1161 1165 1161 1161 1161 1161 1161 1157 1153 1153 1153 1153 1157 1161 1169 1173 1173 1141 1141 1141 1138 1138 1134 1134 1138 1153 1153 1149 1149 1149 1153 1153 1153 1153 1153 0 0 0
0 0 0 0 0 0 0 0 0 0 0 0 0 0 0 0 1173 1173 1173 1177 1177 1173 1173 1173 1173 1177 1177 1177 1173 1173 1169 1165 1165 1169 1173 1169 1169 1169 1169 1169 1165 1165 1165 1165 1169 1165 1157 1157 1157 1161 1161 1149 1149 1153 1149 1149 1153 1153 1153 1153 1153 1126 1126 1141 1145 1149 1153 1153 1145 1145 1149 1149 1157 1138 1138 1145 1145 1153 1153 1153 1153 1130 1126 1126 1130 1130 1145 1141 1141 1141 1141 1145 1149 1153 1149 1145 1141 1141 1149 1130 1130 1138 1138 1138 1141 1141 1138 1134 1134 1130 1130 1134 1134 1119 1115 1115 1119 1126 1138 1138 1138 1134 1134 1141 1141 1145 1145 1141 1141 1134 1134 1134 1134 1134 1138 1138 1138 1138 1138 1145 1126 1126 1126 1134 1138 1138 1138 1138 1138 1138 1138 1138 1138 1138 1141 1141 1134 1126 1123 1123 1123 1126 1126 1126 1130 1130 1123 1123 1126 1126 1126 1130 1134 1126 1126 1126 1126 1130 1130 1134 1134 1138 1141 1141 1141 1141 1130 1126 1126 1123 1123 1126 1130 1126 1115 1115 1119 1119 1130 1130 1130 1130 1130 1126 1126 1126 1123 1123 1108 1108 1115 1115 1130 1126 1126 1123 1123 1126 1130 1130 1126 1126 1126 1126 1126 1130 1126 1126 1130 1134 1134 1141 1145 1145 1149 1149 1145 1145 1145 1145 1145 1153 1153 1153 1149 1149 1134 1134 1134 1134 1141 1145 1149 1149 1149 1153 1153 1145 1145 1145 1145 1145 1145 1145 1134 1134 1138 1141 1141 1141 1138 1134 1130 1130 1134 1138 1138 1141 1145 1153 1153 1153 1153 1153 1153 1149 1145 1145 1141 1141 1145 1145 1145 1145 1149 1138 1138 1138 1138 1138 1138 1138 1134 1134 1134 1134 1134 1138 1138 1134 1134 1138 1141 1141 1138 1138 1138 0 0 0
0 0 0 0 0 0 0 0 0 0 0 0 0 0 0 0 1153 1153 1153 1153 1153 1153 1153 1153 1157 1153 1153 1165 1134 1134 1134 1134 1138 1138 1138 1138 1130 1130 1130 1134 1134 1138 1141 1130 1123 1123 1126 1130 1130 1130 1130 1130 1138 1138 1126 1126 1126 1138 1149 1130 1126 1123 1123 1126 1134 1138 1141 1149 1138 1138 1130 1126 1126 1130 1134 1138 1138 1138 1130 1130 1126 1126 1123 1123 1123 1126 1130 1130 1134 1130 1130 1126 1126 1126 1130 1130 1126 1123 1123 1123 1123 1126 1126 1126 1130 1130 1126 1126 1126 1126 1126 1123 1115 1112 1112 1108 1108 1115 1123 1126 1123 1123 1123 1123 1126 1126 1126 1126 1126 1126 1126 1123 1123 1119 1119 1119 1123 1126 1115 1112 1112 1112 1112 1119 1123 1123 1123 1126 1126 1126 1126 1126 1126 1126 1126 1126 1126 1119 1119 1119 1123 1123 1123 1123 1115 1115 1115 1115 1115 1112 1105 1105 1108 1108 1115 1115 1112 1112 1115 1119 1119 1119 1094 1094 1094 1108 1108 1119 1119 1115 1115 1119 1119 1126 1115 1112 1108 1108 1115 1115 1119 1123 1123 1119 1119 1115 1112 1108 1105 1105 1108 1108 1105 1101 1101 1105 1108 1108 1105 1105 1108 1108 1108 1105 1105 1108 1115 1115 1123 1126 1130 1130 1134 1138 1138 1138 1130 1130 1134 1134 1130 1130 1130 1130 1130 1130 1126 1126 1126 1126 1130 1130 1130 1134 1126 1126 1130 1130 1130 1126 1126 1130 1130 1134 1130 1130 1130 1130 1130 1130 1130 1130 1130 1130 1126 1126 1123 1123 1130 1130 1130 1130 1130 1130 1126 1126 1126 1126 1123 1123 1119 1119 1119 1119 1119 1123 1123 1119 1115 1115 1115 1115 1130 1126 1126 1126 1126 1126 1126 1123 1123 1112 1112 1112 1119 1123 1126 0 0 0
0 0 0 0 0 0 0 0 0 0 0 0 0 0 0 0 1153 1119 1119 1119 1123 1119 1119 1126 1126 1126 1126 1126 1126 1126 1126 1126 1126 1126 1126 1126 1115 1115 1119 1119 1119 1105 1101 1101 1112 1112 1115 1115 1123 1123 1123 1119 1119 1119 1119 1119 1101 1101 1094 1094 1097 1112 1112 1115 1112 1112 1108 1101 1101 1105 1105 1123 1119 1119 1112 1112 1115 1115 1119 1123 1119 1119 1115 1112 1108 1101 1101 1101 1105 1105 1119 1119 1119 1119 1119 1123 1123 1115 1115 1119 1119 1123 1119 1119 1112 1112 1105 1105 1105 1105 1108 1108 1105 1105 1108 1105 1105 1108 1112 1108 1108 1108 1105 1105 1108 1108 1108 1119 1115 1115 1119 1115 1115 1108 1105 1105 1097 1097 1105 1105 1108 1105 1105 1108 1115 1115 1119 1119 1119 1115 1108 1097 1097 1097 1108 1097 1097 1101 1094 1094 1115 1112 1112 1112 1105 1105 1105 1101 1101 1101 1097 1097 1097 1094 1094 1094 1097 1097 1101 1108 1108 1097 1094 1094 1094 1090 1090 1090 1090 1094 1105 1101 1101 1105 1105 1101 1101 1105 1105 1115 1115 1112 1094 1094 1101 1101 1101 1101 1101 1101 1105 1105 1101 1097 1097 1097 1101 1101 1090 1087 1087 1087 1090 1094 1094 1094 1101 1105 1112 1123 1123 1123 1119 1119 1115 1115 1115 1115 1119 1126 1119 1119 1119 1119 1119 1119 1115 1115 1115 1115 1115 1115 1115 1115 1115 1119 1123 1123 1123 1115 1115 1115 1119 1123 1123 1119 1115 1115 1115 1112 1105 1101 1101 1101 1108 1108 1108 1112 1112 1115 1105 1105 1115 1119 1115 1108 1108 1105 1101 1090 1090 1097 1101 1105 1119 1119 1115 1108 1108 1105 1105 1087 1087 1090 1094 1094 1097 1097 1101 1101 1101 1090 1087 1084 1084 1090 1097 0 0 0
0 0 0 0 0 0 0 0 0 0 0 0 0 0 0 0 0 1101 1101 1101 1101 1112 1112 1108 1108 1112 1108 1108 1112 1112 1112 1112 1108 1108 1112 1112 1112 1112 1112 1112 1105 1094 1094 1097 1097 1105 1108 1108 1108 1108 1108 1108 1108 1108 1108 1097 1087 1087 1087 1087 1090 1094 1101 1101 1097 1097 1101 1094 1094 1094 1087 1087 1087 1087 1097 1101 1101 1101 1101 1101 1105 1101 1097 1097 1094 1094 1094 1094 1097 1097 1101 1101 1101 1097 1094 1094 1094 1097 1101 1097 1097 1097 1094 1094 1094 1094 1094 1094 1090 1090 1097 1101 1097 1094 1094 1097 1097 1101 1097 1090 1090 1090 1094 1094 1097 1097 1097 1084 1084 1084 1084 1084 1090 1090 1094 1094 1094 1097 1097 1101 1094 1094 1094 1094 1094 1087 1087 1087 1090 1090 1090 1087 1087 1090 1077 1077 1077 1077 1077 1084 1084 1084 1084 1084 1090 1090 1077 1077 1080 1080 1084 1090 1090 1087 1087 1087 1080 1080 1077 1077 1080 1087 1087 1087 1087 1087 1087 1084 1084 1084 1090 1094 1094 1094 1090 1087 1087 1084 1084 1080 1077 1077 1077 1070 1070 1077 1077 1080 1087 1094 1097 1097 1087 1087 1087 1090 1094 1080 1073 1073 1073 1077 1080 1084 1087 1087 1090 1094 1097 1105 1112 1108 1108 1108 1108 1108 1105 1101 1101 1101 1097 1097 1101 1105 1108 1105 1105 1101 1101 1101 1105 1105 1108 1105 1105 1097 1097 1097 1105 1105 1105 1101 1097 1094 1090 1090 1094 1094 1094 1094 1090 1087 1087 1097 1097 1101 1101 1105 1097 1097 1097 1101 1101 1108 1112 1097 1097 1087 1087 1084 1084 1084 1090 1090 1084 1073 1073 1084 1080 1080 1084 1084 1084 1084 1087 1087 1090 1090 1090 1073 1070 1070 1080 1073 1073 1077 1080 0 0 0
0 0 0 0 0 0 0 0 0 0 0 0 0 0 0 0 0 1097 1097 1090 1090 1090 1087 1087 1087 1090 1090 1094 1101 1097 1097 1097 1097 1097 1101 1101 1101 1101 1097 1097 1090 1084 1084 1084 1087 1087 1084 1084 1087 1087 1090 1087 1087 1087 1087 1087 1087 1084 1084 1084 1087 1090 1097 1097 1097 1094 1090 1087 1084 1084 1084 1084 1084 1084 1087 1094 1090 1084 1080 1080 1087 1087 1087 1090 1084 1084 1087 1090 1090 1090 1090 1090 1087 1087 1090 1084 1080 1077 1077 1084 1073 1073 1070 1070 1070 1077 1070 1070 1073 1073 1077 1080 1080 1084 1084 1087 1084 1073 1073 1073 1077 1080 1077 1077 1070 1070 1073 1073 1073 1077 1077 1077 1077 1077 1080 1084 1087 1070 1070 1070 1080 1080 1080 1087 1087 1084 1080 1080 1080 1080 1080 1080 1084 1084 1077 1077 1073 1070 1070 1073 1073 1077 1077 1077 1080 1073 1070 1070 1070 1073 1077 1084 1080 1077 1077 1077 1077 1077 1073 1073 1073 1077 1080 1077 1073 1073 1077 1077 1080 1080 1080 1084 1084 1080 1077 1073 1073 1070 1067 1067 1070 1067 1067 1067 1067 1070 1070 1070 1073 1070 1070 1063 1063 1070 1073 1060 1054 1054 1057 1057 1060 1070 1070 1073 1077 1080 1084 1084 1087 1087 1087 1087 1084 1084 1087 1087 1090 1087 1087 1087 1087 1087 1087 1090 1090 1094 1094 1094 1094 1094 1097 1097 1087 1087 1087 1087 1087 1087 1087 1090 1097 1094 1087 1087 1087 1087 1087 1087 1087 1087 1087 1087 1087 1087 1087 1090 1094 1097 1097 1097 1094 1087 1080 1080 1087 1073 1073 1077 1077 1080 1080 1080 1073 1070 1070 1070 1070 1073 1073 1073 1073 1077 1077 1077 1077 1067 1067 1063 1063 1063 1067 1067 1067 1067 1067 1070 1077 0 0 0
0 0 0 0 0 0 0 0 0 0 0 0 0 0 0 0 0 1084 1084 1087 1080 1080 1077 1077 1073 1073 1073 1077 1094 1087 1087 1087 1087 1090 1094 1094 1084 1080 1080 1080 1080 1077 1077 1080 1080 1080 1080 1080 1084 1084 1084 1073 1073 1077 1080 1080 1080 1077 1077 1080 1084 1084 1090 1087 1084 1080 1080 1077 1073 1073 1070 1070 1073 1080 1080 1077 1067 1067 1070 1070 1073 1080 1080 1073 1073 1073 1073 1073 1077 1077 1077 1077 1073 1073 1077 1073 1073 1073 1070 1067 1067 1067 1063 1063 1063 1067 1067 1067 1067 1067 1067 1067 1067 1063 1063 1063 1063 1067 1067 1067 1067 1063 1063 1063 1063 1063 1067 1067 1067 1067 1070 1067 1067 1067 1067 1063 1057 1057 1057 1057 1060 1067 1063 1060 1057 1057 1067 1073 1073 1070 1070 1057 1057 1057 1063 1063 1063 1067 1067 1067 1067 1067 1070 1070 1070 1060 1060 1060 1060 1060 1060 1063 1067 1067 1067 1063 1063 1063 1060 1060 1060 1060 1060 1060 1054 1054 1057 1067 1073 1070 1067 1067 1054 1054 1067 1060 1060 1057 1057 1060 1060 1060 1060 1060 1060 1063 1063 1063 1063 1060 1060 1060 1060 1038 1038 1038 1047 1047 1050 1050 1050 1054 1054 1060 1067 1073 1073 1073 1080 1080 1080 1080 1073 1073 1073 1084 1087 1084 1080 1080 1080 1080 1080 1077 1077 1080 1080 1084 1084 1087 1084 1073 1073 1077 1077 1077 1077 1073 1073 1070 1070 1077 1077 1080 1080 1084 1080 1070 1070 1077 1077 1077 1077 1077 1077 1077 1067 1060 1060 1060 1060 1073 1073 1073 1063 1060 1060 1063 1067 1070 1067 1067 1063 1063 1063 1063 1067 1067 1067 1067 1060 1054 1054 1054 1057 1057 1057 1057 1057 1057 1060 1063 1063 1057 1047 1044 1044 1060 0 0
0 0 0 0 0 0 0 0 0 0 0 0 0 0 0 0 0 1070 1063 1063 1073 1070 1070 1073 1070 1070 1067 1063 1063 1073 1070 1070 1073 1073 1077 1067 1067 1067 1067 1070 1073 1070 1070 1067 1067 1070 1077 1057 1054 1054 1054 1057 1060 1060 1050 1050 1057 1057 1057 1047 1047 1054 1047 1047 1054 1063 1063 1054 1054 1057 1057 1060 1060 1060 1057 1057 1057 1057 1060 1060 1057 1057 1057 1057 1067 1067 1063 1047 1047 1054 1063 1070 1067 1047 1047 1050 1067 1067 1063 1060 1057 1057 1057 1057 1057 1060 1060 1060 1060 1060 1057 1057 1057 1057 1057 1057 1054 1054 1057 1057 1057 1057 1057 1054 1054 1054 1054 1054 1054 1054 1044 1044 1054 1054 1054 1054 1050 1050 1047 1047 1047 1050 1050 1050 1054 1054 1054 1050 1050 1047 1047 1050 1050 1047 1047 1050 1050 1057 1057 1060 1060 1054 1054 1044 1044 1047 1047 1047 1050 1047 1041 1041 1038 1038 1050 1050 1047 1044 1044 1047 1047 1047 1041 1041 1041 1044 1047 1050 1073 1047 1044 1044 1044 1044 1047 1050 1050 1050 1050 1054 1057 1054 1050 1050 1057 1054 1054 1047 1047 1050 1044 1044 1038 1038 1038 1038 1041 1044 1044 1044 1044 1047 1050 1054 1060 1067 1067 1067 1067 1067 1070 1070 1070 1063 1060 1060 1060 1060 1060 1063 1063 1063 1067 1067 1067 1063 1060 1057 1057 1057 1057 1060 1060 1063 1063 1060 1057 1057 1050 1050 1054 1060 1067 1063 1047 1047 1050 1057 1057 1057 1060 1060 1060 1060 1067 1067 1054 1054 1057 1054 1054 1057 1057 1054 1050 1050 1050 1054 1054 1050 1050 1047 1047 1054 1047 1038 1038 1038 1038 1038 1041 1044 1044 1047 1050 1050 1050 1047 1047 1050 1044 1038 1038 1034 1034 1034 1034 1034 0 0
0 0 0 0 0 0 0 0 0 0 0 0 0 0 0 0 0 1054 1050 1050 1050 1050 1050 1067 1070 1067 1067 1050 1050 1050 1054 1057 1060 1060 1057 1057 1054 1054 1057 1057 1057 1057 1057 1057 1054 1054 1050 1044 1044 1044 1044 1044 1044 1044 1044 1044 1044 1044 1044 1044 1044 1047 1047 1047 1047 1038 1034 1034 1038 1041 1050 1050 1054 1054 1050 1050 1050 1047 1047 1050 1050 1050 1038 1038 1038 1038 1038 1041 1038 1038 1063 1041 1041 1041 1038 1038 1041 1044 1057 1054 1050 1050 1050 1044 1041 1041 1047 1050 1050 1044 1041 1041 1041 1041 1050 1054 1054 1054 1044 1044 1044 1047 1047 1044 1038 1038 1041 1047 1047 1047 1031 1031 1028 1028 1047 1047 1044 1041 1041 1038 1038 1038 1038 1038 1041 1038 1038 1031 1031 1031 1038 1038 1038 1038 1038 1041 1041 1041 1041 1038 1038 1038 1038 1038 1034 1034 1038 1038 1044 1041 1031 1031 1028 1028 1028 1038 1031 1031 1034 1038 1038 1034 1031 1031 1034 1038 1034 1034 1028 1025 1025 1038 1038 1038 1034 1028 1028 1028 1031 1028 1025 1025 1028 1031 1041 1038 1025 1025 1025 1025 1028 1028 1031 1034 1034 1034 1031 1028 1028 1031 1034 1044 1044 1047 1050 1057 1060 1060 1060 1060 1057 1057 1060 1050 1050 1050 1047 1047 1047 1054 1054 1054 1057 1054 1054 1047 1044 1044 1047 1050 1050 1057 1057 1057 1050 1047 1047 1047 1044 1044 1044 1041 1041 1044 1044 1044 1044 1047 1044 1044 1044 1044 1044 1044 1044 1041 1041 1044 1044 1044 1044 1044 1047 1044 1044 1041 1041 1041 1038 1038 1038 1038 1041 1041 1038 1031 1031 1028 1025 1025 1034 1038 1041 1038 1038 1034 1034 1034 1028 1028 1031 1031 1031 1031 1031 1028 1028 1031 0 0
0 0 0 0 0 0 0 0 0 0 0 0 0 0 0 0 0 1044 1044 1044 1041 1022 1022 1022 1022 1022 1038 1038 1044 1044 1044 1047 1050 1054 1050 1044 1041 1041 1044 1044 1038 1028 1028 1031 1034 1038 1031 1031 1034 1034 1038 1034 1034 1038 1038 1038 1034 1034 1034 1034 1034 1038 1038 1038 1028 1028 1028 1028 1031 1031 1034 1034 1038 1041 1041 1041 1038 1034 1034 1034 1034 1031 1031 1028 1025 1025 1028 1034 1031 1028 1028 1028 1031 1034 1034 1034 1031 1028 1028 1028 1028 1028 1031 1031 1031 1031 1031 1031 1031 1025 1025 1028 1028 1028 1028 1028 1054 1016 1016 1028 1031 1028 1025 1025 1028 1028 1028 1028 1025 1025 1022 1022 1022 1025 1019 1019 1016 1016 1016 1028 1031 1031 1025 1022 1019 1019 1019 1022 1022 1025 1028 1028 1028 1031 1031 1031 1028 1028 1028 1025 1025 1025 1025 1031 1028 1028 1034 1025 1019 1019 1019 1022 1025 1025 1022 1022 1022 1025 1028 1031 1031 1025 1025 1025 1025 1025 1022 1019 1016 1013 1013 1025 1025 1028 1022 1022 1022 1022 1016 1013 1013 1013 1016 1016 1025 1022 1013 1013 1016 1016 1016 1019 1019 1022 1025 1022 1022 1022 1022 1022 1025 1028 1034 1038 1044 1047 1054 1050 1050 1038 1038 1041 1044 1044 1044 1041 1041 1038 1038 1038 1034 1034 1031 1031 1034 1034 1038 1038 1041 1038 1038 1038 1034 1034 1034 1031 1031 1034 1034 1034 1028 1028 1031 1034 1034 1038 1041 1038 1038 1038 1034 1034 1034 1028 1028 1031 1031 1038 1038 1038 1034 1034 1031 1031 1034 1034 1034 1031 1031 1028 1028 1028 1028 1031 1025 1025 1019 1019 1019 1019 1022 1028 1031 1031 1028 1028 1025 1022 1019 1019 1019 1019 1022 1022 1019 1019 1022 1022 0 0
0 0 0 0 0 0 0 0 0 0 0 0 0 0 0 0 0 1025 1022 1019 1019 1019 1019 1019 1019 1019 1019 1019 1031 1034 1034 1034 1025 1013 1013 1028 1031 1034 1034 1034 1019 1019 1019 1019 1019 1028 1031 1028 1028 1025 1025 1022 1022 1025 1022 1022 1028 1028 1028 1028 1031 1025 1022 1019 1019 1022 1022 1022 1025 1025 1022 1019 1016 1016 1016 1019 1019 1022 1019 1019 1019 1022 1022 1022 1019 1019 1022 1025 1022 1022 1022 1022 1028 1031 1028 1025 1019 1019 1019 1019 1022 1022 1019 1019 1019 1019 1019 1019 1016 1016 1016 1016 1016 1016 1016 1016 1016 1010 1010 1016 1016 1016 1016 1016 1016 1016 1016 1016 1016 1016 1016 1013 1013 1004 1004 1007 1007 1007 1013 1016 1022 1022 1019 1016 1013 1013 1010 1010 1007 1004 1004 1007 1007 1013 1013 1004 1004 1007 1010 1013 1013 1013 1016 1016 1028 1028 1001 1001 1010 1010 1010 1013 1022 1010 1007 1007 1010 1013 1013 1013 1013 1013 1013 1010 1007 1007 1007 1007 1010 1013 1013 1010 1007 1007 1010 1013 1013 1010 1010 1010 1007 1007 1010 1010 1010 1007 1004 1004 1004 1004 1007 1013 1013 1022 998 998 1001 1001 1007 1010 1016 1016 1019 1025 1028 1034 1034 1034 1025 1025 1028 1028 1028 1031 1031 1031 1031 1031 1031 1031 1028 1025 1022 1022 1028 1031 1031 1031 1028 1022 1019 1019 1022 1022 1025 1025 1025 1028 1028 1031 1028 1025 1025 1028 1031 1038 1034 1031 1031 1028 1028 1028 1022 1022 1022 1025 1022 1022 1025 1028 1028 1025 1025 1025 1028 1022 1022 1022 1022 1022 1019 1016 1013 1013 1013 1013 1013 1013 1010 1010 1013 1013 1013 1013 1013 1016 1019 1019 1016 1016 1016 1016 1016 1010 1007 1007 1010 1010 0 0
0 0 0 0 0 0 0 0 0 0 0 0 0 0 0 0 0 1013 1010 1010 1010 1013 1013 1013 1016 1016 1013 1013 1010 1010 1010 1016 1010 1010 1010 1013 1019 1025 1025 1013 1010 1010 1010 1010 1010 1010 1007 1007 1007 1010 1013 1013 1016 1016 1013 1013 1016 1016 1016 1016 1010 1010 1013 1016 1016 1013 1013 1013 1007 1007 1013 1013 1010 1010 1013 1010 1007 1007 1007 1010 1013 1013 1013 1013 1013 1013 1013 1007 1007 1013 1013 1010 1007 1001 1001 998 998 1004 1004 1004 1013 1016 1016 1010 1010 1010 1010 1007 1007 1007 1010 1010 1010 1010 1010 1010 1010 1010 1010 1013 1007 1007 1010 1010 1001 1001 1010 1010 1013 1007 1001 998 995 995 995 995 995 995 995 995 998 998 998 1001 1007 1007 1001 1001 1001 1001 1001 995 995 992 992 992 998 1001 1001 1004 1001 992 992 992 989 987 987 989 989 1004 995 995 995 995 998 998 998 995 992 992 995 998 998 998 998 998 998 998 998 1004 1001 998 998 998 1001 1001 1001 998 998 1001 1001 1001 1001 1001 992 992 992 992 998 998 1001 1001 1013 987 987 992 992 998 1001 1001 1007 1010 1013 1016 1016 1016 1016 1016 1019 1019 1013 1013 1019 1016 1016 1019 1019 1019 1019 1013 1013 1013 1013 1013 1010 1010 1010 1010 1010 1010 1010 1010 1016 1016 1019 1016 1016 1016 1016 1016 1016 1013 1013 1016 1022 1025 1022 1016 1013 1013 1010 1010 1010 1013 1013 1013 1013 1016 1013 1010 1010 1019 1019 1019 1013 1013 1010 1010 1010 1013 1007 998 998 998 998 1001 1004 1004 998 998 1001 1004 1004 998 998 1004 1007 1010 1010 1007 1001 995 995 995 998 1001 1004 1004 0 0
0 0 0 0 0 0 0 0 0 0 0 0 0 0 0 0 0 1010 1007 1007 1007 1007 1010 1010 1010 1010 1007 1007 1007 1007 1007 1007 1007 1007 1007 1004 1001 998 998 1001 1007 1004 1004 1001 1001 995 995 998 1001 1001 1001 1004 998 995 995 995 995 995 987 987 992 992 992 995 1007 1004 1004 998 998 998 1001 1004 1004 1004 998 992 992 992 998 1001 995 995 995 995 995 998 995 995 995 995 995 1010 987 987 992 995 995 1001 998 998 1004 987 987 995 995 995 995 992 992 998 998 992 989 989 992 1001 1001 995 989 989 992 995 998 998 992 992 981 981 1010 989 987 987 989 989 992 992 992 992 989 989 989 989 989 992 992 992 992 992 995 992 992 981 981 981 984 984 989 992 995 989 989 989 992 989 987 981 981 981 981 987 989 989 987 987 987 989 987 987 987 987 987 989 989 989 989 989 989 978 978 978 981 987 995 995 995 995 995 995 978 978 967 967 970 970 970 981 984 987 989 989 967 967 967 978 981 981 984 989 995 998 1001 1004 1007 1010 1010 1010 1010 1010 1013 1007 1007 1007 1007 1004 1004 1007 1007 1010 1001 998 998 998 1004 1007 1001 998 998 998 998 1004 1004 1004 1004 1004 1001 1001 998 998 998 998 998 1001 1001 1001 998 995 995 998 1001 1001 1004 1004 1004 1004 1007 1007 1007 1007 998 998 995 995 995 995 998 1004 1001 1001 998 989 987 987 992 992 992 992 992 984 984 984 984 984 989 984 984 995 995 995 1001 989 989 989 989 989 989 992 975 975 0 0
0 0 0 0 0 0 0 0 0 0 0 0 0 0 0 0 0 995 995 998 998 998 995 992 992 989 989 1001 1001 1001 1004 1001 1001 1004 1004 995 995 989 989 992 998 995 984 984 984 984 987 989 989 989 989 987 987 989 987 987 981 978 978 978 978 984 987 992 995 995 995 992 992 992 992 992 998 998 987 987 987 987 987 989 987 987 984 984 987 989 989 989 989 987 984 981 981 984 992 995 995 995 992 978 975 975 973 973 975 978 978 984 984 984 970 970 970 970 987 992 989 987 981 981 981 975 975 978 978 978 978 978 978 978 978 978 981 981 984 981 981 981 978 978 981 981 981 984 984 975 975 989 989 984 981 978 978 978 981 981 984 989 984 981 975 975 987 978 978 975 975 975 973 967 967 970 975 975 975 978 975 973 973 970 970 970 978 978 984 981 975 973 973 975 978 981 984 984 984 984 973 970 970 973 967 967 967 967 967 973 975 975 962 962 962 964 964 975 975 975 975 978 978 987 995 998 1001 1001 995 995 992 992 992 992 998 995 995 992 992 992 989 987 987 987 987 989 989 989 995 992 989 989 989 995 992 992 992 992 992 989 989 995 995 995 995 992 992 992 984 984 987 987 989 989 989 992 992 992 989 987 987 989 989 992 987 987 987 987 989 989 992 992 984 981 981 981 984 984 984 973 973 973 978 975 975 973 973 970 970 970 975 975 975 975 978 978 984 978 975 973 973 973 0 0
0 0 0 0 0 0 0 0 0 0 0 0 0 0 0 0 0 995 989 989 992 992 987 984 978 978 981 987 989 989 987 987 987 992 1004 995 987 984 981 975 967 967 978 978 981 981 981 978 978 978 978 984 981 981 981 973 970 970 973 973 973 975 975 978 978 962 962 987 964 964 975 967 967 970 978 978 978 978 975 975 975 975 975 975 978 978 981 973 973 970 970 973 973 975 975 973 973 973 973 973 973 970 970 970 967 967 967 967 967 967 967 967 967 967 962 962 962 959 959 970 964 964 970 970 975 975 973 970 970 970 970 970 973 973 970 970 970 967 967 967 967 970 973 964 962 962 962 959 959 962 962 962 970 975 975 973 973 989 967 967 967 967 967 964 964 964 967 967 964 962 962 959 959 962 962 962 962 956 956 956 956 959 964 970 948 948 962 962 962 975 978 981 956 956 962 962 962 962 964 964 959 959 959 962 962 959 956 956 956 956 956 959 959 959 964 970 970 970 975 978 984 987 992 992 989 987 987 987 987 987 981 981 984 984 984 984 981 981 981 984 984 981 978 975 975 978 981 984 987 984 984 981 981 981 981 981 981 984 984 984 984 975 975 975 975 978 978 978 981 981 981 984 987 987 984 981 981 984 984 981 981 981 981 984 967 962 962 975 975 975 975 978 973 964 964 964 964 964 970 970 970 967 964 962 959 959 959 962 964 964 962 962 962 962 967 970 970 970 0 0
0 0 0 0 0 0 0 0 0 0 0 0 0 0 0 0 0 0 967 967 975 973 973 970 970 970 973 970 964 964 964 970 973 970 967 967 973 975 967 964 964 962 962 964 967 967 967 967 967 967 967 970 946 946 948 951 956 962 962 967 970 967 967 962 956 956 959 959 959 962 962 959 959 959 962 964 970 970 970 970 970 970 970 970 970 970 970 962 962 964 964 964 964 951 951 956 956 954 954 959 956 956 956 959 959 962 959 959 959 959 959 959 959 959 959 959 959 956 956 954 954 956 956 956 959 959 959 956 956 956 959 959 967 967 964 962 962 962 962 962 962 962 956 954 954 954 956 954 954 954 954 956 956 951 948 948 948 951 951 956 959 959 959 956 956 959 959 956 956 956 956 954 954 954 948 948 948 946 946 946 946 954 959 946 946 946 946 951 948 946 946 946 946 946 948 946 946 946 946 946 951 954 956 954 954 948 948 948 948 948 948 948 948 948 948 951 962 967 970 973 975 978 978 973 973 975 981 981 981 973 973 973 975 975 975 975 973 973 978 964 964 964 964 967 967 967 973 975 975 973 973 973 973 973 973 964 964 956 956 959 962 962 967 970 970 973 967 967 973 970 970 964 964 964 967 970 973 973 973 973 973 975 975 956 956 954 954 959 962 970 967 962 959 959 959 959 959 959 959 959 959 962 962 956 954 954 954 956 956 959 959 959 956 956 959 959 954 954 0 0
0 0 0 0 0 0 0 0 0 0 0 0 0 0 0 0 0 0 962 959 959 962 962 962 964 962 956 956 956 956 956 956 956 956 954 954 946 946 951 956 956 959 959 954 954 959 959 959 954 954 951 948 946 946 948 951 951 951 951 951 951 954 956 956 951 951 951 951 951 948 948 951 951 954 956 943 943 943 948 956 956 954 954 959 959 943 943 946 951 951 951 948 948 951 951 948 946 946 946 948 948 948 951 948 948 954 954 954 956 954 954 954 948 946 943 943 946 946 946 946 946 946 948 948 948 946 943 943 946 943 943 938 938 967 938 938 938 940 940 948 948 948 948 948 946 946 948 948 948 948 951 954 951 948 946 946 946 946 946 948 951 956 954 951 951 948 935 935 935 935 935 935 935 935 943 943 943 943 943 943 943 935 935 935 940 943 943 943 943 943 943 943 940 940 940 938 938 935 935 935 943 943 943 943 948 946 946 943 943 935 935 935 940 943 943 946 948 956 964 964 964 964 962 962 964 962 962 964 962 962 962 964 964 962 959 959 964 964 962 954 954 956 959 962 964 959 959 962 962 962 959 959 962 967 954 954 956 956 956 959 962 962 964 959 959 959 959 962 962 962 962 959 959 956 956 956 959 959 962 956 956 954 951 951 951 951 951 954 956 956 954 951 951 951 954 956 954 951 948 940 940 940 940 946 946 946 946 946 948 951 948 948 951 951 946 946 946 948 0 0
0 0 0 0 0 0 0 0 0 0 0 0 0 0 0 0 0 0 959 954 954 951 948 948 954 951 948 948 946 943 943 948 951 954 948 940 940 940 943 948 954 951 943 940 940 956 956 956 948 943 943 946 948 948 946 946 940 940 940 940 940 940 940 943 943 943 946 946 943 943 943 943 943 943 943 940 940 940 938 938 938 938 940 933 933 935 938 938 938 940 940 940 940 940 938 938 935 933 933 933 933 933 930 928 928 928 930 933 935 943 943 943 930 925 925 928 928 943 918 918 928 925 923 915 915 918 925 925 925 928 925 925 925 928 928 928 928 920 920 920 920 925 928 935 920 920 920 918 918 920 920 920 920 920 925 923 923 923 923 925 928 928 928 928 923 923 925 925 925 925 920 920 923 925 906 906 906 906 915 923 923 923 923 923 923 920 920 920 918 918 915 915 915 918 918 923 918 918 915 915 923 915 915 915 915 915 906 906 923 923 925 925 925 930 935 938 940 946 948 948 946 946 948 946 946 946 946 935 935 954 943 943 956 954 954 951 951 951 951 951 951 951 951 951 948 948 946 943 943 943 943 943 946 951 951 948 948 951 951 954 954 951 948 948 948 943 943 943 940 940 948 948 948 948 948 948 948 943 943 943 943 943 943 943 948 946 946 943 940 940 940 935 935 935 938 938 938 935 935 935 935 935 935 940 940 938 938 930 930 930 935 940 948 938 935 935 940 943 0 0
0 0 0 0 0 0 0 0 0 0 0 0 0 0 0 0 0 0 933 933 930 930 943 946 943 943 946 943 940 940 940 940 943 930 930 935 935 935 940 940 943 940 930 928 928 925 925 925 928 933 938 938 938 923 923 928 928 933 933 935 935 935 935 935 935 935 943 943 908 908 908 910 910 913 913 913 915 925 930 928 928 923 920 920 920 918 918 918 918 918 923 918 918 923 928 928 925 918 918 920 925 925 925 923 923 923 910 908 908 908 908 908 908 923 923 923 908 906 906 910 918 920 918 915 913 913 915 915 915 915 918 918 925 925 925 923 913 913 915 915 915 918 915 915 915 915 915 915 915 918 920 920 920 915 915 915 915 918 908 908 908 908 910 913 910 908 906 906 910 908 903 903 906 903 903 898 898 898 896 896 896 898 906 906 906 908 910 908 908 910 908 908 910 910 910 903 903 908 908 908 915 908 908 913 913 908 906 903 903 906 908 913 920 925 930 933 935 940 933 933 935 935 935 935 938 935 935 933 933 933 933 933 930 928 925 925 925 923 923 928 933 930 930 933 933 933 933 933 930 930 930 930 930 930 930 930 933 938 938 930 930 930 933 933 935 935 935 933 933 933 933 933 933 933 935 935 935 935 935 933 933 933 933 935 935 935 935 935 935 940 935 935 930 928 928 930 930 925 925 928 930 930 930 930 930 930 930 928 923 923 923 925 923 923 925 930 930 933 933 0
0 0 0 0 0 0 0 0 0 0 0 0 0 0 0 0 0 0 923 923 923 923 923 923 923 928 938 925 925 925 933 925 920 920 920 925 930 930 930 920 913 913 918 918 915 915 915 915 915 910 910 910 910 910 915 915 915 915 906 903 903 903 903 903 903 910 908 906 906 906 906 906 906 908 910 910 908 906 906 908 903 903 898 898 898 901 903 908 906 906 906 908 908 913 913 910 910 908 908 910 908 908 908 908 908 908 906 906 906 906 906 906 903 903 903 910 908 906 903 903 906 908 906 906 901 901 906 906 906 908 908 908 906 894 891 891 898 903 908 910 913 913 913 898 898 908 908 908 910 913 920 920 920 915 915 903 901 901 903 903 903 898 896 896 898 903 898 898 889 889 889 894 894 894 894 896 894 894 894 894 894 896 896 898 901 901 896 896 898 898 901 903 898 898 898 896 896 894 894 891 891 894 896 896 896 894 894 898 898 903 906 906 908 918 925 925 925 925 925 925 925 925 923 923 923 925 925 925 925 925 925 925 923 920 915 915 918 920 920 920 920 920 920 923 925 925 925 925 923 923 923 920 920 920 920 923 925 920 918 918 918 918 920 920 920 923 923 925 928 928 928 923 923 925 923 923 928 928 928 925 925 928 930 930 930 928 928 928 928 928 920 920 920 920 920 920 920 918 918 920 923 923 915 915 918 918 918 918 915 913 913 920 920 920 920 913 913 918 920 0
0 0 0 0 0 0 0 0 0 0 0 0 0 0 0 0 0 0 920 920 915 915 918 918 918 920 920 918 915 915 913 910 910 910 908 906 906 906 906 906 906 906 906 908 908 908 908 908 906 906 908 906 906 908 894 894 906 906 903 903 901 901 901 901 901 901 903 906 903 901 898 898 898 901 898 898 898 898 898 901 891 891 891 894 896 896 898 901 898 898 903 903 903 903 901 901 901 903 903 903 901 901 898 898 894 891 891 898 903 903 901 896 894 894 894 894 891 891 901 901 901 901 896 896 894 894 903 903 894 894 896 891 889 889 889 889 889 889 891 896 896 891 891 896 896 896 894 889 887 887 887 887 887 887 889 889 889 891 896 896 896 891 889 889 889 896 889 889 887 887 887 887 887 889 889 891 891 891 891 889 889 891 894 896 894 894 889 889 891 891 889 889 889 891 891 894 889 887 887 889 889 889 885 885 885 887 887 894 894 901 901 903 906 906 915 920 920 920 918 918 918 918 915 915 918 918 918 913 913 910 910 910 910 913 910 910 913 913 913 910 910 910 910 915 908 908 910 910 913 910 910 913 913 913 913 913 913 908 908 910 910 910 910 915 918 908 903 903 903 903 908 908 910 906 906 903 903 903 918 915 915 918 918 913 906 903 903 903 903 906 901 901 901 906 908 910 913 910 910 910 908 908 908 908 908 908 908 908 908 908 908 908 915 915 903 903 903 898 898 0
0 0 0 0 0 0 0 0 0 0 0 0 0 0 0 0 0 0 896 885 885 901 901 906 903 903 903 898 898 896 896 896 898 901 901 901 901 903 903 903 903 903 901 896 896 901 903 903 903 894 887 887 887 891 891 889 889 889 903 903 898 898 898 896 896 896 882 882 891 889 889 889 891 891 889 887 882 882 882 882 882 887 889 889 891 891 891 894 889 889 891 891 898 898 898 901 901 901 896 889 889 889 891 891 887 887 887 887 894 891 887 887 889 889 889 889 889 887 887 887 889 889 880 880 878 878 880 880 880 880 885 887 885 885 882 880 880 882 882 885 885 885 885 889 887 887 885 882 882 882 882 885 885 885 885 887 887 887 887 887 885 885 885 885 885 885 885 885 882 882 882 882 882 882 882 882 887 887 887 885 885 885 885 885 885 882 882 885 885 887 880 880 871 871 882 878 878 880 882 887 885 885 882 882 882 882 882 882 885 891 896 901 901 903 903 903 898 898 903 906 908 910 910 906 906 908 908 903 903 901 901 901 901 903 903 903 901 901 903 906 906 906 903 901 901 901 903 903 903 901 901 903 898 898 891 891 894 894 894 896 901 903 903 894 894 896 896 896 896 896 896 896 898 898 898 894 894 894 894 891 889 887 887 894 896 896 898 901 896 896 894 894 891 891 894 889 885 885 887 887 885 885 885 885 887 885 885 901 901 901 898 898 898 894 894 896 896 894 894 0
0 0 0 0 0 0 0 0 0 0 0 0 0 0 0 0 0 0 882 882 882 882 885 885 885 882 882 882 889 889 891 887 887 887 887 891 891 896 896 898 903 903 880 880 880 880 880 889 885 885 885 882 882 885 885 887 887 867 867 862 862 898 891 885 882 882 878 878 878 878 878 875 875 880 882 882 882 882 880 880 880 882 887 887 889 887 887 887 880 880 885 875 873 873 873 873 873 873 875 880 882 875 873 873 873 878 878 878 875 875 873 873 880 880 887 889 887 887 880 880 882 873 873 871 871 873 873 873 873 871 871 871 871 880 875 875 875 873 873 873 871 871 875 878 880 880 880 880 880 880 880 880 882 882 882 882 878 878 878 878 878 878 878 878 878 873 873 875 880 878 878 878 878 878 875 873 871 869 869 869 873 873 873 875 875 878 878 875 875 869 869 869 867 867 867 867 867 869 869 873 873 869 869 875 875 875 878 878 878 885 887 891 896 898 896 896 896 896 896 898 903 906 898 896 896 896 896 894 894 894 894 896 896 901 898 894 894 894 894 896 901 901 901 894 894 894 896 896 898 894 891 891 889 887 887 889 889 891 894 894 894 894 891 891 891 891 889 889 891 889 889 891 891 891 891 891 891 889 889 887 885 882 882 885 889 891 894 891 891 889 887 887 887 885 882 882 880 880 880 882 882 882 880 880 880 880 875 875 875 875 882 882 882 882 882 885 885 887 887 0
0 0 0 0 0 0 0 0 0 0 0 0 0 0 0 0 0 0 875 875 878 880 882 880 875 873 873 875 882 885 885 880 878 878 875 875 875 875 875 873 871 869 869 873 875 878 878 887 882 882 880 880 878 875 864 864 864 864 864 862 862 867 867 869 871 871 873 869 869 867 867 867 869 869 871 873 875 878 875 873 871 871 873 862 862 867 867 867 869 869 867 867 867 867 867 864 864 867 869 869 867 867 867 867 873 873 871 864 864 864 864 867 869 871 878 889 858 858 862 867 864 864 869 867 867 869 869 869 867 864 864 867 864 864 867 869 869 869 867 867 867 867 867 864 862 862 873 875 875 873 871 871 871 871 871 869 869 871 875 873 871 869 862 862 860 856 854 854 854 858 860 860 860 862 862 864 867 867 867 867 869 869 869 869 869 869 867 867 862 862 862 860 860 860 860 860 860 860 858 858 860 860 860 869 871 873 867 867 871 875 878 885 889 889 894 894 894 894 891 887 885 882 882 878 878 880 880 880 878 878 885 889 875 875 885 882 882 878 878 878 878 887 887 882 882 882 878 878 882 882 880 880 882 882 882 882 882 885 885 885 882 882 885 885 885 875 875 878 878 882 882 885 885 885 887 882 882 887 882 882 882 875 875 880 882 887 885 875 875 875 880 880 875 875 878 873 873 873 873 873 875 875 873 871 871 871 873 873 873 871 869 869 867 867 873 869 869 867 867 0
0 0 0 0 0 0 0 0 0 0 0 0 0 0 0 0 0 0 873 871 871 875 878 878 869 869 869 871 873 878 885 869 869 871 873 871 871 873 873 871 867 864 864 869 871 871 856 856 882 882 864 862 860 860 858 858 858 862 862 862 858 858 858 858 860 864 869 864 864 862 862 862 864 867 869 864 860 858 858 860 858 858 858 858 860 862 862 860 860 862 860 860 858 858 858 856 856 858 858 858 860 860 862 862 862 862 862 862 862 862 862 862 860 856 851 851 851 854 860 860 860 858 856 856 860 862 862 862 860 860 860 862 858 858 858 860 860 862 856 856 860 860 860 858 858 858 858 860 864 856 856 871 871 845 845 845 854 854 854 854 862 856 856 856 854 851 849 849 849 849 849 851 854 856 856 856 856 856 858 856 856 860 851 851 851 854 851 851 849 849 856 856 856 856 851 851 849 849 851 851 851 851 851 856 858 858 860 862 867 869 871 875 880 882 887 867 867 869 873 875 873 873 871 871 873 875 875 875 873 873 875 875 873 873 875 875 875 873 873 873 873 873 873 875 875 875 875 875 873 873 873 873 873 869 869 867 867 867 869 867 867 867 864 864 864 871 871 873 873 871 871 873 867 867 867 867 869 871 873 871 869 867 867 867 867 867 867 867 869 871 873 869 869 862 862 862 862 867 869 867 860 860 858 858 862 864 867 869 856 856 862 864 864 864 858 858 864 862 862 0
0 0 0 0 0 0 0 0 0 0 0 0 0 0 0 0 0 0 858 858 858 858 860 860 864 864 864 862 856 856 856 858 864 867 867 864 864 864 869 862 860 860 860 862 862 862 849 847 847 847 851 854 856 854 854 854 856 856 856 854 854 851 851 854 854 856 856 858 858 858 858 860 862 862 862 854 854 856 856 858 856 856 856 854 854 856 856 856 851 849 849 856 856 856 856 851 851 849 849 851 854 854 854 851 851 851 851 854 858 858 854 854 851 849 847 847 849 851 851 851 849 847 847 849 851 851 845 845 845 849 851 845 845 847 845 845 849 849 849 849 849 854 854 854 854 854 854 858 839 839 841 841 839 839 839 843 847 843 837 837 839 841 831 829 829 827 827 845 841 841 841 841 843 843 843 841 841 843 843 843 845 841 841 841 843 843 843 843 843 843 847 851 851 849 845 845 843 843 843 845 845 847 847 847 851 854 858 858 862 867 869 871 871 867 864 864 867 867 869 873 871 869 869 869 869 871 871 871 871 869 864 864 864 864 867 871 871 869 869 869 867 867 869 869 869 869 869 871 869 867 867 862 862 862 862 864 864 864 867 867 864 862 860 860 860 862 867 869 862 862 864 860 860 860 860 860 860 860 860 860 860 860 860 862 862 862 862 862 862 862 860 860 849 849 854 854 854 849 849 854 854 854 854 854 856 858 860 851 849 849 854 854 854 854 851 851 862 856 856 0
0 0 0 0 0 0 0 0 0 0 0 0 0 0 0 0 0 0 858 849 847 847 849 851 851 862 858 851 847 847 847 847 856 851 851 849 849 849 849 851 851 851 851 849 847 847 847 845 845 845 847 847 847 849 849 849 851 849 849 847 841 841 841 841 841 839 839 845 847 847 841 841 841 841 841 845 845 845 845 849 849 847 845 843 843 843 845 845 847 845 845 849 854 854 851 847 847 845 845 845 845 843 839 839 839 839 843 843 839 835 835 837 837 839 839 839 849 851 845 845 843 843 843 839 839 839 839 839 839 839 839 841 841 843 843 843 843 841 841 843 843 845 854 854 849 849 845 837 837 837 837 839 835 835 831 831 831 831 831 831 831 835 831 829 829 827 827 833 833 833 833 837 837 837 837 837 837 835 835 835 835 835 835 837 837 837 837 837 839 839 839 841 839 839 841 839 839 837 837 839 841 841 843 845 847 849 851 856 858 858 864 854 854 858 860 862 860 860 862 864 864 864 867 860 860 862 862 864 860 860 858 858 858 858 854 851 851 851 862 860 858 856 856 856 856 860 862 862 862 862 856 856 856 856 858 858 858 858 858 856 856 858 856 856 856 858 856 856 856 856 856 854 854 854 856 856 856 856 854 854 854 854 854 856 856 854 854 854 854 856 849 847 845 845 845 845 845 845 845 845 847 847 849 849 854 849 843 843 843 845 845 845 847 845 841 841 845 847 847 0
0 0 0 0 0 0 0 0 0 0 0 0 0 0 0 0 0 0 0 841 839 839 843 843 841 841 841 845 843 843 841 841 841 845 847 847 843 843 843 845 845 847 847 845 843 839 839 839 839 839 839 839 839 839 839 841 839 839 839 837 835 835 837 837 837 835 835 833 833 833 835 837 837 837 837 839 843 841 841 841 841 837 835 835 835 835 837 837 837 839 841 843 847 843 843 839 839 835 835 839 839 837 837 835 833 829 829 827 827 829 831 833 833 833 833 833 833 833 829 829 831 833 837 837 837 835 835 837 835 835 833 833 835 839 839 839 839 835 831 829 829 829 829 831 831 833 813 813 831 831 833 835 835 821 821 823 827 827 827 827 827 827 827 827 825 825 825 825 825 825 827 827 831 831 829 829 829 827 823 823 823 827 831 831 833 833 833 833 833 833 823 823 825 827 827 835 833 833 831 831 833 835 837 839 839 843 843 847 849 849 849 849 847 847 847 847 856 856 851 849 849 851 851 851 856 856 849 847 847 847 847 851 851 851 849 847 847 847 849 849 849 847 847 849 849 847 847 847 847 847 847 849 849 849 851 854 856 851 851 849 847 847 847 849 849 847 847 847 847 849 849 849 849 849 849 849 849 849 849 849 847 847 849 849 849 849 847 847 845 843 843 841 841 841 841 841 841 841 841 843 843 843 843 843 839 839 839 839 839 841 841 841 841 839 837 837 839 839 843 0
0 0 0 0 0 0 0 0 0 0 0 0 0 0 0 0 0 0 0 827 827 833 835 835 837 837 837 833 833 835 837 835 835 833 827 827 837 837 839 839 819 819 825 825 831 833 831 831 827 827 831 835 829 829 829 827 827 829 829 829 829 829 831 835 833 831 829 827 825 825 823 823 825 829 831 831 831 825 825 823 823 823 829 829 833 833 833 831 831 833 831 829 829 829 829 829 831 829 829 829 829 831 831 827 823 821 821 821 821 823 827 829 831 831 827 827 827 825 823 823 827 827 823 823 821 821 833 829 829 825 825 825 821 821 815 815 815 823 827 827 827 827 827 827 827 809 809 813 813 819 821 819 819 819 819 819 819 819 821 821 819 819 821 821 821 821 821 821 823 823 823 823 825 823 823 823 821 821 821 821 821 819 819 825 827 827 827 827 825 819 813 813 815 815 817 819 819 825 827 827 827 827 827 833 835 839 841 841 841 843 843 845 845 845 843 843 843 841 837 837 837 843 843 847 843 843 843 843 843 841 841 839 839 841 841 841 839 839 839 839 841 841 841 845 843 841 841 839 839 839 841 841 841 843 845 854 843 843 841 841 841 841 839 839 839 841 841 843 843 841 841 841 839 833 833 833 837 839 843 843 839 835 835 833 833 839 835 835 837 839 839 835 833 833 835 837 837 837 837 837 837 837 833 833 831 831 831 831 831 833 835 835 835 833 833 833 835 835 837 0
0 0 0 0 0 0 0 0 0 0 0 0 0 0 0 0 0 0 0 825 825 821 821 829 831 833 829 823 823 825 827 827 825 825 825 825 825 825 825 821 819 819 819 821 821 827 821 819 817 817 823 823 825 825 825 821 821 821 821 821 821 821 821 821 823 829 827 825 823 823 821 821 821 823 823 823 821 821 819 819 819 821 823 825 829 829 819 819 815 815 815 815 817 821 821 821 831 821 819 819 821 815 815 817 817 817 817 819 819 819 817 815 815 813 813 821 823 821 821 821 821 819 819 817 817 817 813 813 829 817 817 819 817 817 813 811 811 813 817 821 821 823 823 805 805 807 809 811 813 815 817 813 813 813 815 815 815 815 815 815 813 813 813 813 817 819 819 819 815 815 815 815 815 815 815 815 815 815 817 817 817 815 815 813 813 815 817 813 813 811 811 811 811 811 809 809 809 811 811 813 819 819 819 821 823 827 833 835 837 837 839 839 839 839 839 837 837 833 833 835 835 837 837 837 837 837 837 837 837 835 833 833 833 833 835 835 833 833 833 833 833 833 835 839 839 837 835 833 833 833 835 833 833 825 825 825 825 827 829 829 833 835 835 833 833 831 831 833 833 833 833 831 831 831 829 827 827 827 827 827 827 829 829 829 827 827 829 829 827 825 825 823 823 825 825 825 825 823 821 821 823 825 825 819 819 819 823 825 827 829 827 825 825 823 823 823 823 823 829 829
0 0 0 0 0 0 0 0 0 0 0 0 0 0 0 0 0 0 0 811 811 811 813 811 811 811 811 811 811 811 811 813 813 821 821 821 819 819 817 817 817 819 815 815 815 813 813 811 811 813 813 813 815 821 821 813 813 813 813 815 815 813 813 813 813 813 813 813 811 811 815 815 815 815 815 815 815 815 815 815 817 817 819 821 815 809 809 813 811 809 809 813 813 813 811 805 805 802 802 803 805 805 807 813 813 813 813 815 815 815 809 809 809 809 809 811 807 807 807 805 805 807 807 813 813 809 807 807 805 805 807 807 805 805 809 805 805 805 805 805 803 802 800 800 802 803 805 809 809 811 811 809 809 800 800 807 807 805 805 805 805 807 807 809 809 809 802 802 803 805 805 807 802 802 803 803 809 811 811 811 807 805 803 803 805 805 805 803 803 805 805 807 807 805 803 803 803 803 803 805 805 811 815 819 821 825 829 829 831 829 829 829 827 827 829 831 831 829 829 829 831 831 827 825 825 823 823 827 829 827 825 825 825 825 827 827 827 827 827 827 825 825 821 819 819 823 823 823 825 821 821 821 821 821 821 821 821 823 825 825 827 829 831 831 827 827 829 829 827 827 817 817 825 825 825 823 819 819 819 819 821 821 823 819 819 821 821 821 821 819 819 819 819 817 817 815 813 813 813 813 815 815 815 815 817 817 819 819 821 819 817 815 815 817 817 819 813 813 815 829
0 0 0 0 0 0 0 0 0 0 0 0 0 0 0 0 0 0 0 807 807 809 811 811 805 805 805 805 805 807 807 807 809 815 819 817 817 815 813 809 809 803 803 805 805 805 807 807 807 809 807 807 802 802 802 803 802 802 798 798 805 807 807 805 805 807 809 809 805 805 803 802 800 800 802 802 802 803 813 813 813 802 802 800 800 800 802 807 807 805 805 805 803 803 803 802 802 800 800 800 802 802 803 805 805 807 803 802 800 798 798 798 800 800 800 802 800 800 802 802 802 803 803 803 803 805 805 805 802 802 802 796 796 798 796 796 800 800 802 802 798 798 798 798 800 798 798 798 796 796 796 794 792 792 796 798 798 796 796 800 802 802 802 798 798 796 796 798 798 798 798 800 800 800 800 800 809 798 798 798 798 800 800 800 800 800 800 800 800 800 800 800 796 796 798 798 800 802 802 802 803 805 811 815 817 819 821 821 821 819 819 819 821 821 823 821 821 819 819 821 823 819 819 819 821 819 819 819 817 817 817 817 819 819 819 819 819 817 817 817 817 817 815 815 815 815 815 817 817 815 815 817 817 817 819 817 817 817 817 817 817 817 817 817 815 813 813 811 811 813 813 813 817 817 817 815 813 813 815 815 815 817 817 817 815 815 815 815 815 815 815 813 813 813 809 809 809 809 811 811 811 802 802 802 800 800 809 807 805 805 809 800 800 802 803 805 805 803 803 805
0 0 0 0 0 0 0 0 0 0 0 0 0 0 0 0 0 0 0 802 802 800 800 798 796 796 796 796 798 800 800 802 805 805 800 800 802 802 802 802 802 800 800 800 800 803 805 805 805 803 800 794 794 798 798 798 796 790 790 790 790 796 800 800 800 802 809 798 798 798 796 796 796 796 798 800 800 792 792 789 787 787 792 792 792 794 796 798 798 800 800 796 796 802 802 800 800 798 798 798 800 800 800 800 800 798 792 792 792 792 792 794 794 794 796 794 794 794 790 790 790 790 790 789 789 789 789 790 790 792 792 792 792 790 790 792 792 792 792 790 790 792 794 794 794 790 790 790 790 789 787 787 787 789 792 792 794 790 790 790 794 796 792 792 794 792 792 794 794 794 794 794 794 794 796 800 785 785 785 785 792 792 794 794 796 792 790 790 792 792 790 790 790 790 792 792 796 800 800 800 802 803 807 813 815 813 813 813 813 813 811 811 813 813 811 811 811 811 813 813 811 811 813 813 817 817 817 813 813 809 809 813 813 813 809 809 809 809 809 811 811 811 811 811 811 809 809 811 813 813 813 813 815 815 813 811 809 809 809 809 807 805 805 802 802 807 809 807 807 805 805 805 803 803 805 805 809 809 809 807 807 807 809 809 809 807 807 803 803 805 809 807 805 802 802 802 803 803 805 805 800 798 798 798 794 794 794 800 803 802 802 796 796 798 798 798 798 802 802 802
0 0 0 0 0 0 0 0 0 0 0 0 0 0 0 0 0 0 0 790 790 794 790 789 789 790 790 792 792 792 794 790 790 789 789 792 792 796 798 798 796 796 794 792 792 789 785 785 785 787 790 790 789 789 792 792 790 785 785 787 787 790 794 798 783 781 781 783 787 789 785 785 785 792 794 796 796 785 785 783 783 785 789 789 790 792 796 785 785 785 790 790 787 787 792 796 798 796 796 796 796 796 796 792 792 783 783 785 789 790 790 792 792 790 789 789 789 787 787 787 787 787 787 789 785 785 785 785 785 789 789 787 785 785 785 787 789 789 789 789 789 790 790 790 790 783 783 785 785 785 783 783 785 787 789 789 787 787 787 789 789 789 783 783 787 789 790 789 789 790 781 781 781 781 781 781 781 781 781 781 783 785 787 787 783 783 783 783 783 785 785 785 787 787 787 789 789 789 794 796 796 798 802 807 807 811 807 807 805 803 803 805 803 803 805 805 805 805 805 807 807 807 807 807 807 811 811 809 809 805 805 803 803 807 807 807 805 803 802 802 803 805 805 805 805 805 805 807 807 805 796 796 800 802 802 803 796 796 798 798 800 802 802 800 800 802 802 802 802 802 802 800 800 800 800 800 803 803 800 800 800 798 798 798 798 796 796 796 798 800 800 794 794 796 796 796 794 792 792 790 790 790 792 792 789 789 789 790 792 787 787 789 792 792 792 792 792 796 796 798
0 0 0 0 0 0 0 0 0 0 0 0 0 0 0 0 0 0 0 789 785 785 787 787 787 787 787 789 789 789 787 785 785 785 785 785 789 792 796 798 766 766 778 778 783 783 781 778 778 780 781 781 783 781 781 781 781 780 780 781 781 783 780 778 778 778 778 778 783 783 783 780 780 780 792 794 771 771 776 778 778 780 783 787 787 773 773 774 780 781 781 781 780 780 780 780 774 774 785 778 776 774 774 774 776 778 783 769 769 771 773 774 774 778 778 778 778 781 781 781 781 783 783 783 781 780 780 778 778 780 778 778 780 780 780 781 783 783 762 762 767 769 767 767 769 771 769 769 764 764 767 767 764 762 762 781 780 780 767 766 766 769 769 769 769 769 769 773 766 766 769 767 767 769 767 767 764 764 769 769 769 773 762 762 778 778 780 781 781 778 774 773 773 774 778 780 781 781 787 792 792 794 796 796 796 796 796 796 798 800 802 802 800 800 802 802 798 798 789 789 789 796 796 796 796 796 794 792 792 792 798 798 798 798 794 794 789 789 794 794 796 794 794 794 794 796 798 792 792 792 792 794 796 796 796 794 794 794 794 794 796 796 796 794 794 796 794 794 796 796 798 798 798 798 796 792 792 789 789 789 789 789 790 790 792 792 792 794 794 789 789 785 785 787 790 792 785 783 781 781 785 785 785 785 785 785 787 785 783 783 783 783 787 787 787 785 785 785 785 798
0 0 0 0 0 0 0 0 0 0 0 0 0 0 0 0 0 0 0 780 780 780 783 783 781 781 780 778 778 778 781 781 783 781 781 783 783 783 796 773 766 766 778 778 781 781 776 774 774 774 773 773 778 778 778 773 773 773 776 778 774 773 773 773 774 774 776 776 778 778 783 773 773 773 771 771 771 771 771 771 773 776 778 778 771 771 771 773 776 773 773 771 771 774 773 771 771 771 761 761 762 766 766 767 766 762 762 762 764 764 766 767 767 769 769 769 766 764 762 762 764 764 761 761 761 764 766 766 766 762 762 769 766 764 762 762 761 761 761 761 762 762 762 762 762 764 762 762 762 762 764 762 761 761 761 781 780 755 755 755 755 755 755 755 766 766 762 761 761 761 761 761 761 762 764 764 761 761 759 759 759 761 761 761 762 766 767 773 776 762 762 762 764 767 767 769 769 773 780 780 781 781 783 783 787 785 783 783 783 781 781 781 783 783 781 781 781 781 783 785 785 785 787 787 792 790 789 789 787 787 787 787 787 787 787 787 785 785 785 785 787 787 787 789 789 787 787 787 785 785 787 789 790 790 792 789 789 789 789 789 790 792 790 787 787 787 787 789 789 789 787 787 789 789 787 787 787 783 783 785 785 785 785 785 785 787 789 789 787 787 785 783 783 783 781 778 778 778 778 778 780 780 780 781 781 781 781 778 778 778 778 778 781 781 783 783 781 781 776 776
0 0 0 0 0 0 0 0 0 0 0 0 0 0 0 0 0 0 0 769 767 767 767 767 767 773 773 773 774 774 776 776 778 778 778 776 773 767 766 766 771 773 774 769 769 769 769 769 771 771 769 769 769 769 769 767 767 767 767 771 766 766 767 769 771 771 774 774 774 759 759 762 766 769 769 767 762 761 761 762 761 759 759 757 757 761 764 764 762 762 762 762 761 759 759 762 761 761 759 757 757 761 761 759 757 757 759 759 761 761 759 754 750 750 752 755 759 761 761 761 761 757 755 755 755 752 752 755 757 759 759 757 755 755 755 755 754 754 755 755 755 759 759 761 762 762 750 749 749 749 750 755 755 755 754 754 754 754 754 754 750 750 750 752 754 754 755 759 761 761 761 754 754 754 755 764 754 754 752 752 752 755 755 757 759 764 766 744 744 746 752 757 759 759 761 762 766 767 776 776 778 778 778 778 774 774 774 778 778 780 780 780 780 780 780 778 778 778 780 780 778 778 778 778 781 780 778 778 778 776 776 776 774 773 773 773 774 776 778 776 776 774 774 774 774 774 780 780 781 781 781 781 781 781 780 780 780 780 783 780 780 774 774 780 780 780 783 785 780 780 780 780 780 781 781 783 774 774 776 776 776 781 783 780 780 780 778 774 774 774 774 776 771 769 769 771 773 773 776 776 776 774 774 774 773 773 771 771 774 776 776 774 774 776 776 776 776 773 773 773
0 0 0 0 0 0 0 0 0 0 0 0 0 0 0 0 0 0 0 769 764 764 764 764 764 764 766 766 766 759 759 759 761 762 766 766 762 762 762 762 764 764 762 757 757 761 759 759 764 766 764 762 762 764 761 761 764 766 766 750 750 750 750 752 752 752 752 746 746 750 754 754 754 755 757 755 755 755 754 754 754 754 755 754 754 752 750 750 750 750 747 747 752 752 754 755 755 755 755 755 757 757 755 752 750 749 749 744 744 754 749 749 747 747 746 746 747 750 750 750 750 750 752 752 750 749 749 750 754 754 752 750 749 744 744 746 746 747 744 744 741 741 742 742 742 744 746 746 746 747 747 750 750 750 749 749 749 749 750 749 749 747 747 749 747 747 746 744 744 761 746 746 747 746 742 742 744 747 747 749 749 750 750 752 754 742 742 742 742 746 749 749 752 754 755 757 761 764 766 773 774 774 773 769 769 769 769 771 773 773 773 769 769 778 761 761 771 771 771 769 769 771 771 771 774 767 767 771 771 767 767 767 767 767 767 767 769 769 771 769 769 767 767 769 771 771 773 774 776 773 766 766 766 766 767 767 767 767 767 767 767 767 767 773 773 773 774 776 774 774 773 773 776 773 773 769 769 769 773 773 773 773 773 771 771 771 771 771 769 769 767 767 764 764 766 766 766 766 766 766 767 762 762 761 761 764 764 764 767 767 757 757 762 762 764 764 766 764 761 761
0 0 0 0 0 0 0 0 0 0 0 0 0 0 0 0 0 0 0 0 754 754 754 761 759 759 759 757 757 755 755 757 755 755 759 757 757 759 759 759 757 754 754 750 749 749 749 749 749 747 747 750 750 749 747 742 741 741 744 747 747 747 747 747 746 746 746 746 746 746 746 747 750 754 755 755 755 754 750 750 749 749 750 747 747 746 746 747 747 746 746 746 746 747 747 749 749 749 747 747 752 750 750 747 744 741 741 742 741 741 742 742 742 736 736 738 741 744 747 747 749 750 752 747 744 742 741 731 731 731 731 734 739 741 741 742 742 742 739 738 738 738 738 738 738 738 738 742 742 742 736 736 736 736 741 744 744 746 746 746 746 746 746 744 744 744 744 742 741 739 739 739 742 741 741 741 741 744 744 742 739 738 738 736 736 736 738 739 739 742 746 746 747 749 752 754 755 759 762 764 766 767 766 762 762 766 766 766 761 761 764 762 762 761 759 759 764 764 762 762 766 766 761 761 761 761 762 766 762 761 755 755 762 764 766 766 761 759 757 757 757 759 759 759 759 759 761 761 761 761 761 761 762 764 762 761 761 762 762 764 764 764 764 764 764 762 762 759 759 759 759 759 759 757 757 759 761 766 767 762 762 762 762 766 769 767 767 767 764 764 764 764 762 762 761 759 759 757 757 759 754 754 754 755 755 759 759 757 757 754 754 755 757 757 761 761 759 759 759 761
0 0 0 0 0 0 0 0 0 0 0 0 0 0 0 0 0 0 0 0 750 750 749 749 747 747 747 747 747 744 744 744 744 747 747 749 750 750 749 741 741 741 741 742 742 746 744 744 739 739 741 741 741 738 738 738 739 739 739 739 739 742 738 736 736 736 736 742 741 738 738 736 734 730 730 734 736 738 738 742 746 744 744 744 741 741 742 742 742 739 739 739 739 741 741 741 742 738 738 738 738 750 731 731 734 736 736 739 736 736 734 734 734 733 733 733 731 730 728 728 730 730 728 728 728 728 730 730 730 730 730 731 734 736 738 739 741 741 734 734 734 734 736 736 736 734 734 736 734 733 731 731 733 734 734 738 736 734 734 734 734 734 738 738 741 741 741 741 739 738 736 736 738 738 738 738 738 741 741 741 739 734 733 730 730 730 731 734 734 736 741 742 744 747 749 750 752 754 759 759 752 752 752 754 755 755 757 755 755 757 757 757 757 752 752 752 752 754 754 754 754 755 754 754 757 757 755 754 754 752 752 752 752 752 752 752 752 752 750 750 752 752 754 754 754 755 755 757 755 755 754 754 752 752 750 750 754 755 755 757 754 754 757 757 757 755 754 752 752 752 752 752 752 752 752 755 755 752 752 752 754 754 752 752 750 747 747 749 750 752 761 762 761 757 755 754 754 754 752 750 749 749 749 749 749 754 754 754 746 746 747 750 750 754 755 755 754 754 755 757
0 0 0 0 0 0 0 0 0 0 0 0 0 0 0 0 0 0 0 0 733 733 733 733 738 739 739 741 741 739 738 738 733 733 733 731 731 733 733 734 734 734 734 733 733 736 738 738 736 736 733 733 731 731 734 734 734 734 734 733 733 728 728 731 731 728 727 727 727 733 733 733 733 730 730 731 731 730 730 731 734 734 731 731 731 731 731 731 731 733 734 736 733 730 730 727 727 734 734 731 730 730 725 725 728 733 733 733 733 731 731 733 731 731 731 730 730 727 725 725 727 725 725 723 723 725 728 728 728 728 728 728 728 728 738 739 741 725 723 723 725 728 728 731 731 731 731 731 730 725 725 728 730 731 733 731 731 730 730 730 730 730 731 731 734 734 734 730 730 730 730 731 731 730 730 731 730 730 728 728 741 730 728 727 727 728 728 728 728 731 736 739 741 742 746 747 749 749 752 746 746 747 749 750 750 750 749 749 750 752 752 752 749 749 749 747 747 747 747 747 747 747 749 752 754 754 752 750 750 749 749 749 749 749 747 747 747 747 747 747 747 746 746 747 747 750 746 746 746 746 746 747 746 746 747 747 750 749 749 742 742 744 744 747 750 750 750 749 741 741 742 744 746 747 746 746 742 742 744 744 744 744 744 744 744 744 744 742 739 739 739 739 738 738 738 738 741 739 739 738 738 744 744 744 744 744 744 744 744 744 746 746 746 746 746 746 747 749 750 754
0 0 0 0 0 0 0 0 0 0 0 0 0 0 0 0 0 0 0 0 725 725 730 730 731 733 734 736 738 727 727 728 731 731 731 730 730 728 728 730 731 731 731 730 730 730 727 727 730 730 731 728 728 728 730 734 733 731 730 730 727 727 727 723 723 723 723 723 723 723 727 728 730 720 720 725 725 725 727 730 734 725 725 725 725 725 720 720 723 723 725 730 730 728 725 725 723 723 725 725 727 725 723 723 727 728 733 717 717 717 723 725 723 723 723 723 727 720 720 722 722 722 723 723 723 723 723 723 723 727 727 720 719 716 716 716 716 717 717 719 722 722 723 723 722 722 720 720 720 722 722 723 723 727 719 719 719 722 722 725 727 727 727 728 728 728 723 723 722 722 722 725 725 725 723 723 725 728 725 725 717 717 720 720 723 725 725 725 725 727 728 736 739 741 742 744 746 742 742 742 742 746 746 746 742 742 744 746 747 747 747 746 746 746 746 744 744 744 744 742 742 742 741 734 734 734 747 746 746 742 742 742 742 744 742 742 744 741 741 742 741 741 741 741 741 741 741 741 742 744 744 744 744 742 742 742 744 744 741 739 739 739 739 741 744 744 739 739 738 738 738 739 739 741 736 736 738 738 739 739 739 739 738 736 736 736 738 738 738 738 738 738 736 736 731 731 731 731 731 731 731 731 734 734 736 736 736 738 736 736 739 739 739 741 741 742 742 742 747 749
0 0 0 0 0 0 0 0 0 0 0 0 0 0 0 0 0 0 0 0 722 722 725 727 728 720 720 719 716 716 723 725 725 725 720 720 727 725 725 725 722 720 720 722 723 723 723 723 723 725 723 723 723 723 725 725 725 728 725 725 725 725 725 720 720 722 720 720 720 720 720 725 722 717 717 719 719 720 722 714 714 719 720 720 720 717 717 717 717 717 719 719 720 725 722 722 720 720 722 717 717 714 714 717 714 714 713 713 714 714 714 714 716 714 713 711 711 713 713 713 713 710 710 713 717 720 716 714 714 713 711 711 714 713 713 713 714 716 716 716 713 713 713 711 711 711 711 711 713 714 717 719 713 713 716 716 717 717 716 716 719 720 720 720 720 723 723 723 720 716 716 716 716 720 722 720 720 708 708 710 713 714 714 716 719 719 719 720 722 723 725 728 733 736 736 738 738 741 741 741 739 734 734 736 736 738 738 741 734 734 734 734 738 741 739 739 736 736 739 738 738 734 734 733 731 730 730 730 738 731 731 733 733 733 733 733 734 734 734 736 736 736 736 736 736 734 734 733 733 733 733 738 736 734 733 733 733 733 733 736 736 734 733 733 733 733 733 733 734 734 734 733 731 731 731 733 733 731 730 730 731 733 731 731 727 727 728 731 734 734 734 734 730 728 727 727 727 727 727 728 728 728 725 725 723 722 722 730 730 731 731 736 728 728 728 730 730 731 731 731
0 0 0 0 0 0 0 0 0 0 0 0 0 0 0 0 0 0 0 0 716 716 714 714 716 714 711 711 711 711 714 720 719 719 710 710 717 710 710 716 716 714 714 713 713 713 713 714 714 716 717 720 714 714 725 725 725 728 719 719 725 722 710 710 711 711 714 716 716 714 713 711 710 710 717 717 716 714 711 711 711 713 714 714 716 713 713 713 713 714 714 713 713 711 711 713 703 703 703 707 713 713 713 711 711 710 708 708 710 710 710 708 708 710 710 710 710 710 711 710 708 707 707 710 714 717 711 711 708 708 707 707 708 710 710 711 713 713 713 710 710 710 711 710 710 708 708 708 710 711 711 710 710 710 710 714 714 711 711 713 714 716 716 716 704 704 704 706 707 707 710 710 711 713 716 710 708 706 706 708 710 711 711 711 713 713 714 716 717 719 722 725 728 733 731 731 731 728 723 723 723 728 730 730 730 730 730 728 727 727 730 730 730 730 731 731 731 731 730 728 728 728 728 730 730 728 727 727 728 728 728 728 728 727 727 728 728 730 733 733 733 733 731 731 730 730 728 728 730 730 730 728 728 728 727 727 728 730 730 730 728 728 728 728 728 728 728 728 727 727 727 727 727 727 727 727 727 725 725 725 725 728 727 725 722 719 719 720 727 727 727 725 723 722 722 722 720 720 722 722 723 722 722 720 719 719 719 720 714 714 714 714 714 722 723 723 723 725 722 722
0 0 0 0 0 0 0 0 0 0 0 0 0 0 0 0 0 0 0 0 708 708 708 708 713 706 704 704 706 707 707 708 708 710 708 708 707 707 707 708 710 713 713 711 710 708 708 710 707 707 707 707 708 707 706 706 703 703 703 704 703 703 703 706 707 707 707 706 706 710 706 706 704 704 706 706 707 707 710 710 710 710 708 707 707 707 707 708 708 710 711 711 703 703 700 700 701 701 701 703 711 711 710 703 703 703 704 704 706 704 704 706 706 704 704 704 706 708 707 704 701 701 703 701 701 704 700 700 701 701 703 703 704 704 704 706 700 700 700 700 701 701 708 708 706 706 706 706 703 703 704 704 704 703 703 704 706 707 707 708 707 707 706 701 701 703 703 704 704 704 706 704 700 697 697 703 704 704 706 707 700 700 703 706 708 710 711 711 714 714 719 720 722 723 727 723 720 720 720 720 722 725 727 728 727 722 722 723 723 723 725 725 723 723 723 723 725 725 725 727 725 725 725 725 727 727 725 723 723 725 725 725 725 725 725 725 725 725 730 731 731 730 725 722 722 723 722 722 723 725 723 723 723 723 725 725 725 723 722 722 722 723 723 723 725 725 725 725 725 725 723 722 720 720 720 720 722 720 720 720 720 720 720 719 717 716 716 717 719 719 716 716 713 711 711 714 716 716 714 713 713 713 714 714 714 714 716 720 711 711 711 711 711 711 711 713 713 713 716 716
0 0 0 0 0 0 0 0 0 0 0 0 0 0 0 0 0 0 0 0 701 701 701 693 693 693 700 701 703 703 703 706 707 707 707 704 704 703 703 703 704 711 707 703 703 703 703 706 706 706 703 703 703 703 701 701 700 700 701 701 701 701 701 704 706 706 703 701 701 701 701 701 703 703 703 700 700 701 707 707 701 701 701 701 701 704 704 704 701 697 697 700 700 700 698 698 700 700 700 700 700 708 703 701 701 701 701 700 700 703 703 703 694 694 697 698 698 690 690 694 696 697 697 697 694 694 694 694 694 697 698 700 700 698 696 694 694 697 697 697 698 698 697 697 697 698 700 700 698 697 696 696 697 697 698 700 703 704 704 700 700 701 701 700 700 701 701 696 696 696 696 697 697 696 696 697 698 701 700 694 694 697 698 701 703 706 707 708 710 711 714 717 717 717 717 717 717 717 719 719 719 717 716 716 717 717 719 719 719 720 717 717 717 717 719 717 717 717 717 722 722 720 717 716 716 717 719 717 717 716 716 714 714 719 719 719 716 714 713 713 714 714 714 714 714 716 717 717 719 719 719 719 717 717 719 717 717 714 713 713 716 716 716 719 720 717 717 719 720 719 716 716 714 714 717 717 717 716 716 716 710 710 710 710 713 713 713 714 716 714 711 708 707 707 708 708 708 708 708 708 707 707 707 707 707 706 706 707 707 708 707 707 707 707 707 708 708 710 713 713
0 0 0 0 0 0 0 0 0 0 0 0 0 0 0 0 0 0 0 0 700 700 691 691 691 691 696 696 698 697 696 696 707 703 703 703 703 700 700 698 698 703 701 697 697 696 696 697 701 700 700 697 696 696 696 696 696 698 698 698 698 698 700 703 704 703 698 696 694 694 696 697 700 700 700 697 696 696 696 696 696 696 696 697 700 700 694 693 693 693 693 694 694 694 696 696 697 697 697 696 694 694 694 694 696 696 690 690 688 688 688 691 691 693 694 694 688 688 688 690 691 694 694 694 693 691 688 688 691 694 694 696 696 693 693 693 693 693 690 690 693 691 691 693 693 693 688 688 688 688 691 691 691 693 693 697 697 697 694 693 693 694 694 696 697 697 691 691 691 693 693 694 694 696 696 697 698 693 691 690 690 691 693 698 698 701 704 706 708 710 713 716 714 713 713 714 714 716 717 716 714 714 713 713 714 716 714 713 713 711 711 714 714 716 713 713 713 713 713 713 716 714 713 713 713 713 713 714 714 713 713 711 711 711 711 713 711 710 708 708 710 710 711 711 713 711 711 713 713 714 714 716 714 714 714 713 711 710 708 708 710 710 710 708 708 710 707 707 707 707 708 710 710 708 708 710 710 710 708 707 706 706 706 706 704 704 707 708 708 701 701 701 701 701 703 704 706 706 706 706 704 704 703 703 703 703 704 704 706 704 701 700 700 703 706 707 707 710 711 713
0 0 0 0 0 0 0 0 0 0 0 0 0 0 0 0 0 0 0 0 700 700 688 688 690 690 694 696 697 697 690 688 688 690 691 694 696 694 694 696 696 696 696 694 693 693 694 694 691 690 690 690 686 686 686 688 690 690 687 687 686 686 686 686 688 686 686 686 686 687 688 690 690 696 696 694 691 691 690 690 690 690 691 690 687 686 686 686 687 690 690 691 690 690 690 690 694 684 680 679 679 683 683 684 684 684 686 686 684 683 683 683 684 687 691 693 686 686 688 688 688 687 687 686 686 684 683 683 683 683 683 684 686 686 687 687 687 687 687 684 683 683 684 686 686 686 684 684 684 686 687 688 686 686 688 688 691 687 687 687 690 688 688 684 684 684 684 687 688 687 683 682 682 682 682 682 682 682 686 690 690 690 691 693 697 698 700 703 704 707 710 713 713 704 704 708 708 704 704 704 704 706 706 706 706 708 708 707 704 704 706 706 708 708 704 704 708 708 710 710 710 707 707 708 708 707 707 708 708 708 707 707 704 704 704 704 704 704 704 704 704 706 708 708 708 707 706 704 703 703 703 707 708 708 707 706 703 703 703 704 706 707 707 704 703 703 703 703 703 703 700 700 703 703 704 706 703 703 703 703 703 701 701 701 701 701 703 703 697 696 696 697 698 698 698 700 697 697 700 700 701 700 700 700 700 701 701 701 690 690 691 691 696 698 701 703 704 706 711 713
0 0 0 0 0 0 0 0 0 0 0 0 0 0 0 0 0 0 0 0 0 678 678 680 680 688 694 696 679 679 679 679 682 680 680 684 682 682 688 690 696 683 683 690 688 688 694 682 682 683 683 684 684 684 684 684 682 682 683 683 683 683 683 683 682 682 683 683 683 684 686 686 686 688 688 688 690 688 688 684 684 684 686 686 684 683 683 683 684 684 686 687 688 688 687 680 679 679 679 679 679 683 683 682 682 682 683 683 682 682 682 682 682 683 678 678 678 678 679 686 683 682 682 682 682 680 680 680 679 678 676 676 676 676 683 686 684 683 682 680 680 680 680 680 680 680 682 682 682 682 682 682 682 682 682 680 679 679 680 680 683 683 683 683 683 683 683 683 683 680 680 679 676 676 678 678 678 678 680 683 683 684 687 688 691 694 697 700 701 701 700 700 704 704 704 706 704 700 700 698 698 698 698 703 701 701 700 700 701 701 703 703 704 698 698 698 703 706 706 706 698 698 698 698 698 698 698 698 701 703 701 698 697 697 698 698 698 698 701 703 703 703 704 704 704 703 701 698 698 697 697 697 697 696 696 697 697 698 698 700 701 703 701 698 698 697 697 698 700 700 697 697 697 696 696 696 694 694 700 696 696 697 697 697 697 697 698 693 693 693 693 694 694 694 694 694 694 694 690 690 691 691 691 691 687 686 686 686 686 688 688 688 693 696 697 697 697 706 0 0
0 0 0 0 0 0 0 0 0 0 0 0 0 0 0 0 0 0 0 0 0 674 674 675 678 688 688 674 674 674 676 678 675 675 675 675 678 678 675 674 674 675 675 676 680 688 694 679 679 682 679 674 674 680 682 679 678 678 678 679 680 680 680 680 682 679 679 682 682 683 683 683 684 680 680 688 690 688 684 679 678 678 680 678 678 678 678 680 680 680 678 678 688 687 684 680 679 679 678 678 678 679 682 676 676 678 675 675 676 678 679 680 680 678 675 675 675 676 676 676 678 678 678 676 674 674 676 676 676 676 675 674 674 674 674 672 672 675 678 678 676 676 675 675 675 676 678 679 679 678 678 678 678 678 678 675 675 676 676 676 675 675 676 678 680 680 679 678 678 679 676 675 675 675 675 675 676 678 679 679 679 680 682 684 687 688 694 696 696 694 694 694 693 693 697 693 693 696 697 696 696 697 697 700 697 693 693 693 694 697 697 697 691 691 693 696 697 697 696 696 696 696 696 696 696 696 697 697 693 693 693 691 691 694 691 691 693 693 694 696 691 690 690 691 691 691 691 691 693 693 693 693 691 691 693 691 691 694 696 693 691 691 691 691 693 693 694 690 690 691 690 690 693 694 694 687 687 687 690 690 690 690 690 691 694 691 690 690 690 691 691 691 691 688 688 690 686 686 687 686 686 687 686 686 683 683 683 683 683 687 684 684 687 686 686 690 693 0 0 0
0 0 0 0 0 0 0 0 0 0 0 0 0 0 0 0 0 0 0 0 0 672 655 655 655 658 670 670 670 671 672 672 672 672 671 671 674 674 671 671 671 672 674 674 674 674 674 674 676 675 671 671 671 678 678 676 676 670 670 678 678 678 674 674 671 671 672 676 678 670 670 671 671 671 668 668 668 668 670 671 672 672 671 671 671 671 671 675 672 672 671 671 670 668 668 668 676 676 675 672 668 668 668 670 670 671 671 671 671 672 670 670 668 668 670 671 671 671 664 664 664 667 672 671 671 671 671 671 672 672 672 672 671 671 671 671 671 668 668 670 672 672 672 671 671 672 672 672 672 670 670 672 674 674 671 668 668 670 674 674 672 672 672 672 674 674 675 675 675 672 671 671 671 671 671 671 671 671 672 675 676 678 678 680 683 684 688 688 688 688 688 687 687 687 688 688 688 688 688 691 694 694 691 691 687 687 688 690 691 693 691 688 688 688 690 691 693 690 690 690 690 693 693 691 688 688 688 690 687 687 688 684 684 686 686 687 688 690 688 688 688 688 688 688 688 687 687 688 688 688 687 687 687 687 688 690 690 691 690 688 687 687 687 687 690 690 688 686 686 686 686 686 687 688 687 684 684 686 687 687 688 687 686 684 684 684 684 686 686 687 686 684 684 683 682 682 682 679 679 679 679 679 679 679 679 679 679 679 679 679 679 679 679 680 680 682 693 0 0 0
0 0 0 0 0 0 0 0 0 0 0 0 0 0 0 0 0 0 0 0 0 657 654 654 654 658 663 670 670 671 661 661 661 661 662 661 661 662 664 667 670 672 672 670 670 663 663 663 664 664 664 663 662 661 661 663 668 666 659 659 661 661 663 668 668 667 664 663 663 663 663 664 664 666 667 667 667 668 667 666 666 664 664 666 666 666 666 664 664 667 667 668 668 668 668 668 668 668 661 661 664 664 664 664 664 666 666 666 666 666 666 666 664 664 666 664 662 662 662 662 662 666 667 664 664 668 667 667 670 668 668 670 666 663 663 667 667 666 666 668 668 668 667 662 662 667 664 664 664 664 664 664 663 663 666 666 666 666 667 668 670 670 670 668 668 667 667 675 675 672 661 661 664 666 667 668 668 668 668 670 672 675 678 679 682 683 686 686 684 684 684 686 686 686 686 683 683 686 686 686 691 691 682 682 682 682 683 683 683 683 683 686 686 686 686 687 687 686 686 680 680 683 684 686 684 683 683 683 683 683 683 680 680 682 683 683 684 683 683 683 683 684 686 684 683 683 680 680 680 680 680 682 682 683 686 686 682 682 683 683 684 684 686 686 686 686 682 682 682 682 683 683 683 682 679 679 679 682 683 683 680 680 680 680 680 680 678 678 678 678 678 678 678 676 676 678 674 672 668 668 670 670 670 672 672 671 668 668 671 672 672 674 674 676 678 678 0 0 0 0
0 0 0 0 0 0 0 0 0 0 0 0 0 0 0 0 0 0 0 0 0 650 650 652 653 652 649 648 648 649 654 657 658 658 654 654 657 657 657 657 662 664 666 661 658 658 659 659 659 662 661 661 659 658 658 661 661 659 658 658 658 659 659 663 662 662 662 661 661 662 662 663 662 662 663 666 666 664 662 662 662 662 662 662 662 662 663 662 662 662 662 659 658 658 664 664 664 658 658 658 661 662 663 662 662 662 662 661 661 661 662 661 661 661 661 661 659 659 659 661 661 664 661 661 659 658 658 667 652 652 655 655 657 659 657 657 655 655 657 659 659 658 655 655 657 657 659 659 659 659 659 661 661 661 662 662 664 664 663 657 657 666 667 666 664 664 662 662 661 659 659 659 659 661 662 663 663 663 666 666 668 672 675 676 679 680 682 680 680 679 679 680 682 678 678 678 678 679 680 680 676 675 675 678 676 676 678 678 676 676 679 679 680 679 676 676 676 676 676 678 679 679 679 678 678 680 680 680 680 679 678 678 678 679 679 675 674 674 674 676 678 679 679 676 674 674 675 675 676 678 679 679 679 680 682 680 680 679 676 675 675 683 683 676 674 674 675 678 680 680 679 678 676 676 676 676 676 678 676 675 674 672 672 674 672 672 672 672 674 672 672 672 671 668 668 664 664 667 667 667 667 666 666 668 667 666 666 666 667 667 667 668 668 670 678 678 0 0 0 0
0 0 0 0 0 0 0 0 0 0 0 0 0 0 0 0 0 0 0 0 0 646 646 648 650 649 647 647 647 647 649 649 652 650 650 652 654 654 652 652 650 650 654 658 657 657 657 655 655 658 658 654 654 653 653 653 653 654 654 655 655 655 657 657 658 658 659 658 658 658 658 658 658 658 658 658 659 658 658 659 659 659 659 658 658 658 659 659 661 661 655 655 657 657 653 652 652 652 654 655 657 661 663 661 659 657 657 655 655 657 655 655 655 655 655 655 653 653 653 652 650 650 652 654 655 650 650 650 650 652 652 652 653 652 652 652 652 648 647 647 648 650 650 650 650 648 648 649 649 650 649 649 653 655 653 650 650 650 652 652 652 650 648 648 650 650 652 650 650 650 650 650 650 650 652 653 655 658 662 663 666 667 667 668 668 675 675 675 675 675 675 675 674 674 675 675 675 675 671 668 668 671 672 674 674 674 672 672 672 672 674 672 672 672 672 672 674 674 672 672 674 672 671 671 672 674 675 676 675 672 672 672 674 674 672 671 670 670 670 670 670 671 671 671 671 671 672 672 672 674 675 675 672 672 670 670 670 670 670 670 668 668 668 667 667 670 671 674 676 676 670 670 670 671 672 674 674 672 670 670 670 668 668 667 667 668 668 668 670 670 671 670 668 667 664 662 662 663 664 666 666 663 663 663 663 663 663 659 659 658 658 659 663 664 678 678 0 0 0 0
0 0 0 0 0 0 0 0 0 0 0 0 0 0 0 0 0 0 0 0 0 641 640 640 643 643 643 644 643 641 641 644 648 648 649 649 652 652 649 649 649 649 652 653 652 652 652 652 650 649 647 647 648 649 650 649 649 649 649 649 652 652 654 655 657 655 653 652 652 653 654 654 653 652 652 653 653 653 653 654 654 657 657 654 653 652 652 653 653 654 650 650 652 652 649 649 649 649 652 649 649 649 648 648 650 650 650 650 650 642 642 642 643 643 646 642 642 642 642 642 643 644 646 646 644 644 644 644 644 647 648 648 642 642 646 643 643 643 642 642 644 646 644 643 643 643 644 646 646 643 642 642 643 643 643 643 643 644 646 647 647 647 647 648 647 647 646 646 644 644 644 648 649 649 649 649 652 654 659 662 664 664 664 666 666 663 663 663 662 662 662 662 661 661 662 661 661 661 661 662 663 663 662 661 661 661 662 666 666 666 666 663 663 663 663 666 666 670 668 668 668 668 668 668 668 670 670 667 666 664 663 663 666 667 667 667 667 667 668 668 668 667 667 667 667 667 668 667 667 664 664 666 666 666 666 664 664 666 666 666 667 666 666 663 663 663 666 674 663 663 668 668 668 668 667 667 666 666 666 666 666 664 663 662 662 663 663 661 661 663 663 664 663 662 661 659 659 659 661 664 659 659 659 658 658 658 658 657 657 655 655 657 658 664 0 0 0 0 0 0
0 0 0 0 0 0 0 0 0 0 0 0 0 0 0 0 0 0 0 0 0 637 637 637 635 635 636 638 638 638 638 638 640 642 648 648 652 652 649 646 646 648 652 643 643 643 647 648 647 641 641 643 646 646 647 648 647 646 644 644 648 649 648 648 657 655 647 647 648 648 650 648 647 647 648 648 640 640 640 643 644 648 650 649 649 648 648 643 643 644 644 647 648 648 642 642 644 646 646 647 647 647 646 646 646 646 650 650 650 642 642 642 643 643 646 642 642 642 642 642 643 644 646 646 644 644 644 644 644 647 648 648 642 642 646 643 643 643 642 642 644 646 644 643 643 643 644 646 646 643 642 642 643 643 643 643 643 644 646 647 647 647 647 648 647 647 646 646 644 644 644 648 649 649 649 649 652 654 659 662 664 664 664 666 666 663 663 663 662 662 662 662 661 661 662 661 661 661 661 662 663 663 662 661 661 661 662 666 666 666 666 663 663 663 663 666 666 666 666 664 663 663 663 663 664 666 666 666 666 662 662 662 662 662 662 663 664 664 663 663 663 663 663 663 663 662 662 662 662 662 662 661 661 662 662 663 663 663 663 663 663 662 659 659 659 661 658 658 658 659 663 663 666 668 659 659 661 661 662 659 658 658 658 655 655 657 657 654 654 655 658 657 657 657 653 653 650 649 649 649 652 652 654 653 653 653 652 652 653 654 654 655 655 0 0 0 0 0 0 0
0 0 0 0 0 0 0 0 0 0 0 0 0 0 0 0 0 0 0 0 0 637 637 637 635 635 636 638 638 638 638 638 640 642 648 648 0 0 0 646 646 648 0 643 643 643 647 648 647 641 641 643 646 646 647 648 647 646 644 644 648 649 648 648 0 0 647 647 648 648 650 648 647 647 648 648 640 640 640 643 644 648 650 649 649 648 648 643 643 644 644 647 648 648 642 642 644 646 646 647 647 647 646 646 646 646 0 0 0 0 0 0 0 0 0 0 0 0 0 0 0 0 0 0 0 0 0 0 0 0 0 0 0 0 0 0 0 0 0 0 0 0 0 0 0 0 0 0 0 0 0 0 0 0 0 0 0 0 0 0 0 0 0 0 0 0 0 0 0 0 0 0 0 0 0 0 0 0 0 0 0 0 0 0 0 0 0 0 0 0 0 0 0 0 0 0 0 0 0 0 0 0 0 0 0 0 0 0 0 0 0 0 0 0 0 0 667 666 666 664 663 663 663 663 664 666 666 666 666 662 662 662 662 662 662 663 664 664 663 663 663 663 663 663 663 662 662 662 662 662 662 661 661 662 662 663 663 663 663 663 663 662 659 659 659 661 658 658 658 659 663 663 666 0 659 659 661 661 662 659 658 658 658 655 655 657 657 654 654 655 658 657 657 657 653 653 650 649 649 649 652 652 654 653 653 653 652 652 653 654 654 655 655 0 0 0 0 0 0 0
0 0 0 0 0 0 0 0 0 0 0 0 0 0 0 0 0 0 0 0 0 0 0 0 0 0 0 0 0 0 0 0 0 0 0 0 0 0 0 0 0 0 0 0 0 0 0 0 0 0 0 0 0 0 0 0 0 0 0 0 0 0 0 0 0 0 0 0 0 0 0 0 0 0 0 0 0 0 0 0 0 0 0 0 0 0 0 0 0 0 0 0 0 0 0 0 0 0 0 0 0 0 0 0 0 0 0 0 0 0 0 0 0 0 0 0 0 0 0 0 0 0 0 0 0 0 0 0 0 0 0 0 0 0 0 0 0 0 0 0 0 0 0 0 0 0 0 0 0 0 0 0 0 0 0 0 0 0 0 0 0 0 0 0 0 0 0 0 0 0 0 0 0 0 0 0 0 0 0 0 0 0 0 0 0 0 0 0 0 0 0 0 0 0 0 0 0 0 0 0 0 0 0 0 0 0 0 0 0 0 0 0 0 0 0 0 0 0 0 0 0 0 0 0 0 0 0 0 0 0 0 0 0 0 0 0 0 0 0 0 0 0 0 0 0 0 0 0 0 0 0 0 0 0 0 0 0 0 0 0 0 0 0 0 0 0 0 0 0 0 0 0 0 0 0 0 0 0 0 0 0 0 0 0 0 0 0 0 0 0 0 0 0 0 0 0 0 0 0 0 0 0 0 0 0 0 0 0 0 0 0 0 0 0 0 0 0 0 0 0
0 0 0 0 0 0 0 0 0 0 0 0 0 0 0 0 0 0 0 0 0 0 0 0 0 0 0 0 0 0 0 0 0 0 0 0 0 0 0 0 0 0 0 0 0 0 0 0 0 0 0 0 0 0 0 0 0 0 0 0 0 0 0 0 0 0 0 0 0 0 0 0 0 0 0 0 0 0 0 0 0 0 0 0 0 0 0 0 0 0 0 0 0 0 0 0 0 0 0 0 0 0 0 0 0 0 0 0 0 0 0 0 0 0 0 0 0 0 0 0 0 0 0 0 0 0 0 0 0 0 0 0 0 0 0 0 0 0 0 0 0 0 0 0 0 0 0 0 0 0 0 0 0 0 0 0 0 0 0 0 0 0 0 0 0 0 0 0 0 0 0 0 0 0 0 0 0 0 0 0 0 0 0 0 0 0 0 0 0 0 0 0 0 0 0 0 0 0 0 0 0 0 0 0 0 0 0 0 0 0 0 0 0 0 0 0 0 0 0 0 0 0 0 0 0 0 0 0 0 0 0 0 0 0 0 0 0 0 0 0 0 0 0 0 0 0 0 0 0 0 0 0 0 0 0 0 0 0 0 0 0 0 0 0 0 0 0 0 0 0 0 0 0 0 0 0 0 0 0 0 0 0 0 0 0 0 0 0 0 0 0 0 0 0 0 0 0 0 0 0 0 0 0 0 0 0 0 0 0 0 0 0 0 0 0 0 0 0 0 0
0 0 0 0 0 0 0 0 0 0 0 0 0 0 0 0 0 0 0 0 0 0 0 0 0 0 0 0 0 0 0 0 0 0 0 0 0 0 0 0 0 0 0 0 0 0 0 0 0 0 0 0 0 0 0 0 0 0 0 0 0 0 0 0 0 0 0 0 0 0 0 0 0 0 0 0 0 0 0 0 0 0 0 0 0 0 0 0 0 0 0 0 0 0 0 0 0 0 0 0 0 0 0 0 0 0 0 0 0 0 0 0 0 0 0 0 0 0 0 0 0 0 0 0 0 0 0 0 0 0 0 0 0 0 0 0 0 0 0 0 0 0 0 0 0 0 0 0 0 0 0 0 0 0 0 0 0 0 0 0 0 0 0 0 0 0 0 0 0 0 0 0 0 0 0 0 0 0 0 0 0 0 0 0 0 0 0 0 0 0 0 0 0 0 0 0 0 0 0 0 0 0 0 0 0 0 0 0 0 0 0 0 0 0 0 0 0 0 0 0 0 0 0 0 0 0 0 0 0 0 0 0 0 0 0 0 0 0 0 0 0 0 0 0 0 0 0 0 0 0 0 0 0 0 0 0 0 0 0 0 0 0 0 0 0 0 0 0 0 0 0 0 0 0 0 0 0 0 0 0 0 0 0 0 0 0 0 0 0 0 0 0 0 0 0 0 0 0 0 0 0 0 0 0 0 0 0 0 0 0 0 0 0 0 0 0 0 0 0 0
0 0 0 0 0 0 0 0 0 0 0 0 0 0 0 0 0 0 0 0 0 0 0 0 0 0 0 0 0 0 0 0 0 0 0 0 0 0 0 0 0 0 0 0 0 0 0 0 0 0 0 0 0 0 0 0 0 0 0 0 0 0 0 0 0 0 0 0 0 0 0 0 0 0 0 0 0 0 0 0 0 0 0 0 0 0 0 0 0 0 0 0 0 0 0 0 0 0 0 0 0 0 0 0 0 0 0 0 0 0 0 0 0 0 0 0 0 0 0 0 0 0 0 0 0 0 0 0 0 0 0 0 0 0 0 0 0 0 0 0 0 0 0 0 0 0 0 0 0 0 0 0 0 0 0 0 0 0 0 0 0 0 0 0 0 0 0 0 0 0 0 0 0 0 0 0 0 0 0 0 0 0 0 0 0 0 0 0 0 0 0 0 0 0 0 0 0 0 0 0 0 0 0 0 0 0 0 0 0 0 0 0 0 0 0 0 0 0 0 0 0 0 0 0 0 0 0 0 0 0 0 0 0 0 0 0 0 0 0 0 0 0 0 0 0 0 0 0 0 0 0 0 0 0 0 0 0 0 0 0 0 0 0 0 0 0 0 0 0 0 0 0 0 0 0 0 0 0 0 0 0 0 0 0 0 0 0 0 0 0 0 0 0 0 0 0 0 0 0 0 0 0 0 0 0 0 0 0 0 0 0 0 0 0 0 0 0 0 0 0
0 0 0 0 0 0 0 0 0 0 0 0 0 0 0 0 0 0 0 0 0 0 0 0 0 0 0 0 0 0 0 0 0 0 0 0 0 0 0 0 0 0 0 0 0 0 0 0 0 0 0 0 0 0 0 0 0 0 0 0 0 0 0 0 0 0 0 0 0 0 0 0 0 0 0 0 0 0 0 0 0 0 0 0 0 0 0 0 0 0 0 0 0 0 0 0 0 0 0 0 0 0 0 0 0 0 0 0 0 0 0 0 0 0 0 0 0 0 0 0 0 0 0 0 0 0 0 0 0 0 0 0 0 0 0 0 0 0 0 0 0 0 0 0 0 0 0 0 0 0 0 0 0 0 0 0 0 0 0 0 0 0 0 0 0 0 0 0 0 0 0 0 0 0 0 0 0 0 0 0 0 0 0 0 0 0 0 0 0 0 0 0 0 0 0 0 0 0 0 0 0 0 0 0 0 0 0 0 0 0 0 0 0 0 0 0 0 0 0 0 0 0 0 0 0 0 0 0 0 0 0 0 0 0 0 0 0 0 0 0 0 0 0 0 0 0 0 0 0 0 0 0 0 0 0 0 0 0 0 0 0 0 0 0 0 0 0 0 0 0 0 0 0 0 0 0 0 0 0 0 0 0 0 0 0 0 0 0 0 0 0 0 0 0 0 0 0 0 0 0 0 0 0 0 0 0 0 0 0 0 0 0 0 0 0 0 0 0 0 0
0 0 0 0 0 0 0 0 0 0 0 0 0 0 0 0 0 0 0 0 0 0 0 0 0 0 0 0 0 0 0 0 0 0 0 0 0 0 0 0 0 0 0 0 0 0 0 0 0 0 0 0 0 0 0 0 0 0 0 0 0 0 0 0 0 0 0 0 0 0 0 0 0 0 0 0 0 0 0 0 0 0 0 0 0 0 0 0 0 0 0 0 0 0 0 0 0 0 0 0 0 0 0 0 0 0 0 0 0 0 0 0 0 0 0 0 0 0 0 0 0 0 0 0 0 0 0 0 0 0 0 0 0 0 0 0 0 0 0 0 0 0 0 0 0 0 0 0 0 0 0 0 0 0 0 0 0 0 0 0 0 0 0 0 0 0 0 0 0 0 0 0 0 0 0 0 0 0 0 0 0 0 0 0 0 0 0 0 0 0 0 0 0 0 0 0 0 0 0 0 0 0 0 0 0 0 0 0 0 0 0 0 0 0 0 0 0 0 0 0 0 0 0 0 0 0 0 0 0 0 0 0 0 0 0 0 0 0 0 0 0 0 0 0 0 0 0 0 0 0 0 0 0 0 0 0 0 0 0 0 0 0 0 0 0 0 0 0 0 0 0 0 0 0 0 0 0 0 0 0 0 0 0 0 0 0 0 0 0 0 0 0 0 0 0 0 0 0 0 0 0 0 0 0 0 0 0 0 0 0 0 0 0 0 0 0 0 0 0 0
