0 0 0 0 0 0 0 0 0 0 0 0 0 0 0 0 0 0 0 0 0 0 0 0 0 0 0 0 0 0 0 0 0 0 0 0 0 0 0 0 0 0 0 0 0 0 0 0 0 0 0 0 0 0 0 0 0 0 0 0 0 0 0 0 0 0 0 0 0 0 0 0 0 0 0 0 0 0 0 0 0 0 0 0 0 0 0 0 0 0 0 0 0 0 0 0 0 0 0 0 0 0 0 0 0 0 0 0 0 0 0 0 0 0 0 0 0 0 0 0 0 0 0 0 0 0 0 0 0 0 0 0 0 0 0 0 0 0 0 0 0 0 0 0 0 0 0 0 0 0 0 0 0 0 0 0 0 0 0 0 0 0 0 0 0 0 0 0 0 0 0 0 0 0 0 0 0 0 0 0 0 0 0 0 0 0 0 0 0 0 0 0 0 0 0 0 0 0 0 0 0 0 0 0 0 0 0 0 0 0 0 0 0 0 0 0 0 0 0 0 0 0 0 0 0 0 0 0 0 0 0 0 0 0 0 0 0 0 0 0 0 0 0 0 0 0 0 0 0 0 0 0 0 0 0 0 0 0 0 0 0 0 0 0 0 0 0 0 0 0 0 0 0 0 0 0 0 0 0 0 0 0 0 0 0 0 0 0 0 0 0 0 0 0 0 0 0 0 0 0 0 0 0 0 0 0 0 0 0 0 0 0 0 0 0 0 0 0 0 0
0 0 0 0 0 0 0 0 0 0 0 0 0 0 0 0 0 0 0 0 0 0 0 0 0 0 0 0 0 0 0 0 0 0 0 0 0 0 0 0 0 0 0 0 0 0 0 0 0 0 0 0 0 0 0 0 0 0 0 0 0 0 0 0 0 0 0 0 0 0 0 0 0 0 0 0 0 0 0 0 0 0 0 0 0 0 0 0 0 0 0 0 0 0 0 0 0 0 0 0 0 0 0 0 0 0 0 0 0 0 0 0 0 0 0 0 0 0 0 0 0 0 0 0 0 0 0 0 0 0 0 0 0 0 0 0 0 0 0 0 0 0 0 0 0 0 0 0 0 0 0 0 0 0 0 0 0 0 0 0 0 0 0 0 0 0 0 0 0 0 0 0 0 0 0 0 0 0 0 0 0 0 0 0 0 0 0 0 0 0 0 0 0 0 0 0 0 0 0 0 0 0 0 0 0 0 0 0 0 0 0 0 0 0 0 0 0 0 0 0 0 0 0 0 0 0 0 0 0 0 0 0 0 0 0 0 0 0 0 0 0 0 0 0 0 0 0 0 0 0 0 0 0 0 0 0 0 0 0 0 0 0 0 0 0 0 0 0 0 0 0 0 0 0 0 0 0 0 0 0 0 0 0 0 0 0 0 0 0 0 0 0 0 0 0 0 0 0 0 0 0 0 0 0 0 0 0 0 0 0 0 0 0 0 0 0 0 0 0 0
0 0 0 0 0 0 0 0 0 0 0 0 0 0 0 0 0 0 0 0 0 0 0 0 0 0 0 0 0 0 0 0 0 0 0 0 0 0 0 0 0 0 0 0 0 0 0 0 0 0 0 0 0 0 0 0 0 0 0 0 0 0 0 0 0 0 0 0 0 0 0 0 0 0 0 0 0 0 0 0 0 0 0 0 0 0 0 0 0 0 0 0 0 0 0 0 0 0 0 0 0 0 0 0 0 0 0 0 0 0 0 0 0 0 0 0 0 0 0 0 0 0 0 0 0 0 0 0 0 0 0 0 0 0 0 0 0 0 0 0 0 0 0 0 0 0 0 0 0 0 0 0 0 0 0 0 0 0 0 0 0 0 0 0 0 0 0 0 0 0 0 0 0 0 0 0 0 0 0 0 0 0 0 0 0 0 0 0 0 0 0 0 0 0 0 0 0 0 0 0 0 0 0 0 0 0 0 0 0 0 0 0 0 0 0 0 0 0 0 0 0 0 0 0 0 0 0 0 0 0 0 0 0 0 0 0 0 0 0 0 0 0 0 0 0 0 0 0 0 0 0 0 0 0 0 0 0 0 0 0 0 0 0 0 0 0 0 0 0 0 0 0 0 0 0 0 0 0 0 0 0 0 0 0 0 0 0 0 0 0 0 0 0 0 0 0 0 0 0 0 0 0 0 0 0 0 0 0 0 0 0 0 0 0 0 0 0 0 0 0
0 0 0 0 0 0 0 0 0 0 0 0 0 0 0 0 0 0 0 0 0 0 0 0 0 0 0 0 0 0 0 0 0 0 0 0 0 0 0 0 0 0 0 0 0 0 0 0 0 0 0 0 0 0 0 0 0 0 0 0 0 0 0 0 0 0 0 0 0 0 0 0 0 0 0 0 0 0 0 0 0 0 0 0 0 0 0 0 0 0 0 0 0 0 0 0 0 0 0 0 0 0 0 0 0 0 0 0 0 0 0 0 0 0 0 0 0 0 0 0 0 0 0 0 0 0 0 0 0 0 0 0 0 0 0 0 0 0 0 0 0 0 0 0 0 0 0 0 0 0 0 0 0 0 0 0 0 0 0 0 0 0 0 0 0 0 0 0 0 0 0 0 0 0 0 0 0 0 0 0 0 0 0 0 0 0 0 0 0 0 0 0 0 0 0 0 0 0 0 0 0 0 0 0 0 0 0 0 0 0 0 0 0 0 0 0 0 0 0 0 0 0 0 0 0 0 0 0 0 0 0 0 0 0 0 0 0 0 0 0 0 0 0 0 0 0 0 0 0 0 0 0 0 0 0 0 0 0 0 0 0 0 0 0 0 0 0 0 0 0 0 0 0 0 0 0 0 0 0 0 0 0 0 0 0 0 0 0 0 0 0 0 0 0 0 0 0 0 0 0 0 0 0 0 0 0 0 0 0 0 0 0 0 0 0 0 0 0 0 0
0 0 0 0 0 0 0 0 0 0 0 0 0 0 0 0 0 0 0 0 0 0 0 0 0 0 0 0 0 0 0 0 0 0 0 0 0 0 0 0 0 0 0 0 0 0 0 0 0 0 0 0 0 0 0 0 0 0 0 0 0 0 0 0 0 0 0 0 0 0 0 0 0 0 0 0 0 0 0 0 0 0 0 0 0 0 0 0 0 0 0 0 0 0 0 0 0 0 0 0 0 0 0 0 0 0 0 0 0 0 0 0 0 0 0 0 0 0 0 0 0 0 0 0 0 0 0 0 0 0 0 0 0 0 0 0 0 0 0 0 0 0 0 0 0 0 0 0 0 0 0 0 0 0 0 0 0 0 0 0 0 0 0 0 0 0 0 0 0 0 0 0 0 0 0 0 0 0 0 0 0 0 0 0 0 0 0 0 0 0 0 0 0 0 0 0 0 0 0 0 0 0 0 0 0 0 0 0 0 0 0 0 0 0 0 0 0 0 0 0 0 0 0 0 0 0 0 0 0 0 0 0 0 0 0 0 0 0 0 0 0 0 0 0 0 0 0 0 0 0 0 0 0 0 0 0 0 0 0 0 0 0 0 0 0 0 0 0 0 0 0 0 0 0 0 0 0 0 0 0 0 0 0 0 0 0 0 0 0 0 0 0 0 0 0 0 0 0 0 0 0 0 0 0 0 0 0 0 0 0 0 0 0 0 0 0 0 0 0 0
0 0 0 0 0 0 0 0 0 0 0 0 0 0 0 0 0 0 0 0 0 0 0 0 807 807 813 813 819 823 776 776 776 776 776 774 774 780 780 781 731 728 727 723 723 722 722 720 719 719 717 717 717 717 717 719 719 720 719 719 719 720 722 723 725 727 749 750 754 755 755 755 755 755 757 757 761 761 761 759 757 757 759 759 761 762 764 766 766 767 769 774 774 776 778 780 783 787 789 790 790 790 790 792 796 798 802 803 807 813 817 823 825 0 0 0 0 0 0 0 0 823 821 821 821 821 821 823 823 823 823 0 0 0 0 0 0 1509 1509 1509 1509 1509 1516 1523 1523 1529 1529 1543 1550 0 0 0 0 0 0 0 1639 1639 1647 1655 1663 1663 1663 1671 1794 1794 1804 1794 1794 1794 1794 1785 1785 1785 1785 1794 1794 1785 1785 0 0 0 0 0 0 1757 1757 1776 1785 1785 1785 1785 0 0 0 0 0 0 1785 1785 1785 1785 1776 1776 1785 1785 0 1157 1157 1145 1134 1119 1115 1112 1112 0 0 0 0 687 682 682 670 668 668 666 666 652 649 643 640 636 636 636 636 636 638 640 640 641 643 643 644 644 644 646 646 647 648 649 649 649 649 649 650 650 650 650 652 653 654 654 654 654 654 655 655 657 657 658 658 659 659 658 658 659 659 661 661 661 661 662 662 663 663 663 663 663 663 663 663 663 666 666 666 667 668 668 668 667 667 668 668 670 670 670 670 670 671 674 675 675 676 676 678 679 680 682 682 684
0 0 0 0 0 0 0 0 0 0 0 0 0 0 0 0 0 0 0 0 0 0 0 0 807 807 813 813 819 823 776 776 776 776 776 774 774 780 780 781 731 728 727 723 723 722 722 720 719 719 717 717 717 717 717 719 719 720 719 719 719 720 722 723 725 727 749 750 754 755 755 755 755 755 757 757 761 761 761 759 757 757 759 759 761 762 764 766 766 767 769 774 774 776 778 780 783 787 789 790 790 790 790 792 796 798 802 803 807 813 817 823 825 0 0 0 0 0 0 0 827 823 821 821 821 821 821 823 823 823 823 829 0 0 0 0 0 1509 1509 1509 1509 1509 1516 1523 1523 1529 1529 1543 1543 0 0 0 0 0 0 0 1639 1639 1647 1655 1663 1663 1663 1671 1794 1794 1785 1776 1776 1776 1776 1776 1766 1766 1776 1785 1785 1785 1785 0 0 0 0 0 0 1757 1757 1776 1776 1776 1776 1785 0 0 0 0 0 1766 1766 1776 1776 1776 1776 1776 1776 1776 1776 1157 1157 1141 1134 1119 1115 1112 1112 0 0 0 0 687 682 682 670 668 668 666 657 652 649 643 640 636 636 636 636 636 638 640 640 641 643 643 644 644 644 646 646 647 648 649 649 649 649 649 650 650 650 650 652 653 654 654 654 654 654 655 655 657 657 658 658 659 659 658 658 659 659 661 661 661 661 662 662 663 663 663 663 663 663 663 663 663 666 666 666 667 668 668 668 667 667 668 668 670 670 670 670 670 671 674 675 675 676 676 678 679 680 682 684 686
0 0 0 0 0 0 0 0 0 0 0 0 0 0 0 0 0 0 0 0 0 0 0 0 811 811 815 819 821 825 825 778 778 778 780 781 783 781 781 783 731 730 728 725 725 723 723 722 722 722 720 720 720 719 719 720 720 720 722 722 722 722 723 723 727 728 752 752 755 757 757 757 757 757 759 759 761 761 761 761 759 759 761 761 762 764 767 767 769 771 774 776 776 778 780 783 787 790 790 792 790 790 792 794 798 802 803 805 807 815 821 823 827 0 0 0 0 0 0 0 827 825 823 821 821 821 823 823 823 827 827 829 0 0 0 0 1516 1516 1516 1516 1516 1516 1516 1523 1529 1536 1536 1543 1543 0 0 0 0 0 0 0 1647 1647 1655 1655 1663 1663 1663 1671 1688 1766 1766 1766 1766 1766 1766 1766 1766 1766 1766 1766 1766 1766 1785 0 0 0 0 0 0 1766 1766 1766 1766 1766 1766 1766 0 0 0 0 0 1766 1766 1766 1766 1766 1766 1766 1766 1757 1757 1757 1138 1138 1138 1126 1119 1119 1119 0 0 0 0 688 683 683 674 671 671 670 657 653 649 646 642 641 638 638 640 640 640 641 641 642 643 644 646 646 647 648 648 648 649 649 650 650 650 650 652 652 652 653 654 654 655 655 655 655 655 657 658 658 658 658 658 659 661 661 662 661 661 661 662 662 663 664 664 666 664 664 666 667 667 667 668 667 667 667 667 668 670 670 670 670 670 670 670 670 671 671 671 672 675 675 676 676 678 680 682 682 682 683 684 686
0 0 0 0 0 0 0 0 0 0 0 0 0 0 0 0 0 0 0 0 0 0 0 0 0 819 819 821 821 825 827 829 780 780 785 785 787 785 785 785 733 730 730 728 728 725 725 723 723 723 723 723 723 723 723 723 723 723 722 722 722 723 723 727 728 752 754 755 757 759 759 759 759 759 761 761 761 761 761 761 761 761 762 762 764 766 767 769 769 771 776 776 778 780 781 787 790 790 792 792 792 792 792 796 800 803 805 805 811 817 821 823 827 0 0 0 0 0 0 0 829 827 825 823 821 821 823 823 827 827 829 0 0 0 0 1543 1516 1516 1516 1516 1516 1516 1516 1523 1529 1536 1536 1543 1543 1766 1766 0 0 0 0 0 1663 1663 1663 1663 1663 1671 1671 1680 1688 1757 1757 1757 1757 1757 1757 1757 1757 1757 1757 1748 1748 1748 1748 0 0 1785 1785 0 0 1757 1757 1757 1757 1757 1757 1766 0 0 0 0 0 1757 1757 1757 1757 1757 1757 1757 1757 1757 1757 1757 1138 1138 1138 1134 1126 1119 1119 0 0 0 687 687 682 682 676 672 671 670 670 654 654 648 642 642 640 640 641 641 641 643 644 644 646 646 647 647 649 649 649 650 650 650 652 652 652 652 654 654 655 655 655 655 657 657 657 658 658 659 659 659 661 661 661 661 662 662 663 663 663 663 663 664 664 666 666 666 667 667 667 668 670 670 671 671 671 670 670 670 670 671 671 671 671 672 672 672 671 671 671 675 676 679 679 680 682 682 682 683 686 686 687 687
0 0 0 0 0 0 0 0 0 0 0 0 0 0 0 0 0 0 0 0 0 0 0 0 0 0 821 821 823 825 829 831 833 787 787 787 789 787 787 787 733 733 733 731 730 728 727 725 725 727 727 727 727 727 727 727 727 725 725 723 723 725 727 728 730 754 754 755 759 759 761 761 761 761 762 762 762 762 762 762 762 762 764 766 766 767 769 769 771 773 778 780 781 783 787 790 790 792 792 792 792 792 792 798 800 803 805 809 813 819 821 823 829 0 0 0 0 0 0 833 831 829 829 829 827 827 823 823 827 829 0 1579 1579 1579 1550 1543 1529 1529 1523 1516 1516 1516 1523 1523 1529 1536 1543 1536 1536 1766 1766 0 0 0 0 0 1671 1671 1671 1671 1671 1671 1671 1680 1688 1705 1731 1748 1748 1748 1748 1748 1757 1757 1748 1748 1739 1739 1739 0 0 1785 1785 0 0 1757 1757 1757 1757 1757 1757 1757 0 0 0 0 0 1739 1739 1748 1748 1748 1739 1739 1739 1739 1739 1739 1149 1141 1141 1138 1134 1134 1134 1149 0 687 687 687 682 682 678 674 674 674 675 654 654 648 643 643 643 642 642 643 643 644 646 647 647 648 648 649 650 650 652 652 653 653 653 653 653 654 655 655 655 657 657 657 658 658 659 659 661 661 662 662 662 662 663 663 664 664 664 666 666 666 667 667 667 667 667 668 668 668 670 671 671 671 672 672 671 671 671 671 671 672 674 674 675 675 672 672 679 679 679 680 680 680 680 682 682 683 686 687 688 688 688 688
0 0 0 0 0 0 0 0 0 0 0 0 0 0 0 0 0 0 0 0 0 0 0 0 0 0 0 0 825 825 831 833 787 787 789 789 789 789 789 789 736 736 736 734 733 730 728 728 728 728 728 728 728 728 728 728 727 727 727 727 727 728 728 728 755 754 754 757 759 759 761 761 762 762 762 762 762 762 762 762 762 764 766 766 767 769 769 769 771 774 778 781 783 787 790 790 792 792 792 792 792 792 794 800 803 805 807 811 817 819 821 823 0 0 0 0 0 0 835 833 831 831 831 831 831 831 831 831 831 0 0 1579 1579 1579 1550 1543 1536 1536 1523 1523 1516 1516 1523 1523 1529 1536 1543 1536 1536 1757 1757 1757 0 0 0 0 1680 1680 1680 1680 1680 1680 1680 1688 1688 1705 1722 1739 1739 1739 1739 1739 1739 1748 1748 1739 1731 1731 1731 0 0 1731 1757 0 0 1757 901 901 898 896 896 1748 1757 0 0 0 0 1731 1731 1731 1739 1739 1731 1731 1731 1731 1731 1731 1149 1149 1145 1145 1141 1141 1149 1149 0 688 688 688 683 683 679 675 675 675 675 655 654 649 646 644 644 644 644 646 647 647 648 648 649 649 649 649 650 650 653 654 654 654 654 655 655 655 658 658 658 659 659 661 661 661 661 662 663 663 663 663 664 666 666 666 666 666 666 667 667 667 668 668 670 670 670 670 670 670 671 671 671 672 672 674 674 674 675 674 674 675 679 679 679 679 679 679 680 680 682 682 682 682 682 682 683 684 688 690 691 691 691 691
0 0 0 0 0 0 0 0 0 0 0 0 0 0 0 0 0 0 0 0 0 0 0 0 0 0 0 0 0 0 833 833 787 787 790 790 790 790 790 790 792 741 738 736 734 734 733 731 730 730 730 730 730 730 730 731 731 730 727 727 728 728 728 734 734 761 761 761 761 761 762 762 762 764 764 764 764 764 764 764 764 766 766 767 767 769 771 773 773 776 781 783 787 789 790 790 792 792 792 792 792 794 794 800 803 805 809 813 817 819 821 0 0 0 0 0 0 0 835 835 835 831 831 831 831 831 0 0 0 0 0 1564 1564 1572 1572 1550 1543 1536 1523 1523 1523 1523 1523 1523 1529 1536 1550 1550 1550 1748 1739 1739 1739 0 0 0 1680 1680 1688 1688 1688 1680 1680 1688 1696 1713 1722 1731 1731 1731 1731 1722 1722 1731 1731 1731 1731 1731 1731 0 0 0 0 0 0 1757 901 901 898 896 896 896 1757 0 0 0 0 1713 1713 1722 1722 1722 1722 1731 1731 1722 1722 1722 1731 1149 1149 1149 1149 1145 1145 0 696 696 688 688 682 682 679 676 675 675 675 655 654 649 647 646 646 646 647 647 648 648 649 650 652 652 652 653 653 654 654 654 655 655 655 657 657 658 659 659 659 661 662 663 663 663 664 664 664 666 666 666 666 667 667 668 668 670 670 671 670 670 670 671 671 672 672 671 671 671 672 672 672 674 674 675 678 679 679 680 680 680 680 680 680 680 680 682 683 683 684 684 684 684 684 686 686 690 691 693 693 693 693 694
0 0 0 0 0 0 0 0 0 0 0 0 0 0 0 0 0 0 0 0 0 0 591 591 594 596 596 0 0 839 839 837 790 790 790 792 792 794 796 796 794 742 739 738 736 736 734 734 734 733 733 733 731 731 733 733 733 731 730 730 730 730 734 739 742 766 762 762 762 762 762 762 762 764 764 766 766 766 766 766 766 767 767 769 771 773 774 774 776 778 781 783 789 790 790 792 794 792 792 792 792 794 794 802 805 807 811 813 817 819 821 0 0 0 0 0 0 0 837 837 837 833 833 833 833 833 1731 1731 1731 0 0 1564 1564 1572 1572 1564 1550 1543 1529 1523 1523 1523 1529 1529 1536 1543 1550 1550 1550 1739 1739 1739 1739 0 0 0 1688 1688 1696 1696 1696 1688 1688 1696 1696 1713 1713 1722 1722 1713 1713 1713 1713 1722 1722 1722 1722 1722 1722 0 0 0 0 0 0 0 1722 901 901 898 896 896 1722 0 0 0 0 1713 1713 1713 1713 1722 1722 1722 1722 1722 1722 1722 1722 1722 1149 1149 1149 1145 1145 0 696 696 696 691 682 682 679 678 676 676 662 658 654 649 648 647 647 647 648 648 649 650 652 653 654 654 654 654 655 655 657 657 657 657 657 658 659 659 661 662 662 663 663 664 664 664 666 666 666 667 667 667 667 668 668 670 670 670 671 671 671 671 672 674 674 674 675 675 676 676 676 678 678 679 680 680 680 682 682 682 682 683 683 684 683 683 686 684 684 686 687 687 687 687 690 691 691 693 694 694 696 696 697 703
0 0 0 0 0 0 0 0 0 0 0 0 0 0 0 0 0 0 0 0 0 0 590 590 594 596 601 604 0 0 0 790 790 790 792 794 796 796 796 796 796 744 742 741 739 738 738 736 736 734 734 734 734 734 736 736 736 734 734 733 733 733 739 741 742 766 764 764 762 762 762 762 762 764 764 766 766 766 766 767 767 769 769 771 774 774 776 776 776 781 781 789 790 790 792 792 792 792 792 792 792 794 794 802 805 807 811 815 819 819 821 0 0 0 0 0 0 0 837 837 837 833 833 835 835 1731 1731 1731 1731 0 0 1572 1572 1572 1572 1572 1564 1550 1529 1523 1523 1523 1529 1529 1536 1543 1550 1550 1564 1731 1731 1731 1739 0 0 0 1696 1696 1696 1696 1696 1696 1696 1696 1705 1713 1713 1713 1705 1705 1705 1705 1713 1713 1722 1722 1722 1722 1722 0 0 0 0 0 0 0 910 906 903 901 894 894 1705 0 0 0 0 1705 1705 1705 1705 1705 1705 1713 1713 1713 1713 1713 1722 1722 1157 1157 1153 1153 1153 0 696 696 696 694 688 682 680 680 679 679 661 658 655 650 650 649 649 649 650 650 650 650 653 654 655 655 655 657 657 658 659 659 659 661 661 661 662 662 663 664 664 664 666 666 666 666 666 667 668 670 670 668 668 670 670 671 674 674 674 674 674 674 674 675 678 679 678 678 676 676 682 682 682 683 683 683 682 682 683 683 683 684 684 686 687 687 687 687 687 687 688 688 691 691 691 693 693 693 696 697 697 697 698 704
0 0 0 0 0 0 0 0 0 0 0 0 0 0 0 0 0 0 0 0 0 0 590 590 596 597 601 604 0 0 0 0 0 792 792 796 798 798 798 798 798 746 746 742 741 741 741 739 739 739 739 739 738 738 738 738 736 736 736 734 734 736 741 742 742 767 766 766 764 764 766 764 764 766 766 767 767 767 767 769 769 771 773 774 776 776 776 780 780 781 783 789 790 790 792 792 792 792 792 794 794 796 796 803 807 809 813 815 819 819 0 0 0 0 0 0 0 0 839 837 837 835 835 835 835 1722 1722 1731 0 0 0 0 1739 1572 1572 1572 1572 1564 1550 1529 1529 1529 1529 1529 1536 1543 1550 1550 1564 1731 1722 1722 1722 0 0 0 0 1696 1696 1705 1705 1705 1705 1705 1705 1705 1705 1696 1696 1696 1696 1705 1705 1705 1705 1705 1705 1696 1696 1696 0 0 0 0 0 918 910 906 906 903 894 894 1696 0 0 0 0 1705 1696 1696 1696 1696 1696 1696 1696 1696 1705 1705 1713 1713 1157 1157 1157 1157 0 0 697 696 696 694 690 683 682 680 680 680 661 658 655 652 652 650 650 652 652 652 652 653 655 657 658 658 658 658 659 659 661 661 661 662 663 663 664 664 664 666 667 667 667 667 667 667 668 670 671 671 671 671 671 672 672 674 675 676 676 678 679 679 679 680 680 680 679 679 679 682 683 683 684 684 684 684 684 686 686 686 687 687 687 688 688 690 690 688 688 690 690 691 691 691 693 694 697 697 697 697 697 698 701 704
0 0 0 0 0 0 0 0 0 0 0 0 0 0 0 0 0 0 0 0 0 0 590 590 596 597 601 604 610 0 0 0 0 794 794 798 800 800 800 800 802 749 749 746 744 742 742 742 741 741 739 739 739 739 741 741 739 738 738 738 738 741 742 741 741 769 767 767 766 766 766 766 766 766 766 767 769 769 769 771 771 773 774 776 778 778 780 781 781 783 787 790 792 792 792 792 792 794 794 794 796 798 798 803 809 811 815 817 819 819 0 0 0 0 0 0 0 0 0 839 837 837 837 837 837 1713 1713 1731 0 0 0 1696 1696 1696 1579 1579 1579 1572 1564 1550 1543 1536 1536 1536 1543 1543 1550 1557 1564 1572 1713 1705 1705 0 0 0 1705 0 1705 1705 1705 1696 1696 1696 1696 1696 1696 1688 1688 1696 1696 1688 1688 1696 1696 1696 1696 1696 1688 1688 0 0 0 0 0 918 913 910 906 906 906 1696 1696 0 0 0 0 1705 1696 1688 1688 1688 1688 1688 1688 1696 1696 1696 1696 1696 1696 1161 1161 1161 0 0 697 697 697 697 691 686 684 682 682 663 661 659 657 653 652 652 654 653 653 654 654 654 657 658 659 661 661 661 661 661 662 663 663 663 664 666 666 667 667 668 670 670 670 670 670 670 670 671 672 675 675 675 675 676 676 678 678 678 680 680 680 680 682 682 683 684 684 684 684 684 684 686 686 687 687 686 686 687 688 688 688 688 690 690 690 690 691 691 691 693 693 693 693 693 694 696 698 698 698 698 700 701 703 704
0 0 0 0 0 0 0 0 0 0 0 0 0 0 0 0 0 0 0 0 0 0 595 595 596 599 602 607 610 0 0 0 0 798 798 798 802 802 803 805 755 750 749 747 747 746 744 744 742 742 741 741 742 742 741 741 741 739 739 741 742 742 742 741 741 769 769 767 767 767 767 767 767 767 769 769 769 769 769 771 771 773 774 776 780 780 781 783 783 785 790 790 792 792 792 792 792 794 794 796 796 798 802 803 809 813 817 819 819 0 0 0 0 0 0 0 0 0 847 843 839 839 841 841 843 1705 1705 1705 0 0 0 1696 1688 1688 1594 1586 1579 1572 1572 1557 1550 1543 1543 1543 1543 1550 1557 1564 1564 1572 1705 1705 1705 0 0 0 0 0 1705 1696 1696 1688 1688 1688 1688 1688 1688 1688 1688 1680 1680 1688 1688 1688 1688 1688 1688 1688 1688 1688 0 0 0 0 0 920 913 913 908 908 908 1688 1696 0 0 0 1705 1705 1680 1680 1680 1680 1688 1688 1688 1688 1688 1688 1688 1688 1688 0 0 1663 0 0 700 700 698 697 693 688 686 684 666 663 662 661 658 655 655 655 655 655 655 657 658 658 659 659 661 661 661 662 662 663 663 664 666 666 666 668 668 670 670 670 671 671 672 672 674 674 674 675 676 676 678 678 678 679 679 679 680 680 680 682 682 682 683 683 686 686 686 686 687 687 687 688 690 690 690 690 690 690 691 691 691 691 693 693 693 693 693 694 696 696 696 693 693 697 697 697 698 698 700 701 701 703 704 707
0 0 0 0 0 0 0 0 0 0 0 0 0 0 0 0 0 0 0 0 0 0 595 595 596 599 603 608 0 0 0 0 0 805 805 803 803 803 805 805 755 754 754 750 749 747 747 747 747 746 746 746 746 746 746 744 742 742 742 742 742 744 746 747 773 771 771 769 769 767 767 767 767 769 769 769 769 769 769 771 773 774 776 778 780 781 783 783 785 790 790 792 792 792 792 792 794 796 796 796 798 802 805 807 811 815 817 819 819 0 0 0 0 0 0 0 0 0 847 843 841 841 841 843 843 1696 1696 0 0 0 0 1680 1680 1680 1671 1594 1586 1572 1572 1564 1564 1550 1543 1543 1550 1557 1557 1557 1564 1572 1688 1688 1696 0 0 0 0 0 1696 1696 1696 1688 1688 1688 1688 1680 1680 1680 1680 1680 1680 1680 1671 1671 1671 1671 1680 1680 1688 1688 0 0 0 0 0 0 913 913 910 910 913 915 0 0 0 0 0 1671 1671 1680 1680 1680 1680 1680 1671 1671 1680 1680 1671 1671 1680 0 0 0 0 0 701 701 700 697 693 690 688 684 666 666 663 661 659 657 655 655 657 657 658 658 659 659 659 661 662 663 663 663 664 666 667 667 670 670 670 671 671 672 672 674 674 674 675 675 676 676 676 676 676 678 679 679 680 680 682 683 683 683 683 683 684 684 684 686 687 687 688 688 688 690 690 690 691 691 691 691 693 693 693 693 693 693 694 694 696 696 697 697 697 698 698 698 698 698 698 698 700 701 701 703 704 706 707 708
0 0 0 0 0 0 0 0 0 0 0 0 0 0 0 0 0 0 0 0 0 0 595 595 597 600 604 607 0 0 0 0 0 0 809 809 809 807 807 807 755 755 755 755 750 749 749 749 749 749 749 747 747 747 747 747 744 744 742 742 744 744 747 749 755 776 773 771 769 769 769 769 769 769 771 771 771 771 771 773 774 776 778 780 781 781 783 789 790 790 792 792 792 792 792 794 796 796 798 798 800 803 807 811 815 815 817 819 0 0 0 0 0 0 0 0 0 0 847 845 845 845 845 845 845 1680 1688 1688 0 0 0 1680 1680 1680 1671 1671 1609 1579 1572 1572 1572 1564 1550 1550 1550 1557 1557 1557 1564 1572 1655 1671 1680 0 1680 0 0 0 1688 1688 1688 1680 1680 1680 1671 1671 1671 1671 1671 1671 1671 1671 1663 1663 1663 1663 1663 1671 1680 1680 1464 1458 1458 1458 0 0 915 913 913 913 915 915 918 0 0 0 1663 1663 1663 1671 1671 1671 1663 1663 1663 1663 1671 1663 1663 1663 1663 1663 0 0 0 0 701 701 703 698 693 691 688 687 667 666 666 662 661 658 658 658 659 659 659 659 659 661 661 664 666 667 667 668 668 670 670 670 671 671 671 674 674 674 675 675 675 675 676 678 679 680 680 680 680 680 682 682 683 683 686 684 684 686 686 686 686 687 687 687 688 688 690 691 691 691 691 691 691 693 693 693 694 694 696 696 696 697 697 698 698 698 698 698 700 701 701 703 703 703 701 701 701 703 703 704 706 707 710 711
0 0 0 0 0 0 0 0 0 0 0 0 0 0 0 0 0 0 0 0 0 0 596 596 597 600 603 607 616 0 0 0 0 0 811 811 811 809 809 811 813 815 761 761 761 757 754 752 752 752 750 750 749 749 749 747 747 746 744 744 746 746 750 754 755 778 776 776 771 769 769 769 771 771 773 773 773 773 773 774 776 778 781 781 783 783 789 790 792 794 794 794 792 792 792 794 796 798 798 802 803 803 807 813 815 817 817 819 0 0 0 0 0 0 0 0 0 0 847 847 847 847 847 847 847 1663 1671 1671 0 0 0 1671 1671 1671 1671 1655 1616 1586 1579 1572 1572 1572 1557 1557 1557 1557 1557 1557 1564 1655 1655 1663 1680 1680 1680 0 0 0 1671 1671 1671 1671 1671 1671 1671 1663 1663 1663 1663 1663 1663 1663 1655 1655 1655 1655 1663 1663 1663 1663 1464 1458 1458 1458 1458 1458 913 913 913 913 918 918 918 0 0 0 1647 1647 1663 1655 1655 1655 1655 1655 1655 1663 1655 1655 1655 1655 1655 1663 0 0 0 0 0 706 703 698 694 691 690 688 667 666 666 664 661 661 661 663 663 663 663 664 664 664 666 666 667 668 670 670 671 672 672 672 672 674 674 675 675 675 675 676 676 678 679 680 682 683 683 683 683 684 684 684 684 684 686 687 687 687 687 687 687 688 690 690 691 693 691 691 693 693 693 693 693 693 694 694 696 697 697 697 697 698 698 700 700 701 701 701 701 701 701 703 703 704 704 704 706 706 707 708 708 708 711 713
0 0 0 0 0 0 0 0 0 0 0 0 0 0 0 0 0 0 0 0 0 0 596 596 598 600 603 606 616 616 619 0 0 0 0 811 811 811 811 811 813 817 762 762 762 761 761 757 755 755 755 754 754 754 754 752 752 752 752 750 750 754 754 755 755 762 780 778 774 771 771 771 771 773 774 774 773 773 774 776 778 780 781 783 785 785 790 790 792 794 794 796 794 794 794 796 798 800 800 802 803 803 807 813 817 817 819 819 0 0 0 0 0 0 0 0 0 0 851 851 851 851 849 849 851 1663 1671 0 0 0 0 1671 1663 1663 1663 1655 1655 1601 1594 1586 1579 1572 1564 1564 1557 1557 1557 1557 1564 1594 1632 1655 1671 1671 1671 0 0 0 1671 1663 1663 1663 1663 1663 1655 1655 1655 1655 1655 1655 1655 1655 1655 1655 1647 1647 1655 1655 1655 1655 1464 1464 1464 1464 1464 1489 928 928 920 920 920 920 923 0 0 0 1647 1647 1647 1647 1639 1639 1647 1647 1647 1647 1647 1647 1647 1639 1639 1655 0 0 0 0 0 707 704 698 696 694 693 693 693 668 667 664 664 663 663 663 664 666 666 667 667 667 668 668 670 671 671 671 674 675 675 675 675 675 675 676 676 678 679 679 680 682 682 683 684 684 686 686 686 686 686 687 688 688 690 690 690 688 688 688 690 690 691 693 694 694 693 693 694 694 696 696 697 697 697 698 698 700 700 701 701 701 703 703 703 703 703 703 703 703 703 704 706 707 707 707 707 708 708 711 711 711 714 717
0 0 0 0 0 0 0 0 0 0 0 0 0 0 0 0 0 0 0 0 0 0 597 597 599 600 603 606 616 616 619 0 0 0 0 813 813 813 813 813 815 819 762 762 762 762 761 759 759 757 757 759 757 757 757 755 754 752 752 754 754 755 757 757 759 762 780 780 780 778 778 776 774 774 774 774 776 776 776 778 780 781 781 783 785 787 790 792 792 794 796 796 796 796 796 796 798 800 802 803 803 803 807 815 819 819 819 821 0 0 0 0 0 0 0 0 0 864 854 851 851 851 854 854 854 1655 0 0 0 0 1639 1639 1639 1639 1639 1639 1647 1616 1601 1594 1586 1579 1572 1564 1564 1557 1557 1564 1572 1594 1624 1639 1647 1647 1647 1647 1647 0 1663 1655 1655 1639 1639 1639 1639 1639 1639 1647 1647 1647 1647 1647 1647 1639 1632 1632 1639 1639 1639 1639 1464 1464 1464 1464 1489 1489 928 928 925 923 923 925 925 0 0 0 1655 1655 1632 1632 1632 1632 1632 1632 1639 1639 1639 1639 1632 1632 1632 1632 0 0 0 0 0 708 706 700 698 696 694 693 693 671 668 666 664 664 664 664 667 668 668 668 670 670 671 671 671 672 672 672 675 676 676 676 676 678 678 679 679 679 680 682 682 683 683 683 684 686 686 687 687 687 688 688 690 690 691 693 693 693 693 693 693 693 694 694 697 697 697 697 697 697 698 698 698 698 700 701 701 701 703 704 703 703 704 704 704 706 706 706 704 704 706 707 708 710 710 710 710 711 711 714 714 716 717 719
0 0 0 0 0 0 0 0 0 0 0 0 0 0 0 0 0 0 0 0 0 0 596 596 598 600 603 606 610 616 619 0 0 0 0 0 815 815 817 817 819 819 821 764 764 762 762 762 761 761 761 759 759 757 757 759 755 755 755 755 755 757 759 759 761 764 764 781 781 780 780 778 776 776 776 776 776 778 778 781 781 783 783 783 785 789 792 794 794 796 796 796 796 796 798 798 802 803 803 803 803 803 807 815 819 819 821 821 0 0 0 0 0 0 0 0 0 862 860 854 854 854 854 854 1639 1655 0 0 0 1632 1632 1639 1639 1639 1639 1639 1639 1632 1616 1609 1594 1579 1572 1572 1572 1564 1564 1572 1579 1594 1624 1632 1639 1639 1639 1647 1647 0 1663 1647 1639 1632 1632 1632 1632 1632 1632 1632 1639 1639 1639 1639 1632 1624 1624 1624 1632 1632 1632 1632 1632 1470 1470 1470 1489 1489 930 930 930 930 930 930 1632 0 0 0 1609 0 1624 1624 1624 1624 1624 1624 1624 1624 1632 1632 1624 1624 1624 1624 0 0 0 0 0 710 707 700 698 697 694 691 686 671 670 668 666 666 666 666 667 670 670 670 670 671 672 674 674 675 675 675 676 678 678 678 679 680 680 680 680 680 682 683 684 686 686 686 686 687 687 688 688 688 691 691 691 691 693 693 693 694 694 697 697 697 697 697 698 698 698 698 700 701 701 701 701 701 703 703 703 704 706 706 706 706 707 707 707 707 707 707 707 707 708 710 710 711 711 711 711 713 714 716 717 717 719 720
0 0 0 0 0 0 0 0 0 0 0 0 0 0 0 0 0 0 0 0 0 0 595 595 597 599 602 606 609 614 618 0 0 0 0 0 819 819 819 819 821 821 821 767 767 766 766 764 762 762 761 761 759 759 759 762 759 759 759 759 759 759 761 762 766 767 787 785 783 781 781 780 778 776 776 778 778 780 781 781 783 783 783 787 789 790 792 794 796 796 796 796 796 798 798 800 803 805 805 805 805 813 815 819 821 823 825 0 0 0 0 0 0 0 0 0 0 862 862 860 858 858 858 858 1632 0 0 0 0 1632 1632 1632 1632 1632 1639 1639 1639 1639 1632 1632 1624 1609 1601 1586 1586 1579 1579 1586 1594 1609 1624 1632 1632 1632 1639 1639 1639 1639 1639 1639 1632 1632 1632 1632 1632 1632 1624 1624 1632 1632 1632 1624 1616 1616 1616 1616 1624 1624 1624 1624 1632 1470 1470 1477 1489 1489 935 935 935 933 933 933 1632 0 0 0 1609 1609 1609 1616 1616 1616 1616 1616 1616 1624 1624 1616 1616 1616 1609 1609 0 1572 0 0 0 710 707 704 703 700 696 691 683 672 671 670 667 667 668 668 668 670 670 671 671 672 674 675 675 676 676 678 679 680 680 680 680 682 682 682 682 682 683 684 686 687 687 687 688 688 690 690 691 693 693 693 694 694 694 694 694 696 697 697 698 698 698 700 700 701 701 703 703 703 701 701 703 703 704 704 706 707 707 707 707 707 708 710 710 710 708 708 710 710 711 713 713 714 714 714 716 716 717 719 720 720 720 722
0 0 0 0 0 0 0 0 0 0 0 0 0 0 0 0 0 0 0 0 0 0 594 594 596 598 602 606 609 614 618 0 624 628 0 0 821 819 819 821 823 823 823 769 769 769 767 767 766 766 764 762 762 762 762 764 762 761 761 761 761 761 762 766 767 767 787 787 785 785 781 780 778 778 778 780 781 781 781 781 783 783 787 787 789 790 794 796 796 796 796 796 796 798 800 802 805 805 807 811 813 817 819 821 821 825 827 0 0 0 0 0 0 0 0 0 0 862 862 860 860 860 860 862 1632 0 0 0 1624 1624 1624 1624 1616 1616 1632 1632 1632 1632 1632 1632 1624 1616 1609 1601 1594 1586 1586 1586 1601 1624 1624 1624 1624 1624 1624 1632 1632 1609 1632 1632 1624 1616 1616 1616 1616 1616 1616 1616 1624 1624 1624 1616 1609 1609 1609 1609 1609 1616 1616 1616 1624 1483 1483 1483 1489 1489 935 935 935 935 935 935 940 0 0 0 1601 1601 1601 1609 1609 1609 1609 1609 1616 1616 1616 1609 1609 1601 1586 1572 1572 0 0 0 0 710 708 706 704 703 698 698 682 674 672 671 670 670 670 670 670 672 672 672 674 674 675 676 676 678 679 680 680 682 682 682 682 683 683 683 686 686 687 688 690 688 688 688 690 691 693 693 694 696 697 697 694 694 697 697 697 697 697 698 698 698 700 701 703 703 703 703 703 704 704 704 706 706 707 707 708 708 708 708 708 710 711 711 711 713 711 711 713 713 713 714 716 716 716 716 717 719 719 720 722 722 722 723
0 0 0 0 0 0 0 0 0 0 0 0 0 0 0 0 0 0 0 0 0 0 594 594 596 598 601 606 608 610 618 622 624 628 0 0 0 819 819 821 823 823 825 771 771 773 771 771 771 769 769 766 766 766 766 767 766 761 761 762 762 764 766 767 769 769 789 787 787 787 783 781 781 781 781 781 783 783 783 783 785 787 787 789 790 792 796 796 798 798 798 798 798 800 802 803 805 807 809 813 815 817 819 821 823 825 0 0 0 0 0 0 0 0 0 0 0 864 862 862 862 862 862 864 871 0 0 0 0 1616 1616 1616 1616 1616 1616 1616 1616 1616 1616 1616 1616 1609 1609 1609 1601 1601 1601 1601 1609 1609 1609 1609 1609 1609 1609 1609 1609 1609 1609 1609 1609 1601 1601 1601 1601 1601 1601 1601 1609 1616 1601 1601 1601 1601 1601 1601 1601 1601 1601 1609 1616 1483 1483 1489 1489 1489 938 938 938 938 938 938 940 0 0 0 1601 1601 1601 1601 1601 1601 1601 1601 1601 1601 1601 1601 1601 1601 1586 1572 1572 0 0 0 0 714 708 706 704 704 703 703 682 675 674 674 672 672 674 674 674 674 674 675 676 676 676 679 680 680 680 682 682 682 683 684 684 686 686 687 688 690 690 691 691 690 690 691 691 693 694 696 696 697 697 698 698 698 698 698 698 700 700 700 700 700 703 704 706 706 706 706 706 706 706 706 707 708 708 708 710 710 711 711 711 711 713 714 714 714 714 714 714 714 716 717 719 719 719 720 720 722 722 722 723 723 723 727
0 0 0 0 0 0 0 0 0 0 0 0 0 0 0 0 0 0 0 0 0 0 594 594 597 599 601 606 608 610 618 621 624 628 0 0 821 821 821 821 823 827 827 829 773 773 773 773 773 773 773 769 769 769 769 767 767 766 764 764 766 767 769 771 771 773 789 789 789 787 787 785 783 783 783 783 783 783 783 785 785 787 789 790 792 794 796 798 798 798 798 798 800 802 803 803 805 807 811 813 815 817 819 821 823 827 0 0 0 0 0 0 0 0 0 0 0 867 864 862 862 862 862 867 871 871 0 0 0 1609 1609 1609 1609 1609 1609 1609 1609 1609 1609 1609 1609 1609 1609 1609 1609 1609 1609 1609 1609 1609 1609 1609 1609 1609 1609 1601 1601 1601 1624 1601 1601 1601 1601 1601 1601 1601 1601 1601 1601 1601 1594 1594 1594 1594 1594 1601 1601 1601 1601 1601 1601 1489 1489 1489 1489 1489 943 943 943 943 943 943 943 0 0 0 1601 1594 1594 1594 1594 1594 1594 1594 1594 1594 1594 1594 1594 1594 1601 1601 0 0 0 0 0 714 710 708 707 706 700 693 682 676 675 675 675 675 675 676 676 676 676 676 676 680 680 680 682 682 682 683 684 686 686 686 687 687 687 688 690 691 691 693 693 693 693 696 696 696 697 697 697 698 698 698 698 698 700 700 701 703 704 704 704 704 706 706 707 707 707 707 707 707 708 710 710 710 710 710 711 711 713 714 714 716 716 716 716 716 714 714 716 717 717 719 720 720 720 722 723 723 727 727 728 730 730 730
0 0 0 0 0 0 0 0 0 0 0 0 0 0 0 0 0 0 0 0 0 0 594 594 597 599 601 606 608 613 619 621 623 625 0 629 629 825 825 825 825 827 827 829 776 776 776 776 774 774 774 774 773 771 771 769 769 767 767 767 767 769 771 773 773 773 773 789 789 789 789 789 787 787 785 783 783 785 785 787 787 789 789 790 794 796 798 798 798 798 798 798 800 802 803 805 805 807 811 813 817 819 819 821 823 0 0 0 0 0 0 1579 1579 1579 0 0 0 869 867 864 864 864 864 869 0 869 0 1579 0 1594 1594 1594 1601 1601 1601 1601 1601 1601 1601 1601 1601 1601 1601 1601 1601 1601 1601 1594 1594 1594 1601 1601 1601 1601 1601 1601 1601 1601 1594 1594 1601 1594 1594 1594 1594 1594 1594 1594 1594 1594 1594 1594 1594 1594 1594 1586 1586 1594 1594 1594 1594 1489 1489 1489 1489 1489 948 948 946 946 943 943 943 943 0 1586 1586 1586 1586 1586 1586 1586 1586 1586 1586 1586 1586 1594 1586 1586 1601 1601 0 0 0 727 725 719 714 710 708 707 698 693 683 676 676 675 675 675 676 676 678 678 678 679 679 682 683 683 684 684 684 684 686 687 688 690 690 691 691 691 691 691 693 694 694 694 697 697 697 697 698 698 700 700 700 700 701 701 701 703 703 704 706 707 707 707 708 708 708 708 708 710 710 711 711 713 713 713 713 714 714 716 716 716 716 717 717 717 717 717 717 717 717 719 720 720 722 722 723 725 727 727 728 728 730 730 730 733
0 0 0 0 0 0 0 0 0 0 0 0 0 0 0 0 0 0 0 0 0 0 595 595 598 600 603 606 608 613 619 621 623 625 629 629 635 0 827 827 827 829 829 829 829 778 778 778 778 778 778 776 774 773 773 773 773 771 769 769 771 771 773 774 776 776 776 790 790 790 790 789 789 787 785 785 789 789 789 789 789 789 790 790 796 798 798 798 798 798 798 798 800 802 803 805 807 809 811 815 817 819 819 821 823 0 0 0 0 0 1586 1579 1579 1579 0 0 0 869 869 867 867 869 869 869 0 0 0 1579 1579 1579 1579 1586 1586 1586 1594 1594 1594 1594 1594 1601 1601 1601 1594 1594 1594 1594 1594 1594 1594 1594 1594 1594 1594 1594 1594 1601 1601 1601 1594 1594 1601 1594 1594 1586 1586 1586 1586 1586 1586 1586 1586 1586 1579 1579 1579 1579 1579 1579 1579 1579 1579 1586 1489 1489 1496 1496 954 954 948 948 946 946 1586 1586 0 0 1572 1572 1572 1572 1579 1579 1579 1579 1579 1579 1579 1586 1586 1586 0 0 0 0 0 727 725 722 714 711 710 708 698 693 687 678 678 676 676 676 678 678 679 680 680 680 680 683 684 686 686 686 687 688 690 691 691 691 693 693 693 693 693 694 697 697 697 698 698 698 698 698 700 701 703 703 703 703 704 704 704 704 704 706 708 708 708 708 710 710 710 710 711 711 713 714 714 714 714 716 716 717 717 717 717 717 717 719 720 720 720 720 720 722 722 723 723 723 723 723 725 727 728 728 730 731 734 736 734 734
0 0 0 0 0 0 0 0 0 0 0 0 0 0 0 0 0 0 0 0 0 0 597 597 599 601 603 606 608 614 619 622 624 625 629 635 635 640 827 827 827 831 833 835 835 783 783 781 780 780 780 778 776 776 776 774 774 773 773 773 773 774 774 776 778 780 780 787 796 796 794 792 790 789 789 789 789 789 789 790 790 790 790 792 796 798 798 798 798 798 798 800 802 803 805 805 809 811 815 817 819 819 821 821 0 0 0 0 0 1572 1572 1579 1579 1579 0 0 0 871 871 871 871 871 873 873 873 0 0 1572 1572 1572 1572 1579 1579 1579 1586 1579 1579 1586 1586 1594 1594 1594 1594 1586 1586 1579 1579 1579 1579 1579 1579 1579 1586 1586 1586 1586 1586 1586 1594 1594 1594 1586 1579 1572 1572 1572 1572 1572 1579 1579 1579 1579 1572 1572 1572 1572 1572 1572 1572 1572 1564 1564 1496 1496 1503 1503 954 954 954 954 951 951 951 951 0 0 1572 1572 1572 1572 1572 1572 1572 1572 1572 1572 1579 1572 1572 1572 0 0 0 0 0 727 725 722 716 713 713 711 698 688 686 680 678 678 678 678 680 680 680 680 680 682 684 686 686 687 687 688 690 690 691 691 693 693 694 694 694 694 694 697 698 698 698 700 700 700 700 700 701 703 703 704 704 704 707 707 707 707 707 708 711 711 711 710 710 711 713 713 714 714 716 716 716 716 716 717 719 720 720 720 720 720 720 722 720 720 722 727 730 728 727 727 727 727 728 728 728 728 730 731 731 733 736 738 738 738
0 0 0 0 0 0 0 0 0 0 0 0 0 0 0 0 0 0 0 0 0 0 597 597 601 604 606 607 613 618 621 624 627 630 632 635 640 640 837 837 835 835 835 837 837 783 783 781 780 780 780 780 778 778 776 776 774 774 774 774 774 776 778 780 781 783 787 787 802 802 796 794 792 790 790 790 789 789 789 790 790 790 790 794 796 798 798 800 800 800 800 802 803 805 805 809 811 813 817 817 819 821 821 821 0 0 0 0 0 1564 1564 1572 1572 1572 0 0 0 871 871 873 873 873 875 875 875 1564 1564 1572 1572 1572 1572 1572 1572 1572 1572 1572 1572 1572 1572 1579 1579 1579 1579 1579 1579 1579 1579 1579 1579 1579 1579 1579 1579 1579 1579 1579 1579 1579 1579 1579 1579 1572 1572 1564 1564 1564 1572 1572 1572 1572 1572 1572 1572 1564 1564 1572 1564 1564 1564 1564 1564 1536 1503 1503 1503 1503 1503 954 954 954 954 951 951 951 1564 0 1572 1572 1572 1572 1572 1572 1572 1564 1564 1564 1564 1564 1572 1564 1564 0 0 0 0 727 727 725 716 714 714 714 714 688 686 683 680 679 679 679 680 680 682 683 683 683 686 687 688 688 690 691 691 691 693 693 693 694 696 696 696 697 697 698 700 700 700 701 701 703 703 704 704 704 704 706 706 707 708 708 710 710 711 713 714 714 714 713 713 714 716 716 717 717 717 717 719 719 719 719 720 720 722 722 723 723 723 723 723 723 723 727 730 728 728 728 728 730 731 731 731 731 731 733 734 736 738 739 739 739
0 0 0 0 0 0 0 0 0 0 0 0 0 0 0 0 0 0 0 0 0 0 604 604 606 607 609 614 618 621 624 628 631 632 635 637 640 640 0 839 837 837 837 839 843 787 785 785 783 783 781 781 780 780 780 780 780 778 778 778 778 778 780 781 783 785 787 787 805 805 800 798 796 796 792 792 790 790 790 790 792 792 792 796 796 798 798 798 800 802 803 803 805 805 807 811 811 813 817 819 821 821 821 823 0 0 0 0 1557 1557 1564 1564 1572 1572 0 0 0 873 873 875 875 875 878 878 1564 1564 0 1564 1564 1572 1572 1572 1572 1564 1564 1564 1564 1564 1564 1572 1572 1572 1572 1572 1572 1572 1572 1572 1572 1572 1572 1572 1572 1572 1572 1572 1572 1579 1579 1579 1572 1564 1564 1564 1564 1564 1564 1564 1564 1557 1557 1564 1564 1564 1564 1564 1564 1564 1564 1564 1557 1536 1516 1516 1516 1516 0 956 956 956 956 956 956 1564 0 0 0 1572 1564 1564 1564 1564 1557 1557 1557 1557 1557 1557 1557 1557 1557 1557 0 0 0 727 727 725 717 716 714 714 714 714 687 684 683 682 682 682 682 682 683 684 686 687 687 690 691 691 691 691 693 693 693 694 694 696 697 697 698 698 698 701 703 703 703 703 703 704 704 706 706 706 707 707 708 708 710 710 711 713 713 714 716 716 716 716 716 716 717 719 719 720 720 720 720 722 722 722 722 723 723 723 725 725 727 727 727 728 728 730 731 731 731 731 731 731 733 733 733 733 733 734 739 741 741 741 742 744
0 0 0 0 0 0 0 0 0 0 0 0 0 0 0 0 0 0 0 0 0 0 608 608 609 611 614 619 622 624 629 631 635 636 637 638 641 641 0 839 839 839 839 841 843 790 790 787 787 787 785 785 783 783 783 781 781 781 781 781 781 781 781 783 787 787 789 789 789 800 800 800 798 798 796 794 790 790 792 792 794 794 794 796 796 798 798 798 800 802 803 805 807 809 809 813 813 815 817 819 821 821 823 823 0 0 0 1550 1550 1557 1557 1564 1564 1572 1572 0 875 875 875 878 878 878 878 1564 1564 1564 1564 1564 1564 1564 1564 1564 1557 1557 1557 1557 1557 1557 1557 1557 1557 1557 1564 1564 1564 1564 1564 1564 1564 1564 1564 1564 1564 1564 1557 1557 1557 1564 1564 1564 1564 1557 1557 1557 1557 1557 1557 1550 1550 1550 1543 1543 1550 1557 1557 1557 1557 1557 1557 1557 1550 1550 1529 1523 1523 1523 0 959 959 959 959 956 956 964 0 0 0 1557 1557 1557 1557 1557 1550 1550 1543 1543 1550 1550 1550 1550 1550 0 0 0 0 728 727 725 720 717 716 716 714 691 687 686 686 686 686 686 686 686 686 687 688 690 691 691 693 693 694 694 696 696 696 697 697 697 698 698 700 701 701 703 704 704 704 704 704 707 707 708 710 710 711 711 711 711 713 714 714 714 716 716 716 717 719 719 720 720 720 722 722 722 723 723 725 725 725 725 725 727 727 727 727 727 728 731 731 731 731 731 733 733 733 734 734 736 736 738 738 738 741 741 742 741 741 744 746 747
0 0 0 0 0 0 0 0 0 0 0 0 0 0 0 0 0 0 0 0 0 0 610 610 612 614 616 621 623 627 630 632 635 636 638 640 642 642 0 839 839 839 841 841 843 845 794 790 789 789 787 787 783 783 785 783 783 783 783 783 783 783 783 785 787 789 789 789 0 802 802 802 802 802 800 796 792 792 796 796 794 794 794 796 796 798 798 800 802 803 803 805 809 811 811 813 813 815 817 819 821 821 823 0 0 0 0 1543 1543 1550 1550 1550 1550 1550 1550 0 878 878 878 878 878 880 882 1557 1564 1564 1550 1550 1550 1557 1557 1557 1550 1550 1550 1550 1550 1550 1550 1550 1550 1550 1550 1550 1550 1550 1557 1557 1557 1550 1550 1550 1557 1550 1550 1550 1550 1550 1564 1564 1550 1543 1543 1543 1543 1543 1543 1543 1543 1543 1543 1543 1543 1543 1543 1543 1550 1550 1550 1543 1543 1543 1529 1529 1529 1529 1529 964 964 962 962 962 964 964 0 0 0 1557 1543 1543 1543 1543 1536 1536 1536 1536 1543 1543 1543 1536 1536 0 0 0 0 730 728 725 722 719 719 716 716 691 688 687 687 687 687 687 687 688 688 688 690 691 693 694 694 697 697 697 697 698 698 698 698 698 698 700 703 703 703 704 704 706 707 707 708 710 710 711 711 713 713 713 713 714 716 716 716 716 717 717 719 720 720 720 722 722 723 723 723 725 725 727 727 727 727 728 730 730 731 730 730 731 731 733 733 733 734 734 736 736 738 738 739 739 739 741 741 741 744 744 746 746 746 747 747 750
0 0 0 0 0 0 0 0 0 0 0 0 0 0 0 0 0 0 0 0 0 0 611 611 613 615 618 622 624 627 630 631 634 637 638 641 643 643 843 843 843 843 845 843 843 843 794 792 790 789 789 787 787 787 787 787 787 785 785 785 785 785 785 789 789 790 790 878 875 875 803 803 802 802 803 800 798 796 796 796 798 798 798 798 798 800 800 802 803 805 805 807 811 813 813 815 815 815 817 819 821 821 0 0 0 0 1543 1543 1543 1550 1550 1550 1550 1550 0 0 882 882 880 880 880 882 882 1550 1550 1550 1550 1543 1543 1543 1550 1550 1550 1543 1543 1543 1543 1543 1550 1550 1543 1543 1543 1543 1543 1543 1550 1550 1550 1543 1543 1550 1550 1550 1543 1543 1543 1543 1550 1477 1477 1536 1536 1536 1536 1536 1536 1536 1536 1536 1536 1536 1536 1536 1536 1543 1543 1543 1543 1536 1536 1536 1536 1529 1529 1529 1529 967 967 967 967 967 967 967 967 0 1543 1543 1543 1543 1536 1536 1536 1529 1529 1529 1536 1536 1536 1523 1523 0 0 0 0 731 731 727 722 720 720 711 707 694 691 690 688 687 687 690 691 691 691 691 693 693 694 696 697 698 698 698 700 700 701 700 700 701 703 703 704 704 706 707 707 707 708 710 710 710 710 713 714 714 714 714 714 714 716 717 719 719 720 720 720 722 722 722 723 723 725 727 727 727 727 728 728 728 728 730 733 733 734 734 734 734 738 736 736 738 738 738 739 739 741 741 741 742 742 744 744 744 746 746 746 747 747 750 750 752
0 0 0 0 0 0 0 0 0 0 0 0 0 0 0 0 0 0 0 0 0 0 613 613 614 616 618 622 624 627 629 630 632 636 640 642 644 644 851 851 845 845 845 845 843 841 794 794 792 790 789 789 789 789 789 789 790 789 789 789 789 790 790 792 792 800 878 878 875 875 875 821 803 803 803 802 802 800 798 798 800 800 800 800 800 800 802 803 805 807 807 809 811 813 815 815 817 817 819 819 821 0 0 0 0 0 1536 1536 1536 1543 1543 1543 1550 1550 0 889 882 882 882 882 882 882 1543 1550 1550 1536 1536 1536 1536 1536 1536 1536 1543 1543 1543 1543 1543 1543 1543 1543 1536 1536 1536 1536 1543 1543 1543 1536 1536 1536 1536 1536 1543 1536 1536 1536 1536 1543 1543 1477 1477 1523 1523 1529 1529 1529 1529 1529 1529 1536 1536 1536 1536 1536 1536 1536 1536 1536 1536 1529 1529 1529 1529 1523 1523 1523 1523 978 978 975 973 970 967 967 967 0 1543 1543 1536 1536 1536 1529 1529 1523 1523 1529 1529 1529 1523 1523 1523 0 0 0 0 734 733 728 725 720 719 710 707 696 693 690 690 690 690 691 691 693 693 694 694 694 697 697 698 700 700 701 701 701 703 703 703 703 704 706 706 707 708 710 710 710 710 711 711 713 713 714 714 716 716 716 716 716 719 720 722 722 723 723 723 723 725 725 725 727 727 728 728 728 731 733 733 734 734 734 736 736 738 738 738 738 739 738 738 739 739 739 741 742 744 744 744 746 746 746 746 746 747 747 749 749 750 752 752 754
0 0 0 0 0 0 0 0 0 0 0 0 0 0 0 0 0 0 0 0 0 0 612 612 614 616 618 622 624 625 627 629 631 635 640 642 642 642 851 851 851 851 849 847 845 841 841 796 796 794 792 790 790 790 790 790 792 792 792 794 792 792 794 794 796 800 805 878 875 875 875 821 807 807 805 803 802 802 802 802 802 803 803 803 803 803 805 805 805 807 809 809 811 813 815 817 819 819 819 821 823 0 0 0 0 1509 1509 1523 1529 1529 1529 1536 1543 1543 0 889 889 885 885 885 885 887 1536 1536 1523 1523 1523 1529 1529 1529 1529 1529 1536 1536 1536 1536 1536 1529 1529 1529 1529 1529 1523 1523 1529 1536 1529 1523 1523 1523 1529 1529 1529 1529 1529 1529 1529 1536 1516 1489 1489 1503 1516 1523 1523 1523 1523 1523 1523 1523 1523 1529 1536 1536 1536 1536 1536 1536 1523 1523 1523 1523 1523 1516 1516 1516 1523 1523 978 978 975 975 970 970 970 0 1523 1523 1523 1523 1523 1523 1523 1516 1516 1516 1516 1516 1516 1516 1523 0 0 0 741 736 734 731 728 723 719 708 707 700 696 693 691 691 691 693 693 693 693 696 697 698 698 698 700 701 701 703 703 703 704 704 704 707 708 708 710 710 711 713 711 711 711 713 713 714 716 716 716 717 717 717 717 717 722 722 725 725 727 727 727 728 728 728 730 731 733 733 733 734 734 734 736 736 738 738 738 739 741 741 741 741 741 742 742 742 741 741 744 746 747 747 747 747 747 747 747 747 749 750 752 752 754 754 755 755
0 0 0 0 0 0 0 0 0 0 0 0 0 0 0 0 0 0 0 0 0 0 612 612 613 614 616 619 623 624 625 627 627 635 635 661 661 0 856 856 856 856 851 849 845 843 843 805 798 796 794 792 792 792 794 794 796 796 796 796 796 796 796 798 800 802 805 880 878 878 878 831 817 811 805 805 803 803 803 803 803 803 803 803 805 805 807 807 807 809 809 811 813 815 817 819 819 821 821 821 0 0 0 0 0 1509 1509 1523 1523 1523 1523 1529 1536 1536 0 889 889 889 889 889 889 889 1529 1529 1516 1516 1516 1523 1523 1523 1523 1523 1523 1523 1529 1529 1523 1523 1523 1523 1523 1516 1516 1516 1523 1523 1523 1523 1523 1523 1523 1523 1523 1523 1523 1523 1529 1523 1503 1496 1496 1496 1509 1516 1516 1516 1523 1523 1523 1516 1516 1523 1523 1516 1516 1516 1523 1516 1516 1516 1516 1516 1516 1516 1516 1516 1523 1523 978 978 978 978 975 975 975 975 0 1516 1516 1516 1516 1516 1516 1516 1516 1516 1516 1516 1516 1516 0 0 0 0 741 738 734 733 730 727 727 708 708 704 698 696 694 694 694 694 694 694 696 697 700 701 701 701 703 704 704 706 706 706 707 707 707 708 710 710 711 713 714 714 714 714 714 714 716 717 717 719 719 719 720 720 722 725 727 727 727 728 728 730 730 731 731 731 733 733 734 734 734 734 736 736 738 738 739 739 741 741 742 742 742 746 746 746 746 746 747 747 747 747 749 749 749 749 750 752 752 752 752 752 754 755 757 757 757 761
0 0 0 0 0 0 0 0 0 0 0 0 0 0 0 0 0 0 0 0 0 0 613 613 613 614 615 618 623 624 625 627 627 627 661 661 661 658 858 858 858 858 856 854 851 851 851 805 803 802 800 796 794 794 796 798 798 798 798 798 798 798 798 800 802 803 805 882 882 878 835 833 833 813 809 807 805 803 803 803 803 803 803 805 805 807 807 809 809 809 811 811 813 815 817 819 819 821 821 823 0 0 0 0 0 0 1516 1516 1516 1516 1516 1516 1523 1523 0 889 889 889 889 889 889 889 1529 1529 1516 1516 1516 1516 1516 1516 1516 1516 1516 1516 1523 1523 1516 1516 1523 1523 1516 1516 1516 1516 1523 1523 1523 1523 1523 1523 1523 1523 1523 1516 1516 1523 1529 1523 1503 1496 1496 1496 1503 1516 1516 1516 1516 1516 1516 1516 1516 1516 1516 1509 1509 1509 1509 1509 1509 1509 1509 1509 1509 1509 1509 1516 1516 1523 1523 978 978 978 975 975 975 975 0 1509 1509 1509 1509 1509 1509 1509 1509 1509 1509 1509 1509 1516 0 0 0 744 744 739 734 733 731 730 728 708 708 704 698 697 696 696 696 697 697 697 697 700 701 703 703 704 706 706 706 707 707 708 708 710 710 711 711 713 714 714 716 716 720 720 720 720 720 722 722 722 725 727 727 727 727 727 728 730 730 730 730 731 733 734 734 734 734 734 736 736 736 738 739 739 741 741 741 741 742 742 744 744 744 747 747 749 750 750 750 750 750 752 752 752 752 752 752 754 754 755 755 755 757 757 759 761 761 764
0 0 0 0 0 0 0 0 0 0 0 0 0 0 0 0 0 0 0 0 0 0 612 612 613 614 615 618 623 624 625 628 628 647 647 657 658 658 858 858 858 858 858 856 856 851 851 805 805 805 803 802 800 798 798 800 800 800 800 800 800 800 800 802 803 805 807 882 882 878 835 835 835 823 815 813 813 811 807 805 805 805 805 807 807 807 811 811 811 811 813 815 815 817 819 819 819 821 821 821 0 0 0 0 0 0 1503 1503 1509 1509 1509 1509 1516 1516 0 0 891 891 891 891 894 894 894 894 1516 1516 1516 1516 1516 1516 1516 1516 1516 559 559 1523 1516 1516 1516 1516 1516 1516 1509 1509 1516 1523 1516 565 565 566 566 567 1516 1516 1516 1516 1529 1529 1529 1496 1489 1489 1503 1516 1516 1516 1516 1516 1516 1516 1516 1516 1516 1509 1503 1496 1496 1496 1503 1503 1503 1503 1496 1496 1503 1509 1509 1516 1516 981 981 978 978 975 975 975 0 1489 1489 1489 1503 1503 1503 1489 1489 1489 1489 1489 1496 1496 0 0 0 0 746 742 736 733 731 731 731 710 710 706 698 697 697 697 697 698 698 698 698 701 703 704 704 706 707 707 707 708 710 710 711 714 714 714 716 716 716 717 719 720 722 722 722 722 722 722 725 727 728 728 728 728 728 730 731 731 733 733 733 734 734 736 736 738 738 738 738 738 739 741 742 742 744 742 742 744 744 744 746 746 747 749 750 750 750 752 750 750 752 754 754 755 754 754 754 754 757 757 757 759 759 761 762 762 764 766
0 0 0 0 0 0 0 0 0 0 0 0 0 0 0 0 0 0 0 0 0 0 612 612 613 614 615 618 623 625 628 630 643 643 647 654 655 690 690 690 690 690 862 860 858 856 809 805 805 805 805 803 803 802 802 802 802 803 803 803 803 803 803 805 807 813 887 887 887 887 894 837 835 833 821 819 817 813 811 811 809 809 809 809 809 809 811 813 813 813 815 817 817 817 819 819 821 821 821 821 0 0 0 0 0 0 1496 1496 1496 1496 1496 1496 1516 1516 0 0 894 894 894 894 894 894 894 553 553 1516 1516 1516 1516 1516 557 557 557 558 557 557 557 557 558 558 559 561 561 561 563 563 563 565 565 565 565 565 567 567 568 569 570 570 572 1489 1489 1489 0 0 0 0 0 1516 1516 1516 1516 1509 1509 1503 1496 1489 1489 1489 1496 1496 1489 1489 1489 1489 1489 1489 1496 1503 1503 995 987 981 978 978 989 0 0 0 1483 1483 1489 1489 1483 1483 1483 1483 1483 1489 1489 1489 1489 0 0 0 747 746 739 734 733 733 733 711 710 706 700 698 698 698 700 701 701 703 703 704 706 707 708 708 708 708 708 708 710 711 713 714 716 716 719 719 719 719 722 722 722 723 723 723 723 725 727 728 730 730 730 731 733 733 733 734 734 734 736 736 739 739 739 739 739 741 742 742 742 742 744 744 746 746 746 747 746 746 747 747 749 750 752 752 752 752 752 752 754 755 757 757 759 757 757 761 761 761 761 761 762 762 764 766 767 767
0 0 0 0 0 0 0 0 0 0 0 0 0 0 0 0 0 0 0 0 0 0 612 612 613 614 618 618 623 625 629 632 637 642 644 649 655 688 688 690 690 690 860 860 860 858 809 809 809 807 807 805 805 805 805 805 807 807 807 807 807 807 807 807 813 815 889 889 889 891 894 837 835 835 831 821 821 815 813 811 811 811 811 811 811 811 811 813 813 815 817 819 819 819 819 821 821 821 821 0 0 0 0 0 0 0 1496 1496 1496 1489 1489 1489 1489 1489 550 0 896 896 894 894 896 1503 1503 553 553 553 553 554 554 556 554 554 554 554 555 555 555 555 555 556 556 555 555 555 562 563 556 556 564 559 559 559 560 561 562 568 569 569 572 573 574 574 574 0 0 0 0 0 0 0 0 1509 1503 1496 1489 1483 1483 1483 1483 1483 1483 1483 1489 1489 1489 1489 1489 1496 1496 995 989 987 981 981 989 0 0 0 1477 1477 1477 1477 1483 1483 1483 1483 1483 1483 1483 1483 0 0 0 0 752 750 746 738 736 734 734 717 714 706 701 701 701 701 703 704 704 704 706 706 707 708 708 710 708 708 708 710 710 713 714 716 717 719 720 720 720 720 722 723 723 725 727 727 727 727 728 731 731 731 731 733 734 734 736 736 738 738 739 739 739 741 741 741 742 744 746 746 746 746 746 746 747 749 749 749 749 749 749 750 752 752 754 754 754 754 754 754 759 759 759 761 761 759 759 761 761 761 761 762 764 766 767 767 771 771
0 0 0 0 0 0 0 0 0 0 0 0 0 0 0 0 0 0 0 0 0 0 610 610 613 615 618 618 623 627 630 632 636 641 641 649 682 682 686 688 688 688 862 862 862 864 809 809 811 811 811 809 809 807 807 807 809 809 811 809 809 811 811 811 815 821 894 894 896 896 896 896 898 841 837 831 825 819 819 817 815 815 815 815 815 813 813 813 815 817 819 819 819 821 821 823 825 825 825 0 0 0 0 0 0 0 1496 1496 1496 548 548 549 549 550 550 547 548 1516 1516 1509 1509 1516 1516 550 550 551 551 551 552 551 551 551 551 551 553 553 553 552 552 553 553 553 553 553 554 554 554 554 554 555 556 557 559 560 560 560 569 569 572 572 573 574 0 0 0 0 0 0 0 0 0 0 1503 1496 1489 1483 1477 1477 1477 1477 1483 1483 1477 1477 1477 1483 1483 1489 1489 998 998 995 995 992 992 992 0 1470 1470 1464 1464 1470 1470 1477 1470 1470 1470 1464 1464 1483 0 0 0 759 754 750 747 739 738 736 734 719 714 710 706 704 703 703 704 706 707 708 708 708 708 710 710 711 711 711 711 711 713 716 719 719 720 720 722 722 723 725 727 727 727 728 728 728 728 728 731 731 733 733 734 736 736 738 738 739 739 741 741 741 741 742 742 744 746 746 746 747 747 747 749 750 750 752 752 752 752 752 752 752 754 754 755 755 755 755 759 761 761 761 761 761 762 764 764 764 764 762 762 766 766 769 771 771 774 774
0 0 0 0 0 0 0 0 0 0 0 0 0 0 0 0 0 0 0 0 0 632 610 610 613 616 619 621 623 630 630 632 636 638 641 676 678 679 683 688 688 0 867 867 867 867 867 813 813 815 813 811 811 811 811 813 813 813 813 813 813 813 813 813 823 827 829 903 903 898 898 898 849 843 841 835 827 821 821 819 819 817 817 817 817 817 817 817 819 819 819 821 821 823 825 827 827 827 827 0 0 0 0 0 0 0 1496 1496 1496 548 548 549 546 546 546 547 548 549 548 547 547 547 547 548 550 550 550 550 550 548 548 549 549 550 551 551 550 550 550 550 550 551 552 552 553 553 553 554 554 554 554 555 556 557 558 558 559 560 562 568 571 573 573 0 0 0 0 0 0 0 0 0 0 0 1483 1483 1477 1477 1470 1470 1477 1470 1470 1464 1464 1470 1470 1489 1489 998 998 998 995 995 998 998 0 0 1470 1464 1464 1464 1464 1464 1464 1464 1464 1458 1458 0 0 0 0 759 755 754 750 739 739 738 738 720 714 710 707 707 707 707 707 707 708 710 710 710 711 711 713 713 714 714 714 714 716 719 720 720 722 722 725 725 727 727 728 730 730 731 731 731 731 733 733 733 736 736 736 738 738 739 739 741 741 742 742 742 742 744 746 746 747 747 749 749 749 750 752 752 752 752 752 754 754 755 755 757 757 757 759 759 761 761 761 762 762 761 761 762 762 764 766 766 767 766 766 767 771 773 773 773 774 776
0 0 0 0 0 0 0 0 0 0 0 0 0 0 0 0 0 0 0 0 0 632 632 636 640 642 622 622 653 655 659 667 638 638 674 676 676 678 680 680 680 0 0 0 867 867 867 869 817 817 817 813 813 813 813 813 813 815 815 815 815 815 815 817 827 827 829 906 906 906 901 854 849 849 847 843 833 827 823 821 821 819 819 819 819 819 819 819 819 819 821 821 821 823 827 829 829 544 544 544 0 546 546 546 546 0 545 547 547 547 546 546 545 545 545 546 546 547 547 547 546 546 546 546 546 547 547 547 547 547 547 547 548 549 549 549 549 549 549 549 550 550 551 552 553 552 552 553 553 554 554 554 556 557 557 557 558 559 559 562 565 572 0 0 0 0 0 0 0 0 0 0 0 0 1477 1477 1477 1464 1464 1464 1464 1464 1464 1464 1464 1464 1464 1464 0 1004 1001 998 998 998 998 0 0 0 1458 1458 1458 1458 1458 1458 1458 1458 1458 1445 1445 0 0 0 0 759 755 754 750 741 741 739 739 720 714 710 708 708 708 708 710 710 710 711 713 713 714 714 714 716 716 717 719 720 720 722 722 722 723 725 727 728 728 730 731 731 731 733 733 733 734 734 736 738 739 739 739 739 741 741 741 742 742 744 746 746 746 746 747 749 750 750 752 752 752 752 752 754 754 754 755 755 757 757 759 759 761 761 761 762 762 764 764 766 766 766 766 766 767 769 769 769 769 769 769 771 773 773 774 774 774 778
0 0 0 0 0 0 0 0 0 0 0 0 0 0 0 0 0 0 0 0 0 634 634 637 640 642 644 649 653 657 658 663 668 671 672 674 675 678 679 0 0 0 0 867 867 867 869 869 817 817 819 817 817 815 815 815 817 817 817 819 819 819 819 821 829 829 831 908 908 908 908 854 854 854 854 851 833 829 825 823 823 819 819 819 819 819 819 819 819 819 821 821 821 821 543 544 544 544 544 544 546 546 546 546 546 544 545 545 545 546 544 543 543 544 544 544 544 544 546 546 546 545 545 545 544 544 545 546 546 547 547 547 547 548 548 548 548 548 548 549 549 550 551 551 552 552 551 551 552 554 554 554 555 556 557 557 558 558 559 561 562 565 569 570 574 0 0 0 0 0 0 0 0 0 0 1464 1464 1464 1458 1458 1458 1458 1458 1458 1458 1458 1458 1458 0 1458 1001 1001 1001 1001 1001 0 0 0 1458 1452 1452 1452 1452 1452 1452 1452 1445 1445 1445 0 0 0 0 761 757 754 750 744 742 741 739 722 714 711 710 710 710 710 711 711 713 714 714 716 717 719 717 717 717 719 719 720 722 723 725 725 727 727 730 730 731 731 731 733 733 733 734 734 736 738 739 739 741 741 741 741 744 744 746 746 746 746 747 747 747 749 750 752 752 754 754 754 754 755 755 757 757 757 757 759 759 759 759 761 761 762 764 764 766 766 767 767 769 769 771 771 771 771 771 773 773 773 773 774 774 774 774 776 776 778
0 0 0 0 0 0 0 0 0 0 0 0 0 0 0 0 0 0 0 0 0 635 635 637 641 642 646 649 653 657 658 662 668 670 671 672 674 675 678 678 0 0 873 869 869 869 869 869 869 819 819 819 819 819 819 819 819 819 819 819 821 821 823 825 829 829 831 910 910 910 910 858 856 856 854 854 833 833 829 827 825 821 821 819 817 817 819 819 819 819 821 543 543 543 543 542 542 542 543 543 543 546 546 540 540 544 544 544 545 541 540 540 540 541 542 543 543 542 542 542 544 544 544 544 544 544 544 545 546 546 546 546 546 546 547 547 547 548 548 549 549 550 551 551 552 552 551 551 552 554 554 555 555 556 557 557 557 558 558 560 562 563 569 570 574 0 0 0 0 0 0 0 0 0 541 541 1452 1452 1452 1452 1452 1452 1452 1458 1458 1458 1458 1458 0 0 0 1004 1004 1004 0 0 0 1439 1439 1445 1445 1445 1445 1445 1445 1445 1439 1439 1439 1439 0 0 0 761 757 754 750 746 744 742 739 723 719 714 711 711 711 713 713 714 714 716 717 717 720 720 722 722 722 722 722 723 725 727 728 728 728 730 731 731 733 733 734 734 734 736 738 739 739 739 741 741 742 742 744 746 746 747 747 747 747 749 749 750 750 752 752 754 754 755 757 757 757 759 759 759 759 761 761 761 762 762 762 764 764 764 766 767 767 767 769 769 771 771 773 773 773 774 774 773 773 774 776 776 776 776 778 778 780 781
0 0 0 0 0 0 0 0 0 0 0 0 0 0 0 0 0 0 0 0 0 635 635 640 642 646 647 650 653 655 657 661 667 667 670 671 671 672 676 0 678 0 873 873 871 869 869 869 869 823 823 821 821 821 821 821 821 821 821 821 823 825 825 827 831 831 835 918 915 915 915 915 860 860 854 854 833 833 829 827 827 827 827 819 817 817 545 545 545 541 541 541 542 540 540 540 540 540 540 540 541 541 538 538 538 538 539 540 540 539 539 540 540 540 540 541 542 541 541 542 543 543 543 543 543 543 544 544 545 546 546 546 546 546 547 547 547 548 548 550 550 550 551 551 552 552 552 552 553 554 555 555 555 557 557 557 557 557 557 560 562 563 563 577 577 0 0 0 0 546 546 544 543 541 541 541 545 1452 1452 1445 1445 1452 1452 1458 1458 1458 1458 1458 0 0 0 0 0 0 0 0 0 1439 1439 1439 1439 1439 1439 1439 1439 1433 1433 1427 1427 0 0 0 764 764 759 754 750 749 746 742 738 723 719 716 714 714 714 716 716 716 716 717 719 719 720 723 723 725 727 727 727 727 728 730 731 731 731 733 734 736 736 736 736 736 738 739 739 741 741 741 742 742 744 746 747 747 747 749 749 750 750 752 752 752 752 754 754 755 757 757 759 759 761 761 761 761 762 762 764 766 766 764 764 766 766 767 769 769 769 769 771 771 773 774 774 774 774 776 776 776 776 778 778 778 778 780 781 785 785 787
0 0 0 0 0 0 0 0 0 0 0 0 0 0 0 0 0 0 0 0 0 637 637 640 643 646 647 650 653 654 657 659 662 666 667 670 671 672 674 678 678 720 873 873 871 871 869 869 869 825 825 823 823 823 825 823 823 823 825 825 827 829 831 833 835 839 920 920 918 918 918 915 864 864 862 860 860 0 0 0 0 0 543 543 543 544 544 544 544 540 540 540 541 540 540 539 539 539 538 535 535 536 536 537 537 537 538 538 538 537 537 537 538 539 540 540 540 540 541 542 543 543 543 543 543 543 544 544 545 546 546 546 547 547 547 547 548 549 549 550 551 551 552 552 553 553 554 554 554 555 556 557 557 557 557 557 557 557 557 557 557 577 577 577 577 0 0 0 0 546 542 540 540 540 540 541 545 545 546 546 546 1452 547 546 546 546 548 548 0 0 0 0 0 0 0 0 0 0 0 1439 1433 1433 1439 1439 1439 1433 1433 1427 1427 0 0 0 0 767 764 754 752 750 747 741 738 723 719 716 716 716 716 717 717 720 720 720 722 723 723 725 727 727 728 728 730 730 731 731 733 733 734 736 736 738 738 738 739 739 739 741 741 742 742 744 746 746 747 747 749 749 750 750 750 752 752 752 754 754 755 757 757 757 757 759 761 761 762 762 762 762 766 766 766 766 766 767 769 769 769 769 773 773 773 774 774 774 776 776 778 780 780 780 780 780 781 781 780 780 780 781 785 787 787 789
0 0 0 0 0 0 0 0 0 0 0 0 0 0 0 0 0 0 0 0 0 637 637 640 643 646 647 649 653 654 657 658 659 664 666 668 670 672 674 678 679 720 720 720 871 871 869 869 869 829 827 827 827 827 829 829 827 827 829 829 833 835 835 835 837 930 928 925 925 923 920 918 918 869 869 0 0 0 0 0 0 0 543 543 543 543 543 543 543 540 540 540 540 538 538 538 538 534 534 535 535 536 536 537 537 537 537 537 537 537 537 537 538 539 540 540 540 540 540 542 543 544 544 544 544 544 544 545 546 546 546 547 548 548 548 549 549 550 550 551 551 551 553 553 553 553 554 554 554 558 558 558 558 536 538 538 538 538 539 539 534 534 528 528 0 0 0 0 540 540 539 538 538 538 539 539 545 545 546 546 545 545 545 545 546 546 545 545 0 0 0 0 0 0 0 0 0 0 0 0 1433 1433 1439 1439 1439 1433 1421 1421 1421 0 0 0 0 767 766 754 752 752 750 741 736 725 722 717 717 717 717 719 720 722 722 722 727 725 725 728 728 728 730 731 731 733 733 733 734 734 736 739 739 739 739 739 741 741 742 742 744 746 747 747 747 747 750 750 752 752 752 754 754 755 755 755 755 757 757 759 761 761 761 761 762 762 764 766 766 767 767 767 767 767 767 769 771 773 774 774 774 774 776 778 778 780 780 780 781 781 781 781 781 783 785 787 783 783 783 785 787 790 790 792
0 0 0 0 0 0 0 0 0 0 0 0 0 0 0 0 0 0 0 0 0 637 636 636 642 646 647 648 650 652 655 657 658 663 666 668 670 672 674 678 679 720 720 725 873 873 873 871 871 831 831 831 831 831 831 831 831 831 831 833 835 835 837 837 839 839 928 928 928 925 923 920 920 0 0 0 0 0 0 0 0 0 543 543 542 542 542 543 543 534 534 534 534 534 536 535 534 534 534 534 534 535 535 536 537 537 537 537 537 537 537 537 538 539 540 540 540 540 540 542 543 544 544 544 545 545 546 546 546 546 546 547 549 549 550 550 550 550 550 551 551 554 554 554 530 530 530 530 530 530 530 530 530 536 536 536 537 537 535 534 534 534 528 0 0 0 0 534 534 535 536 536 535 535 535 539 539 546 546 539 539 540 540 542 544 544 544 544 0 0 0 0 0 0 0 0 0 0 0 0 0 0 0 0 0 0 1421 1410 1410 0 0 0 0 767 764 754 754 754 752 741 734 730 722 719 719 719 719 720 720 722 725 727 727 728 728 728 728 730 731 733 733 734 734 734 736 736 738 741 741 741 742 742 744 746 746 746 746 749 749 750 750 750 752 752 752 754 754 755 757 757 757 757 759 759 761 761 762 766 764 764 766 766 766 767 769 769 769 769 769 769 771 771 774 778 780 780 778 778 780 780 780 781 781 781 783 783 783 783 785 787 789 789 787 787 787 787 789 792 792 794
0 0 0 0 0 0 0 0 0 0 0 0 0 0 0 0 0 0 0 0 0 0 636 636 641 643 646 647 650 652 655 657 658 662 664 667 670 672 674 716 719 720 722 723 723 878 875 873 871 871 833 833 833 833 833 833 833 833 835 835 837 837 837 839 843 854 928 928 928 928 925 923 923 0 0 0 0 0 0 0 0 543 543 540 540 539 539 539 534 534 534 534 534 534 534 534 534 534 534 534 534 535 535 536 537 537 537 537 538 537 537 538 539 540 540 540 541 541 542 543 544 545 546 547 548 547 546 546 546 546 548 549 550 550 550 550 0 0 550 525 525 525 529 530 530 530 530 530 530 530 530 530 530 531 536 535 535 535 530 530 528 528 528 528 529 529 534 534 534 535 536 533 533 532 532 533 533 534 534 535 536 539 539 540 542 544 543 540 540 541 0 0 0 0 0 0 0 0 0 0 0 0 0 0 0 0 0 1410 1410 0 0 0 773 771 764 759 755 755 754 754 733 730 727 722 722 722 722 722 723 725 727 728 728 730 731 731 731 731 733 734 736 738 738 738 739 739 742 744 744 744 744 746 746 746 747 749 750 752 752 752 752 754 754 754 755 755 757 759 759 761 761 761 761 762 762 764 766 767 767 767 767 769 769 771 771 771 773 773 773 773 774 774 778 780 780 781 780 780 781 781 781 783 783 783 785 785 785 785 789 790 790 790 790 790 792 792 794 794 794 794
0 0 0 0 0 0 0 0 0 0 0 0 0 0 0 0 0 0 0 0 0 0 636 636 638 641 643 644 647 650 653 655 657 659 663 667 670 706 706 710 714 716 720 723 723 723 875 873 871 871 835 835 835 835 835 835 835 835 837 837 839 839 841 845 851 854 928 928 930 930 928 928 0 0 0 0 0 0 0 0 0 0 540 540 540 537 537 534 534 534 534 534 534 534 534 534 534 534 534 535 535 536 536 537 538 538 538 538 538 538 539 540 540 540 540 541 543 543 543 545 546 546 546 548 549 549 547 547 547 547 549 550 550 550 0 0 0 0 0 0 525 525 529 529 529 529 529 530 530 529 529 529 528 528 529 528 528 527 527 528 528 528 527 527 528 528 528 528 535 527 527 528 529 529 529 526 525 525 526 527 527 529 529 533 530 530 542 531 531 537 0 0 0 0 0 0 0 0 0 0 0 0 0 0 0 0 0 0 0 0 0 0 773 767 764 761 759 759 755 755 733 730 727 725 725 725 725 725 725 727 728 728 730 733 733 733 734 734 736 738 739 739 739 739 741 742 744 746 746 746 746 746 747 747 749 750 752 754 754 754 754 755 755 757 759 759 759 761 762 762 762 762 762 764 764 766 767 767 767 769 769 771 773 773 773 774 774 776 778 778 778 778 780 780 781 781 783 783 785 785 785 785 785 785 785 787 787 787 790 792 792 794 794 794 794 796 796 796 796 803
0 0 0 0 0 0 0 0 0 0 0 0 0 0 0 0 0 0 0 0 0 0 636 636 638 641 643 644 647 649 652 654 657 659 662 667 700 700 704 708 711 714 719 723 723 723 875 875 871 871 867 839 839 839 837 837 837 837 839 839 841 841 845 849 851 854 858 935 935 935 935 0 0 0 0 0 0 0 0 0 0 536 536 534 534 534 534 534 534 534 534 534 534 534 534 534 534 534 534 535 537 536 536 537 538 538 539 539 540 540 541 541 541 544 544 544 544 544 546 546 547 547 547 549 549 550 550 0 0 0 0 0 0 0 0 0 0 524 524 525 525 525 525 527 527 527 528 530 528 526 526 526 526 526 525 525 525 525 525 528 528 528 524 524 525 524 524 524 524 524 525 525 525 526 525 525 525 525 525 526 526 526 527 527 529 529 529 529 530 536 534 534 0 0 0 0 0 0 0 0 0 0 0 0 0 0 0 0 0 0 0 0 774 767 767 762 761 759 759 759 734 730 728 727 727 727 728 728 730 730 731 733 734 734 736 736 738 739 739 741 741 741 741 741 744 744 746 747 747 747 749 749 749 749 750 752 754 755 755 755 757 757 759 761 761 761 762 764 766 766 766 766 766 766 767 769 769 771 771 773 773 774 774 774 774 776 778 778 780 780 781 781 781 781 781 785 785 787 787 787 789 789 789 789 789 790 794 794 796 798 798 798 798 800 802 802 803 803 805 807
0 0 0 0 0 0 0 0 0 0 0 0 0 0 0 0 0 0 0 0 0 0 636 636 640 641 643 644 647 649 652 654 657 659 662 662 694 694 701 706 708 713 719 722 723 723 730 871 871 869 854 845 843 843 841 841 841 841 841 841 843 845 847 851 856 856 858 935 935 938 0 0 0 0 541 541 542 0 535 535 536 536 534 534 534 534 534 534 534 534 534 534 534 534 534 534 534 536 537 537 538 538 538 538 539 539 540 541 541 541 542 542 542 0 0 0 0 0 0 0 0 0 0 521 521 521 518 518 0 0 0 0 0 0 0 521 524 524 524 525 525 525 525 526 525 525 525 525 523 523 524 524 524 524 523 523 523 523 523 523 523 522 522 522 523 522 522 522 522 522 522 524 522 522 523 523 523 524 525 525 525 525 525 525 526 527 527 527 527 527 529 529 531 0 0 0 0 0 0 0 0 0 0 0 0 0 0 0 0 0 0 0 0 767 767 764 762 762 762 764 734 730 728 728 728 728 730 731 731 733 733 736 738 738 738 739 741 741 742 742 742 742 742 746 747 747 749 749 749 750 752 752 752 752 754 754 755 757 759 759 759 759 761 762 764 764 766 766 767 767 767 767 767 769 771 771 773 773 774 774 776 776 776 776 776 778 780 780 781 781 783 785 785 785 785 787 787 789 789 789 792 792 794 794 794 794 798 796 796 798 798 800 802 802 803 803 805 805 807 809
0 0 0 0 0 0 0 0 0 0 0 0 0 0 0 0 0 0 0 0 0 637 636 636 640 641 643 646 648 650 652 654 657 658 662 690 690 693 701 704 706 711 716 722 723 728 730 730 871 869 854 847 845 843 843 843 843 843 843 845 847 847 851 854 858 860 860 871 0 0 0 0 0 0 541 541 541 535 535 534 534 534 533 533 534 534 534 534 0 534 534 534 534 535 535 536 536 537 538 538 539 540 540 0 0 540 0 541 541 541 541 541 541 517 0 0 0 0 0 517 517 517 521 0 0 0 0 0 0 0 0 0 0 0 0 0 521 521 521 522 523 523 521 521 522 521 520 520 521 521 522 521 520 520 521 521 521 520 517 517 517 517 517 520 521 520 520 520 520 520 520 519 519 519 520 520 521 521 523 523 523 523 524 524 525 525 525 525 525 525 525 526 527 0 0 0 0 0 0 0 0 0 0 0 0 0 0 0 0 0 0 0 0 771 767 766 764 764 764 764 734 734 731 731 731 731 731 733 733 734 736 738 741 741 741 741 742 742 744 746 746 746 746 747 749 750 750 752 752 752 752 752 754 754 755 757 757 759 759 761 762 762 764 764 766 767 767 769 769 767 767 769 771 771 773 773 774 774 776 778 780 780 780 780 780 780 781 781 781 783 789 789 789 790 790 790 792 792 792 794 794 796 796 796 796 796 800 802 802 800 800 802 803 805 805 807 807 809 811 811
0 0 0 0 0 0 0 0 0 0 0 0 0 0 0 0 0 0 0 0 0 637 637 638 641 642 644 647 649 650 652 654 657 658 688 688 688 693 701 704 706 710 716 722 725 728 730 730 871 871 860 849 845 845 845 845 845 845 845 847 849 851 854 856 862 864 871 871 0 0 0 0 0 0 542 540 540 535 535 534 534 534 533 533 534 535 536 0 0 0 0 0 0 0 0 0 0 540 540 540 540 540 540 540 0 0 0 517 0 0 0 0 0 0 0 0 0 0 517 517 517 517 521 521 521 517 518 518 0 0 0 0 0 0 0 519 519 520 520 521 521 520 519 518 517 517 517 517 518 517 517 516 516 517 517 517 517 517 517 516 516 516 515 515 519 519 517 517 517 517 519 517 517 518 519 519 519 519 519 520 520 520 521 521 521 522 522 522 522 522 523 525 525 527 0 0 528 528 529 0 0 0 0 0 0 0 0 0 0 0 0 0 0 0 767 767 766 766 764 764 739 734 731 731 733 733 733 734 734 736 738 739 741 742 744 744 744 744 746 746 749 750 750 750 752 752 752 754 754 754 754 754 755 755 757 759 759 761 761 764 766 766 766 766 766 769 769 771 771 771 771 773 774 774 774 776 776 781 781 783 783 785 785 785 785 785 785 787 789 789 790 790 790 792 792 794 794 796 796 796 798 798 798 800 800 800 802 802 805 805 805 805 807 809 809 809 809 809 811 811
0 0 0 0 0 0 0 0 0 0 0 0 0 0 0 0 0 0 0 0 0 638 638 641 642 644 646 648 650 652 652 655 657 659 683 686 688 693 700 703 706 710 717 723 725 728 730 730 871 871 862 856 849 847 847 847 847 847 849 849 851 854 858 860 864 871 871 871 0 0 0 0 0 0 541 540 538 536 536 536 534 534 533 533 534 535 536 0 0 0 0 0 0 0 0 0 0 0 0 540 540 540 540 540 0 0 0 0 0 0 0 0 517 0 0 0 516 516 517 517 517 517 518 517 517 517 518 518 0 0 0 0 517 517 517 517 517 517 517 517 517 517 517 516 515 515 515 515 514 514 514 514 514 514 514 515 515 515 515 515 515 514 514 514 514 517 516 514 514 515 515 516 516 516 517 517 517 517 517 517 517 518 518 518 519 520 521 521 521 521 521 522 523 523 523 523 523 525 526 527 528 529 529 532 533 0 0 0 0 0 0 0 0 0 769 767 767 767 0 0 739 738 734 734 734 736 736 738 738 739 741 744 746 746 746 746 746 746 749 750 752 752 752 752 752 752 754 754 755 755 755 755 757 759 761 761 761 764 764 766 767 767 767 767 771 774 774 774 776 776 776 778 780 780 781 781 781 783 783 785 785 787 787 789 789 789 792 792 794 794 794 794 794 794 794 794 796 796 798 800 800 803 802 802 803 805 807 807 807 809 809 809 809 809 811 811 811 811 813 813
0 0 0 0 0 0 0 0 0 0 0 0 0 0 0 0 0 0 0 0 0 640 640 642 644 646 647 649 652 653 654 655 657 679 683 686 688 691 698 701 704 707 717 723 725 727 728 728 871 871 867 862 858 854 854 851 851 851 851 851 854 858 860 862 869 873 873 873 0 0 0 0 0 0 541 537 537 536 536 536 535 535 533 533 534 0 0 0 0 0 0 0 0 0 0 0 0 0 0 0 0 0 0 0 514 514 514 517 517 517 517 517 0 0 0 0 0 516 516 514 514 515 517 516 515 515 516 516 516 514 514 514 514 514 514 514 514 514 516 514 514 516 516 514 513 513 512 512 512 513 513 512 512 512 512 513 513 513 514 514 514 513 513 512 511 511 511 511 511 511 513 513 513 514 516 516 515 515 515 515 515 516 516 516 516 516 516 517 517 517 518 519 519 523 521 521 522 523 523 523 527 528 528 528 529 529 0 0 0 0 0 0 0 0 0 0 0 0 0 0 742 741 736 736 738 738 738 738 738 741 742 746 746 747 747 747 749 750 752 752 754 754 754 754 755 755 755 759 759 761 764 766 766 766 766 766 769 769 771 771 771 773 773 773 774 774 776 778 780 780 780 781 781 781 783 783 783 785 785 787 787 789 790 792 792 792 794 794 796 796 798 796 796 798 798 800 800 800 802 802 803 803 805 805 805 807 809 811 811 811 811 811 813 813 817 817 817 819 817 817
0 0 0 0 0 0 0 0 0 0 0 0 0 0 0 0 0 0 0 0 0 642 642 644 646 647 648 650 654 655 657 675 676 679 683 686 688 691 694 701 704 707 716 722 723 727 727 727 727 867 867 864 860 860 856 854 854 854 854 856 858 860 864 869 873 878 875 875 0 0 0 0 0 0 533 533 536 536 536 536 535 535 0 0 0 0 0 0 0 0 0 0 0 0 0 0 507 507 0 0 0 0 0 0 514 514 514 515 515 515 514 514 514 514 514 514 515 514 513 513 513 513 514 514 513 513 514 516 516 510 510 512 512 512 514 511 511 511 511 511 511 511 513 513 510 510 511 511 511 511 511 511 511 511 510 510 510 510 511 511 512 511 511 511 511 510 510 510 511 511 511 511 511 511 511 511 511 512 512 512 512 512 512 512 514 513 513 514 514 514 514 514 514 514 514 515 517 518 517 517 519 519 521 521 522 524 524 525 525 0 0 0 0 0 0 0 0 0 0 0 742 741 739 739 739 739 739 741 741 744 747 747 750 752 754 754 755 755 755 755 757 757 759 761 761 762 764 764 766 766 766 766 766 767 767 771 773 773 773 774 774 774 774 774 778 778 778 780 781 781 781 783 785 785 785 787 787 787 789 789 789 790 792 794 794 796 796 798 798 800 800 800 800 802 802 802 802 802 803 805 805 807 807 807 807 809 811 813 813 815 815 815 815 819 819 821 821 823 821 821
0 0 0 0 0 0 0 0 0 0 0 0 0 0 0 0 0 0 0 0 0 643 643 646 646 647 649 652 653 655 657 675 676 679 683 686 688 691 694 701 704 708 714 720 722 725 727 727 727 871 871 869 864 862 860 858 856 856 860 860 862 867 869 873 875 878 878 878 0 0 0 0 0 0 533 533 536 536 536 536 534 534 0 0 0 0 0 0 0 0 0 0 511 510 510 510 507 507 507 0 508 508 506 506 511 511 513 514 515 508 508 510 505 505 504 504 504 504 505 506 507 507 507 512 512 513 514 507 507 507 507 507 507 507 506 506 506 506 507 507 507 505 505 506 506 507 507 507 507 506 506 505 505 506 507 507 507 502 502 504 504 504 505 507 508 507 507 508 507 507 507 507 507 507 507 507 507 507 507 507 508 509 510 510 511 511 511 511 512 513 513 513 513 513 514 514 514 514 516 517 517 518 519 519 520 521 522 523 523 523 0 0 0 0 0 0 0 0 0 0 0 742 742 742 744 746 746 747 747 750 750 752 752 754 754 754 757 757 759 759 761 761 761 762 762 764 766 766 767 767 767 767 769 771 773 773 774 774 774 776 776 776 778 781 781 781 781 781 783 783 785 787 789 789 789 789 790 790 792 794 794 794 794 796 796 798 800 800 800 802 802 802 802 803 805 805 807 807 807 807 807 809 809 811 811 811 813 815 815 817 817 817 821 823 823 825 825 825 825 825
0 0 0 0 0 0 0 0 0 0 0 0 0 0 0 0 0 0 0 0 0 643 643 646 647 648 649 650 653 655 672 675 676 679 683 686 687 690 696 704 704 708 714 720 722 723 727 727 727 727 869 869 867 867 864 862 862 864 864 867 869 869 871 875 875 878 878 0 0 0 0 0 0 0 0 0 534 534 534 536 534 534 0 0 0 0 0 0 0 0 0 0 511 507 507 508 506 506 506 508 508 504 504 505 507 511 513 514 514 508 508 506 504 504 504 504 504 504 505 505 506 505 505 512 504 504 503 503 507 507 504 504 504 505 505 505 505 505 505 503 502 502 503 504 504 505 504 504 504 504 504 503 503 503 503 504 502 502 502 502 503 504 504 505 505 506 506 506 506 505 505 504 504 504 504 507 506 506 507 507 507 507 507 507 507 507 508 508 509 509 510 511 511 513 512 511 511 512 514 514 514 517 517 517 517 518 520 521 522 523 524 0 0 0 0 0 0 0 0 0 0 0 744 744 747 747 749 750 752 752 754 754 754 755 757 757 759 761 762 762 762 762 762 766 766 767 767 769 771 771 771 773 773 773 774 776 778 778 780 780 780 781 783 785 785 785 785 785 787 787 789 789 790 792 792 792 794 794 794 796 796 798 798 798 800 802 802 802 803 803 805 805 807 809 809 809 809 809 811 813 813 811 811 813 815 815 819 819 819 821 821 823 825 825 825 825 825 827 827 827
0 0 0 0 0 0 0 0 0 0 0 0 0 0 0 0 0 0 0 0 0 646 646 647 647 649 649 650 653 672 672 675 676 679 683 686 687 690 696 704 706 710 714 720 722 723 727 728 728 0 871 871 871 871 869 867 867 867 869 869 871 871 873 875 875 0 0 0 0 0 0 0 0 0 0 0 0 504 504 505 506 0 0 0 0 0 0 0 0 0 505 505 502 502 504 504 504 504 504 504 503 503 504 505 503 503 504 504 504 500 504 504 503 503 504 504 504 504 504 504 504 502 502 502 502 502 502 502 502 502 503 503 504 504 504 504 504 504 502 500 500 501 502 502 503 504 502 502 502 502 502 502 502 502 502 502 502 501 501 502 502 503 503 503 502 502 502 502 502 502 504 504 504 504 504 504 504 504 504 505 505 505 505 505 506 506 507 507 507 507 507 508 509 511 511 511 511 511 513 513 513 514 516 515 515 516 517 519 520 521 521 521 521 522 524 0 0 0 0 0 0 0 747 747 747 747 752 752 754 755 757 757 757 759 759 759 762 764 766 766 766 766 767 769 769 769 769 771 773 773 774 774 774 776 776 778 780 780 781 781 781 783 785 787 787 787 789 789 789 790 790 790 792 794 794 794 796 796 796 798 798 800 802 802 803 803 803 805 807 807 809 809 809 811 811 813 813 815 815 815 815 817 817 817 817 819 823 823 823 825 825 827 827 827 827 827 829 829 829 829
0 0 0 0 0 0 0 0 0 0 0 0 0 0 0 0 0 0 0 0 0 646 646 647 647 649 649 652 653 671 672 675 678 680 683 684 687 690 696 703 706 710 716 720 722 725 728 731 731 738 0 878 878 875 871 871 871 871 871 871 871 871 875 875 875 0 0 0 0 0 0 0 0 0 0 0 0 504 504 504 504 504 0 0 0 0 0 0 0 500 500 500 501 502 503 503 504 504 499 499 499 502 502 500 500 501 500 500 500 500 504 504 501 501 499 499 500 500 501 502 501 500 499 499 499 499 499 499 499 499 499 500 499 499 499 500 504 499 499 499 499 499 500 500 500 499 499 500 499 499 500 500 500 499 499 500 501 501 500 500 500 500 501 503 500 500 501 501 501 501 502 503 503 503 503 503 504 503 502 502 503 503 504 504 504 504 505 505 506 506 506 507 507 507 507 508 509 509 510 510 511 511 512 513 513 514 515 517 517 521 519 519 520 521 521 525 526 0 0 0 0 0 0 0 0 755 755 755 757 757 759 759 759 761 761 764 766 766 767 767 767 769 769 771 773 773 773 773 774 776 778 778 778 778 780 780 781 783 783 783 785 785 787 787 789 789 792 792 792 794 794 794 794 796 796 796 800 800 800 800 800 802 803 803 805 805 805 807 809 811 811 811 813 813 813 815 817 817 817 817 819 819 819 819 821 821 825 825 825 827 829 829 831 831 831 831 831 831 833 0
0 0 0 0 0 0 0 0 0 0 0 0 0 0 0 0 0 0 0 0 0 646 646 647 648 649 650 652 653 671 672 674 676 679 682 683 686 690 696 701 706 710 714 719 722 723 727 730 738 738 738 0 880 878 873 873 873 873 873 873 873 873 507 507 507 507 504 504 0 0 0 0 0 0 0 0 500 505 505 504 502 501 501 501 501 0 0 0 497 497 497 499 499 500 501 502 503 504 499 498 498 499 499 499 499 499 499 499 499 499 499 497 497 499 499 499 498 498 499 499 499 499 499 498 497 497 497 498 499 499 498 497 497 497 497 497 496 496 496 497 498 499 499 499 499 499 499 499 499 499 499 498 498 498 497 497 498 498 498 499 499 499 499 498 498 499 500 500 501 501 501 501 501 501 501 501 502 502 502 502 502 502 502 502 503 503 504 504 504 504 504 505 505 504 504 506 506 507 507 507 507 507 510 511 511 512 513 513 513 514 514 517 519 520 520 521 524 525 525 525 0 0 0 0 0 0 757 757 759 759 761 762 762 764 766 766 769 769 771 771 771 771 773 774 774 774 774 776 778 780 780 780 780 781 781 783 783 785 785 785 787 787 789 789 790 792 794 794 794 796 796 796 796 798 798 800 802 802 802 803 805 805 807 807 807 809 809 811 811 813 815 815 815 815 815 817 817 817 819 819 821 823 823 823 825 825 827 827 829 829 831 833 833 833 835 835 833 833 835 0
0 0 0 0 0 0 0 0 0 0 0 0 0 0 0 0 0 0 0 0 0 646 646 647 648 649 650 653 655 667 672 674 676 679 682 683 686 690 696 701 704 707 713 716 717 720 727 730 736 738 0 0 880 880 878 875 875 878 0 0 0 0 0 507 507 507 504 504 504 504 0 0 0 0 499 499 500 500 497 497 497 497 499 500 500 0 0 0 497 497 497 499 499 500 499 499 503 503 499 498 498 496 496 497 498 498 497 496 496 496 496 496 496 496 496 499 498 498 498 499 496 496 496 496 496 496 496 496 496 496 495 495 496 496 496 496 496 495 495 496 496 495 495 495 494 494 496 496 496 497 496 496 496 496 496 496 496 496 496 496 497 497 497 496 496 496 499 499 499 499 499 499 499 499 499 498 498 499 499 500 501 501 502 502 502 502 502 502 502 502 504 504 504 504 504 504 504 504 505 505 506 507 508 509 510 511 511 511 511 513 513 513 513 518 519 520 521 524 525 525 526 0 0 0 0 0 0 761 761 762 766 766 767 767 769 769 771 771 773 773 773 773 774 776 778 778 780 780 780 780 781 783 783 783 785 785 787 787 789 790 790 792 792 792 792 796 796 796 798 798 800 800 800 802 802 803 803 805 805 807 809 809 809 809 811 811 811 813 813 815 817 817 817 819 819 819 819 819 823 825 825 825 825 825 827 827 829 831 833 833 833 835 835 835 835 835 835 837 839 0
0 0 0 0 0 0 0 0 0 0 0 0 0 0 0 0 0 0 0 0 0 647 647 648 650 650 652 654 659 667 672 674 676 679 682 684 687 691 694 701 703 707 713 716 717 719 723 727 734 738 0 0 0 882 882 880 880 0 0 0 0 0 499 500 500 500 500 502 502 504 0 495 495 496 497 497 500 500 496 496 496 496 496 499 499 499 0 494 494 494 498 499 499 500 499 499 499 491 493 493 492 492 495 496 496 496 496 496 496 496 496 494 494 493 493 493 493 493 493 494 494 494 494 494 494 494 494 494 493 493 494 494 495 495 495 494 494 495 495 495 496 494 494 494 494 494 494 494 494 495 494 494 495 496 495 495 494 494 495 496 496 496 496 496 496 496 496 498 498 499 496 496 496 496 496 496 496 496 498 499 499 500 499 499 500 500 499 499 500 501 502 502 502 502 502 502 502 503 504 504 504 505 505 506 507 507 507 510 510 511 511 511 511 511 514 517 518 519 521 525 526 0 0 0 0 0 0 0 0 767 767 767 767 769 769 773 774 774 774 774 774 776 776 778 780 780 780 781 781 783 785 787 787 787 787 789 789 789 792 792 792 792 792 794 794 798 798 800 802 803 803 803 803 803 805 805 807 807 809 809 811 811 811 813 813 813 815 815 817 819 819 821 823 823 825 825 825 825 827 827 829 831 831 831 831 831 833 835 835 837 837 837 839 839 839 839 841 841 843 0
0 0 0 0 0 0 0 0 0 0 0 0 0 0 0 0 0 0 0 0 0 647 647 648 650 650 652 654 664 668 672 674 676 680 682 683 686 688 694 701 703 706 713 716 717 717 720 723 728 738 0 0 0 887 887 0 0 0 0 0 0 500 499 499 499 499 499 502 502 502 494 494 494 495 495 495 495 495 494 494 494 494 495 498 499 499 0 492 492 492 492 492 490 490 490 486 486 491 491 491 492 492 493 494 491 491 494 494 496 496 492 492 491 491 491 491 491 491 491 492 492 489 489 490 490 493 493 492 492 492 492 492 493 493 493 493 491 491 491 491 494 493 492 492 492 492 493 492 492 491 491 493 494 494 494 494 494 494 494 494 494 495 495 494 494 494 494 494 494 494 494 494 495 495 495 495 496 496 496 497 498 498 496 496 496 496 496 497 499 499 500 500 498 498 500 500 501 502 502 502 502 503 504 504 504 505 505 507 509 510 510 510 510 511 511 513 515 517 517 526 526 0 0 0 0 0 0 0 0 0 769 769 771 771 773 773 774 776 776 776 778 780 780 780 781 781 783 785 787 789 789 789 789 789 790 792 792 792 794 794 796 796 796 796 796 800 802 803 803 805 805 805 807 807 809 809 809 811 811 813 813 813 815 817 817 819 819 819 819 821 823 825 825 827 827 827 829 829 829 829 833 833 833 833 835 837 837 839 839 841 841 841 841 843 843 843 843 845 845 0
0 0 0 0 0 0 0 0 0 0 0 0 0 0 0 0 0 0 0 0 0 648 648 650 652 652 653 658 666 668 672 674 676 680 682 683 686 688 694 701 703 706 711 714 717 717 720 719 719 0 0 0 0 0 0 0 0 0 0 0 0 498 498 498 497 496 494 494 494 492 492 493 493 491 491 493 494 495 494 494 494 494 494 498 498 498 0 492 492 492 492 489 490 490 490 486 486 486 490 490 491 491 491 490 490 490 491 490 490 489 489 489 489 489 489 489 490 491 491 491 490 489 489 488 488 489 489 489 490 491 491 491 491 492 492 491 490 489 489 489 490 491 491 491 491 491 491 491 491 491 491 491 492 493 494 493 493 491 491 492 492 493 492 492 492 492 493 492 492 493 493 493 493 493 493 494 494 494 495 495 495 495 495 495 495 495 495 496 496 497 496 496 496 496 496 498 498 499 499 499 500 500 501 501 502 502 502 503 507 507 508 508 508 510 510 511 511 512 514 514 517 0 0 0 0 0 0 0 0 0 0 773 773 774 776 778 780 780 780 780 781 781 781 783 785 785 785 787 789 789 790 790 790 792 792 794 794 794 796 798 798 800 800 802 802 802 803 807 807 807 809 809 809 811 811 811 811 813 813 815 817 817 819 819 821 823 823 823 823 823 825 827 827 827 829 831 833 833 833 833 833 835 835 835 837 839 839 841 841 843 843 843 843 845 845 845 845 847 847 0
0 0 0 0 0 0 0 0 0 0 0 0 0 0 0 0 0 0 0 0 0 649 649 650 652 654 657 662 666 668 672 674 678 682 683 684 686 691 694 701 703 706 711 714 716 717 720 719 719 0 0 0 0 0 0 0 0 0 0 0 0 498 498 498 496 493 493 492 492 491 491 493 493 491 491 490 489 489 490 491 491 492 492 492 485 484 482 482 483 489 489 489 489 488 487 486 486 485 485 490 487 487 487 487 488 488 486 486 487 487 487 487 487 487 488 488 489 489 489 488 488 488 488 487 487 487 487 488 489 491 489 489 489 489 490 488 488 488 489 488 488 491 488 488 489 490 489 489 489 489 490 489 489 489 490 490 490 489 489 490 491 491 491 491 491 491 491 491 491 491 491 491 491 491 492 492 492 492 492 492 492 492 493 494 494 494 495 495 495 494 494 494 494 495 496 496 498 497 497 498 498 499 500 500 501 501 502 502 503 504 505 506 507 507 508 508 509 509 511 511 514 516 517 0 0 0 0 0 0 0 0 0 780 780 781 781 781 781 783 783 783 785 785 787 787 787 787 789 790 792 792 794 794 796 796 796 796 798 800 800 802 802 803 803 803 803 805 809 809 811 811 811 811 813 813 813 815 815 817 817 819 819 821 821 821 825 825 825 827 827 829 829 829 831 831 835 835 835 835 835 837 837 837 841 841 841 841 843 845 845 847 845 845 849 849 849 849 849 849 0
0 0 0 0 0 0 0 0 0 0 0 0 0 0 0 0 0 0 0 0 0 650 650 650 653 655 658 662 664 667 672 674 678 682 683 684 686 691 694 700 701 706 710 713 716 717 720 720 0 0 0 0 0 0 0 0 0 0 0 0 0 498 498 498 496 491 491 491 491 491 491 491 493 491 489 489 489 489 490 490 490 487 487 486 485 484 482 482 483 483 483 486 486 487 487 484 484 484 484 484 484 484 486 487 485 484 484 484 486 487 486 485 485 487 487 487 487 486 485 485 486 487 487 487 487 487 487 487 487 486 486 487 487 487 487 487 487 487 487 488 488 485 485 486 486 487 487 488 487 487 487 487 487 487 489 488 488 488 488 489 489 489 489 489 490 490 489 489 489 489 490 490 490 490 490 491 490 490 491 491 491 491 491 491 491 491 493 493 493 493 493 493 493 494 494 495 496 496 496 496 496 497 498 499 499 499 499 501 502 502 502 504 505 505 505 507 507 507 509 510 512 514 516 518 0 0 0 0 0 0 0 0 781 781 781 783 785 785 787 787 787 787 789 789 789 787 787 789 790 792 794 796 796 798 798 800 800 802 803 803 803 805 805 805 805 807 809 811 811 811 811 815 815 815 817 817 817 819 819 819 823 823 823 825 825 827 829 829 831 831 831 833 833 833 833 839 839 841 841 841 841 841 841 843 843 845 845 845 847 847 849 851 851 851 851 851 851 851 851 0
0 0 0 0 0 0 0 0 0 0 0 0 0 0 0 0 0 0 0 0 0 650 650 652 654 657 659 662 664 667 672 674 678 682 683 684 687 691 694 700 701 703 710 713 716 717 0 0 0 0 0 0 0 0 497 497 0 0 0 0 0 0 0 482 482 491 491 486 486 484 484 484 484 489 489 489 485 484 484 482 482 483 486 485 484 483 482 482 482 482 482 481 481 486 486 484 484 483 482 482 482 483 485 485 485 483 483 483 483 483 485 484 484 482 482 485 485 485 484 484 485 486 486 486 487 486 486 486 485 485 485 484 484 484 484 484 485 485 485 484 484 484 484 485 485 485 485 486 487 485 485 485 485 487 486 486 487 487 487 487 487 487 487 487 487 487 487 487 487 488 488 488 489 489 489 488 488 488 489 489 489 488 488 489 489 489 489 489 490 490 491 491 491 492 492 494 494 494 495 495 496 496 496 497 496 496 496 500 501 499 499 499 501 502 502 504 504 506 507 509 510 511 512 518 0 0 0 0 0 0 0 0 0 0 785 785 785 787 787 789 789 789 790 792 790 789 789 789 790 794 796 798 800 802 802 802 803 803 805 805 807 807 809 809 811 813 813 815 817 817 817 819 819 819 819 819 821 823 823 823 825 827 827 829 831 831 833 833 833 833 835 835 835 837 837 839 841 843 841 841 841 841 845 845 845 849 849 849 849 851 851 854 854 856 856 858 856 854 854 0
0 0 0 0 0 0 0 0 0 0 0 0 0 0 0 0 0 0 0 0 0 650 650 652 655 658 661 662 664 667 674 676 679 682 684 686 688 691 694 697 701 703 708 714 717 719 0 0 0 0 0 0 495 495 495 496 0 0 0 0 0 0 482 482 482 483 483 484 483 483 484 484 484 483 483 482 482 484 484 482 482 483 485 484 483 482 482 482 482 480 480 480 480 486 485 484 482 482 480 480 482 482 483 484 483 482 482 481 481 482 483 482 482 482 482 482 483 484 483 482 482 482 482 482 482 482 484 482 482 480 480 484 483 483 483 484 484 485 484 483 483 483 483 484 484 484 484 484 484 484 484 484 484 485 485 485 484 484 484 483 483 484 485 486 486 486 486 487 487 487 487 487 487 487 487 487 487 487 487 487 487 487 487 488 488 489 488 488 489 490 490 490 490 490 490 490 490 490 491 493 494 495 496 496 495 495 495 495 496 497 497 498 499 500 501 502 502 502 504 506 507 508 510 511 511 0 0 0 0 0 0 0 0 0 0 787 787 789 789 790 792 792 794 794 792 789 789 789 792 796 798 800 802 803 803 803 805 807 807 809 809 811 811 813 813 813 815 817 819 821 821 821 821 821 823 823 825 827 827 827 827 827 829 831 833 835 835 837 837 837 837 837 841 841 841 841 843 843 843 843 843 843 847 849 849 851 851 851 851 854 854 858 858 858 858 860 862 864 864 0
0 0 0 0 0 0 0 0 0 0 0 0 0 0 0 0 0 0 0 0 0 653 653 654 657 659 662 663 666 668 675 678 680 682 684 686 688 691 694 697 700 703 708 0 0 0 0 0 0 0 0 0 490 490 494 496 0 0 0 482 0 0 481 481 482 482 482 482 482 482 482 484 483 482 482 482 482 482 482 484 484 484 485 484 482 482 481 481 480 480 480 480 480 480 480 480 480 480 480 480 482 482 482 481 480 480 480 480 480 480 480 482 482 482 482 481 480 480 480 481 481 482 481 481 482 482 484 480 480 480 480 482 482 482 482 482 483 484 483 482 482 482 482 484 482 482 482 482 482 483 483 483 483 483 483 482 482 482 482 482 482 483 483 484 485 485 485 485 485 486 486 486 484 484 485 486 485 485 486 486 487 487 487 487 487 487 487 487 487 489 489 489 489 489 489 489 489 489 490 491 493 494 495 495 494 494 494 494 495 495 496 497 497 498 499 500 501 501 501 502 504 504 506 509 510 511 0 0 0 0 0 0 0 0 0 0 789 789 792 792 794 796 796 798 794 792 790 790 794 800 802 805 805 805 805 805 807 809 811 811 813 815 815 817 817 817 819 819 821 823 823 825 825 825 825 827 827 827 829 831 831 831 831 833 835 835 837 839 841 841 841 841 843 843 841 841 847 847 847 847 845 845 849 849 851 854 854 858 860 862 862 862 862 862 864 867 867 869 869 0
0 0 0 0 0 0 0 0 0 0 0 0 0 0 0 0 0 0 0 0 0 0 0 0 661 661 663 664 666 668 676 678 680 683 684 687 688 691 694 696 700 703 0 0 0 0 0 0 0 0 0 488 488 488 489 489 0 0 484 0 482 482 481 481 482 482 482 482 482 482 482 484 482 482 482 482 482 482 482 482 482 476 476 476 478 479 479 480 480 480 480 479 479 478 478 477 477 478 479 479 481 481 482 480 478 478 479 479 480 479 479 479 480 480 480 479 479 478 478 480 480 481 480 480 480 480 482 478 478 478 479 481 482 480 480 481 481 480 480 480 480 480 480 480 480 480 480 481 480 480 480 481 482 482 480 480 482 482 482 482 482 482 482 482 483 484 484 484 484 484 484 484 483 483 484 484 484 484 484 484 485 486 486 486 485 485 485 485 485 485 485 485 486 487 487 487 487 488 489 489 490 491 495 491 491 491 491 491 492 493 494 496 496 496 496 496 499 499 500 501 502 503 504 505 507 511 0 0 0 0 0 0 0 0 0 0 0 0 796 796 798 800 802 802 800 800 800 800 802 803 807 809 809 809 809 809 811 811 813 815 817 817 817 819 819 819 821 823 825 825 825 825 827 827 827 829 831 833 833 835 835 835 835 837 839 839 839 841 841 841 843 843 845 849 849 849 849 851 851 851 854 856 858 858 858 858 858 860 862 864 864 867 867 867 867 869 869 869 869 0
0 0 0 0 0 0 0 0 0 0 0 0 0 0 0 0 0 0 0 0 0 0 0 0 0 664 664 666 667 670 676 679 682 683 686 687 688 691 693 696 700 0 0 0 0 0 0 0 0 0 488 487 487 487 487 484 484 484 0 482 482 482 482 482 481 481 482 482 477 477 475 475 476 476 476 482 482 482 482 482 476 476 476 476 476 476 478 479 479 479 477 477 477 476 476 476 476 476 476 477 478 474 474 477 477 477 477 478 478 478 477 477 479 479 478 478 478 478 478 478 478 478 478 477 476 476 480 478 478 478 479 480 480 479 479 479 479 478 478 478 479 479 479 479 479 479 479 480 480 478 478 478 480 480 480 480 480 480 480 481 481 480 480 482 482 482 481 481 480 480 481 482 481 481 482 482 482 482 483 483 482 482 483 483 483 483 483 484 484 484 484 484 484 484 484 485 486 487 488 488 489 485 485 488 489 490 490 491 491 491 492 494 494 495 495 495 496 497 498 499 500 502 502 503 506 507 507 0 0 0 0 0 0 0 0 0 0 0 798 798 800 802 802 803 803 803 803 803 805 809 809 811 811 811 811 811 813 815 817 819 819 819 819 819 821 823 825 827 827 827 827 827 829 831 833 833 835 837 839 839 839 841 841 843 843 845 845 845 847 847 847 847 849 851 851 854 854 856 854 854 858 860 860 860 860 860 860 860 867 867 867 869 869 869 869 871 871 871 873 0
0 0 0 0 0 0 0 0 0 0 0 0 0 0 0 0 0 0 0 0 0 0 0 0 0 0 667 667 668 671 674 679 682 684 684 688 690 691 693 696 0 0 0 0 0 0 0 0 482 482 482 484 484 484 487 484 482 481 481 481 482 482 481 480 480 478 478 477 475 475 474 474 475 475 476 476 481 481 481 476 476 476 476 476 476 474 474 475 477 477 476 476 476 474 474 475 474 474 476 476 472 472 472 474 476 476 476 477 473 473 474 474 475 477 476 476 476 476 477 477 477 477 477 476 474 474 474 474 475 477 478 478 479 476 476 477 477 477 477 477 477 477 478 478 478 478 478 478 478 477 477 477 477 478 479 479 480 479 479 479 479 479 480 480 480 480 480 480 480 480 480 480 480 480 480 480 480 481 480 480 480 481 481 482 482 482 482 482 482 482 482 482 482 482 482 483 484 484 486 486 484 484 485 487 487 488 489 489 489 490 491 491 489 488 488 489 491 491 493 494 496 497 498 498 501 502 502 504 504 505 506 0 0 0 0 0 0 0 0 802 802 803 803 805 805 807 807 807 809 813 813 813 813 813 815 815 817 819 819 823 825 825 827 827 827 829 829 831 831 833 833 835 837 837 837 837 839 839 841 841 841 843 843 845 845 847 849 849 851 851 851 851 856 856 858 858 858 858 860 860 860 862 864 864 864 864 867 867 867 867 869 869 869 869 869 871 0 0 0 0
0 0 0 0 0 0 0 0 0 0 0 0 0 0 0 0 0 0 0 0 0 0 0 0 0 520 521 671 671 671 674 680 683 684 684 688 690 691 693 0 0 0 0 0 0 0 482 482 482 482 482 484 484 484 487 487 478 476 476 476 476 475 475 475 475 475 474 474 474 474 474 474 474 475 476 476 469 469 469 478 476 474 474 474 474 473 473 474 474 476 474 474 474 474 474 474 474 474 476 476 472 472 472 474 474 474 474 472 472 472 472 473 474 475 476 475 475 475 476 476 476 476 476 474 474 474 474 474 475 475 475 474 474 474 474 476 477 476 476 476 476 476 476 476 476 476 476 476 476 476 476 476 476 476 476 476 480 476 476 476 476 476 474 474 474 476 476 476 476 477 477 477 476 476 477 477 477 476 476 476 477 477 478 478 478 481 479 478 478 479 479 479 480 480 480 480 480 481 481 481 482 482 482 483 484 485 486 487 487 489 489 488 487 487 487 487 489 490 491 491 495 494 494 496 497 497 498 502 503 504 504 0 0 0 0 0 0 0 0 0 0 809 809 809 809 811 813 815 817 817 817 819 819 819 819 821 823 825 825 827 827 829 829 831 831 831 833 833 833 833 835 837 837 837 839 841 843 843 843 843 845 847 847 849 849 849 851 851 854 854 856 858 858 858 860 860 860 860 860 860 862 864 867 864 864 864 867 867 867 867 869 1264 1264 1268 1268 1268 0 0 0 0
0 0 0 0 0 0 0 0 0 0 0 0 0 0 0 0 0 0 0 0 0 0 0 0 520 520 521 521 521 522 524 525 688 688 688 688 0 0 0 0 0 0 0 0 0 0 478 478 480 480 480 480 480 480 477 477 476 476 475 475 475 475 475 474 474 474 474 473 473 474 473 473 473 474 475 476 469 469 469 478 478 474 474 472 471 471 471 471 474 476 473 473 473 474 474 474 474 475 476 476 474 474 474 474 473 471 471 472 472 472 472 472 473 475 470 470 475 474 474 473 472 472 472 472 472 472 474 472 472 473 474 472 472 472 472 472 473 473 473 472 472 472 472 473 473 473 473 473 473 473 474 475 474 473 472 472 472 473 474 474 474 473 473 473 473 474 474 474 475 475 475 475 476 476 476 476 476 476 476 476 476 476 476 475 475 476 477 476 476 477 478 478 479 479 479 479 479 478 478 478 480 481 481 483 484 484 486 487 487 489 489 488 487 486 486 486 489 489 489 489 490 491 492 494 494 494 495 496 497 502 503 504 0 0 0 0 0 0 0 0 0 0 809 809 813 817 817 819 819 819 819 821 821 821 821 823 825 827 827 829 831 833 833 833 833 833 835 835 835 837 837 839 839 839 843 843 845 845 845 845 847 849 849 851 851 851 856 856 858 858 860 860 860 862 862 862 860 860 867 867 869 869 867 867 867 867 867 867 1255 1255 1259 1264 1264 1264 1264 1264 0 0 0 0
0 0 0 0 0 0 0 0 0 0 0 0 0 0 0 0 0 0 0 0 0 0 0 0 518 518 520 521 522 522 524 525 526 0 0 0 0 0 0 0 0 0 0 0 0 479 478 478 478 478 478 478 478 476 476 476 476 475 474 473 473 475 475 474 474 473 472 472 472 472 472 472 472 472 475 475 471 470 470 470 474 474 474 469 469 469 470 471 471 471 471 473 473 474 474 0 0 0 0 0 0 0 468 468 468 470 470 471 472 472 466 466 473 468 468 468 475 474 472 471 471 471 471 472 472 472 474 472 472 468 468 469 471 471 471 471 472 471 471 470 470 471 471 471 472 472 472 472 472 472 472 475 474 472 472 472 472 472 472 472 472 472 473 472 472 473 473 473 474 474 474 474 474 475 476 475 475 474 473 473 474 474 474 474 474 474 474 475 476 477 478 478 479 477 477 479 478 478 478 478 480 481 481 483 484 484 473 473 474 473 473 473 487 484 484 484 486 487 487 488 488 489 491 492 492 493 494 494 495 499 500 500 502 0 0 0 0 0 0 0 0 0 0 0 819 819 819 819 821 821 821 823 825 825 825 827 827 829 829 833 833 835 835 835 835 837 839 839 839 839 841 841 843 843 845 847 847 847 849 849 851 851 851 854 854 856 856 858 860 862 860 860 862 862 864 864 878 878 878 1259 1255 1255 1259 1259 1259 1255 1255 1255 1250 1250 1255 1255 1259 1259 1259 1259 0 0 0 0
0 0 0 0 0 0 0 0 0 0 0 0 0 0 0 0 0 0 0 0 0 0 0 0 517 517 519 521 522 523 524 525 526 526 0 0 0 0 0 0 0 0 0 0 0 477 476 476 476 476 476 474 474 476 476 474 474 474 472 472 472 472 472 474 472 472 471 471 471 470 470 470 471 471 471 469 469 469 469 469 465 465 465 465 468 468 469 0 0 471 471 473 473 474 474 0 0 0 0 0 0 467 467 467 468 468 468 465 465 465 466 466 466 468 468 468 468 472 472 469 469 469 471 471 472 472 472 468 468 468 468 469 470 471 471 471 471 470 470 470 469 469 469 469 471 470 470 470 470 469 469 470 474 470 470 470 470 471 470 470 471 470 470 471 472 472 472 472 472 471 471 472 472 474 475 474 472 472 472 472 472 473 473 474 474 474 474 475 476 476 467 467 477 477 477 479 478 478 478 471 471 471 471 471 472 472 472 473 473 473 473 472 472 484 483 483 483 484 485 487 487 487 489 490 491 491 492 493 494 496 496 499 501 501 0 0 0 0 0 0 0 0 0 0 821 821 823 823 825 825 825 827 827 829 829 831 831 831 833 835 837 837 837 839 839 841 841 843 843 843 845 845 845 845 849 849 851 851 851 851 851 851 854 854 856 858 858 858 862 1250 1250 1250 1250 1250 1255 1255 878 878 878 1255 1255 1250 1250 1250 1250 1250 1250 1250 1250 1250 1250 1250 1255 1255 1255 1255 0 0 0 0
0 0 0 0 0 0 0 0 0 0 0 0 0 0 0 0 0 0 0 0 0 0 0 0 516 515 515 519 521 521 523 523 524 526 0 0 0 0 0 0 0 0 0 0 475 475 476 474 474 474 474 474 473 473 473 474 474 470 470 470 470 472 472 472 472 470 470 470 471 470 468 468 469 471 471 469 469 469 469 469 464 464 464 465 467 468 468 0 0 0 0 0 0 0 0 0 0 0 0 0 0 467 467 467 468 468 467 465 465 465 466 466 466 467 467 467 467 464 468 468 467 467 467 466 467 467 467 467 467 468 468 468 468 468 470 470 471 470 468 468 468 468 467 467 468 468 469 469 469 469 469 470 467 467 468 469 469 470 469 469 468 468 468 468 470 470 470 470 470 470 470 470 470 474 475 474 471 470 470 470 471 471 471 474 474 474 474 474 465 467 467 467 467 468 468 468 469 469 470 470 470 470 470 471 471 472 472 472 472 472 472 471 471 471 482 482 482 483 484 484 485 486 487 487 489 489 489 491 491 494 496 496 499 500 503 0 0 0 0 0 0 0 0 0 823 823 823 825 827 827 829 829 829 833 833 833 833 835 837 839 839 841 841 843 843 843 843 843 843 845 847 849 849 849 849 851 851 851 851 851 851 858 858 858 858 858 858 860 862 1250 1250 1250 1250 1241 1241 1245 1250 878 878 1250 1250 1250 1250 1250 1250 1250 1250 1250 1250 1250 1250 1250 1250 1250 1250 1250 0 0 0 0
0 0 0 0 0 0 0 0 0 0 0 0 0 0 0 0 0 0 0 0 0 0 0 0 515 514 514 517 519 521 521 521 524 525 0 0 0 0 0 0 0 0 0 477 475 472 472 472 472 472 473 472 472 473 473 473 470 470 470 470 470 470 470 463 470 470 470 470 464 464 466 467 467 467 467 467 467 466 466 464 463 463 463 464 467 468 468 0 0 0 0 0 0 0 0 0 0 0 0 0 0 468 468 468 468 468 466 465 465 465 465 465 466 466 465 464 464 464 468 468 466 466 466 466 464 467 467 467 466 466 467 466 466 467 470 470 471 471 468 468 467 467 467 466 466 466 469 468 468 465 465 467 467 467 468 468 468 469 469 469 467 467 467 467 467 468 468 468 468 468 469 469 469 469 469 471 471 470 470 470 470 470 471 463 463 463 463 465 465 465 466 467 467 467 467 468 468 468 469 469 469 469 469 469 469 470 470 470 470 470 470 470 470 470 482 481 480 480 482 482 483 483 484 484 486 487 487 489 490 490 492 493 494 496 496 499 0 0 0 0 0 0 0 0 0 823 823 825 827 829 833 833 833 835 835 835 835 837 839 841 841 841 843 845 847 847 845 845 845 845 847 849 849 849 851 851 851 851 854 854 854 1022 869 869 1241 1241 1241 1245 1245 1245 1245 1245 1245 1236 1236 1241 1241 1245 1245 1250 1245 1245 1245 1245 1245 1245 1245 1250 1245 1245 1245 1245 1245 1245 1245 1245 0 0 0 0
0 0 0 0 0 0 0 0 0 0 0 0 0 0 0 0 0 0 0 0 0 0 0 0 511 511 513 513 517 519 521 521 523 524 0 0 0 0 0 0 0 0 0 476 472 472 472 471 470 470 473 470 470 467 467 467 467 464 464 463 463 463 0 463 463 462 462 463 463 464 464 465 465 465 466 465 465 465 465 464 463 463 463 463 468 468 468 0 0 0 0 0 0 0 0 0 0 0 0 0 0 0 0 468 468 468 466 465 465 465 465 465 463 463 462 462 462 462 462 462 465 465 466 465 464 462 462 464 464 464 465 465 465 467 467 462 462 462 462 464 464 464 465 465 465 463 463 463 468 465 465 466 466 467 468 468 468 469 469 466 466 466 466 466 463 463 468 468 468 468 469 469 469 469 461 463 463 463 463 464 465 465 465 463 463 463 463 464 464 464 465 465 465 465 465 466 467 467 468 468 468 467 467 467 468 467 467 467 467 468 468 468 468 468 468 481 479 479 479 479 479 481 482 483 484 484 484 487 488 489 490 490 491 493 495 497 498 499 0 0 0 0 0 0 0 0 0 831 831 833 837 837 839 837 837 839 841 841 841 841 839 839 843 845 847 847 847 847 847 933 933 933 933 933 930 928 928 928 1013 1013 1016 1022 1022 1236 1236 1236 1236 1236 1236 1245 1241 1241 1236 1236 1236 1236 1236 1241 1241 1245 1236 1236 1241 1241 1241 1241 1236 1236 1241 1241 1241 1241 1241 1241 1241 1245 0 0 0 0
0 0 0 0 0 0 0 0 0 0 0 0 0 0 0 0 0 0 0 0 0 0 0 0 511 511 513 513 514 517 517 521 522 523 524 0 0 0 0 0 474 474 0 476 472 470 470 470 469 469 467 467 466 465 465 465 465 464 464 0 463 463 463 462 462 461 460 460 462 463 463 463 464 464 466 465 465 465 465 464 463 462 462 462 0 0 0 0 0 0 0 0 0 0 0 0 0 460 460 461 462 462 468 468 459 459 459 463 463 464 465 465 463 463 462 462 462 462 462 462 462 462 461 461 464 461 461 462 462 462 463 463 462 462 462 462 462 462 462 463 463 463 463 463 463 463 463 463 463 463 464 466 466 467 467 467 457 457 466 466 466 466 466 466 462 462 462 462 462 460 460 461 461 461 461 462 462 462 463 463 463 463 463 463 463 463 463 463 463 463 463 463 463 463 463 463 467 467 466 465 465 466 466 466 466 466 465 465 465 466 466 466 466 467 467 467 476 476 476 478 479 479 480 481 482 482 482 483 484 485 487 487 488 489 491 495 496 498 499 0 0 0 0 0 0 0 0 0 0 839 839 839 841 841 841 841 841 841 841 841 839 839 933 847 847 849 849 935 935 933 933 933 933 933 930 930 1010 1013 1013 1016 1022 1025 1236 1232 1232 1232 1236 1236 1236 1236 1232 1232 1232 1232 1236 1236 1236 1236 1236 1232 1232 1232 1232 1232 1232 1232 1232 1232 1232 1232 1236 1236 1236 1236 1236 1236 1241 0 0 0
0 0 0 0 0 0 0 0 0 0 0 0 0 0 0 0 0 0 0 0 0 0 0 0 511 511 512 512 514 514 516 517 522 523 524 0 0 0 473 473 474 474 474 466 466 467 467 467 468 467 467 465 464 464 464 464 465 464 464 463 463 463 463 463 461 460 460 460 462 462 463 463 464 464 0 0 0 465 465 464 462 460 458 458 0 0 0 0 0 0 0 0 457 457 0 457 457 459 459 460 461 461 462 458 458 458 459 460 462 462 462 460 460 460 460 460 461 461 461 460 460 460 460 460 462 460 460 460 462 462 462 462 462 462 462 462 462 462 462 462 462 461 461 462 463 463 463 462 462 463 464 466 466 467 467 458 457 457 458 458 459 459 460 460 460 461 461 461 459 460 460 460 461 461 461 461 461 461 461 461 461 461 461 461 461 461 461 462 462 462 461 461 462 462 462 462 462 462 463 463 463 463 465 465 465 465 464 464 465 464 464 464 465 464 464 464 476 475 475 476 478 478 478 479 480 481 482 482 482 483 486 486 487 487 490 495 496 496 496 0 0 0 0 0 0 0 0 0 0 0 841 841 841 841 841 847 847 928 928 930 933 933 933 933 935 935 935 935 935 935 935 935 935 1016 1013 1013 1016 1016 1016 1019 1022 1232 1232 1232 1232 1232 1232 1232 1232 1227 1227 1227 1232 1232 1232 1232 1232 1232 1232 1232 1227 1227 1227 1227 1232 1227 1227 1232 1232 1232 1232 1232 1232 1232 1232 1232 1232 0 0 0
0 0 0 0 0 0 0 0 0 0 0 0 0 0 0 0 0 0 0 0 0 0 0 0 511 511 511 511 512 514 515 517 517 517 0 0 474 474 473 473 472 472 472 466 465 465 466 467 468 467 466 464 463 463 463 463 464 464 463 462 462 462 462 462 460 460 460 460 461 462 463 0 0 0 0 0 0 465 465 465 462 458 458 458 0 0 0 0 0 0 0 457 456 455 455 455 456 458 458 459 459 457 457 457 457 457 459 460 460 460 459 459 459 459 459 460 460 460 460 459 459 459 458 458 459 459 459 459 459 460 459 459 460 460 461 462 462 462 462 462 462 461 461 462 463 463 461 461 462 462 455 457 457 457 457 457 457 457 458 458 458 458 458 458 458 458 458 458 459 459 459 459 460 460 460 460 460 460 460 460 458 458 458 459 459 459 460 460 460 460 460 460 460 460 461 461 460 460 461 462 462 462 461 461 461 462 463 463 463 463 463 463 463 463 463 463 475 475 473 473 475 475 475 476 478 480 480 480 480 480 481 484 484 485 487 487 494 494 495 0 0 0 0 0 0 0 0 0 0 0 0 0 843 843 843 843 935 930 930 933 935 935 935 935 935 938 938 938 940 940 940 938 938 1019 1019 1019 1019 1022 1022 1025 1227 1227 1227 1227 1227 1232 1227 1227 1227 1223 1223 1223 1227 1227 1227 1227 1227 1227 1227 1223 1223 1227 1223 1223 1223 1223 1227 1227 1227 1227 1232 1227 1227 1227 1227 1227 1232 0 0 0
0 0 0 0 0 0 0 0 0 0 0 0 0 0 0 0 0 0 0 0 0 0 0 0 511 511 511 511 512 514 514 515 515 0 0 0 474 474 468 468 470 472 472 466 465 465 465 465 462 465 465 463 463 463 462 462 463 462 462 461 461 462 461 460 458 458 460 460 458 458 0 0 0 0 0 0 0 0 0 0 0 458 458 458 0 0 0 0 0 0 0 456 456 455 455 455 456 457 457 458 457 457 457 457 457 457 458 460 460 458 457 457 458 458 458 458 459 459 459 457 457 458 457 457 458 458 458 458 458 458 458 459 460 460 460 461 461 455 455 455 454 462 462 462 462 463 461 461 461 455 455 455 455 456 456 457 457 457 457 457 457 457 457 458 458 457 457 457 458 458 458 458 458 459 459 459 458 458 458 458 458 458 458 458 458 458 458 458 458 458 458 458 459 459 459 459 458 458 459 459 460 460 459 459 459 460 461 461 461 461 461 461 462 462 462 462 458 473 473 471 471 472 472 473 474 476 477 478 478 479 479 479 483 483 485 485 488 491 492 492 0 0 0 0 0 0 0 0 0 0 0 0 0 0 0 935 935 935 935 935 938 935 935 938 940 940 943 943 946 943 943 943 943 1022 1022 1022 1025 1022 1022 1223 1223 1223 1223 1227 1227 1227 1227 1223 1223 1223 1223 1223 1223 1223 1219 1219 1223 1223 1223 1219 1219 1219 1214 1214 1214 1219 1223 1223 1223 1223 1223 1219 1219 1223 1223 1223 1227 0 0 0
0 0 0 0 0 0 0 0 0 0 0 0 0 0 0 0 0 0 0 0 0 0 0 694 511 511 511 513 513 514 514 515 0 0 468 468 468 468 468 468 468 468 466 466 466 464 463 462 462 462 461 459 459 461 461 461 463 462 461 460 460 459 459 458 458 458 460 459 458 458 0 0 0 0 0 0 0 0 0 0 0 0 0 0 0 0 0 0 0 0 0 456 456 454 454 454 453 453 457 458 457 456 456 456 456 456 458 459 460 457 457 457 457 455 455 455 457 457 458 457 457 457 457 457 458 458 458 457 456 456 457 459 460 460 459 459 461 454 454 454 454 454 454 454 454 454 454 455 455 455 454 454 455 455 455 456 456 456 456 456 456 456 456 457 456 456 456 456 456 457 457 457 457 457 456 456 456 456 456 456 456 456 456 457 457 457 457 456 456 456 457 457 458 458 458 458 457 457 458 458 458 458 458 458 458 458 459 460 460 460 460 460 459 459 460 458 458 459 459 470 470 470 471 472 473 474 474 474 474 476 478 478 478 479 482 483 488 489 489 490 490 0 0 0 0 0 0 0 0 0 0 0 0 0 0 943 938 938 940 943 943 943 943 946 946 946 948 948 948 946 946 946 948 1028 1028 1028 1028 1057 1210 1219 1219 1219 1223 1223 1223 1223 1219 1219 1219 1214 1214 1219 1219 1214 1214 1214 1214 1219 1219 1214 1214 1214 1214 1214 1214 1214 1214 1219 1219 1219 1214 1214 1214 1219 1219 1219 1219 0 0 0
0 0 0 0 0 0 0 0 0 0 0 0 0 0 0 0 0 0 0 0 0 691 691 691 694 698 698 698 514 514 514 0 0 472 468 468 468 468 468 468 468 468 468 464 464 464 463 462 462 462 461 459 459 460 460 459 459 462 461 460 460 458 458 458 458 458 460 458 458 458 0 0 0 0 0 0 0 0 0 0 0 0 0 0 0 0 0 0 0 0 0 451 451 451 452 452 452 452 452 451 456 456 455 455 455 454 450 450 453 457 457 456 456 455 455 455 456 457 458 457 457 457 457 457 457 450 457 457 456 456 457 457 457 452 452 452 452 452 452 452 452 453 454 454 454 454 454 454 454 454 454 454 454 454 454 454 454 454 455 454 454 454 454 454 454 454 455 455 455 455 455 455 455 457 456 455 455 455 455 454 454 455 455 455 455 455 455 455 455 455 456 456 457 457 457 457 457 456 456 456 456 456 457 457 457 457 458 458 458 459 459 459 458 457 457 457 457 458 458 469 469 469 470 471 472 472 472 472 474 474 475 476 478 478 479 479 480 480 489 489 489 0 0 0 0 0 0 0 0 0 0 0 0 0 0 943 943 943 943 943 946 946 946 948 948 951 951 951 954 951 951 951 1034 1034 1034 1041 1047 1057 1210 1210 1214 1214 1214 1214 1214 1214 1214 1214 1214 1214 1214 1214 1214 1210 1210 1210 1214 1214 1214 1214 1210 1210 1210 1210 1210 1214 1214 1214 1210 1210 1210 1210 1210 1210 1214 1214 1219 0 0 0
0 0 0 0 0 0 0 0 0 0 0 0 0 0 0 0 0 0 0 0 0 691 691 691 694 698 698 0 0 0 0 0 0 472 472 466 466 467 467 465 465 465 459 459 459 461 461 458 458 458 462 460 459 459 460 459 459 459 454 460 460 452 452 452 0 0 0 458 458 0 0 0 0 0 0 0 0 0 0 0 0 0 0 0 0 0 0 0 0 449 449 449 451 451 452 452 452 451 451 451 451 455 455 455 453 452 450 450 452 452 452 456 456 456 455 455 456 456 456 448 448 450 450 450 450 450 450 450 450 449 449 449 449 452 452 452 452 452 452 452 452 452 452 453 452 452 452 452 452 452 453 453 453 453 453 453 453 453 454 453 453 453 452 452 452 452 453 453 453 453 454 454 454 453 453 455 454 454 454 454 454 454 454 453 453 454 454 454 454 455 455 455 455 455 455 455 455 455 455 455 455 455 455 455 455 456 456 456 456 456 456 457 457 456 456 456 457 456 456 469 468 468 468 470 470 470 470 470 471 472 473 473 473 476 478 478 479 480 486 489 489 0 0 0 0 0 0 0 0 0 0 0 0 0 0 948 948 946 946 948 948 948 951 954 954 954 954 954 954 954 962 1038 1038 1038 1041 1047 1050 1057 1206 1210 1210 1214 1214 1214 1214 1210 1210 1210 1210 1210 1210 1210 1210 1210 1210 1210 1210 1206 1202 1202 1202 1202 1206 1210 1210 1206 1202 1202 1202 1202 1206 1206 1206 1206 1202 1202 1206 0 0 0
0 0 0 0 0 0 0 0 0 0 0 0 0 0 0 0 0 0 0 0 0 691 691 691 698 698 698 0 0 0 0 0 0 472 466 466 466 467 467 465 465 465 459 459 459 458 458 457 457 458 458 459 459 456 456 456 454 454 454 454 454 452 452 452 0 0 0 0 0 0 0 0 0 0 0 0 0 0 0 0 0 0 0 0 0 0 449 449 449 449 449 449 451 451 451 451 451 449 449 451 451 449 449 450 450 450 449 449 449 452 452 452 452 446 447 0 447 447 447 448 448 0 449 449 449 449 450 450 450 449 449 449 449 448 452 452 451 451 450 450 451 451 451 452 452 451 451 450 450 451 451 451 451 452 452 452 452 452 451 451 451 451 451 451 451 451 452 452 452 452 452 452 452 452 452 452 452 452 452 452 451 450 450 450 451 451 451 454 454 455 455 455 452 452 453 453 453 453 454 454 454 453 453 454 454 454 455 455 454 454 454 454 454 454 454 454 454 455 455 455 468 467 467 467 467 469 469 469 469 470 471 471 471 472 476 477 478 479 486 486 0 0 0 0 0 0 0 0 0 0 0 0 0 0 0 951 951 951 951 951 954 954 956 956 956 956 956 959 956 956 962 962 1047 1047 1047 1054 1054 1202 1202 1202 1202 1202 1202 1202 1202 1202 1202 1202 1202 1202 1202 1197 1197 1197 1202 1202 1202 1202 1197 1197 1197 1202 1202 1202 1202 1197 1197 1197 1197 1197 1197 1202 1202 1202 1197 1197 1197 0 0 0
0 0 0 0 0 0 0 0 0 0 0 0 0 0 0 0 0 0 0 0 698 694 694 694 698 698 0 0 0 0 0 0 0 465 465 464 463 462 462 462 457 457 457 457 457 457 457 457 457 457 454 452 452 452 456 455 454 454 454 454 454 454 454 0 0 0 0 0 0 0 0 0 0 0 0 0 0 0 0 0 0 0 0 0 0 0 447 447 449 450 450 450 0 0 450 450 451 448 448 449 449 449 449 450 450 450 449 449 449 449 449 0 0 0 0 447 447 447 447 448 448 446 448 448 448 448 449 449 449 448 448 448 448 448 448 448 448 449 449 449 449 449 450 451 450 449 449 449 449 449 450 450 451 451 451 451 451 451 451 451 450 450 449 449 449 449 450 451 451 451 451 451 451 451 451 452 452 451 451 451 449 449 449 449 449 449 449 449 449 448 448 451 451 451 452 452 452 452 452 452 454 451 451 452 452 452 453 454 452 452 452 452 452 452 452 453 453 454 454 454 464 464 463 463 464 465 465 467 468 468 468 469 470 471 476 476 476 476 476 476 0 0 0 0 0 0 0 0 0 0 0 0 0 0 0 0 951 951 954 954 956 959 959 962 964 964 964 964 964 964 962 962 1054 1057 1063 1077 1193 1193 1197 1197 1197 1197 1197 1197 1197 1197 1197 1197 1197 1193 1193 1197 1197 1197 1197 1197 1197 1197 1197 1193 1193 1193 1193 1197 1193 1193 1193 1193 1193 1193 1193 1197 1197 1197 1197 1193 1193 0 0 0
0 0 0 0 0 0 0 0 0 0 0 0 0 0 0 0 0 0 0 0 698 698 698 700 698 698 0 0 0 0 0 0 0 465 465 463 462 461 461 460 456 456 456 457 457 457 456 455 454 454 453 452 452 452 452 454 454 454 454 454 454 454 0 0 0 0 0 0 0 0 0 0 0 0 0 0 0 0 0 0 0 0 0 0 0 0 447 447 449 449 451 452 0 0 450 450 0 448 448 449 449 449 0 0 0 0 444 0 444 0 0 0 0 0 446 446 446 446 446 447 446 446 446 446 446 447 447 448 448 448 447 447 446 446 446 447 448 449 449 449 448 448 448 448 448 448 448 448 448 448 448 448 448 449 449 448 448 448 449 449 449 449 449 448 448 448 448 449 448 448 448 449 449 448 448 448 451 451 450 450 448 448 448 448 449 449 449 448 448 448 448 449 449 449 450 449 449 448 448 448 449 451 449 449 449 449 450 449 449 450 450 451 451 451 451 451 451 452 452 452 452 463 460 460 460 462 462 463 464 465 466 465 465 466 466 467 468 474 474 474 0 0 0 0 0 0 0 0 0 0 0 0 0 0 0 0 0 956 956 959 962 964 964 964 967 967 967 967 964 964 1057 1057 1060 1073 1077 1084 1193 1189 1189 1193 1193 1193 1193 1197 1193 1193 1193 1193 1193 1193 1193 1197 1197 1197 1193 1193 1193 1193 1193 1193 1193 1193 1193 1193 1193 1193 1189 1189 1189 1189 1193 1193 1193 1197 1193 1193 1193 0 0 0
0 0 0 0 0 0 0 0 0 0 0 0 0 0 0 0 0 0 0 0 701 700 700 700 698 698 0 0 0 0 0 0 0 0 0 463 462 461 461 460 455 455 455 455 455 457 452 452 452 452 451 450 449 449 450 454 454 454 454 455 0 0 0 0 0 0 0 0 0 0 0 0 0 0 0 0 0 0 0 0 0 0 0 0 0 0 0 449 449 449 451 0 0 0 0 0 0 0 0 0 0 0 0 0 0 0 444 444 444 444 441 441 442 442 445 445 445 446 446 446 446 445 445 446 446 446 446 447 447 447 446 446 445 445 446 446 446 446 446 448 446 446 446 446 446 447 446 446 446 446 446 446 447 449 446 445 445 445 445 448 446 446 446 446 446 445 445 445 445 446 445 445 446 445 445 445 444 444 444 444 445 445 446 446 446 445 445 445 445 445 446 447 446 446 446 446 446 446 446 446 446 446 446 446 447 447 447 447 447 447 448 448 448 449 448 448 447 447 448 448 448 460 460 459 459 460 460 460 462 463 465 464 464 464 465 465 466 467 474 474 474 474 474 0 0 0 0 0 0 0 0 0 0 0 0 0 0 0 964 964 967 970 973 973 975 975 975 973 973 1070 1073 1073 1084 1087 1087 1101 1189 1189 1189 1189 1189 1189 1189 1189 1189 1189 1189 1189 1189 1189 1189 1193 1193 1193 1193 1189 1189 1189 1189 1189 1185 1185 1189 1189 1193 1189 1185 1185 1185 1185 1189 1189 1189 1193 1193 1193 1193 0 0 0
0 0 0 0 0 0 0 0 0 0 0 0 0 0 0 0 0 0 0 0 706 704 704 704 0 0 0 0 0 0 0 0 0 0 0 0 0 0 0 0 454 454 454 454 454 452 451 451 451 451 450 449 447 447 450 0 0 0 0 0 0 0 0 0 0 0 0 0 0 0 0 0 0 0 0 0 0 0 0 0 0 0 0 0 0 0 0 0 0 0 0 0 0 0 0 0 0 0 0 0 0 0 0 0 442 442 442 444 444 445 441 441 442 442 443 442 442 442 442 442 444 444 444 444 445 445 446 447 447 445 445 444 442 442 442 442 442 441 441 441 446 446 444 442 442 442 441 441 444 444 444 443 443 443 444 444 444 444 444 443 443 444 444 444 444 444 444 444 444 445 444 444 445 444 444 444 444 444 443 443 443 443 443 444 444 444 444 444 444 444 444 444 444 444 444 445 444 444 445 445 445 446 446 446 446 446 446 446 446 446 446 447 447 446 446 446 446 446 446 447 448 460 460 457 457 458 458 458 460 460 462 463 463 463 463 463 465 466 467 468 468 474 474 0 0 0 0 0 0 0 0 0 0 0 0 0 0 0 0 970 970 973 975 975 978 978 981 984 1077 1077 1077 1084 1090 1090 1090 1101 1185 1181 1181 1185 1185 1185 1185 1185 1185 1185 1185 1185 1185 1185 1185 1189 1189 1189 1185 1185 1185 1185 1185 1189 1185 1181 1181 1185 1185 1181 1181 1181 1185 1185 1185 1185 1185 1189 1189 1189 1189 0 0 0
0 0 0 0 0 0 0 0 0 0 0 0 0 0 0 0 0 0 0 0 710 710 0 0 0 0 0 0 0 0 0 0 0 0 0 0 0 0 0 0 454 454 454 454 454 451 451 450 450 451 450 449 447 447 0 0 0 0 0 0 0 0 0 0 0 0 0 0 0 0 0 0 0 0 0 0 0 0 0 0 0 0 0 0 0 0 0 0 0 0 0 0 0 0 0 0 0 0 0 0 0 0 0 0 442 442 442 444 442 441 441 441 442 442 442 441 441 441 441 441 441 441 441 441 441 445 446 446 442 442 442 441 441 441 441 442 442 441 441 441 441 444 444 442 441 441 440 440 441 442 442 442 442 442 443 443 443 441 441 443 443 444 442 442 442 442 442 442 442 442 442 442 443 443 444 443 442 442 442 442 442 442 442 442 442 442 442 443 443 442 441 441 441 442 442 442 442 442 442 442 444 445 445 445 444 444 444 444 444 445 445 445 447 444 444 444 444 445 445 445 445 445 444 444 456 457 457 458 458 458 458 458 458 463 463 463 463 465 465 466 468 468 0 0 0 0 0 0 0 0 0 0 0 0 0 0 0 0 0 0 0 975 975 978 981 984 987 1084 1084 1087 1087 1090 1097 1101 1101 1101 1181 1181 1181 1181 1181 1181 1181 1181 1177 1177 1177 1181 1177 1177 1181 1181 1185 1185 1181 1181 1181 1181 1181 1181 1181 1181 1181 1181 1181 1181 1181 1181 1181 1181 1181 1181 1181 1185 1185 1185 1189 0 0 0
0 0 0 0 0 0 0 0 0 0 0 0 0 0 0 0 0 0 0 0 713 713 0 0 0 0 0 0 0 0 0 0 0 0 0 0 0 0 0 0 454 454 0 0 0 451 450 449 448 448 0 0 0 0 0 0 0 0 0 0 0 0 0 0 0 0 0 0 0 0 0 0 0 0 0 0 0 0 0 0 0 0 0 0 0 0 0 0 0 0 0 0 0 0 0 0 0 0 0 0 0 0 0 0 0 0 0 0 442 441 440 440 442 442 442 441 440 440 440 440 440 441 441 439 439 439 439 439 438 438 439 439 440 440 440 440 440 438 438 438 438 437 440 440 440 440 440 440 440 440 440 441 442 442 441 440 440 440 440 440 440 440 440 441 441 441 441 440 440 441 441 442 442 442 441 441 441 441 441 441 441 441 441 441 441 442 442 442 442 441 440 440 441 441 441 442 442 442 442 442 444 445 445 445 441 441 442 442 442 442 442 442 442 442 442 442 443 442 442 444 444 444 442 442 455 455 455 455 455 456 456 456 457 458 460 460 462 462 463 466 466 0 0 0 0 0 0 0 0 0 0 0 0 0 0 0 0 0 0 0 0 0 984 984 984 987 989 1090 1090 1090 1094 1094 1101 1101 1101 1101 1177 1177 1177 1177 1177 1177 1177 1177 1177 1177 1177 1177 1177 1177 1177 1177 1177 1177 1177 1177 1177 1177 1177 1177 1177 1177 1177 1177 1177 1177 1177 1177 1177 1177 1177 1177 1177 1177 1177 1177 1181 0 0 0
0 0 0 0 0 0 0 0 0 0 0 0 0 0 0 0 0 0 0 0 0 0 0 0 0 0 0 0 0 0 0 0 0 0 0 0 0 0 0 0 0 0 0 0 0 449 449 447 447 448 0 0 0 0 0 0 0 0 0 0 0 0 0 0 0 0 0 0 0 0 0 0 0 0 0 0 0 0 0 0 0 0 0 0 0 0 0 0 0 0 0 0 0 0 0 0 0 0 0 0 0 0 0 0 0 0 0 0 0 438 438 438 438 442 442 439 439 439 438 438 438 438 438 437 437 438 437 437 437 437 437 439 439 439 439 440 437 437 437 437 437 437 439 439 439 438 438 438 438 438 439 439 440 438 438 438 438 438 438 438 438 438 439 439 440 440 440 440 440 440 440 440 440 440 440 440 439 439 440 440 439 439 439 439 441 441 441 441 439 439 440 440 440 440 440 440 440 441 441 441 437 437 438 441 441 441 441 441 441 441 441 441 441 441 441 441 441 441 441 441 441 441 441 441 441 454 453 453 453 454 454 455 456 457 458 458 459 460 460 460 463 463 0 0 0 0 0 0 0 0 0 0 0 0 0 0 0 0 0 0 0 0 987 987 987 989 989 1090 1094 1097 1097 1101 1108 1108 1105 1105 1105 1177 1177 1173 1173 1173 1173 1173 1173 1177 1177 1177 1177 1177 1173 1173 1173 1177 1173 1173 1173 1177 1177 1177 1177 1173 1173 1173 1169 1169 1169 1173 1173 1173 1173 1173 1173 1169 1169 1169 1181 0 0 0
0 0 0 0 0 0 0 0 0 0 0 0 0 0 0 0 0 0 0 0 0 0 0 0 0 0 0 0 0 0 0 0 0 0 0 0 0 0 0 0 0 0 0 0 0 449 449 447 447 0 0 0 0 0 0 0 0 0 0 0 0 0 0 0 0 0 0 0 0 0 0 0 0 0 0 0 0 0 0 0 0 0 0 0 0 0 0 0 0 0 0 0 0 0 0 0 0 0 0 0 0 0 0 0 0 0 0 0 0 438 437 437 437 438 437 437 437 437 438 438 437 437 437 437 437 437 437 437 436 436 436 436 436 436 436 436 436 436 436 436 437 437 437 437 437 437 437 438 438 438 437 437 437 437 437 437 437 437 437 437 438 438 438 438 440 438 438 439 438 438 438 438 438 438 440 437 437 437 437 437 437 437 437 438 438 440 441 441 439 437 437 438 438 437 437 438 438 439 438 438 437 437 438 438 439 439 440 440 440 440 440 440 440 440 440 439 439 439 439 439 440 440 440 441 441 452 451 451 452 453 453 454 454 455 456 457 457 458 458 460 461 462 462 463 0 0 0 0 0 0 0 0 0 0 0 0 0 0 0 0 0 0 0 987 987 989 992 1097 1101 1105 1105 1105 1108 1108 1105 1101 1097 1097 1177 1169 1169 1169 1169 1169 1169 1173 1173 1173 1169 1169 1169 1169 1169 1169 1169 1169 1169 1169 1169 1169 1165 1165 1165 1165 1165 1165 1165 1165 1165 1165 1169 1169 1169 1165 1165 1165 1165 0 0 0
0 0 0 0 0 0 0 0 0 0 0 0 0 0 0 0 0 0 0 0 0 0 0 0 0 0 0 0 0 0 0 0 0 0 0 0 0 0 0 0 0 0 0 0 0 0 0 0 0 0 0 0 0 0 0 0 0 0 0 0 0 0 0 0 0 0 0 0 0 0 0 0 0 0 0 0 0 0 0 0 0 0 0 0 0 0 0 0 0 0 0 0 0 0 0 0 0 0 0 0 0 0 0 0 0 0 0 0 0 435 435 436 437 437 436 436 436 436 438 438 437 436 436 435 435 436 436 436 434 434 434 435 435 435 435 435 435 435 436 436 436 437 437 435 435 436 436 436 436 437 435 435 435 436 437 437 437 436 436 436 436 436 436 437 437 437 437 438 437 437 437 437 437 436 435 435 435 435 435 437 436 436 436 435 435 436 435 435 435 435 436 437 437 436 436 436 437 437 437 437 437 437 437 437 438 438 438 438 439 439 439 438 438 438 438 438 438 438 438 438 438 438 438 439 439 452 449 449 450 451 451 452 452 452 453 454 454 455 458 460 460 461 461 462 462 463 0 0 0 0 0 0 0 0 0 0 0 0 0 0 0 0 0 0 998 998 1101 1101 1112 1112 1112 1161 1161 1161 1105 1101 1090 1090 1090 1169 1165 1165 1165 1165 1165 1165 1169 1169 1165 1165 1165 1165 1165 1165 1165 1165 1165 1165 1165 1165 1165 1165 1165 1165 1165 1165 1165 1165 1165 1165 1165 1165 1165 1165 1165 1165 1165 0 0 0
0 0 0 0 0 0 0 0 0 0 0 0 0 0 0 0 0 0 0 0 0 0 0 0 0 0 0 0 0 0 0 0 0 0 0 0 0 0 0 0 0 0 0 0 0 0 0 0 0 0 0 0 0 0 0 0 0 0 0 0 0 0 0 0 0 0 0 0 0 0 0 0 0 0 0 0 0 0 0 0 0 0 0 0 0 0 0 0 0 0 0 0 0 0 0 0 0 0 0 0 0 0 0 0 0 0 0 0 0 433 433 435 436 437 436 436 436 436 438 438 437 434 434 434 434 434 434 434 434 433 433 433 433 435 435 433 433 433 433 435 436 436 434 434 434 434 435 436 434 434 434 435 435 436 437 436 435 434 434 433 433 433 435 435 435 434 434 435 435 435 435 435 435 435 433 433 433 432 432 433 433 434 434 434 434 435 435 435 435 435 435 435 436 436 435 435 435 435 435 435 436 436 436 436 437 438 436 436 436 435 435 437 437 437 437 437 437 437 436 436 436 436 437 437 437 437 449 448 448 448 449 451 451 451 452 452 453 453 455 460 460 460 460 460 460 463 463 463 0 0 0 0 0 0 0 0 0 0 0 0 0 0 0 0 0 1112 1112 1112 1115 1119 1153 1157 1161 1161 1161 1161 1090 1090 1087 1087 1165 1161 1161 1161 1161 1161 1165 1165 1165 1161 1161 1161 1161 1161 1161 1161 1161 1165 1165 1165 1161 1161 1161 1161 1161 1161 1161 1161 1161 1161 1161 1161 1161 1161 1161 1165 1165 0 0 0
0 0 0 0 0 0 0 0 0 0 0 0 0 0 0 0 0 0 0 0 0 0 0 0 0 0 0 0 0 0 0 0 0 0 0 0 0 0 0 0 0 0 0 0 0 0 0 0 0 0 0 0 0 0 0 0 0 0 0 0 0 0 0 0 0 0 0 0 0 0 0 0 0 0 0 0 0 0 0 0 0 0 0 0 0 0 0 0 0 0 0 0 0 0 0 0 0 0 0 0 0 0 0 0 0 0 0 0 0 433 433 435 436 437 434 434 433 432 432 432 433 433 433 433 433 433 433 433 433 433 433 433 433 433 435 432 432 432 433 435 435 432 432 432 433 433 432 432 432 432 433 433 433 433 436 436 433 432 432 432 432 432 433 433 433 433 433 433 434 434 434 433 433 433 432 432 432 431 431 432 432 433 433 432 432 433 433 434 434 434 434 434 435 435 434 434 434 434 434 433 433 435 435 434 434 435 435 435 435 435 434 434 435 435 435 435 435 435 435 435 435 435 435 435 435 435 446 446 446 446 448 448 449 450 451 451 452 452 452 453 454 455 456 456 457 458 458 459 0 0 0 0 0 0 0 0 0 0 0 0 0 0 0 0 0 1112 1112 1115 1119 1149 1153 1157 1157 1157 1157 1157 1090 1090 1087 1087 1161 1157 1157 1157 1157 1157 1161 1161 1157 1157 1153 1153 1153 1157 1161 1161 1161 1161 1161 1161 1157 1157 1157 1157 1161 1157 1157 1157 1157 1157 1157 1157 1157 1157 1161 1161 1169 0 0 0
0 0 0 0 0 0 0 0 0 0 0 0 0 0 0 0 0 0 0 0 0 0 0 0 0 0 0 0 0 0 0 0 0 0 0 0 0 0 0 0 0 0 0 0 0 0 0 0 0 0 0 0 0 0 0 0 0 0 0 0 0 0 0 0 0 0 0 0 0 0 0 0 0 0 0 0 0 0 0 0 0 0 0 0 0 0 0 0 0 0 0 0 0 0 0 0 0 0 0 0 0 0 0 0 0 0 0 0 0 433 433 433 432 431 431 432 431 431 431 431 432 432 432 432 431 431 431 431 431 431 431 431 431 431 431 431 431 431 431 431 431 431 431 432 432 432 431 431 431 431 432 432 431 431 431 431 431 431 431 431 432 431 431 431 431 431 431 431 432 432 432 432 432 432 432 431 431 431 431 431 431 432 432 431 431 431 431 432 433 433 434 434 435 432 432 432 432 433 432 432 432 433 434 434 434 435 435 434 433 433 433 433 433 433 433 433 433 433 433 433 433 433 433 433 434 434 446 446 446 446 446 446 447 448 448 448 449 449 449 450 451 452 454 455 455 456 457 458 459 462 462 0 0 0 0 0 0 0 0 0 0 0 0 0 0 0 0 0 1149 1149 1149 1153 1153 1153 1153 1153 1153 1153 1153 1157 1157 1153 1153 1153 1153 1153 1153 1153 1153 1149 1149 1149 1149 1153 1153 1157 1157 1157 1157 1157 1153 1153 1153 1153 1157 1157 1157 1153 1153 1149 1149 1149 1149 1153 1157 1161 1173 0 0 0
0 0 0 0 0 0 0 0 0 0 0 0 0 0 0 0 0 0 0 0 0 0 0 0 0 0 0 0 0 0 0 0 0 0 0 0 0 0 0 0 0 0 0 0 0 0 0 0 0 0 0 0 0 0 0 0 0 0 0 0 0 0 0 0 0 0 0 0 0 0 0 0 0 0 0 0 0 0 0 0 0 0 0 0 0 0 0 0 0 0 0 0 0 0 0 0 0 0 0 0 0 0 0 0 0 0 0 0 0 0 427 431 431 431 431 430 430 431 431 431 432 432 430 430 430 430 431 431 431 430 430 430 430 430 430 430 431 430 430 430 431 430 430 430 431 431 430 430 429 429 430 430 430 429 429 429 430 430 431 431 431 430 430 431 431 430 430 430 430 430 431 431 431 431 431 431 430 430 430 431 431 430 429 429 430 430 430 430 431 431 431 429 432 432 432 432 431 431 431 431 432 432 432 431 430 430 430 431 431 431 431 432 432 432 432 432 432 431 431 432 432 432 432 433 433 433 433 446 446 444 444 444 445 446 446 446 446 446 447 449 450 451 453 453 454 455 456 457 458 458 460 0 0 0 0 0 0 0 0 0 0 0 0 0 0 0 0 0 0 1149 1149 1149 1149 1149 1149 1149 1149 1149 1153 1153 1149 1149 1149 1149 1149 1149 1149 1149 1149 1149 1149 1149 1149 1149 1149 1153 1153 1153 1149 1149 1149 1145 1145 1145 1149 1153 1149 1149 1149 1149 1149 1149 1149 1149 1149 1153 1153 0 0 0
0 0 0 0 0 0 0 0 0 0 0 0 0 0 0 0 0 0 0 0 0 0 0 0 0 0 0 0 0 0 0 0 0 0 0 0 0 0 0 0 0 0 0 0 0 0 0 0 0 0 0 0 0 0 0 0 0 0 0 0 0 0 0 0 0 0 0 0 0 0 0 0 0 0 0 0 0 0 0 0 0 0 0 0 0 0 0 0 0 0 0 0 0 0 0 0 0 0 0 0 0 0 0 0 0 0 0 0 0 427 427 427 428 428 429 429 429 429 431 431 432 0 429 429 429 430 430 429 428 428 429 428 428 430 430 430 429 428 428 427 427 429 429 429 429 429 429 429 427 427 428 429 429 429 429 428 428 429 429 431 431 429 429 429 429 428 428 429 429 429 429 429 429 429 429 429 429 429 430 430 428 428 428 428 429 429 429 428 428 428 428 429 429 426 426 431 431 429 428 428 429 432 432 430 430 430 430 430 429 429 430 431 431 431 431 431 431 430 430 431 431 431 431 431 433 433 430 430 444 444 444 444 442 442 444 445 445 445 445 446 446 448 450 451 452 454 454 455 455 456 458 458 0 0 0 0 0 0 0 0 0 0 0 0 0 0 0 0 0 1149 1149 1145 1145 1145 1145 1145 1149 1149 1153 1149 1149 1145 1145 1145 1145 1145 1149 1149 1149 1145 1145 1145 1145 1149 1149 1149 1149 1145 1145 1145 1145 1145 1145 1145 1145 1145 1145 1145 1145 1145 1145 1145 1145 1149 1149 1149 1149 0 0 0
0 0 0 0 0 0 0 0 0 0 0 0 0 0 0 0 0 0 0 0 0 0 0 0 0 0 0 0 0 0 0 0 0 0 0 0 0 0 0 0 0 0 0 0 0 0 0 0 0 0 0 0 0 0 0 0 0 0 0 0 0 0 0 0 0 0 0 0 0 0 0 0 0 0 0 0 0 0 0 0 0 0 0 0 0 0 0 0 0 0 0 0 0 0 0 0 0 0 0 0 0 0 0 0 0 0 0 0 0 427 427 427 427 428 428 428 428 428 431 0 0 0 429 429 429 429 429 426 426 427 428 427 426 426 426 426 426 426 426 426 426 427 427 429 429 429 429 429 427 427 427 427 428 428 427 427 427 427 428 427 427 426 426 427 428 428 427 427 427 428 428 427 426 426 427 427 427 427 426 426 427 427 427 427 427 427 426 426 427 427 427 426 426 426 426 426 426 426 426 426 426 426 426 426 428 428 429 429 429 429 429 430 430 430 431 431 429 429 429 429 429 429 429 429 429 430 430 430 430 440 440 440 441 441 442 443 444 444 444 445 445 445 446 447 448 449 453 453 454 454 454 455 0 0 0 0 0 0 0 0 0 0 0 0 0 0 0 0 0 0 1149 1141 1141 1141 1141 1141 1145 1145 1149 1149 1145 1141 1141 1141 1141 1141 1145 1145 1145 1145 1145 1145 1145 1141 1141 1145 1145 1145 1141 1141 1141 1141 1141 1141 1141 1141 1141 1141 1141 1141 1145 1145 1145 1145 1145 1145 1145 0 0 0
0 0 0 0 0 0 0 0 0 0 0 0 0 0 0 0 0 0 0 0 0 0 0 0 0 0 0 0 0 0 0 0 0 0 0 0 0 0 0 0 0 0 0 0 0 0 0 0 0 0 0 0 0 0 0 0 0 0 0 0 0 0 0 0 0 0 0 0 0 0 0 0 0 0 0 0 0 0 0 0 0 0 0 0 0 0 0 0 0 0 0 0 0 0 0 0 0 0 0 0 0 0 0 0 0 0 0 0 0 0 427 426 426 426 427 428 427 427 0 0 0 0 0 0 429 429 429 426 426 426 426 425 425 426 426 426 426 426 425 425 426 426 426 426 424 423 423 425 425 425 425 426 426 425 425 425 425 426 426 426 425 425 425 426 426 426 427 426 426 426 426 426 424 424 424 424 425 425 425 425 425 425 426 426 425 425 425 424 424 425 425 425 425 425 425 425 426 426 426 425 425 425 425 426 426 426 427 427 427 427 426 425 425 426 426 427 427 428 429 428 427 427 427 427 427 427 427 426 426 427 437 437 438 440 440 441 442 442 442 443 444 444 445 445 446 446 447 448 449 453 453 453 0 0 0 0 0 0 0 0 0 0 0 0 0 0 0 0 0 0 1149 1141 1138 1138 1141 1141 1141 1145 1149 1145 1138 1138 1138 1138 1138 1138 1141 1141 1141 1138 1138 1138 1141 1141 1141 1141 1138 1138 1138 1138 1138 1138 1134 1134 1134 1138 1138 1138 1138 1141 1138 1138 1141 1141 1141 1141 1141 0 0 0
0 0 0 0 0 0 0 0 0 0 0 0 0 0 0 0 0 0 0 0 0 0 0 0 0 0 0 0 0 0 0 0 0 0 0 0 0 0 0 0 0 0 0 0 0 0 0 0 0 0 0 0 0 0 0 0 0 0 0 0 0 0 0 0 0 0 0 0 0 0 0 0 0 0 0 0 0 0 0 0 0 0 0 0 0 0 0 0 0 0 0 0 0 0 0 0 0 0 0 0 0 0 0 0 0 0 0 0 0 0 0 426 426 426 427 428 427 427 0 0 0 0 0 0 0 0 424 424 425 425 425 425 425 0 0 0 426 424 424 425 424 424 424 424 424 423 423 0 425 425 425 425 425 424 424 425 425 426 426 425 424 424 424 424 426 423 423 423 423 424 424 424 424 424 424 424 424 424 424 424 425 425 426 424 424 424 423 423 423 423 423 424 424 424 425 425 425 426 426 425 424 424 424 425 425 425 425 426 426 425 425 425 425 425 425 425 425 426 426 426 426 426 427 426 426 426 426 426 426 426 437 437 438 438 438 439 441 441 441 442 442 442 443 444 445 445 446 447 448 448 452 451 451 451 0 0 0 0 0 0 0 0 0 0 0 0 0 0 0 0 0 0 1138 1138 1141 1138 1138 1145 1130 1130 1134 1134 1134 1134 1134 1134 1138 1138 1134 1134 1134 1134 1134 1134 1130 1130 1134 1138 1134 1134 1134 1134 1130 1130 1130 1130 1130 1130 1130 1134 1130 1130 1134 1134 1134 1134 1134 0 0 0
0 0 0 0 0 0 0 0 0 0 0 0 0 0 0 0 0 0 0 0 0 0 0 0 0 0 0 0 0 0 0 0 0 0 0 0 0 0 0 0 0 0 0 0 0 0 0 0 0 0 0 0 0 0 0 0 0 0 0 0 0 0 0 0 0 0 0 0 0 0 0 0 0 0 0 0 0 0 0 0 0 0 0 0 0 0 0 0 0 0 0 0 0 0 0 0 0 0 0 0 0 0 0 0 0 0 0 0 0 0 0 0 0 0 0 0 0 0 0 0 0 0 0 0 0 0 424 424 425 425 425 0 0 0 0 0 0 424 423 423 423 423 423 422 422 423 423 0 0 424 424 424 425 424 424 423 423 424 426 425 423 423 422 422 422 423 422 422 422 422 422 423 423 423 423 423 423 423 423 424 421 421 421 422 422 422 422 422 422 422 422 423 424 424 425 425 425 422 422 422 422 422 423 424 424 423 423 424 425 424 423 423 423 423 424 424 424 424 424 424 424 424 425 425 425 425 425 425 425 425 426 437 436 436 437 437 437 438 440 440 441 441 441 442 443 444 445 446 446 447 450 450 450 451 452 0 0 0 0 0 0 0 0 0 0 0 0 0 0 0 0 0 0 0 0 1138 1138 1123 1123 1123 1126 1130 1130 1130 1130 1130 1130 1130 1130 1126 1126 1130 1126 1126 1130 1130 1130 1130 1130 1130 1130 1130 1130 1130 1130 1130 1130 1130 1130 1130 1126 1126 1130 1130 1130 1130 1130 0 0 0
0 0 0 0 0 0 0 0 0 0 0 0 0 0 0 0 0 0 0 0 0 0 0 0 0 0 0 0 0 0 0 0 0 0 0 0 0 0 0 0 0 0 0 0 0 0 0 0 0 0 0 0 0 0 0 0 0 0 0 0 0 0 0 0 0 0 0 0 0 0 0 0 0 0 0 0 0 0 0 0 0 0 0 0 0 0 0 0 0 0 0 0 0 0 0 0 0 0 0 0 0 0 0 0 0 0 0 0 0 0 0 0 0 0 0 0 0 0 0 0 0 0 0 0 0 0 0 0 0 0 0 0 0 0 0 0 0 0 421 421 421 421 422 422 422 422 0 0 0 424 424 424 424 424 421 420 420 419 419 419 422 422 422 422 422 422 422 422 422 421 421 421 421 421 422 423 423 423 421 421 420 420 420 421 421 421 421 422 422 421 421 421 421 420 420 421 420 420 421 421 422 422 422 422 422 422 422 422 423 422 421 421 421 421 422 422 422 422 422 422 421 421 421 421 421 422 423 424 424 424 426 437 434 434 434 434 435 435 436 436 437 437 438 440 440 441 442 443 444 445 445 445 446 446 447 449 450 451 0 0 0 0 0 0 0 0 0 0 0 0 0 0 0 0 0 0 1119 1119 1119 1123 1126 1126 1123 1123 1123 1123 1126 1126 1126 1126 1126 1126 1123 1123 1126 1126 1130 1126 1123 1123 1126 1123 1123 1123 1123 1123 1123 1123 1123 1123 1123 1123 1123 1126 1130 1126 1126 0 0 0
0 0 0 0 0 0 0 0 0 0 0 0 0 0 0 0 0 0 0 0 0 0 0 0 0 0 0 0 0 0 0 0 0 0 0 0 0 0 0 0 0 0 0 0 0 0 0 0 0 0 0 0 0 0 0 0 0 0 0 0 0 0 0 0 0 0 0 0 0 0 0 0 0 0 0 0 0 0 0 0 0 0 0 0 0 0 0 0 0 0 0 0 0 0 0 0 0 0 0 0 0 0 0 0 0 0 0 0 0 0 0 0 0 0 0 0 0 0 0 0 0 0 0 0 0 0 0 0 0 0 0 0 0 0 0 0 0 0 421 420 420 420 421 421 422 422 0 0 0 0 0 0 0 419 419 418 418 418 418 418 418 418 418 421 421 418 418 419 418 418 419 419 420 420 419 419 418 418 418 418 418 420 419 418 418 418 418 418 418 418 418 418 418 419 419 419 419 419 419 420 419 419 420 420 420 422 420 420 420 420 420 420 420 420 420 420 420 420 420 420 420 420 420 420 421 421 423 420 420 420 420 420 434 432 432 432 433 434 435 435 435 435 435 438 438 438 439 439 439 441 443 444 444 445 446 447 449 451 451 0 0 0 0 0 0 0 0 0 0 0 0 0 0 0 0 0 1115 1115 1119 1119 1123 1119 1119 1119 1119 1119 1119 1119 1123 1123 1123 1123 1119 1119 1119 1119 1119 1119 1119 1119 1123 1119 1119 1119 1119 1119 1119 1119 1119 1119 1119 1119 1123 1123 1123 1123 1123 0 0 0
0 0 0 0 0 0 0 0 0 0 0 0 0 0 0 0 0 0 0 0 0 0 0 0 0 0 0 0 0 0 0 0 0 0 0 0 0 0 0 0 0 0 0 0 0 0 0 0 0 0 0 0 0 0 0 0 0 0 0 0 0 0 0 0 0 0 0 0 0 0 0 0 0 0 0 0 0 0 0 0 0 0 0 0 0 0 0 0 0 0 0 0 0 0 0 0 0 0 0 0 0 0 0 0 0 0 0 0 0 0 0 0 0 0 0 0 0 0 0 0 0 0 0 0 0 0 0 0 0 0 0 0 0 0 0 0 0 0 0 420 420 420 421 421 0 0 0 0 0 0 0 0 0 416 416 417 417 417 417 417 417 416 416 417 418 418 418 417 417 417 417 418 418 419 419 416 416 417 416 416 417 416 416 416 416 416 416 416 416 416 416 417 417 418 419 418 418 418 416 416 416 418 418 420 420 422 420 420 420 420 419 419 419 419 419 419 419 418 417 417 418 418 418 419 419 418 418 418 419 419 419 419 419 431 431 431 431 432 431 431 432 432 432 433 436 436 437 438 438 438 441 442 442 444 446 446 447 451 451 0 0 0 0 0 0 0 0 0 0 0 0 0 0 0 0 0 1115 1115 1115 1115 1119 1115 1115 1115 1115 1115 1115 1115 1119 1119 1119 1119 1115 1115 1115 1115 1119 1115 1115 1115 1115 1119 1119 1119 1115 1115 1119 1119 1115 1115 1115 1115 1119 1119 1119 1119 1119 0 0 0
0 0 0 0 0 0 0 0 0 0 0 0 0 0 0 0 0 0 0 0 0 0 0 0 0 0 0 0 0 0 0 0 0 0 0 0 0 0 0 0 0 0 0 0 0 0 0 0 0 0 0 0 0 0 0 0 0 0 0 0 0 0 0 0 0 0 0 0 0 0 0 0 0 0 0 0 0 0 0 0 0 0 0 0 0 0 0 0 0 0 0 0 0 0 0 0 0 0 0 0 0 0 0 0 0 0 0 0 0 0 0 0 0 0 0 0 0 0 0 0 0 0 0 0 0 0 0 0 0 0 0 0 0 0 0 0 0 0 0 0 0 0 0 0 0 0 0 0 0 0 0 0 0 416 416 416 417 415 415 417 417 416 416 417 417 418 415 415 415 415 415 418 418 414 414 414 414 414 414 414 414 414 414 414 414 415 414 414 415 414 414 415 417 418 419 418 416 416 415 415 416 416 417 417 0 0 414 414 414 418 418 418 418 418 418 418 418 417 416 416 416 417 417 418 418 418 418 417 417 418 419 419 419 431 430 429 429 429 429 430 430 431 431 432 433 433 435 436 436 437 439 440 441 444 446 446 446 446 445 445 0 0 0 0 0 0 0 0 0 0 0 0 0 0 0 0 1115 1115 1108 1108 1112 1112 1112 1115 1115 1112 1112 1112 1115 1115 1115 1112 1112 1115 1115 1115 1112 1112 1112 1112 1112 1115 1115 1115 1112 1112 1115 1115 1115 1115 1115 1115 1115 1115 1115 1112 1112 0 0 0
0 0 0 0 0 0 0 0 0 0 0 0 0 0 0 0 0 0 0 0 0 0 0 0 0 0 0 0 0 0 0 0 0 0 0 0 0 0 0 0 0 0 0 0 0 0 0 0 0 0 0 0 0 0 0 0 0 0 0 0 0 0 0 0 0 0 0 0 0 0 0 0 0 0 0 0 0 0 0 0 0 0 0 0 0 0 0 0 0 0 0 0 0 0 0 0 0 0 0 0 0 0 0 0 0 0 0 0 0 0 0 0 0 0 0 0 0 0 0 0 0 0 0 0 0 0 0 0 0 0 0 0 0 0 0 0 0 0 0 0 0 0 0 0 0 0 0 0 0 0 0 0 0 0 416 416 415 414 414 0 0 416 416 416 416 414 414 414 414 414 414 413 413 413 413 413 413 413 413 413 414 414 414 414 414 414 414 414 413 413 414 415 0 0 0 0 416 415 415 415 415 415 416 416 0 414 414 414 414 414 418 418 414 414 415 415 415 415 415 415 415 415 415 416 416 416 416 416 416 416 416 0 430 0 430 428 428 427 427 428 429 429 431 431 432 432 433 434 433 433 435 436 437 437 437 444 444 444 444 444 445 446 0 0 0 0 0 0 0 0 0 0 0 0 0 0 0 0 1108 1105 1105 1108 1108 1112 1112 1108 1108 1108 1112 1112 1108 1108 1108 1112 1112 1108 1108 1108 1108 1108 1108 1112 1112 1108 1108 1112 1112 1112 1112 1112 1108 1108 1108 1108 1108 1108 1108 0 0 0
0 0 0 0 0 0 0 0 0 0 0 0 0 0 0 0 0 0 0 0 0 0 0 0 0 0 0 0 0 0 0 0 0 0 0 0 0 0 0 0 0 0 0 0 0 0 0 0 0 0 0 0 0 0 0 0 0 0 0 0 0 0 0 0 0 0 0 0 0 0 0 0 0 0 0 0 0 0 0 0 0 0 0 0 0 0 0 0 0 0 0 0 0 0 0 0 0 0 0 0 0 0 0 0 0 0 0 0 0 0 0 0 0 0 0 0 0 0 0 0 0 0 0 0 0 0 0 0 0 0 0 0 0 0 0 0 0 0 0 0 0 0 0 0 0 0 0 0 0 0 0 0 0 0 0 0 415 414 414 0 0 0 416 416 416 412 412 412 413 412 412 413 412 412 412 413 412 412 412 412 412 414 412 412 412 412 413 413 412 412 413 0 0 0 0 0 0 415 414 414 415 415 416 416 0 414 414 414 413 413 413 413 413 413 413 414 414 414 414 413 413 413 413 414 415 415 415 414 414 414 414 414 0 428 428 428 426 426 426 426 427 428 429 429 429 431 431 432 432 433 433 433 435 435 0 444 444 443 443 444 444 444 0 0 0 0 0 0 0 0 0 0 0 0 0 0 0 0 0 1105 1105 1105 1105 1105 1105 1105 1105 1105 1105 1105 1105 1105 1105 1105 1105 1105 1105 1105 1101 1101 1105 1105 1105 1105 1105 1108 1105 1105 1105 1105 1105 1105 1105 1105 1105 1105 1105 0 0 0
0 0 0 0 0 0 0 0 0 0 0 0 0 0 0 0 0 0 0 0 0 0 0 0 0 0 0 0 0 0 0 0 0 0 0 0 0 0 0 0 0 0 0 0 0 0 0 0 0 0 0 0 0 0 0 0 0 0 0 0 0 0 0 0 0 0 0 0 0 0 0 0 0 0 0 0 0 0 0 0 0 0 0 0 0 0 0 0 0 0 0 0 0 0 0 0 0 0 0 0 0 0 0 0 0 0 0 0 0 0 0 0 0 0 0 0 0 0 0 0 0 0 0 0 0 0 0 0 0 0 0 0 0 0 0 0 0 0 0 0 0 0 0 0 0 0 0 0 0 0 0 0 0 0 0 0 0 0 0 0 0 0 0 0 0 412 412 412 413 412 412 412 412 411 411 410 410 410 410 410 410 410 410 411 411 411 411 411 411 412 413 0 0 0 0 0 0 0 414 414 415 0 0 0 0 0 413 413 413 412 412 412 412 411 411 414 414 414 412 412 412 412 412 413 413 413 411 411 412 413 413 413 0 0 426 0 426 425 425 425 426 427 427 427 427 427 428 429 431 432 432 432 433 433 432 435 443 443 443 444 444 444 0 0 0 0 0 0 0 0 0 0 0 0 0 0 0 0 0 1105 1101 1101 1101 1101 1101 1105 1101 1101 1101 1101 1101 1105 1105 1101 1101 1101 1101 1101 1101 1101 1105 1105 1105 1105 1105 1105 1105 1105 1105 1105 1105 1105 1105 1101 1101 1105 1105 0 0 0
0 0 0 0 0 0 0 0 0 0 0 0 0 0 0 0 0 0 0 0 0 0 0 0 0 0 0 0 0 0 0 0 0 0 0 0 0 0 0 0 0 0 0 0 0 0 0 0 0 0 0 0 0 0 0 0 0 0 0 0 0 0 0 0 0 0 0 0 0 0 0 0 0 0 0 0 0 0 0 0 0 0 0 0 0 0 0 0 0 0 0 0 0 0 0 0 0 0 0 0 0 0 0 0 0 0 0 0 0 0 0 0 0 0 0 0 0 0 0 0 0 0 0 0 0 0 0 0 0 0 0 0 0 0 0 0 0 0 0 0 0 0 0 0 0 0 0 0 0 0 0 0 0 0 0 0 0 0 0 0 0 0 0 0 0 412 412 0 0 0 408 408 410 410 410 409 409 409 409 409 409 409 409 409 410 410 410 410 409 409 0 0 0 0 0 0 0 0 0 0 0 0 0 0 0 0 413 413 412 412 412 411 411 411 411 411 411 411 411 411 411 410 410 410 411 411 411 410 410 411 412 412 0 0 0 0 0 425 424 424 424 424 425 425 426 426 426 427 431 432 432 431 431 432 432 435 435 435 436 436 442 442 442 445 0 0 0 0 0 0 0 0 0 0 0 0 0 0 0 1105 1101 1094 1094 1097 1101 1101 1101 1101 1101 1101 1101 1101 1101 1101 1101 1097 1097 1097 1097 1101 1105 1105 1105 1101 1101 1101 1097 1097 1097 1097 1097 1097 1097 1101 1101 1105 1105 0 0 0
0 0 0 0 0 0 0 0 0 0 0 0 0 0 0 0 0 0 0 0 0 0 0 0 0 0 0 0 0 0 0 0 0 0 0 0 0 0 0 0 0 0 0 0 0 0 0 0 0 0 0 0 0 0 0 0 0 0 0 0 0 0 0 0 0 0 0 0 0 0 0 0 0 0 0 0 0 0 0 0 0 0 0 0 0 0 0 0 0 0 0 0 0 0 0 0 0 0 0 0 0 0 0 0 0 0 0 0 0 0 0 0 0 0 0 0 0 0 0 0 0 0 0 0 0 0 0 0 0 0 0 0 0 0 0 0 0 0 0 0 0 0 0 0 0 0 0 0 0 0 0 0 0 0 0 0 0 0 0 0 0 0 0 0 0 0 0 0 0 0 408 408 409 409 409 409 409 409 409 409 409 409 409 409 409 409 409 409 409 409 0 0 0 0 0 0 0 0 0 0 0 0 0 0 0 409 409 408 408 409 409 410 410 410 410 410 408 411 411 410 410 409 409 409 409 410 410 410 410 410 411 0 0 0 0 0 0 0 424 424 421 421 421 424 424 424 425 425 425 426 426 429 429 430 431 432 433 434 435 436 436 437 441 443 0 0 0 0 0 0 0 0 0 0 0 0 0 0 0 0 0 1094 1094 1094 1097 1097 1097 1097 1097 1097 1097 1101 1097 1097 1097 1094 1094 1094 1094 1094 1097 1097 1097 1097 1094 1094 1094 1094 1094 1094 1094 1094 1094 1097 1101 1101 1101 0 0 0
0 0 0 0 0 0 0 0 0 0 0 0 0 0 0 0 0 0 0 0 0 0 0 0 0 0 0 0 0 0 0 0 0 0 0 0 0 0 0 0 0 0 0 0 0 0 0 0 0 0 0 0 0 0 0 0 0 0 0 0 0 0 0 0 0 0 0 0 0 0 0 0 0 0 0 0 0 0 0 0 0 0 0 0 0 0 0 0 0 0 0 0 0 0 0 0 0 0 0 0 0 0 0 0 0 0 0 0 0 0 0 0 0 0 0 0 0 0 0 0 0 0 0 0 0 0 0 0 0 0 0 0 0 0 0 0 0 0 0 0 0 0 0 0 0 0 0 0 0 0 0 0 0 0 0 0 0 0 0 0 0 0 0 0 0 0 0 0 0 0 408 408 409 409 409 409 409 409 409 0 408 408 407 406 406 406 409 409 409 409 0 0 0 0 0 0 0 0 0 0 0 0 0 0 0 409 408 408 408 408 408 410 410 410 410 408 408 408 408 409 409 408 408 408 409 408 408 409 409 408 408 408 408 0 0 0 0 418 0 420 420 420 420 421 423 423 424 424 424 425 425 426 426 429 430 431 432 433 434 435 435 436 436 440 440 442 0 0 0 0 0 0 0 0 0 0 0 0 0 0 0 0 1094 1094 1097 1094 1094 1090 1090 1090 1094 1094 1094 1094 1094 1090 1090 1090 1090 1090 1090 1090 1090 1090 1090 1090 1090 1090 1090 1090 1090 1090 1090 1094 1094 1094 1094 0 0 0
0 0 0 0 0 0 0 0 0 0 0 0 0 0 0 0 0 0 0 0 0 0 0 0 0 0 0 0 0 0 0 0 0 0 0 0 0 0 0 0 0 0 0 0 0 0 0 0 0 0 0 0 0 0 0 0 0 0 0 0 0 0 0 0 0 0 0 0 0 0 0 0 0 0 0 0 0 0 0 0 0 0 0 0 0 0 0 0 0 0 0 0 0 0 0 0 0 0 0 0 0 0 0 0 0 0 0 0 0 0 0 0 0 0 0 0 0 0 0 0 0 0 0 0 0 0 0 0 0 0 0 0 0 0 0 0 0 0 0 0 0 0 0 0 0 0 0 0 0 0 0 0 0 0 0 0 0 0 0 0 0 0 0 0 0 0 0 0 0 0 0 0 0 409 409 0 0 0 0 0 405 405 405 405 405 406 406 407 407 0 0 0 0 0 0 0 0 0 0 0 0 0 0 0 0 409 408 408 408 408 406 406 406 406 408 408 406 406 406 407 407 407 407 407 407 408 408 408 408 408 408 407 407 0 406 0 0 0 418 418 419 419 419 419 420 422 422 423 423 423 424 425 426 426 427 430 431 431 431 434 434 435 435 436 437 439 440 0 0 0 0 0 0 0 0 0 0 0 0 0 0 0 1094 1094 1090 1090 1090 1090 1090 1090 1090 1090 1090 1090 1090 1090 1090 1090 1087 1087 1087 1087 1090 1087 1087 1087 1087 1090 1090 1090 1087 1087 1090 1087 1084 1084 1087 0 0 0
0 0 0 0 0 0 0 0 0 0 0 0 0 0 0 0 0 0 0 0 0 0 0 0 0 0 0 0 0 0 0 0 0 0 0 0 0 0 0 0 0 0 0 0 0 0 0 0 0 0 0 0 0 0 0 0 0 0 0 0 0 0 0 0 0 0 0 0 0 0 0 0 0 0 0 0 0 0 0 0 0 0 0 0 0 0 0 0 0 0 0 0 0 0 0 0 0 0 0 0 0 0 0 0 0 0 0 0 0 0 0 0 0 0 0 0 0 0 0 0 0 0 0 0 0 0 0 0 0 0 0 0 0 0 0 0 0 0 0 0 0 0 0 0 0 0 0 0 0 0 0 0 0 0 0 0 0 0 0 0 0 0 0 0 0 0 0 0 0 0 0 0 0 0 0 0 0 0 0 0 404 404 404 404 404 404 404 404 404 0 0 0 0 0 0 0 0 0 0 0 0 0 0 0 0 0 408 408 404 404 404 406 406 404 405 405 405 405 405 406 406 407 407 407 407 406 406 406 408 407 406 406 406 406 0 0 0 418 418 417 417 417 417 418 418 420 421 422 422 423 423 423 423 424 424 425 425 426 430 430 434 434 434 435 436 437 438 0 0 0 0 0 0 0 0 0 0 0 0 0 0 0 0 1094 1090 1087 1087 1087 1087 1087 1087 1087 1087 1087 1087 1087 1087 1087 1087 1087 1087 1087 1087 1087 1087 1087 1087 1087 1087 1087 1087 1087 1084 1080 1080 1080 1084 0 0 0
0 0 0 0 0 0 0 0 0 0 0 0 0 0 0 0 0 0 0 0 0 0 0 0 0 0 0 0 0 0 0 0 0 0 0 0 0 0 0 0 0 0 0 0 0 0 0 0 0 0 0 0 0 0 0 0 0 0 0 0 0 0 0 0 0 0 0 0 0 0 0 0 0 0 0 0 0 0 0 0 0 0 0 0 0 0 0 0 0 0 0 0 0 0 0 0 0 0 0 0 0 0 0 0 0 0 0 0 0 0 0 0 0 0 0 0 0 0 0 0 0 0 0 0 0 0 0 0 0 0 0 0 0 0 0 0 0 0 0 0 0 0 0 0 0 0 0 0 0 0 0 0 0 0 0 0 0 0 0 0 0 0 0 0 0 0 0 0 0 0 0 0 0 0 0 0 0 0 0 0 403 403 403 403 404 0 0 404 404 0 0 0 0 0 0 0 0 0 0 0 0 0 0 0 0 0 0 404 404 404 404 404 404 0 0 404 404 404 404 404 404 404 0 0 403 403 403 404 404 404 404 405 405 405 0 402 402 0 416 416 415 415 415 415 416 418 419 420 420 420 421 421 422 422 423 424 424 424 429 429 429 432 432 433 433 433 433 0 0 0 0 0 0 0 0 0 0 0 0 0 0 0 0 0 1090 1084 1084 1084 1084 1087 1087 1087 1077 1077 1077 1084 1084 1084 1084 1087 1084 1084 1084 1084 1084 1084 1084 1084 1084 1084 1084 1084 1084 1080 1080 1080 1084 0 0 0
0 0 0 0 0 0 0 0 0 0 0 0 0 0 0 0 0 0 0 0 0 0 0 0 0 0 0 0 0 0 0 0 0 0 0 0 0 0 0 0 0 0 0 0 0 0 0 0 0 0 0 0 0 0 0 0 0 0 0 0 0 0 0 0 0 0 0 0 0 0 0 0 0 0 0 0 0 0 0 0 0 0 0 0 0 0 0 0 0 0 0 0 0 0 0 0 0 0 0 0 0 0 0 0 0 0 0 0 0 0 0 0 0 0 0 0 0 0 0 0 0 0 0 0 0 0 0 0 0 0 0 0 0 0 0 0 0 0 0 0 0 0 0 0 0 0 0 0 0 0 0 0 0 0 0 0 0 0 0 0 0 0 0 0 0 0 0 0 0 0 0 0 0 0 0 0 0 0 0 0 402 402 402 403 404 0 0 404 404 0 0 0 0 0 0 0 0 0 0 0 0 0 0 0 0 0 401 401 402 402 402 404 404 0 0 0 404 404 404 404 404 404 0 0 0 402 402 403 403 404 404 402 402 402 402 402 402 402 402 415 415 414 414 414 414 417 416 416 419 419 420 420 421 422 423 423 423 424 429 429 426 426 430 431 432 432 432 433 0 0 0 0 0 0 0 0 0 0 0 0 0 0 0 0 0 1084 1084 1080 1080 1084 1080 1080 1077 1073 1073 1077 1080 1080 1080 1077 1077 1077 1077 1077 1077 1077 1077 1073 1073 1077 1077 1077 1077 1077 1080 1080 1084 0 0 0
0 0 0 0 0 0 0 0 0 0 0 0 0 0 0 0 0 0 0 0 0 0 0 0 0 0 0 0 0 0 0 0 0 0 0 0 0 0 0 0 0 0 0 0 0 0 0 0 0 0 0 0 0 0 0 0 0 0 0 0 0 0 0 0 0 0 0 0 0 0 0 0 0 0 0 0 0 0 0 0 0 0 0 0 0 0 0 0 0 0 0 0 0 0 0 0 0 0 0 0 0 0 0 0 0 0 0 0 0 0 0 0 0 0 0 0 0 0 0 0 0 0 0 0 0 0 0 0 0 0 0 0 0 0 0 0 0 0 0 0 0 0 0 0 0 0 0 0 0 0 0 0 0 0 0 0 0 0 0 0 0 0 0 0 0 0 0 0 0 0 0 0 0 0 0 0 0 0 0 0 402 402 402 0 0 0 0 0 0 0 0 0 0 0 0 0 0 0 0 0 0 0 0 0 0 400 400 401 402 402 402 0 0 0 0 0 404 404 404 404 404 0 0 0 0 402 402 403 403 0 0 400 400 400 400 401 400 400 401 401 415 413 413 412 412 417 414 414 414 416 416 418 418 422 423 422 422 422 422 424 424 426 427 429 430 432 432 432 433 0 0 0 0 0 0 0 0 0 0 0 0 0 0 0 0 0 1084 1077 1077 1077 1077 1073 1073 1073 1073 1077 1077 1077 1077 1073 1073 1073 1073 1073 1073 1073 1073 1073 1073 1073 1073 1073 1073 1077 1080 1080 1080 0 0 0
0 0 0 0 0 0 0 0 0 0 0 0 0 0 0 0 0 0 0 0 0 0 0 0 0 0 0 0 0 0 0 0 0 0 0 0 0 0 0 0 0 0 0 0 0 0 0 0 0 0 0 0 0 0 0 0 0 0 0 0 0 0 0 0 0 0 0 0 0 0 0 0 0 0 0 0 0 0 0 0 0 0 0 0 0 0 0 0 0 0 0 0 0 0 0 0 0 0 0 0 0 0 0 0 0 0 0 0 0 0 0 0 0 0 0 0 0 0 0 0 0 0 0 0 0 0 0 0 0 0 0 0 0 0 0 0 0 0 0 0 0 0 0 0 0 0 0 0 0 0 0 0 0 0 0 0 0 0 0 0 0 0 0 0 0 0 0 0 0 0 0 0 0 0 0 0 0 0 0 0 0 0 0 0 0 0 0 0 0 0 0 0 0 0 0 0 0 0 0 0 0 0 0 0 0 400 400 401 402 0 0 0 0 0 0 0 0 0 0 0 0 0 0 0 0 0 0 0 0 0 0 400 400 400 400 400 399 399 401 401 401 411 410 410 411 412 412 413 413 414 416 416 416 416 416 420 419 419 420 421 421 426 427 429 429 430 430 430 431 431 0 0 0 0 0 0 0 0 0 0 0 0 0 0 0 0 0 1077 1073 1073 1073 1073 1073 1073 1073 1073 1073 1073 1073 1073 1073 1073 1070 1067 1067 1070 1070 1070 1073 1073 1073 1073 1073 1073 1077 1067 1067 0 0 0
0 0 0 0 0 0 0 0 0 0 0 0 0 0 0 0 0 0 0 0 0 0 0 0 0 0 0 0 0 0 0 0 0 0 0 0 0 0 0 0 0 0 0 0 0 0 0 0 0 0 0 0 0 0 0 0 0 0 0 0 0 0 0 0 0 0 0 0 0 0 0 0 0 0 0 0 0 0 0 0 0 0 0 0 0 0 0 0 0 0 0 0 0 0 0 0 0 0 0 0 0 0 0 0 0 0 0 0 0 0 0 0 0 0 0 0 0 0 0 0 0 0 0 0 0 0 0 0 0 0 0 0 0 0 0 0 0 0 0 0 0 0 0 0 0 0 0 0 0 0 0 0 0 0 0 0 0 0 0 0 0 0 0 0 0 0 0 0 0 0 0 0 0 0 0 0 0 0 0 0 0 0 0 0 0 0 0 0 0 0 0 0 0 0 0 0 0 0 0 0 0 0 0 0 0 400 400 0 0 0 0 0 0 0 0 0 0 0 0 0 0 0 0 0 0 0 0 0 0 0 0 400 400 400 400 400 398 398 398 396 411 411 410 410 410 410 410 412 412 412 414 415 414 414 416 416 416 417 418 420 420 420 429 429 429 428 428 428 429 431 0 0 0 0 0 0 0 0 0 0 0 0 0 0 0 0 0 1077 1070 1067 1067 1067 1067 1067 1063 1063 1067 1063 1063 1063 1063 1063 1063 1063 1063 1063 1067 1067 1067 1067 1067 1067 1063 1063 1063 1063 1060 1060 0 0
0 0 0 0 0 0 0 0 0 0 0 0 0 0 0 0 0 0 0 0 0 0 0 0 0 0 0 0 0 0 0 0 0 0 0 0 0 0 0 0 0 0 0 0 0 0 0 0 0 0 0 0 0 0 0 0 0 0 0 0 0 0 0 0 0 0 0 0 0 0 0 0 0 0 0 0 0 0 0 0 0 0 0 0 0 0 0 0 0 0 0 0 0 0 0 0 0 0 0 0 0 0 0 0 0 0 0 0 0 0 0 0 0 0 0 0 0 0 0 0 0 0 0 0 0 0 0 0 0 0 0 0 0 0 0 0 0 0 0 0 0 0 0 0 0 0 0 0 0 0 0 0 0 0 0 0 0 0 0 0 0 0 0 0 0 0 0 0 0 0 0 0 0 0 0 0 0 0 0 0 0 0 0 0 0 0 0 0 0 0 0 0 0 0 0 0 0 0 0 0 0 0 0 0 0 0 0 0 0 0 0 0 0 0 0 0 0 0 0 0 0 0 0 0 0 0 0 0 0 0 0 0 0 0 0 0 397 396 396 0 0 0 409 409 408 408 408 408 409 409 412 410 410 411 411 414 414 414 415 415 415 416 418 418 420 420 427 427 428 428 0 0 0 0 0 0 0 0 0 0 0 0 0 0 0 0 0 0 1070 1063 1060 1060 1060 1063 1063 1063 1060 1060 1060 1060 1060 1060 1060 1060 1060 1060 1060 1060 1063 1063 1063 1060 1060 1060 1060 1060 1060 1060 0 0
0 0 0 0 0 0 0 0 0 0 0 0 0 0 0 0 0 0 0 0 0 0 0 0 0 0 0 0 0 0 0 0 0 0 0 0 0 0 0 0 0 0 0 0 0 0 0 0 0 0 0 0 0 0 0 0 0 0 0 0 0 0 0 0 0 0 0 0 0 0 0 0 0 0 0 0 0 0 0 0 0 0 0 0 0 0 0 0 0 0 0 0 0 0 0 0 0 0 0 0 0 0 0 0 0 0 0 0 0 0 0 0 0 0 0 0 0 0 0 0 0 0 0 0 0 0 0 0 0 0 0 0 0 0 0 0 0 0 0 0 0 0 0 0 0 0 0 0 0 0 0 0 0 0 0 0 0 0 0 0 0 0 0 0 0 0 0 0 0 0 0 0 0 0 0 0 0 0 0 0 0 0 0 0 0 0 0 0 0 0 0 0 0 0 0 0 0 0 0 0 0 0 0 0 0 0 0 0 0 0 0 0 0 0 0 0 0 0 0 0 0 0 0 0 0 0 0 0 0 0 0 0 0 0 0 0 397 396 396 0 0 0 409 409 408 407 407 407 404 404 412 408 408 409 410 412 412 413 413 414 414 416 418 418 419 420 427 427 428 428 426 426 426 434 434 0 0 0 0 0 0 0 0 0 0 0 0 0 0 1057 1054 1054 1057 1060 1060 1060 1057 1057 1060 1057 1057 1057 1054 1054 1057 1057 1057 1057 1060 1057 1057 1057 1054 1054 1057 1057 1057 1057 0 0
0 0 0 0 0 0 0 0 0 0 0 0 0 0 0 0 0 0 0 0 0 0 0 0 0 0 0 0 0 0 0 0 0 0 0 0 0 0 0 0 0 0 0 0 0 0 0 0 0 0 0 0 0 0 0 0 0 0 0 0 0 0 0 0 0 0 0 0 0 0 0 0 0 0 0 0 0 0 0 0 0 0 0 0 0 0 0 0 0 0 0 0 0 0 0 0 0 0 0 0 0 0 0 0 0 0 0 0 0 0 0 0 0 0 0 0 0 0 0 0 0 0 0 0 0 0 0 0 0 0 0 0 0 0 0 0 0 0 0 0 0 0 0 0 0 0 0 0 0 0 0 0 0 0 0 0 0 0 0 0 0 0 0 0 0 0 0 0 0 0 0 0 0 0 0 0 0 0 0 0 0 0 0 0 0 0 0 0 0 0 0 0 0 0 0 0 0 0 0 0 0 0 0 0 0 0 0 0 0 0 0 0 0 0 0 0 0 0 0 0 0 0 0 0 0 0 0 0 0 0 0 0 0 0 0 0 0 0 0 0 0 0 0 0 408 407 407 404 404 404 405 405 407 408 409 410 410 411 412 412 413 418 418 418 419 420 420 418 422 422 422 423 424 425 434 0 0 0 0 0 0 0 0 0 0 0 0 0 0 1057 1050 1050 1054 1054 1057 1054 1054 1054 1057 1054 1054 1054 1054 1054 1054 1050 1050 1054 1054 1054 1054 1050 1050 1050 1050 1050 1050 1054 0 0
0 0 0 0 0 0 0 0 0 0 0 0 0 0 0 0 0 0 0 0 0 0 0 0 0 0 0 0 0 0 0 0 0 0 0 0 0 0 0 0 0 0 0 0 0 0 0 0 0 0 0 0 0 0 0 0 0 0 0 0 0 0 0 0 0 0 0 0 0 0 0 0 0 0 0 0 0 0 0 0 0 0 0 0 0 0 0 0 0 0 0 0 0 0 0 0 0 0 0 0 0 0 0 0 0 0 0 0 0 0 0 0 0 0 0 0 0 0 0 0 0 0 0 0 0 0 0 0 0 0 0 0 0 0 0 0 0 0 0 0 0 0 0 0 0 0 0 0 0 0 0 0 0 0 0 0 0 0 0 0 0 0 0 0 0 0 0 0 0 0 0 0 0 0 0 0 0 0 0 0 0 0 0 0 0 0 0 0 0 0 0 0 0 0 0 0 0 0 0 0 0 0 0 0 0 0 0 0 0 0 0 0 0 0 0 0 0 0 0 0 0 0 0 0 0 0 0 0 0 0 0 0 0 0 0 0 0 0 0 0 0 0 0 0 0 0 404 404 404 404 404 405 407 408 409 410 410 411 411 411 412 412 412 412 412 414 414 418 419 420 422 423 424 425 432 0 0 0 0 0 0 0 0 0 0 0 0 0 0 0 1050 1050 1050 1050 1050 1050 1050 1050 1050 1050 1050 1050 1050 1054 1050 1050 1050 1050 1050 1050 1050 1050 1050 1047 1047 1047 1047 1047 0 0
0 0 0 0 0 0 0 0 0 0 0 0 0 0 0 0 0 0 0 0 0 0 0 0 0 0 0 0 0 0 0 0 0 0 0 0 0 0 0 0 0 0 0 0 0 0 0 0 0 0 0 0 0 0 0 0 0 0 0 0 0 0 0 0 0 0 0 0 0 0 0 0 0 0 0 0 0 0 0 0 0 0 0 0 0 0 0 0 0 0 0 0 0 0 0 0 0 0 0 0 0 0 0 0 0 0 0 0 0 0 0 0 0 0 0 0 0 0 0 0 0 0 0 0 0 0 0 0 0 0 0 0 0 0 0 0 0 0 0 0 0 0 0 0 0 0 0 0 0 0 0 0 0 0 0 0 0 0 0 0 0 0 0 0 0 0 0 0 0 0 0 0 0 0 0 0 0 0 0 0 0 0 0 0 0 0 0 0 0 0 0 0 0 0 0 0 0 0 0 0 0 0 0 0 0 0 0 0 0 0 0 0 0 0 0 0 0 0 0 0 0 0 0 0 0 0 0 0 0 0 0 0 0 0 0 0 0 0 0 0 0 0 0 0 0 0 400 400 400 402 402 403 403 404 405 405 406 406 407 408 412 412 412 412 412 412 413 415 417 418 420 422 422 425 432 0 0 0 0 0 0 0 0 0 0 0 0 0 0 0 0 1050 1050 1050 1050 1047 1047 1050 1047 1047 1047 1047 1047 1050 1050 1050 1047 1047 1050 1050 1050 1047 1047 1047 1047 1044 1044 1047 0 0
0 0 0 0 0 0 0 0 0 0 0 0 0 0 0 0 0 0 0 0 0 0 0 0 0 0 0 0 0 0 0 0 0 0 0 0 0 0 0 0 0 0 0 0 0 0 0 0 0 0 0 0 0 0 0 0 0 0 0 0 0 0 0 0 0 0 0 0 0 0 0 0 0 0 0 0 0 0 0 0 0 0 0 0 0 0 0 0 0 0 0 0 0 0 0 0 0 0 0 0 0 0 0 0 0 0 0 0 0 0 0 0 0 0 0 0 0 0 0 0 0 0 0 0 0 0 0 0 0 0 0 0 0 0 0 0 0 0 0 0 0 0 0 0 0 0 0 0 0 0 0 0 0 0 0 0 0 0 0 0 0 0 0 0 0 0 0 0 0 0 0 0 0 0 0 0 0 0 0 0 0 0 0 0 0 0 0 0 0 0 0 0 0 0 0 0 0 0 0 0 0 0 0 0 0 0 0 0 0 0 0 0 0 0 0 0 0 0 0 0 0 0 0 0 0 0 0 0 0 0 0 0 0 0 0 0 0 0 0 0 0 0 0 0 0 0 400 400 400 400 401 402 402 402 403 403 403 404 406 407 408 408 408 410 411 411 412 413 414 416 418 422 422 0 0 0 0 0 0 0 0 0 0 0 0 0 0 0 0 0 0 0 1050 1047 1047 1044 1044 1047 1044 1044 1041 1041 1041 1044 1044 1047 1047 1047 1047 1047 1047 1047 1044 1044 1044 1044 1044 1044 0 0
0 0 0 0 0 0 0 0 0 0 0 0 0 0 0 0 0 0 0 0 0 0 0 0 0 0 0 0 0 0 0 0 0 0 0 0 0 0 0 0 0 0 0 0 0 0 0 0 0 0 0 0 0 0 0 0 0 0 0 0 0 0 0 0 0 0 0 0 0 0 0 0 0 0 0 0 0 0 0 0 0 0 0 0 0 0 0 0 0 0 0 0 0 0 0 0 0 0 0 0 0 0 0 0 0 0 0 0 0 0 0 0 0 0 0 0 0 0 0 0 0 0 0 0 0 0 0 0 0 0 0 0 0 0 0 0 0 0 0 0 0 0 0 0 0 0 0 0 0 0 0 0 0 0 0 0 0 0 0 0 0 0 0 0 0 0 0 0 0 0 0 0 0 0 0 0 0 0 0 0 0 0 0 0 0 0 0 0 0 0 0 0 0 0 0 0 0 0 0 0 0 0 0 0 0 0 0 0 0 0 0 0 0 0 0 0 0 0 0 0 0 0 0 0 0 0 0 0 0 0 0 0 0 0 0 0 0 0 0 0 0 0 0 0 0 0 400 399 399 399 399 400 401 401 402 402 402 403 404 407 407 407 407 408 409 409 411 411 412 413 413 415 416 0 0 0 0 0 0 0 0 0 0 0 0 0 0 0 0 0 0 0 0 1047 1041 1041 1044 1044 1041 1041 1038 1038 1038 1038 1038 1044 1041 1041 1041 1041 1041 1041 1041 1041 1041 1044 1044 1044 0 0
0 0 0 0 0 0 0 0 0 0 0 0 0 0 0 0 0 0 0 0 0 0 0 0 0 0 0 0 0 0 0 0 0 0 0 0 0 0 0 0 0 0 0 0 0 0 0 0 0 0 0 0 0 0 0 0 0 0 0 0 0 0 0 0 0 0 0 0 0 0 0 0 0 0 0 0 0 0 0 0 0 0 0 0 0 0 0 0 0 0 0 0 0 0 0 0 0 0 0 0 0 0 0 0 0 0 0 0 0 0 0 0 0 0 0 0 0 0 0 0 0 0 0 0 0 0 0 0 0 0 0 0 0 0 0 0 0 0 0 0 0 0 0 0 0 0 0 0 0 0 0 0 0 0 0 0 0 0 0 0 0 0 0 0 0 0 0 0 0 0 0 0 0 0 0 0 0 0 0 0 0 0 0 0 0 0 0 0 0 0 0 0 0 0 0 0 0 0 0 0 0 0 0 0 0 0 0 0 0 0 0 0 0 0 0 0 0 0 0 0 0 0 0 0 0 0 0 0 0 0 0 0 0 0 0 0 0 0 0 0 0 0 0 0 0 0 400 399 398 398 399 399 398 398 400 400 401 401 403 403 405 405 406 406 407 407 409 409 409 411 412 413 416 0 0 0 0 0 0 0 0 0 0 0 0 0 0 0 0 0 0 0 0 0 1038 1038 1038 1038 1038 1038 1034 1034 1038 1038 1038 1038 1038 1038 1038 1038 1038 1038 1038 1038 1038 1038 1038 1038 0 0
0 0 0 0 0 0 0 0 0 0 0 0 0 0 0 0 0 0 0 0 0 0 0 0 0 0 0 0 0 0 0 0 0 0 0 0 0 0 0 0 0 0 0 0 0 0 0 0 0 0 0 0 0 0 0 0 0 0 0 0 0 0 0 0 0 0 0 0 0 0 0 0 0 0 0 0 0 0 0 0 0 0 0 0 0 0 0 0 0 0 0 0 0 0 0 0 0 0 0 0 0 0 0 0 0 0 0 0 0 0 0 0 0 0 0 0 0 0 0 0 0 0 0 0 0 0 0 0 0 0 0 0 0 0 0 0 0 0 0 0 0 0 0 0 0 0 0 0 0 0 0 0 0 0 0 0 0 0 0 0 0 0 0 0 0 0 0 0 0 0 0 0 0 0 0 0 0 0 0 0 0 0 0 0 0 0 0 0 0 0 0 0 0 0 0 0 0 0 0 0 0 0 0 0 0 0 0 0 0 0 0 0 0 0 0 0 0 0 0 0 0 0 0 0 0 0 0 0 0 0 0 0 0 0 0 0 0 0 0 0 0 0 0 0 0 0 0 399 398 396 396 398 398 398 398 399 399 400 400 403 404 404 405 405 405 406 406 408 409 410 412 413 0 0 0 0 0 0 0 0 0 0 0 0 0 0 0 0 0 0 0 0 0 0 1034 1034 1034 1031 1031 1034 1031 1031 1034 1031 1031 1031 1031 1031 1034 1034 1034 1034 1034 1034 1038 1038 1038 1038 0 0
0 0 0 0 0 0 0 0 0 0 0 0 0 0 0 0 0 0 0 0 0 0 0 0 0 0 0 0 0 0 0 0 0 0 0 0 0 0 0 0 0 0 0 0 0 0 0 0 0 0 0 0 0 0 0 0 0 0 0 0 0 0 0 0 0 0 0 0 0 0 0 0 0 0 0 0 0 0 0 0 0 0 0 0 0 0 0 0 0 0 0 0 0 0 0 0 0 0 0 0 0 0 0 0 0 0 0 0 0 0 0 0 0 0 0 0 0 0 0 0 0 0 0 0 0 0 0 0 0 0 0 0 0 0 0 0 0 0 0 0 0 0 0 0 0 0 0 0 0 0 0 0 0 0 0 0 0 0 0 0 0 0 0 0 0 0 0 0 0 0 0 0 0 0 0 0 0 0 0 0 0 0 0 0 0 0 0 0 0 0 0 0 0 0 0 0 0 0 0 0 0 0 0 0 0 0 0 0 0 0 0 0 0 0 0 0 0 0 0 0 0 0 0 0 0 0 0 0 0 0 0 0 0 0 0 0 0 0 0 0 0 0 0 0 0 0 0 0 0 394 394 398 398 398 398 398 398 398 400 398 398 402 402 402 403 405 405 406 408 408 409 0 0 0 0 0 0 0 0 0 0 0 0 0 0 0 0 0 0 0 0 0 0 0 1034 1034 1034 1031 1031 1031 1028 1028 1031 1028 1028 1028 1028 1028 1031 1031 1031 1031 1031 1034 1034 1034 1034 1038 0 0
0 0 0 0 0 0 0 0 0 0 0 0 0 0 0 0 0 0 0 0 0 0 0 0 0 0 0 0 0 0 0 0 0 0 0 0 0 0 0 0 0 0 0 0 0 0 0 0 0 0 0 0 0 0 0 0 0 0 0 0 0 0 0 0 0 0 0 0 0 0 0 0 0 0 0 0 0 0 0 0 0 0 0 0 0 0 0 0 0 0 0 0 0 0 0 0 0 0 0 0 0 0 0 0 0 0 0 0 0 0 0 0 0 0 0 0 0 0 0 0 0 0 0 0 0 0 0 0 0 0 0 0 0 0 0 0 0 0 0 0 0 0 0 0 0 0 0 0 0 0 0 0 0 0 0 0 0 0 0 0 0 0 0 0 0 0 0 0 0 0 0 0 0 0 0 0 0 0 0 0 0 0 0 0 0 0 0 0 0 0 0 0 0 0 0 0 0 0 0 0 0 0 0 0 0 0 0 0 0 0 0 0 0 0 0 0 0 0 0 0 0 0 0 0 0 0 0 0 0 0 0 0 0 0 0 0 0 0 0 0 0 0 0 0 0 0 0 0 0 394 394 0 398 398 398 398 398 398 398 398 398 398 401 400 400 400 405 406 408 408 409 0 0 0 0 0 0 0 0 0 0 0 0 0 0 0 0 0 0 0 0 0 0 0 0 1034 1034 1034 1031 1028 1028 1028 1028 1025 1025 1025 1025 1028 1028 1028 1028 1028 1028 1031 1031 1031 1034 0 0 0
0 0 0 0 0 0 0 0 0 0 0 0 0 0 0 0 0 0 0 0 0 0 0 0 0 0 0 0 0 0 0 0 0 0 0 0 0 0 0 0 0 0 0 0 0 0 0 0 0 0 0 0 0 0 0 0 0 0 0 0 0 0 0 0 0 0 0 0 0 0 0 0 0 0 0 0 0 0 0 0 0 0 0 0 0 0 0 0 0 0 0 0 0 0 0 0 0 0 0 0 0 0 0 0 0 0 0 0 0 0 0 0 0 0 0 0 0 0 0 0 0 0 0 0 0 0 0 0 0 0 0 0 0 0 0 0 0 0 0 0 0 0 0 0 0 0 0 0 0 0 0 0 0 0 0 0 0 0 0 0 0 0 0 0 0 0 0 0 0 0 0 0 0 0 0 0 0 0 0 0 0 0 0 0 0 0 0 0 0 0 0 0 0 0 0 0 0 0 0 0 0 0 0 0 0 0 0 0 0 0 0 0 0 0 0 0 0 0 0 0 0 0 0 0 0 0 0 0 0 0 0 0 0 0 0 0 0 0 0 0 0 0 0 0 0 0 0 0 0 0 0 0 0 0 391 391 390 396 396 396 396 396 398 398 399 399 400 400 400 402 0 0 0 0 0 0 0 0 0 0 0 0 0 0 0 0 0 0 0 0 0 0 0 0 0 0 1034 1031 1031 1028 1025 1025 1025 1025 1025 1025 1025 1025 1025 1025 1025 1025 1025 1025 1028 1028 1022 1022 0 0
0 0 0 0 0 0 0 0 0 0 0 0 0 0 0 0 0 0 0 0 0 0 0 0 0 0 0 0 0 0 0 0 0 0 0 0 0 0 0 0 0 0 0 0 0 0 0 0 0 0 0 0 0 0 0 0 0 0 0 0 0 0 0 0 0 0 0 0 0 0 0 0 0 0 0 0 0 0 0 0 0 0 0 0 0 0 0 0 0 0 0 0 0 0 0 0 0 0 0 0 0 0 0 0 0 0 0 0 0 0 0 0 0 0 0 0 0 0 0 0 0 0 0 0 0 0 0 0 0 0 0 0 0 0 0 0 0 0 0 0 0 0 0 0 0 0 0 0 0 0 0 0 0 0 0 0 0 0 0 0 0 0 0 0 0 0 0 0 0 0 0 0 0 0 0 0 0 0 0 0 0 0 0 0 0 0 0 0 0 0 0 0 0 0 0 0 0 0 0 0 0 0 0 0 0 0 0 0 0 0 0 0 0 0 0 0 0 0 0 0 0 0 0 0 0 0 0 0 0 0 0 0 0 0 0 0 0 0 0 0 0 0 0 0 0 0 0 0 0 0 0 0 0 391 391 391 390 390 394 394 394 394 394 398 398 399 399 400 400 402 402 0 0 0 0 0 0 0 0 0 0 0 0 0 0 0 0 0 0 0 0 0 0 0 0 0 0 1031 1031 1025 1022 1022 1025 1025 1022 1022 1022 1025 1025 1025 1022 1022 1022 1022 1022 1022 1019 1019 0 0
0 0 0 0 0 0 0 0 0 0 0 0 0 0 0 0 0 0 0 0 0 0 0 0 0 0 0 0 0 0 0 0 0 0 0 0 0 0 0 0 0 0 0 0 0 0 0 0 0 0 0 0 0 0 0 0 0 0 0 0 0 0 0 0 0 0 0 0 0 0 0 0 0 0 0 0 0 0 0 0 0 0 0 0 0 0 0 0 0 0 0 0 0 0 0 0 0 0 0 0 0 0 0 0 0 0 0 0 0 0 0 0 0 0 0 0 0 0 0 0 0 0 0 0 0 0 0 0 0 0 0 0 0 0 0 0 0 0 0 0 0 0 0 0 0 0 0 0 0 0 0 0 0 0 0 0 0 0 0 0 0 0 0 0 0 0 0 0 0 0 0 0 0 0 0 0 0 0 0 0 0 0 0 0 0 0 0 0 0 0 0 0 0 0 0 0 0 0 0 0 0 0 0 0 0 0 0 0 0 0 0 0 0 0 0 0 0 0 0 0 0 0 0 0 0 0 0 0 0 0 0 0 0 0 0 0 0 0 0 0 0 0 0 0 0 0 0 0 0 0 0 0 389 389 389 390 390 390 393 393 393 393 393 394 398 398 398 398 398 399 399 0 0 0 0 0 0 408 408 409 0 0 0 0 0 0 0 0 0 0 0 0 0 0 0 0 0 0 0 1022 1022 1022 1022 1022 1022 1022 1022 1022 1022 1022 1022 1022 1022 1019 1019 1019 1016 1016 0 0
0 0 0 0 0 0 0 0 0 0 0 0 0 0 0 0 0 0 0 0 0 0 0 0 0 0 0 0 0 0 0 0 0 0 0 0 0 0 0 0 0 0 0 0 0 0 0 0 0 0 0 0 0 0 0 0 0 0 0 0 0 0 0 0 0 0 0 0 0 0 0 0 0 0 0 0 0 0 0 0 0 0 0 0 0 0 0 0 0 0 0 0 0 0 0 0 0 0 0 0 0 0 0 0 0 0 0 0 0 0 0 0 0 0 0 0 0 0 0 0 0 0 0 0 0 0 0 0 0 0 0 0 0 0 0 0 0 0 0 0 0 0 0 0 0 0 0 0 0 0 0 0 0 0 0 0 0 0 0 0 0 0 0 0 0 0 0 0 0 0 0 0 0 0 0 0 0 0 0 0 0 0 0 0 0 0 0 0 0 0 0 0 0 0 0 0 0 0 0 0 0 0 0 0 0 0 0 0 0 0 0 0 0 0 0 0 0 0 0 0 0 0 0 0 0 0 0 0 0 0 0 0 0 0 0 0 0 0 0 0 0 0 0 0 0 0 0 0 0 0 0 0 388 388 388 389 389 390 391 391 392 393 393 393 393 394 396 397 397 398 398 398 0 0 0 0 0 408 408 408 408 409 0 0 0 0 0 0 0 0 0 0 0 0 0 0 0 0 0 1022 1022 1019 1019 1016 1016 1019 1019 1019 1019 1019 1016 1016 1016 1016 1013 1013 1013 1013 0 0
0 0 0 0 0 0 0 0 0 0 0 0 0 0 0 0 0 0 0 0 0 0 0 0 0 0 0 0 0 0 0 0 0 0 0 0 0 0 0 0 0 0 0 0 0 0 0 0 0 0 0 0 0 0 0 0 0 0 0 0 0 0 0 0 0 0 0 0 0 0 0 0 0 0 0 0 0 0 0 0 0 0 0 0 0 0 0 0 0 0 0 0 0 0 0 0 0 0 0 0 0 0 0 0 0 0 0 0 0 0 0 0 0 0 0 0 0 0 0 0 0 0 0 0 0 0 0 0 0 0 0 0 0 0 0 0 0 0 0 0 0 0 0 0 0 0 0 0 0 0 0 0 0 0 0 0 0 0 0 0 0 0 0 0 0 0 0 0 0 0 0 0 0 0 0 0 0 0 0 0 0 0 0 0 0 0 0 0 0 0 0 0 0 0 0 0 0 0 0 0 0 0 0 0 0 0 0 0 0 0 0 0 0 0 0 0 0 0 0 0 0 0 0 0 0 0 0 0 0 0 0 0 0 0 0 0 0 0 0 0 0 0 0 0 0 0 0 0 0 0 0 0 387 387 387 389 389 388 388 389 390 392 392 392 391 391 393 395 396 397 398 398 0 0 0 0 0 407 407 408 408 409 0 0 0 0 0 0 0 0 0 0 0 0 0 0 0 0 0 0 1022 1016 1016 1013 1013 1013 1013 1013 1013 1013 1013 1013 1013 1013 1010 1010 1010 1010 0 0
0 0 0 0 0 0 0 0 0 0 0 0 0 0 0 0 0 0 0 0 0 0 0 0 0 0 0 0 0 0 0 0 0 0 0 0 0 0 0 0 0 0 0 0 0 0 0 0 0 0 0 0 0 0 0 0 0 0 0 0 0 0 0 0 0 0 0 0 0 0 0 0 0 0 0 0 0 0 0 0 0 0 0 0 0 0 0 0 0 0 0 0 0 0 0 0 0 0 0 0 0 0 0 0 0 0 0 0 0 0 0 0 0 0 0 0 0 0 0 0 0 0 0 0 0 0 0 0 0 0 0 0 0 0 0 0 0 0 0 0 0 0 0 0 0 0 0 0 0 0 0 0 0 0 0 0 0 0 0 0 0 0 0 0 0 0 0 0 0 0 0 0 0 0 0 0 0 0 0 0 0 0 0 0 0 0 0 0 0 0 0 0 0 0 0 0 0 0 0 0 0 0 0 0 0 0 0 0 0 0 0 0 0 0 0 0 0 0 0 0 0 0 0 0 0 0 0 0 0 0 0 0 0 0 0 0 0 0 0 0 0 0 0 0 0 0 0 0 0 0 0 0 387 386 386 387 387 387 387 387 386 386 386 386 387 389 390 390 391 392 393 393 393 395 395 396 397 400 401 402 404 405 406 407 0 0 0 0 0 0 0 0 0 0 0 0 0 0 0 0 0 1016 1013 1010 1010 1007 1007 1010 1010 1010 1010 1010 1010 1010 1010 1010 1007 1007 0 0
0 0 0 0 0 0 0 0 0 0 0 0 0 0 0 0 0 0 0 0 0 0 0 0 0 0 0 0 0 0 0 0 0 0 0 0 0 0 0 0 0 0 0 0 0 0 0 0 0 0 0 0 0 0 0 0 0 0 0 0 0 0 0 0 0 0 0 0 0 0 0 0 0 0 0 0 0 0 0 0 0 0 0 0 0 0 0 0 0 0 0 0 0 0 0 0 0 0 0 0 0 0 0 0 0 0 0 0 0 0 0 0 0 0 0 0 0 0 0 0 0 0 0 0 0 0 0 0 0 0 0 0 0 0 0 0 0 0 0 0 0 0 0 0 0 0 0 0 0 0 0 0 0 0 0 0 0 0 0 0 0 0 0 0 0 0 0 0 0 0 0 0 0 0 0 0 0 0 0 0 0 0 0 0 0 0 0 0 0 0 0 0 0 0 0 0 0 0 0 0 0 0 0 0 0 0 0 0 0 0 0 0 0 0 0 0 0 0 0 0 0 0 0 0 0 0 0 0 0 0 0 0 0 0 0 0 0 0 0 0 0 0 0 0 0 0 0 0 0 0 0 0 0 386 386 387 387 387 384 384 385 385 385 386 386 387 388 390 390 391 392 393 393 393 394 395 395 398 398 400 401 403 404 406 408 408 0 0 0 0 0 0 0 0 0 0 0 0 0 0 0 1019 1007 1004 1001 1001 1001 1001 1001 1001 1001 1001 1001 1004 1004 1004 1007 1007 0 0
0 0 0 0 0 0 0 0 0 0 0 0 0 0 0 0 0 0 0 0 0 0 0 0 0 0 0 0 0 0 0 0 0 0 0 0 0 0 0 0 0 0 0 0 0 0 0 0 0 0 0 0 0 0 0 0 0 0 0 0 0 0 0 0 0 0 0 0 0 0 0 0 0 0 0 0 0 0 0 0 0 0 0 0 0 0 0 0 0 0 0 0 0 0 0 0 0 0 0 0 0 0 0 0 0 0 0 0 0 0 0 0 0 0 0 0 0 0 0 0 0 0 0 0 0 0 0 0 0 0 0 0 0 0 0 0 0 0 0 0 0 0 0 0 0 0 0 0 0 0 0 0 0 0 0 0 0 0 0 0 0 0 0 0 0 0 0 0 0 0 0 0 0 0 0 0 0 0 0 0 0 0 0 0 0 0 0 0 0 0 0 0 0 0 0 0 0 0 0 0 0 0 0 0 0 0 0 0 0 0 0 0 0 0 0 0 0 0 0 0 0 0 0 0 0 0 0 0 0 0 0 0 0 0 0 0 0 0 0 0 0 0 0 0 0 0 0 0 0 0 0 0 0 0 0 0 382 382 382 382 384 384 385 385 385 385 388 390 389 389 392 392 392 393 393 394 394 394 396 398 398 402 403 404 406 407 407 0 0 0 0 0 0 0 0 0 0 0 0 0 0 0 1007 1004 1001 1001 1001 998 998 1001 1001 1001 1001 1001 1001 1004 1004 1004 0 0
0 0 0 0 0 0 0 0 0 0 0 0 0 0 0 0 0 0 0 0 0 0 0 0 0 0 0 0 0 0 0 0 0 0 0 0 0 0 0 0 0 0 0 0 0 0 0 0 0 0 0 0 0 0 0 0 0 0 0 0 0 0 0 0 0 0 0 0 0 0 0 0 0 0 0 0 0 0 0 0 0 0 0 0 0 0 0 0 0 0 0 0 0 0 0 0 0 0 0 0 0 0 0 0 0 0 0 0 0 0 0 0 0 0 0 0 0 0 0 0 0 0 0 0 0 0 0 0 0 0 0 0 0 0 0 0 0 0 0 0 0 0 0 0 0 0 0 0 0 0 0 0 0 0 0 0 0 0 0 0 0 0 0 0 0 0 0 0 0 0 0 0 0 0 0 0 0 0 0 0 0 0 0 0 0 0 0 0 0 0 0 0 0 0 0 0 0 0 0 0 0 0 0 0 0 0 0 0 0 0 0 0 0 0 0 0 0 0 0 0 0 0 0 0 0 0 0 0 0 0 0 0 0 0 0 0 0 0 0 0 0 0 0 0 0 0 0 0 0 0 0 0 0 0 0 0 381 380 380 381 384 384 384 384 384 384 384 384 389 388 388 392 391 391 392 393 393 393 393 396 397 398 403 404 406 407 407 0 0 0 0 0 0 0 0 0 0 0 0 0 0 0 0 1004 998 998 998 998 998 998 998 998 998 998 998 1001 1001 1001 0 0
0 0 0 0 0 0 0 0 0 0 0 0 0 0 0 0 0 0 0 0 0 0 0 0 0 0 0 0 0 0 0 0 0 0 0 0 0 0 0 0 0 0 0 0 0 0 0 0 0 0 0 0 0 0 0 0 0 0 0 0 0 0 0 0 0 0 0 0 0 0 0 0 0 0 0 0 0 0 0 0 0 0 0 0 0 0 0 0 0 0 0 0 0 0 0 0 0 0 0 0 0 0 0 0 0 0 0 0 0 0 0 0 0 0 0 0 0 0 0 0 0 0 0 0 0 0 0 0 0 0 0 0 0 0 0 0 0 0 0 0 0 0 0 0 0 0 0 0 0 0 0 0 0 0 0 0 0 0 0 0 0 0 0 0 0 0 0 0 0 0 0 0 0 0 0 0 0 0 0 0 0 0 0 0 0 0 0 0 0 0 0 0 0 0 0 0 0 0 0 0 0 0 0 0 0 0 0 0 0 0 0 0 0 0 0 0 0 0 0 0 0 0 0 0 0 0 0 0 0 0 0 0 0 0 0 0 0 0 0 0 0 0 0 0 0 0 0 0 0 0 0 0 0 0 0 0 381 380 379 379 380 381 381 381 383 383 383 384 384 388 388 388 391 391 390 390 391 393 393 393 393 398 400 400 0 0 0 0 0 0 0 0 0 0 0 0 0 0 0 0 0 0 0 0 998 998 995 995 995 998 998 995 995 992 992 992 995 995 0 0
0 0 0 0 0 0 0 0 0 0 0 0 0 0 0 0 0 0 0 0 0 0 0 0 0 0 0 0 0 0 0 0 0 0 0 0 0 0 0 0 0 0 0 0 0 0 0 0 0 0 0 0 0 0 0 0 0 0 0 0 0 0 0 0 0 0 0 0 0 0 0 0 0 0 0 0 0 0 0 0 0 0 0 0 0 0 0 0 0 0 0 0 0 0 0 0 0 0 0 0 0 0 0 0 0 0 0 0 0 0 0 0 0 0 0 0 0 0 0 0 0 0 0 0 0 0 0 0 0 0 0 0 0 0 0 0 0 0 0 0 0 0 0 0 0 0 0 0 0 0 0 0 0 0 0 0 0 0 0 0 0 0 0 0 0 0 0 0 0 0 0 0 0 0 0 0 0 0 0 0 0 0 0 0 0 0 0 0 0 0 0 0 0 0 0 0 0 0 0 0 0 0 0 0 0 0 0 0 0 0 0 0 0 0 0 0 0 0 0 0 0 0 0 0 0 0 0 0 0 0 0 0 0 0 0 0 0 0 0 0 0 0 0 0 0 0 0 0 0 0 0 0 0 0 0 0 0 380 379 378 378 379 379 380 381 381 381 381 381 381 382 386 386 386 387 387 389 391 391 392 392 400 400 400 0 0 0 0 0 0 0 0 0 0 0 0 0 0 0 0 0 0 0 0 0 995 992 989 989 989 989 989 989 989 989 992 992 992 0 0
0 0 0 0 0 0 0 0 0 0 0 0 0 0 0 0 0 0 0 0 0 0 0 0 0 0 0 0 0 0 0 0 0 0 0 0 0 0 0 0 0 0 0 0 0 0 0 0 0 0 0 0 0 0 0 0 0 0 0 0 0 0 0 0 0 0 0 0 0 0 0 0 0 0 0 0 0 0 0 0 0 0 0 0 0 0 0 0 0 0 0 0 0 0 0 0 0 0 0 0 0 0 0 0 0 0 0 0 0 0 0 0 0 0 0 0 0 0 0 0 0 0 0 0 0 0 0 0 0 0 0 0 0 0 0 0 0 0 0 0 0 0 0 0 0 0 0 0 0 0 0 0 0 0 0 0 0 0 0 0 0 0 0 0 0 0 0 0 0 0 0 0 0 0 0 0 0 0 0 0 0 0 0 0 0 0 0 0 0 0 0 0 0 0 0 0 0 0 0 0 0 0 0 0 0 0 0 0 0 0 0 0 0 0 0 0 0 0 0 0 0 0 0 0 0 0 0 0 0 0 0 0 0 0 0 0 0 0 0 0 0 0 0 0 0 0 0 0 0 0 0 0 0 0 0 0 0 0 378 377 377 377 377 377 379 380 380 380 380 381 382 382 382 386 386 387 388 389 389 389 389 390 391 0 0 0 0 0 0 0 0 0 0 0 0 0 0 0 0 0 0 0 0 0 0 995 992 989 989 989 989 989 989 989 989 989 989 989 0 0
0 0 0 0 0 0 0 0 0 0 0 0 0 0 0 0 0 0 0 0 0 0 0 0 0 0 0 0 0 0 0 0 0 0 0 0 0 0 0 0 0 0 0 0 0 0 0 0 0 0 0 0 0 0 0 0 0 0 0 0 0 0 0 0 0 0 0 0 0 0 0 0 0 0 0 0 0 0 0 0 0 0 0 0 0 0 0 0 0 0 0 0 0 0 0 0 0 0 0 0 0 0 0 0 0 0 0 0 0 0 0 0 0 0 0 0 0 0 0 0 0 0 0 0 0 0 0 0 0 0 0 0 0 0 0 0 0 0 0 0 0 0 0 0 0 0 0 0 0 0 0 0 0 0 0 0 0 0 0 0 0 0 0 0 0 0 0 0 0 0 0 0 0 0 0 0 0 0 0 0 0 0 0 0 0 0 0 0 0 0 0 0 0 0 0 0 0 0 0 0 0 0 0 0 0 0 0 0 0 0 0 0 0 0 0 0 0 0 0 0 0 0 0 0 0 0 0 0 0 0 0 0 0 0 0 0 0 0 0 0 0 0 0 0 0 0 0 0 0 0 0 0 0 0 0 0 0 0 378 377 377 377 377 377 377 379 379 379 379 379 381 382 382 385 385 386 387 387 388 388 388 389 390 0 0 0 0 0 0 0 0 0 0 0 0 0 0 0 0 0 0 0 0 0 0 0 0 989 989 987 987 987 987 987 987 987 987 987 0 0
0 0 0 0 0 0 0 0 0 0 0 0 0 0 0 0 0 0 0 0 0 0 0 0 0 0 0 0 0 0 0 0 0 0 0 0 0 0 0 0 0 0 0 0 0 0 0 0 0 0 0 0 0 0 0 0 0 0 0 0 0 0 0 0 0 0 0 0 0 0 0 0 0 0 0 0 0 0 0 0 0 0 0 0 0 0 0 0 0 0 0 0 0 0 0 0 0 0 0 0 0 0 0 0 0 0 0 0 0 0 0 0 0 0 0 0 0 0 0 0 0 0 0 0 0 0 0 0 0 0 0 0 0 0 0 0 0 0 0 0 0 0 0 0 0 0 0 0 0 0 0 0 0 0 0 0 0 0 0 0 0 0 0 0 0 0 0 0 0 0 0 0 0 0 0 0 0 0 0 0 0 0 0 0 0 0 0 0 0 0 0 0 0 0 0 0 0 0 0 0 0 0 0 0 0 0 0 0 0 0 0 0 0 0 0 0 0 0 0 0 0 0 0 0 0 0 0 0 0 0 0 0 0 0 0 0 0 0 0 0 0 0 0 0 0 0 0 0 0 0 0 0 0 0 0 0 0 0 0 375 375 375 376 376 376 378 378 379 379 379 379 380 381 381 382 385 385 386 387 387 387 387 388 0 0 0 0 0 0 0 0 0 0 0 0 0 0 0 0 0 0 0 0 0 0 0 0 989 989 984 984 984 987 987 987 987 984 984 0 0
0 0 0 0 0 0 0 0 0 0 0 0 0 0 0 0 0 0 0 0 0 0 0 0 0 0 0 0 0 0 0 0 0 0 0 0 0 0 0 0 0 0 0 0 0 0 0 0 0 0 0 0 0 0 0 0 0 0 0 0 0 0 0 0 0 0 0 0 0 0 0 0 0 0 0 0 0 0 0 0 0 0 0 0 0 0 0 0 0 0 0 0 0 0 0 0 0 0 0 0 0 0 0 0 0 0 0 0 0 0 0 0 0 0 0 0 0 0 0 0 0 0 0 0 0 0 0 0 0 0 0 0 0 0 0 0 0 0 0 0 0 0 0 0 0 0 0 0 0 0 0 0 0 0 0 0 0 0 0 0 0 0 0 0 0 0 0 0 0 0 0 0 0 0 0 0 0 0 0 0 0 0 0 0 0 0 0 0 0 0 0 0 0 0 0 0 0 0 0 0 0 0 0 0 0 0 0 0 0 0 0 0 0 0 0 0 0 0 0 0 0 0 0 0 0 0 0 0 0 0 0 0 0 0 0 0 0 0 0 0 0 0 0 0 0 0 0 0 0 0 0 0 0 0 0 0 0 0 0 375 375 374 373 373 374 374 375 375 377 379 379 379 381 381 382 385 385 386 387 386 386 386 386 386 0 0 0 0 0 0 0 0 0 0 0 0 0 0 0 0 0 0 0 0 0 0 0 0 989 984 984 984 978 978 978 978 978 978 0 0
0 0 0 0 0 0 0 0 0 0 0 0 0 0 0 0 0 0 0 0 0 0 0 0 0 0 0 0 0 0 0 0 0 0 0 0 0 0 0 0 0 0 0 0 0 0 0 0 0 0 0 0 0 0 0 0 0 0 0 0 0 0 0 0 0 0 0 0 0 0 0 0 0 0 0 0 0 0 0 0 0 0 0 0 0 0 0 0 0 0 0 0 0 0 0 0 0 0 0 0 0 0 0 0 0 0 0 0 0 0 0 0 0 0 0 0 0 0 0 0 0 0 0 0 0 0 0 0 0 0 0 0 0 0 0 0 0 0 0 0 0 0 0 0 0 0 0 0 0 0 0 0 0 0 0 0 0 0 0 0 0 0 0 0 0 0 0 0 0 0 0 0 0 0 0 0 0 0 0 0 0 0 0 0 0 0 0 0 0 0 0 0 0 0 0 0 0 0 0 0 0 0 0 0 0 0 0 0 0 0 0 0 0 0 0 0 0 0 0 0 0 0 0 0 0 0 0 0 0 0 0 0 0 0 0 0 0 0 0 0 0 0 0 0 0 0 0 0 0 0 0 0 0 0 0 0 0 0 0 372 372 372 372 372 373 374 374 374 377 377 379 379 0 379 379 380 0 380 386 386 384 384 385 385 0 0 0 0 0 0 0 0 0 0 0 0 0 0 0 0 0 0 0 0 0 0 0 0 987 981 981 978 975 975 978 978 978 978 0 0
0 0 0 0 0 0 0 0 0 0 0 0 0 0 0 0 0 0 0 0 0 0 0 0 0 0 0 0 0 0 0 0 0 0 0 0 0 0 0 0 0 0 0 0 0 0 0 0 0 0 0 0 0 0 0 0 0 0 0 0 0 0 0 0 0 0 0 0 0 0 0 0 0 0 0 0 0 0 0 0 0 0 0 0 0 0 0 0 0 0 0 0 0 0 0 0 0 0 0 0 0 0 0 0 0 0 0 0 0 0 0 0 0 0 0 0 0 0 0 0 0 0 0 0 0 0 0 0 0 0 0 0 0 0 0 0 0 0 0 0 0 0 0 0 0 0 0 0 0 0 0 0 0 0 0 0 0 0 0 0 0 0 0 0 0 0 0 0 0 0 0 0 0 0 0 0 0 0 0 0 0 0 0 0 0 0 0 0 0 0 0 0 0 0 0 0 0 0 0 0 0 0 0 0 0 0 0 0 0 0 0 0 0 0 0 0 0 0 0 0 0 0 0 0 0 0 0 0 0 0 0 0 0 0 0 0 0 0 0 0 0 0 0 0 0 0 0 0 0 0 0 0 0 0 0 0 0 0 0 372 372 371 371 371 371 372 373 373 372 372 372 372 0 0 0 0 0 380 380 380 382 382 384 384 0 0 0 0 0 0 0 0 0 0 0 0 0 0 0 0 0 0 0 0 0 0 0 0 987 981 981 978 975 975 975 975 975 975 0 0
0 0 0 0 0 0 0 0 0 0 0 0 0 0 0 0 0 0 0 0 0 0 0 0 0 0 0 0 0 0 0 0 0 0 0 0 0 0 0 0 0 0 0 0 0 0 0 0 0 0 0 0 0 0 0 0 0 0 0 0 0 0 0 0 0 0 0 0 0 0 0 0 0 0 0 0 0 0 0 0 0 0 0 0 0 0 0 0 0 0 0 0 0 0 0 0 0 0 0 0 0 0 0 0 0 0 0 0 0 0 0 0 0 0 0 0 0 0 0 0 0 0 0 0 0 0 0 0 0 0 0 0 0 0 0 0 0 0 0 0 0 0 0 0 0 0 0 0 0 0 0 0 0 0 0 0 0 0 0 0 0 0 0 0 0 0 0 0 0 0 0 0 0 0 0 0 0 0 0 0 0 0 0 0 0 0 0 0 0 0 0 0 0 0 0 0 0 0 0 0 0 0 0 0 0 0 0 0 0 0 0 0 0 0 0 0 0 0 0 0 0 0 0 0 0 0 0 0 0 0 0 0 0 0 0 0 0 0 0 0 0 0 0 0 0 0 0 0 0 0 0 0 0 0 0 0 0 0 0 372 372 371 370 368 368 368 373 371 371 371 372 0 0 0 0 0 0 379 379 379 382 382 382 382 382 0 0 0 0 0 0 0 0 0 0 0 0 0 0 0 0 0 0 0 0 0 0 0 0 0 984 984 975 973 973 973 973 973 0 0
0 0 0 0 0 0 0 0 0 0 0 0 0 0 0 0 0 0 0 0 0 0 0 0 0 0 0 0 0 0 0 0 0 0 0 0 0 0 0 0 0 0 0 0 0 0 0 0 0 0 0 0 0 0 0 0 0 0 0 0 0 0 0 0 0 0 0 0 0 0 0 0 0 0 0 0 0 0 0 0 0 0 0 0 0 0 0 0 0 0 0 0 0 0 0 0 0 0 0 0 0 0 0 0 0 0 0 0 0 0 0 0 0 0 0 0 0 0 0 0 0 0 0 0 0 0 0 0 0 0 0 0 0 0 0 0 0 0 0 0 0 0 0 0 0 0 0 0 0 0 0 0 0 0 0 0 0 0 0 0 0 0 0 0 0 0 0 0 0 0 0 0 0 0 0 0 0 0 0 0 0 0 0 0 0 0 0 0 0 0 0 0 0 0 0 0 0 0 0 0 0 0 0 0 0 0 0 0 0 0 0 0 0 0 0 0 0 0 0 0 0 0 0 0 0 0 0 0 0 0 0 0 0 0 0 0 0 0 0 0 0 0 0 0 0 0 0 0 0 0 0 0 0 0 0 0 0 0 0 0 0 0 370 368 368 368 368 369 369 370 371 372 0 372 0 0 0 377 377 377 377 377 378 382 382 0 0 0 0 0 0 0 0 0 0 0 0 0 0 0 0 0 0 0 0 0 0 0 0 0 0 984 975 973 973 973 973 973 0 0
0 0 0 0 0 0 0 0 0 0 0 0 0 0 0 0 0 0 0 0 0 0 0 0 0 0 0 0 0 0 0 0 0 0 0 0 0 0 0 0 0 0 0 0 0 0 0 0 0 0 0 0 0 0 0 0 0 0 0 0 0 0 0 0 0 0 0 0 0 0 0 0 0 0 0 0 0 0 0 0 0 0 0 0 0 0 0 0 0 0 0 0 0 0 0 0 0 0 0 0 0 0 0 0 0 0 0 0 0 0 0 0 0 0 0 0 0 0 0 0 0 0 0 0 0 0 0 0 0 0 0 0 0 0 0 0 0 0 0 0 0 0 0 0 0 0 0 0 0 0 0 0 0 0 0 0 0 0 0 0 0 0 0 0 0 0 0 0 0 0 0 0 0 0 0 0 0 0 0 0 0 0 0 0 0 0 0 0 0 0 0 0 0 0 0 0 0 0 0 0 0 0 0 0 0 0 0 0 0 0 0 0 0 0 0 0 0 0 0 0 0 0 0 0 0 0 0 0 0 0 0 0 0 0 0 0 0 0 0 0 0 0 0 0 0 0 0 0 0 0 0 0 0 0 0 0 0 0 0 0 0 0 0 368 367 367 367 367 368 369 371 371 372 0 0 0 0 375 375 376 376 377 377 377 382 0 0 0 0 0 0 0 0 0 0 0 0 0 0 0 0 0 0 0 0 0 0 0 0 0 0 0 975 970 970 970 967 967 0 0
0 0 0 0 0 0 0 0 0 0 0 0 0 0 0 0 0 0 0 0 0 0 0 0 0 0 0 0 0 0 0 0 0 0 0 0 0 0 0 0 0 0 0 0 0 0 0 0 0 0 0 0 0 0 0 0 0 0 0 0 0 0 0 0 0 0 0 0 0 0 0 0 0 0 0 0 0 0 0 0 0 0 0 0 0 0 0 0 0 0 0 0 0 0 0 0 0 0 0 0 0 0 0 0 0 0 0 0 0 0 0 0 0 0 0 0 0 0 0 0 0 0 0 0 0 0 0 0 0 0 0 0 0 0 0 0 0 0 0 0 0 0 0 0 0 0 0 0 0 0 0 0 0 0 0 0 0 0 0 0 0 0 0 0 0 0 0 0 0 0 0 0 0 0 0 0 0 0 0 0 0 0 0 0 0 0 0 0 0 0 0 0 0 0 0 0 0 0 0 0 0 0 0 0 0 0 0 0 0 0 0 0 0 0 0 0 0 0 0 0 0 0 0 0 0 0 0 0 0 0 0 0 0 0 0 0 0 0 0 0 0 0 0 0 0 0 0 0 0 0 0 0 0 0 0 0 0 0 0 0 0 0 0 0 366 366 366 366 367 367 369 370 370 0 0 0 0 375 375 376 375 375 376 376 377 378 0 0 0 0 0 0 0 0 0 0 0 0 0 0 0 0 0 0 0 0 0 0 0 0 0 0 0 970 967 967 964 964 0 0
0 0 0 0 0 0 0 0 0 0 0 0 0 0 0 0 0 0 0 0 0 0 0 0 0 0 0 0 0 0 0 0 0 0 0 0 0 0 0 0 0 0 0 0 0 0 0 0 0 0 0 0 0 0 0 0 0 0 0 0 0 0 0 0 0 0 0 0 0 0 0 0 0 0 0 0 0 0 0 0 0 0 0 0 0 0 0 0 0 0 0 0 0 0 0 0 0 0 0 0 0 0 0 0 0 0 0 0 0 0 0 0 0 0 0 0 0 0 0 0 0 0 0 0 0 0 0 0 0 0 0 0 0 0 0 0 0 0 0 0 0 0 0 0 0 0 0 0 0 0 0 0 0 0 0 0 0 0 0 0 0 0 0 0 0 0 0 0 0 0 0 0 0 0 0 0 0 0 0 0 0 0 0 0 0 0 0 0 0 0 0 0 0 0 0 0 0 0 0 0 0 0 0 0 0 0 0 0 0 0 0 0 0 0 0 0 0 0 0 0 0 0 0 0 0 0 0 0 0 0 0 0 0 0 0 0 0 0 0 0 0 0 0 0 0 0 0 0 0 0 0 0 0 0 0 0 0 0 0 0 0 0 0 0 366 365 365 366 366 366 367 367 370 0 0 0 0 0 376 376 375 375 375 375 376 376 377 378 378 0 0 0 0 0 0 0 0 0 0 0 0 0 0 0 0 0 0 0 0 0 0 0 0 0 967 964 962 962 0 0
0 0 0 0 0 0 0 0 0 0 0 0 0 0 0 0 0 0 0 0 0 0 0 0 0 0 0 0 0 0 0 0 0 0 0 0 0 0 0 0 0 0 0 0 0 0 0 0 0 0 0 0 0 0 0 0 0 0 0 0 0 0 0 0 0 0 0 0 0 0 0 0 0 0 0 0 0 0 0 0 0 0 0 0 0 0 0 0 0 0 0 0 0 0 0 0 0 0 0 0 0 0 0 0 0 0 0 0 0 0 0 0 0 0 0 0 0 0 0 0 0 0 0 0 0 0 0 0 0 0 0 0 0 0 0 0 0 0 0 0 0 0 0 0 0 0 0 0 0 0 0 0 0 0 0 0 0 0 0 0 0 0 0 0 0 0 0 0 0 0 0 0 0 0 0 0 0 0 0 0 0 0 0 0 0 0 0 0 0 0 0 0 0 0 0 0 0 0 0 0 0 0 0 0 0 0 0 0 0 0 0 0 0 0 0 0 0 0 0 0 0 0 0 0 0 0 0 0 0 0 0 0 0 0 0 0 0 0 0 0 0 0 0 0 0 0 0 0 0 0 0 0 0 0 0 0 0 0 0 0 0 0 0 0 0 364 364 364 364 364 365 365 0 0 0 0 0 0 0 368 368 375 375 375 376 376 377 377 377 378 378 0 0 0 0 0 0 0 0 0 0 0 0 0 0 0 0 0 0 0 0 0 0 0 0 964 956 956 0 0
0 0 0 0 0 0 0 0 0 0 0 0 0 0 0 0 0 0 0 0 0 0 0 0 0 0 0 0 0 0 0 0 0 0 0 0 0 0 0 0 0 0 0 0 0 0 0 0 0 0 0 0 0 0 0 0 0 0 0 0 0 0 0 0 0 0 0 0 0 0 0 0 0 0 0 0 0 0 0 0 0 0 0 0 0 0 0 0 0 0 0 0 0 0 0 0 0 0 0 0 0 0 0 0 0 0 0 0 0 0 0 0 0 0 0 0 0 0 0 0 0 0 0 0 0 0 0 0 0 0 0 0 0 0 0 0 0 0 0 0 0 0 0 0 0 0 0 0 0 0 0 0 0 0 0 0 0 0 0 0 0 0 0 0 0 0 0 0 0 0 0 0 0 0 0 0 0 0 0 0 0 0 0 0 0 0 0 0 0 0 0 0 0 0 0 0 0 0 0 0 0 0 0 0 0 0 0 0 0 0 0 0 0 0 0 0 0 0 0 0 0 0 0 0 0 0 0 0 0 0 0 0 0 0 0 0 0 0 0 0 0 0 0 0 0 0 0 0 0 0 0 0 0 0 0 0 0 0 0 0 0 0 0 0 0 364 363 363 364 364 365 365 0 0 0 0 0 0 0 0 368 368 368 369 369 370 371 371 375 376 377 377 377 0 0 0 0 0 0 0 0 0 0 0 0 0 0 0 0 0 0 0 0 0 0 0 956 956 0 0
0 0 0 0 0 0 0 0 0 0 0 0 0 0 0 0 0 0 0 0 0 0 0 0 0 0 0 0 0 0 0 0 0 0 0 0 0 0 0 0 0 0 0 0 0 0 0 0 0 0 0 0 0 0 0 0 0 0 0 0 0 0 0 0 0 0 0 0 0 0 0 0 0 0 0 0 0 0 0 0 0 0 0 0 0 0 0 0 0 0 0 0 0 0 0 0 0 0 0 0 0 0 0 0 0 0 0 0 0 0 0 0 0 0 0 0 0 0 0 0 0 0 0 0 0 0 0 0 0 0 0 0 0 0 0 0 0 0 0 0 0 0 0 0 0 0 0 0 0 0 0 0 0 0 0 0 0 0 0 0 0 0 0 0 0 0 0 0 0 0 0 0 0 0 0 0 0 0 0 0 0 0 0 0 0 0 0 0 0 0 0 0 0 0 0 0 0 0 0 0 0 0 0 0 0 0 0 0 0 0 0 0 0 0 0 0 0 0 0 0 0 0 0 0 0 0 0 0 0 0 0 0 0 0 0 0 0 0 0 0 0 0 0 0 0 0 0 0 0 0 0 0 0 0 0 0 0 0 0 0 0 0 0 0 0 0 363 363 0 0 0 0 0 0 0 0 0 0 0 364 364 366 367 367 368 369 370 370 371 372 374 374 375 0 0 0 0 0 0 0 0 0 0 0 0 0 0 0 0 0 0 0 0 0 0 0 0 0 0 0
0 0 0 0 0 0 0 0 0 0 0 0 0 0 0 0 0 0 0 0 0 0 0 0 0 0 0 0 0 0 0 0 0 0 0 0 0 0 0 0 0 0 0 0 0 0 0 0 0 0 0 0 0 0 0 0 0 0 0 0 0 0 0 0 0 0 0 0 0 0 0 0 0 0 0 0 0 0 0 0 0 0 0 0 0 0 0 0 0 0 0 0 0 0 0 0 0 0 0 0 0 0 0 0 0 0 0 0 0 0 0 0 0 0 0 0 0 0 0 0 0 0 0 0 0 0 0 0 0 0 0 0 0 0 0 0 0 0 0 0 0 0 0 0 0 0 0 0 0 0 0 0 0 0 0 0 0 0 0 0 0 0 0 0 0 0 0 0 0 0 0 0 0 0 0 0 0 0 0 0 0 0 0 0 0 0 0 0 0 0 0 0 0 0 0 0 0 0 0 0 0 0 0 0 0 0 0 0 0 0 0 0 0 0 0 0 0 0 0 0 0 0 0 0 0 0 0 0 0 0 0 0 0 0 0 0 0 0 0 0 0 0 0 0 0 0 0 0 0 0 0 0 0 0 0 0 0 0 0 0 0 0 0 0 0 0 0 0 0 0 0 0 0 0 0 0 0 0 364 364 364 364 364 366 367 368 369 370 370 371 372 372 373 0 0 0 0 0 0 0 0 0 0 0 0 0 0 0 0 0 0 0 0 0 0 0 0 0 0 0
0 0 0 0 0 0 0 0 0 0 0 0 0 0 0 0 0 0 0 0 0 0 0 0 0 0 0 0 0 0 0 0 0 0 0 0 0 0 0 0 0 0 0 0 0 0 0 0 0 0 0 0 0 0 0 0 0 0 0 0 0 0 0 0 0 0 0 0 0 0 0 0 0 0 0 0 0 0 0 0 0 0 0 0 0 0 0 0 0 0 0 0 0 0 0 0 0 0 0 0 0 0 0 0 0 0 0 0 0 0 0 0 0 0 0 0 0 0 0 0 0 0 0 0 0 0 0 0 0 0 0 0 0 0 0 0 0 0 0 0 0 0 0 0 0 0 0 0 0 0 0 0 0 0 0 0 0 0 0 0 0 0 0 0 0 0 0 0 0 0 0 0 0 0 0 0 0 0 0 0 0 0 0 0 0 0 0 0 0 0 0 0 0 0 0 0 0 0 0 0 0 0 0 0 0 0 0 0 0 0 0 0 0 0 0 0 0 0 0 0 0 0 0 0 0 0 0 0 0 0 0 0 0 0 0 0 0 0 0 0 0 0 0 0 0 0 0 0 0 0 0 0 0 0 0 0 0 0 0 0 0 0 0 0 0 0 0 0 0 358 358 358 0 0 0 359 359 359 360 363 363 364 364 364 366 366 368 368 370 370 371 372 373 0 0 0 0 0 0 0 0 0 0 0 0 0 0 0 0 0 0 0 0 0 0 0 0 0 0 0
0 0 0 0 0 0 0 0 0 0 0 0 0 0 0 0 0 0 0 0 0 0 0 0 0 0 0 0 0 0 0 0 0 0 0 0 0 0 0 0 0 0 0 0 0 0 0 0 0 0 0 0 0 0 0 0 0 0 0 0 0 0 0 0 0 0 0 0 0 0 0 0 0 0 0 0 0 0 0 0 0 0 0 0 0 0 0 0 0 0 0 0 0 0 0 0 0 0 0 0 0 0 0 0 0 0 0 0 0 0 0 0 0 0 0 0 0 0 0 0 0 0 0 0 0 0 0 0 0 0 0 0 0 0 0 0 0 0 0 0 0 0 0 0 0 0 0 0 0 0 0 0 0 0 0 0 0 0 0 0 0 0 0 0 0 0 0 0 0 0 0 0 0 0 0 0 0 0 0 0 0 0 0 0 0 0 0 0 0 0 0 0 0 0 0 0 0 0 0 0 0 0 0 0 0 0 0 0 0 0 0 0 0 0 0 0 0 0 0 0 0 0 0 0 0 0 0 0 0 0 0 0 0 0 0 0 0 0 0 0 0 0 0 0 0 0 0 0 0 0 0 0 0 0 0 0 0 0 0 0 0 0 0 0 0 0 0 0 0 358 357 357 357 357 358 358 358 358 359 359 363 363 363 363 364 364 368 368 370 370 371 0 0 0 0 0 0 0 0 0 0 0 0 0 0 0 0 0 0 0 0 0 0 0 0 0 0 0 0 0
0 0 0 0 0 0 0 0 0 0 0 0 0 0 0 0 0 0 0 0 0 0 0 0 0 0 0 0 0 0 0 0 0 0 0 0 0 0 0 0 0 0 0 0 0 0 0 0 0 0 0 0 0 0 0 0 0 0 0 0 0 0 0 0 0 0 0 0 0 0 0 0 0 0 0 0 0 0 0 0 0 0 0 0 0 0 0 0 0 0 0 0 0 0 0 0 0 0 0 0 0 0 0 0 0 0 0 0 0 0 0 0 0 0 0 0 0 0 0 0 0 0 0 0 0 0 0 0 0 0 0 0 0 0 0 0 0 0 0 0 0 0 0 0 0 0 0 0 0 0 0 0 0 0 0 0 0 0 0 0 0 0 0 0 0 0 0 0 0 0 0 0 0 0 0 0 0 0 0 0 0 0 0 0 0 0 0 0 0 0 0 0 0 0 0 0 0 0 0 0 0 0 0 0 0 0 0 0 0 0 0 0 0 0 0 0 0 0 0 0 0 0 0 0 0 0 0 0 0 0 0 0 0 0 0 0 0 0 0 0 0 0 0 0 0 0 0 0 0 0 0 0 0 0 0 0 0 0 0 0 0 0 0 0 0 0 0 0 0 0 357 357 357 357 357 358 358 358 358 358 359 360 363 360 360 361 361 361 363 364 364 0 0 0 0 0 0 0 0 0 0 0 0 0 0 0 0 0 0 0 0 0 0 0 0 0 0 0 0 0
0 0 0 0 0 0 0 0 0 0 0 0 0 0 0 0 0 0 0 0 0 0 0 0 0 0 0 0 0 0 0 0 0 0 0 0 0 0 0 0 0 0 0 0 0 0 0 0 0 0 0 0 0 0 0 0 0 0 0 0 0 0 0 0 0 0 0 0 0 0 0 0 0 0 0 0 0 0 0 0 0 0 0 0 0 0 0 0 0 0 0 0 0 0 0 0 0 0 0 0 0 0 0 0 0 0 0 0 0 0 0 0 0 0 0 0 0 0 0 0 0 0 0 0 0 0 0 0 0 0 0 0 0 0 0 0 0 0 0 0 0 0 0 0 0 0 0 0 0 0 0 0 0 0 0 0 0 0 0 0 0 0 0 0 0 0 0 0 0 0 0 0 0 0 0 0 0 0 0 0 0 0 0 0 0 0 0 0 0 0 0 0 0 0 0 0 0 0 0 0 0 0 0 0 0 0 0 0 0 0 0 0 0 0 0 0 0 0 0 0 0 0 0 0 0 0 0 0 0 0 0 0 0 0 0 0 0 0 0 0 0 0 0 0 0 0 0 0 0 0 0 0 0 0 0 0 0 0 0 0 0 0 0 0 0 0 0 0 0 0 0 355 355 355 357 356 356 356 357 357 358 360 359 359 359 360 361 363 363 364 364 365 0 0 0 0 0 0 0 0 0 0 0 0 0 0 0 0 0 0 0 0 0 0 0 0 0 0 0 0
0 0 0 0 0 0 0 0 0 0 0 0 0 0 0 0 0 0 0 0 0 0 0 0 0 0 0 0 0 0 0 0 0 0 0 0 0 0 0 0 0 0 0 0 0 0 0 0 0 0 0 0 0 0 0 0 0 0 0 0 0 0 0 0 0 0 0 0 0 0 0 0 0 0 0 0 0 0 0 0 0 0 0 0 0 0 0 0 0 0 0 0 0 0 0 0 0 0 0 0 0 0 0 0 0 0 0 0 0 0 0 0 0 0 0 0 0 0 0 0 0 0 0 0 0 0 0 0 0 0 0 0 0 0 0 0 0 0 0 0 0 0 0 0 0 0 0 0 0 0 0 0 0 0 0 0 0 0 0 0 0 0 0 0 0 0 0 0 0 0 0 0 0 0 0 0 0 0 0 0 0 0 0 0 0 0 0 0 0 0 0 0 0 0 0 0 0 0 0 0 0 0 0 0 0 0 0 0 0 0 0 0 0 0 0 0 0 0 0 0 0 0 0 0 0 0 0 0 0 0 0 0 0 0 0 0 0 0 0 0 0 0 0 0 0 0 0 0 0 0 0 0 0 0 0 0 0 0 0 0 0 0 0 0 0 0 0 0 0 0 0 354 354 355 354 354 354 355 356 356 358 358 358 358 358 359 359 361 361 364 364 365 0 0 0 0 0 0 0 0 0 0 0 0 0 0 0 0 0 0 0 0 0 0 0 0 0 0 0 0
0 0 0 0 0 0 0 0 0 0 0 0 0 0 0 0 0 0 0 0 0 0 0 0 0 0 0 0 0 0 0 0 0 0 0 0 0 0 0 0 0 0 0 0 0 0 0 0 0 0 0 0 0 0 0 0 0 0 0 0 0 0 0 0 0 0 0 0 0 0 0 0 0 0 0 0 0 0 0 0 0 0 0 0 0 0 0 0 0 0 0 0 0 0 0 0 0 0 0 0 0 0 0 0 0 0 0 0 0 0 0 0 0 0 0 0 0 0 0 0 0 0 0 0 0 0 0 0 0 0 0 0 0 0 0 0 0 0 0 0 0 0 0 0 0 0 0 0 0 0 0 0 0 0 0 0 0 0 0 0 0 0 0 0 0 0 0 0 0 0 0 0 0 0 0 0 0 0 0 0 0 0 0 0 0 0 0 0 0 0 0 0 0 0 0 0 0 0 0 0 0 0 0 0 0 0 0 0 0 0 0 0 0 0 0 0 0 0 0 0 0 0 0 0 0 0 0 0 0 0 0 0 0 0 0 0 0 0 0 0 0 0 0 0 0 0 0 0 0 0 0 0 0 0 0 0 0 0 0 0 0 0 0 0 0 0 0 0 0 0 0 354 354 0 354 354 354 354 355 355 355 355 358 358 358 359 359 359 359 359 0 0 0 0 0 0 0 0 0 0 0 0 0 0 0 0 0 0 0 0 0 0 0 0 0 0 0 0 0 0
0 0 0 0 0 0 0 0 0 0 0 0 0 0 0 0 0 0 0 0 0 0 0 0 0 0 0 0 0 0 0 0 0 0 0 0 0 0 0 0 0 0 0 0 0 0 0 0 0 0 0 0 0 0 0 0 0 0 0 0 0 0 0 0 0 0 0 0 0 0 0 0 0 0 0 0 0 0 0 0 0 0 0 0 0 0 0 0 0 0 0 0 0 0 0 0 0 0 0 0 0 0 0 0 0 0 0 0 0 0 0 0 0 0 0 0 0 0 0 0 0 0 0 0 0 0 0 0 0 0 0 0 0 0 0 0 0 0 0 0 0 0 0 0 0 0 0 0 0 0 0 0 0 0 0 0 0 0 0 0 0 0 0 0 0 0 0 0 0 0 0 0 0 0 0 0 0 0 0 0 0 0 0 0 0 0 0 0 0 0 0 0 0 0 0 0 0 0 0 0 0 0 0 0 0 0 0 0 0 0 0 0 0 0 0 0 0 0 0 0 0 0 0 0 0 0 0 0 0 0 0 0 0 0 0 0 0 0 0 0 0 0 0 0 0 0 0 0 0 0 0 0 0 0 0 0 0 0 0 0 0 0 0 0 0 0 0 0 0 0 0 0 0 0 0 0 353 353 354 354 354 354 354 358 358 359 359 358 358 359 360 0 0 0 0 0 0 0 0 0 0 0 0 0 0 0 0 0 0 0 0 0 0 0 0 0 0 0 0 0
0 0 0 0 0 0 0 0 0 0 0 0 0 0 0 0 0 0 0 0 0 0 0 0 0 0 0 0 0 0 0 0 0 0 0 0 0 0 0 0 0 0 0 0 0 0 0 0 0 0 0 0 0 0 0 0 0 0 0 0 0 0 0 0 0 0 0 0 0 0 0 0 0 0 0 0 0 0 0 0 0 0 0 0 0 0 0 0 0 0 0 0 0 0 0 0 0 0 0 0 0 0 0 0 0 0 0 0 0 0 0 0 0 0 0 0 0 0 0 0 0 0 0 0 0 0 0 0 0 0 0 0 0 0 0 0 0 0 0 0 0 0 0 0 0 0 0 0 0 0 0 0 0 0 0 0 0 0 0 0 0 0 0 0 0 0 0 0 0 0 0 0 0 0 0 0 0 0 0 0 0 0 0 0 0 0 0 0 0 0 0 0 0 0 0 0 0 0 0 0 0 0 0 0 0 0 0 0 0 0 0 0 0 0 0 0 0 0 0 0 0 0 0 0 0 0 0 0 0 0 0 0 0 0 0 0 0 0 0 0 0 0 0 0 0 0 0 0 0 0 0 0 0 0 0 0 0 0 0 0 0 0 0 0 0 0 0 0 0 0 0 0 0 0 0 0 352 352 352 352 352 353 353 353 356 356 356 356 358 359 360 0 0 0 0 0 0 0 0 0 0 0 0 0 0 0 0 0 0 0 0 0 0 0 0 0 0 0 0 0
0 0 0 0 0 0 0 0 0 0 0 0 0 0 0 0 0 0 0 0 0 0 0 0 0 0 0 0 0 0 0 0 0 0 0 0 0 0 0 0 0 0 0 0 0 0 0 0 0 0 0 0 0 0 0 0 0 0 0 0 0 0 0 0 0 0 0 0 0 0 0 0 0 0 0 0 0 0 0 0 0 0 0 0 0 0 0 0 0 0 0 0 0 0 0 0 0 0 0 0 0 0 0 0 0 0 0 0 0 0 0 0 0 0 0 0 0 0 0 0 0 0 0 0 0 0 0 0 0 0 0 0 0 0 0 0 0 0 0 0 0 0 0 0 0 0 0 0 0 0 0 0 0 0 0 0 0 0 0 0 0 0 0 0 0 0 0 0 0 0 0 0 0 0 0 0 0 0 0 0 0 0 0 0 0 0 0 0 0 0 0 0 0 0 0 0 0 0 0 0 0 0 0 0 0 0 0 0 0 0 0 0 0 0 0 0 0 0 0 0 0 0 0 0 0 0 0 0 0 0 0 0 0 0 0 0 0 0 0 0 0 0 0 0 0 0 0 0 0 0 0 0 0 0 0 0 0 0 0 0 0 0 0 0 0 0 0 0 0 0 0 0 0 0 0 0 352 350 350 352 352 353 353 351 351 356 356 356 356 0 0 0 0 0 0 0 0 0 0 0 0 0 0 0 0 0 0 0 0 0 0 0 0 0 0 0 0 0 0 0
0 0 0 0 0 0 0 0 0 0 0 0 0 0 0 0 0 0 0 0 0 0 0 0 0 0 0 0 0 0 0 0 0 0 0 0 0 0 0 0 0 0 0 0 0 0 0 0 0 0 0 0 0 0 0 0 0 0 0 0 0 0 0 0 0 0 0 0 0 0 0 0 0 0 0 0 0 0 0 0 0 0 0 0 0 0 0 0 0 0 0 0 0 0 0 0 0 0 0 0 0 0 0 0 0 0 0 0 0 0 0 0 0 0 0 0 0 0 0 0 0 0 0 0 0 0 0 0 0 0 0 0 0 0 0 0 0 0 0 0 0 0 0 0 0 0 0 0 0 0 0 0 0 0 0 0 0 0 0 0 0 0 0 0 0 0 0 0 0 0 0 0 0 0 0 0 0 0 0 0 0 0 0 0 0 0 0 0 0 0 0 0 0 0 0 0 0 0 0 0 0 0 0 0 0 0 0 0 0 0 0 0 0 0 0 0 0 0 0 0 0 0 0 0 0 0 0 0 0 0 0 0 0 0 0 0 0 0 0 0 0 0 0 0 0 0 0 0 0 0 0 0 0 0 0 0 0 0 0 0 0 0 0 0 0 0 0 0 0 0 0 0 0 0 0 0 348 348 348 352 350 350 351 351 351 351 351 351 351 0 0 0 0 0 0 0 0 0 0 0 0 0 0 0 0 0 0 0 0 0 0 0 0 0 0 0 0 0 0 0
0 0 0 0 0 0 0 0 0 0 0 0 0 0 0 0 0 0 0 0 0 0 0 0 0 0 0 0 0 0 0 0 0 0 0 0 0 0 0 0 0 0 0 0 0 0 0 0 0 0 0 0 0 0 0 0 0 0 0 0 0 0 0 0 0 0 0 0 0 0 0 0 0 0 0 0 0 0 0 0 0 0 0 0 0 0 0 0 0 0 0 0 0 0 0 0 0 0 0 0 0 0 0 0 0 0 0 0 0 0 0 0 0 0 0 0 0 0 0 0 0 0 0 0 0 0 0 0 0 0 0 0 0 0 0 0 0 0 0 0 0 0 0 0 0 0 0 0 0 0 0 0 0 0 0 0 0 0 0 0 0 0 0 0 0 0 0 0 0 0 0 0 0 0 0 0 0 0 0 0 0 0 0 0 0 0 0 0 0 0 0 0 0 0 0 0 0 0 0 0 0 0 0 0 0 0 0 0 0 0 0 0 0 0 0 0 0 0 0 0 0 0 0 0 0 0 0 0 0 0 0 0 0 0 0 0 0 0 0 0 0 0 0 0 0 0 0 0 0 0 0 0 0 0 0 0 0 0 0 0 0 0 0 0 0 0 0 0 0 0 0 0 0 0 0 0 348 346 346 347 347 348 350 350 350 350 351 351 351 351 0 0 0 0 0 0 0 0 0 0 0 0 0 0 0 0 0 0 0 0 0 0 0 0 0 0 0 0 0 0
0 0 0 0 0 0 0 0 0 0 0 0 0 0 0 0 0 0 0 0 0 0 0 0 0 0 0 0 0 0 0 0 0 0 0 0 0 0 0 0 0 0 0 0 0 0 0 0 0 0 0 0 0 0 0 0 0 0 0 0 0 0 0 0 0 0 0 0 0 0 0 0 0 0 0 0 0 0 0 0 0 0 0 0 0 0 0 0 0 0 0 0 0 0 0 0 0 0 0 0 0 0 0 0 0 0 0 0 0 0 0 0 0 0 0 0 0 0 0 0 0 0 0 0 0 0 0 0 0 0 0 0 0 0 0 0 0 0 0 0 0 0 0 0 0 0 0 0 0 0 0 0 0 0 0 0 0 0 0 0 0 0 0 0 0 0 0 0 0 0 0 0 0 0 0 0 0 0 0 0 0 0 0 0 0 0 0 0 0 0 0 0 0 0 0 0 0 0 0 0 0 0 0 0 0 0 0 0 0 0 0 0 0 0 0 0 0 0 0 0 0 0 0 0 0 0 0 0 0 0 0 0 0 0 0 0 0 0 0 0 0 0 0 0 0 0 0 0 0 0 0 0 0 0 0 0 0 0 0 0 0 0 0 0 0 0 0 0 0 0 0 0 0 0 0 0 346 346 346 346 347 347 347 347 349 349 350 350 350 351 0 0 0 0 0 0 0 0 0 0 0 0 0 0 0 0 0 0 0 0 0 0 0 0 0 0 0 0 0 0
0 0 0 0 0 0 0 0 0 0 0 0 0 0 0 0 0 0 0 0 0 0 0 0 0 0 0 0 0 0 0 0 0 0 0 0 0 0 0 0 0 0 0 0 0 0 0 0 0 0 0 0 0 0 0 0 0 0 0 0 0 0 0 0 0 0 0 0 0 0 0 0 0 0 0 0 0 0 0 0 0 0 0 0 0 0 0 0 0 0 0 0 0 0 0 0 0 0 0 0 0 0 0 0 0 0 0 0 0 0 0 0 0 0 0 0 0 0 0 0 0 0 0 0 0 0 0 0 0 0 0 0 0 0 0 0 0 0 0 0 0 0 0 0 0 0 0 0 0 0 0 0 0 0 0 0 0 0 0 0 0 0 0 0 0 0 0 0 0 0 0 0 0 0 0 0 0 0 0 0 0 0 0 0 0 0 0 0 0 0 0 0 0 0 0 0 0 0 0 0 0 0 0 0 0 0 0 0 0 0 0 0 0 0 0 0 0 0 0 0 0 0 0 0 0 0 0 0 0 0 0 0 0 0 0 0 0 0 0 0 0 0 0 0 0 0 0 0 0 0 0 0 0 0 0 0 0 0 0 0 0 0 0 0 0 0 0 0 0 0 0 0 0 0 344 344 345 345 345 345 345 345 346 347 346 346 350 350 349 348 348 0 0 0 0 0 0 0 0 0 0 0 0 0 0 0 0 0 0 0 0 0 0 0 0 0 0 0 0 0
0 0 0 0 0 0 0 0 0 0 0 0 0 0 0 0 0 0 0 0 0 0 0 0 0 0 0 0 0 0 0 0 0 0 0 0 0 0 0 0 0 0 0 0 0 0 0 0 0 0 0 0 0 0 0 0 0 0 0 0 0 0 0 0 0 0 0 0 0 0 0 0 0 0 0 0 0 0 0 0 0 0 0 0 0 0 0 0 0 0 0 0 0 0 0 0 0 0 0 0 0 0 0 0 0 0 0 0 0 0 0 0 0 0 0 0 0 0 0 0 0 0 0 0 0 0 0 0 0 0 0 0 0 0 0 0 0 0 0 0 0 0 0 0 0 0 0 0 0 0 0 0 0 0 0 0 0 0 0 0 0 0 0 0 0 0 0 0 0 0 0 0 0 0 0 0 0 0 0 0 0 0 0 0 0 0 0 0 0 0 0 0 0 0 0 0 0 0 0 0 0 0 0 0 0 0 0 0 0 0 0 0 0 0 0 0 0 0 0 0 0 0 0 0 0 0 0 0 0 0 0 0 0 0 0 0 0 0 0 0 0 0 0 0 0 0 0 0 0 0 0 0 0 0 0 0 0 0 0 0 0 0 0 0 0 0 0 0 0 0 0 0 0 342 342 344 345 345 342 342 343 343 345 345 345 346 346 347 348 348 348 348 348 0 0 0 0 0 0 0 0 0 0 0 0 0 0 0 0 0 0 0 0 0 0 0 0 0 0 0
0 0 0 0 0 0 0 0 0 0 0 0 0 0 0 0 0 0 0 0 0 0 0 0 0 0 0 0 0 0 0 0 0 0 0 0 0 0 0 0 0 0 0 0 0 0 0 0 0 0 0 0 0 0 0 0 0 0 0 0 0 0 0 0 0 0 0 0 0 0 0 0 0 0 0 0 0 0 0 0 0 0 0 0 0 0 0 0 0 0 0 0 0 0 0 0 0 0 0 0 0 0 0 0 0 0 0 0 0 0 0 0 0 0 0 0 0 0 0 0 0 0 0 0 0 0 0 0 0 0 0 0 0 0 0 0 0 0 0 0 0 0 0 0 0 0 0 0 0 0 0 0 0 0 0 0 0 0 0 0 0 0 0 0 0 0 0 0 0 0 0 0 0 0 0 0 0 0 0 0 0 0 0 0 0 0 0 0 0 0 0 0 0 0 0 0 0 0 0 0 0 0 0 0 0 0 0 0 0 0 0 0 0 0 0 0 0 0 0 0 0 0 0 0 0 0 0 0 0 0 0 0 0 0 0 0 0 0 0 0 0 0 0 0 0 0 0 0 0 0 0 0 0 0 0 0 0 0 0 0 0 0 0 0 0 0 0 0 0 0 339 339 339 339 338 338 339 339 340 341 342 342 342 342 342 342 345 347 348 345 345 345 346 347 0 0 0 0 0 0 0 0 0 0 0 0 0 0 0 0 0 0 0 0 0 0 0 0 0 0
0 0 0 0 0 0 0 0 0 0 0 0 0 0 0 0 0 0 0 0 0 0 0 0 0 0 0 0 0 0 0 0 0 0 0 0 0 0 0 0 0 0 0 0 0 0 0 0 0 0 0 0 0 0 0 0 0 0 0 0 0 0 0 0 0 0 0 0 0 0 0 0 0 0 0 0 0 0 0 0 0 0 0 0 0 0 0 0 0 0 0 0 0 0 0 0 0 0 0 0 0 0 0 0 0 0 0 0 0 0 0 0 0 0 0 0 0 0 0 0 0 0 0 0 0 0 0 0 0 0 0 0 0 0 0 0 0 0 0 0 0 0 0 0 0 0 0 0 0 0 0 0 0 0 0 0 0 0 0 0 0 0 0 0 0 0 0 0 0 0 0 0 0 0 0 0 0 0 0 0 0 0 0 0 0 0 0 0 0 0 0 0 0 0 0 0 0 0 0 0 0 0 0 0 0 0 0 0 0 0 0 0 0 0 0 0 0 0 0 0 0 0 0 0 0 0 0 0 0 0 0 0 0 0 0 0 0 0 0 0 0 0 0 0 0 0 0 0 0 0 0 0 0 0 0 0 0 0 0 0 0 0 0 0 0 0 0 0 0 0 338 338 338 338 338 338 338 339 339 339 339 340 340 341 341 340 340 340 343 343 344 344 345 345 0 0 0 0 0 0 0 0 0 0 0 0 0 0 0 0 0 0 0 0 0 0 0 0 0 0
0 0 0 0 0 0 0 0 0 0 0 0 0 0 0 0 0 0 0 0 0 0 0 0 0 0 0 0 0 0 0 0 0 0 0 0 0 0 0 0 0 0 0 0 0 0 0 0 0 0 0 0 0 0 0 0 0 0 0 0 0 0 0 0 0 0 0 0 0 0 0 0 0 0 0 0 0 0 0 0 0 0 0 0 0 0 0 0 0 0 0 0 0 0 0 0 0 0 0 0 0 0 0 0 0 0 0 0 0 0 0 0 0 0 0 0 0 0 0 0 0 0 0 0 0 0 0 0 0 0 0 0 0 0 0 0 0 0 0 0 0 0 0 0 0 0 0 0 0 0 0 0 0 0 0 0 0 0 0 0 0 0 0 0 0 0 0 0 0 0 0 0 0 0 0 0 0 0 0 0 0 0 0 0 0 0 0 0 0 0 0 0 0 0 0 0 0 0 0 0 0 0 0 0 0 0 0 0 0 0 0 0 0 0 0 0 0 0 0 0 0 0 0 0 0 0 0 0 0 0 0 0 0 0 0 0 0 0 0 0 0 0 0 0 0 0 0 0 0 0 0 0 0 0 0 0 333 333 334 0 0 0 0 0 0 0 0 0 0 0 338 338 337 337 337 337 338 338 338 338 338 339 340 340 340 340 340 340 341 343 343 343 344 345 0 0 0 0 0 0 0 0 0 0 0 0 0 0 0 0 0 0 0 0 0 0 0 0 0 0
0 0 0 0 0 0 0 0 0 0 0 0 0 0 0 0 0 0 0 0 0 0 0 0 0 0 0 0 0 0 0 0 0 0 0 0 0 0 0 0 0 0 0 0 0 0 0 0 0 0 0 0 0 0 0 0 0 0 0 0 0 0 0 0 0 0 0 0 0 0 0 0 0 0 0 0 0 0 0 0 0 0 0 0 0 0 0 0 0 0 0 0 0 0 0 0 0 0 0 0 0 0 0 0 0 0 0 0 0 0 0 0 0 0 0 0 0 0 0 0 0 0 0 0 0 0 0 0 0 0 0 0 0 0 0 0 0 0 0 0 0 0 0 0 0 0 0 0 0 0 0 0 0 0 0 0 0 0 0 0 0 0 0 0 0 0 0 0 0 0 0 0 0 0 0 0 0 0 0 0 0 0 0 0 0 0 0 0 0 0 0 0 0 0 0 0 0 0 0 0 0 0 0 0 0 0 0 0 0 0 0 0 0 0 0 0 0 0 0 0 0 0 0 0 0 0 0 0 0 0 0 0 0 0 0 0 0 0 0 0 0 328 328 329 329 0 0 0 0 0 0 0 0 0 0 333 332 332 332 332 332 332 0 0 0 0 0 0 0 0 334 334 334 334 335 336 336 337 337 337 337 338 340 338 338 339 339 339 339 340 342 343 344 0 0 0 0 0 0 0 0 0 0 0 0 0 0 0 0 0 0 0 0 0 0 0 0 0 0 0
0 0 0 0 0 0 0 0 0 0 0 0 0 0 0 0 0 0 0 0 0 0 0 0 0 0 0 0 0 0 0 0 0 0 0 0 0 0 0 0 0 0 0 0 0 0 0 0 0 0 0 0 0 0 0 0 0 0 0 0 0 0 0 0 0 0 0 0 0 0 0 0 0 0 0 0 0 0 0 0 0 0 0 0 0 0 0 0 0 0 0 0 0 0 0 0 0 0 0 0 0 0 0 0 0 0 0 0 0 0 0 0 0 0 0 0 0 0 0 0 0 0 0 0 0 0 0 0 0 0 0 0 0 0 0 0 0 0 0 0 0 0 0 0 0 0 0 0 0 0 0 0 0 0 0 0 0 0 0 0 0 0 0 0 0 0 0 0 0 0 0 0 0 0 0 0 0 0 0 0 0 0 0 0 0 0 0 0 0 0 0 0 0 0 0 0 0 0 0 0 0 0 0 0 0 0 0 0 0 0 0 0 0 0 0 0 0 0 0 0 0 0 0 0 0 0 0 0 0 0 0 0 0 0 0 0 0 0 0 0 328 328 328 329 329 330 0 0 0 0 332 332 329 329 329 329 329 330 330 331 331 331 331 331 0 0 0 0 0 333 333 334 334 334 334 335 336 336 336 336 336 336 336 336 337 337 338 338 338 338 339 340 0 0 0 0 0 0 0 0 0 0 0 0 0 0 0 0 0 0 0 0 0 0 0 0 0 0 0 0
0 0 0 0 0 0 0 0 0 0 0 0 0 0 0 0 0 0 0 0 0 0 0 0 0 0 0 0 0 0 0 0 0 0 0 0 0 0 0 0 0 0 0 0 0 0 0 0 0 0 0 0 0 0 0 0 0 0 0 0 0 0 0 0 0 0 0 0 0 0 0 0 0 0 0 0 0 0 0 0 0 0 0 0 0 0 0 0 0 0 0 0 0 0 0 0 0 0 0 0 0 0 0 0 0 0 0 0 0 0 0 0 0 0 0 0 0 0 0 0 0 0 0 0 0 0 0 0 0 0 0 0 0 0 0 0 0 0 0 0 0 0 0 0 0 0 0 0 0 0 0 0 0 0 0 0 0 0 0 0 0 0 0 0 0 0 0 0 0 0 0 0 0 0 0 0 0 0 0 0 0 0 0 0 0 0 0 0 0 0 0 0 0 0 0 0 0 0 0 0 0 0 0 0 0 0 0 0 0 0 0 0 0 0 0 0 0 0 0 0 0 0 0 0 0 0 0 0 0 0 0 0 0 0 0 0 0 327 326 326 326 327 328 329 329 329 328 328 0 330 330 330 329 329 329 329 329 330 330 330 330 330 330 330 331 331 0 0 0 333 333 333 333 333 333 333 334 334 335 335 335 334 334 335 335 337 337 337 337 337 337 339 0 0 0 0 0 0 0 0 0 0 0 0 0 0 0 0 0 0 0 0 0 0 0 0 0 0 0 0
0 0 0 0 0 0 0 0 0 0 0 0 0 0 0 0 0 0 0 0 0 0 0 0 0 0 0 0 0 0 0 0 0 0 0 0 0 0 0 0 0 0 0 0 0 0 0 0 0 0 0 0 0 0 0 0 0 0 0 0 0 0 0 0 0 0 0 0 0 0 0 0 0 0 0 0 0 0 0 0 0 0 0 0 0 0 0 0 0 0 0 0 0 0 0 0 0 0 0 0 0 0 0 0 0 0 0 0 0 0 0 0 0 0 0 0 0 0 0 0 0 0 0 0 0 0 0 0 0 0 0 0 0 0 0 0 0 0 0 0 0 0 0 0 0 0 0 0 0 0 0 0 0 0 0 0 0 0 0 0 0 0 0 0 0 0 0 0 0 0 0 0 0 0 0 0 0 0 0 0 0 0 0 0 0 0 0 0 0 0 0 0 0 0 0 0 0 0 0 0 0 0 0 0 0 0 0 0 0 0 0 0 0 0 0 0 0 0 0 0 0 0 0 0 0 0 0 0 0 0 0 0 0 0 0 324 324 326 326 326 326 327 328 328 328 328 328 328 328 330 330 329 329 329 328 328 329 329 329 329 329 329 329 329 330 330 330 330 331 331 334 332 332 333 333 333 333 333 333 333 334 334 334 334 335 337 336 336 337 335 335 339 0 0 0 0 0 0 0 0 0 0 0 0 0 0 0 0 0 0 0 0 0 0 0 0 0 0 0 0
0 0 0 0 0 0 0 0 0 0 0 0 0 0 0 0 0 0 0 0 0 0 0 0 0 0 0 0 0 0 0 0 0 0 0 0 0 0 0 0 0 0 0 0 0 0 0 0 0 0 0 0 0 0 0 0 0 0 0 0 0 0 0 0 0 0 0 0 0 0 0 0 0 0 0 0 0 0 0 0 0 0 0 0 0 0 0 0 0 0 0 0 0 0 0 0 0 0 0 0 0 0 0 0 0 0 0 0 0 0 0 0 0 0 0 0 0 0 0 0 0 0 0 0 0 0 0 0 0 0 0 0 0 0 0 0 0 0 0 0 0 0 0 0 0 0 0 0 0 0 0 0 0 0 0 0 0 0 0 0 0 0 0 0 0 0 0 0 0 0 0 0 0 0 0 0 0 0 0 0 0 0 0 0 0 0 0 0 0 0 0 0 0 0 0 0 0 0 0 0 0 0 0 0 0 0 0 0 0 0 0 0 0 0 0 0 0 0 0 0 0 0 0 0 0 0 0 0 0 0 0 0 0 0 0 324 324 326 326 326 326 326 326 326 326 326 328 326 326 327 327 327 327 328 328 328 328 327 327 327 327 328 328 329 330 330 330 330 329 329 329 329 329 332 332 332 332 332 333 332 332 333 333 333 334 334 334 333 333 334 334 335 335 335 0 0 0 0 0 0 0 0 0 0 0 0 0 0 0 0 0 0 0 0 0 0 0 0 0 0
0 0 0 0 0 0 0 0 0 0 0 0 0 0 0 0 0 0 0 0 0 0 0 0 0 0 0 0 0 0 0 0 0 0 0 0 0 0 0 0 0 0 0 0 0 0 0 0 0 0 0 0 0 0 0 0 0 0 0 0 0 0 0 0 0 0 0 0 0 0 0 0 0 0 0 0 0 0 0 0 0 0 0 0 0 0 0 0 0 0 0 0 0 0 0 0 0 0 0 0 0 0 0 0 0 0 0 0 0 0 0 0 0 0 0 0 0 0 0 0 0 0 0 0 0 0 0 0 0 0 0 0 0 0 0 0 0 0 0 0 0 0 0 0 0 0 0 0 0 0 0 0 0 0 0 0 0 0 0 0 0 0 0 0 0 0 0 0 0 0 0 0 0 0 0 0 0 0 0 0 0 0 0 0 0 0 0 0 0 0 0 0 0 0 0 0 0 0 0 0 0 0 0 0 0 0 0 0 0 0 0 0 0 0 0 0 0 0 0 0 0 0 0 0 0 0 0 0 0 0 0 0 0 0 324 324 324 325 326 326 326 326 326 326 326 326 325 325 325 326 326 326 326 326 326 326 327 327 327 327 327 327 328 328 328 330 330 330 329 328 328 328 328 329 331 331 331 331 331 331 331 332 332 332 332 332 334 333 333 333 334 334 335 335 0 0 0 0 0 0 0 0 0 0 0 0 0 0 0 0 0 0 0 0 0 0 0 0 0 0
0 0 0 0 0 0 0 0 0 0 0 0 0 0 0 0 0 0 0 0 0 0 0 0 0 0 0 0 0 0 0 0 0 0 0 0 0 0 0 0 0 0 0 0 0 0 0 0 0 0 0 0 0 0 0 0 0 0 0 0 0 0 0 0 0 0 0 0 0 0 0 0 0 0 0 0 0 0 0 0 0 0 0 0 0 0 0 0 0 0 0 0 0 0 0 0 0 0 0 0 0 0 0 0 0 0 0 0 0 0 0 0 0 0 0 0 0 0 0 0 0 0 0 0 0 0 0 0 0 0 0 0 0 0 0 0 0 0 0 0 0 0 0 0 0 0 0 0 0 0 0 0 0 0 0 0 0 0 0 0 0 0 0 0 0 0 0 0 0 0 0 0 0 0 0 0 0 0 0 0 0 0 0 0 0 0 0 0 0 0 0 0 0 0 0 0 0 0 0 0 0 0 0 0 0 0 0 0 0 0 0 0 0 0 0 0 0 0 0 0 0 0 0 0 0 0 0 0 0 0 0 0 0 0 324 324 324 325 325 325 325 326 326 326 325 325 325 325 325 325 326 326 326 326 326 326 325 325 326 326 326 326 326 327 326 326 327 327 328 328 328 328 328 328 328 328 329 329 330 330 330 330 331 331 331 331 331 332 332 333 333 333 335 0 0 0 0 0 0 0 0 0 0 0 0 0 0 0 0 0 0 0 0 0 0 0 0 0 0 0
0 0 0 0 0 0 0 0 0 0 0 0 0 0 0 0 0 0 0 0 0 0 0 0 0 0 0 0 0 0 0 0 0 0 0 0 0 0 0 0 0 0 0 0 0 0 0 0 0 0 0 0 0 0 0 0 0 0 0 0 0 0 0 0 0 0 0 0 0 0 0 0 0 0 0 0 0 0 0 0 0 0 0 0 0 0 0 0 0 0 0 0 0 0 0 0 0 0 0 0 0 0 0 0 0 0 0 0 0 0 0 0 0 0 0 0 0 0 0 0 0 0 0 0 0 0 0 0 0 0 0 0 0 0 0 0 0 0 0 0 0 0 0 0 0 0 0 0 0 0 0 0 0 0 0 0 0 0 0 0 0 0 0 0 0 0 0 0 0 0 0 0 0 0 0 0 0 0 0 0 0 0 0 0 0 0 0 0 0 0 0 0 0 0 0 0 0 0 0 0 0 0 0 0 0 0 0 0 0 0 0 0 0 0 0 0 0 0 0 0 0 0 0 0 0 0 0 0 0 0 0 0 0 322 322 322 322 324 324 324 325 325 326 326 325 325 325 324 324 324 324 325 325 325 325 325 325 325 325 325 325 326 326 326 326 326 326 326 326 327 327 327 327 327 327 328 329 329 329 329 329 329 330 330 330 330 330 331 331 332 332 333 0 0 0 0 0 0 0 0 0 0 0 0 0 0 0 0 0 0 0 0 0 0 0 0 0 0 0 0
0 0 0 0 0 0 0 0 0 0 0 0 0 0 0 0 0 0 0 0 0 0 0 0 0 0 0 0 0 0 0 0 0 0 0 0 0 0 0 0 0 0 0 0 0 0 0 0 0 0 0 0 0 0 0 0 0 0 0 0 0 0 0 0 0 0 0 0 0 0 0 0 0 0 0 0 0 0 0 0 0 0 0 0 0 0 0 0 0 0 0 0 0 0 0 0 0 0 0 0 0 0 0 0 0 0 0 0 0 0 0 0 0 0 0 0 0 0 0 0 0 0 0 0 0 0 0 0 0 0 0 0 0 0 0 0 0 0 0 0 0 0 0 0 0 0 0 0 0 0 0 0 0 0 0 0 0 0 0 0 0 0 0 0 0 0 0 0 0 0 0 0 0 0 0 0 0 0 0 0 0 0 0 0 0 0 0 0 0 0 0 0 0 0 0 0 0 0 0 0 0 0 0 0 0 0 0 0 0 0 0 0 0 0 0 0 0 0 0 0 0 0 0 0 0 0 0 0 0 0 0 321 321 321 322 322 322 324 324 324 324 322 322 322 325 325 324 324 323 323 323 323 323 324 324 324 324 324 323 323 324 325 325 325 325 325 325 325 325 326 326 326 326 326 327 327 329 329 329 329 329 329 329 329 329 329 329 330 330 331 332 333 0 0 0 0 0 0 0 0 0 0 0 0 0 0 0 0 0 0 0 0 0 0 0 0 0 0 0 0
0 0 0 0 0 0 0 0 0 0 0 0 0 0 0 0 0 0 0 0 0 0 0 0 0 0 0 0 0 0 0 0 0 0 0 0 0 0 0 0 0 0 0 0 0 0 0 0 0 0 0 0 0 0 0 0 0 0 0 0 0 0 0 0 0 0 0 0 0 0 0 0 0 0 0 0 0 0 0 0 0 0 0 0 0 0 0 0 0 0 0 0 0 0 0 0 0 0 0 0 0 0 0 0 0 0 0 0 0 0 0 0 0 0 0 0 0 0 0 0 0 0 0 0 0 0 0 0 0 0 0 0 0 0 0 0 0 0 0 0 0 0 0 0 0 0 0 0 0 0 0 0 0 0 0 0 0 0 0 0 0 0 0 0 0 0 0 0 0 0 0 0 0 0 0 0 0 0 0 0 0 0 0 0 0 0 0 0 0 0 0 0 0 0 0 0 0 0 0 0 0 0 0 0 0 0 0 0 0 0 0 0 0 0 0 0 0 0 0 0 0 0 0 0 0 0 0 0 320 320 320 321 321 321 321 321 321 324 324 324 0 0 322 322 322 322 322 323 322 322 322 322 323 323 323 323 323 322 322 323 322 322 322 323 323 324 325 325 325 325 325 326 325 325 326 327 325 325 326 326 327 327 329 329 329 329 329 330 330 331 0 0 0 0 0 0 0 0 0 0 0 0 0 0 0 0 0 0 0 0 0 0 0 0 0 0 0 0 0 0
0 0 0 0 0 0 0 0 0 0 0 0 0 0 0 0 0 0 0 0 0 0 0 0 0 0 0 0 0 0 0 0 0 0 0 0 0 0 0 0 0 0 0 0 0 0 0 0 0 0 0 0 0 0 0 0 0 0 0 0 0 0 0 0 0 0 0 0 0 0 0 0 0 0 0 0 0 0 0 0 0 0 0 0 0 0 0 0 0 0 0 0 0 0 0 0 0 0 0 0 0 0 0 0 0 0 0 0 0 0 0 0 0 0 0 0 0 0 0 0 0 0 0 0 0 0 0 0 0 0 0 0 0 0 0 0 0 0 0 0 0 0 0 0 0 0 0 0 0 0 0 0 0 0 0 0 0 0 0 0 0 0 0 0 0 0 0 0 0 0 0 0 0 0 0 0 0 0 0 0 0 0 0 0 0 0 0 0 0 0 0 0 0 0 0 0 0 0 0 0 0 0 0 0 0 0 0 0 0 0 0 0 0 0 0 0 0 0 0 0 0 0 0 0 0 0 0 319 319 319 320 320 321 320 320 319 319 0 0 0 0 0 322 322 320 320 320 320 320 321 321 322 323 323 323 323 323 322 322 321 321 321 322 322 323 324 324 324 323 323 323 323 324 324 324 323 323 324 324 324 324 327 327 324 329 329 329 329 329 329 329 0 0 0 0 0 0 0 0 0 0 0 0 0 0 0 0 0 0 0 0 0 0 0 0 0 0 0 0 0
0 0 0 0 0 0 0 0 0 0 0 0 0 0 0 0 0 0 0 0 0 0 0 0 0 0 0 0 0 0 0 0 0 0 0 0 0 0 0 0 0 0 0 0 0 0 0 0 0 0 0 0 0 0 0 0 0 0 0 0 0 0 0 0 0 0 0 0 0 0 0 0 0 0 0 0 0 0 0 0 0 0 0 0 0 0 0 0 0 0 0 0 0 0 0 0 0 0 0 0 0 0 0 0 0 0 0 0 0 0 0 0 0 0 0 0 0 0 0 0 0 0 0 0 0 0 0 0 0 0 0 0 0 0 0 0 0 0 0 0 0 0 0 0 0 0 0 0 0 0 0 0 0 0 0 0 0 0 0 0 0 0 0 0 0 0 0 0 0 0 0 0 0 0 0 0 0 0 0 0 0 0 0 0 0 0 0 0 0 0 0 0 0 0 0 0 0 0 0 0 0 0 0 0 0 0 0 0 0 0 0 0 0 0 0 0 0 0 0 0 0 0 0 0 0 0 0 318 318 318 318 320 321 320 320 319 319 0 0 0 0 0 0 0 320 320 320 319 319 319 319 320 320 319 319 322 322 322 321 321 321 321 322 322 323 324 324 321 321 322 322 323 323 324 322 322 323 323 323 323 323 323 324 324 324 324 326 326 329 329 329 0 0 0 0 0 0 0 0 0 0 0 0 0 0 0 0 0 0 0 0 0 0 0 0 0 0 0 0 0
0 0 0 0 0 0 0 0 0 0 0 0 0 0 0 0 0 0 0 0 0 0 0 0 0 0 0 0 0 0 0 0 0 0 0 0 0 0 0 0 0 0 0 0 0 0 0 0 0 0 0 0 0 0 0 0 0 0 0 0 0 0 0 0 0 0 0 0 0 0 0 0 0 0 0 0 0 0 0 0 0 0 0 0 0 0 0 0 0 0 0 0 0 0 0 0 0 0 0 0 0 0 0 0 0 0 0 0 0 0 0 0 0 0 0 0 0 0 0 0 0 0 0 0 0 0 0 0 0 0 0 0 0 0 0 0 0 0 0 0 0 0 0 0 0 0 0 0 0 0 0 0 0 0 0 0 0 0 0 0 0 0 0 0 0 0 0 0 0 0 0 0 0 0 0 0 0 0 0 0 0 0 0 0 0 0 0 0 0 0 0 0 0 0 0 0 0 0 0 0 0 0 0 0 0 0 0 0 0 0 0 0 0 0 0 0 0 0 0 0 0 0 0 0 0 0 0 317 317 317 317 320 0 0 0 0 0 0 0 0 0 0 0 0 0 320 320 319 319 319 319 319 319 319 319 319 321 321 321 320 320 320 322 322 323 321 321 321 321 321 322 322 321 321 321 322 322 322 322 322 322 322 324 324 0 0 0 326 326 326 326 326 0 0 0 0 0 0 0 0 0 0 0 0 0 0 0 0 0 0 0 0 0 0 0 0 0 0 0 0
0 0 0 0 0 0 0 0 0 0 0 0 0 0 0 0 0 0 0 0 0 0 0 0 0 0 0 0 0 0 0 0 0 0 0 0 0 0 0 0 0 0 0 0 0 0 0 0 0 0 0 0 0 0 0 0 0 0 0 0 0 0 0 0 0 0 0 0 0 0 0 0 0 0 0 0 0 0 0 0 0 0 0 0 0 0 0 0 0 0 0 0 0 0 0 0 0 0 0 0 0 0 0 0 0 0 0 0 0 0 0 0 0 0 0 0 0 0 0 0 0 0 0 0 0 0 0 0 0 0 0 0 0 0 0 0 0 0 0 0 0 0 0 0 0 0 0 0 0 0 0 0 0 0 0 0 0 0 0 0 0 0 0 0 0 0 0 0 0 0 0 0 0 0 0 0 0 0 0 0 0 0 0 0 0 0 0 0 0 0 0 0 0 0 0 0 0 0 0 0 0 0 0 0 0 0 0 0 0 0 0 0 0 0 0 0 0 0 0 0 0 0 0 0 0 0 0 317 317 317 317 0 0 0 0 0 0 0 0 0 0 0 0 0 0 0 0 0 319 318 318 318 319 319 319 319 318 319 0 319 319 319 319 319 319 319 320 320 320 320 320 321 321 321 321 321 322 322 322 322 322 322 322 322 321 0 0 326 326 325 325 325 0 0 0 0 0 0 0 0 0 0 0 0 0 0 0 0 0 0 0 0 0 0 0 0 0 0 0 0
0 0 0 0 0 0 0 0 0 0 0 0 0 0 0 0 0 0 0 0 0 0 0 0 0 0 0 0 0 0 0 0 0 0 0 0 0 0 0 0 0 0 0 0 0 0 0 0 0 0 0 0 0 0 0 0 0 0 0 0 0 0 0 0 0 0 0 0 0 0 0 0 0 0 0 0 0 0 0 0 0 0 0 0 0 0 0 0 0 0 0 0 0 0 0 0 0 0 0 0 0 0 0 0 0 0 0 0 0 0 0 0 0 0 0 0 0 0 0 0 0 0 0 0 0 0 0 0 0 0 0 0 0 0 0 0 0 0 0 0 0 0 0 0 0 0 0 0 0 0 0 0 0 0 0 0 0 0 0 0 0 0 0 0 0 0 0 0 0 0 0 0 0 0 0 0 0 0 0 0 0 0 0 0 0 0 0 0 0 0 0 0 0 0 0 0 0 0 0 0 0 0 0 0 0 0 0 0 0 0 0 0 0 0 0 0 0 0 0 0 0 0 0 0 0 0 0 317 317 317 318 0 0 0 0 0 0 0 0 0 0 0 0 0 0 0 0 0 317 317 317 317 317 318 318 318 318 0 0 317 317 317 318 318 318 318 318 318 318 318 319 321 321 320 320 320 321 321 321 321 321 321 321 321 0 320 320 320 324 324 324 325 0 0 0 0 0 0 0 0 0 0 0 0 0 0 0 0 0 0 0 0 0 0 0 0 0 0 0 0
0 0 0 0 0 0 0 0 0 0 0 0 0 0 0 0 0 0 0 0 0 0 0 0 0 0 0 0 0 0 0 0 0 0 0 0 0 0 0 0 0 0 0 0 0 0 0 0 0 0 0 0 0 0 0 0 0 0 0 0 0 0 0 0 0 0 0 0 0 0 0 0 0 0 0 0 0 0 0 0 0 0 0 0 0 0 0 0 0 0 0 0 0 0 0 0 0 0 0 0 0 0 0 0 0 0 0 0 0 0 0 0 0 0 0 0 0 0 0 0 0 0 0 0 0 0 0 0 0 0 0 0 0 0 0 0 0 0 0 0 0 0 0 0 0 0 0 0 0 0 0 0 0 0 0 0 0 0 0 0 0 0 0 0 0 0 0 0 0 0 0 0 0 0 0 0 0 0 0 0 0 0 0 0 0 0 0 0 0 0 0 0 0 0 0 0 0 0 0 0 0 0 0 0 0 0 0 0 0 0 0 0 0 0 0 0 0 0 0 0 0 0 0 0 0 0 0 0 0 0 0 0 0 0 0 0 0 0 0 0 0 0 0 0 0 0 0 0 317 317 317 317 317 318 318 318 0 0 0 317 316 316 317 317 318 317 317 317 317 317 318 318 319 319 319 319 321 317 317 318 318 319 319 319 320 320 320 320 320 320 321 325 0 0 0 0 0 0 0 0 0 0 0 0 0 0 0 0 0 0 0 0 0 0 0 0 0 0 0 0
0 0 0 0 0 0 0 0 0 0 0 0 0 0 0 0 0 0 0 0 0 0 0 0 0 0 0 0 0 0 0 0 0 0 0 0 0 0 0 0 0 0 0 0 0 0 0 0 0 0 0 0 0 0 0 0 0 0 0 0 0 0 0 0 0 0 0 0 0 0 0 0 0 0 0 0 0 0 0 0 0 0 0 0 0 0 0 0 0 0 0 0 0 0 0 0 0 0 0 0 0 0 0 0 0 0 0 0 0 0 0 0 0 0 0 0 0 0 0 0 0 0 0 0 0 0 0 0 0 0 0 0 0 0 0 0 0 0 0 0 0 0 0 0 0 0 0 0 0 0 0 0 0 0 0 0 0 0 0 0 0 0 0 0 0 0 0 0 0 0 0 0 0 0 0 0 0 0 0 0 0 0 0 0 0 0 0 0 0 0 0 0 0 0 0 0 0 0 0 0 0 0 0 0 0 0 0 0 0 0 0 0 0 0 0 0 0 0 0 0 0 0 0 0 0 0 0 0 0 0 0 0 0 0 0 0 0 0 0 0 0 0 0 0 0 0 0 0 317 317 317 317 317 0 0 0 0 0 0 0 315 315 315 317 318 317 316 316 316 317 317 317 319 319 319 319 316 316 317 317 317 318 318 319 319 319 319 320 320 320 320 318 317 317 0 0 0 0 0 0 0 0 0 0 0 0 0 0 0 0 0 0 0 0 0 0 0 0 0 0
0 0 0 0 0 0 0 0 0 0 0 0 0 0 0 0 0 0 0 0 0 0 0 0 0 0 0 0 0 0 0 0 0 0 0 0 0 0 0 0 0 0 0 0 0 0 0 0 0 0 0 0 0 0 0 0 0 0 0 0 0 0 0 0 0 0 0 0 0 0 0 0 0 0 0 0 0 0 0 0 0 0 0 0 0 0 0 0 0 0 0 0 0 0 0 0 0 0 0 0 0 0 0 0 0 0 0 0 0 0 0 0 0 0 0 0 0 0 0 0 0 0 0 0 0 0 0 0 0 0 0 0 0 0 0 0 0 0 0 0 0 0 0 0 0 0 0 0 0 0 0 0 0 0 0 0 0 0 0 0 0 0 0 0 0 0 0 0 0 0 0 0 0 0 0 0 0 0 0 0 0 0 0 0 0 0 0 0 0 0 0 0 0 0 0 0 0 0 0 0 0 0 0 0 0 0 0 0 0 0 0 0 0 0 0 0 0 0 0 0 0 0 0 0 0 0 0 0 0 0 0 0 0 0 0 0 0 0 0 0 0 0 0 0 0 0 0 0 0 0 0 0 0 0 0 0 0 0 0 315 315 315 315 0 0 0 316 316 316 317 315 315 315 315 315 315 315 316 316 316 316 316 316 318 318 318 319 319 319 319 318 318 317 317 318 0 0 0 0 0 0 0 0 0 0 0 0 0 0 0 0 0 0 0 0 0 0 0 0 0
0 0 0 0 0 0 0 0 0 0 0 0 0 0 0 0 0 0 0 0 0 0 0 0 0 0 0 0 0 0 0 0 0 0 0 0 0 0 0 0 0 0 0 0 0 0 0 0 0 0 0 0 0 0 0 0 0 0 0 0 0 0 0 0 0 0 0 0 0 0 0 0 0 0 0 0 0 0 0 0 0 0 0 0 0 0 0 0 0 0 0 0 0 0 0 0 0 0 0 0 0 0 0 0 0 0 0 0 0 0 0 0 0 0 0 0 0 0 0 0 0 0 0 0 0 0 0 0 0 0 0 0 0 0 0 0 0 0 0 0 0 0 0 0 0 0 0 0 0 0 0 0 0 0 0 0 0 0 0 0 0 0 0 0 0 0 0 0 0 0 0 0 0 0 0 0 0 0 0 0 0 0 0 0 0 0 0 0 0 0 0 0 0 0 0 0 0 0 0 0 0 0 0 0 0 0 0 0 0 0 0 0 0 0 0 0 0 0 0 0 0 0 0 0 0 0 0 0 0 0 0 0 0 0 0 0 0 0 0 0 0 0 0 0 0 0 0 0 0 0 0 0 0 0 0 0 0 0 0 315 315 315 315 0 0 0 0 0 0 0 315 315 315 315 315 315 315 316 316 316 315 315 315 317 317 317 317 317 317 317 317 317 318 318 318 0 0 0 0 0 0 0 0 0 0 0 0 0 0 0 0 0 0 0 0 0 0 0 0 0
0 0 0 0 0 0 0 0 0 0 0 0 0 0 0 0 0 0 0 0 0 0 0 0 0 0 0 0 0 0 0 0 0 0 0 0 0 0 0 0 0 0 0 0 0 0 0 0 0 0 0 0 0 0 0 0 0 0 0 0 0 0 0 0 0 0 0 0 0 0 0 0 0 0 0 0 0 0 0 0 0 0 0 0 0 0 0 0 0 0 0 0 0 0 0 0 0 0 0 0 0 0 0 0 0 0 0 0 0 0 0 0 0 0 0 0 0 0 0 0 0 0 0 0 0 0 0 0 0 0 0 0 0 0 0 0 0 0 0 0 0 0 0 0 0 0 0 0 0 0 0 0 0 0 0 0 0 0 0 0 0 0 0 0 0 0 0 0 0 0 0 0 0 0 0 0 0 0 0 0 0 0 0 0 0 0 0 0 0 0 0 0 0 0 0 0 0 0 0 0 0 0 0 0 0 0 0 0 0 0 0 0 0 0 0 0 0 0 0 0 0 0 0 0 0 0 0 0 0 0 0 0 0 0 0 0 0 0 0 0 0 0 0 0 0 0 0 0 0 0 0 0 0 0 0 0 0 0 0 0 0 0 0 0 0 0 0 0 0 0 315 315 315 315 315 315 315 316 316 316 315 315 315 315 317 317 317 317 315 315 316 316 317 318 318 0 0 0 0 0 0 0 0 0 0 0 0 0 0 0 0 0 0 0 0 0 0 0 0 0
0 0 0 0 0 0 0 0 0 0 0 0 0 0 0 0 0 0 0 0 0 0 0 0 0 0 0 0 0 0 0 0 0 0 0 0 0 0 0 0 0 0 0 0 0 0 0 0 0 0 0 0 0 0 0 0 0 0 0 0 0 0 0 0 0 0 0 0 0 0 0 0 0 0 0 0 0 0 0 0 0 0 0 0 0 0 0 0 0 0 0 0 0 0 0 0 0 0 0 0 0 0 0 0 0 0 0 0 0 0 0 0 0 0 0 0 0 0 0 0 0 0 0 0 0 0 0 0 0 0 0 0 0 0 0 0 0 0 0 0 0 0 0 0 0 0 0 0 0 0 0 0 0 0 0 0 0 0 0 0 0 0 0 0 0 0 0 0 0 0 0 0 0 0 0 0 0 0 0 0 0 0 0 0 0 0 0 0 0 0 0 0 0 0 0 0 0 0 0 0 0 0 0 0 0 0 0 0 0 0 0 0 0 0 0 0 0 0 0 0 0 0 0 0 0 0 0 0 0 0 0 0 0 0 0 0 0 0 0 0 0 0 0 0 0 0 0 0 0 0 0 0 0 0 0 0 0 0 0 0 0 0 0 0 0 0 0 0 0 0 0 315 315 315 0 0 0 316 316 316 315 315 315 315 0 0 0 315 315 315 315 315 317 0 0 0 0 0 0 0 0 0 0 0 0 0 0 0 0 0 0 0 0 0 0 0 0 0 0 0
0 0 0 0 0 0 0 0 0 0 0 0 0 0 0 0 0 0 0 0 0 0 0 0 0 0 0 0 0 0 0 0 0 0 0 0 0 0 0 0 0 0 0 0 0 0 0 0 0 0 0 0 0 0 0 0 0 0 0 0 0 0 0 0 0 0 0 0 0 0 0 0 0 0 0 0 0 0 0 0 0 0 0 0 0 0 0 0 0 0 0 0 0 0 0 0 0 0 0 0 0 0 0 0 0 0 0 0 0 0 0 0 0 0 0 0 0 0 0 0 0 0 0 0 0 0 0 0 0 0 0 0 0 0 0 0 0 0 0 0 0 0 0 0 0 0 0 0 0 0 0 0 0 0 0 0 0 0 0 0 0 0 0 0 0 0 0 0 0 0 0 0 0 0 0 0 0 0 0 0 0 0 0 0 0 0 0 0 0 0 0 0 0 0 0 0 0 0 0 0 0 0 0 0 0 0 0 0 0 0 0 0 0 0 0 0 0 0 0 0 0 0 0 0 0 0 0 0 0 0 0 0 0 0 0 0 0 0 0 0 0 0 0 0 0 0 0 0 0 0 0 0 0 0 0 0 0 0 0 0 0 0 0 0 0 0 0 0 0 0 0 0 0 0 0 0 0 0 0 0 315 315 0 0 0 0 0 315 315 315 315 315 0 0 0 0 0 0 0 0 0 0 0 0 0 0 0 0 0 0 0 0 0 0 0 0 0 0 0 0
0 0 0 0 0 0 0 0 0 0 0 0 0 0 0 0 0 0 0 0 0 0 0 0 0 0 0 0 0 0 0 0 0 0 0 0 0 0 0 0 0 0 0 0 0 0 0 0 0 0 0 0 0 0 0 0 0 0 0 0 0 0 0 0 0 0 0 0 0 0 0 0 0 0 0 0 0 0 0 0 0 0 0 0 0 0 0 0 0 0 0 0 0 0 0 0 0 0 0 0 0 0 0 0 0 0 0 0 0 0 0 0 0 0 0 0 0 0 0 0 0 0 0 0 0 0 0 0 0 0 0 0 0 0 0 0 0 0 0 0 0 0 0 0 0 0 0 0 0 0 0 0 0 0 0 0 0 0 0 0 0 0 0 0 0 0 0 0 0 0 0 0 0 0 0 0 0 0 0 0 0 0 0 0 0 0 0 0 0 0 0 0 0 0 0 0 0 0 0 0 0 0 0 0 0 0 0 0 0 0 0 0 0 0 0 0 0 0 0 0 0 0 0 0 0 0 0 0 0 0 0 0 0 0 0 0 0 0 0 0 0 0 0 0 0 0 0 0 0 0 0 0 0 0 0 0 0 0 0 0 0 0 0 0 0 0 0 0 0 0 0 0 0 0 0 0 0 0 0 0 0 0 0 0 0 0 0 315 315 315 315 0 0 0 0 0 0 0 0 0 0 0 0 0 0 0 0 0 0 0 0 0 0 0 0 0 0 0 0 0
0 0 0 0 0 0 0 0 0 0 0 0 0 0 0 0 0 0 0 0 0 0 0 0 0 0 0 0 0 0 0 0 0 0 0 0 0 0 0 0 0 0 0 0 0 0 0 0 0 0 0 0 0 0 0 0 0 0 0 0 0 0 0 0 0 0 0 0 0 0 0 0 0 0 0 0 0 0 0 0 0 0 0 0 0 0 0 0 0 0 0 0 0 0 0 0 0 0 0 0 0 0 0 0 0 0 0 0 0 0 0 0 0 0 0 0 0 0 0 0 0 0 0 0 0 0 0 0 0 0 0 0 0 0 0 0 0 0 0 0 0 0 0 0 0 0 0 0 0 0 0 0 0 0 0 0 0 0 0 0 0 0 0 0 0 0 0 0 0 0 0 0 0 0 0 0 0 0 0 0 0 0 0 0 0 0 0 0 0 0 0 0 0 0 0 0 0 0 0 0 0 0 0 0 0 0 0 0 0 0 0 0 0 0 0 0 0 0 0 0 0 0 0 0 0 0 0 0 0 0 0 0 0 0 0 0 0 0 0 0 0 0 0 0 0 0 0 0 0 0 0 0 0 0 0 0 0 0 0 0 0 0 0 0 0 0 0 0 0 0 0 0 0 0 0 0 0 0 0 0 0 0 0 0 0 0 0 0 0 0 0 0 0 0 0 0 0 0 0 0 0 0 0 0 0 0 0 0 0 0 0 0 0 0 0 0 0 0 0 0
0 0 0 0 0 0 0 0 0 0 0 0 0 0 0 0 0 0 0 0 0 0 0 0 0 0 0 0 0 0 0 0 0 0 0 0 0 0 0 0 0 0 0 0 0 0 0 0 0 0 0 0 0 0 0 0 0 0 0 0 0 0 0 0 0 0 0 0 0 0 0 0 0 0 0 0 0 0 0 0 0 0 0 0 0 0 0 0 0 0 0 0 0 0 0 0 0 0 0 0 0 0 0 0 0 0 0 0 0 0 0 0 0 0 0 0 0 0 0 0 0 0 0 0 0 0 0 0 0 0 0 0 0 0 0 0 0 0 0 0 0 0 0 0 0 0 0 0 0 0 0 0 0 0 0 0 0 0 0 0 0 0 0 0 0 0 0 0 0 0 0 0 0 0 0 0 0 0 0 0 0 0 0 0 0 0 0 0 0 0 0 0 0 0 0 0 0 0 0 0 0 0 0 0 0 0 0 0 0 0 0 0 0 0 0 0 0 0 0 0 0 0 0 0 0 0 0 0 0 0 0 0 0 0 0 0 0 0 0 0 0 0 0 0 0 0 0 0 0 0 0 0 0 0 0 0 0 0 0 0 0 0 0 0 0 0 0 0 0 0 0 0 0 0 0 0 0 0 0 0 0 0 0 0 0 0 0 0 0 0 0 0 0 0 0 0 0 0 0 0 0 0 0 0 0 0 0 0 0 0 0 0 0 0 0 0 0 0 0 0
0 0 0 0 0 0 0 0 0 0 0 0 0 0 0 0 0 0 0 0 0 0 0 0 0 0 0 0 0 0 0 0 0 0 0 0 0 0 0 0 0 0 0 0 0 0 0 0 0 0 0 0 0 0 0 0 0 0 0 0 0 0 0 0 0 0 0 0 0 0 0 0 0 0 0 0 0 0 0 0 0 0 0 0 0 0 0 0 0 0 0 0 0 0 0 0 0 0 0 0 0 0 0 0 0 0 0 0 0 0 0 0 0 0 0 0 0 0 0 0 0 0 0 0 0 0 0 0 0 0 0 0 0 0 0 0 0 0 0 0 0 0 0 0 0 0 0 0 0 0 0 0 0 0 0 0 0 0 0 0 0 0 0 0 0 0 0 0 0 0 0 0 0 0 0 0 0 0 0 0 0 0 0 0 0 0 0 0 0 0 0 0 0 0 0 0 0 0 0 0 0 0 0 0 0 0 0 0 0 0 0 0 0 0 0 0 0 0 0 0 0 0 0 0 0 0 0 0 0 0 0 0 0 0 0 0 0 0 0 0 0 0 0 0 0 0 0 0 0 0 0 0 0 0 0 0 0 0 0 0 0 0 0 0 0 0 0 0 0 0 0 0 0 0 0 0 0 0 0 0 0 0 0 0 0 0 0 0 0 0 0 0 0 0 0 0 0 0 0 0 0 0 0 0 0 0 0 0 0 0 0 0 0 0 0 0 0 0 0 0
0 0 0 0 0 0 0 0 0 0 0 0 0 0 0 0 0 0 0 0 0 0 0 0 0 0 0 0 0 0 0 0 0 0 0 0 0 0 0 0 0 0 0 0 0 0 0 0 0 0 0 0 0 0 0 0 0 0 0 0 0 0 0 0 0 0 0 0 0 0 0 0 0 0 0 0 0 0 0 0 0 0 0 0 0 0 0 0 0 0 0 0 0 0 0 0 0 0 0 0 0 0 0 0 0 0 0 0 0 0 0 0 0 0 0 0 0 0 0 0 0 0 0 0 0 0 0 0 0 0 0 0 0 0 0 0 0 0 0 0 0 0 0 0 0 0 0 0 0 0 0 0 0 0 0 0 0 0 0 0 0 0 0 0 0 0 0 0 0 0 0 0 0 0 0 0 0 0 0 0 0 0 0 0 0 0 0 0 0 0 0 0 0 0 0 0 0 0 0 0 0 0 0 0 0 0 0 0 0 0 0 0 0 0 0 0 0 0 0 0 0 0 0 0 0 0 0 0 0 0 0 0 0 0 0 0 0 0 0 0 0 0 0 0 0 0 0 0 0 0 0 0 0 0 0 0 0 0 0 0 0 0 0 0 0 0 0 0 0 0 0 0 0 0 0 0 0 0 0 0 0 0 0 0 0 0 0 0 0 0 0 0 0 0 0 0 0 0 0 0 0 0 0 0 0 0 0 0 0 0 0 0 0 0 0 0 0 0 0 0
0 0 0 0 0 0 0 0 0 0 0 0 0 0 0 0 0 0 0 0 0 0 0 0 0 0 0 0 0 0 0 0 0 0 0 0 0 0 0 0 0 0 0 0 0 0 0 0 0 0 0 0 0 0 0 0 0 0 0 0 0 0 0 0 0 0 0 0 0 0 0 0 0 0 0 0 0 0 0 0 0 0 0 0 0 0 0 0 0 0 0 0 0 0 0 0 0 0 0 0 0 0 0 0 0 0 0 0 0 0 0 0 0 0 0 0 0 0 0 0 0 0 0 0 0 0 0 0 0 0 0 0 0 0 0 0 0 0 0 0 0 0 0 0 0 0 0 0 0 0 0 0 0 0 0 0 0 0 0 0 0 0 0 0 0 0 0 0 0 0 0 0 0 0 0 0 0 0 0 0 0 0 0 0 0 0 0 0 0 0 0 0 0 0 0 0 0 0 0 0 0 0 0 0 0 0 0 0 0 0 0 0 0 0 0 0 0 0 0 0 0 0 0 0 0 0 0 0 0 0 0 0 0 0 0 0 0 0 0 0 0 0 0 0 0 0 0 0 0 0 0 0 0 0 0 0 0 0 0 0 0 0 0 0 0 0 0 0 0 0 0 0 0 0 0 0 0 0 0 0 0 0 0 0 0 0 0 0 0 0 0 0 0 0 0 0 0 0 0 0 0 0 0 0 0 0 0 0 0 0 0 0 0 0 0 0 0 0 0 0
0 0 0 0 0 0 0 0 0 0 0 0 0 0 0 0 0 0 0 0 0 0 0 0 0 0 0 0 0 0 0 0 0 0 0 0 0 0 0 0 0 0 0 0 0 0 0 0 0 0 0 0 0 0 0 0 0 0 0 0 0 0 0 0 0 0 0 0 0 0 0 0 0 0 0 0 0 0 0 0 0 0 0 0 0 0 0 0 0 0 0 0 0 0 0 0 0 0 0 0 0 0 0 0 0 0 0 0 0 0 0 0 0 0 0 0 0 0 0 0 0 0 0 0 0 0 0 0 0 0 0 0 0 0 0 0 0 0 0 0 0 0 0 0 0 0 0 0 0 0 0 0 0 0 0 0 0 0 0 0 0 0 0 0 0 0 0 0 0 0 0 0 0 0 0 0 0 0 0 0 0 0 0 0 0 0 0 0 0 0 0 0 0 0 0 0 0 0 0 0 0 0 0 0 0 0 0 0 0 0 0 0 0 0 0 0 0 0 0 0 0 0 0 0 0 0 0 0 0 0 0 0 0 0 0 0 0 0 0 0 0 0 0 0 0 0 0 0 0 0 0 0 0 0 0 0 0 0 0 0 0 0 0 0 0 0 0 0 0 0 0 0 0 0 0 0 0 0 0 0 0 0 0 0 0 0 0 0 0 0 0 0 0 0 0 0 0 0 0 0 0 0 0 0 0 0 0 0 0 0 0 0 0 0 0 0 0 0 0 0
0 0 0 0 0 0 0 0 0 0 0 0 0 0 0 0 0 0 0 0 0 0 0 0 0 0 0 0 0 0 0 0 0 0 0 0 0 0 0 0 0 0 0 0 0 0 0 0 0 0 0 0 0 0 0 0 0 0 0 0 0 0 0 0 0 0 0 0 0 0 0 0 0 0 0 0 0 0 0 0 0 0 0 0 0 0 0 0 0 0 0 0 0 0 0 0 0 0 0 0 0 0 0 0 0 0 0 0 0 0 0 0 0 0 0 0 0 0 0 0 0 0 0 0 0 0 0 0 0 0 0 0 0 0 0 0 0 0 0 0 0 0 0 0 0 0 0 0 0 0 0 0 0 0 0 0 0 0 0 0 0 0 0 0 0 0 0 0 0 0 0 0 0 0 0 0 0 0 0 0 0 0 0 0 0 0 0 0 0 0 0 0 0 0 0 0 0 0 0 0 0 0 0 0 0 0 0 0 0 0 0 0 0 0 0 0 0 0 0 0 0 0 0 0 0 0 0 0 0 0 0 0 0 0 0 0 0 0 0 0 0 0 0 0 0 0 0 0 0 0 0 0 0 0 0 0 0 0 0 0 0 0 0 0 0 0 0 0 0 0 0 0 0 0 0 0 0 0 0 0 0 0 0 0 0 0 0 0 0 0 0 0 0 0 0 0 0 0 0 0 0 0 0 0 0 0 0 0 0 0 0 0 0 0 0 0 0 0 0 0
0 0 0 0 0 0 0 0 0 0 0 0 0 0 0 0 0 0 0 0 0 0 0 0 0 0 0 0 0 0 0 0 0 0 0 0 0 0 0 0 0 0 0 0 0 0 0 0 0 0 0 0 0 0 0 0 0 0 0 0 0 0 0 0 0 0 0 0 0 0 0 0 0 0 0 0 0 0 0 0 0 0 0 0 0 0 0 0 0 0 0 0 0 0 0 0 0 0 0 0 0 0 0 0 0 0 0 0 0 0 0 0 0 0 0 0 0 0 0 0 0 0 0 0 0 0 0 0 0 0 0 0 0 0 0 0 0 0 0 0 0 0 0 0 0 0 0 0 0 0 0 0 0 0 0 0 0 0 0 0 0 0 0 0 0 0 0 0 0 0 0 0 0 0 0 0 0 0 0 0 0 0 0 0 0 0 0 0 0 0 0 0 0 0 0 0 0 0 0 0 0 0 0 0 0 0 0 0 0 0 0 0 0 0 0 0 0 0 0 0 0 0 0 0 0 0 0 0 0 0 0 0 0 0 0 0 0 0 0 0 0 0 0 0 0 0 0 0 0 0 0 0 0 0 0 0 0 0 0 0 0 0 0 0 0 0 0 0 0 0 0 0 0 0 0 0 0 0 0 0 0 0 0 0 0 0 0 0 0 0 0 0 0 0 0 0 0 0 0 0 0 0 0 0 0 0 0 0 0 0 0 0 0 0 0 0 0 0 0 0
0 0 0 0 0 0 0 0 0 0 0 0 0 0 0 0 0 0 0 0 0 0 0 0 0 0 0 0 0 0 0 0 0 0 0 0 0 0 0 0 0 0 0 0 0 0 0 0 0 0 0 0 0 0 0 0 0 0 0 0 0 0 0 0 0 0 0 0 0 0 0 0 0 0 0 0 0 0 0 0 0 0 0 0 0 0 0 0 0 0 0 0 0 0 0 0 0 0 0 0 0 0 0 0 0 0 0 0 0 0 0 0 0 0 0 0 0 0 0 0 0 0 0 0 0 0 0 0 0 0 0 0 0 0 0 0 0 0 0 0 0 0 0 0 0 0 0 0 0 0 0 0 0 0 0 0 0 0 0 0 0 0 0 0 0 0 0 0 0 0 0 0 0 0 0 0 0 0 0 0 0 0 0 0 0 0 0 0 0 0 0 0 0 0 0 0 0 0 0 0 0 0 0 0 0 0 0 0 0 0 0 0 0 0 0 0 0 0 0 0 0 0 0 0 0 0 0 0 0 0 0 0 0 0 0 0 0 0 0 0 0 0 0 0 0 0 0 0 0 0 0 0 0 0 0 0 0 0 0 0 0 0 0 0 0 0 0 0 0 0 0 0 0 0 0 0 0 0 0 0 0 0 0 0 0 0 0 0 0 0 0 0 0 0 0 0 0 0 0 0 0 0 0 0 0 0 0 0 0 0 0 0 0 0 0 0 0 0 0 0
0 0 0 0 0 0 0 0 0 0 0 0 0 0 0 0 0 0 0 0 0 0 0 0 0 0 0 0 0 0 0 0 0 0 0 0 0 0 0 0 0 0 0 0 0 0 0 0 0 0 0 0 0 0 0 0 0 0 0 0 0 0 0 0 0 0 0 0 0 0 0 0 0 0 0 0 0 0 0 0 0 0 0 0 0 0 0 0 0 0 0 0 0 0 0 0 0 0 0 0 0 0 0 0 0 0 0 0 0 0 0 0 0 0 0 0 0 0 0 0 0 0 0 0 0 0 0 0 0 0 0 0 0 0 0 0 0 0 0 0 0 0 0 0 0 0 0 0 0 0 0 0 0 0 0 0 0 0 0 0 0 0 0 0 0 0 0 0 0 0 0 0 0 0 0 0 0 0 0 0 0 0 0 0 0 0 0 0 0 0 0 0 0 0 0 0 0 0 0 0 0 0 0 0 0 0 0 0 0 0 0 0 0 0 0 0 0 0 0 0 0 0 0 0 0 0 0 0 0 0 0 0 0 0 0 0 0 0 0 0 0 0 0 0 0 0 0 0 0 0 0 0 0 0 0 0 0 0 0 0 0 0 0 0 0 0 0 0 0 0 0 0 0 0 0 0 0 0 0 0 0 0 0 0 0 0 0 0 0 0 0 0 0 0 0 0 0 0 0 0 0 0 0 0 0 0 0 0 0 0 0 0 0 0 0 0 0 0 0 0
0 0 0 0 0 0 0 0 0 0 0 0 0 0 0 0 0 0 0 0 0 0 0 0 0 0 0 0 0 0 0 0 0 0 0 0 0 0 0 0 0 0 0 0 0 0 0 0 0 0 0 0 0 0 0 0 0 0 0 0 0 0 0 0 0 0 0 0 0 0 0 0 0 0 0 0 0 0 0 0 0 0 0 0 0 0 0 0 0 0 0 0 0 0 0 0 0 0 0 0 0 0 0 0 0 0 0 0 0 0 0 0 0 0 0 0 0 0 0 0 0 0 0 0 0 0 0 0 0 0 0 0 0 0 0 0 0 0 0 0 0 0 0 0 0 0 0 0 0 0 0 0 0 0 0 0 0 0 0 0 0 0 0 0 0 0 0 0 0 0 0 0 0 0 0 0 0 0 0 0 0 0 0 0 0 0 0 0 0 0 0 0 0 0 0 0 0 0 0 0 0 0 0 0 0 0 0 0 0 0 0 0 0 0 0 0 0 0 0 0 0 0 0 0 0 0 0 0 0 0 0 0 0 0 0 0 0 0 0 0 0 0 0 0 0 0 0 0 0 0 0 0 0 0 0 0 0 0 0 0 0 0 0 0 0 0 0 0 0 0 0 0 0 0 0 0 0 0 0 0 0 0 0 0 0 0 0 0 0 0 0 0 0 0 0 0 0 0 0 0 0 0 0 0 0 0 0 0 0 0 0 0 0 0 0 0 0 0 0 0
0 0 0 0 0 0 0 0 0 0 0 0 0 0 0 0 0 0 0 0 0 0 0 0 0 0 0 0 0 0 0 0 0 0 0 0 0 0 0 0 0 0 0 0 0 0 0 0 0 0 0 0 0 0 0 0 0 0 0 0 0 0 0 0 0 0 0 0 0 0 0 0 0 0 0 0 0 0 0 0 0 0 0 0 0 0 0 0 0 0 0 0 0 0 0 0 0 0 0 0 0 0 0 0 0 0 0 0 0 0 0 0 0 0 0 0 0 0 0 0 0 0 0 0 0 0 0 0 0 0 0 0 0 0 0 0 0 0 0 0 0 0 0 0 0 0 0 0 0 0 0 0 0 0 0 0 0 0 0 0 0 0 0 0 0 0 0 0 0 0 0 0 0 0 0 0 0 0 0 0 0 0 0 0 0 0 0 0 0 0 0 0 0 0 0 0 0 0 0 0 0 0 0 0 0 0 0 0 0 0 0 0 0 0 0 0 0 0 0 0 0 0 0 0 0 0 0 0 0 0 0 0 0 0 0 0 0 0 0 0 0 0 0 0 0 0 0 0 0 0 0 0 0 0 0 0 0 0 0 0 0 0 0 0 0 0 0 0 0 0 0 0 0 0 0 0 0 0 0 0 0 0 0 0 0 0 0 0 0 0 0 0 0 0 0 0 0 0 0 0 0 0 0 0 0 0 0 0 0 0 0 0 0 0 0 0 0 0 0 0
0 0 0 0 0 0 0 0 0 0 0 0 0 0 0 0 0 0 0 0 0 0 0 0 0 0 0 0 0 0 0 0 0 0 0 0 0 0 0 0 0 0 0 0 0 0 0 0 0 0 0 0 0 0 0 0 0 0 0 0 0 0 0 0 0 0 0 0 0 0 0 0 0 0 0 0 0 0 0 0 0 0 0 0 0 0 0 0 0 0 0 0 0 0 0 0 0 0 0 0 0 0 0 0 0 0 0 0 0 0 0 0 0 0 0 0 0 0 0 0 0 0 0 0 0 0 0 0 0 0 0 0 0 0 0 0 0 0 0 0 0 0 0 0 0 0 0 0 0 0 0 0 0 0 0 0 0 0 0 0 0 0 0 0 0 0 0 0 0 0 0 0 0 0 0 0 0 0 0 0 0 0 0 0 0 0 0 0 0 0 0 0 0 0 0 0 0 0 0 0 0 0 0 0 0 0 0 0 0 0 0 0 0 0 0 0 0 0 0 0 0 0 0 0 0 0 0 0 0 0 0 0 0 0 0 0 0 0 0 0 0 0 0 0 0 0 0 0 0 0 0 0 0 0 0 0 0 0 0 0 0 0 0 0 0 0 0 0 0 0 0 0 0 0 0 0 0 0 0 0 0 0 0 0 0 0 0 0 0 0 0 0 0 0 0 0 0 0 0 0 0 0 0 0 0 0 0 0 0 0 0 0 0 0 0 0 0 0 0 0
0 0 0 0 0 0 0 0 0 0 0 0 0 0 0 0 0 0 0 0 0 0 0 0 0 0 0 0 0 0 0 0 0 0 0 0 0 0 0 0 0 0 0 0 0 0 0 0 0 0 0 0 0 0 0 0 0 0 0 0 0 0 0 0 0 0 0 0 0 0 0 0 0 0 0 0 0 0 0 0 0 0 0 0 0 0 0 0 0 0 0 0 0 0 0 0 0 0 0 0 0 0 0 0 0 0 0 0 0 0 0 0 0 0 0 0 0 0 0 0 0 0 0 0 0 0 0 0 0 0 0 0 0 0 0 0 0 0 0 0 0 0 0 0 0 0 0 0 0 0 0 0 0 0 0 0 0 0 0 0 0 0 0 0 0 0 0 0 0 0 0 0 0 0 0 0 0 0 0 0 0 0 0 0 0 0 0 0 0 0 0 0 0 0 0 0 0 0 0 0 0 0 0 0 0 0 0 0 0 0 0 0 0 0 0 0 0 0 0 0 0 0 0 0 0 0 0 0 0 0 0 0 0 0 0 0 0 0 0 0 0 0 0 0 0 0 0 0 0 0 0 0 0 0 0 0 0 0 0 0 0 0 0 0 0 0 0 0 0 0 0 0 0 0 0 0 0 0 0 0 0 0 0 0 0 0 0 0 0 0 0 0 0 0 0 0 0 0 0 0 0 0 0 0 0 0 0 0 0 0 0 0 0 0 0 0 0 0 0 0
0 0 0 0 0 0 0 0 0 0 0 0 0 0 0 0 0 0 0 0 0 0 0 0 0 0 0 0 0 0 0 0 0 0 0 0 0 0 0 0 0 0 0 0 0 0 0 0 0 0 0 0 0 0 0 0 0 0 0 0 0 0 0 0 0 0 0 0 0 0 0 0 0 0 0 0 0 0 0 0 0 0 0 0 0 0 0 0 0 0 0 0 0 0 0 0 0 0 0 0 0 0 0 0 0 0 0 0 0 0 0 0 0 0 0 0 0 0 0 0 0 0 0 0 0 0 0 0 0 0 0 0 0 0 0 0 0 0 0 0 0 0 0 0 0 0 0 0 0 0 0 0 0 0 0 0 0 0 0 0 0 0 0 0 0 0 0 0 0 0 0 0 0 0 0 0 0 0 0 0 0 0 0 0 0 0 0 0 0 0 0 0 0 0 0 0 0 0 0 0 0 0 0 0 0 0 0 0 0 0 0 0 0 0 0 0 0 0 0 0 0 0 0 0 0 0 0 0 0 0 0 0 0 0 0 0 0 0 0 0 0 0 0 0 0 0 0 0 0 0 0 0 0 0 0 0 0 0 0 0 0 0 0 0 0 0 0 0 0 0 0 0 0 0 0 0 0 0 0 0 0 0 0 0 0 0 0 0 0 0 0 0 0 0 0 0 0 0 0 0 0 0 0 0 0 0 0 0 0 0 0 0 0 0 0 0 0 0 0 0
0 0 0 0 0 0 0 0 0 0 0 0 0 0 0 0 0 0 0 0 0 0 0 0 0 0 0 0 0 0 0 0 0 0 0 0 0 0 0 0 0 0 0 0 0 0 0 0 0 0 0 0 0 0 0 0 0 0 0 0 0 0 0 0 0 0 0 0 0 0 0 0 0 0 0 0 0 0 0 0 0 0 0 0 0 0 0 0 0 0 0 0 0 0 0 0 0 0 0 0 0 0 0 0 0 0 0 0 0 0 0 0 0 0 0 0 0 0 0 0 0 0 0 0 0 0 0 0 0 0 0 0 0 0 0 0 0 0 0 0 0 0 0 0 0 0 0 0 0 0 0 0 0 0 0 0 0 0 0 0 0 0 0 0 0 0 0 0 0 0 0 0 0 0 0 0 0 0 0 0 0 0 0 0 0 0 0 0 0 0 0 0 0 0 0 0 0 0 0 0 0 0 0 0 0 0 0 0 0 0 0 0 0 0 0 0 0 0 0 0 0 0 0 0 0 0 0 0 0 0 0 0 0 0 0 0 0 0 0 0 0 0 0 0 0 0 0 0 0 0 0 0 0 0 0 0 0 0 0 0 0 0 0 0 0 0 0 0 0 0 0 0 0 0 0 0 0 0 0 0 0 0 0 0 0 0 0 0 0 0 0 0 0 0 0 0 0 0 0 0 0 0 0 0 0 0 0 0 0 0 0 0 0 0 0 0 0 0 0 0
0 0 0 0 0 0 0 0 0 0 0 0 0 0 0 0 0 0 0 0 0 0 0 0 0 0 0 0 0 0 0 0 0 0 0 0 0 0 0 0 0 0 0 0 0 0 0 0 0 0 0 0 0 0 0 0 0 0 0 0 0 0 0 0 0 0 0 0 0 0 0 0 0 0 0 0 0 0 0 0 0 0 0 0 0 0 0 0 0 0 0 0 0 0 0 0 0 0 0 0 0 0 0 0 0 0 0 0 0 0 0 0 0 0 0 0 0 0 0 0 0 0 0 0 0 0 0 0 0 0 0 0 0 0 0 0 0 0 0 0 0 0 0 0 0 0 0 0 0 0 0 0 0 0 0 0 0 0 0 0 0 0 0 0 0 0 0 0 0 0 0 0 0 0 0 0 0 0 0 0 0 0 0 0 0 0 0 0 0 0 0 0 0 0 0 0 0 0 0 0 0 0 0 0 0 0 0 0 0 0 0 0 0 0 0 0 0 0 0 0 0 0 0 0 0 0 0 0 0 0 0 0 0 0 0 0 0 0 0 0 0 0 0 0 0 0 0 0 0 0 0 0 0 0 0 0 0 0 0 0 0 0 0 0 0 0 0 0 0 0 0 0 0 0 0 0 0 0 0 0 0 0 0 0 0 0 0 0 0 0 0 0 0 0 0 0 0 0 0 0 0 0 0 0 0 0 0 0 0 0 0 0 0 0 0 0 0 0 0 0
0 0 0 0 0 0 0 0 0 0 0 0 0 0 0 0 0 0 0 0 0 0 0 0 0 0 0 0 0 0 0 0 0 0 0 0 0 0 0 0 0 0 0 0 0 0 0 0 0 0 0 0 0 0 0 0 0 0 0 0 0 0 0 0 0 0 0 0 0 0 0 0 0 0 0 0 0 0 0 0 0 0 0 0 0 0 0 0 0 0 0 0 0 0 0 0 0 0 0 0 0 0 0 0 0 0 0 0 0 0 0 0 0 0 0 0 0 0 0 0 0 0 0 0 0 0 0 0 0 0 0 0 0 0 0 0 0 0 0 0 0 0 0 0 0 0 0 0 0 0 0 0 0 0 0 0 0 0 0 0 0 0 0 0 0 0 0 0 0 0 0 0 0 0 0 0 0 0 0 0 0 0 0 0 0 0 0 0 0 0 0 0 0 0 0 0 0 0 0 0 0 0 0 0 0 0 0 0 0 0 0 0 0 0 0 0 0 0 0 0 0 0 0 0 0 0 0 0 0 0 0 0 0 0 0 0 0 0 0 0 0 0 0 0 0 0 0 0 0 0 0 0 0 0 0 0 0 0 0 0 0 0 0 0 0 0 0 0 0 0 0 0 0 0 0 0 0 0 0 0 0 0 0 0 0 0 0 0 0 0 0 0 0 0 0 0 0 0 0 0 0 0 0 0 0 0 0 0 0 0 0 0 0 0 0 0 0 0 0 0
0 0 0 0 0 0 0 0 0 0 0 0 0 0 0 0 0 0 0 0 0 0 0 0 0 0 0 0 0 0 0 0 0 0 0 0 0 0 0 0 0 0 0 0 0 0 0 0 0 0 0 0 0 0 0 0 0 0 0 0 0 0 0 0 0 0 0 0 0 0 0 0 0 0 0 0 0 0 0 0 0 0 0 0 0 0 0 0 0 0 0 0 0 0 0 0 0 0 0 0 0 0 0 0 0 0 0 0 0 0 0 0 0 0 0 0 0 0 0 0 0 0 0 0 0 0 0 0 0 0 0 0 0 0 0 0 0 0 0 0 0 0 0 0 0 0 0 0 0 0 0 0 0 0 0 0 0 0 0 0 0 0 0 0 0 0 0 0 0 0 0 0 0 0 0 0 0 0 0 0 0 0 0 0 0 0 0 0 0 0 0 0 0 0 0 0 0 0 0 0 0 0 0 0 0 0 0 0 0 0 0 0 0 0 0 0 0 0 0 0 0 0 0 0 0 0 0 0 0 0 0 0 0 0 0 0 0 0 0 0 0 0 0 0 0 0 0 0 0 0 0 0 0 0 0 0 0 0 0 0 0 0 0 0 0 0 0 0 0 0 0 0 0 0 0 0 0 0 0 0 0 0 0 0 0 0 0 0 0 0 0 0 0 0 0 0 0 0 0 0 0 0 0 0 0 0 0 0 0 0 0 0 0 0 0 0 0 0 0 0
0 0 0 0 0 0 0 0 0 0 0 0 0 0 0 0 0 0 0 0 0 0 0 0 0 0 0 0 0 0 0 0 0 0 0 0 0 0 0 0 0 0 0 0 0 0 0 0 0 0 0 0 0 0 0 0 0 0 0 0 0 0 0 0 0 0 0 0 0 0 0 0 0 0 0 0 0 0 0 0 0 0 0 0 0 0 0 0 0 0 0 0 0 0 0 0 0 0 0 0 0 0 0 0 0 0 0 0 0 0 0 0 0 0 0 0 0 0 0 0 0 0 0 0 0 0 0 0 0 0 0 0 0 0 0 0 0 0 0 0 0 0 0 0 0 0 0 0 0 0 0 0 0 0 0 0 0 0 0 0 0 0 0 0 0 0 0 0 0 0 0 0 0 0 0 0 0 0 0 0 0 0 0 0 0 0 0 0 0 0 0 0 0 0 0 0 0 0 0 0 0 0 0 0 0 0 0 0 0 0 0 0 0 0 0 0 0 0 0 0 0 0 0 0 0 0 0 0 0 0 0 0 0 0 0 0 0 0 0 0 0 0 0 0 0 0 0 0 0 0 0 0 0 0 0 0 0 0 0 0 0 0 0 0 0 0 0 0 0 0 0 0 0 0 0 0 0 0 0 0 0 0 0 0 0 0 0 0 0 0 0 0 0 0 0 0 0 0 0 0 0 0 0 0 0 0 0 0 0 0 0 0 0 0 0 0 0 0 0 0
0 0 0 0 0 0 0 0 0 0 0 0 0 0 0 0 0 0 0 0 0 0 0 0 0 0 0 0 0 0 0 0 0 0 0 0 0 0 0 0 0 0 0 0 0 0 0 0 0 0 0 0 0 0 0 0 0 0 0 0 0 0 0 0 0 0 0 0 0 0 0 0 0 0 0 0 0 0 0 0 0 0 0 0 0 0 0 0 0 0 0 0 0 0 0 0 0 0 0 0 0 0 0 0 0 0 0 0 0 0 0 0 0 0 0 0 0 0 0 0 0 0 0 0 0 0 0 0 0 0 0 0 0 0 0 0 0 0 0 0 0 0 0 0 0 0 0 0 0 0 0 0 0 0 0 0 0 0 0 0 0 0 0 0 0 0 0 0 0 0 0 0 0 0 0 0 0 0 0 0 0 0 0 0 0 0 0 0 0 0 0 0 0 0 0 0 0 0 0 0 0 0 0 0 0 0 0 0 0 0 0 0 0 0 0 0 0 0 0 0 0 0 0 0 0 0 0 0 0 0 0 0 0 0 0 0 0 0 0 0 0 0 0 0 0 0 0 0 0 0 0 0 0 0 0 0 0 0 0 0 0 0 0 0 0 0 0 0 0 0 0 0 0 0 0 0 0 0 0 0 0 0 0 0 0 0 0 0 0 0 0 0 0 0 0 0 0 0 0 0 0 0 0 0 0 0 0 0 0 0 0 0 0 0 0 0 0 0 0 0
0 0 0 0 0 0 0 0 0 0 0 0 0 0 0 0 0 0 0 0 0 0 0 0 0 0 0 0 0 0 0 0 0 0 0 0 0 0 0 0 0 0 0 0 0 0 0 0 0 0 0 0 0 0 0 0 0 0 0 0 0 0 0 0 0 0 0 0 0 0 0 0 0 0 0 0 0 0 0 0 0 0 0 0 0 0 0 0 0 0 0 0 0 0 0 0 0 0 0 0 0 0 0 0 0 0 0 0 0 0 0 0 0 0 0 0 0 0 0 0 0 0 0 0 0 0 0 0 0 0 0 0 0 0 0 0 0 0 0 0 0 0 0 0 0 0 0 0 0 0 0 0 0 0 0 0 0 0 0 0 0 0 0 0 0 0 0 0 0 0 0 0 0 0 0 0 0 0 0 0 0 0 0 0 0 0 0 0 0 0 0 0 0 0 0 0 0 0 0 0 0 0 0 0 0 0 0 0 0 0 0 0 0 0 0 0 0 0 0 0 0 0 0 0 0 0 0 0 0 0 0 0 0 0 0 0 0 0 0 0 0 0 0 0 0 0 0 0 0 0 0 0 0 0 0 0 0 0 0 0 0 0 0 0 0 0 0 0 0 0 0 0 0 0 0 0 0 0 0 0 0 0 0 0 0 0 0 0 0 0 0 0 0 0 0 0 0 0 0 0 0 0 0 0 0 0 0 0 0 0 0 0 0 0 0 0 0 0 0 0
0 0 0 0 0 0 0 0 0 0 0 0 0 0 0 0 0 0 0 0 0 0 0 0 0 0 0 0 0 0 0 0 0 0 0 0 0 0 0 0 0 0 0 0 0 0 0 0 0 0 0 0 0 0 0 0 0 0 0 0 0 0 0 0 0 0 0 0 0 0 0 0 0 0 0 0 0 0 0 0 0 0 0 0 0 0 0 0 0 0 0 0 0 0 0 0 0 0 0 0 0 0 0 0 0 0 0 0 0 0 0 0 0 0 0 0 0 0 0 0 0 0 0 0 0 0 0 0 0 0 0 0 0 0 0 0 0 0 0 0 0 0 0 0 0 0 0 0 0 0 0 0 0 0 0 0 0 0 0 0 0 0 0 0 0 0 0 0 0 0 0 0 0 0 0 0 0 0 0 0 0 0 0 0 0 0 0 0 0 0 0 0 0 0 0 0 0 0 0 0 0 0 0 0 0 0 0 0 0 0 0 0 0 0 0 0 0 0 0 0 0 0 0 0 0 0 0 0 0 0 0 0 0 0 0 0 0 0 0 0 0 0 0 0 0 0 0 0 0 0 0 0 0 0 0 0 0 0 0 0 0 0 0 0 0 0 0 0 0 0 0 0 0 0 0 0 0 0 0 0 0 0 0 0 0 0 0 0 0 0 0 0 0 0 0 0 0 0 0 0 0 0 0 0 0 0 0 0 0 0 0 0 0 0 0 0 0 0 0 0
0 0 0 0 0 0 0 0 0 0 0 0 0 0 0 0 0 0 0 0 0 0 0 0 0 0 0 0 0 0 0 0 0 0 0 0 0 0 0 0 0 0 0 0 0 0 0 0 0 0 0 0 0 0 0 0 0 0 0 0 0 0 0 0 0 0 0 0 0 0 0 0 0 0 0 0 0 0 0 0 0 0 0 0 0 0 0 0 0 0 0 0 0 0 0 0 0 0 0 0 0 0 0 0 0 0 0 0 0 0 0 0 0 0 0 0 0 0 0 0 0 0 0 0 0 0 0 0 0 0 0 0 0 0 0 0 0 0 0 0 0 0 0 0 0 0 0 0 0 0 0 0 0 0 0 0 0 0 0 0 0 0 0 0 0 0 0 0 0 0 0 0 0 0 0 0 0 0 0 0 0 0 0 0 0 0 0 0 0 0 0 0 0 0 0 0 0 0 0 0 0 0 0 0 0 0 0 0 0 0 0 0 0 0 0 0 0 0 0 0 0 0 0 0 0 0 0 0 0 0 0 0 0 0 0 0 0 0 0 0 0 0 0 0 0 0 0 0 0 0 0 0 0 0 0 0 0 0 0 0 0 0 0 0 0 0 0 0 0 0 0 0 0 0 0 0 0 0 0 0 0 0 0 0 0 0 0 0 0 0 0 0 0 0 0 0 0 0 0 0 0 0 0 0 0 0 0 0 0 0 0 0 0 0 0 0 0 0 0 0
0 0 0 0 0 0 0 0 0 0 0 0 0 0 0 0 0 0 0 0 0 0 0 0 0 0 0 0 0 0 0 0 0 0 0 0 0 0 0 0 0 0 0 0 0 0 0 0 0 0 0 0 0 0 0 0 0 0 0 0 0 0 0 0 0 0 0 0 0 0 0 0 0 0 0 0 0 0 0 0 0 0 0 0 0 0 0 0 0 0 0 0 0 0 0 0 0 0 0 0 0 0 0 0 0 0 0 0 0 0 0 0 0 0 0 0 0 0 0 0 0 0 0 0 0 0 0 0 0 0 0 0 0 0 0 0 0 0 0 0 0 0 0 0 0 0 0 0 0 0 0 0 0 0 0 0 0 0 0 0 0 0 0 0 0 0 0 0 0 0 0 0 0 0 0 0 0 0 0 0 0 0 0 0 0 0 0 0 0 0 0 0 0 0 0 0 0 0 0 0 0 0 0 0 0 0 0 0 0 0 0 0 0 0 0 0 0 0 0 0 0 0 0 0 0 0 0 0 0 0 0 0 0 0 0 0 0 0 0 0 0 0 0 0 0 0 0 0 0 0 0 0 0 0 0 0 0 0 0 0 0 0 0 0 0 0 0 0 0 0 0 0 0 0 0 0 0 0 0 0 0 0 0 0 0 0 0 0 0 0 0 0 0 0 0 0 0 0 0 0 0 0 0 0 0 0 0 0 0 0 0 0 0 0 0 0 0 0 0 0
0 0 0 0 0 0 0 0 0 0 0 0 0 0 0 0 0 0 0 0 0 0 0 0 0 0 0 0 0 0 0 0 0 0 0 0 0 0 0 0 0 0 0 0 0 0 0 0 0 0 0 0 0 0 0 0 0 0 0 0 0 0 0 0 0 0 0 0 0 0 0 0 0 0 0 0 0 0 0 0 0 0 0 0 0 0 0 0 0 0 0 0 0 0 0 0 0 0 0 0 0 0 0 0 0 0 0 0 0 0 0 0 0 0 0 0 0 0 0 0 0 0 0 0 0 0 0 0 0 0 0 0 0 0 0 0 0 0 0 0 0 0 0 0 0 0 0 0 0 0 0 0 0 0 0 0 0 0 0 0 0 0 0 0 0 0 0 0 0 0 0 0 0 0 0 0 0 0 0 0 0 0 0 0 0 0 0 0 0 0 0 0 0 0 0 0 0 0 0 0 0 0 0 0 0 0 0 0 0 0 0 0 0 0 0 0 0 0 0 0 0 0 0 0 0 0 0 0 0 0 0 0 0 0 0 0 0 0 0 0 0 0 0 0 0 0 0 0 0 0 0 0 0 0 0 0 0 0 0 0 0 0 0 0 0 0 0 0 0 0 0 0 0 0 0 0 0 0 0 0 0 0 0 0 0 0 0 0 0 0 0 0 0 0 0 0 0 0 0 0 0 0 0 0 0 0 0 0 0 0 0 0 0 0 0 0 0 0 0 0
0 0 0 0 0 0 0 0 0 0 0 0 0 0 0 0 0 0 0 0 0 0 0 0 0 0 0 0 0 0 0 0 0 0 0 0 0 0 0 0 0 0 0 0 0 0 0 0 0 0 0 0 0 0 0 0 0 0 0 0 0 0 0 0 0 0 0 0 0 0 0 0 0 0 0 0 0 0 0 0 0 0 0 0 0 0 0 0 0 0 0 0 0 0 0 0 0 0 0 0 0 0 0 0 0 0 0 0 0 0 0 0 0 0 0 0 0 0 0 0 0 0 0 0 0 0 0 0 0 0 0 0 0 0 0 0 0 0 0 0 0 0 0 0 0 0 0 0 0 0 0 0 0 0 0 0 0 0 0 0 0 0 0 0 0 0 0 0 0 0 0 0 0 0 0 0 0 0 0 0 0 0 0 0 0 0 0 0 0 0 0 0 0 0 0 0 0 0 0 0 0 0 0 0 0 0 0 0 0 0 0 0 0 0 0 0 0 0 0 0 0 0 0 0 0 0 0 0 0 0 0 0 0 0 0 0 0 0 0 0 0 0 0 0 0 0 0 0 0 0 0 0 0 0 0 0 0 0 0 0 0 0 0 0 0 0 0 0 0 0 0 0 0 0 0 0 0 0 0 0 0 0 0 0 0 0 0 0 0 0 0 0 0 0 0 0 0 0 0 0 0 0 0 0 0 0 0 0 0 0 0 0 0 0 0 0 0 0 0 0
0 0 0 0 0 0 0 0 0 0 0 0 0 0 0 0 0 0 0 0 0 0 0 0 0 0 0 0 0 0 0 0 0 0 0 0 0 0 0 0 0 0 0 0 0 0 0 0 0 0 0 0 0 0 0 0 0 0 0 0 0 0 0 0 0 0 0 0 0 0 0 0 0 0 0 0 0 0 0 0 0 0 0 0 0 0 0 0 0 0 0 0 0 0 0 0 0 0 0 0 0 0 0 0 0 0 0 0 0 0 0 0 0 0 0 0 0 0 0 0 0 0 0 0 0 0 0 0 0 0 0 0 0 0 0 0 0 0 0 0 0 0 0 0 0 0 0 0 0 0 0 0 0 0 0 0 0 0 0 0 0 0 0 0 0 0 0 0 0 0 0 0 0 0 0 0 0 0 0 0 0 0 0 0 0 0 0 0 0 0 0 0 0 0 0 0 0 0 0 0 0 0 0 0 0 0 0 0 0 0 0 0 0 0 0 0 0 0 0 0 0 0 0 0 0 0 0 0 0 0 0 0 0 0 0 0 0 0 0 0 0 0 0 0 0 0 0 0 0 0 0 0 0 0 0 0 0 0 0 0 0 0 0 0 0 0 0 0 0 0 0 0 0 0 0 0 0 0 0 0 0 0 0 0 0 0 0 0 0 0 0 0 0 0 0 0 0 0 0 0 0 0 0 0 0 0 0 0 0 0 0 0 0 0 0 0 0 0 0 0
0 0 0 0 0 0 0 0 0 0 0 0 0 0 0 0 0 0 0 0 0 0 0 0 0 0 0 0 0 0 0 0 0 0 0 0 0 0 0 0 0 0 0 0 0 0 0 0 0 0 0 0 0 0 0 0 0 0 0 0 0 0 0 0 0 0 0 0 0 0 0 0 0 0 0 0 0 0 0 0 0 0 0 0 0 0 0 0 0 0 0 0 0 0 0 0 0 0 0 0 0 0 0 0 0 0 0 0 0 0 0 0 0 0 0 0 0 0 0 0 0 0 0 0 0 0 0 0 0 0 0 0 0 0 0 0 0 0 0 0 0 0 0 0 0 0 0 0 0 0 0 0 0 0 0 0 0 0 0 0 0 0 0 0 0 0 0 0 0 0 0 0 0 0 0 0 0 0 0 0 0 0 0 0 0 0 0 0 0 0 0 0 0 0 0 0 0 0 0 0 0 0 0 0 0 0 0 0 0 0 0 0 0 0 0 0 0 0 0 0 0 0 0 0 0 0 0 0 0 0 0 0 0 0 0 0 0 0 0 0 0 0 0 0 0 0 0 0 0 0 0 0 0 0 0 0 0 0 0 0 0 0 0 0 0 0 0 0 0 0 0 0 0 0 0 0 0 0 0 0 0 0 0 0 0 0 0 0 0 0 0 0 0 0 0 0 0 0 0 0 0 0 0 0 0 0 0 0 0 0 0 0 0 0 0 0 0 0 0 0
0 0 0 0 0 0 0 0 0 0 0 0 0 0 0 0 0 0 0 0 0 0 0 0 0 0 0 0 0 0 0 0 0 0 0 0 0 0 0 0 0 0 0 0 0 0 0 0 0 0 0 0 0 0 0 0 0 0 0 0 0 0 0 0 0 0 0 0 0 0 0 0 0 0 0 0 0 0 0 0 0 0 0 0 0 0 0 0 0 0 0 0 0 0 0 0 0 0 0 0 0 0 0 0 0 0 0 0 0 0 0 0 0 0 0 0 0 0 0 0 0 0 0 0 0 0 0 0 0 0 0 0 0 0 0 0 0 0 0 0 0 0 0 0 0 0 0 0 0 0 0 0 0 0 0 0 0 0 0 0 0 0 0 0 0 0 0 0 0 0 0 0 0 0 0 0 0 0 0 0 0 0 0 0 0 0 0 0 0 0 0 0 0 0 0 0 0 0 0 0 0 0 0 0 0 0 0 0 0 0 0 0 0 0 0 0 0 0 0 0 0 0 0 0 0 0 0 0 0 0 0 0 0 0 0 0 0 0 0 0 0 0 0 0 0 0 0 0 0 0 0 0 0 0 0 0 0 0 0 0 0 0 0 0 0 0 0 0 0 0 0 0 0 0 0 0 0 0 0 0 0 0 0 0 0 0 0 0 0 0 0 0 0 0 0 0 0 0 0 0 0 0 0 0 0 0 0 0 0 0 0 0 0 0 0 0 0 0 0 0
0 0 0 0 0 0 0 0 0 0 0 0 0 0 0 0 0 0 0 0 0 0 0 0 0 0 0 0 0 0 0 0 0 0 0 0 0 0 0 0 0 0 0 0 0 0 0 0 0 0 0 0 0 0 0 0 0 0 0 0 0 0 0 0 0 0 0 0 0 0 0 0 0 0 0 0 0 0 0 0 0 0 0 0 0 0 0 0 0 0 0 0 0 0 0 0 0 0 0 0 0 0 0 0 0 0 0 0 0 0 0 0 0 0 0 0 0 0 0 0 0 0 0 0 0 0 0 0 0 0 0 0 0 0 0 0 0 0 0 0 0 0 0 0 0 0 0 0 0 0 0 0 0 0 0 0 0 0 0 0 0 0 0 0 0 0 0 0 0 0 0 0 0 0 0 0 0 0 0 0 0 0 0 0 0 0 0 0 0 0 0 0 0 0 0 0 0 0 0 0 0 0 0 0 0 0 0 0 0 0 0 0 0 0 0 0 0 0 0 0 0 0 0 0 0 0 0 0 0 0 0 0 0 0 0 0 0 0 0 0 0 0 0 0 0 0 0 0 0 0 0 0 0 0 0 0 0 0 0 0 0 0 0 0 0 0 0 0 0 0 0 0 0 0 0 0 0 0 0 0 0 0 0 0 0 0 0 0 0 0 0 0 0 0 0 0 0 0 0 0 0 0 0 0 0 0 0 0 0 0 0 0 0 0 0 0 0 0 0 0
0 0 0 0 0 0 0 0 0 0 0 0 0 0 0 0 0 0 0 0 0 0 0 0 0 0 0 0 0 0 0 0 0 0 0 0 0 0 0 0 0 0 0 0 0 0 0 0 0 0 0 0 0 0 0 0 0 0 0 0 0 0 0 0 0 0 0 0 0 0 0 0 0 0 0 0 0 0 0 0 0 0 0 0 0 0 0 0 0 0 0 0 0 0 0 0 0 0 0 0 0 0 0 0 0 0 0 0 0 0 0 0 0 0 0 0 0 0 0 0 0 0 0 0 0 0 0 0 0 0 0 0 0 0 0 0 0 0 0 0 0 0 0 0 0 0 0 0 0 0 0 0 0 0 0 0 0 0 0 0 0 0 0 0 0 0 0 0 0 0 0 0 0 0 0 0 0 0 0 0 0 0 0 0 0 0 0 0 0 0 0 0 0 0 0 0 0 0 0 0 0 0 0 0 0 0 0 0 0 0 0 0 0 0 0 0 0 0 0 0 0 0 0 0 0 0 0 0 0 0 0 0 0 0 0 0 0 0 0 0 0 0 0 0 0 0 0 0 0 0 0 0 0 0 0 0 0 0 0 0 0 0 0 0 0 0 0 0 0 0 0 0 0 0 0 0 0 0 0 0 0 0 0 0 0 0 0 0 0 0 0 0 0 0 0 0 0 0 0 0 0 0 0 0 0 0 0 0 0 0 0 0 0 0 0 0 0 0 0 0
0 0 0 0 0 0 0 0 0 0 0 0 0 0 0 0 0 0 0 0 0 0 0 0 0 0 0 0 0 0 0 0 0 0 0 0 0 0 0 0 0 0 0 0 0 0 0 0 0 0 0 0 0 0 0 0 0 0 0 0 0 0 0 0 0 0 0 0 0 0 0 0 0 0 0 0 0 0 0 0 0 0 0 0 0 0 0 0 0 0 0 0 0 0 0 0 0 0 0 0 0 0 0 0 0 0 0 0 0 0 0 0 0 0 0 0 0 0 0 0 0 0 0 0 0 0 0 0 0 0 0 0 0 0 0 0 0 0 0 0 0 0 0 0 0 0 0 0 0 0 0 0 0 0 0 0 0 0 0 0 0 0 0 0 0 0 0 0 0 0 0 0 0 0 0 0 0 0 0 0 0 0 0 0 0 0 0 0 0 0 0 0 0 0 0 0 0 0 0 0 0 0 0 0 0 0 0 0 0 0 0 0 0 0 0 0 0 0 0 0 0 0 0 0 0 0 0 0 0 0 0 0 0 0 0 0 0 0 0 0 0 0 0 0 0 0 0 0 0 0 0 0 0 0 0 0 0 0 0 0 0 0 0 0 0 0 0 0 0 0 0 0 0 0 0 0 0 0 0 0 0 0 0 0 0 0 0 0 0 0 0 0 0 0 0 0 0 0 0 0 0 0 0 0 0 0 0 0 0 0 0 0 0 0 0 0 0 0 0 0
0 0 0 0 0 0 0 0 0 0 0 0 0 0 0 0 0 0 0 0 0 0 0 0 0 0 0 0 0 0 0 0 0 0 0 0 0 0 0 0 0 0 0 0 0 0 0 0 0 0 0 0 0 0 0 0 0 0 0 0 0 0 0 0 0 0 0 0 0 0 0 0 0 0 0 0 0 0 0 0 0 0 0 0 0 0 0 0 0 0 0 0 0 0 0 0 0 0 0 0 0 0 0 0 0 0 0 0 0 0 0 0 0 0 0 0 0 0 0 0 0 0 0 0 0 0 0 0 0 0 0 0 0 0 0 0 0 0 0 0 0 0 0 0 0 0 0 0 0 0 0 0 0 0 0 0 0 0 0 0 0 0 0 0 0 0 0 0 0 0 0 0 0 0 0 0 0 0 0 0 0 0 0 0 0 0 0 0 0 0 0 0 0 0 0 0 0 0 0 0 0 0 0 0 0 0 0 0 0 0 0 0 0 0 0 0 0 0 0 0 0 0 0 0 0 0 0 0 0 0 0 0 0 0 0 0 0 0 0 0 0 0 0 0 0 0 0 0 0 0 0 0 0 0 0 0 0 0 0 0 0 0 0 0 0 0 0 0 0 0 0 0 0 0 0 0 0 0 0 0 0 0 0 0 0 0 0 0 0 0 0 0 0 0 0 0 0 0 0 0 0 0 0 0 0 0 0 0 0 0 0 0 0 0 0 0 0 0 0 0
0 0 0 0 0 0 0 0 0 0 0 0 0 0 0 0 0 0 0 0 0 0 0 0 0 0 0 0 0 0 0 0 0 0 0 0 0 0 0 0 0 0 0 0 0 0 0 0 0 0 0 0 0 0 0 0 0 0 0 0 0 0 0 0 0 0 0 0 0 0 0 0 0 0 0 0 0 0 0 0 0 0 0 0 0 0 0 0 0 0 0 0 0 0 0 0 0 0 0 0 0 0 0 0 0 0 0 0 0 0 0 0 0 0 0 0 0 0 0 0 0 0 0 0 0 0 0 0 0 0 0 0 0 0 0 0 0 0 0 0 0 0 0 0 0 0 0 0 0 0 0 0 0 0 0 0 0 0 0 0 0 0 0 0 0 0 0 0 0 0 0 0 0 0 0 0 0 0 0 0 0 0 0 0 0 0 0 0 0 0 0 0 0 0 0 0 0 0 0 0 0 0 0 0 0 0 0 0 0 0 0 0 0 0 0 0 0 0 0 0 0 0 0 0 0 0 0 0 0 0 0 0 0 0 0 0 0 0 0 0 0 0 0 0 0 0 0 0 0 0 0 0 0 0 0 0 0 0 0 0 0 0 0 0 0 0 0 0 0 0 0 0 0 0 0 0 0 0 0 0 0 0 0 0 0 0 0 0 0 0 0 0 0 0 0 0 0 0 0 0 0 0 0 0 0 0 0 0 0 0 0 0 0 0 0 0 0 0 0 0
0 0 0 0 0 0 0 0 0 0 0 0 0 0 0 0 0 0 0 0 0 0 0 0 0 0 0 0 0 0 0 0 0 0 0 0 0 0 0 0 0 0 0 0 0 0 0 0 0 0 0 0 0 0 0 0 0 0 0 0 0 0 0 0 0 0 0 0 0 0 0 0 0 0 0 0 0 0 0 0 0 0 0 0 0 0 0 0 0 0 0 0 0 0 0 0 0 0 0 0 0 0 0 0 0 0 0 0 0 0 0 0 0 0 0 0 0 0 0 0 0 0 0 0 0 0 0 0 0 0 0 0 0 0 0 0 0 0 0 0 0 0 0 0 0 0 0 0 0 0 0 0 0 0 0 0 0 0 0 0 0 0 0 0 0 0 0 0 0 0 0 0 0 0 0 0 0 0 0 0 0 0 0 0 0 0 0 0 0 0 0 0 0 0 0 0 0 0 0 0 0 0 0 0 0 0 0 0 0 0 0 0 0 0 0 0 0 0 0 0 0 0 0 0 0 0 0 0 0 0 0 0 0 0 0 0 0 0 0 0 0 0 0 0 0 0 0 0 0 0 0 0 0 0 0 0 0 0 0 0 0 0 0 0 0 0 0 0 0 0 0 0 0 0 0 0 0 0 0 0 0 0 0 0 0 0 0 0 0 0 0 0 0 0 0 0 0 0 0 0 0 0 0 0 0 0 0 0 0 0 0 0 0 0 0 0 0 0 0 0
