0 0 0 0 0 0 0 0 0 0 0 0 0 0 0 0 0 0 0 0 0 0 0 0 0 0 0 0 0 0 0 0 0 0 0 0 0 0 0 0 0 0 0 0 0 0 0 0 0 0 0 0 0 0 0 0 0 0 0 0 0 0 0 0 0 0 0 0 0 0 0 0 0 0 0 0 0 0 0 0 0 0 0 0 0 0 0 0 0 0 0 0 0 0 0 0 0 0 0 0 0 0 0 0 0 0 0 0 0 0 0 0 0 0 0 0 0 0 0 0 0 0 0 0 0 0 0 0 0 0 0 0 0 0 0 0 0 0 0 0 0 0 0 0 0 0 0 0 0 0 0 0 0 0 0 0 0 0 0 0 0 0 0 0 0 0 0 0 0 0 0 0 0 0 0 0 0 0 0 0 0 0 0 0 0 0 0 0 0 0 0 0 0 0 0 0 0 0 0 0 0 0 0 0 0 0 0 0 0 0 0 0 0 0 0 0 0 0 0 0 0 0 0 0 0 0 0 0 0 0 0 0 0 0 0 0 0 0 0 0 0 0 0 0 0 0 0 0 0 0 0 0 0 0 0 0 0 0 0 0 0 0 0 0 0 0 0 0 0 0 0 0 0 0 0 0 0 0 0 0 0 0 0 0 0 0 0 0 0 0 0 0 0 0 0 0 0 0 0 0 0 0 0 0 0 0 0 0 0 0 0 0 0 0 0 0 0 0 0 0
0 0 0 0 0 0 0 0 0 0 0 0 0 0 0 0 0 0 0 0 0 0 0 0 0 0 0 0 0 0 0 0 0 0 0 0 0 0 0 0 0 0 0 0 0 0 0 0 0 0 0 0 0 0 0 0 0 0 0 0 0 0 0 0 0 0 0 0 0 0 0 0 0 0 0 0 0 0 0 0 0 0 0 0 0 0 0 0 0 0 0 0 0 0 0 0 0 0 0 0 0 0 0 0 0 0 0 0 0 0 0 0 0 0 0 0 0 0 0 0 0 0 0 0 0 0 0 0 0 0 0 0 0 0 0 0 0 0 0 0 0 0 0 0 0 0 0 0 0 0 0 0 0 0 0 0 0 0 0 0 0 0 0 0 0 0 0 0 0 0 0 0 0 0 0 0 0 0 0 0 0 0 0 0 0 0 0 0 0 0 0 0 0 0 0 0 0 0 0 0 0 0 0 0 0 0 0 0 0 0 0 0 0 0 0 0 0 0 0 0 0 0 0 0 0 0 0 0 0 0 0 0 0 0 0 0 0 0 0 0 0 0 0 0 0 0 0 0 0 0 0 0 0 0 0 0 0 0 0 0 0 0 0 0 0 0 0 0 0 0 0 0 0 0 0 0 0 0 0 0 0 0 0 0 0 0 0 0 0 0 0 0 0 0 0 0 0 0 0 0 0 0 0 0 0 0 0 0 0 0 0 0 0 0 0 0 0 0 0 0
0 0 0 0 0 0 0 0 0 0 0 0 0 0 0 0 0 0 0 0 0 0 0 0 0 0 0 0 0 0 0 0 0 0 0 0 0 0 0 0 0 0 0 0 0 0 0 0 0 0 0 0 0 0 0 0 0 0 0 0 0 0 0 0 0 0 0 0 0 0 0 0 0 0 0 0 0 0 0 0 0 0 0 0 0 0 0 0 0 0 0 0 0 0 0 0 0 0 0 0 0 0 0 0 0 0 0 0 0 0 0 0 0 0 0 0 0 0 0 0 0 0 0 0 0 0 0 0 0 0 0 0 0 0 0 0 0 0 0 0 0 0 0 0 0 0 0 0 0 0 0 0 0 0 0 0 0 0 0 0 0 0 0 0 0 0 0 0 0 0 0 0 0 0 0 0 0 0 0 0 0 0 0 0 0 0 0 0 0 0 0 0 0 0 0 0 0 0 0 0 0 0 0 0 0 0 0 0 0 0 0 0 0 0 0 0 0 0 0 0 0 0 0 0 0 0 0 0 0 0 0 0 0 0 0 0 0 0 0 0 0 0 0 0 0 0 0 0 0 0 0 0 0 0 0 0 0 0 0 0 0 0 0 0 0 0 0 0 0 0 0 0 0 0 0 0 0 0 0 0 0 0 0 0 0 0 0 0 0 0 0 0 0 0 0 0 0 0 0 0 0 0 0 0 0 0 0 0 0 0 0 0 0 0 0 0 0 0 0 0
0 0 0 0 0 0 0 0 0 0 0 0 0 0 0 0 0 0 0 0 0 0 0 0 0 0 0 0 0 0 0 0 0 0 0 0 0 0 0 0 0 0 0 0 0 0 0 0 0 0 0 0 0 0 0 0 0 0 0 0 0 0 0 0 0 0 0 0 0 0 0 0 0 0 0 0 0 0 0 0 0 0 0 0 0 0 0 0 0 0 0 0 0 0 0 0 0 0 0 0 0 0 0 0 0 0 0 0 0 0 0 0 0 0 0 0 0 0 0 0 0 0 0 0 0 0 0 0 0 0 0 0 0 0 0 0 0 0 0 0 0 0 0 0 0 0 0 0 0 0 0 0 0 0 0 0 0 0 0 0 0 0 0 0 0 0 0 0 0 0 0 0 0 0 0 0 0 0 0 0 0 0 0 0 0 0 0 0 0 0 0 0 0 0 0 0 0 0 0 0 0 0 0 0 0 0 0 0 0 0 0 0 0 0 0 0 0 0 0 0 0 0 0 0 0 0 0 0 0 0 0 0 0 0 0 0 0 0 0 0 0 0 0 0 0 0 0 0 0 0 0 0 0 0 0 0 0 0 0 0 0 0 0 0 0 0 0 0 0 0 0 0 0 0 0 0 0 0 0 0 0 0 0 0 0 0 0 0 0 0 0 0 0 0 0 0 0 0 0 0 0 0 0 0 0 0 0 0 0 0 0 0 0 0 0 0 0 0 0 0
0 0 0 0 0 0 0 0 0 0 0 0 0 0 0 0 0 0 0 0 0 0 0 0 0 0 0 0 0 0 0 0 0 0 0 0 0 0 0 0 0 0 0 0 0 0 0 0 0 0 0 0 0 0 0 0 0 0 0 0 0 0 0 0 0 0 0 0 0 0 0 0 0 0 0 0 0 0 0 0 0 0 0 0 0 0 0 0 0 0 0 0 0 0 0 0 0 0 0 0 0 0 0 0 0 0 0 0 0 0 0 0 0 0 0 0 0 0 0 0 0 0 0 0 0 0 0 0 0 0 0 0 0 0 0 0 0 0 0 0 0 0 0 0 0 0 0 0 0 0 0 0 0 0 0 0 0 0 0 0 0 0 0 0 0 0 0 0 0 0 0 0 0 0 0 0 0 0 0 0 0 0 0 0 0 0 0 0 0 0 0 0 0 0 0 0 0 0 0 0 0 0 0 0 0 0 0 0 0 0 0 0 0 0 0 0 0 0 0 0 0 0 0 0 0 0 0 0 0 0 0 0 0 0 0 0 0 0 0 0 0 0 0 0 0 0 0 0 0 0 0 0 0 0 0 0 0 0 0 0 0 0 0 0 0 0 0 0 0 0 0 0 0 0 0 0 0 0 0 0 0 0 0 0 0 0 0 0 0 0 0 0 0 0 0 0 0 0 0 0 0 0 0 0 0 0 0 0 0 0 0 0 0 0 0 0 0 0 0 0
0 0 0 0 0 0 0 0 0 0 0 0 0 0 0 0 0 0 0 0 0 0 0 547 546 546 546 547 547 547 547 547 550 550 550 550 550 550 550 552 552 552 552 552 553 553 553 552 552 553 554 554 554 553 553 553 553 553 553 553 553 553 553 553 554 554 553 553 553 553 553 553 552 552 553 553 553 553 554 554 553 553 553 553 553 553 551 551 551 551 552 551 551 551 552 552 552 551 551 551 551 551 551 550 550 550 550 551 551 551 550 550 550 550 550 550 550 550 550 550 553 551 551 551 550 549 549 550 550 550 549 549 549 549 549 549 549 550 549 548 548 548 549 549 550 549 549 549 549 549 549 549 549 548 548 547 546 546 547 547 547 547 547 547 548 548 549 549 549 549 549 549 550 549 549 550 548 548 548 547 547 548 548 548 548 549 547 547 548 548 548 547 547 547 547 547 548 548 548 548 547 547 547 547 547 547 547 547 547 547 547 548 548 548 548 548 548 548 547 547 547 547 548 548 548 548 548 549 548 548 548 548 548 548 548 548 548 548 548 549 549 548 548 549 550 550 549 548 548 549 549 549 549 549 549 549 549 548 548 547 547 548 548 548 548 549 549 549 549 550 549 548 547 547 548 548 548 548 548 547 547 547 547 546 546 546 546 546 546 546 545 545 545 545 544 544 544 544 544 544 542 542 542 543 543 542 542 543 544 544 544 544 544 544 545 544 544 549 548 548
0 0 0 0 0 0 0 0 0 0 0 0 0 0 0 0 0 0 0 0 0 0 0 547 546 546 546 547 547 547 547 547 550 550 550 550 550 550 550 552 552 552 552 552 553 553 553 552 552 553 554 554 553 553 553 553 553 553 553 553 553 553 553 553 554 554 553 553 553 553 553 553 552 552 553 553 553 553 554 554 553 553 552 552 552 553 551 551 551 551 552 551 551 551 552 552 552 551 551 551 551 551 551 550 550 550 550 551 551 551 550 550 550 550 550 550 550 550 550 550 551 551 551 551 550 549 549 550 550 550 549 549 549 549 549 549 549 549 549 548 548 548 549 549 550 549 549 549 549 549 549 549 549 548 548 547 546 546 547 547 547 547 547 547 548 548 549 549 549 549 549 549 550 549 549 550 548 548 548 547 547 548 548 548 548 549 547 547 548 548 548 547 547 547 547 547 548 548 548 548 547 547 547 547 547 547 547 547 547 547 547 548 548 548 548 548 548 548 547 547 547 547 547 547 548 548 548 549 548 548 548 548 548 548 548 548 548 548 548 549 549 548 548 549 550 550 549 548 548 549 549 549 549 549 549 549 549 548 548 547 547 548 548 548 548 549 549 549 549 550 549 548 547 547 548 548 548 548 548 547 547 547 547 546 546 546 546 546 546 546 545 545 545 545 544 544 544 544 544 544 542 542 542 543 543 542 542 543 544 544 544 544 544 544 545 544 544 548 548 548
0 0 0 0 0 0 0 0 0 0 0 0 0 0 0 0 0 0 0 0 0 0 0 547 547 547 547 548 548 549 551 551 551 551 551 551 551 551 552 552 552 552 552 553 553 553 553 553 553 554 554 554 553 553 553 554 554 554 553 553 553 554 554 554 554 554 554 554 554 554 554 554 553 553 553 554 554 554 554 554 553 553 552 552 552 553 553 553 552 552 553 553 552 552 552 552 552 551 551 551 551 551 551 551 551 551 551 551 552 552 551 551 550 550 550 550 551 551 551 551 551 551 551 551 551 550 550 550 551 551 550 550 550 549 549 549 549 549 549 549 549 549 550 550 550 550 550 550 550 550 549 549 549 548 548 548 548 548 549 549 549 549 549 549 549 549 549 549 549 549 549 550 551 550 550 550 549 549 549 547 547 548 548 549 549 549 548 548 549 549 549 548 548 548 548 548 548 548 549 550 550 549 547 547 548 548 548 548 548 548 548 548 549 549 549 549 549 549 549 549 548 548 547 547 548 549 549 550 549 549 549 549 549 549 549 549 548 548 548 550 550 550 550 550 550 550 549 549 549 549 550 549 549 549 549 549 549 548 548 548 548 548 549 549 549 549 549 549 550 550 550 549 548 548 548 548 548 548 548 548 548 548 547 547 547 548 548 548 547 546 546 545 545 545 546 546 546 545 545 544 543 543 544 544 544 544 544 544 544 544 544 545 544 544 545 546 546 547 547 547
0 0 0 0 0 0 0 0 0 0 0 0 0 0 0 0 0 0 0 0 0 0 0 548 548 548 549 549 550 551 552 552 551 551 551 552 552 552 552 552 552 553 553 553 554 554 554 554 554 554 554 554 553 553 554 554 554 554 554 554 554 554 554 555 554 554 554 554 554 554 554 554 554 554 554 554 554 554 555 555 554 554 554 554 554 554 554 553 553 553 553 553 553 553 553 553 553 552 552 552 552 552 551 551 551 551 551 552 553 553 551 551 550 550 552 552 551 551 552 552 552 552 553 552 552 551 550 550 551 551 551 551 551 551 551 551 551 550 549 549 549 549 550 550 550 550 550 550 550 550 550 549 549 549 549 548 548 548 549 549 549 549 549 550 550 550 550 550 549 549 550 551 551 551 550 550 550 550 549 548 548 549 549 550 550 550 549 549 550 550 549 549 549 549 548 548 548 549 549 550 550 550 548 548 549 549 549 549 549 550 550 550 550 550 550 550 550 550 550 550 549 548 548 548 549 550 551 551 550 550 550 549 549 550 550 550 549 549 549 550 550 550 550 550 550 550 550 550 550 550 550 551 551 550 550 550 550 550 549 549 549 550 550 550 550 551 550 550 550 550 550 550 549 549 548 548 549 549 549 548 548 548 548 548 548 548 548 548 548 547 547 547 547 547 547 547 547 546 545 545 543 543 544 544 544 544 544 544 544 545 546 546 546 546 547 547 547 547 547 547
0 0 0 0 0 0 0 0 0 0 0 0 0 0 0 0 0 0 0 0 0 0 0 549 549 549 550 551 552 553 553 552 552 552 552 553 553 553 553 553 553 554 554 554 554 554 554 554 555 556 554 554 554 554 554 554 554 555 555 555 554 554 555 555 555 555 555 556 556 555 555 554 554 554 554 554 554 554 555 555 554 554 554 554 554 554 554 554 553 553 554 554 553 553 553 554 554 554 554 554 554 554 553 553 553 552 552 553 553 553 551 551 551 552 552 552 553 553 553 552 552 552 553 553 553 552 552 552 552 552 553 552 552 552 552 551 551 550 549 549 550 550 551 551 550 550 550 550 551 551 550 550 550 550 550 550 550 550 550 550 550 550 550 550 551 551 550 550 550 550 550 551 552 552 551 551 551 551 550 550 550 550 550 551 551 551 550 550 550 550 550 550 550 550 550 550 550 549 549 550 551 551 551 550 550 551 550 550 550 550 551 551 551 550 550 550 550 550 550 550 550 549 549 550 550 551 551 552 551 551 551 550 550 551 551 551 551 551 551 551 551 551 550 550 551 551 551 551 551 551 551 551 551 550 550 550 551 550 550 549 549 550 550 550 551 552 551 551 551 551 551 552 551 550 549 549 550 550 549 548 548 549 549 549 549 549 549 548 548 548 547 547 547 547 547 547 547 546 546 545 545 545 545 545 544 544 545 545 545 545 546 546 547 547 547 547 547 547 547 548
0 0 0 0 0 0 0 0 0 0 0 0 0 0 0 0 0 0 0 0 0 0 0 550 550 550 551 552 553 553 553 553 553 553 553 554 554 554 554 554 554 554 554 554 554 555 555 556 556 556 555 554 554 554 554 555 555 556 556 555 555 555 555 555 555 555 555 555 556 555 555 554 554 554 554 554 554 554 555 555 555 554 554 554 554 554 554 554 554 554 554 554 554 554 554 554 554 554 554 554 554 554 553 553 553 553 553 554 554 554 553 553 553 553 553 553 553 554 554 553 553 553 553 553 553 553 552 552 552 553 553 553 552 552 552 552 552 550 550 550 550 550 551 551 551 551 551 551 551 551 550 550 550 551 551 551 550 550 551 551 550 550 550 550 551 551 550 550 550 550 551 552 552 553 552 552 551 551 552 552 552 552 552 552 552 551 551 551 551 551 551 550 550 550 551 551 550 549 549 550 551 551 552 551 551 551 551 551 551 551 552 552 551 551 551 551 551 551 551 551 551 550 550 550 550 551 552 552 551 551 551 551 552 553 552 551 551 552 552 551 551 551 551 551 551 551 551 552 552 552 552 552 551 551 551 551 551 551 551 551 551 551 551 551 552 553 552 552 552 553 553 553 552 551 550 550 551 551 550 549 549 550 550 550 549 549 549 550 550 550 548 548 548 548 548 548 547 547 547 547 547 547 547 546 545 545 545 545 545 546 547 547 548 548 548 547 547 547 548 548
0 0 0 0 0 0 0 0 0 0 0 0 0 0 0 0 0 0 0 0 0 0 0 551 551 551 552 553 554 554 554 554 554 554 555 555 554 554 554 554 554 555 555 555 555 556 556 556 556 557 556 555 554 554 555 555 555 556 556 556 555 555 556 556 555 555 555 555 556 556 556 556 555 555 554 554 554 554 555 555 555 556 556 556 556 556 556 554 554 554 554 554 554 554 554 554 554 554 554 554 554 554 554 553 553 553 553 554 554 554 554 553 553 553 553 553 554 554 554 553 553 553 553 553 554 553 552 552 553 553 554 553 552 552 552 552 553 551 551 551 551 551 552 552 553 552 551 551 551 551 551 551 552 552 552 552 552 552 553 551 551 550 550 551 552 552 551 551 552 552 552 553 553 553 553 553 553 553 553 553 553 552 552 552 552 552 552 552 552 551 551 551 551 551 551 551 551 551 551 551 551 552 552 552 551 551 552 552 552 553 553 552 552 551 551 551 551 551 551 551 552 552 552 552 552 553 553 553 552 552 553 553 553 554 553 552 552 552 552 551 551 552 551 551 551 552 552 553 553 552 552 552 552 552 552 553 553 553 553 553 553 553 553 552 552 553 553 553 553 553 553 554 552 552 551 551 551 552 551 551 551 551 551 551 550 550 551 551 551 551 550 549 548 548 548 548 548 548 548 548 548 548 548 548 548 547 547 547 547 548 548 547 547 548 548 548 548 548 548 549
0 0 0 0 0 0 0 0 0 0 0 0 0 0 0 0 0 0 0 0 0 0 0 553 553 553 554 554 554 555 556 556 556 556 556 556 555 555 555 555 555 555 555 555 556 556 556 556 557 557 556 555 555 555 555 556 556 556 556 556 556 556 556 556 556 555 555 556 556 556 556 556 556 556 556 555 555 555 555 555 555 556 557 556 556 557 556 554 554 554 554 555 555 555 554 554 554 554 554 554 554 554 554 554 554 554 554 554 554 554 554 554 554 554 554 554 554 554 555 554 554 554 554 554 554 553 553 553 553 554 554 555 555 554 554 554 554 552 552 552 552 553 553 553 553 552 551 551 551 551 552 552 552 552 553 553 553 553 553 552 552 552 551 551 552 552 553 553 553 553 553 554 554 553 553 554 554 554 553 553 553 553 553 553 553 553 552 552 552 552 552 552 552 552 552 552 552 551 551 551 551 552 552 552 552 552 552 552 553 553 553 552 552 552 551 551 551 551 551 551 552 553 553 552 552 553 553 554 553 553 553 553 554 554 554 553 553 553 554 554 553 553 553 553 553 554 554 554 553 552 552 553 553 553 554 554 553 553 553 553 554 554 553 553 553 554 554 554 554 554 554 554 553 553 553 553 553 553 552 552 552 552 552 552 552 552 552 552 552 552 552 551 550 550 550 549 549 549 548 548 549 549 549 549 549 548 548 547 547 548 548 547 547 548 548 548 549 549 550 551
0 0 0 0 0 0 0 0 0 0 0 0 0 0 0 0 0 0 0 0 0 0 0 554 554 554 554 554 555 556 556 556 556 556 556 556 556 556 556 555 555 556 556 556 556 556 556 557 557 557 558 557 557 557 557 557 558 557 557 557 557 557 557 557 556 555 555 556 556 556 556 556 557 557 557 556 556 556 556 556 557 557 557 557 557 557 557 556 556 555 555 555 555 555 555 554 554 554 554 554 555 554 554 554 554 554 554 555 554 554 554 554 554 554 554 554 554 554 555 554 554 554 554 554 554 553 553 553 554 554 554 554 555 554 554 554 554 553 553 553 553 554 553 553 553 552 552 552 551 551 552 552 552 553 553 553 553 553 554 553 553 553 553 553 553 553 553 553 553 553 554 554 554 554 554 554 554 554 554 554 554 554 554 554 553 553 553 553 553 553 553 553 553 553 553 553 553 552 552 552 552 553 552 552 552 552 552 553 553 553 553 552 552 552 552 552 552 552 552 552 554 554 554 553 553 554 554 554 554 554 554 554 554 554 554 554 554 554 554 554 554 554 554 554 554 554 554 554 554 554 554 554 554 554 554 554 554 553 553 554 554 554 554 554 554 554 554 554 554 554 554 554 554 554 554 553 553 554 554 553 553 553 554 554 554 554 552 552 553 552 552 552 552 552 552 551 551 550 550 550 550 550 550 550 550 549 548 547 547 548 549 549 550 550 550 550 551 552 552 552
0 0 0 0 0 0 0 0 0 0 0 0 0 0 0 0 0 0 0 0 0 0 0 555 555 555 555 555 555 556 556 556 556 557 557 557 556 556 556 556 556 558 558 558 558 557 557 558 558 558 558 557 557 558 558 558 558 558 558 557 557 557 558 558 557 556 556 556 556 556 557 557 558 558 558 557 557 557 557 557 557 557 558 557 557 558 557 556 556 556 556 556 556 556 556 556 555 555 555 555 555 555 555 554 554 554 555 556 556 555 555 555 554 554 554 554 555 555 555 555 555 555 555 555 555 555 554 554 554 554 554 554 555 555 555 554 554 553 553 553 554 554 554 554 554 554 554 552 552 553 553 553 554 554 554 554 554 554 554 554 554 554 554 554 554 554 554 554 554 554 554 554 554 554 554 554 554 554 554 554 554 554 554 554 554 554 554 554 554 553 553 553 553 554 554 553 553 553 553 553 554 554 553 553 553 553 553 553 553 554 554 554 554 554 553 553 553 553 553 554 554 554 554 554 554 554 554 554 554 554 554 554 554 554 554 554 554 554 554 554 554 554 554 554 554 554 554 554 554 554 554 554 554 554 554 554 554 554 554 554 554 554 554 554 554 555 555 555 554 554 554 554 554 554 554 554 555 554 554 554 554 554 554 554 554 554 553 553 554 554 553 553 553 553 553 552 552 551 551 551 551 551 551 551 551 550 550 548 548 549 549 550 551 551 551 551 551 552 552 552
0 0 0 0 0 0 0 0 0 0 0 0 0 0 0 0 0 0 0 0 0 0 0 555 555 555 555 555 556 557 557 558 558 557 557 558 557 557 557 557 557 558 558 558 558 558 558 559 559 558 558 558 558 559 560 560 559 559 559 558 558 559 559 558 557 556 556 557 557 557 558 558 558 558 558 558 558 558 559 559 558 558 558 558 558 558 557 556 556 556 556 556 556 556 556 556 555 555 556 555 555 556 556 556 556 556 556 557 557 556 556 555 555 555 554 554 556 556 556 556 556 556 556 556 556 555 555 555 554 554 555 555 556 556 556 556 555 554 554 554 554 554 554 554 554 554 554 554 554 554 554 554 554 554 554 554 554 554 554 554 554 555 555 554 554 554 554 554 554 554 554 556 554 554 554 554 554 554 554 555 555 555 555 555 554 554 554 554 554 554 554 554 554 554 554 554 554 554 554 554 554 554 554 554 554 554 554 554 554 554 554 554 554 554 554 555 554 554 554 554 555 554 554 554 554 554 555 555 554 554 554 554 554 554 554 554 554 554 554 554 554 554 554 554 554 554 554 554 554 555 555 555 555 555 554 554 554 554 554 555 554 554 554 554 554 555 555 555 556 556 555 555 555 555 555 555 556 555 555 555 555 555 555 554 554 554 554 554 554 554 554 554 554 554 554 553 553 552 552 552 552 551 551 552 551 551 551 549 549 549 550 551 552 552 551 551 551 553 554 554
0 0 0 0 0 0 0 0 0 0 0 0 0 0 0 0 0 0 0 0 0 0 0 556 555 555 556 556 556 557 558 559 559 558 558 558 558 558 557 557 559 559 559 558 558 558 558 559 560 559 559 559 559 560 560 560 560 559 559 559 559 559 559 559 558 557 557 558 558 558 559 559 559 558 558 558 558 559 560 560 558 558 559 558 558 558 557 557 557 557 557 557 557 557 557 557 556 556 556 556 556 556 555 555 557 557 557 557 557 556 556 556 556 556 556 556 556 556 556 556 556 556 557 557 557 556 556 555 555 555 555 555 556 556 556 556 555 555 555 555 555 554 554 554 554 554 554 554 554 556 555 555 555 554 554 554 554 554 554 554 555 555 556 556 555 554 554 554 554 554 554 556 555 555 554 554 554 554 555 555 556 555 555 555 554 554 554 554 554 554 554 554 554 554 554 554 554 554 554 554 554 554 554 554 554 554 554 554 554 554 554 554 554 554 554 556 555 555 555 555 555 555 554 554 554 554 555 555 555 555 554 554 554 554 555 554 554 554 554 554 554 554 554 554 554 555 555 555 555 555 555 556 556 555 555 555 555 555 556 556 556 556 557 556 556 556 556 556 557 557 555 555 557 557 556 556 556 556 556 555 555 556 556 555 555 555 555 555 555 555 554 554 554 554 554 554 554 553 553 552 552 552 552 552 552 551 551 550 550 550 551 552 553 553 553 553 553 554 554 554
0 0 0 0 0 0 0 0 0 0 0 0 0 0 0 0 0 0 0 0 0 0 0 558 558 558 558 559 559 559 561 561 559 559 559 559 560 560 559 559 560 560 560 560 560 560 560 560 560 560 560 560 560 562 560 560 560 559 559 560 560 560 559 559 559 559 559 559 559 559 559 559 559 558 558 559 559 559 560 560 558 558 559 559 559 559 557 557 557 557 558 558 558 557 557 557 557 557 557 556 556 556 555 555 557 557 557 557 557 557 557 556 556 556 556 556 556 556 557 557 558 558 559 558 557 556 556 556 556 556 556 556 557 557 557 557 557 557 556 556 556 556 555 555 555 555 556 556 556 556 555 555 555 554 554 555 555 555 555 555 555 555 556 556 555 555 555 554 554 554 554 556 556 556 555 555 554 554 555 556 556 555 555 556 556 556 554 554 554 554 554 554 554 555 555 554 554 554 555 555 555 554 554 554 554 554 554 554 554 554 555 554 554 555 556 556 555 555 555 555 555 556 555 555 555 555 556 556 555 555 555 555 555 555 556 556 556 555 555 556 556 556 556 555 555 555 555 556 556 556 556 557 557 557 557 557 557 557 557 557 557 557 557 557 557 558 558 558 558 558 558 558 558 558 558 558 557 556 556 556 557 557 557 557 556 556 556 556 555 555 554 554 555 555 555 554 554 554 554 554 554 554 553 553 553 552 552 552 552 552 552 553 553 553 554 554 554 554 554 554
0 0 0 0 0 0 0 0 0 0 0 0 0 0 0 0 0 0 0 0 0 0 0 558 558 559 559 560 560 560 562 563 563 563 560 560 561 561 562 561 561 561 561 561 561 561 561 561 561 561 561 561 561 561 560 560 560 560 560 560 560 560 560 559 559 559 559 560 560 560 560 560 560 560 560 560 560 560 560 561 561 561 560 560 560 559 558 558 559 559 560 559 559 558 558 558 558 558 558 556 556 557 557 559 558 557 557 557 559 558 558 557 557 557 556 556 557 557 557 557 558 558 558 558 557 556 556 557 557 557 558 558 558 557 557 557 558 558 558 557 557 556 556 556 556 556 557 557 557 556 556 556 555 555 556 555 555 555 555 555 555 556 557 556 556 556 555 554 554 554 554 556 557 556 555 555 555 555 556 556 558 557 557 556 556 557 556 555 555 555 556 555 555 556 556 555 555 555 556 556 556 555 554 554 554 554 555 555 555 555 556 555 555 555 555 556 556 556 555 555 555 556 555 555 555 555 556 556 556 555 555 555 555 557 557 557 557 556 556 557 557 557 557 556 556 556 556 557 557 557 557 557 557 558 558 558 558 558 558 559 558 558 558 558 558 559 559 559 559 558 558 558 558 558 558 558 557 557 558 558 558 558 558 558 557 557 557 557 557 556 555 555 555 556 556 556 554 554 554 554 554 554 554 554 554 553 553 553 553 553 553 554 554 554 554 554 554 554 554 554
0 0 0 0 0 0 0 0 0 0 0 0 0 0 0 0 0 0 0 0 0 0 0 560 560 560 561 561 561 561 562 563 563 562 561 561 561 561 562 562 562 563 563 563 563 563 563 563 563 562 562 562 561 561 560 560 562 561 561 561 560 560 560 560 560 560 560 561 560 560 560 560 559 559 560 560 560 560 560 561 561 561 561 561 560 560 559 559 560 560 561 560 560 559 558 558 559 559 558 558 558 558 558 559 558 558 558 558 558 558 558 558 558 559 558 558 557 557 557 557 558 558 558 558 557 556 556 557 559 559 559 558 558 557 557 558 559 559 559 558 558 557 557 556 556 557 557 557 557 557 556 556 555 555 556 555 555 555 555 555 555 557 557 557 557 557 557 556 555 555 556 557 557 557 555 555 556 556 556 557 558 557 557 557 557 558 556 556 556 556 557 557 557 556 556 555 555 556 556 557 557 557 555 554 554 555 556 556 557 557 557 556 556 555 555 556 556 556 556 556 556 556 556 556 556 556 557 557 557 557 557 557 557 557 558 558 558 558 558 559 559 558 558 557 557 557 557 557 557 557 558 558 558 559 559 559 558 558 559 559 559 559 559 559 559 560 560 560 559 559 559 559 559 559 559 559 558 558 558 558 558 558 558 558 558 558 558 558 558 557 557 556 556 556 557 556 555 555 554 554 555 554 554 554 554 554 554 554 554 554 554 554 554 554 555 555 555 555 555 557
0 0 0 0 0 0 0 0 0 0 0 0 0 0 0 0 0 0 0 0 0 0 0 560 560 561 562 562 562 562 562 563 563 562 562 562 561 561 563 564 564 564 563 563 564 563 563 563 563 563 563 563 563 563 563 563 563 563 563 563 562 562 560 560 561 560 560 561 561 561 560 560 559 559 560 560 561 562 562 562 562 562 561 561 560 560 560 560 560 560 561 561 561 560 559 559 560 560 560 559 558 558 559 559 559 558 558 558 558 558 558 558 558 559 559 558 558 559 559 559 558 558 559 559 559 557 557 559 559 559 560 559 558 557 557 558 559 559 560 559 559 558 558 558 558 558 557 557 557 557 557 557 557 557 556 556 556 556 556 557 557 559 558 558 558 557 557 557 556 556 557 558 557 557 556 556 556 557 557 558 558 558 558 558 558 558 557 557 558 558 558 557 557 557 557 557 557 557 557 557 558 558 556 556 556 557 557 557 557 557 557 557 558 557 557 556 556 557 557 557 557 557 558 557 557 558 559 559 559 558 558 558 558 558 558 559 559 559 559 559 559 559 558 558 558 557 557 558 558 559 559 560 560 560 560 560 558 558 559 559 560 560 560 560 560 561 560 560 559 559 560 560 559 559 559 559 560 560 560 559 558 558 558 558 558 558 559 559 559 558 558 557 557 557 558 558 557 556 555 555 555 555 555 554 554 554 554 554 554 555 555 555 555 555 556 556 555 555 556 557
0 0 0 0 0 0 0 0 0 0 0 0 0 0 0 0 0 0 0 0 0 0 0 561 561 561 562 563 563 564 563 563 563 563 563 563 563 563 563 564 564 564 564 564 564 564 564 564 564 564 564 563 563 563 563 564 564 563 563 564 563 563 561 561 561 561 563 563 563 563 562 562 561 561 562 563 563 563 563 562 562 562 561 561 560 560 561 561 561 561 561 561 561 560 560 560 560 561 561 560 558 558 559 559 559 559 558 558 561 559 559 560 560 559 559 560 560 559 559 559 559 559 559 559 559 559 560 560 560 560 560 560 559 559 559 559 559 560 560 560 560 559 559 558 558 560 560 557 557 557 557 558 558 558 557 557 557 556 556 557 558 559 559 559 558 557 557 557 558 559 559 560 557 557 557 556 556 558 558 559 558 558 559 559 559 559 559 558 558 558 558 558 557 557 557 558 558 558 558 558 558 558 558 558 558 558 558 559 558 558 558 559 559 558 558 558 558 558 558 558 558 558 558 558 558 559 559 559 559 560 560 560 560 560 560 560 560 560 560 560 560 560 559 559 559 558 558 559 559 560 561 561 561 561 560 560 560 560 560 561 561 561 560 560 560 562 561 561 561 561 561 561 559 559 560 561 561 561 561 561 560 559 559 559 559 559 559 559 559 559 558 558 558 558 558 558 559 558 556 555 555 555 556 555 554 554 555 555 555 556 556 556 556 556 556 557 556 556 556 558
0 0 0 0 0 0 0 0 0 0 0 0 0 0 0 0 0 0 0 0 0 0 0 563 562 562 563 564 564 564 564 564 564 564 564 564 564 564 565 565 565 564 564 564 564 564 564 564 564 564 564 564 564 564 564 564 564 564 564 564 564 564 563 563 564 564 565 564 564 563 563 563 563 563 563 563 563 563 563 564 564 564 563 563 562 562 562 563 562 562 563 562 562 563 562 562 563 562 562 562 562 562 561 560 560 560 561 561 561 560 560 561 560 560 560 560 560 560 560 560 560 560 560 560 560 560 560 560 560 560 561 561 560 560 560 560 560 560 560 560 560 560 560 559 559 560 560 560 558 558 558 559 559 559 558 558 558 558 558 559 559 560 560 560 559 559 558 558 559 559 560 561 559 559 559 558 558 559 559 560 560 560 560 560 560 560 560 560 559 559 559 560 560 559 559 559 560 560 559 559 559 558 558 559 558 558 559 559 559 558 558 559 559 559 558 558 558 558 559 559 558 558 559 559 559 560 559 559 559 560 560 560 560 560 561 560 560 560 560 560 560 561 560 560 560 559 559 560 560 561 561 561 561 561 561 561 561 561 561 562 561 561 561 561 561 562 561 561 561 561 562 562 562 562 562 562 562 562 562 561 560 560 561 561 561 561 560 560 561 561 559 559 559 559 559 559 559 559 558 558 557 557 558 557 556 556 556 556 556 557 557 556 556 556 557 559 556 556 557 558
0 0 0 0 0 0 0 0 0 0 0 0 0 0 0 0 0 0 0 0 0 0 0 564 564 564 564 564 564 564 564 564 565 565 564 564 564 565 565 565 565 565 565 565 565 565 564 564 565 565 565 565 564 564 564 564 564 564 565 565 565 565 564 564 564 564 564 564 564 564 564 564 564 564 564 564 564 564 565 565 565 565 564 564 563 563 564 564 564 564 563 563 563 563 563 564 564 562 562 563 563 564 562 562 562 562 562 562 562 562 562 562 561 561 561 561 561 561 562 562 562 562 562 563 562 561 561 561 561 561 562 561 561 561 561 561 561 562 562 562 562 561 561 560 560 561 560 560 561 561 561 561 561 560 560 559 559 559 560 560 560 561 560 560 560 560 560 560 560 560 561 561 561 561 561 561 561 561 561 561 560 560 560 560 560 560 560 561 560 560 560 560 560 560 560 560 561 561 560 559 559 559 559 559 559 559 560 560 560 560 560 560 559 559 561 561 560 560 559 559 559 559 559 559 559 560 560 560 560 560 560 560 560 560 561 561 561 561 561 561 561 561 561 560 560 561 561 561 561 561 561 562 562 562 562 561 561 562 562 562 562 562 562 561 561 562 562 562 562 562 562 562 562 562 562 562 562 562 562 562 561 561 561 561 562 562 562 562 562 561 561 560 560 561 560 560 560 559 559 559 559 559 559 558 558 557 557 557 558 558 558 557 557 557 558 559 559 559 559 559
0 0 0 0 0 0 0 0 0 0 0 0 0 0 0 0 0 0 0 0 0 0 0 565 565 565 565 565 565 565 565 565 565 565 565 565 565 566 566 566 566 566 566 566 566 565 565 565 565 566 566 565 565 565 565 565 565 565 565 565 565 565 565 565 564 564 564 564 564 565 564 564 564 564 564 564 564 564 565 565 565 565 565 565 565 565 566 566 565 565 563 563 564 564 564 565 565 564 564 564 564 564 563 563 563 563 563 562 562 563 564 563 562 562 562 562 563 563 563 563 563 563 563 564 564 562 562 562 562 562 562 561 561 561 561 561 561 562 562 562 562 562 562 561 561 561 560 560 561 561 561 561 562 561 561 560 560 560 561 561 561 561 561 561 560 560 560 561 561 561 561 561 561 561 561 561 561 561 561 561 561 561 561 561 561 560 560 562 562 561 561 561 561 561 561 561 561 561 561 560 560 560 560 560 560 560 560 560 560 560 560 560 560 560 561 561 561 561 561 561 560 559 559 560 560 561 561 561 560 560 560 560 560 561 562 562 562 562 562 562 562 562 562 561 561 561 561 561 562 562 562 563 563 562 562 562 562 563 564 564 563 562 562 562 562 563 563 563 563 563 562 562 562 562 562 562 562 562 562 562 562 562 562 563 563 563 562 562 562 561 561 561 561 562 561 560 560 560 560 559 559 559 559 559 558 558 558 558 558 559 559 559 559 559 559 559 559 560 560 561
0 0 0 0 0 0 0 0 0 0 0 0 0 0 0 0 0 0 0 0 0 0 0 565 565 566 566 565 565 565 565 565 565 565 566 566 567 566 566 566 566 566 566 567 567 567 567 566 566 566 566 564 564 565 565 565 566 566 566 567 566 565 565 565 565 565 565 565 565 565 565 565 565 565 565 565 564 564 565 565 565 565 565 565 565 565 566 566 565 565 565 564 564 564 565 565 565 565 565 564 564 564 563 563 563 564 564 562 562 565 564 564 563 563 563 564 564 564 564 564 564 564 564 564 564 563 563 562 562 562 563 562 561 561 561 561 562 562 562 563 563 563 563 563 563 562 561 561 563 563 562 562 562 561 561 561 560 560 561 562 562 561 561 562 561 561 561 561 561 561 561 562 562 562 562 562 562 562 562 562 562 562 563 562 562 562 562 562 562 562 561 561 562 562 562 562 561 561 561 561 561 561 561 562 562 561 561 561 561 561 560 560 561 561 561 561 562 562 562 562 561 561 561 561 562 562 562 562 560 560 560 560 560 561 562 562 562 562 562 562 562 562 562 562 562 562 562 562 563 563 563 563 563 562 562 563 563 564 564 564 564 564 563 562 562 563 563 563 563 563 563 563 563 563 563 563 563 563 564 563 563 563 563 563 563 563 563 563 563 562 562 561 561 562 562 561 561 560 560 560 559 559 559 559 559 559 559 559 560 560 560 560 560 560 560 560 560 561 561 562
0 0 0 0 0 0 0 0 0 0 0 0 0 0 0 0 0 0 0 0 0 0 0 566 566 567 566 566 566 566 566 566 566 566 567 567 568 567 567 567 567 567 567 568 568 568 568 567 567 566 566 564 564 565 566 566 567 567 567 567 567 567 566 566 566 565 565 565 565 565 565 565 566 565 565 565 565 565 565 565 565 565 565 565 565 565 566 566 566 565 565 565 565 565 565 565 565 565 565 565 565 564 564 564 565 565 565 564 564 565 565 565 565 564 564 565 565 565 564 564 564 564 564 564 564 563 563 563 563 563 564 564 563 563 563 563 563 563 563 563 563 563 564 564 563 563 562 562 564 564 564 564 563 562 561 561 561 561 562 563 563 561 561 562 562 562 562 561 561 562 562 562 562 563 563 563 562 562 562 562 563 564 564 564 564 562 562 563 562 562 561 561 562 562 563 563 562 562 562 562 562 562 562 563 562 562 562 561 561 562 561 561 561 561 561 561 562 563 563 563 562 562 562 562 562 563 563 563 562 562 562 561 561 562 562 563 563 563 563 563 564 564 563 562 562 562 562 563 564 564 564 564 564 564 564 564 564 564 564 564 564 564 563 563 563 564 564 564 564 564 565 565 564 564 564 564 564 564 565 564 564 564 564 565 564 564 564 564 564 563 563 562 562 563 563 563 562 560 560 560 559 559 559 559 560 561 561 561 562 560 560 560 560 560 560 560 560 561 562 563
0 0 0 0 0 0 0 0 0 0 0 0 0 0 0 0 0 0 0 0 0 0 0 567 567 567 566 566 566 566 566 566 566 566 567 568 567 567 567 567 567 568 569 569 569 568 568 568 568 568 568 566 566 566 566 566 569 567 567 567 567 567 567 566 566 565 565 565 566 565 565 566 566 566 566 566 565 565 565 566 565 565 565 565 565 565 565 565 566 565 565 565 565 565 565 565 565 565 565 565 565 565 565 565 565 565 565 565 565 566 566 566 566 565 565 565 565 565 565 565 565 565 565 565 564 564 564 564 564 564 564 564 564 563 563 564 564 564 563 563 563 563 565 564 563 563 563 563 564 564 564 564 563 563 561 561 561 563 563 563 563 562 562 562 562 563 563 564 562 562 564 562 562 563 563 563 564 564 563 563 564 565 565 565 565 564 564 564 563 563 562 562 562 563 563 563 562 562 562 563 563 563 563 564 564 563 562 562 562 562 562 562 562 562 564 564 564 564 564 564 564 563 563 563 563 563 564 563 563 562 562 562 562 563 564 564 564 564 564 564 565 565 565 565 563 563 563 563 564 565 565 565 565 565 565 565 565 565 565 565 564 564 564 564 564 565 565 564 564 565 565 565 565 565 565 565 565 565 565 565 565 565 565 565 565 565 565 564 564 564 564 563 563 563 563 563 562 561 561 561 562 563 562 562 562 562 562 563 562 561 561 560 560 561 562 562 561 561 562 563
0 0 0 0 0 0 0 0 0 0 0 0 0 0 0 0 0 0 0 0 0 0 0 568 568 569 567 567 567 567 567 567 567 567 568 568 567 567 567 567 568 568 569 569 570 570 569 568 568 568 569 567 567 567 567 567 569 568 568 567 567 567 567 567 567 565 565 567 568 567 567 567 566 566 566 566 566 566 566 567 566 566 566 565 565 565 565 565 566 566 566 565 565 565 565 565 565 566 567 566 565 565 566 566 566 566 565 565 565 566 566 566 566 565 565 565 565 565 565 565 565 565 565 565 565 565 565 565 565 565 565 565 565 564 564 565 565 564 564 564 565 565 565 564 564 564 563 563 564 564 564 564 563 563 562 562 562 564 564 565 564 564 564 565 564 564 564 564 564 565 565 565 565 565 565 565 565 565 565 565 565 565 565 565 565 564 564 564 563 563 562 562 562 563 564 564 563 563 563 563 563 563 563 564 565 565 564 564 564 563 563 563 563 563 564 564 564 564 564 565 565 564 563 563 563 563 564 563 563 564 564 564 564 565 565 565 564 564 565 565 565 565 565 565 564 564 564 564 565 565 565 565 565 565 565 565 565 565 565 565 565 565 565 565 565 565 565 565 565 565 565 566 565 565 565 565 565 566 566 565 565 565 565 565 565 565 565 565 565 565 565 565 565 564 564 565 565 563 563 563 563 563 563 563 563 563 563 563 563 563 562 562 562 562 563 563 563 563 564 564
0 0 0 0 0 0 0 0 0 0 0 0 0 0 0 0 0 0 0 0 0 0 0 568 568 569 568 568 569 568 568 569 569 569 568 568 567 567 567 567 567 568 570 570 570 570 569 569 569 569 569 569 569 569 567 567 569 568 568 567 567 567 567 567 567 566 566 569 568 567 567 567 567 567 568 567 567 567 567 567 567 566 566 565 565 565 565 566 566 566 567 566 566 566 566 566 566 567 567 567 567 566 566 566 566 566 565 565 566 566 566 567 567 567 566 566 565 565 565 565 565 565 565 565 565 565 565 565 565 565 566 565 565 565 565 566 565 565 565 566 566 566 565 565 564 564 564 564 565 565 565 565 564 564 563 563 563 565 565 565 565 564 564 565 564 564 564 565 565 565 565 565 565 565 565 565 565 565 565 565 565 565 565 565 565 565 565 565 564 563 563 563 563 564 564 564 564 564 564 564 563 563 565 565 565 565 565 564 564 564 563 563 563 563 564 564 565 565 565 565 565 565 564 564 564 564 564 563 563 564 564 565 565 565 565 565 565 565 565 565 565 565 565 565 565 565 565 565 565 565 565 565 565 565 565 565 565 565 565 565 565 565 565 565 565 565 565 565 566 567 567 567 565 565 566 566 566 566 566 566 565 565 565 565 566 566 566 566 565 565 565 566 566 565 565 565 566 565 565 565 564 564 564 563 563 563 563 563 563 563 563 563 563 563 563 564 564 564 565 565
0 0 0 0 0 0 0 0 0 0 0 0 0 0 0 0 0 0 0 0 0 0 0 569 569 570 570 570 570 569 569 569 569 571 570 570 568 568 568 567 567 568 570 570 570 570 569 569 569 570 570 569 569 569 569 569 569 569 569 567 567 567 567 567 567 568 568 569 568 568 567 567 568 568 568 567 567 567 568 568 567 567 567 566 565 565 565 566 567 567 567 568 568 568 567 567 567 567 567 567 567 567 567 567 567 567 567 567 567 566 566 567 567 567 566 566 565 565 566 566 565 565 565 565 565 566 565 565 565 565 566 566 566 566 566 566 566 565 565 566 566 566 565 565 564 564 565 565 565 565 565 565 565 565 565 565 565 565 565 565 565 565 565 565 565 564 564 565 565 565 565 565 565 565 565 565 567 565 565 565 565 565 565 565 565 565 565 565 565 564 564 563 563 564 564 564 565 565 565 565 565 565 565 565 565 565 565 565 565 564 563 563 564 564 565 565 565 565 565 565 565 565 565 565 565 565 565 564 564 565 565 565 565 565 565 565 565 565 565 565 565 565 565 565 565 565 565 565 565 565 565 566 566 566 566 566 565 565 566 566 566 565 565 565 567 567 566 566 567 568 567 567 566 566 567 566 566 566 566 566 566 566 566 566 566 566 566 566 566 566 566 566 566 565 565 565 566 566 565 565 565 565 565 565 564 564 564 564 565 565 565 564 564 564 565 565 565 565 565 565
0 0 0 0 0 0 0 0 0 0 0 0 0 0 0 0 0 0 0 0 0 0 0 569 569 570 570 570 570 570 570 570 570 571 570 570 569 568 568 568 568 569 571 572 571 570 570 570 570 570 570 569 569 570 570 570 569 569 570 568 568 568 568 569 569 569 569 570 569 568 568 568 569 569 569 568 567 567 569 569 570 569 568 568 567 567 567 567 567 567 567 568 568 568 567 567 567 567 567 568 567 567 567 567 568 568 567 567 567 567 567 567 567 568 567 567 567 567 567 566 565 565 567 567 567 567 566 566 566 566 566 567 567 567 567 567 567 567 566 566 566 566 565 565 565 565 565 565 566 566 566 566 566 566 567 566 565 565 566 566 566 565 565 565 565 565 565 565 565 565 565 567 566 566 566 567 567 567 566 566 566 566 566 565 565 566 565 565 565 565 565 565 565 565 565 565 566 566 566 566 565 565 565 565 565 565 565 565 565 565 565 565 565 565 565 565 565 565 565 565 565 565 565 565 565 565 565 565 565 565 565 565 565 565 565 565 565 565 565 565 566 565 565 565 565 565 565 565 565 565 566 567 566 566 566 566 566 566 566 567 567 567 567 567 567 567 568 568 568 569 568 568 567 567 567 567 567 567 567 567 567 568 567 567 567 567 567 567 567 567 567 567 567 566 566 566 566 566 566 566 565 565 565 565 565 565 565 565 566 565 565 565 565 565 565 565 565 565 566 566
0 0 0 0 0 0 0 0 0 0 0 0 0 0 0 0 0 0 0 0 0 0 0 569 569 571 571 572 571 571 571 572 572 571 571 571 570 570 570 570 570 571 572 572 571 570 570 570 571 571 571 570 570 570 570 570 570 570 571 570 570 569 569 570 569 569 570 570 570 569 568 568 570 570 569 569 569 570 570 570 570 569 569 569 569 569 568 568 568 568 568 568 568 568 568 568 568 567 567 568 567 567 568 568 567 567 567 568 567 567 567 567 568 568 568 568 568 568 568 568 566 566 567 567 568 568 567 567 567 567 567 567 567 567 567 567 567 567 567 567 567 567 566 566 567 567 567 567 566 566 566 566 566 567 567 567 566 566 566 566 566 565 565 565 565 565 566 566 567 566 566 567 567 566 566 568 568 568 567 567 567 566 566 566 566 567 566 566 566 565 565 565 565 566 566 566 566 566 567 565 565 565 565 566 565 565 565 565 565 565 565 565 565 565 565 565 565 566 566 565 565 565 565 565 567 567 566 565 565 566 566 565 565 565 566 566 566 566 566 566 566 565 565 565 565 566 566 565 565 565 566 568 567 567 567 567 567 568 568 568 568 568 568 568 568 568 568 568 569 570 569 569 569 569 569 569 569 569 569 568 568 569 569 569 568 568 569 569 568 568 568 568 568 568 567 567 567 567 567 566 566 566 566 566 566 566 566 566 566 566 566 566 566 567 567 567 566 566 566 566
0 0 0 0 0 0 0 0 0 0 0 0 0 0 0 0 0 0 0 0 0 0 0 570 570 571 573 573 572 572 572 573 572 571 571 571 571 571 571 571 571 572 572 572 572 571 571 571 572 572 572 571 571 570 570 571 571 571 571 571 571 570 570 571 570 570 570 570 570 570 570 570 570 570 569 569 569 570 571 571 571 570 570 570 569 569 570 570 569 569 569 569 569 569 569 569 569 569 569 569 568 568 568 568 568 567 567 568 568 568 568 568 569 568 568 569 569 569 570 568 567 567 568 568 569 569 568 568 568 568 568 567 567 567 567 567 567 567 567 567 567 568 567 567 567 567 567 567 566 566 567 567 567 567 567 567 566 566 566 567 567 567 567 566 566 566 567 567 567 567 567 567 567 567 567 568 568 568 568 568 567 567 567 566 566 567 567 567 567 565 565 566 566 567 566 566 567 567 568 565 565 565 565 565 565 565 565 565 566 566 566 566 565 565 565 566 566 566 567 565 565 565 565 566 568 568 568 567 567 566 566 566 567 567 568 567 567 567 567 567 567 566 566 565 565 566 567 566 566 566 566 568 568 568 568 568 568 568 568 568 568 568 569 569 569 569 569 570 570 570 570 570 570 570 570 570 570 570 570 569 569 570 569 569 569 569 570 570 569 569 569 569 569 569 568 568 567 567 568 568 567 567 567 568 568 567 567 567 567 567 566 566 567 567 567 568 567 567 567 567
0 0 0 0 0 0 0 0 0 0 0 0 0 0 0 0 0 0 0 0 0 0 0 571 571 573 573 573 573 573 574 574 574 574 573 573 573 573 573 573 573 572 572 572 572 572 572 572 573 573 572 572 572 571 571 571 571 571 571 571 571 571 571 571 570 570 571 571 571 571 571 571 571 570 570 570 570 570 572 572 572 571 571 571 571 571 571 571 571 569 569 569 569 569 570 570 570 570 570 570 569 568 568 568 568 569 569 569 569 569 569 569 568 568 568 569 569 569 570 569 567 567 568 569 569 569 568 568 569 570 569 568 568 567 567 567 568 568 568 568 568 568 568 568 568 567 567 567 567 567 567 568 567 567 567 567 566 566 567 567 568 568 568 567 567 567 568 568 568 567 567 568 568 568 568 568 568 568 568 568 568 568 568 568 568 568 568 568 568 566 566 566 566 567 567 567 568 568 568 568 567 565 565 565 565 565 565 565 566 566 566 566 566 566 566 566 566 566 566 566 566 566 566 567 568 568 568 568 567 567 567 567 567 567 568 568 568 568 568 568 568 567 567 566 566 567 568 567 566 566 567 568 569 569 569 569 569 569 569 569 569 569 569 569 569 570 571 571 571 571 571 570 570 570 570 570 571 571 570 570 570 570 570 570 570 570 570 570 570 570 570 570 570 569 569 569 569 569 570 570 570 570 570 569 568 568 568 568 569 569 569 567 567 568 568 569 569 569 569 568
0 0 0 0 0 0 0 0 0 0 0 0 0 0 0 0 0 0 0 0 0 0 0 573 573 574 573 573 574 574 574 575 575 574 574 574 574 574 573 573 573 572 572 572 572 572 572 572 573 574 574 574 573 573 574 573 572 572 571 571 572 572 572 571 571 571 571 571 571 571 571 571 571 570 570 570 571 571 572 572 572 572 571 571 571 572 572 571 571 570 570 571 570 570 571 571 571 571 571 571 570 570 569 568 568 569 569 569 569 570 570 570 568 568 568 569 569 569 570 570 568 568 569 569 569 569 569 569 569 570 570 570 570 568 568 568 568 569 568 568 568 568 569 568 568 567 567 567 567 567 568 568 568 568 568 568 568 568 568 568 568 568 568 568 568 568 568 568 568 568 570 569 569 569 569 569 569 569 569 569 569 568 568 569 568 568 568 568 568 567 567 567 567 568 567 567 568 568 568 567 567 565 565 568 565 565 566 566 566 566 566 567 567 567 566 566 566 566 566 566 566 567 567 567 568 568 568 568 568 568 568 568 568 568 568 568 568 568 568 568 568 568 568 568 568 568 569 569 568 568 568 568 569 569 569 569 569 569 570 570 570 570 569 569 569 571 571 572 571 571 572 571 571 571 571 571 571 571 571 571 571 571 571 571 571 571 572 571 570 570 570 571 571 571 570 570 570 570 571 571 571 571 571 570 569 569 569 569 569 569 569 568 568 569 569 570 569 569 570 570
0 0 0 0 0 0 0 0 0 0 0 0 0 0 0 0 0 0 0 0 0 0 575 574 574 574 573 573 574 574 575 575 575 575 575 575 575 575 574 574 574 573 573 573 573 573 573 573 573 574 574 574 574 575 575 575 572 572 572 573 573 573 572 572 571 571 571 571 571 571 572 572 572 571 571 571 571 572 572 572 572 572 572 572 572 572 572 572 572 571 571 571 571 572 571 571 571 571 571 571 571 570 570 570 571 571 569 569 569 570 571 571 570 569 569 569 569 570 570 570 570 570 570 570 568 568 569 568 568 569 569 570 570 569 568 568 568 570 569 569 569 569 570 570 570 570 568 567 567 568 568 569 569 569 569 569 569 568 568 568 568 568 568 568 568 568 568 569 569 569 571 570 570 571 570 570 569 569 569 569 569 569 569 569 569 569 569 568 568 568 567 567 568 568 569 569 569 569 568 567 567 568 568 569 569 570 567 567 567 567 567 568 568 568 567 567 567 566 566 567 567 568 568 568 568 568 569 569 569 569 568 568 568 568 568 568 568 569 569 569 569 569 569 569 569 569 569 570 569 569 569 569 569 569 570 570 571 571 570 570 570 570 570 570 570 571 572 572 572 572 572 572 572 571 571 572 572 572 573 573 573 573 573 573 573 573 573 573 572 571 571 572 572 572 572 571 571 571 572 572 572 572 572 571 570 569 569 570 569 569 569 569 570 570 570 570 570 570 570 570
0 0 0 0 0 0 0 0 0 0 0 0 0 0 0 0 0 0 0 0 0 0 575 575 575 574 574 574 574 574 575 575 575 575 575 576 576 576 574 574 574 573 573 574 574 574 574 574 574 574 574 574 574 575 576 576 575 574 574 574 574 574 573 573 572 572 572 572 572 572 573 574 572 571 571 571 571 572 573 573 573 572 572 572 572 572 572 572 572 572 572 572 572 572 571 571 571 571 572 572 572 572 571 571 571 571 571 571 571 571 571 571 571 571 570 570 571 571 571 571 570 570 570 570 568 568 569 568 568 569 569 571 570 570 570 570 571 571 571 571 570 570 570 570 571 570 570 568 568 569 570 571 570 570 569 569 570 570 569 568 568 568 568 568 568 568 569 569 569 569 571 572 571 571 571 571 569 569 569 570 570 570 570 570 571 571 571 571 570 569 569 569 568 568 569 570 570 570 569 569 569 570 570 569 569 569 568 568 568 568 568 568 568 568 568 567 567 567 567 568 569 569 569 569 569 569 569 569 569 569 569 569 569 569 569 569 569 569 569 569 570 569 569 570 570 570 570 570 569 569 570 570 570 570 571 571 571 571 571 571 570 570 570 570 570 571 572 573 574 574 574 573 573 573 573 573 573 573 573 573 573 574 574 573 573 573 573 574 574 573 573 573 573 573 573 573 573 573 572 572 572 572 572 572 572 570 570 570 570 570 570 570 572 571 571 571 571 571 571 571
0 0 0 0 0 0 0 0 0 0 0 0 0 0 0 0 0 0 0 0 0 0 576 575 575 575 575 574 574 575 575 575 575 576 577 577 577 576 575 575 575 574 574 576 576 575 575 574 574 574 574 575 575 575 576 576 575 574 574 574 574 574 574 574 573 573 573 573 573 573 573 572 572 572 572 572 572 572 573 573 576 573 573 573 573 572 572 573 573 573 573 573 573 572 572 571 571 572 572 572 572 572 571 571 572 0 571 571 571 571 571 572 572 572 571 571 571 571 571 571 571 571 572 572 572 0 0 0 0 0 0 571 570 570 570 570 571 571 571 572 573 572 572 572 571 571 571 571 571 571 571 571 570 570 570 570 570 571 571 0 569 568 568 568 568 568 569 569 569 570 572 572 572 572 571 571 572 570 570 570 570 571 571 571 572 572 572 572 571 570 567 567 567 567 569 570 570 570 570 570 570 571 571 569 569 569 569 569 568 568 568 568 568 568 568 567 567 567 567 569 569 569 568 568 569 569 569 569 570 570 569 569 569 569 570 569 569 570 571 571 571 570 570 571 571 571 571 571 572 572 572 571 571 571 571 572 572 573 573 572 572 572 572 572 572 574 573 573 575 575 574 574 573 573 573 573 573 573 573 573 574 574 574 574 573 573 573 574 574 574 574 574 574 574 574 574 573 573 573 573 573 573 572 572 572 572 572 572 571 571 572 572 572 572 572 572 572 572 572 572
0 0 0 0 0 0 0 0 0 0 0 0 0 0 0 0 0 0 0 0 0 0 577 576 576 575 575 576 576 576 577 577 577 578 578 577 577 576 576 576 577 577 576 576 577 577 575 575 575 575 575 575 575 576 576 576 576 575 575 575 575 574 574 574 574 574 573 573 574 574 577 574 573 573 573 573 573 573 574 576 576 574 573 573 573 573 573 574 573 573 573 573 574 574 574 574 574 574 574 572 572 572 571 571 572 0 0 0 571 571 572 573 573 573 572 572 572 572 572 572 572 572 573 572 572 0 0 0 0 0 0 0 0 571 571 571 571 0 572 572 573 573 573 573 0 0 0 0 0 572 572 571 571 571 0 570 570 0 0 0 0 0 0 0 0 570 570 0 0 0 0 572 572 572 572 572 572 572 0 0 0 573 573 0 0 0 573 573 0 0 567 567 567 567 0 0 0 0 0 571 571 571 571 572 572 570 569 569 569 569 569 570 0 0 0 0 569 569 570 570 569 568 565 565 568 569 569 570 570 570 569 569 569 570 570 570 570 571 572 572 572 571 571 572 572 572 572 572 572 573 573 573 573 572 572 573 573 573 574 573 573 573 573 573 574 576 576 576 576 575 575 575 574 574 574 574 574 574 574 574 576 575 575 575 574 574 574 574 574 574 574 574 574 574 574 574 573 573 573 573 573 573 573 573 573 573 573 573 572 572 573 573 573 573 573 573 573 574 574 573
0 0 0 0 0 0 0 0 0 0 0 0 0 0 0 0 0 0 0 0 0 0 578 577 577 576 576 578 578 578 578 578 578 578 578 577 577 577 577 577 578 578 578 578 578 578 577 576 576 576 576 576 576 576 576 576 576 576 576 575 575 574 574 575 574 574 574 574 575 576 577 574 573 573 573 573 574 574 575 576 574 574 574 574 574 573 573 574 573 573 573 574 574 574 574 574 575 574 574 575 0 0 574 574 0 0 0 0 0 0 0 0 0 0 572 572 572 572 572 573 573 573 573 572 572 0 0 0 0 0 0 0 0 0 0 0 0 0 0 0 0 0 0 0 0 0 0 0 0 0 0 0 0 0 0 0 0 0 0 0 0 0 0 0 0 0 0 0 0 0 0 0 572 572 572 572 0 0 0 0 0 0 0 0 0 0 0 0 0 0 0 0 0 0 0 0 0 0 0 0 0 0 0 0 0 0 0 0 569 567 567 0 0 0 0 0 0 572 570 570 569 568 565 565 568 0 0 0 0 0 0 0 0 0 0 0 0 0 0 0 0 572 572 572 572 573 573 573 573 573 573 573 573 573 573 573 573 574 575 575 574 574 574 574 574 576 576 577 576 576 576 576 576 576 576 576 575 575 575 575 576 576 575 575 574 574 574 574 574 575 575 575 574 574 574 574 574 574 574 574 574 575 574 574 574 574 574 574 574 574 574 574 574 574 573 573 574 574 574 573
0 0 0 0 0 0 0 0 0 0 0 0 0 0 0 0 0 0 0 0 0 0 579 579 579 578 578 578 579 579 578 578 578 578 578 578 578 577 577 578 578 578 578 578 578 578 578 578 577 576 576 577 577 577 577 577 576 576 576 575 575 576 576 576 574 574 574 574 575 577 577 575 575 574 574 575 575 575 576 576 574 574 575 576 575 575 575 575 575 574 574 574 575 575 575 575 575 0 0 0 0 0 0 0 0 0 0 0 0 0 0 0 0 0 0 0 0 0 0 0 0 0 0 0 0 0 0 0 0 0 0 0 0 0 0 0 0 0 0 0 0 0 0 0 0 0 0 0 0 0 0 0 0 0 0 0 0 0 0 0 0 0 0 0 0 0 0 0 0 0 0 0 0 0 0 0 0 0 0 0 0 0 0 0 0 0 0 0 0 0 0 0 0 0 0 0 0 0 0 0 0 0 0 0 0 0 0 0 0 567 567 0 0 0 0 0 0 0 0 0 0 0 0 0 0 0 0 0 0 0 0 0 0 0 0 0 0 0 0 0 0 0 573 573 573 573 573 573 573 573 573 573 573 573 573 574 574 574 575 576 575 575 575 575 576 577 577 577 576 576 576 576 576 577 577 576 576 576 577 577 577 578 578 577 574 574 574 574 575 576 576 576 575 575 575 575 575 575 575 576 575 575 575 574 574 574 574 574 575 575 575 574 574 574 574 574 574 574 574 574
0 0 0 0 0 0 0 0 0 0 0 0 0 0 0 0 0 0 0 0 0 0 579 579 580 579 579 581 579 579 580 579 579 579 579 578 578 579 579 579 579 579 578 578 579 578 578 579 578 578 578 578 578 578 578 577 577 577 576 575 575 576 576 576 576 575 575 577 578 578 578 577 577 577 576 576 577 577 577 577 576 576 577 577 577 577 577 577 576 575 575 575 575 575 575 575 0 0 0 0 0 0 0 0 0 0 0 0 0 0 0 0 0 0 0 0 0 0 0 0 0 0 0 0 0 0 0 0 0 0 0 0 0 0 0 0 0 0 0 0 0 0 0 0 0 0 0 0 0 0 0 0 0 0 0 0 0 0 0 0 0 0 0 0 0 0 0 0 0 0 0 0 0 0 0 0 0 0 0 0 0 0 0 0 0 0 0 0 0 0 0 0 0 0 0 0 0 0 0 0 0 0 0 0 0 0 0 0 0 0 0 0 0 0 0 0 0 0 0 0 0 0 0 0 0 0 0 0 0 0 0 0 0 0 0 0 0 0 0 0 0 0 573 573 573 574 574 574 574 574 574 574 574 574 574 575 575 575 576 576 576 576 576 576 577 577 577 577 577 577 577 577 577 577 577 577 576 576 577 578 578 578 578 577 576 576 576 576 576 577 576 576 576 575 575 576 576 576 576 576 576 576 576 575 575 574 574 574 575 575 575 575 575 575 574 574 574 574 574 575
0 0 0 0 0 0 0 0 0 0 0 0 0 0 0 0 0 0 0 0 0 0 579 579 581 579 579 582 580 580 580 580 579 579 579 579 579 579 579 579 580 579 579 579 579 579 579 579 578 578 579 579 578 578 578 578 578 578 578 578 578 578 578 578 578 576 576 577 578 578 578 577 577 577 577 577 577 577 577 577 577 577 578 578 577 577 577 577 577 577 577 577 577 576 576 0 0 0 0 0 0 0 0 0 0 0 0 0 0 0 0 0 0 0 0 0 0 0 0 0 0 0 0 0 0 0 0 0 0 0 0 0 0 0 0 0 0 0 0 0 0 0 0 0 0 0 0 0 0 0 0 0 0 0 0 0 0 0 0 0 0 0 0 0 0 0 0 0 0 0 0 0 0 0 0 0 0 0 0 0 0 0 0 0 0 0 0 0 0 0 0 0 0 0 0 0 0 0 0 0 0 0 0 0 0 0 0 0 0 0 0 0 0 0 0 0 0 0 0 0 0 0 0 0 0 0 0 0 0 0 0 0 0 0 0 0 0 0 0 0 0 576 576 576 574 574 575 575 575 575 575 575 574 574 575 576 576 576 576 576 576 576 576 576 577 577 577 578 577 577 577 577 577 577 577 577 577 577 578 578 578 578 578 578 577 577 577 577 577 577 577 577 577 577 577 577 577 577 577 577 577 577 577 577 577 576 576 576 577 577 577 576 576 576 575 575 575 575 575 576
0 0 0 0 0 0 0 0 0 0 0 0 0 0 0 0 0 0 0 0 0 0 580 580 581 581 581 582 582 582 582 581 581 581 581 581 581 580 580 580 580 580 579 579 579 580 580 580 579 579 580 580 580 579 579 578 578 578 578 578 579 579 579 578 578 578 578 578 579 579 579 578 578 577 577 577 577 577 578 578 579 579 578 578 578 578 578 578 578 578 578 578 578 577 577 0 0 0 0 0 0 0 0 0 0 0 0 0 0 0 0 0 0 0 0 0 0 0 0 0 0 0 0 0 0 0 0 0 0 0 0 0 0 0 0 0 0 0 0 0 0 0 0 0 0 0 0 0 0 0 0 0 0 0 0 0 0 0 0 0 0 0 0 0 0 0 0 0 0 0 0 0 0 0 0 0 0 0 0 0 0 0 0 0 0 0 0 0 0 0 0 0 0 0 0 0 0 0 0 0 0 0 0 0 0 0 0 0 0 0 0 0 0 0 0 0 0 0 0 0 0 0 0 0 0 0 0 0 0 0 0 0 0 0 0 0 0 0 0 0 0 576 576 576 576 576 576 576 576 575 575 575 576 576 576 576 576 577 576 576 576 576 577 577 577 578 578 578 578 578 577 577 577 578 578 578 578 578 578 579 579 579 579 579 578 578 578 578 578 578 578 578 578 578 578 578 578 578 577 577 577 577 577 577 578 578 578 578 577 577 577 577 577 577 576 576 577 576 576 577
0 0 0 0 0 0 0 0 0 0 0 0 0 0 0 0 0 0 0 0 0 0 582 582 581 581 581 581 581 581 582 582 582 582 582 582 582 581 581 581 581 580 579 579 579 580 580 581 580 580 581 581 581 580 580 579 579 578 578 578 579 579 579 578 578 579 579 579 579 579 579 579 578 578 578 578 578 578 579 579 579 579 579 579 579 579 579 579 579 579 579 579 579 578 578 0 0 0 0 0 0 0 0 0 0 0 0 0 0 0 0 0 0 0 0 0 0 0 0 0 0 0 0 0 0 0 0 0 0 0 0 0 0 0 0 0 0 0 0 0 0 0 0 0 0 0 0 0 0 0 0 0 0 0 0 0 0 0 0 0 0 0 0 0 0 0 0 0 0 0 0 0 0 0 0 0 0 0 0 0 0 0 0 0 0 0 0 0 0 0 0 0 0 0 0 0 0 0 0 0 0 0 0 0 0 0 0 0 0 0 0 0 0 0 0 0 0 0 0 0 0 0 0 0 0 0 0 0 0 0 0 0 0 0 0 0 0 0 0 0 0 576 576 576 577 577 576 576 576 576 576 576 576 577 577 577 577 577 577 576 576 577 577 577 577 578 578 578 578 578 578 578 578 578 578 578 579 579 579 580 580 579 579 579 579 579 578 578 579 579 579 579 579 579 579 579 579 579 578 578 578 578 578 578 578 579 579 578 578 578 578 577 577 577 577 577 578 578 578 578
0 0 0 0 0 0 0 0 0 0 0 0 0 0 0 0 0 0 0 0 0 0 584 583 581 581 581 581 581 581 582 582 582 582 582 582 582 582 582 581 581 581 580 579 579 580 580 582 581 581 581 581 581 581 581 580 579 579 579 579 579 579 579 579 579 580 580 581 581 581 579 579 579 579 579 579 579 579 580 580 580 580 580 580 579 579 579 579 579 579 579 579 579 579 579 0 0 0 0 0 0 0 0 0 0 0 0 0 0 0 0 0 0 0 0 0 0 0 0 0 0 0 0 0 0 0 0 0 0 0 0 0 0 0 0 0 0 0 0 0 0 0 0 0 0 0 0 0 0 0 0 0 0 0 0 0 0 0 0 0 0 0 0 0 0 0 0 0 0 0 0 0 0 0 0 0 0 0 0 0 0 0 0 0 0 0 0 0 0 0 0 0 0 0 0 0 0 0 0 0 0 0 0 0 0 0 0 0 0 0 0 0 0 0 0 0 0 0 0 0 0 0 0 0 0 0 0 0 0 0 0 0 0 0 0 0 0 0 0 0 578 577 577 577 577 577 577 577 577 577 577 577 577 578 578 578 578 578 577 577 577 577 578 578 580 579 579 579 578 578 578 578 578 579 579 579 580 580 580 580 581 581 580 580 580 579 579 579 580 581 581 580 580 580 580 580 580 580 580 579 579 578 578 578 579 579 579 579 578 578 578 578 578 578 578 578 579 578 578 579
0 0 0 0 0 0 0 0 0 0 0 0 0 0 0 0 0 0 0 0 0 0 585 583 583 583 582 582 582 582 583 583 583 583 583 583 583 583 583 582 582 582 581 581 581 582 582 582 582 582 582 582 583 582 582 581 581 581 582 582 579 579 579 579 581 581 581 582 581 581 579 579 579 580 580 580 580 580 580 580 581 581 581 581 580 580 580 580 580 579 579 579 579 579 579 0 0 0 0 0 0 0 0 0 0 0 0 0 0 0 0 0 0 0 0 0 0 0 0 0 0 0 0 0 0 0 0 0 0 0 0 0 0 0 0 0 0 0 0 0 0 0 0 0 0 0 0 0 0 0 0 0 0 0 0 0 0 0 0 0 0 0 0 0 0 0 0 0 0 0 0 0 0 0 0 0 0 0 0 0 0 0 0 0 0 0 0 0 0 0 0 0 0 0 0 0 0 0 0 0 0 0 0 0 0 0 0 0 0 0 0 0 0 0 0 0 0 0 0 0 0 0 0 0 0 0 0 0 0 0 0 0 0 0 0 0 0 0 0 0 578 578 578 578 578 577 577 577 578 578 578 578 578 578 579 579 579 579 578 578 578 579 580 580 581 580 580 580 579 579 579 579 579 580 581 581 581 581 581 581 581 581 581 581 581 580 580 581 581 581 581 581 580 580 581 581 581 580 580 579 579 578 578 579 579 579 580 580 579 579 578 578 578 578 579 579 579 579 579 578
0 0 0 0 0 0 0 0 0 0 0 0 0 0 0 0 0 0 0 0 0 0 585 583 583 584 583 583 583 583 583 584 584 584 584 584 584 583 583 582 582 582 582 582 582 582 582 583 583 583 583 583 583 583 583 582 582 581 581 581 579 579 580 580 583 583 582 582 581 581 579 579 580 580 581 581 581 581 581 581 582 582 581 581 580 580 580 580 580 580 580 580 579 579 580 0 0 0 0 0 0 0 0 0 0 0 0 0 0 0 0 0 0 0 0 0 0 0 0 0 0 0 0 0 0 0 0 0 0 0 0 0 0 0 0 0 0 0 0 0 0 0 0 0 0 0 0 0 0 0 0 0 0 0 0 0 0 0 0 0 0 0 0 0 0 0 0 0 0 0 0 0 0 0 0 0 0 0 0 0 0 0 0 0 0 0 0 0 0 0 0 0 0 0 0 0 0 0 0 0 0 0 0 0 0 0 0 0 0 0 0 0 0 0 0 0 0 0 0 0 0 0 0 0 0 0 0 0 0 0 0 0 0 0 0 0 0 0 0 0 578 578 579 579 579 577 577 578 579 579 579 579 579 580 580 580 580 579 579 579 579 580 580 580 581 582 581 580 580 580 580 580 580 580 581 581 581 581 582 582 582 582 582 582 582 581 581 581 582 582 582 582 581 581 581 581 581 581 581 581 580 580 579 579 579 579 580 580 580 579 579 579 579 579 580 580 580 579 579 578
0 0 0 0 0 0 0 0 0 0 0 0 0 0 0 0 0 0 0 0 0 0 0 583 583 584 584 584 584 585 585 585 584 584 585 585 585 584 584 583 583 583 583 583 583 583 583 583 583 583 584 584 583 583 583 583 583 581 581 581 580 580 582 582 583 583 581 581 582 582 583 581 581 581 581 582 582 582 582 582 582 582 582 582 583 581 581 580 580 580 580 581 580 580 581 0 0 0 0 0 0 0 0 0 0 0 0 0 0 0 0 0 0 0 0 0 0 0 0 0 0 0 0 0 0 0 0 0 0 0 0 0 0 0 0 0 0 0 0 0 0 0 0 0 0 0 0 0 0 0 0 0 0 0 0 0 0 0 0 0 0 0 0 0 0 0 0 0 0 0 0 0 0 0 0 0 0 0 0 0 0 0 0 0 0 0 0 0 0 0 0 0 0 0 0 0 0 0 0 0 0 0 0 0 0 0 0 0 0 0 0 0 0 0 0 0 0 0 0 0 0 0 0 0 0 0 0 0 0 0 0 0 0 0 0 0 0 0 0 0 578 578 580 579 579 577 577 578 579 579 580 580 580 580 581 580 580 580 580 580 580 581 581 581 582 582 582 580 580 581 581 582 581 581 581 582 582 582 582 582 583 583 582 582 582 582 582 582 583 582 582 582 582 582 582 582 582 582 582 582 582 581 581 581 581 581 581 581 581 581 580 580 580 581 580 580 580 580 580 580
0 0 0 0 0 0 0 0 0 0 0 0 0 0 0 0 0 0 0 0 0 0 587 584 584 585 586 585 585 585 585 585 585 585 585 586 585 585 584 584 584 584 584 585 585 584 584 584 584 585 585 585 583 583 583 584 584 583 583 581 581 583 583 583 583 583 581 581 585 585 583 582 582 582 582 582 583 583 583 583 582 582 583 583 583 583 583 583 583 582 581 581 580 580 582 0 0 0 0 0 0 0 0 0 0 0 0 0 0 0 0 0 0 0 0 0 0 0 0 0 0 0 0 0 0 0 0 0 0 0 0 0 0 0 0 0 0 0 0 0 0 0 0 0 0 0 0 0 0 0 0 0 0 0 0 0 0 0 0 0 0 0 0 0 0 0 0 0 0 0 0 0 0 0 0 0 0 0 0 0 0 0 0 0 0 0 0 0 0 0 0 0 0 0 0 0 0 0 0 0 0 0 0 0 0 0 0 0 0 0 0 0 0 0 0 0 0 0 0 0 0 0 0 0 0 0 0 0 0 0 0 0 0 0 0 0 0 0 0 0 0 580 580 580 580 579 579 580 580 580 581 580 580 581 581 581 581 580 580 581 581 581 581 582 582 582 582 581 581 582 582 582 582 582 582 583 582 582 583 583 584 584 584 583 583 582 582 583 584 584 584 583 582 582 583 583 583 583 583 582 582 582 582 582 582 582 582 582 581 581 581 581 581 582 582 581 580 580 580 580
0 0 0 0 0 0 0 0 0 0 0 0 0 0 0 0 0 0 0 0 0 0 587 587 585 585 586 586 586 586 586 586 585 585 585 586 585 585 585 585 585 585 585 585 585 585 584 584 585 585 585 585 584 584 584 584 585 585 585 582 582 583 583 583 583 583 581 581 585 585 585 583 583 583 583 583 583 583 584 584 583 583 583 583 584 584 584 584 584 584 583 583 583 584 585 0 0 0 0 0 0 0 0 0 0 0 0 0 0 0 0 0 0 0 0 0 0 0 0 0 0 0 0 0 0 0 0 0 0 0 0 0 0 0 0 0 0 0 0 0 0 0 0 0 0 0 0 0 0 0 0 0 0 0 0 0 0 0 0 0 0 0 0 0 0 0 0 0 0 0 0 0 0 0 0 0 0 0 0 0 0 0 0 0 0 0 0 0 0 0 0 0 0 0 0 0 0 0 0 0 0 0 0 0 0 0 0 0 0 0 0 0 0 0 0 0 0 0 0 0 0 0 0 0 0 0 0 0 0 0 0 0 0 0 0 0 0 0 0 0 0 581 580 580 580 579 579 580 581 581 581 581 581 581 581 582 582 582 581 581 582 582 582 583 583 583 583 583 582 582 583 583 583 583 583 584 583 583 583 584 585 585 584 583 583 583 583 584 585 585 585 584 584 584 584 584 584 584 583 583 583 583 584 584 584 584 583 583 582 582 582 582 582 582 582 582 582 582 582 582
0 0 0 0 0 0 0 0 0 0 0 0 0 0 0 0 0 0 0 0 0 0 587 587 587 587 587 587 587 587 587 587 586 585 585 586 586 586 586 586 586 586 586 586 586 586 585 585 586 585 585 585 585 585 585 585 585 585 585 582 582 583 583 583 583 584 582 582 585 585 585 585 585 585 584 584 584 584 585 584 584 584 584 584 585 584 584 585 584 584 584 584 584 585 585 586 0 0 0 0 0 0 0 0 0 0 0 0 0 0 0 0 0 0 0 0 0 0 0 0 0 0 0 0 0 0 0 0 0 0 0 0 0 0 0 0 0 0 0 0 0 0 0 0 0 0 0 0 0 0 0 0 0 0 0 0 0 0 0 0 0 0 0 0 0 0 0 0 0 0 0 0 0 0 0 0 0 0 0 0 0 0 0 0 0 0 0 0 0 0 0 0 0 0 0 0 0 0 0 0 0 0 0 0 0 0 0 0 0 0 0 0 0 0 0 0 0 0 0 0 0 0 0 0 0 0 0 0 0 0 0 0 0 0 0 0 0 0 0 0 584 581 581 580 580 580 580 582 582 582 581 581 581 581 582 582 582 583 583 582 582 583 583 583 584 584 583 583 584 584 583 583 584 584 584 585 584 584 584 585 585 585 585 585 585 584 584 585 585 585 585 585 585 584 584 585 585 585 583 583 584 584 584 584 584 584 584 584 584 584 584 583 583 583 583 583 583 584 584 584
0 0 0 0 0 0 0 0 0 0 0 0 0 0 0 0 0 0 0 0 0 0 588 587 587 588 588 588 588 588 587 587 587 586 586 587 586 586 586 586 587 587 587 587 587 586 585 585 586 586 586 586 586 586 586 586 586 586 587 587 585 584 584 583 583 584 583 583 586 586 586 585 585 585 584 584 584 584 585 585 586 587 585 585 586 585 584 584 584 584 584 584 584 585 586 586 0 0 0 0 0 0 0 0 0 0 0 0 0 0 0 0 0 0 0 0 0 0 0 0 0 0 0 0 0 0 0 0 0 0 0 0 0 0 0 0 0 0 0 0 0 0 0 0 0 0 0 0 0 0 0 0 0 0 0 0 0 0 0 0 0 0 0 0 0 0 0 0 0 0 0 0 0 0 0 0 0 0 0 0 0 0 0 0 0 0 0 0 0 0 0 0 0 0 0 0 0 0 0 0 0 0 0 0 0 0 0 0 0 0 0 0 0 0 0 0 0 0 0 0 0 0 0 0 0 0 0 0 0 0 0 0 0 0 0 0 0 0 0 0 582 582 581 581 581 581 581 582 582 582 581 581 581 581 582 582 583 584 584 583 583 583 583 583 584 584 585 585 584 584 584 584 584 585 585 585 585 585 585 585 586 586 586 585 585 585 585 585 585 585 586 586 585 585 585 586 586 586 585 585 585 586 585 585 585 585 585 585 585 585 585 585 585 586 585 585 585 585 585 586
0 0 0 0 0 0 0 0 0 0 0 0 0 0 0 0 0 0 0 0 0 0 588 587 587 588 588 589 589 589 587 587 587 587 587 588 588 588 587 587 587 587 588 588 587 587 587 587 587 588 588 587 587 587 587 587 587 587 587 587 586 585 585 585 585 586 585 585 586 586 585 585 585 585 584 584 584 584 586 586 588 587 585 585 587 586 584 584 585 585 585 585 585 586 586 587 0 0 0 0 0 0 0 0 0 0 0 0 0 0 0 0 0 0 0 0 0 0 0 0 0 0 0 0 0 0 0 0 0 0 0 0 0 0 0 0 0 0 0 0 0 0 0 0 0 0 0 0 0 0 0 0 0 0 0 0 0 0 0 0 0 0 0 0 0 0 0 0 0 0 0 0 0 0 0 0 0 0 0 0 0 0 0 0 0 0 0 0 0 0 0 0 0 0 0 0 0 0 0 0 0 0 0 0 0 0 0 0 0 0 0 0 0 0 0 0 0 0 0 0 0 0 0 0 0 0 0 0 0 0 0 0 0 0 0 0 0 0 0 0 581 581 582 582 582 582 583 583 583 582 581 581 582 582 582 583 583 584 584 584 584 585 584 584 585 585 585 585 585 585 585 585 585 585 586 586 586 585 585 586 586 586 586 586 586 586 586 586 586 586 586 586 586 586 586 586 586 587 586 586 586 586 586 586 586 586 586 586 586 586 586 586 586 586 585 585 586 585 585 586
0 0 0 0 0 0 0 0 0 0 0 0 0 0 0 0 0 0 0 0 0 0 590 588 588 588 588 589 590 590 588 588 587 587 587 588 589 589 588 588 587 587 588 588 588 587 587 588 588 589 590 589 588 588 589 588 588 588 587 586 586 586 586 586 586 587 586 586 586 586 585 585 585 585 584 584 585 585 588 588 588 587 587 587 587 587 586 586 586 586 586 586 586 586 586 587 0 0 0 0 0 0 0 0 0 0 0 0 0 0 0 0 0 0 0 0 0 0 0 0 0 0 0 0 0 0 0 0 0 0 0 0 0 0 0 0 0 0 0 0 0 0 0 0 0 0 0 0 0 0 0 0 0 0 0 0 0 0 0 0 0 0 0 0 0 0 0 0 0 0 0 0 0 0 0 0 0 0 0 0 0 0 0 0 0 0 0 0 0 0 0 0 0 0 0 0 0 0 0 0 0 0 0 0 0 0 0 0 0 0 0 0 0 0 0 0 0 0 0 0 0 0 0 0 0 0 0 0 0 0 0 0 0 0 0 0 0 0 0 0 581 581 582 583 583 583 583 583 583 583 582 582 582 582 583 584 584 584 584 584 585 585 585 585 585 586 586 585 585 586 586 586 586 586 586 586 586 586 586 586 587 587 587 587 587 587 587 588 588 588 587 587 587 587 588 588 588 587 587 587 587 586 586 586 586 586 586 586 586 586 586 586 586 586 586 586 586 587 587 586
0 0 0 0 0 0 0 0 0 0 0 0 0 0 0 0 0 0 0 0 0 0 590 590 589 589 589 589 590 591 589 588 588 588 588 589 590 590 589 588 588 589 589 589 588 588 588 589 589 590 590 589 588 588 589 589 588 588 587 586 586 587 587 587 588 587 587 587 587 587 587 587 586 585 585 586 586 587 588 588 588 588 588 588 588 588 587 587 587 586 586 587 587 587 587 588 0 0 0 0 0 0 0 0 0 0 0 0 0 0 0 0 0 0 0 0 0 0 0 0 0 0 0 0 0 0 0 0 0 0 0 0 0 0 0 0 0 0 0 0 0 0 0 0 0 0 0 0 0 0 0 0 0 0 0 0 0 0 0 0 0 0 0 0 0 0 0 0 0 0 0 0 0 0 0 0 0 0 0 0 0 0 0 0 0 0 0 0 0 0 0 0 0 0 0 0 0 0 0 0 0 0 0 0 0 0 0 0 0 0 0 0 0 0 0 0 0 0 0 0 0 0 0 0 0 0 0 0 0 0 0 0 0 0 0 0 0 0 0 0 582 582 583 584 584 584 584 584 584 584 584 584 584 584 584 585 585 585 585 585 585 585 585 585 586 586 586 586 587 587 586 586 586 586 586 587 587 587 587 588 588 589 589 588 588 588 588 588 588 588 588 588 588 588 588 588 588 588 588 588 588 587 587 587 587 587 588 587 587 587 586 586 586 586 587 588 588 587 587 587
0 0 0 0 0 0 0 0 0 0 0 0 0 0 0 0 0 0 0 0 0 0 590 590 590 590 590 590 591 590 589 588 588 589 589 590 590 590 590 590 589 589 589 589 589 588 588 590 590 590 590 589 589 589 589 589 588 588 587 587 587 587 587 587 588 587 587 587 587 588 588 588 588 588 588 587 587 587 589 589 589 589 588 588 588 588 588 587 587 587 587 587 587 587 587 588 0 0 0 0 0 0 0 0 0 0 0 0 0 0 0 0 0 0 0 0 0 0 0 0 0 0 0 0 0 0 0 0 0 0 0 0 0 0 0 0 0 0 0 0 0 0 0 0 0 0 0 0 0 0 0 0 0 0 0 0 0 0 0 0 0 0 0 0 0 0 0 0 0 0 0 0 0 0 0 0 0 0 0 0 0 0 0 0 0 0 0 0 0 0 0 0 0 0 0 0 0 0 0 0 0 0 0 0 0 0 0 0 0 0 0 0 0 0 0 0 0 0 0 0 0 0 0 0 0 0 0 0 0 0 0 0 0 0 0 0 0 0 0 0 584 584 584 584 584 584 585 584 584 585 585 585 585 585 585 585 586 586 585 585 585 585 585 585 586 588 588 588 589 589 588 588 588 589 589 589 589 589 589 589 589 589 589 589 589 588 588 589 588 588 588 588 589 589 589 589 589 589 589 589 589 588 588 588 588 588 588 588 588 587 587 587 587 587 587 588 588 588 588 589
0 0 0 0 0 0 0 0 0 0 0 0 0 0 0 0 0 0 0 0 0 0 591 591 591 591 590 590 591 590 590 589 589 590 590 590 591 590 590 590 590 590 590 590 590 590 590 590 591 590 590 590 589 589 589 589 590 590 589 588 588 588 588 588 588 588 588 588 588 589 589 589 589 591 591 587 587 587 590 589 589 588 588 588 588 590 588 588 588 588 588 588 588 587 587 588 0 0 0 0 0 0 0 0 0 0 0 0 0 0 0 0 0 0 0 0 0 0 0 0 0 0 0 0 0 0 0 0 0 0 0 0 0 0 0 0 0 0 0 0 0 0 0 0 0 0 0 0 0 0 0 0 0 0 0 0 0 0 0 0 0 0 0 0 0 0 0 0 0 0 0 0 0 0 0 0 0 0 0 0 0 0 0 0 0 0 0 0 0 0 0 0 0 0 0 0 0 0 0 0 0 0 0 0 0 0 0 0 0 0 0 0 0 0 0 0 0 0 0 0 0 0 0 0 0 0 0 0 0 0 0 0 0 0 0 0 0 0 0 0 584 584 584 585 585 585 585 585 585 585 586 586 586 587 587 587 587 587 586 586 587 588 588 588 589 588 588 589 589 589 589 589 589 589 589 589 590 590 590 589 589 590 590 590 589 589 589 589 589 589 589 589 590 590 590 590 590 590 590 589 589 589 588 588 589 589 590 589 589 588 588 588 588 588 588 589 588 588 589 589
0 0 0 0 0 0 0 0 0 0 0 0 0 0 0 0 0 0 0 0 0 0 592 592 592 593 593 593 592 592 592 592 591 591 593 592 592 590 590 591 591 591 591 591 591 591 591 591 591 590 590 590 589 589 590 590 590 590 590 589 588 588 588 588 589 589 589 590 590 590 590 590 590 591 591 590 590 589 589 589 589 588 588 588 588 590 590 589 588 588 589 589 589 588 588 589 0 0 0 0 0 0 0 0 0 0 0 0 0 0 0 0 0 0 0 0 0 0 0 0 0 0 0 0 0 0 0 0 0 0 0 0 0 0 0 0 0 0 0 0 0 0 0 0 0 0 0 0 0 0 0 0 0 0 0 0 0 0 0 0 0 0 0 0 0 0 0 0 0 0 0 0 0 0 0 0 0 0 0 0 0 0 0 0 0 0 0 0 0 0 0 0 0 0 0 0 0 0 0 0 0 0 0 0 0 0 0 0 0 0 0 0 0 0 0 0 0 0 0 0 0 0 0 0 0 0 0 0 0 0 0 0 0 0 0 0 0 0 0 0 0 586 586 586 586 586 586 587 588 588 588 588 587 587 587 588 588 588 588 588 588 588 588 589 589 589 589 589 589 589 589 589 589 590 590 590 590 591 591 591 591 591 591 591 590 590 591 590 590 590 590 590 590 590 591 590 590 590 590 590 590 591 591 591 590 590 590 590 590 590 589 589 590 589 589 589 589 590 590 590
0 0 0 0 0 0 0 0 0 0 0 0 0 0 0 0 0 0 0 0 0 0 594 594 594 594 593 593 593 592 592 593 592 592 594 593 593 592 592 592 592 592 592 593 592 592 593 593 593 592 592 591 591 592 591 590 590 590 591 591 590 590 590 591 591 589 589 590 590 590 590 590 590 591 591 590 590 589 589 589 589 589 589 589 589 590 590 590 591 591 590 590 590 590 589 589 0 0 0 0 0 0 0 0 0 0 0 0 0 0 0 0 0 0 0 0 0 0 0 0 0 0 0 0 0 0 0 0 0 0 0 0 0 0 0 0 0 0 0 0 0 0 0 0 0 0 0 0 0 0 0 0 0 0 0 0 0 0 0 0 0 0 0 0 0 0 0 0 0 0 0 0 0 0 0 0 0 0 0 0 0 0 0 0 0 0 0 0 0 0 0 0 0 0 0 0 0 0 0 0 0 0 0 0 0 0 0 0 0 0 0 0 0 0 0 0 0 0 0 0 0 0 0 0 0 0 0 0 0 0 0 0 0 0 0 0 0 0 0 0 0 586 586 587 587 587 587 588 588 588 589 589 589 588 588 588 589 589 589 589 588 588 589 589 590 590 590 590 590 590 590 590 590 590 590 590 590 591 591 591 591 591 591 591 591 591 592 592 592 591 591 590 590 590 591 591 591 591 590 590 592 593 592 592 590 590 591 591 591 591 590 590 590 590 590 590 590 590 590 590
0 0 0 0 0 0 0 0 0 0 0 0 0 0 0 0 0 0 0 0 0 0 595 595 595 594 593 593 594 595 594 594 594 595 594 594 594 593 593 592 592 594 594 594 593 593 594 594 594 593 593 593 593 593 593 593 593 593 593 592 592 592 591 591 591 591 591 591 591 591 591 591 591 591 593 0 593 592 592 590 590 591 592 592 592 592 591 591 591 592 592 592 590 590 591 591 0 0 0 0 0 0 0 0 0 0 0 0 0 0 0 0 0 0 0 0 0 0 0 0 0 0 0 0 0 0 0 0 0 0 0 0 0 0 0 0 0 0 0 0 0 0 0 0 0 0 0 0 0 0 0 0 0 0 0 0 0 0 0 0 0 0 0 0 0 0 0 0 0 0 0 0 0 0 0 0 0 0 0 0 0 0 0 0 0 0 0 0 0 0 0 0 0 0 0 0 0 0 0 0 0 0 0 0 0 0 0 0 0 0 0 0 0 0 0 0 0 0 0 0 0 0 0 0 0 0 0 0 0 0 0 0 0 0 0 0 0 0 0 0 0 587 587 588 589 589 588 588 588 589 589 589 589 589 590 590 590 590 590 590 589 589 589 589 590 590 590 591 591 591 590 590 591 591 591 591 592 592 592 592 592 592 593 593 592 592 593 593 593 592 592 592 592 592 593 592 592 592 593 593 593 593 593 593 592 592 592 593 592 592 591 591 590 590 590 590 591 591 591 591
0 0 0 0 0 0 0 0 0 0 0 0 0 0 0 0 0 0 0 0 0 0 596 596 596 594 594 594 595 595 595 595 595 595 595 595 594 594 594 593 593 594 594 594 594 594 595 595 595 594 594 593 593 594 594 594 594 594 593 592 592 592 592 592 592 592 592 593 593 593 593 593 592 592 593 0 0 593 593 592 592 592 592 592 592 592 591 591 591 593 593 593 592 592 593 593 0 0 0 0 0 0 0 0 0 0 0 0 0 0 0 0 0 0 0 0 0 0 0 0 0 0 0 0 0 0 0 0 0 0 0 0 0 0 0 0 0 0 0 0 0 0 0 0 0 0 0 0 0 0 0 0 0 0 0 0 0 0 0 0 0 0 0 0 0 0 0 0 0 0 0 0 0 0 0 0 0 0 0 0 0 0 0 0 0 0 0 0 0 0 0 0 0 0 0 0 0 0 0 0 0 0 0 0 0 0 0 0 0 0 0 0 0 0 0 0 0 0 0 0 0 0 0 0 0 0 0 0 0 0 0 0 0 0 0 0 0 0 0 0 590 588 588 589 589 589 589 589 589 589 589 589 589 590 591 590 590 590 590 590 590 590 590 590 592 591 591 592 592 592 592 592 591 591 592 592 593 592 592 593 593 593 593 593 593 593 593 593 593 593 593 593 593 593 593 593 593 593 593 594 594 594 594 593 593 593 593 593 593 592 591 591 590 590 590 590 592 592 592 592
0 0 0 0 0 0 0 0 0 0 0 0 0 0 0 0 0 0 0 0 0 0 597 596 596 595 595 595 597 597 597 596 596 595 595 595 595 595 595 594 594 595 595 595 594 594 594 595 595 594 594 594 594 594 594 594 594 594 593 593 593 593 594 592 592 592 594 594 595 594 593 593 593 593 593 593 0 593 593 593 593 593 593 593 593 592 592 592 593 592 592 592 593 593 594 594 0 0 0 0 0 0 0 0 0 0 0 0 0 0 0 0 0 0 0 0 0 0 0 0 0 0 0 0 0 0 0 0 0 0 0 0 0 0 0 0 0 0 0 0 0 0 0 0 0 0 0 0 0 0 0 0 0 0 0 0 0 0 0 0 0 0 0 0 0 0 0 0 0 0 0 0 0 0 0 0 0 0 0 0 0 0 0 0 0 0 0 0 0 0 0 0 0 0 0 0 0 0 0 0 0 0 0 0 0 0 0 0 0 0 0 0 0 0 0 0 0 0 0 0 0 0 0 0 0 0 0 0 0 0 0 0 0 0 0 0 0 0 0 0 590 589 589 590 590 590 589 589 590 590 590 590 591 591 591 591 591 591 591 591 592 592 592 592 593 592 592 593 593 593 593 593 593 593 593 593 593 593 593 593 593 593 593 594 594 594 594 594 594 594 594 593 593 593 593 593 593 594 594 594 594 595 594 594 593 593 593 593 593 592 591 591 591 591 591 592 593 593 593 593
0 0 0 0 0 0 0 0 0 0 0 0 0 0 0 0 0 0 0 0 0 0 598 596 596 595 595 597 598 598 598 597 597 596 595 595 596 596 596 595 595 595 595 595 594 594 594 595 595 595 595 595 594 594 594 595 592 592 593 593 594 594 594 592 592 592 593 594 595 595 595 594 593 593 593 593 0 594 594 594 594 594 594 593 593 595 595 594 594 592 592 592 593 593 594 594 0 0 0 0 0 0 0 0 0 0 0 0 0 0 0 0 0 0 0 0 0 0 0 0 0 0 0 0 0 0 0 0 0 0 0 0 0 0 0 0 0 0 0 0 0 0 0 0 0 0 0 0 0 0 0 0 0 0 0 0 0 0 0 0 0 0 0 0 0 0 0 0 0 0 0 0 0 0 0 0 0 0 0 0 0 0 0 0 0 0 0 0 0 0 0 0 0 0 0 0 0 0 0 0 0 0 0 0 0 0 0 0 0 0 0 0 0 0 0 0 0 0 0 0 0 0 0 0 0 0 0 0 0 0 0 0 0 0 0 0 0 0 0 0 589 589 590 591 590 590 591 591 592 592 591 591 591 591 592 591 591 591 592 592 592 592 593 593 594 594 594 594 593 593 593 593 594 594 594 594 594 594 594 594 594 594 594 594 595 595 595 594 594 594 594 594 594 594 595 594 594 594 595 595 595 595 595 595 594 594 594 594 593 593 591 591 592 592 592 593 594 594 594 593
0 0 0 0 0 0 0 0 0 0 0 0 0 0 0 0 0 0 0 0 0 0 599 597 597 597 597 598 598 598 598 597 597 597 596 596 596 596 596 596 595 595 595 595 595 595 595 595 595 595 595 595 594 594 594 595 592 592 594 594 594 594 594 593 593 593 593 594 595 595 595 594 594 595 595 596 0 595 595 595 595 595 595 593 593 594 595 596 595 593 592 592 593 594 594 594 0 0 0 0 0 0 0 0 0 0 0 0 0 0 0 0 0 0 0 0 0 0 0 0 0 0 0 0 0 0 0 0 0 0 0 0 0 0 0 0 0 0 0 0 0 0 0 0 0 0 0 0 0 0 0 0 0 0 0 0 0 0 0 0 0 0 0 0 0 0 0 0 0 0 0 0 0 0 0 0 0 0 0 0 0 0 0 0 0 0 0 0 0 0 0 0 0 0 0 0 0 0 0 0 0 0 0 0 0 0 0 0 0 0 0 0 0 0 0 0 0 0 0 0 0 0 0 0 0 0 0 0 0 0 0 0 0 0 0 0 0 0 0 0 589 589 590 591 591 591 592 592 592 592 592 592 593 593 592 592 592 592 593 593 593 593 593 593 594 594 595 595 594 594 594 594 595 595 595 594 594 594 594 594 594 595 595 595 596 596 596 595 595 594 594 594 595 595 595 595 595 595 595 595 595 595 595 595 596 595 595 595 594 594 593 593 593 594 594 594 594 594 594 594
0 0 0 0 0 0 0 0 0 0 0 0 0 0 0 0 0 0 0 0 0 0 600 600 599 598 598 598 599 599 599 599 599 598 596 596 596 596 597 598 596 596 596 595 595 595 595 595 595 595 595 595 596 596 596 598 598 598 596 596 596 596 595 595 595 594 594 595 595 595 595 595 596 596 596 596 596 596 596 596 596 596 595 593 593 594 595 596 595 594 593 593 593 595 595 595 0 0 0 0 0 0 0 0 0 0 0 0 0 0 0 0 0 0 0 0 0 0 0 0 0 0 0 0 0 0 0 0 0 0 0 0 0 0 0 0 0 0 0 0 0 0 0 0 0 0 0 0 0 0 0 0 0 0 0 0 0 0 0 0 0 0 0 0 0 0 0 0 0 0 0 0 0 0 0 0 0 0 0 0 0 0 0 0 0 0 0 0 0 0 0 0 0 0 0 0 0 0 0 0 0 0 0 0 0 0 0 0 0 0 0 0 0 0 0 0 0 0 0 0 0 0 0 0 0 0 0 0 0 0 0 0 0 0 0 0 0 0 0 589 589 591 591 593 592 592 592 592 593 593 593 593 594 594 593 593 592 592 593 593 593 594 594 595 596 596 596 596 595 595 595 595 595 596 596 596 595 595 595 595 595 595 596 596 597 597 597 596 596 595 595 595 596 597 597 597 596 596 596 596 596 596 596 596 597 596 596 596 595 595 595 595 595 596 596 596 596 595 595 594
0 0 0 0 0 0 0 0 0 0 0 0 0 0 0 0 0 0 0 0 0 0 601 600 599 598 598 599 599 599 599 599 599 599 598 598 597 597 597 598 597 596 596 596 596 596 595 595 596 597 597 597 596 596 596 597 597 597 596 596 596 596 596 596 595 595 595 595 595 595 596 596 597 596 596 596 596 596 596 597 597 596 596 594 594 594 597 596 595 594 594 595 595 596 596 596 0 0 0 0 0 0 0 0 0 0 0 0 0 0 0 0 0 0 0 0 0 0 0 0 0 0 0 0 0 0 0 0 0 0 0 0 0 0 0 0 0 0 0 0 0 0 0 0 0 0 0 0 0 0 0 0 0 0 0 0 0 0 0 0 0 0 0 0 0 0 0 0 0 0 0 0 0 0 0 0 0 0 0 0 0 0 0 0 0 0 0 0 0 0 0 0 0 0 0 0 0 0 0 0 0 0 0 0 0 0 0 0 0 0 0 0 0 0 0 0 0 0 0 0 0 0 0 0 0 0 0 0 0 0 0 0 0 0 0 0 0 0 0 589 589 592 593 593 593 593 593 593 593 593 594 594 595 594 593 593 594 594 594 594 594 595 595 595 596 596 596 596 596 595 595 595 595 596 596 596 597 597 597 597 597 597 597 597 597 597 597 597 597 597 597 597 597 597 598 598 598 598 597 597 597 597 597 597 597 597 597 597 596 596 596 596 596 597 597 597 597 597 596 595
0 0 0 0 0 0 0 0 0 0 0 0 0 0 0 0 0 0 0 0 0 0 601 601 600 599 599 599 599 599 599 599 599 599 599 599 598 598 599 598 598 598 598 599 598 598 597 597 597 598 597 597 598 598 598 597 597 597 598 597 596 596 596 596 597 596 596 596 596 597 596 596 598 596 596 596 596 596 596 597 598 597 597 596 596 596 598 598 597 595 595 595 596 596 596 596 598 0 0 0 0 0 0 0 0 0 0 0 0 0 0 0 0 0 0 0 0 0 0 0 0 0 0 0 0 0 0 0 0 0 0 0 0 0 0 0 0 0 0 0 0 0 0 0 0 0 0 0 0 0 0 0 0 0 0 0 0 0 0 0 0 0 0 0 0 0 0 0 0 0 0 0 0 0 0 0 0 0 0 0 0 0 0 0 0 0 0 0 0 0 0 0 0 0 0 0 0 0 0 0 0 0 0 0 0 0 0 0 0 0 0 0 0 0 0 0 0 0 0 0 0 0 0 0 0 0 0 0 0 0 0 0 0 0 0 0 0 0 0 592 592 593 594 594 594 594 594 593 593 594 594 595 595 595 595 595 595 595 595 595 595 595 595 595 596 596 597 597 597 596 596 596 596 596 597 597 597 597 597 597 597 597 597 598 597 597 597 597 598 598 598 598 597 597 598 598 598 598 598 598 598 598 598 598 598 598 598 597 596 596 596 596 597 597 598 597 597 597 597 597
0 0 0 0 0 0 0 0 0 0 0 0 0 0 0 0 0 0 0 0 0 0 601 601 601 600 599 599 600 600 600 600 599 599 599 599 599 599 599 599 599 599 599 599 598 598 597 597 598 598 598 598 599 598 598 597 597 598 599 599 598 598 598 598 598 597 597 597 597 598 597 597 598 597 597 596 596 596 596 597 598 597 597 599 599 599 600 599 597 596 596 596 596 596 597 597 597 0 0 0 0 0 0 0 0 0 0 0 0 0 0 0 0 0 0 0 0 0 0 0 0 0 0 0 0 0 0 0 0 0 0 0 0 0 0 0 0 0 0 0 0 0 0 0 0 0 0 0 0 0 0 0 0 0 0 0 0 0 0 0 0 0 0 0 0 0 0 0 0 0 0 0 0 0 0 0 0 0 0 0 0 0 0 0 0 0 0 0 0 0 0 0 0 0 0 0 0 0 0 0 0 0 0 0 0 0 0 0 0 0 0 0 0 0 0 0 0 0 0 0 0 0 0 0 0 0 0 0 0 0 0 0 0 0 0 0 0 0 0 592 592 593 594 594 595 595 595 594 594 595 595 595 595 595 596 596 596 596 595 595 595 596 596 596 597 597 597 597 597 597 596 596 596 596 597 597 597 597 597 598 598 598 599 599 598 598 598 598 599 599 599 598 598 598 598 598 599 599 599 599 599 599 600 600 599 598 598 597 597 597 597 597 597 598 598 597 597 597 597 597
0 0 0 0 0 0 0 0 0 0 0 0 0 0 0 0 0 0 0 0 0 0 601 601 602 602 601 600 600 600 600 600 599 599 599 599 600 600 600 600 600 600 599 599 599 598 598 598 598 599 599 600 601 598 598 598 598 599 599 599 598 598 598 598 599 598 598 599 599 599 598 598 598 597 597 596 596 596 597 597 598 598 598 599 599 599 600 599 597 596 596 596 598 598 597 597 597 0 0 0 0 0 0 0 0 0 0 0 0 0 0 0 0 0 0 0 0 0 0 0 0 0 0 0 0 0 0 0 0 0 0 0 0 0 0 0 0 0 0 0 0 0 0 0 0 0 0 0 0 0 0 0 0 0 0 0 0 0 0 0 0 0 0 0 0 0 0 0 0 0 0 0 0 0 0 0 0 0 0 0 0 0 0 0 0 0 0 0 0 0 0 0 0 0 0 0 0 0 0 0 0 0 0 0 0 0 0 0 0 0 0 0 0 0 0 0 0 0 0 0 0 0 0 0 0 0 0 0 0 0 0 0 0 0 0 0 0 0 0 0 593 593 595 595 596 596 596 595 595 595 595 596 596 596 596 596 596 596 596 596 596 597 597 597 598 598 598 597 597 598 598 597 597 597 598 598 598 598 598 598 599 600 600 600 599 599 599 599 599 600 600 600 599 599 599 599 599 600 599 599 600 600 601 601 601 598 598 598 597 597 597 597 597 598 598 598 598 598 598 598
0 0 0 0 0 0 0 0 0 0 0 0 0 0 0 0 0 0 0 0 0 0 602 602 602 602 601 600 600 600 600 601 599 599 600 600 601 600 600 600 600 600 600 600 601 600 600 600 600 601 601 601 601 599 599 598 598 599 599 600 600 599 599 599 599 599 599 599 599 599 598 598 598 598 598 598 598 598 598 598 598 599 599 600 600 600 601 600 598 598 597 597 599 599 599 599 599 0 0 0 0 0 0 0 0 0 0 0 0 0 0 0 0 0 0 0 0 0 0 0 0 0 0 0 0 0 0 0 0 0 0 0 0 0 0 0 0 0 0 0 0 0 0 0 0 0 0 0 0 0 0 0 0 0 0 0 0 0 0 0 0 0 0 0 0 0 0 0 0 0 0 0 0 0 0 0 0 0 0 0 0 0 0 0 0 0 0 0 0 0 0 0 0 0 0 0 0 0 0 0 0 0 0 0 0 0 0 0 0 0 0 0 0 0 0 0 0 0 0 0 0 0 0 0 0 0 0 0 0 0 0 0 0 0 0 0 0 0 0 0 595 595 596 596 596 597 597 596 596 596 596 596 596 596 597 597 597 597 597 597 597 597 597 597 598 598 598 599 599 599 599 598 598 598 598 598 599 599 599 599 599 600 600 601 601 601 600 600 600 600 600 600 600 600 600 600 600 600 600 600 600 601 601 601 601 600 600 598 598 601 597 597 597 598 598 598 598 598 598 598
0 0 0 0 0 0 0 0 0 0 0 0 0 0 0 0 0 0 0 0 0 0 603 603 603 603 602 602 602 601 601 602 601 601 602 602 601 601 601 601 601 601 601 601 601 601 601 601 601 601 601 602 601 601 599 599 599 599 600 600 601 601 602 600 598 598 598 599 599 600 600 599 599 599 598 598 599 599 600 599 599 600 600 600 600 600 601 601 600 600 599 599 599 599 599 599 600 0 0 0 0 0 0 0 0 0 0 0 0 0 0 0 0 0 0 0 0 0 0 0 0 0 0 0 0 0 0 0 0 0 0 0 0 0 0 0 0 0 0 0 0 0 0 0 0 0 0 0 0 0 0 0 0 0 0 0 0 0 0 0 0 0 0 0 0 0 0 0 0 0 0 0 0 0 0 0 0 0 0 0 0 0 0 0 0 0 0 0 0 0 0 0 0 0 0 0 0 0 0 0 0 0 0 0 0 0 0 0 0 0 0 0 0 0 0 0 0 0 0 0 0 0 0 0 0 0 0 0 0 0 0 0 0 0 0 0 0 0 0 0 596 596 597 597 597 597 597 597 597 597 597 597 597 597 597 597 598 597 597 597 597 597 597 597 599 599 599 599 600 600 600 599 599 600 599 599 600 600 600 600 601 601 601 601 601 601 601 601 600 600 600 601 601 601 601 601 601 601 601 601 601 601 601 601 602 600 600 601 601 601 600 599 598 598 599 600 599 598 598 598
0 0 0 0 0 0 0 0 0 0 0 0 0 0 0 0 0 0 0 0 0 0 604 604 604 604 603 603 602 602 602 603 602 602 602 602 602 602 602 602 602 602 602 601 601 601 601 602 602 602 602 602 602 602 601 600 600 600 600 600 600 602 602 600 598 598 598 599 600 601 601 601 599 599 599 599 599 603 600 600 600 600 600 600 600 600 601 602 600 600 601 601 600 600 599 599 601 0 0 0 0 0 0 0 0 0 0 0 0 0 0 0 0 0 0 0 0 0 0 0 0 0 0 0 0 0 0 0 0 0 0 0 0 0 0 0 0 0 0 0 0 0 0 0 0 0 0 0 0 0 0 0 0 0 0 0 0 0 0 0 0 0 0 0 0 0 0 0 0 0 0 0 0 0 0 0 0 0 0 0 0 0 0 0 0 0 0 0 0 0 0 0 0 0 0 0 0 0 0 0 0 0 0 0 0 0 0 0 0 0 0 0 0 0 0 0 0 0 0 0 0 0 0 0 0 0 0 0 0 0 0 0 0 0 0 0 0 0 0 0 596 596 598 598 598 598 598 598 598 598 597 597 598 598 599 599 599 599 598 598 598 598 598 598 599 599 599 600 601 600 600 600 600 600 600 600 601 601 601 601 601 601 602 602 602 602 601 601 600 600 601 601 602 602 602 601 601 601 601 601 602 602 602 602 602 602 601 601 601 601 601 601 601 600 600 601 600 600 600 600
0 0 0 0 0 0 0 0 0 0 0 0 0 0 0 0 0 0 0 0 0 0 606 604 604 604 603 603 603 603 603 606 603 603 602 602 603 602 602 602 602 602 603 602 602 602 602 602 602 602 602 602 602 602 602 602 600 600 600 600 600 600 603 601 598 598 599 600 600 601 601 601 601 601 601 601 601 602 600 600 600 601 601 601 601 601 602 602 602 602 602 601 600 600 600 600 0 0 0 0 0 0 0 0 0 0 0 0 0 0 0 0 0 0 0 0 0 0 0 0 0 0 0 0 0 0 0 0 0 0 0 0 0 0 0 0 0 0 0 0 0 0 0 0 0 0 0 0 0 0 0 0 0 0 0 0 0 0 0 0 0 0 0 0 0 0 0 0 0 0 0 0 0 0 0 0 0 0 0 0 0 0 0 0 0 0 0 0 0 0 0 0 0 0 0 0 0 0 0 0 0 0 0 0 0 0 0 0 0 0 0 0 0 0 0 0 0 0 0 0 0 0 0 0 0 0 0 0 0 0 0 0 0 0 0 0 0 0 0 0 598 598 598 599 599 599 599 599 598 598 598 599 599 600 599 599 599 599 599 599 599 599 601 601 601 600 600 600 601 601 601 601 601 601 601 601 601 602 601 601 602 602 602 602 602 602 602 601 601 601 601 602 602 602 602 602 602 603 603 603 603 604 604 604 604 604 603 603 603 603 602 601 601 601 601 601 601 601 601 600
0 0 0 0 0 0 0 0 0 0 0 0 0 0 0 0 0 0 0 0 0 0 606 606 606 606 604 604 604 604 604 604 604 604 602 602 603 602 602 602 602 602 603 603 603 603 603 604 602 602 602 602 602 603 603 603 600 600 600 600 600 603 603 603 603 603 607 600 600 601 600 600 602 601 601 601 601 602 602 602 601 601 601 601 601 601 602 601 601 602 602 603 602 602 601 601 603 0 0 0 0 0 0 0 0 0 0 0 0 0 0 0 0 0 0 0 0 0 0 0 0 0 0 0 0 0 0 0 0 0 0 0 0 0 0 0 0 0 0 0 0 0 0 0 0 0 0 0 0 0 0 0 0 0 0 0 0 0 0 0 0 0 0 0 0 0 0 0 0 0 0 0 0 0 0 0 0 0 0 0 0 0 0 0 0 0 0 0 0 0 0 0 0 0 0 0 0 0 0 0 0 0 0 0 0 0 0 0 0 0 0 0 0 0 0 0 0 0 0 0 0 0 0 0 0 0 0 0 0 0 0 0 0 0 0 0 0 0 0 0 600 598 598 599 599 599 600 600 600 600 600 600 600 600 600 600 600 600 600 600 601 601 601 601 601 601 601 601 602 601 601 602 602 602 603 602 602 602 602 602 603 603 603 603 603 603 602 602 602 602 603 604 604 604 604 604 604 604 604 604 604 604 604 606 606 606 604 604 604 604 604 604 604 603 602 602 602 602 602 602
0 0 0 0 0 0 0 0 0 0 0 0 0 0 0 0 0 0 0 0 0 0 607 607 607 607 607 606 606 606 606 604 604 604 602 602 603 603 603 603 603 603 603 603 603 603 604 604 603 603 603 603 603 603 603 603 601 601 600 600 600 602 602 602 602 607 607 606 602 600 600 600 602 602 602 602 602 604 604 603 602 602 602 602 602 602 602 601 601 602 603 603 602 602 602 603 603 0 0 0 0 0 0 0 0 0 0 0 0 0 0 0 0 0 0 0 0 0 0 0 0 0 0 0 0 0 0 0 0 0 0 0 0 0 0 0 0 0 0 0 0 0 0 0 0 0 0 0 0 0 0 0 0 0 0 0 0 0 0 0 0 0 0 0 0 0 0 0 0 0 0 0 0 0 0 0 0 0 0 0 0 0 0 0 0 0 0 0 0 0 0 0 0 0 0 0 0 0 0 0 0 0 0 0 0 0 0 0 0 0 0 0 0 0 0 0 0 0 0 0 0 0 0 0 0 0 0 0 0 0 0 0 0 0 0 0 0 0 0 600 600 599 599 600 600 600 600 600 600 600 600 601 601 601 600 600 600 600 600 601 601 602 602 603 603 603 603 602 602 602 602 602 602 602 603 603 604 603 603 604 604 604 604 604 604 604 604 604 604 604 606 606 606 606 604 604 604 604 604 606 606 606 606 606 606 606 606 606 606 604 604 606 604 604 602 602 602 602 603 603
0 0 0 0 0 0 0 0 0 0 0 0 0 0 0 0 0 0 0 0 0 0 608 608 607 607 607 607 607 607 607 604 604 607 603 603 606 606 606 606 603 603 604 604 606 606 606 606 603 603 603 603 604 604 603 603 603 603 602 602 602 602 602 602 602 602 607 606 602 600 600 600 602 602 602 602 602 604 604 604 603 602 602 602 602 602 602 601 601 603 603 603 603 603 603 604 604 0 0 0 0 0 0 0 0 0 0 0 0 0 0 0 0 0 0 0 0 0 0 0 0 0 0 0 0 0 0 0 0 0 0 0 0 0 0 0 0 0 0 0 0 0 0 0 0 0 0 0 0 0 0 0 0 0 0 0 0 0 0 0 0 0 0 0 0 0 0 0 0 0 0 0 0 0 0 0 0 0 0 0 0 0 0 0 0 0 0 0 0 0 0 0 0 0 0 0 0 0 0 0 0 0 0 0 0 0 0 0 0 0 0 0 0 0 0 0 0 0 0 0 0 0 0 0 0 0 0 0 0 0 0 0 0 0 0 0 0 0 0 600 600 600 601 601 601 601 601 601 601 601 601 601 602 602 602 602 602 602 602 602 602 603 603 603 604 604 603 603 603 603 603 604 603 603 604 604 604 604 606 606 606 606 606 604 604 606 606 606 606 606 606 606 607 606 606 606 606 606 606 606 606 606 606 606 606 607 607 606 606 606 606 606 606 604 602 602 602 603 603 604
0 0 0 0 0 0 0 0 0 0 0 0 0 0 0 0 0 0 0 0 0 0 608 608 607 607 608 608 608 608 608 607 607 609 608 608 608 608 609 609 608 606 606 606 606 606 607 607 607 606 606 606 607 606 603 603 603 603 602 602 602 602 603 603 602 602 602 608 600 600 600 601 603 603 604 604 604 604 604 606 604 604 603 603 603 603 603 604 604 603 603 604 604 604 604 606 606 0 0 0 0 0 0 0 0 0 0 0 0 0 0 0 0 0 0 0 0 0 0 0 0 0 0 0 0 0 0 0 0 0 0 0 0 0 0 0 0 0 0 0 0 0 0 0 0 0 0 0 0 0 0 0 0 0 0 0 0 0 0 0 0 0 0 0 0 0 0 0 0 0 0 0 0 0 0 0 0 0 0 0 0 0 0 0 0 0 0 0 0 0 0 0 0 0 0 0 0 0 0 0 0 0 0 0 0 0 0 0 0 0 0 0 0 0 0 0 0 0 0 0 0 0 0 0 0 0 0 0 0 0 0 0 0 0 0 0 0 0 0 604 601 601 602 602 602 602 602 602 602 602 602 602 603 603 603 603 603 603 603 603 603 604 604 604 606 606 604 604 604 604 604 604 604 606 606 606 606 606 606 606 607 607 607 607 607 607 607 607 607 607 607 607 607 607 607 607 607 607 607 607 607 607 607 607 607 607 607 606 606 606 606 606 606 607 606 604 604 604 604 606
0 0 0 0 0 0 0 0 0 0 0 0 0 0 0 0 0 0 0 0 0 0 608 608 608 608 608 608 608 608 608 608 609 610 610 608 608 608 609 609 609 606 606 607 608 609 609 608 608 607 607 607 607 606 604 604 604 603 603 603 603 603 607 606 604 604 606 608 608 606 606 606 606 606 606 606 607 608 608 607 606 606 606 606 606 607 606 606 606 608 606 606 606 606 606 606 604 604 0 0 0 0 0 0 0 0 0 0 0 0 0 0 0 0 0 0 0 0 0 0 0 0 0 0 0 0 0 0 0 0 0 0 0 0 0 0 0 0 0 0 0 0 0 0 0 0 0 0 0 0 0 0 0 0 0 0 0 0 0 0 0 0 0 0 0 0 0 0 0 0 0 0 0 0 0 0 0 0 0 0 0 0 0 0 0 0 0 0 0 0 0 0 0 0 0 0 0 0 0 0 0 0 0 0 0 0 0 0 0 0 0 0 0 0 0 0 0 0 0 0 0 0 0 0 0 0 0 0 0 0 0 0 0 0 0 0 0 0 0 604 603 602 602 603 603 603 603 603 603 603 603 603 604 604 604 604 604 603 603 603 604 604 604 604 606 606 606 606 606 606 606 606 606 606 606 607 607 607 607 607 607 608 608 607 607 608 608 607 607 607 607 607 608 608 608 607 607 607 607 608 608 609 608 608 608 608 608 607 607 607 607 607 607 607 606 604 604 604 604 606
0 0 0 0 0 0 0 0 0 0 0 0 0 0 0 0 0 0 0 0 0 0 610 610 609 609 608 608 608 608 608 609 610 610 610 608 608 608 609 609 609 607 607 607 609 609 609 609 609 609 607 607 607 606 606 606 606 606 606 607 608 608 607 607 606 606 606 607 607 607 606 606 606 606 607 607 607 608 608 607 606 606 606 606 607 607 607 607 607 608 607 607 607 607 607 606 604 604 0 0 0 0 0 0 0 0 0 0 0 0 0 0 0 0 0 0 0 0 0 0 0 0 0 0 0 0 0 0 0 0 0 0 0 0 0 0 0 0 0 0 0 0 0 0 0 0 0 0 0 0 0 0 0 0 0 0 0 0 0 0 0 0 0 0 0 0 0 0 0 0 0 0 0 0 0 0 0 0 0 0 0 0 0 0 0 0 0 0 0 0 0 0 0 0 0 0 0 0 0 0 0 0 0 0 0 0 0 0 0 0 0 0 0 0 0 0 0 0 0 0 0 0 0 0 0 0 0 0 0 0 0 0 0 0 0 0 0 0 0 604 603 603 603 604 603 603 603 603 603 604 604 604 604 604 606 606 606 604 604 606 606 606 606 606 607 607 606 606 607 606 606 607 607 607 608 607 607 607 608 608 608 608 608 608 608 608 609 609 608 608 608 608 609 609 609 609 609 609 609 609 610 610 609 609 609 609 608 607 607 608 608 608 607 607 607 607 606 606 606 606
0 0 0 0 0 0 0 0 0 0 0 0 0 0 0 0 0 0 0 0 0 0 611 611 611 610 609 608 608 609 609 609 611 611 611 610 609 609 609 609 609 608 608 609 609 609 609 610 609 609 609 607 607 607 607 607 607 608 608 608 608 609 608 607 606 606 606 607 607 607 606 606 608 607 607 608 608 608 608 608 607 607 608 608 608 607 607 607 608 608 608 608 608 607 607 606 606 606 0 0 0 0 0 0 0 0 0 0 0 0 0 0 0 0 0 0 0 0 0 0 0 0 0 0 0 0 0 0 0 0 0 0 0 0 0 0 0 0 0 0 0 0 0 0 0 0 0 0 0 0 0 0 0 0 0 0 0 0 0 0 0 0 0 0 0 0 0 0 0 0 0 0 0 0 0 0 0 0 0 0 0 0 0 0 0 0 0 0 0 0 0 0 0 0 0 0 0 0 0 0 0 0 0 0 0 0 0 0 0 0 0 0 0 0 0 0 0 0 0 0 0 0 0 0 0 0 0 0 0 0 0 0 0 0 0 0 0 0 0 604 604 604 604 604 604 604 604 604 604 606 604 604 606 606 606 606 606 606 606 607 606 606 606 606 607 607 608 608 608 607 607 608 607 607 608 608 608 608 608 608 608 609 609 609 609 609 609 609 609 609 609 609 609 610 610 610 610 610 610 610 610 610 610 610 610 610 608 608 608 609 609 609 610 608 608 608 607 607 607 607
0 0 0 0 0 0 0 0 0 0 0 0 0 0 0 0 0 0 0 0 0 0 611 611 611 612 611 611 611 611 611 611 612 611 611 611 610 609 609 609 609 609 610 610 610 610 609 609 610 610 610 608 608 608 608 608 608 608 608 608 608 608 608 608 607 607 607 607 607 607 606 606 608 608 608 608 608 609 609 608 608 608 608 608 609 608 608 608 608 609 609 609 608 608 608 606 606 606 0 0 0 0 0 0 0 0 0 0 0 0 0 0 0 0 0 0 0 0 0 0 0 0 0 0 0 0 0 0 0 0 0 0 0 0 0 0 0 0 0 0 0 0 0 0 0 0 0 0 0 0 0 0 0 0 0 0 0 0 0 0 0 0 0 0 0 0 0 0 0 0 0 0 0 0 0 0 0 0 0 0 0 0 0 0 0 0 0 0 0 0 0 0 0 0 0 0 0 0 0 0 0 0 0 0 0 0 0 0 0 0 0 0 0 0 0 0 0 0 0 0 0 0 0 0 0 0 0 0 0 0 0 0 0 0 0 0 0 0 0 606 606 606 606 606 604 604 606 606 606 606 606 606 606 606 607 607 607 607 607 608 608 607 607 607 607 607 608 608 609 608 608 609 609 609 609 608 608 608 609 609 609 610 610 610 610 610 610 610 610 610 610 610 610 610 610 611 611 611 611 611 610 610 611 611 611 611 610 609 609 609 609 609 610 608 608 608 608 608 608 608
0 0 0 0 0 0 0 0 0 0 0 0 0 0 0 0 0 0 0 0 0 0 612 612 612 613 613 613 613 613 612 612 612 612 611 611 611 612 609 609 609 609 610 610 610 610 609 609 610 610 610 609 609 609 609 609 608 608 609 608 608 608 608 608 607 607 607 607 608 608 609 608 608 608 608 609 609 609 609 609 608 608 609 609 609 610 610 610 609 609 609 609 609 609 609 608 608 608 0 0 0 0 0 0 0 0 0 0 0 0 0 0 0 0 0 0 0 0 0 0 0 0 0 0 0 0 0 0 0 0 0 0 0 0 0 0 0 0 0 0 0 0 0 0 0 0 0 0 0 0 0 0 0 0 0 0 0 0 0 0 0 0 0 0 0 0 0 0 0 0 0 0 0 0 0 0 0 0 0 0 0 0 0 0 0 0 0 0 0 0 0 0 0 0 0 0 0 0 0 0 0 0 0 0 0 0 0 0 0 0 0 0 0 0 0 0 0 0 0 0 0 0 0 0 0 0 0 0 0 0 0 0 0 0 0 0 0 0 606 606 607 607 607 607 607 607 607 607 607 606 606 606 606 607 607 607 608 608 608 609 609 609 608 608 609 609 609 610 610 610 610 610 610 610 609 608 608 609 609 610 610 610 610 610 610 610 611 611 611 611 610 610 610 611 611 611 611 611 611 611 611 611 611 611 611 611 610 609 609 610 610 610 610 609 609 608 608 609 609 609
0 0 0 0 0 0 0 0 0 0 0 0 0 0 0 0 0 0 0 0 0 0 614 614 613 613 613 613 614 613 612 612 612 612 612 612 612 612 611 610 610 610 610 610 610 610 610 610 610 611 611 610 610 610 609 609 609 609 609 608 608 609 609 609 608 608 608 608 608 608 609 609 609 609 609 609 610 610 610 610 609 609 609 609 609 609 610 610 610 610 610 610 610 609 609 609 609 609 0 0 0 0 0 0 0 0 0 0 0 0 0 0 0 0 0 0 0 0 0 0 0 0 0 0 0 0 0 0 0 0 0 0 0 0 0 0 0 0 0 0 0 0 0 0 0 0 0 0 0 0 0 0 0 0 0 0 0 0 0 0 0 0 0 0 0 0 0 0 0 0 0 0 0 0 0 0 0 0 0 0 0 0 0 0 0 0 0 0 0 0 0 0 0 0 0 0 0 0 0 0 0 0 0 0 0 0 0 0 0 0 0 0 0 0 0 0 0 0 0 0 0 0 0 0 0 0 0 0 0 0 0 0 0 0 0 0 0 0 606 606 608 608 608 609 608 608 608 608 608 608 608 608 608 608 608 608 609 609 609 609 609 609 608 608 609 609 610 610 611 610 610 610 610 610 610 609 609 609 609 610 610 610 611 611 611 611 611 611 611 611 611 611 611 611 611 612 612 612 612 612 611 611 611 611 611 611 611 610 610 611 611 611 610 610 609 608 608 609 610 610
0 0 0 0 0 0 0 0 0 0 0 0 0 0 0 0 0 0 0 0 0 0 615 614 613 613 614 614 615 614 613 613 614 613 612 612 612 612 612 611 611 611 611 612 612 611 611 610 610 611 611 610 610 610 609 609 609 611 610 609 608 608 609 609 609 609 610 611 610 610 610 610 610 611 611 611 611 611 611 612 612 609 609 609 609 609 611 611 611 611 611 611 610 609 609 610 610 610 612 0 0 0 0 0 0 0 0 0 0 0 0 0 0 0 0 0 0 0 0 0 0 0 0 0 0 0 0 0 0 0 0 0 0 0 0 0 0 0 0 0 0 0 0 0 0 0 0 0 0 0 0 0 0 0 0 0 0 0 0 0 0 0 0 0 0 0 0 0 0 0 0 0 0 0 0 0 0 0 0 0 0 0 0 0 0 0 0 0 0 0 0 0 0 0 0 0 0 0 0 0 0 0 0 0 0 0 0 0 0 0 0 0 0 0 0 0 0 0 0 0 0 0 0 0 0 0 0 0 0 0 0 0 0 0 0 0 0 0 606 606 608 609 609 609 609 609 609 609 609 609 608 608 609 609 609 609 610 610 609 609 609 609 609 609 610 610 610 611 611 611 611 611 611 611 610 610 610 610 610 611 611 611 611 611 612 612 612 612 612 612 612 611 611 612 612 613 613 614 613 613 612 612 612 612 611 611 612 611 611 612 612 612 612 612 611 610 610 610 610 611
0 0 0 0 0 0 0 0 0 0 0 0 0 0 0 0 0 0 0 0 0 0 615 615 614 614 614 614 615 614 613 613 614 614 613 613 613 612 612 612 612 613 613 613 612 611 611 611 611 611 611 611 611 610 610 609 609 612 610 609 608 608 609 610 611 611 612 611 611 611 611 611 611 611 612 612 612 613 613 613 613 611 611 610 609 609 612 612 612 612 611 611 610 610 610 610 610 611 612 0 0 0 0 0 0 0 0 0 0 0 0 0 0 0 0 0 0 0 0 0 0 0 0 0 0 0 0 0 0 0 0 0 0 0 0 0 0 0 0 0 0 0 0 0 0 0 0 0 0 0 0 0 0 0 0 0 0 0 0 0 0 0 0 0 0 0 0 0 0 0 0 0 0 0 0 0 0 0 0 0 0 0 0 0 0 0 0 0 0 0 0 0 0 0 0 0 0 0 0 0 0 0 0 0 0 0 0 0 0 0 0 0 0 0 0 0 0 0 0 0 0 0 0 0 0 0 0 0 0 0 0 0 0 0 0 0 0 0 609 609 609 609 609 609 609 609 609 609 609 609 608 608 609 609 609 610 610 610 610 610 610 609 609 609 611 611 611 611 611 611 611 611 611 611 611 611 611 611 611 611 611 611 612 612 612 612 612 612 613 613 613 613 614 614 614 614 614 614 614 614 614 614 612 612 612 612 613 612 612 612 612 613 613 613 612 611 611 612 612 612
0 0 0 0 0 0 0 0 0 0 0 0 0 0 0 0 0 0 0 0 0 0 616 616 616 615 615 615 615 615 613 613 614 614 614 614 614 614 614 613 613 615 615 614 614 613 613 613 612 612 611 611 611 611 611 611 611 612 612 611 609 609 610 610 612 612 612 612 612 612 612 612 612 612 612 612 612 613 613 613 613 613 613 612 612 612 612 612 612 612 612 612 612 612 612 612 612 612 613 0 0 0 0 0 0 0 0 0 0 0 0 0 0 0 0 0 0 0 0 0 0 0 0 0 0 0 0 0 0 0 0 0 0 0 0 0 0 0 0 0 0 0 0 0 0 0 0 0 0 0 0 0 0 0 0 0 0 0 0 0 0 0 0 0 0 0 0 0 0 0 0 0 0 0 0 0 0 0 0 0 0 0 0 0 0 0 0 0 0 0 0 0 0 0 0 0 0 0 0 0 0 0 0 0 0 0 0 0 0 0 0 0 0 0 0 0 0 0 0 0 0 0 0 0 0 0 0 0 0 0 0 0 0 0 0 0 0 0 609 609 610 610 610 610 610 610 610 610 610 610 610 610 610 610 610 611 611 611 610 610 610 610 610 610 611 611 611 612 612 612 612 612 612 611 611 611 612 612 613 612 612 612 613 613 613 613 613 614 614 614 614 614 614 614 614 614 614 614 614 614 614 614 614 614 614 614 614 613 613 613 613 614 614 613 613 613 613 613 613 613
0 0 0 0 0 0 0 0 0 0 0 0 0 0 0 0 0 0 0 0 0 0 616 616 616 616 616 615 615 616 614 614 614 614 614 614 614 614 614 615 615 615 615 614 614 613 613 613 613 612 612 612 612 612 612 612 614 613 613 612 610 610 610 610 612 612 612 612 612 612 612 612 612 612 612 612 613 613 613 613 613 613 613 613 613 613 612 612 612 612 612 612 612 612 613 612 612 613 613 0 0 0 0 0 0 0 0 0 0 0 0 0 0 0 0 0 0 0 0 0 0 0 0 0 0 0 0 0 0 0 0 0 0 0 0 0 0 0 0 0 0 0 0 0 0 0 0 0 0 0 0 0 0 0 0 0 0 0 0 0 0 0 0 0 0 0 0 0 0 0 0 0 0 0 0 0 0 0 0 0 0 0 0 0 0 0 0 0 0 0 0 0 0 0 0 0 0 0 0 0 0 0 0 0 0 0 0 0 0 0 0 0 0 0 0 0 0 0 0 0 0 0 0 0 0 0 0 0 0 0 0 0 0 0 0 0 0 610 610 610 610 610 611 611 610 610 610 610 610 611 610 610 610 610 611 611 611 611 611 611 611 610 610 612 613 613 613 613 613 613 613 613 613 613 613 613 613 613 614 613 613 613 613 613 613 614 614 614 614 614 614 614 615 614 614 614 614 615 615 615 615 615 615 615 615 615 615 614 613 613 613 614 614 614 614 614 614 614 614 614
0 0 0 0 0 0 0 0 0 0 0 0 0 0 0 0 0 0 0 0 0 0 618 618 618 618 619 615 615 618 616 616 615 615 615 615 615 615 615 615 616 615 615 614 614 614 614 615 613 613 613 613 615 614 614 614 614 613 613 613 613 614 613 613 613 613 613 613 612 612 612 612 612 612 612 613 613 613 613 613 613 613 613 614 613 613 613 613 613 613 613 613 613 613 613 613 613 613 613 0 0 0 0 0 0 0 0 0 0 0 0 0 0 0 0 0 0 0 0 0 0 0 0 0 0 0 0 0 0 0 0 0 0 0 0 0 0 0 0 0 0 0 0 0 0 0 0 0 0 0 0 0 0 0 0 0 0 0 0 0 0 0 0 0 0 0 0 0 0 0 0 0 0 0 0 0 0 0 0 0 0 0 0 0 0 0 0 0 0 0 0 0 0 0 0 0 0 0 0 0 0 0 0 0 0 0 0 0 0 0 0 0 0 0 0 0 0 0 0 0 0 0 0 0 0 0 0 0 0 0 0 0 0 0 0 0 0 610 610 611 612 613 612 611 611 610 610 611 611 611 611 611 611 612 612 612 612 611 611 611 611 611 611 613 613 614 614 614 614 614 614 614 614 614 614 614 614 614 614 614 614 614 614 614 614 614 615 615 614 614 614 614 615 615 615 615 615 615 615 615 615 615 615 615 616 615 615 614 614 614 614 614 614 614 614 614 615 615 615 614
0 0 0 0 0 0 0 0 0 0 0 0 0 0 0 0 0 0 0 0 0 0 618 618 618 618 619 620 620 619 618 618 616 616 616 615 615 615 615 616 618 615 615 615 615 615 616 615 614 614 614 614 615 615 614 614 614 613 613 613 613 614 614 614 613 613 613 613 613 613 613 613 613 613 613 613 613 613 613 613 613 613 614 615 614 614 613 613 613 613 614 614 614 613 613 613 613 613 613 0 0 0 0 0 0 0 0 0 0 0 0 0 0 0 0 0 0 0 0 0 0 0 0 0 0 0 0 0 0 0 0 0 0 0 0 0 0 0 0 0 0 0 0 0 0 0 0 0 0 0 0 0 0 0 0 0 0 0 0 0 0 0 0 0 0 0 0 0 0 0 0 0 0 0 0 0 0 0 0 0 0 0 0 0 0 0 0 0 0 0 0 0 0 0 0 0 0 0 0 0 0 0 0 0 0 0 0 0 0 0 0 0 0 0 0 0 0 0 0 0 0 0 0 0 0 0 0 0 0 0 0 0 0 0 0 0 0 0 611 611 612 613 612 611 611 611 611 611 612 613 612 612 612 612 612 613 612 612 612 612 612 612 612 613 613 614 614 614 614 614 614 614 614 614 614 615 615 615 615 615 615 615 615 615 615 615 615 615 615 615 615 615 616 616 616 616 616 616 616 615 615 615 615 618 616 615 615 615 615 615 616 616 615 615 615 615 615 615 615 615
0 0 0 0 0 0 0 0 0 0 0 0 0 0 0 0 0 0 0 0 0 0 619 619 619 619 619 620 620 620 619 619 619 618 618 616 616 616 618 618 619 616 616 616 616 616 616 615 614 614 614 615 615 615 614 614 615 614 614 614 614 615 615 614 614 613 613 613 614 613 613 613 614 614 614 613 613 613 614 614 615 616 616 616 615 615 614 614 614 614 614 614 614 612 612 613 614 614 614 615 0 0 0 0 0 0 0 0 0 0 0 0 0 0 0 0 0 0 0 0 0 0 0 0 0 0 0 0 0 0 0 0 0 0 0 0 0 0 0 0 0 0 0 0 0 0 0 0 0 0 0 0 0 0 0 0 0 0 0 0 0 0 0 0 0 0 0 0 0 0 0 0 0 0 0 0 0 0 0 0 0 0 0 0 0 0 0 0 0 0 0 0 0 0 0 0 0 0 0 0 0 0 0 0 0 0 0 0 0 0 0 0 0 0 0 0 0 0 0 0 0 0 0 0 0 0 0 0 0 0 0 0 0 0 0 0 0 0 611 611 612 613 612 611 611 611 611 612 612 613 613 613 613 613 613 613 613 613 613 613 613 613 613 613 613 614 614 615 615 615 614 614 614 614 615 615 615 616 616 616 616 615 615 615 615 616 616 616 616 616 616 618 618 618 618 618 618 618 618 616 616 618 618 618 618 615 615 615 615 618 618 618 615 615 616 616 615 615 615 615
0 0 0 0 0 0 0 0 0 0 0 0 0 0 0 0 0 0 0 0 0 0 620 620 620 620 620 621 621 620 620 620 620 620 620 620 618 618 618 619 619 618 616 616 618 618 618 615 615 614 614 615 615 615 615 615 615 615 615 615 615 615 616 615 614 614 614 615 615 614 614 614 614 615 615 615 615 615 614 614 615 616 616 616 616 616 615 615 614 614 614 614 614 612 612 613 614 615 615 615 0 0 0 0 0 0 0 0 0 0 0 0 0 0 0 0 0 0 0 0 0 0 0 0 0 0 0 0 0 0 0 0 0 0 0 0 0 0 0 0 0 0 0 0 0 0 0 0 0 0 0 0 0 0 0 0 0 0 0 0 0 0 0 0 0 0 0 0 0 0 0 0 0 0 0 0 0 0 0 0 0 0 0 0 0 0 0 0 0 0 0 0 0 0 0 0 0 0 0 0 0 0 0 0 0 0 0 0 0 0 0 0 0 0 0 0 0 0 0 0 0 0 0 0 0 0 0 0 0 0 0 0 0 0 0 0 0 0 613 613 613 614 613 612 612 613 613 613 613 613 613 613 614 614 614 613 613 614 614 614 614 614 614 614 614 615 615 615 615 615 615 615 615 615 615 616 616 618 618 618 618 616 616 616 616 616 618 618 619 618 618 619 619 619 618 618 618 618 618 618 618 619 619 619 620 620 620 620 618 618 618 619 619 619 618 618 619 618 618 619
0 0 0 0 0 0 0 0 0 0 0 0 0 0 0 0 0 0 0 0 0 0 621 621 620 620 620 621 621 621 621 621 621 621 620 620 619 619 619 619 619 618 616 616 618 618 618 616 616 616 616 616 615 615 616 616 616 616 616 616 616 616 616 616 615 615 616 616 616 616 616 615 615 616 616 616 616 616 616 616 616 616 616 618 616 616 616 616 616 615 615 614 614 614 614 614 615 616 616 616 0 0 0 0 0 0 0 0 0 0 0 0 0 0 0 0 0 0 0 0 0 0 0 0 0 0 0 0 0 0 0 0 0 0 0 0 0 0 0 0 0 0 0 0 0 0 0 0 0 0 0 0 0 0 0 0 0 0 0 0 0 0 0 0 0 0 0 0 0 0 0 0 0 0 0 0 0 0 0 0 0 0 0 0 0 0 0 0 0 0 0 0 0 0 0 0 0 0 0 0 0 0 0 0 0 0 0 0 0 0 0 0 0 0 0 0 0 0 0 0 0 0 0 0 0 0 0 0 0 0 0 0 0 0 0 0 0 619 614 614 614 614 614 614 614 614 615 615 614 614 614 614 614 614 615 614 614 614 614 615 615 615 615 615 615 615 615 615 616 616 616 618 618 616 616 616 618 618 619 619 619 619 619 619 619 619 619 619 620 620 620 620 620 620 620 620 620 620 620 620 620 620 620 621 621 621 620 620 618 618 618 619 619 619 619 619 619 619 619 619
0 0 0 0 0 0 0 0 0 0 0 0 0 0 0 0 0 0 0 0 0 0 622 622 621 621 621 621 621 621 621 621 621 620 620 620 620 620 620 620 619 618 618 618 620 620 618 616 616 618 616 616 616 616 616 618 618 618 619 618 618 616 616 616 616 616 616 616 616 616 616 616 616 618 618 618 618 618 616 616 618 618 618 618 618 618 618 618 618 616 616 616 616 616 616 616 616 616 616 618 0 0 0 0 0 0 0 0 0 0 0 0 0 0 0 0 0 0 0 0 0 0 0 0 0 0 0 0 0 0 0 0 0 0 0 0 0 0 0 0 0 0 0 0 0 0 0 0 0 0 0 0 0 0 0 0 0 0 0 0 0 0 0 0 0 0 0 0 0 0 0 0 0 0 0 0 0 0 0 0 0 0 0 0 0 0 0 0 0 0 0 0 0 0 0 0 0 0 0 0 0 0 0 0 0 0 0 0 0 0 0 0 0 0 0 0 0 0 0 0 0 0 0 0 0 0 0 0 0 0 0 0 0 0 0 0 0 618 615 615 615 616 615 615 615 616 616 615 614 614 614 614 614 615 616 616 616 616 616 616 616 618 618 618 618 618 619 619 619 619 619 619 619 619 619 619 619 619 619 619 619 619 620 620 620 620 620 620 620 620 620 620 620 620 621 620 620 620 620 620 620 620 620 621 622 622 622 620 619 619 619 619 619 620 620 620 620 620 620 620
0 0 0 0 0 0 0 0 0 0 0 0 0 0 0 0 0 0 0 0 0 0 621 621 621 622 622 623 622 621 621 621 621 620 620 620 620 620 620 620 620 618 618 619 620 620 619 619 619 619 618 618 618 618 618 619 620 620 620 619 618 616 616 618 618 619 619 618 618 618 618 618 618 619 619 619 619 618 618 618 618 618 618 618 618 618 618 618 618 618 616 616 616 616 616 616 616 616 618 618 0 0 0 0 0 0 0 0 0 0 0 0 0 0 0 0 0 0 0 0 0 0 0 0 0 0 0 0 0 0 0 0 0 0 0 0 0 0 0 0 0 0 0 0 0 0 0 0 0 0 0 0 0 0 0 0 0 0 0 0 0 0 0 0 0 0 0 0 0 0 0 0 0 0 0 0 0 0 0 0 0 0 0 0 0 0 0 0 0 0 0 0 0 0 0 0 0 0 0 0 0 0 0 0 0 0 0 0 0 0 0 0 0 0 0 0 0 0 0 0 0 0 0 0 0 0 0 0 0 0 0 0 0 0 0 0 0 618 618 618 618 618 618 618 618 618 618 618 615 615 615 615 616 618 618 618 618 618 618 618 618 618 618 619 619 619 619 619 620 620 620 620 620 620 620 620 620 620 620 620 620 620 620 621 621 621 621 621 621 621 621 621 621 622 622 622 621 621 621 621 621 621 622 622 623 622 622 621 620 620 621 621 621 620 620 620 621 621 620 620
0 0 0 0 0 0 0 0 0 0 0 0 0 0 0 0 0 0 0 0 0 0 621 621 621 623 623 623 622 622 622 622 622 622 622 622 623 623 623 622 621 620 620 620 620 620 621 620 620 621 619 619 619 619 620 620 620 621 621 620 618 618 618 618 620 620 619 618 618 619 620 620 620 620 620 620 620 620 620 620 619 619 619 619 619 619 620 620 621 619 619 618 618 616 616 618 618 618 618 618 0 0 0 0 0 0 0 0 0 0 0 0 0 0 0 0 0 0 0 0 0 0 0 0 0 0 0 0 0 0 0 0 0 0 0 0 0 0 0 0 0 0 0 0 0 0 0 0 0 0 0 0 0 0 0 0 0 0 0 0 0 0 0 0 0 0 0 0 0 0 0 0 0 0 0 0 0 0 0 0 0 0 0 0 0 0 0 0 0 0 0 0 0 0 0 0 0 0 0 0 0 0 0 0 0 0 0 0 0 0 0 0 0 0 0 0 0 0 0 0 0 0 0 0 0 0 0 0 0 0 0 0 0 0 0 0 0 619 619 618 618 618 618 618 618 618 618 618 616 616 616 616 618 618 619 619 619 619 619 619 619 619 619 620 620 620 620 620 620 620 620 620 620 620 621 621 621 621 620 620 620 620 621 621 622 622 622 622 622 622 622 622 623 623 623 622 622 622 622 622 622 622 622 623 623 623 622 622 622 622 622 622 621 621 621 621 622 621 620 620
0 0 0 0 0 0 0 0 0 0 0 0 0 0 0 0 0 0 0 0 0 0 622 622 624 623 623 623 622 622 622 623 623 624 624 624 624 623 623 622 622 623 621 621 621 621 621 621 621 621 620 620 620 620 620 620 620 621 621 621 619 619 619 619 620 620 619 619 620 620 620 620 620 620 620 620 620 621 621 620 619 619 620 620 620 620 620 621 621 620 620 619 619 619 619 619 619 619 619 619 0 0 0 0 0 0 0 0 0 0 0 0 0 0 0 0 0 0 0 0 0 0 0 0 0 0 0 0 0 0 0 0 0 0 0 0 0 0 0 0 0 0 0 0 0 0 0 0 0 0 0 0 0 0 0 0 0 0 0 0 0 0 0 0 0 0 0 0 0 0 0 0 0 0 0 0 0 0 0 0 0 0 0 0 0 0 0 0 0 0 0 0 0 0 0 0 0 0 0 0 0 0 0 0 0 0 0 0 0 0 0 0 0 0 0 0 0 0 0 0 0 0 0 0 0 0 0 0 0 0 0 0 0 0 0 0 0 618 618 619 619 619 619 619 619 619 619 619 618 618 616 616 618 619 619 620 620 620 620 620 619 619 620 620 621 621 621 621 621 622 621 621 621 621 622 622 622 622 621 621 621 621 622 622 623 623 623 623 623 623 623 623 623 623 623 623 623 623 623 623 624 624 624 624 624 624 624 623 623 624 623 623 622 622 622 622 622 622 622 622
0 0 0 0 0 0 0 0 0 0 0 0 0 0 0 0 0 0 0 0 0 0 624 624 625 624 624 623 623 624 624 624 624 624 624 624 623 623 623 624 623 623 622 622 622 622 621 621 621 621 621 621 621 621 621 620 620 621 621 621 620 620 620 620 620 620 619 619 621 621 620 620 620 620 621 621 621 622 622 621 620 620 621 621 621 621 621 622 622 621 621 620 620 620 620 620 620 620 620 620 0 0 0 0 0 0 0 0 0 0 0 0 0 0 0 0 0 0 0 0 0 0 0 0 0 0 0 0 0 0 0 0 0 0 0 0 0 0 0 0 0 0 0 0 0 0 0 0 0 0 0 0 0 0 0 0 0 0 0 0 0 0 0 0 0 0 0 0 0 0 0 0 0 0 0 0 0 0 0 0 0 0 0 0 0 0 0 0 0 0 0 0 0 0 0 0 0 0 0 0 0 0 0 0 0 0 0 0 0 0 0 0 0 0 0 0 0 0 0 0 0 0 0 0 0 0 0 0 0 0 0 0 0 0 0 0 0 618 618 619 620 619 619 619 620 619 619 619 618 618 618 618 619 619 620 620 621 621 621 621 619 619 620 621 622 622 622 622 622 622 622 622 622 622 622 623 623 622 622 622 622 622 622 622 623 623 623 623 624 624 624 624 624 624 624 623 623 623 623 624 624 624 624 624 624 624 624 624 624 624 624 624 623 623 622 622 622 623 623 623
0 0 0 0 0 0 0 0 0 0 0 0 0 0 0 0 0 0 0 0 0 0 624 624 625 625 624 624 624 625 625 625 625 625 624 624 623 623 624 624 624 624 624 623 622 622 621 621 621 621 621 622 622 621 621 621 621 621 622 622 622 621 620 620 620 620 620 621 621 621 621 621 621 621 621 621 621 622 622 622 622 622 622 622 622 622 622 622 622 622 622 622 622 621 620 620 621 621 621 621 0 0 0 0 0 0 0 0 0 0 0 0 0 0 0 0 0 0 0 0 0 0 0 0 0 0 0 0 0 0 0 0 0 0 0 0 0 0 0 0 0 0 0 0 0 0 0 0 0 0 0 0 0 0 0 0 0 0 0 0 0 0 0 0 0 0 0 0 0 0 0 0 0 0 0 0 0 0 0 0 0 0 0 0 0 0 0 0 0 0 0 0 0 0 0 0 0 0 0 0 0 0 0 0 0 0 0 0 0 0 0 0 0 0 0 0 0 0 0 0 0 0 0 0 0 0 0 0 0 0 0 0 0 0 0 0 0 619 619 620 620 620 620 620 621 621 621 621 620 620 619 619 619 620 620 621 621 622 622 621 619 619 621 622 623 623 624 623 623 623 622 622 623 623 623 623 623 623 623 623 623 623 623 623 623 624 624 624 624 624 624 624 624 624 624 624 624 624 624 624 624 625 625 625 625 625 625 625 625 625 624 624 624 624 623 623 623 623 624 623
0 0 0 0 0 0 0 0 0 0 0 0 0 0 0 0 0 0 0 0 0 0 627 627 627 625 625 625 625 627 625 625 625 625 625 624 624 624 624 625 625 624 624 623 623 623 622 622 624 622 622 623 623 621 621 622 622 622 622 623 622 622 621 621 621 621 621 621 622 621 621 621 621 621 621 622 622 623 623 622 622 622 622 622 623 623 622 622 623 622 622 622 622 622 621 621 621 621 622 622 0 0 0 0 0 0 0 0 0 0 0 0 0 0 0 0 0 0 0 0 0 0 0 0 0 0 0 0 0 0 0 0 0 0 0 0 0 0 0 0 0 0 0 0 0 0 0 0 0 0 0 0 0 0 0 0 0 0 0 0 0 0 0 0 0 0 0 0 0 0 0 0 0 0 0 0 0 0 0 0 0 0 0 0 0 0 0 0 0 0 0 0 0 0 0 0 0 0 0 0 0 0 0 0 0 0 0 0 0 0 0 0 0 0 0 0 0 0 0 0 0 0 0 0 0 0 0 0 0 0 0 0 0 0 0 0 0 619 619 621 621 621 621 621 621 621 621 621 621 621 622 623 621 621 621 622 622 622 622 622 621 621 621 622 623 623 624 624 624 624 623 623 623 623 623 624 624 624 624 624 624 624 624 624 624 624 625 625 625 624 624 624 625 625 625 625 625 625 625 627 625 625 627 627 627 627 625 625 625 625 624 624 624 624 625 625 624 624 625 624
0 0 0 0 0 0 0 0 0 0 0 0 0 0 0 0 0 0 0 0 0 0 627 627 627 627 627 627 627 627 625 625 627 627 625 625 624 624 624 625 625 625 625 624 624 623 622 622 624 624 623 623 623 622 622 623 623 623 623 624 623 623 622 622 622 622 622 622 622 622 621 621 622 622 623 622 622 623 623 624 624 624 624 623 623 623 623 623 623 623 624 623 623 623 622 622 622 622 622 623 624 0 0 0 0 0 0 0 0 0 0 0 0 0 0 0 0 0 0 0 0 0 0 0 0 0 0 0 0 0 0 0 0 0 0 0 0 0 0 0 0 0 0 0 0 0 0 0 0 0 0 0 0 0 0 0 0 0 0 0 0 0 0 0 0 0 0 0 0 0 0 0 0 0 0 0 0 0 0 0 0 0 0 0 0 0 0 0 0 0 0 0 0 0 0 0 0 0 0 0 0 0 0 0 0 0 0 0 0 0 0 0 0 0 0 0 0 0 0 0 0 0 0 0 0 0 0 0 0 0 0 0 0 0 0 0 0 623 622 622 622 622 622 622 622 622 622 621 621 622 622 622 622 622 622 623 623 622 622 622 622 622 622 623 624 624 624 624 624 625 624 624 623 623 624 624 625 625 625 625 625 625 625 625 625 625 627 627 627 625 625 625 625 625 625 625 625 627 627 628 628 628 628 628 628 627 627 627 627 628 628 627 627 627 627 627 627 625 625 625
0 0 0 0 0 0 0 0 0 0 0 0 0 0 0 0 0 0 0 0 0 0 628 628 628 627 627 627 628 628 629 629 627 627 625 625 625 625 625 627 627 627 627 625 624 623 623 625 625 625 624 624 624 623 623 624 624 624 624 624 624 624 623 623 623 623 624 623 623 621 621 621 624 624 623 622 622 624 624 624 624 624 624 624 624 625 624 624 624 624 625 624 624 623 623 623 622 622 623 624 624 0 0 0 0 0 0 0 0 0 0 0 0 0 0 0 0 0 0 0 0 0 0 0 0 0 0 0 0 0 0 0 0 0 0 0 0 0 0 0 0 0 0 0 0 0 0 0 0 0 0 0 0 0 0 0 0 0 0 0 0 0 0 0 0 0 0 0 0 0 0 0 0 0 0 0 0 0 0 0 0 0 0 0 0 0 0 0 0 0 0 0 0 0 0 0 0 0 0 0 0 0 0 0 0 0 0 0 0 0 0 0 0 0 0 0 0 0 0 0 0 0 0 0 0 0 0 0 0 0 0 0 0 0 0 0 0 623 623 623 623 623 622 622 623 623 623 623 623 623 622 622 622 623 623 623 623 623 623 623 623 623 623 624 624 625 624 624 624 625 625 627 625 625 625 625 625 625 627 627 628 627 627 627 627 627 628 628 628 628 627 627 627 627 627 627 627 628 628 628 628 628 628 628 629 628 628 628 628 628 628 628 628 628 628 628 628 628 628 628
0 0 0 0 0 0 0 0 0 0 0 0 0 0 0 0 0 0 0 0 0 0 628 628 629 628 628 628 628 628 627 627 627 627 625 625 627 627 627 628 627 627 627 625 625 625 625 625 625 625 625 624 624 624 624 624 624 624 624 625 624 624 624 624 624 625 625 625 625 620 620 622 624 624 624 624 624 625 625 624 624 624 624 627 627 627 625 625 627 627 625 625 625 625 624 624 623 623 624 624 624 0 0 0 0 0 0 0 0 0 0 0 0 0 0 0 0 0 0 0 0 0 0 0 0 0 0 0 0 0 0 0 0 0 0 0 0 0 0 0 0 0 0 0 0 0 0 0 0 0 0 0 0 0 0 0 0 0 0 0 0 0 0 0 0 0 0 0 0 0 0 0 0 0 0 0 0 0 0 0 0 0 0 0 0 0 0 0 0 0 0 0 0 0 0 0 0 0 0 0 0 0 0 0 0 0 0 0 0 0 0 0 0 0 0 0 0 0 0 0 0 0 0 0 0 0 0 0 0 0 0 0 0 0 0 0 0 624 624 624 624 623 623 623 623 623 623 624 624 623 623 623 623 623 624 623 623 624 624 624 623 623 624 625 625 625 625 625 625 627 627 627 627 627 627 627 628 627 627 627 628 628 628 628 627 627 628 628 629 629 628 628 628 628 628 628 628 628 629 629 629 629 629 629 629 629 629 629 629 629 629 629 628 628 628 628 628 628 628 629
0 0 0 0 0 0 0 0 0 0 0 0 0 0 0 0 0 0 0 0 0 0 630 630 630 630 629 628 628 628 627 627 627 627 627 627 627 628 628 629 628 627 627 627 627 625 625 627 625 625 627 628 628 625 625 625 625 625 625 625 625 625 625 625 625 625 627 628 628 620 620 623 624 624 625 625 625 628 630 625 624 624 625 627 627 627 627 627 627 627 627 627 625 625 624 624 624 624 624 625 625 0 0 0 0 0 0 0 0 0 0 0 0 0 0 0 0 0 0 0 0 0 0 0 0 0 0 0 0 0 0 0 0 0 0 0 0 0 0 0 0 0 0 0 0 0 0 0 0 0 0 0 0 0 0 0 0 0 0 0 0 0 0 0 0 0 0 0 0 0 0 0 0 0 0 0 0 0 0 0 0 0 0 0 0 0 0 0 0 0 0 0 0 0 0 0 0 0 0 0 0 0 0 0 0 0 0 0 0 0 0 0 0 0 0 0 0 0 0 0 0 0 0 0 0 0 0 0 0 0 0 0 0 0 0 0 629 624 624 625 625 624 623 623 623 623 624 624 624 624 624 624 624 624 624 624 624 625 625 624 624 624 625 625 627 628 628 627 627 627 627 628 628 628 628 628 628 628 628 628 628 628 628 628 628 628 628 629 629 629 629 628 628 629 629 629 629 629 629 629 629 630 630 630 630 630 629 629 629 630 629 629 629 629 629 629 628 628 628 629
0 0 0 0 0 0 0 0 0 0 0 0 0 0 0 0 0 0 0 0 0 0 630 630 630 630 630 628 628 628 629 629 628 628 628 628 628 629 629 629 629 629 628 628 628 627 627 628 627 627 628 628 628 625 625 625 625 627 627 627 625 625 625 625 625 625 627 628 628 624 624 624 624 624 625 625 625 628 627 627 625 625 627 627 627 627 627 627 627 627 628 628 628 627 625 625 624 624 625 625 625 0 0 0 0 0 0 0 0 0 0 0 0 0 0 0 0 0 0 0 0 0 0 0 0 0 0 0 0 0 0 0 0 0 0 0 0 0 0 0 0 0 0 0 0 0 0 0 0 0 0 0 0 0 0 0 0 0 0 0 0 0 0 0 0 0 0 0 0 0 0 0 0 0 0 0 0 0 0 0 0 0 0 0 0 0 0 0 0 0 0 0 0 0 0 0 0 0 0 0 0 0 0 0 0 0 0 0 0 0 0 0 0 0 0 0 0 0 0 0 0 0 0 0 0 0 0 0 0 0 0 0 0 0 0 0 629 625 625 627 627 625 624 624 624 624 624 625 625 625 624 624 624 624 624 624 624 625 625 625 625 625 625 625 627 628 628 628 628 628 628 628 628 629 629 629 629 629 629 629 629 629 629 629 629 629 629 629 629 629 629 629 629 630 630 630 630 629 629 631 631 632 632 631 631 632 630 630 631 632 631 631 630 630 630 629 628 628 629 629
0 0 0 0 0 0 0 0 0 0 0 0 0 0 0 0 0 0 0 0 0 0 631 631 631 631 630 630 630 630 629 629 629 629 630 629 629 629 629 630 629 629 628 628 628 628 629 629 628 628 628 628 628 628 628 628 628 629 628 627 627 625 625 627 627 627 629 628 628 625 625 625 625 625 625 625 625 628 627 627 629 629 629 629 627 627 629 629 629 629 628 628 628 627 625 625 627 627 627 627 627 0 0 0 0 0 0 0 0 0 0 0 0 0 0 0 0 0 0 0 0 0 0 0 0 0 0 0 0 0 0 0 0 0 0 0 0 0 0 0 0 0 0 0 0 0 0 0 0 0 0 0 0 0 0 0 0 0 0 0 0 0 0 0 0 0 0 0 0 0 0 0 0 0 0 0 0 0 0 0 0 0 0 0 0 0 0 0 0 0 0 0 0 0 0 0 0 0 0 0 0 0 0 0 0 0 0 0 0 0 0 0 0 0 0 0 0 0 0 0 0 0 0 0 0 0 0 0 0 0 0 0 0 0 0 0 0 625 625 627 627 627 627 627 627 625 625 625 625 627 627 625 625 624 624 624 625 627 627 627 625 625 627 627 628 628 629 629 628 628 628 628 629 629 629 629 629 629 629 629 629 629 629 629 630 630 630 630 630 630 630 630 631 631 632 631 631 631 631 632 632 632 632 632 632 634 630 630 631 632 632 632 632 632 632 631 629 629 629 629
0 0 0 0 0 0 0 0 0 0 0 0 0 0 0 0 0 0 0 0 0 0 634 634 634 632 630 630 630 631 630 630 630 630 630 631 631 631 631 631 631 630 629 628 628 628 629 629 628 628 628 628 629 629 629 629 630 629 629 627 627 628 628 629 629 629 629 629 629 628 628 627 627 625 625 625 625 628 628 629 629 630 630 630 628 628 629 629 629 629 629 629 629 629 628 628 627 627 628 628 629 630 0 0 0 0 0 0 0 0 0 0 0 0 0 0 0 0 0 0 0 0 0 0 0 0 0 0 0 0 0 0 0 0 0 0 0 0 0 0 0 0 0 0 0 0 0 0 0 0 0 0 0 0 0 0 0 0 0 0 0 0 0 0 0 0 0 0 0 0 0 0 0 0 0 0 0 0 0 0 0 0 0 0 0 0 0 0 0 0 0 0 0 0 0 0 0 0 0 0 0 0 0 0 0 0 0 0 0 0 0 0 0 0 0 0 0 0 0 0 0 0 0 0 0 0 0 0 0 0 0 0 0 0 0 0 0 625 625 628 627 627 627 627 628 628 628 627 627 627 627 627 628 627 627 627 627 628 628 628 627 627 628 628 629 629 629 629 629 629 629 629 630 630 630 629 629 629 629 629 630 630 631 631 631 631 631 631 631 631 631 631 632 632 632 632 632 632 632 632 632 634 634 634 634 634 632 632 632 632 632 632 634 632 632 631 630 630 630 630
0 0 0 0 0 0 0 0 0 0 0 0 0 0 0 0 0 0 0 0 0 0 634 634 634 634 631 631 631 632 632 632 632 632 632 632 631 631 631 631 632 631 630 630 630 630 630 630 629 629 628 628 629 630 630 630 631 632 631 627 627 629 629 629 629 629 629 629 629 628 628 628 628 628 629 629 629 629 629 630 630 630 630 630 630 630 630 629 629 629 629 629 629 629 629 629 629 628 628 629 630 630 0 0 0 0 0 0 0 0 0 0 0 0 0 0 0 0 0 0 0 0 0 0 0 0 0 0 0 0 0 0 0 0 0 0 0 0 0 0 0 0 0 0 0 0 0 0 0 0 0 0 0 0 0 0 0 0 0 0 0 0 0 0 0 0 0 0 0 0 0 0 0 0 0 0 0 0 0 0 0 0 0 0 0 0 0 0 0 0 0 0 0 0 0 0 0 0 0 0 0 0 0 0 0 0 0 0 0 0 0 0 0 0 0 0 0 0 0 0 0 0 0 0 0 0 0 0 0 0 0 0 0 0 0 0 0 628 628 628 628 628 628 628 629 628 628 627 627 627 628 628 628 628 628 628 628 629 629 629 628 628 628 629 629 629 629 629 629 629 629 629 631 631 630 630 630 630 631 632 631 631 631 631 631 631 631 631 631 631 631 632 632 632 634 634 634 634 634 634 634 634 634 635 634 634 634 632 632 632 634 634 634 634 632 632 632 632 632 631
0 0 0 0 0 0 0 0 0 0 0 0 0 0 0 0 0 0 0 0 0 0 635 635 634 634 632 632 634 634 634 634 634 632 632 632 632 632 632 632 632 632 631 630 630 630 630 632 631 630 629 629 630 630 630 631 632 632 632 630 630 630 630 630 630 630 629 629 629 629 629 629 629 629 629 629 630 629 629 630 631 631 630 630 631 630 630 630 630 629 629 629 629 629 629 629 629 629 629 630 630 631 0 0 0 0 0 0 0 0 0 0 0 0 0 0 0 0 0 0 0 0 0 0 0 0 0 0 0 0 0 0 0 0 0 0 0 0 0 0 0 0 0 0 0 0 0 0 0 0 0 0 0 0 0 0 0 0 0 0 0 0 0 0 0 0 0 0 0 0 0 0 0 0 0 0 0 0 0 0 0 0 0 0 0 0 0 0 0 0 0 0 0 0 0 0 0 0 0 0 0 0 0 0 0 0 0 0 0 0 0 0 0 0 0 0 0 0 0 0 0 0 0 0 0 0 0 0 0 0 0 0 0 0 0 0 630 629 629 629 629 629 629 630 630 630 629 629 628 628 628 629 629 629 629 628 628 629 630 630 629 629 629 629 629 629 631 631 631 631 631 631 631 631 631 631 631 631 632 632 632 632 632 632 632 634 632 632 632 632 632 634 634 634 634 634 634 634 634 634 634 634 634 635 635 635 635 634 634 634 634 634 634 634 634 634 634 634 634 632
0 0 0 0 0 0 0 0 0 0 0 0 0 0 0 0 0 0 0 0 0 637 636 635 634 634 634 634 635 635 635 634 634 634 634 634 634 634 632 632 632 632 632 631 631 631 631 632 632 632 632 632 632 632 632 632 632 632 632 630 630 630 630 630 630 630 631 631 631 630 630 630 630 630 630 630 630 631 631 631 632 632 631 631 631 630 630 630 630 629 629 629 629 630 630 630 630 630 630 630 631 632 0 0 0 0 0 0 0 0 0 0 0 0 0 0 0 0 0 0 0 0 0 0 0 0 0 0 0 0 0 0 0 0 0 0 0 0 0 0 0 0 0 0 0 0 0 0 0 0 0 0 0 0 0 0 0 0 0 0 0 0 0 0 0 0 0 0 0 0 0 0 0 0 0 0 0 0 0 0 0 0 0 0 0 0 0 0 0 0 0 0 0 0 0 0 0 0 0 0 0 0 0 0 0 0 0 0 0 0 0 0 0 0 0 0 0 0 0 0 0 0 0 0 0 0 0 0 0 0 0 0 0 0 0 0 630 630 630 630 631 630 630 631 631 631 630 630 630 629 629 629 630 630 630 629 629 630 630 630 630 629 629 631 631 632 632 632 632 632 632 632 632 632 632 632 632 632 632 632 632 632 634 634 634 634 634 634 634 634 634 634 634 634 634 634 634 635 635 635 635 635 635 635 637 637 637 635 634 634 634 634 635 635 635 635 634 634 634 634
0 0 0 0 0 0 0 0 0 0 0 0 0 0 0 0 0 0 0 0 0 637 637 635 635 635 635 635 635 635 635 635 635 634 634 634 635 635 634 634 634 634 634 634 634 632 632 632 634 632 632 632 632 632 632 632 632 632 632 630 630 630 630 630 632 632 632 632 632 631 631 631 631 631 630 630 631 632 632 632 632 632 632 631 631 630 630 630 631 631 631 630 630 630 630 631 631 631 631 631 631 632 0 0 0 0 0 0 0 0 0 0 0 0 0 0 0 0 0 0 0 0 0 0 0 0 0 0 0 0 0 0 0 0 0 0 0 0 0 0 0 0 0 0 0 0 0 0 0 0 0 0 0 0 0 0 0 0 0 0 0 0 0 0 0 0 0 0 0 0 0 0 0 0 0 0 0 0 0 0 0 0 0 0 0 0 0 0 0 0 0 0 0 0 0 0 0 0 0 0 0 0 0 0 0 0 0 0 0 0 0 0 0 0 0 0 0 0 0 0 0 0 0 0 0 0 0 0 0 0 0 0 0 0 0 0 0 630 630 631 631 631 631 631 631 631 631 631 631 630 630 630 630 630 630 630 630 630 631 631 631 631 631 634 634 634 634 635 635 635 634 634 635 635 635 635 635 634 634 635 635 635 635 635 635 635 635 635 636 636 636 636 636 636 637 637 637 637 637 637 637 636 636 637 638 638 637 637 635 634 634 635 635 637 637 637 636 636 635 635
0 0 0 0 0 0 0 0 0 0 0 0 0 0 0 0 0 0 0 0 0 637 637 636 636 637 637 637 635 635 635 635 635 634 634 635 636 636 635 635 635 635 635 635 634 634 632 632 634 634 634 632 632 632 632 632 634 634 634 631 631 631 630 630 634 632 632 632 632 631 631 634 632 632 632 632 634 634 632 632 634 634 634 631 631 631 631 631 632 632 632 631 631 631 631 631 631 631 631 631 632 632 0 0 0 0 0 0 0 0 0 0 0 0 0 0 0 0 0 0 0 0 0 0 0 0 0 0 0 0 0 0 0 0 0 0 0 0 0 0 0 0 0 0 0 0 0 0 0 0 0 0 0 0 0 0 0 0 0 0 0 0 0 0 0 0 0 0 0 0 0 0 0 0 0 0 0 0 0 0 0 0 0 0 0 0 0 0 0 0 0 0 0 0 0 0 0 0 0 0 0 0 0 0 0 0 0 0 0 0 0 0 0 0 0 0 0 0 0 0 0 0 0 0 0 0 0 0 0 0 0 0 0 0 0 0 0 631 631 632 632 632 632 632 632 632 632 632 632 632 632 631 631 631 632 632 632 632 631 631 632 632 634 634 634 635 635 636 636 636 634 634 635 635 635 635 635 635 635 636 636 636 636 636 636 636 636 636 637 637 637 637 637 637 637 637 638 638 638 638 638 637 637 638 638 638 637 637 636 636 636 636 637 637 637 637 637 636 636 636
0 0 0 0 0 0 0 0 0 0 0 0 0 0 0 0 0 0 0 0 0 638 638 638 638 638 637 637 636 636 637 637 637 637 637 637 637 637 637 637 637 637 636 635 635 635 634 634 635 635 635 635 634 634 635 635 635 635 635 634 634 632 632 634 635 635 634 632 632 634 634 634 635 635 635 636 636 635 635 635 635 635 635 635 635 634 634 634 634 634 635 635 635 635 635 634 634 634 634 634 634 634 0 0 0 0 0 0 0 0 0 0 0 0 0 0 0 0 0 0 0 0 0 0 0 0 0 0 0 0 0 0 0 0 0 0 0 0 0 0 0 0 0 0 0 0 0 0 0 0 0 0 0 0 0 0 0 0 0 0 0 0 0 0 0 0 0 0 0 0 0 0 0 0 0 0 0 0 0 0 0 0 0 0 0 0 0 0 0 0 0 0 0 0 0 0 0 0 0 0 0 0 0 0 0 0 0 0 0 0 0 0 0 0 0 0 0 0 0 0 0 0 0 0 0 0 0 0 0 0 0 0 0 0 0 0 631 631 632 632 634 634 634 632 632 632 632 632 634 632 632 632 632 632 632 632 634 634 632 632 634 634 635 635 635 636 636 636 636 636 635 635 636 636 636 636 636 636 636 637 637 637 637 637 637 637 637 637 637 638 638 638 638 638 638 638 638 638 638 638 640 638 638 638 638 638 638 638 637 637 638 637 637 637 637 638 638 637 637 637
0 0 0 0 0 0 0 0 0 0 0 0 0 0 0 0 0 0 0 0 0 640 640 640 640 640 638 637 636 636 637 637 638 637 637 637 637 638 638 638 637 637 636 636 636 635 635 635 635 635 635 636 635 635 635 635 636 636 636 635 635 634 634 635 636 636 635 635 636 636 636 636 636 636 636 636 636 636 636 638 636 636 636 636 636 635 635 635 635 635 635 635 635 635 635 635 635 635 635 634 634 634 0 0 0 0 0 0 0 0 0 0 0 0 0 0 0 0 0 0 0 0 0 0 0 0 0 0 0 0 0 0 0 0 0 0 0 0 0 0 0 0 0 0 0 0 0 0 0 0 0 0 0 0 0 0 0 0 0 0 0 0 0 0 0 0 0 0 0 0 0 0 0 0 0 0 0 0 0 0 0 0 0 0 0 0 0 0 0 0 0 0 0 0 0 0 0 0 0 0 0 0 0 0 0 0 0 0 0 0 0 0 0 0 0 0 0 0 0 0 0 0 0 0 0 0 0 0 0 0 0 0 0 0 0 0 631 631 632 634 635 634 634 634 634 632 632 634 634 634 634 634 632 632 634 634 634 634 632 632 634 634 635 636 636 636 636 636 636 636 637 637 637 637 637 637 637 637 637 636 636 637 638 638 638 638 638 638 638 638 638 638 638 638 638 638 640 640 640 640 641 641 642 641 641 640 638 638 638 640 640 638 638 638 637 637 638 638 640 640
0 0 0 0 0 0 0 0 0 0 0 0 0 0 0 0 0 0 0 0 0 641 640 640 640 640 638 637 637 638 638 638 638 638 638 638 638 638 638 638 638 638 637 637 637 636 636 636 637 637 637 637 636 636 637 637 637 637 636 636 636 636 637 637 637 637 636 636 636 636 636 636 636 637 637 636 636 640 640 640 637 637 637 636 636 636 636 636 636 636 636 636 636 636 636 636 636 636 635 635 635 635 0 0 0 0 0 0 0 0 0 0 0 0 0 0 0 0 0 0 0 0 0 0 0 0 0 0 0 0 0 0 0 0 0 0 0 0 0 0 0 0 0 0 0 0 0 0 0 0 0 0 0 0 0 0 0 0 0 0 0 0 0 0 0 0 0 0 0 0 0 0 0 0 0 0 0 0 0 0 0 0 0 0 0 0 0 0 0 0 0 0 0 0 0 0 0 0 0 0 0 0 0 0 0 0 0 0 0 0 0 0 0 0 0 0 0 0 0 0 0 0 0 0 0 0 0 0 0 0 0 0 0 0 0 0 632 632 632 634 635 635 635 634 634 634 634 635 635 635 634 634 632 632 634 635 635 634 634 634 635 635 635 636 637 638 638 638 637 637 637 638 638 638 638 640 638 637 637 636 636 637 638 638 638 638 638 638 640 640 640 640 641 641 640 640 641 641 642 642 642 642 642 642 641 640 640 640 640 641 641 640 640 638 637 637 640 640 642 641
0 0 0 0 0 0 0 0 0 0 0 0 0 0 0 0 0 0 0 0 0 642 641 641 641 641 641 640 640 640 640 640 640 640 640 640 640 640 640 640 638 638 638 637 637 637 637 637 637 637 637 637 637 637 637 637 637 637 637 637 637 637 638 637 637 637 636 636 636 636 637 636 636 637 638 638 638 640 640 640 640 641 638 637 637 637 637 637 637 637 637 637 636 636 637 636 636 636 636 636 635 635 0 0 0 0 0 0 0 0 0 0 0 0 0 0 0 0 0 0 0 0 0 0 0 0 0 0 0 0 0 0 0 0 0 0 0 0 0 0 0 0 0 0 0 0 0 0 0 0 0 0 0 0 0 0 0 0 0 0 0 0 0 0 0 0 0 0 0 0 0 0 0 0 0 0 0 0 0 0 0 0 0 0 0 0 0 0 0 0 0 0 0 0 0 0 0 0 0 0 0 0 0 0 0 0 0 0 0 0 0 0 0 0 0 0 0 0 0 0 0 0 0 0 0 0 0 0 0 0 0 0 0 0 0 0 634 634 635 636 636 636 636 635 635 635 635 636 636 636 636 636 635 635 635 635 635 636 635 635 636 636 636 637 637 637 638 637 637 637 637 638 638 640 640 640 640 640 640 640 640 640 640 640 640 640 640 640 640 640 640 641 641 642 641 641 641 642 642 642 642 642 642 642 642 642 641 641 642 643 642 641 641 641 641 642 642 642 642 642
0 0 0 0 0 0 0 0 0 0 0 0 0 0 0 0 0 0 0 0 0 0 642 642 642 642 642 641 641 640 640 640 640 640 640 640 640 641 640 640 640 640 640 638 638 638 638 638 638 638 638 638 638 638 638 638 638 638 637 637 637 638 638 638 638 637 637 637 637 637 637 637 637 637 638 638 640 640 640 640 641 641 640 640 640 640 640 638 638 638 638 638 637 637 637 637 637 637 637 636 636 636 0 0 0 0 0 0 0 0 0 0 0 0 0 0 0 0 0 0 0 0 0 0 0 0 0 0 0 0 0 0 0 0 0 0 0 0 0 0 0 0 0 0 0 0 0 0 0 0 0 0 0 0 0 0 0 0 0 0 0 0 0 0 0 0 0 0 0 0 0 0 0 0 0 0 0 0 0 0 0 0 0 0 0 0 0 0 0 0 0 0 0 0 0 0 0 0 0 0 0 0 0 0 0 0 0 0 0 0 0 0 0 0 0 0 0 0 0 0 0 0 0 0 0 0 0 0 0 0 0 0 0 0 0 0 635 635 636 637 637 637 637 636 636 636 636 636 636 637 637 636 636 636 636 636 636 636 636 636 636 636 636 637 637 637 641 637 637 638 638 641 641 641 641 641 641 640 640 641 641 641 641 641 641 641 641 641 641 641 641 642 642 642 642 642 642 643 643 643 642 642 642 642 643 642 642 643 643 644 642 642 642 642 642 643 642 642 643 643
0 0 0 0 0 0 0 0 0 0 0 0 0 0 0 0 0 0 0 0 0 0 642 642 643 643 643 641 641 640 640 641 641 641 640 640 641 641 641 641 641 641 641 640 640 638 638 638 638 638 638 638 638 638 638 638 638 638 637 637 638 640 638 637 637 637 637 637 638 638 638 637 637 640 640 640 640 640 640 640 641 641 640 640 640 640 640 638 638 640 638 638 638 638 638 637 637 637 637 638 638 0 0 0 0 0 0 0 0 0 0 0 0 0 0 0 0 0 0 0 0 0 0 0 0 0 0 0 0 0 0 0 0 0 0 0 0 0 0 0 0 0 0 0 0 0 0 0 0 0 0 0 0 0 0 0 0 0 0 0 0 0 0 0 0 0 0 0 0 0 0 0 0 0 0 0 0 0 0 0 0 0 0 0 0 0 0 0 0 0 0 0 0 0 0 0 0 0 0 0 0 0 0 0 0 0 0 0 0 0 0 0 0 0 0 0 0 0 0 0 0 0 0 0 0 0 0 0 0 0 0 0 0 0 0 638 636 636 637 637 637 637 637 637 637 637 637 637 637 638 638 637 637 637 637 637 638 638 638 638 637 637 637 638 638 638 641 638 638 641 642 642 641 641 641 641 641 641 641 642 642 642 642 642 642 642 642 642 642 642 642 642 642 642 643 643 643 643 643 643 643 643 643 643 644 643 643 644 644 646 642 642 642 642 643 643 643 643 644 643
0 0 0 0 0 0 0 0 0 0 0 0 0 0 0 0 0 0 0 0 0 0 643 643 643 643 643 643 642 641 641 642 642 642 642 642 642 642 642 642 641 641 641 641 641 640 640 638 638 638 640 638 638 638 640 638 638 638 638 638 640 640 638 637 637 637 637 638 638 638 638 638 638 640 641 641 642 641 641 641 641 641 641 641 642 641 641 640 640 640 640 640 640 640 640 638 638 637 637 638 638 0 0 0 0 0 0 0 0 0 0 0 0 0 0 0 0 0 0 0 0 0 0 0 0 0 0 0 0 0 0 0 0 0 0 0 0 0 0 0 0 0 0 0 0 0 0 0 0 0 0 0 0 0 0 0 0 0 0 0 0 0 0 0 0 0 0 0 0 0 0 0 0 0 0 0 0 0 0 0 0 0 0 0 0 0 0 0 0 0 0 0 0 0 0 0 0 0 0 0 0 0 0 0 0 0 0 0 0 0 0 0 0 0 0 0 0 0 0 0 0 0 0 0 0 0 0 0 0 0 0 0 0 0 638 638 638 638 638 638 640 638 638 637 637 637 637 638 638 638 640 640 640 640 640 640 640 640 641 640 640 638 638 640 640 640 641 640 640 642 642 642 642 642 642 642 642 642 642 642 643 643 643 643 642 642 643 643 643 642 642 643 643 643 644 644 644 644 644 644 644 644 643 643 644 644 644 646 646 647 643 643 643 643 644 646 644 644 644 644
0 0 0 0 0 0 0 0 0 0 0 0 0 0 0 0 0 0 0 0 0 0 644 644 643 643 643 643 642 641 641 642 643 643 643 643 643 643 642 642 642 642 642 643 642 641 640 640 640 640 640 640 641 640 640 640 640 640 640 640 640 641 641 640 640 638 638 640 640 640 640 640 640 641 642 642 642 642 641 641 643 642 642 642 642 642 641 641 641 641 641 640 640 640 640 638 638 637 637 637 640 641 0 0 0 0 0 0 0 0 0 0 0 0 0 0 0 0 0 0 0 0 0 0 0 0 0 0 0 0 0 0 0 0 0 0 0 0 0 0 0 0 0 0 0 0 0 0 0 0 0 0 0 0 0 0 0 0 0 0 0 0 0 0 0 0 0 0 0 0 0 0 0 0 0 0 0 0 0 0 0 0 0 0 0 0 0 0 0 0 0 0 0 0 0 0 0 0 0 0 0 0 0 0 0 0 0 0 0 0 0 0 0 0 0 0 0 0 0 0 0 0 0 0 0 0 0 0 0 0 0 0 0 0 638 638 638 638 640 640 641 640 640 638 638 637 637 638 638 638 640 640 640 640 640 641 641 641 641 641 641 641 641 642 642 641 641 642 642 642 642 642 642 643 643 643 643 643 643 643 643 643 644 644 643 643 643 643 643 643 643 644 646 646 646 644 644 644 646 646 646 646 644 644 646 646 646 647 647 647 644 644 644 644 644 647 646 646 644 644
0 0 0 0 0 0 0 0 0 0 0 0 0 0 0 0 0 0 0 0 0 0 646 644 644 644 644 643 643 642 642 643 644 644 644 643 643 643 643 643 643 643 643 643 642 641 641 640 640 640 641 641 643 641 641 640 640 640 643 643 643 643 643 642 642 640 640 643 642 642 641 641 641 642 642 642 643 643 642 642 643 642 642 643 642 642 642 642 642 642 641 641 641 641 641 638 638 637 637 637 640 641 0 0 0 0 0 0 0 0 0 0 0 0 0 0 0 0 0 0 0 0 0 0 0 0 0 0 0 0 0 0 0 0 0 0 0 0 0 0 0 0 0 0 0 0 0 0 0 0 0 0 0 0 0 0 0 0 0 0 0 0 0 0 0 0 0 0 0 0 0 0 0 0 0 0 0 0 0 0 0 0 0 0 0 0 0 0 0 0 0 0 0 0 0 0 0 0 0 0 0 0 0 0 0 0 0 0 0 0 0 0 0 0 0 0 0 0 0 0 0 0 0 0 0 0 0 0 0 0 0 0 0 0 0 640 640 640 641 641 641 641 641 641 641 640 640 640 640 640 640 640 641 641 641 641 641 642 641 641 642 642 642 643 643 643 642 642 642 643 643 643 643 643 643 643 644 644 644 644 644 644 644 644 644 644 644 644 644 644 644 646 647 647 647 647 647 647 647 647 647 647 647 647 647 648 647 647 647 647 647 646 646 646 647 647 647 647 647 647
0 0 0 0 0 0 0 0 0 0 0 0 0 0 0 0 0 0 0 0 0 0 647 647 646 644 644 644 644 644 644 644 644 644 644 644 644 644 644 644 644 644 644 644 644 644 642 641 641 641 642 643 643 643 642 642 642 642 643 643 643 644 644 643 643 643 643 643 642 642 642 642 642 642 642 643 643 644 642 642 644 643 643 643 642 642 642 642 642 642 642 641 641 642 642 641 640 640 640 641 641 641 0 0 0 0 0 0 0 0 0 0 0 0 0 0 0 0 0 0 0 0 0 0 0 0 0 0 0 0 0 0 0 0 0 0 0 0 0 0 0 0 0 0 0 0 0 0 0 0 0 0 0 0 0 0 0 0 0 0 0 0 0 0 0 0 0 0 0 0 0 0 0 0 0 0 0 0 0 0 0 0 0 0 0 0 0 0 0 0 0 0 0 0 0 0 0 0 0 0 0 0 0 0 0 0 0 0 0 0 0 0 0 0 0 0 0 0 0 0 0 0 0 0 0 0 0 0 0 0 0 0 0 0 0 641 641 641 641 642 642 642 641 641 641 640 640 641 641 641 641 641 641 641 641 641 641 642 641 641 642 642 642 643 643 643 644 643 643 643 643 643 643 644 644 644 644 644 644 644 644 644 646 646 646 646 647 647 647 647 647 647 647 647 647 647 647 647 647 647 647 647 647 648 648 648 648 647 647 647 647 647 647 647 647 647 647 647 647 647
0 0 0 0 0 0 0 0 0 0 0 0 0 0 0 0 0 0 0 0 0 0 648 647 647 646 646 646 644 644 644 644 646 646 647 647 646 646 646 644 644 644 644 644 644 644 643 642 642 642 642 644 644 644 644 644 643 643 643 643 644 644 644 644 643 643 643 643 642 642 642 642 642 643 643 643 643 644 644 644 644 644 644 644 643 643 643 643 643 643 643 643 643 643 643 643 643 642 641 641 641 642 0 0 0 0 0 0 0 0 0 0 0 0 0 0 0 0 0 0 0 0 0 0 0 0 0 0 0 0 0 0 0 0 0 0 0 0 0 0 0 0 0 0 0 0 0 0 0 0 0 0 0 0 0 0 0 0 0 0 0 0 0 0 0 0 0 0 0 0 0 0 0 0 0 0 0 0 0 0 0 0 0 0 0 0 0 0 0 0 0 0 0 0 0 0 0 0 0 0 0 0 0 0 0 0 0 0 0 0 0 0 0 0 0 0 0 0 0 0 0 0 0 0 0 0 0 0 0 0 0 0 0 0 0 644 643 642 642 642 642 642 642 642 642 642 641 641 642 642 641 641 642 642 642 642 642 642 642 642 642 643 643 644 644 644 646 644 644 644 644 644 644 646 646 646 646 646 646 646 647 647 646 646 646 646 647 647 647 647 647 647 648 648 648 648 648 648 647 647 648 648 648 648 648 649 648 647 647 647 647 647 647 647 648 648 648 647 647 647
0 0 0 0 0 0 0 0 0 0 0 0 0 0 0 0 0 0 0 0 0 0 648 647 647 647 646 646 646 646 646 646 646 646 647 647 647 647 647 646 646 644 644 646 644 644 643 643 643 643 643 646 646 646 646 644 644 644 644 644 644 644 644 643 643 643 643 644 644 643 643 643 644 644 644 643 643 644 644 644 644 644 644 644 644 644 646 644 644 644 644 644 644 644 644 643 643 642 642 642 642 643 0 0 0 0 0 0 0 0 0 0 0 0 0 0 0 0 0 0 0 0 0 0 0 0 0 0 0 0 0 0 0 0 0 0 0 0 0 0 0 0 0 0 0 0 0 0 0 0 0 0 0 0 0 0 0 0 0 0 0 0 0 0 0 0 0 0 0 0 0 0 0 0 0 0 0 0 0 0 0 0 0 0 0 0 0 0 0 0 0 0 0 0 0 0 0 0 0 0 0 0 0 0 0 0 0 0 0 0 0 0 0 0 0 0 0 0 0 0 0 0 0 0 0 0 0 0 0 0 0 0 0 0 0 644 643 643 643 643 642 642 642 643 643 643 642 642 642 642 642 642 642 642 643 643 643 643 643 642 642 643 643 646 646 646 646 646 646 644 644 647 647 647 647 646 646 646 647 647 647 648 647 647 647 647 647 648 648 648 648 648 648 649 649 648 648 648 648 648 648 648 648 649 649 649 649 648 647 647 648 648 648 648 648 648 648 647 647 647
0 0 0 0 0 0 0 0 0 0 0 0 0 0 0 0 0 0 0 0 0 0 648 648 648 648 648 647 647 647 647 647 647 647 647 647 647 647 647 647 646 646 646 646 646 646 644 644 644 644 644 647 647 647 646 644 644 644 644 644 644 644 643 643 643 643 643 644 644 644 644 644 646 644 644 644 644 646 646 646 644 644 646 646 646 646 646 646 646 644 644 644 644 644 642 642 643 643 643 643 643 643 646 0 0 0 0 0 0 0 0 0 0 0 0 0 0 0 0 0 0 0 0 0 0 0 0 0 0 0 0 0 0 0 0 0 0 0 0 0 0 0 0 0 0 0 0 0 0 0 0 0 0 0 0 0 0 0 0 0 0 0 0 0 0 0 0 0 0 0 0 0 0 0 0 0 0 0 0 0 0 0 0 0 0 0 0 0 0 0 0 0 0 0 0 0 0 0 0 0 0 0 0 0 0 0 0 0 0 0 0 0 0 0 0 0 0 0 0 0 0 0 0 0 0 0 0 0 0 0 0 0 0 0 646 646 644 643 643 643 642 642 642 644 644 643 643 642 642 643 643 643 643 643 643 644 646 644 644 644 644 644 646 647 647 647 647 647 647 647 647 648 648 648 648 647 647 647 647 648 648 648 648 648 648 648 648 648 648 648 648 648 648 649 649 649 648 648 649 649 649 650 650 650 650 650 649 649 648 648 649 650 650 649 649 648 648 647 647 647
0 0 0 0 0 0 0 0 0 0 0 0 0 0 0 0 0 0 0 0 0 650 649 649 648 648 648 648 648 648 648 648 648 648 648 648 648 648 648 647 647 647 647 648 648 647 647 646 646 646 646 647 647 647 646 644 644 644 644 644 644 644 643 643 643 643 643 644 644 647 647 648 647 647 646 644 644 646 646 646 646 646 647 647 647 646 646 647 647 644 644 644 644 644 642 642 644 644 644 644 644 644 646 0 0 0 0 0 0 0 0 0 0 0 0 0 0 0 0 0 0 0 0 0 0 0 0 0 0 0 0 0 0 0 0 0 0 0 0 0 0 0 0 0 0 0 0 0 0 0 0 0 0 0 0 0 0 0 0 0 0 0 0 0 0 0 0 0 0 0 0 0 0 0 0 0 0 0 0 0 0 0 0 0 0 0 0 0 0 0 0 0 0 0 0 0 0 0 0 0 0 0 0 0 0 0 0 0 0 0 0 0 0 0 0 0 0 0 0 0 0 0 0 0 0 0 0 0 0 0 0 0 0 0 644 644 646 644 644 644 642 642 644 644 644 643 643 643 644 644 644 644 644 646 646 646 646 646 646 646 646 646 646 648 648 648 648 648 648 648 648 649 649 649 648 648 648 648 648 648 649 649 649 649 648 648 649 649 649 649 649 649 649 650 650 650 649 649 650 650 650 652 652 652 652 650 650 650 650 652 652 652 652 652 650 650 650 649 649 648
0 0 0 0 0 0 0 0 0 0 0 0 0 0 0 0 0 0 0 0 0 650 649 649 649 648 648 648 648 648 648 648 649 648 648 648 648 648 648 648 648 648 648 648 648 648 648 647 647 647 647 647 647 647 647 646 646 646 646 644 644 648 648 644 644 644 644 646 646 647 647 648 648 647 647 646 646 646 646 647 647 647 648 648 648 647 647 648 648 647 647 644 644 644 643 643 644 644 644 644 646 646 0 0 0 0 0 0 0 0 0 0 0 0 0 0 0 0 0 0 0 0 0 0 0 0 0 0 0 0 0 0 0 0 0 0 0 0 0 0 0 0 0 0 0 0 0 0 0 0 0 0 0 0 0 0 0 0 0 0 0 0 0 0 0 0 0 0 0 0 0 0 0 0 0 0 0 0 0 0 0 0 0 0 0 0 0 0 0 0 0 0 0 0 0 0 0 0 0 0 0 0 0 0 0 0 0 0 0 0 0 0 0 0 0 0 0 0 0 0 0 0 0 0 0 0 0 0 0 0 0 0 0 646 644 644 646 646 646 646 646 646 646 646 646 646 646 646 646 646 646 646 646 647 647 647 647 647 647 646 646 647 647 648 648 649 649 649 649 649 649 649 649 649 649 648 648 648 648 649 650 650 650 650 650 650 652 652 650 650 652 650 650 652 652 652 650 650 652 652 652 653 653 653 652 650 650 650 650 652 653 653 653 653 653 652 652 650 650 649
0 0 0 0 0 0 0 0 0 0 0 0 0 0 0 0 0 0 0 0 0 653 649 649 649 649 650 650 650 650 650 650 649 649 649 648 648 649 649 649 649 649 649 649 649 649 649 648 648 648 648 648 648 648 647 646 646 647 647 647 648 648 649 646 646 644 644 646 646 648 648 648 648 647 647 647 647 647 647 647 648 648 649 649 649 648 648 648 648 648 648 648 648 648 646 646 647 647 647 647 647 647 0 0 0 0 0 0 0 0 0 0 0 0 0 0 0 0 0 0 0 0 0 0 0 0 0 0 0 0 0 0 0 0 0 0 0 0 0 0 0 0 0 0 0 0 0 0 0 0 0 0 0 0 0 0 0 0 0 0 0 0 0 0 0 0 0 0 0 0 0 0 0 0 0 0 0 0 0 0 0 0 0 0 0 0 0 0 0 0 0 0 0 0 0 0 0 0 0 0 0 0 0 0 0 0 0 0 0 0 0 0 0 0 0 0 0 0 0 0 0 0 0 0 0 0 0 0 0 0 0 0 0 646 644 644 646 647 647 647 647 647 647 647 647 647 647 647 647 647 646 646 647 647 647 647 647 647 647 647 647 647 648 650 652 650 650 650 652 652 652 652 652 649 649 650 650 650 652 652 652 652 652 652 652 653 653 653 653 653 653 653 653 653 653 653 653 654 653 653 653 654 654 655 654 653 652 652 652 653 653 654 654 654 654 653 653 653 652 652
0 0 0 0 0 0 0 0 0 0 0 0 0 0 0 0 0 0 0 0 0 653 653 653 653 650 650 650 652 652 652 653 652 652 649 648 648 649 649 650 650 649 649 649 649 649 649 649 649 649 649 649 648 648 648 648 648 647 647 648 648 649 649 648 647 646 646 647 648 648 648 648 648 648 648 647 647 648 648 648 648 649 650 649 649 649 649 649 649 649 649 649 648 648 649 649 649 649 649 649 649 649 0 0 0 0 0 0 0 0 0 0 0 0 0 0 0 0 0 0 0 0 0 0 0 0 0 0 0 0 0 0 0 0 0 0 0 0 0 0 0 0 0 0 0 0 0 0 0 0 0 0 0 0 0 0 0 0 0 0 0 0 0 0 0 0 0 0 0 0 0 0 0 0 0 0 0 0 0 0 0 0 0 0 0 0 0 0 0 0 0 0 0 0 0 0 0 0 0 0 0 0 0 0 0 0 0 0 0 0 0 0 0 0 0 0 0 0 0 0 0 0 0 0 0 0 0 0 0 0 0 0 0 648 648 647 647 647 648 648 648 649 648 648 648 648 648 649 648 648 648 648 648 648 649 649 649 649 649 649 649 649 650 652 652 652 652 652 652 652 652 652 652 650 650 652 652 653 653 653 652 652 652 652 653 653 653 653 653 653 653 654 654 654 654 654 654 655 654 653 653 654 654 655 655 655 653 653 653 654 654 655 654 654 654 654 654 654 653 653
0 0 0 0 0 0 0 0 0 0 0 0 0 0 0 0 0 0 0 0 0 653 653 653 654 654 654 654 653 653 653 653 654 653 650 649 649 652 652 652 650 650 650 652 652 652 652 652 652 649 649 650 650 650 652 650 650 649 649 649 649 653 649 649 648 648 648 650 650 652 652 652 650 650 649 649 649 650 652 652 652 652 652 652 650 650 650 650 650 650 650 650 650 650 650 650 650 652 650 650 650 650 653 0 0 0 0 0 0 0 0 0 0 0 0 0 0 0 0 0 0 0 0 0 0 0 0 0 0 0 0 0 0 0 0 0 0 0 0 0 0 0 0 0 0 0 0 0 0 0 0 0 0 0 0 0 0 0 0 0 0 0 0 0 0 0 0 0 0 0 0 0 0 0 0 0 0 0 0 0 0 0 0 0 0 0 0 0 0 0 0 0 0 0 0 0 0 0 0 0 0 0 0 0 0 0 0 0 0 0 0 0 0 0 0 0 0 0 0 0 0 0 0 0 0 0 0 0 0 0 0 0 0 0 648 648 648 648 648 649 649 650 649 649 649 649 649 649 648 648 648 648 649 649 650 650 650 650 650 650 650 650 650 653 652 652 652 652 652 652 653 653 653 653 653 653 653 653 653 653 653 653 653 653 653 654 654 654 654 654 654 655 655 655 655 655 655 655 655 654 654 654 654 655 655 655 654 654 654 654 655 657 655 655 654 654 654 655 654 654
0 0 0 0 0 0 0 0 0 0 0 0 0 0 0 0 0 0 0 0 0 654 654 655 655 655 655 655 653 653 653 653 654 653 652 652 652 653 652 652 652 652 653 653 653 653 653 653 653 652 652 653 652 652 653 652 652 652 652 652 653 653 649 649 649 649 649 650 653 653 653 652 652 650 650 650 652 652 652 652 652 652 652 652 652 652 652 652 652 652 652 652 652 650 650 650 650 652 650 650 653 652 652 653 0 0 0 0 0 0 0 0 0 0 0 0 0 0 0 0 0 0 0 0 0 0 0 0 0 0 0 0 0 0 0 0 0 0 0 0 0 0 0 0 0 0 0 0 0 0 0 0 0 0 0 0 0 0 0 0 0 0 0 0 0 0 0 0 0 0 0 0 0 0 0 0 0 0 0 0 0 0 0 0 0 0 0 0 0 0 0 0 0 0 0 0 0 0 0 0 0 0 0 0 0 0 0 0 0 0 0 0 0 0 0 0 0 0 0 0 0 0 0 0 0 0 0 0 0 0 0 0 0 0 649 649 649 649 649 649 650 650 650 649 649 649 649 649 649 649 649 649 649 650 650 650 650 650 650 652 652 652 652 653 652 652 653 652 652 653 653 653 653 653 653 653 653 653 654 654 655 654 654 654 654 655 655 655 655 655 657 657 657 657 657 657 657 657 657 657 655 655 655 657 657 657 655 655 657 658 658 658 658 658 655 655 655 655 655 655
0 0 0 0 0 0 0 0 0 0 0 0 0 0 0 0 0 0 0 0 0 657 657 657 655 655 657 657 657 655 654 654 654 654 654 654 654 654 654 653 652 652 653 653 653 654 654 654 654 652 652 653 653 653 653 653 653 652 652 652 653 653 652 650 650 649 649 652 649 649 655 654 652 652 652 653 653 653 653 653 653 652 652 652 652 652 652 652 652 653 653 653 653 652 652 652 652 652 650 650 653 652 652 653 0 0 0 0 0 0 0 0 0 0 0 0 0 0 0 0 0 0 0 0 0 0 0 0 0 0 0 0 0 0 0 0 0 0 0 0 0 0 0 0 0 0 0 0 0 0 0 0 0 0 0 0 0 0 0 0 0 0 0 0 0 0 0 0 0 0 0 0 0 0 0 0 0 0 0 0 0 0 0 0 0 0 0 0 0 0 0 0 0 0 0 0 0 0 0 0 0 0 0 0 0 0 0 0 0 0 0 0 0 0 0 0 0 0 0 0 0 0 0 0 0 0 0 0 0 0 0 0 0 0 650 648 648 650 650 652 652 650 650 650 650 649 649 649 650 650 650 650 650 650 650 650 652 653 653 653 653 653 653 654 653 653 654 653 653 653 654 654 654 654 654 655 655 655 655 655 657 657 655 655 655 655 655 657 657 657 657 657 657 657 657 657 657 657 657 657 657 657 657 657 657 657 657 657 658 658 659 659 659 658 658 657 657 658 658 658
0 0 0 0 0 0 0 0 0 0 0 0 0 0 0 0 0 0 0 0 0 658 657 657 657 657 657 657 658 658 657 654 654 655 655 655 654 654 654 654 653 653 654 654 654 654 654 654 654 653 653 654 653 653 653 653 653 653 653 654 654 654 653 653 653 652 652 653 649 649 654 654 653 653 653 653 654 654 654 653 653 653 653 653 654 654 654 653 653 653 654 654 654 654 654 653 653 653 653 653 653 652 652 653 0 0 0 0 0 0 0 0 0 0 0 0 0 0 0 0 0 0 0 0 0 0 0 0 0 0 0 0 0 0 0 0 0 0 0 0 0 0 0 0 0 0 0 0 0 0 0 0 0 0 0 0 0 0 0 0 0 0 0 0 0 0 0 0 0 0 0 0 0 0 0 0 0 0 0 0 0 0 0 0 0 0 0 0 0 0 0 0 0 0 0 0 0 0 0 0 0 0 0 0 0 0 0 0 0 0 0 0 0 0 0 0 0 0 0 0 0 0 0 0 0 0 0 0 0 0 0 0 0 0 0 648 648 650 650 652 652 650 650 652 652 650 650 650 650 652 652 652 652 652 652 652 653 653 653 654 654 654 655 655 654 654 655 654 654 654 654 654 654 654 654 655 655 655 657 657 657 657 657 657 657 657 657 657 657 657 657 657 657 657 657 658 658 658 658 658 658 658 658 658 658 658 658 658 658 658 659 659 659 658 658 659 659 659 659 659
0 0 0 0 0 0 0 0 0 0 0 0 0 0 0 0 0 0 0 0 0 658 658 658 657 657 657 658 658 658 658 655 655 658 657 657 655 655 657 655 655 655 655 655 654 654 654 654 654 655 655 654 654 654 654 653 653 653 654 655 655 654 654 654 654 654 654 654 654 654 654 655 655 654 653 653 654 654 654 653 653 654 654 654 654 654 654 654 654 654 655 655 655 654 654 654 653 653 654 654 654 653 653 0 0 0 0 0 0 0 0 0 0 0 0 0 0 0 0 0 0 0 0 0 0 0 0 0 0 0 0 0 0 0 0 0 0 0 0 0 0 0 0 0 0 0 0 0 0 0 0 0 0 0 0 0 0 0 0 0 0 0 0 0 0 0 0 0 0 0 0 0 0 0 0 0 0 0 0 0 0 0 0 0 0 0 0 0 0 0 0 0 0 0 0 0 0 0 0 0 0 0 0 0 0 0 0 0 0 0 0 0 0 0 0 0 0 0 0 0 0 0 0 0 0 0 0 0 0 0 0 0 0 0 652 650 650 653 653 653 652 652 652 652 653 653 653 653 653 653 653 653 653 653 653 653 653 653 654 655 655 655 655 657 655 655 655 654 654 657 657 657 657 657 657 657 657 657 657 657 658 658 658 658 658 658 658 658 658 658 657 657 657 657 657 658 659 659 658 658 658 658 658 658 659 659 658 658 658 658 659 659 659 658 658 658 658 661 661 661
0 0 0 0 0 0 0 0 0 0 0 0 0 0 0 0 0 0 0 0 0 658 658 658 658 658 658 658 659 658 658 658 658 658 658 658 659 658 658 657 657 657 657 657 655 655 655 655 655 655 655 655 655 655 655 654 654 654 655 657 655 655 655 654 654 655 655 657 657 655 655 655 655 655 655 655 655 655 655 654 654 655 655 655 655 655 655 655 655 655 655 657 657 655 654 654 653 653 654 654 654 654 654 0 0 0 0 0 0 0 0 0 0 0 0 0 0 0 0 0 0 0 0 0 0 0 0 0 0 0 0 0 0 0 0 0 0 0 0 0 0 0 0 0 0 0 0 0 0 0 0 0 0 0 0 0 0 0 0 0 0 0 0 0 0 0 0 0 0 0 0 0 0 0 0 0 0 0 0 0 0 0 0 0 0 0 0 0 0 0 0 0 0 0 0 0 0 0 0 0 0 0 0 0 0 0 0 0 0 0 0 0 0 0 0 0 0 0 0 0 0 0 0 0 0 0 0 0 0 0 0 0 0 0 652 652 652 654 654 654 653 653 653 653 654 654 654 654 654 654 654 654 654 654 654 655 655 655 655 654 654 654 654 657 657 657 655 655 657 657 657 657 657 657 657 657 657 657 657 657 658 658 658 658 658 658 658 658 658 658 649 649 650 655 655 658 659 659 648 648 653 655 655 655 657 659 658 658 657 657 659 659 661 658 658 658 658 661 661 661
0 0 0 0 0 0 0 0 0 0 0 0 0 0 0 0 0 0 0 0 0 658 658 658 658 658 659 659 661 659 659 658 658 658 658 659 659 659 658 658 658 657 657 658 657 657 658 658 658 657 657 657 657 657 657 658 657 657 657 657 657 657 657 655 655 657 657 657 657 655 655 655 655 657 657 657 658 657 657 655 655 657 658 658 655 655 655 657 657 655 655 657 657 657 657 655 655 655 655 655 655 655 655 0 0 0 0 0 0 0 0 0 0 0 0 0 0 0 0 0 0 0 0 0 0 0 0 0 0 0 0 0 0 0 0 0 0 0 0 0 0 0 0 0 0 0 0 0 0 0 0 0 0 0 0 0 0 0 0 0 0 0 0 0 0 0 0 0 0 0 0 0 0 0 0 0 0 0 0 0 0 0 0 0 0 0 0 0 0 0 0 0 0 0 0 0 0 0 0 0 0 0 0 0 0 0 0 0 0 0 0 0 0 0 0 0 0 0 0 0 0 0 0 0 0 0 0 0 0 0 0 0 0 0 653 653 653 654 654 654 653 653 653 653 653 653 654 654 654 654 655 655 655 654 654 655 655 655 643 643 646 646 654 655 657 657 655 655 657 657 657 657 657 657 657 657 657 657 657 657 657 657 657 657 658 658 658 642 642 646 646 646 644 644 643 642 642 642 643 643 644 647 647 648 649 649 649 657 657 657 0 0 0 0 0 0 0 0 0 0
0 0 0 0 0 0 0 0 0 0 0 0 0 0 0 0 0 0 0 0 0 662 659 659 661 661 661 661 662 661 659 659 659 659 659 659 659 659 659 659 659 658 658 658 658 658 658 658 658 658 658 658 658 658 659 658 657 657 657 657 657 657 657 657 657 657 658 658 658 655 655 655 657 657 658 658 659 659 658 657 657 657 657 659 658 658 658 658 658 658 658 658 658 658 657 655 655 655 655 657 657 657 657 658 0 0 0 0 0 0 0 0 0 0 0 0 0 0 0 0 0 0 0 0 0 0 0 0 0 0 0 0 0 0 0 0 0 0 0 0 0 0 0 0 0 0 0 0 0 0 0 0 0 0 0 0 0 0 0 0 0 0 0 0 0 0 0 0 0 0 0 0 0 0 0 0 0 0 0 0 0 0 0 0 0 0 0 0 0 0 0 0 0 0 0 0 0 0 0 0 0 0 0 0 0 0 0 0 0 0 0 0 0 0 0 0 0 0 0 0 0 0 0 0 0 0 0 0 0 0 0 0 0 0 655 655 654 654 655 654 653 652 650 650 650 653 654 637 637 637 636 636 657 654 654 637 637 638 640 640 640 641 642 643 657 657 657 657 657 658 657 637 637 637 637 637 636 636 634 634 634 652 657 657 657 638 638 638 638 638 638 643 642 642 641 640 640 640 641 641 637 637 634 634 649 649 630 0 0 0 0 0 0 0 0 0 0 0 0 0
0 0 0 0 0 0 0 0 0 0 0 0 0 0 0 0 0 0 0 0 0 662 661 661 662 662 662 662 662 661 661 659 659 659 659 659 661 661 659 659 659 659 659 659 659 659 659 659 659 659 659 659 659 659 659 659 658 658 658 658 658 658 658 658 658 658 658 658 658 655 655 655 657 658 658 658 659 659 658 657 657 657 657 659 659 659 659 659 659 659 658 658 658 658 658 657 657 658 658 658 658 658 658 658 0 0 0 0 0 0 0 0 0 0 0 0 0 0 0 0 0 0 0 0 0 0 0 0 0 0 0 0 0 0 0 0 0 0 0 0 0 0 0 0 0 0 0 0 0 0 0 0 0 0 0 0 0 0 0 0 0 0 0 0 0 0 0 0 0 0 0 0 0 0 0 0 0 0 0 0 0 0 0 0 0 0 0 0 0 0 0 0 0 0 0 0 0 0 0 0 0 0 0 0 0 0 0 0 0 0 0 0 0 0 0 0 0 0 0 0 0 0 0 0 0 0 0 0 0 0 0 0 0 0 0 637 637 637 636 632 632 652 650 650 630 630 635 635 636 636 635 634 630 630 631 632 634 636 636 636 636 637 637 640 637 634 634 637 637 637 636 636 635 635 636 637 636 636 634 634 634 632 632 632 634 637 637 637 636 635 635 636 638 640 638 637 637 636 636 636 635 635 632 631 630 630 630 0 0 0 0 0 0 0 0 0 0 0 0 0
0 0 0 0 0 0 0 0 0 0 0 0 0 0 0 0 0 0 0 0 0 663 663 663 663 663 663 663 663 663 663 661 659 659 659 659 661 662 661 659 659 659 659 659 661 661 661 661 661 659 659 659 659 659 659 659 659 659 659 659 657 657 659 658 658 658 658 659 659 658 658 658 658 658 659 659 659 659 658 658 659 659 659 659 659 659 659 661 661 661 659 659 659 659 659 658 658 658 657 657 658 658 658 658 0 0 0 0 0 0 0 0 0 0 0 0 0 0 0 0 0 0 0 0 0 0 0 0 0 0 0 0 0 0 0 0 0 0 0 0 0 0 0 0 0 0 0 0 0 0 0 0 0 0 0 0 0 0 0 0 0 0 0 0 0 0 0 0 0 0 0 0 0 0 0 0 0 0 0 0 0 0 0 0 0 0 0 0 0 0 0 0 0 0 0 0 0 0 0 0 0 0 0 0 0 0 0 0 0 0 0 0 0 0 0 0 0 0 0 0 0 0 0 0 0 0 0 0 0 0 0 0 0 0 0 635 635 631 631 630 630 630 630 629 628 628 629 630 632 635 635 628 628 628 630 631 631 631 631 631 632 632 632 628 628 632 634 634 636 637 634 632 631 631 631 631 634 634 634 631 631 630 630 630 631 637 637 637 636 629 629 630 629 629 632 632 632 631 631 632 632 632 631 630 630 630 630 0 0 0 0 0 0 0 0 0 0 0 0 0
0 0 0 0 0 0 0 0 0 0 0 0 0 0 0 0 0 0 0 0 0 663 663 664 664 664 663 663 663 663 663 661 661 658 658 658 661 662 662 661 661 659 659 659 662 662 662 662 662 661 661 661 661 659 659 658 658 659 659 659 657 657 659 659 658 658 659 659 659 659 659 658 658 659 659 661 661 661 659 659 659 659 659 659 659 659 640 636 635 635 636 661 641 641 641 640 640 640 641 641 658 659 659 0 0 0 0 0 0 0 0 0 0 0 0 0 0 0 0 0 0 0 0 0 0 0 0 0 0 0 0 0 0 0 0 0 0 0 0 0 0 0 0 0 0 0 0 0 0 0 0 0 0 0 0 0 0 0 0 0 0 0 0 0 0 0 0 0 0 0 0 0 0 0 0 0 0 0 0 0 0 0 0 0 0 0 0 0 0 0 0 0 0 0 0 0 0 0 0 0 0 0 0 0 0 0 0 0 0 0 0 0 0 0 0 0 0 0 0 0 0 0 0 0 0 0 0 0 0 0 0 0 0 0 628 628 628 627 627 628 628 627 627 627 627 627 625 625 627 624 624 624 624 625 629 630 628 628 628 628 627 625 624 624 625 625 627 624 624 625 625 628 628 628 627 627 627 628 628 628 627 627 628 624 624 624 624 622 622 622 623 624 625 628 625 625 624 624 628 631 632 632 631 630 630 630 0 0 0 0 0 0 0 0 0 0 0 0 0 0
0 0 0 0 0 0 0 0 0 0 0 0 0 0 0 0 0 0 0 0 0 664 664 664 664 664 663 663 663 664 664 664 663 658 658 637 637 662 662 664 662 659 642 642 642 664 663 663 662 634 634 637 637 640 641 658 658 661 661 635 635 638 638 640 638 638 638 638 662 663 663 661 635 634 634 634 635 636 638 636 635 634 634 634 663 641 638 636 635 635 636 636 637 637 638 638 638 638 640 641 636 636 637 0 0 0 0 0 0 0 0 0 0 0 0 0 0 0 0 0 0 0 0 0 0 0 0 0 0 0 0 0 0 0 0 0 0 0 0 0 0 0 0 0 0 0 0 0 0 0 0 0 0 0 0 0 0 0 0 0 0 0 0 0 0 0 0 0 0 0 0 0 0 0 0 0 0 0 0 0 0 0 0 0 0 0 0 0 0 0 0 0 0 0 0 0 0 0 0 0 0 0 0 0 0 0 0 0 0 0 0 0 0 0 0 0 0 0 0 0 0 0 0 0 0 0 0 0 0 0 0 0 0 621 621 621 622 624 623 623 622 622 622 622 625 624 622 621 621 621 621 622 622 623 622 622 623 624 623 623 622 622 623 622 622 622 621 621 622 622 620 620 620 621 621 623 623 621 619 619 621 621 621 621 621 620 620 619 619 620 620 620 622 622 620 620 619 619 619 620 620 619 619 620 620 0 0 0 0 0 0 0 0 0 0 0 0 0 0 0
0 0 0 0 0 0 0 0 0 0 0 0 0 0 0 0 0 0 0 0 0 0 643 638 638 637 637 637 667 667 667 668 668 635 635 636 637 637 636 636 636 638 638 638 638 638 638 636 636 634 634 635 637 638 638 636 635 635 635 634 634 636 636 636 636 636 636 635 635 635 664 663 635 634 634 634 634 636 636 636 635 634 634 634 635 638 638 634 634 634 635 635 632 631 631 635 637 638 640 640 635 635 635 0 0 0 0 0 0 0 0 0 0 0 0 0 0 0 0 0 0 0 0 0 0 0 0 0 0 0 0 0 0 0 0 0 0 0 0 0 0 0 0 0 0 0 0 0 0 0 0 0 0 0 0 0 0 0 0 0 0 0 0 0 0 0 0 0 0 0 0 0 0 0 0 0 0 0 0 0 0 0 0 0 0 0 0 0 0 0 0 0 0 0 0 0 0 0 0 0 0 0 0 0 0 0 0 0 0 0 0 0 0 0 0 0 0 0 0 0 0 0 0 0 0 0 0 0 0 0 0 0 0 618 618 619 618 618 618 615 615 618 618 619 622 621 620 619 619 618 616 615 615 615 615 618 619 619 619 619 618 618 619 620 619 619 619 619 618 616 616 618 618 618 618 620 615 615 614 614 615 616 619 619 620 619 619 618 618 618 618 616 614 614 613 612 612 613 615 615 616 616 616 618 618 608 608 0 0 0 0 0 0 0 0 0 0 0 0 0
0 0 0 0 0 0 0 0 0 0 0 0 0 0 0 0 0 0 0 0 0 0 638 637 637 635 635 636 640 640 637 634 634 634 634 635 636 637 636 635 635 638 634 634 636 636 636 635 635 634 634 634 631 631 634 634 635 635 635 634 634 635 634 634 634 634 634 635 634 634 634 634 634 632 632 632 634 635 635 636 630 630 631 632 634 631 629 629 629 631 631 631 630 629 629 630 637 638 638 635 635 635 635 0 0 0 0 0 0 0 0 0 0 0 0 0 0 0 0 0 0 0 0 0 0 0 0 0 0 0 0 0 0 0 0 0 0 0 0 0 0 0 0 0 0 0 0 0 0 0 0 0 0 0 0 0 0 0 0 0 0 0 0 0 0 0 0 0 0 0 0 0 0 0 0 0 0 0 0 0 0 0 0 0 0 0 0 0 0 0 0 0 0 0 0 0 0 0 0 0 0 0 0 0 0 0 0 0 0 0 0 0 0 0 0 0 0 0 0 0 0 0 0 0 0 0 0 0 0 0 0 0 0 609 609 607 607 607 607 610 609 609 606 606 606 606 606 607 608 608 607 606 606 606 606 606 606 606 604 603 603 603 603 602 602 603 607 609 610 610 610 613 603 603 603 604 607 606 606 607 610 610 619 619 620 619 610 610 612 611 611 610 608 608 608 609 610 610 610 610 612 613 614 614 614 607 607 607 607 0 0 0 0 0 0 0 0 0 0 0
0 0 0 0 0 0 0 0 0 0 0 0 0 0 0 0 0 0 0 0 0 0 631 631 632 630 630 634 635 638 631 631 631 631 632 632 630 630 630 630 629 629 630 629 629 631 631 631 630 630 629 627 625 625 634 634 634 634 635 630 621 621 622 621 620 620 618 616 616 630 619 619 619 619 619 619 619 621 620 620 620 620 621 624 629 620 620 621 621 620 620 619 619 624 625 629 621 621 620 620 620 621 621 622 622 0 0 0 0 0 0 0 0 0 0 0 0 0 0 0 0 0 0 0 0 0 0 0 0 0 0 0 0 0 0 0 0 0 0 0 0 0 0 0 0 0 0 0 0 0 0 0 0 0 0 0 0 0 0 0 0 0 0 0 0 0 0 0 0 0 0 0 0 0 0 0 0 0 0 0 0 0 0 0 0 0 0 0 0 0 0 0 0 0 0 0 0 0 0 0 0 0 0 0 0 0 0 0 0 0 0 0 0 0 0 0 0 0 0 0 0 0 0 0 0 0 0 0 0 0 0 0 601 601 602 602 603 602 602 601 600 600 601 601 603 603 603 601 601 601 601 601 602 601 601 600 600 601 601 601 600 599 599 599 600 601 601 598 598 598 599 599 599 600 601 601 602 603 604 604 604 602 602 602 600 600 601 602 603 604 602 602 601 601 598 598 598 599 603 604 603 598 598 598 598 607 607 607 607 0 0 0 0 0 0 0 0 0 0 0
0 0 0 0 0 0 0 0 0 0 0 0 0 0 0 0 0 0 0 0 0 0 621 621 622 622 620 619 618 618 619 621 621 622 623 623 624 624 622 622 623 616 616 616 618 620 621 621 621 620 620 620 620 618 616 615 615 616 616 618 618 618 616 616 618 614 614 615 616 620 615 614 614 616 616 618 618 620 620 618 618 615 614 614 614 615 615 615 615 615 615 614 614 613 613 613 613 618 618 616 614 608 608 608 609 0 0 0 0 0 0 0 0 0 0 0 0 0 0 0 0 0 0 0 0 0 0 0 0 0 0 0 0 0 0 0 0 0 0 0 0 0 0 0 0 0 0 0 0 0 0 0 0 0 0 0 0 0 0 0 0 0 0 0 0 0 0 0 0 0 0 0 0 0 0 0 0 0 0 0 0 0 0 0 0 0 0 0 0 0 0 0 0 0 0 0 0 0 0 0 0 0 0 0 0 0 0 0 0 0 0 0 0 0 0 0 0 0 0 0 0 0 0 0 0 0 0 0 0 0 0 0 598 598 599 600 600 600 600 599 599 599 599 599 599 600 600 599 599 599 599 599 599 595 594 594 595 595 597 597 596 596 596 596 598 599 601 595 595 597 598 597 597 598 598 598 598 598 600 600 601 600 600 600 598 598 598 598 599 598 598 598 598 597 597 596 596 596 596 595 594 594 594 596 596 596 596 607 607 0 0 0 0 0 0 0 0 0 0 0
0 0 0 0 0 0 0 0 0 0 0 0 0 0 0 0 0 0 0 0 0 0 619 619 619 619 616 616 615 615 616 618 618 619 619 620 622 622 620 619 616 613 613 613 614 616 618 618 612 612 612 613 615 615 612 612 613 614 614 614 614 614 613 613 612 611 611 612 622 620 612 611 611 612 612 613 615 620 612 612 612 612 611 611 611 612 611 610 609 609 609 610 612 610 608 608 609 603 603 606 606 606 607 607 607 0 0 0 0 0 0 0 0 0 0 0 0 0 0 0 0 0 0 0 0 0 0 0 0 0 0 0 0 0 0 0 0 0 0 0 0 0 0 0 0 0 0 0 0 0 0 0 0 0 0 0 0 0 0 0 0 0 0 0 0 0 0 0 0 0 0 0 0 0 0 0 0 0 0 0 0 0 0 0 0 0 0 0 0 0 0 0 0 0 0 0 0 0 0 0 0 0 0 0 0 0 0 0 0 0 0 0 0 0 0 0 0 0 0 0 0 0 0 0 0 0 0 0 0 0 0 0 598 596 596 596 597 597 595 595 595 595 596 594 593 592 591 591 592 592 592 590 590 593 592 592 592 592 592 593 594 594 594 594 593 593 592 592 593 593 594 594 594 593 593 593 593 594 594 594 595 594 592 591 591 592 595 596 592 592 593 594 595 595 594 594 594 593 593 592 592 592 593 593 592 592 592 0 0 0 0 0 0 0 0 0 0 0 0 0
0 0 0 0 0 0 0 0 0 0 0 0 0 0 0 0 0 0 0 0 0 0 613 613 613 615 615 615 614 614 614 613 613 613 612 611 611 611 612 610 610 610 610 611 612 613 610 608 608 608 609 610 608 608 609 608 608 610 611 611 611 610 610 610 608 608 611 612 612 612 612 608 608 608 609 613 615 607 607 609 609 609 608 608 608 606 606 607 606 606 606 606 606 606 604 604 601 601 601 602 602 603 604 603 603 0 0 0 0 0 0 0 0 0 0 0 0 0 0 0 0 0 0 0 0 0 0 0 0 0 0 0 0 0 0 0 0 0 0 0 0 0 0 0 0 0 0 0 0 0 0 0 0 0 0 0 0 0 0 0 0 0 0 0 0 0 0 0 0 0 0 0 0 0 0 0 0 0 0 0 0 0 0 0 0 0 0 0 0 0 0 0 0 0 0 0 0 0 0 0 0 0 0 0 0 0 0 0 0 0 0 0 0 0 0 0 0 0 0 0 0 0 0 0 0 0 0 0 0 0 0 0 0 589 589 589 590 589 589 586 586 586 587 587 587 587 587 588 588 588 588 588 588 589 591 591 591 589 588 587 587 591 592 592 592 590 590 590 590 590 588 586 586 589 590 590 591 588 588 588 588 586 586 586 587 588 590 586 586 587 587 589 593 589 589 586 586 586 586 587 587 590 591 590 589 589 589 0 0 0 0 0 0 0 0 0 0 0 0 0
0 0 0 0 0 0 0 0 0 0 0 0 0 0 0 0 0 0 0 0 0 0 611 611 612 613 613 613 613 611 611 611 611 611 612 610 608 608 607 607 604 604 604 606 610 606 606 604 604 606 606 603 603 603 603 603 604 604 601 599 599 601 606 606 608 608 608 595 595 595 608 608 608 601 599 598 598 600 600 599 599 600 601 601 599 599 599 601 601 598 598 597 597 599 599 599 597 597 600 600 600 600 604 599 599 0 0 0 0 0 0 0 0 0 0 0 0 0 0 0 0 0 0 0 0 0 0 0 0 0 0 0 0 0 0 0 0 0 0 0 0 0 0 0 0 0 0 0 0 0 0 0 0 0 0 0 0 0 0 0 0 0 0 0 0 0 0 0 0 0 0 0 0 0 0 0 0 0 0 0 0 0 0 0 0 0 0 0 0 0 0 0 0 0 0 0 0 0 0 0 0 0 0 0 0 0 0 0 0 0 0 0 0 0 0 0 0 0 0 0 0 0 0 0 0 0 0 0 0 0 0 0 0 585 585 585 586 585 582 582 583 583 584 584 584 584 584 584 584 584 584 584 585 584 584 585 585 584 582 582 581 581 581 581 584 586 586 586 583 582 582 584 584 585 586 585 584 584 584 584 584 584 585 585 585 582 582 583 585 585 585 582 582 589 586 581 581 582 583 584 585 586 586 584 578 578 578 0 0 0 0 0 0 0 0 0 0 0 0 0
0 0 0 0 0 0 0 0 0 0 0 0 0 0 0 0 0 0 0 0 0 0 611 611 612 613 613 613 603 603 603 601 601 601 602 602 602 598 595 595 596 601 601 600 599 599 599 599 601 601 601 601 601 602 601 601 601 597 597 598 598 598 598 599 598 597 596 595 595 595 596 596 597 597 596 596 596 599 598 597 597 597 598 596 595 595 594 594 595 595 595 596 596 596 596 595 594 594 595 595 594 592 591 591 588 588 0 0 0 0 0 0 0 0 0 0 0 0 0 0 0 0 0 0 0 0 0 0 0 0 0 0 0 0 0 0 0 0 0 0 0 0 0 0 0 0 0 0 0 0 0 0 0 0 0 0 0 0 0 0 0 0 0 0 0 0 0 0 0 0 0 0 0 0 0 0 0 0 0 0 0 0 0 0 0 0 0 0 0 0 0 0 0 0 0 0 0 0 0 0 0 0 0 0 0 0 0 0 0 0 0 0 0 0 0 0 0 0 0 0 0 0 0 0 0 0 0 0 0 0 0 0 0 585 583 580 580 580 580 580 581 581 580 580 580 580 580 581 581 580 580 578 578 577 577 578 579 581 581 581 580 580 579 579 579 579 580 582 581 581 581 581 582 581 581 581 581 581 579 579 580 583 583 583 583 581 581 580 580 581 578 578 578 576 576 577 577 579 579 575 575 575 575 576 578 578 575 575 576 0 0 0 0 0 0 0 0 0 0 0
0 0 0 0 0 0 0 0 0 0 0 0 0 0 0 0 0 0 0 0 0 0 0 597 597 597 594 603 603 603 603 598 596 596 599 599 598 596 595 595 596 597 596 596 596 597 596 596 598 598 599 598 598 594 594 594 594 593 593 593 595 593 593 594 591 591 595 593 593 593 591 591 591 591 592 593 594 596 597 596 595 593 589 589 592 592 593 592 592 592 592 592 592 592 595 595 592 591 591 592 592 588 588 588 588 588 588 0 0 0 0 0 0 0 0 0 0 0 0 0 0 0 0 0 0 0 0 0 0 0 0 0 0 0 0 0 0 0 0 0 0 0 0 0 0 0 0 0 0 0 0 0 0 0 0 0 0 0 0 0 0 0 0 0 0 0 0 0 0 0 0 0 0 0 0 0 0 0 0 0 0 0 0 0 0 0 0 0 0 0 0 0 0 0 0 0 0 0 0 0 0 0 0 0 0 0 0 0 0 0 0 0 0 0 0 0 0 0 0 0 0 0 0 0 0 0 0 0 0 0 0 0 574 574 576 576 576 577 577 577 576 576 580 580 577 577 577 577 575 575 576 575 575 575 575 575 575 575 574 574 575 576 576 576 577 577 577 577 577 577 578 578 579 578 578 575 575 576 576 575 575 576 580 583 583 579 579 577 577 580 574 574 575 575 575 576 576 575 575 574 572 572 573 574 575 576 575 575 576 0 0 0 0 0 0 0 0 0 0 0
0 0 0 0 0 0 0 0 0 0 0 0 0 0 0 0 0 0 0 0 0 0 0 596 594 594 594 594 598 598 594 594 594 594 598 590 590 590 591 592 593 594 595 594 594 594 593 593 594 593 591 591 590 590 591 590 590 589 589 590 591 587 587 586 586 586 588 588 589 587 585 585 585 586 588 590 591 593 597 587 587 588 588 588 590 590 590 590 590 590 589 589 588 583 583 585 587 590 590 584 584 585 585 586 586 587 588 0 0 0 0 0 0 0 0 0 0 0 0 0 0 0 0 0 0 0 0 0 0 0 0 0 0 0 0 0 0 0 0 0 0 0 0 0 0 0 0 0 0 0 0 0 0 0 0 0 0 0 0 0 0 0 0 0 0 0 0 0 0 0 0 0 0 0 0 0 0 0 0 0 0 0 0 0 0 0 0 0 0 0 0 0 0 0 0 0 0 0 0 0 0 0 0 0 0 0 0 0 0 0 0 0 0 0 0 0 0 0 0 0 0 0 0 0 0 0 0 0 0 0 0 0 573 573 569 569 571 571 571 571 571 571 572 571 570 570 569 569 570 569 569 570 571 571 571 571 571 571 570 570 572 571 571 576 576 575 573 573 571 570 570 570 579 573 573 570 569 569 570 573 573 571 571 568 568 569 575 575 575 570 570 570 571 571 571 573 573 574 573 571 570 570 572 573 574 576 575 575 0 0 0 0 0 0 0 0 0 0 0 0
0 0 0 0 0 0 0 0 0 0 0 0 0 0 0 0 0 0 0 0 0 0 0 594 591 590 590 590 587 587 587 588 587 587 587 587 587 587 587 586 585 585 585 594 588 588 589 589 588 588 589 588 588 587 587 587 587 586 585 585 584 584 585 584 584 584 584 584 584 584 584 584 584 584 585 586 582 582 583 584 584 586 586 586 586 590 590 590 587 587 585 584 582 580 580 580 581 581 583 582 582 582 582 583 583 587 0 0 0 0 0 0 0 0 0 0 0 0 0 0 0 0 0 0 0 0 0 0 0 0 0 0 0 0 0 0 0 0 0 0 0 0 0 0 0 0 0 0 0 0 0 0 0 0 0 0 0 0 0 0 0 0 0 0 0 0 0 0 0 0 0 0 0 0 0 0 0 0 0 0 0 0 0 0 0 0 0 0 0 0 0 0 0 0 0 0 0 0 0 0 0 0 0 0 0 0 0 0 0 0 0 0 0 0 0 0 0 0 0 0 0 0 0 0 0 0 0 0 0 0 0 565 565 566 566 566 567 567 569 569 569 569 570 569 569 567 566 566 567 566 566 566 565 565 566 566 565 565 565 565 566 568 568 569 571 575 569 568 567 567 566 566 566 566 566 566 566 566 567 567 567 567 566 565 565 565 565 565 566 566 567 567 568 566 566 568 567 567 571 568 568 568 567 566 566 0 0 0 0 0 0 0 0 0 0 0 0 0 0 0
0 0 0 0 0 0 0 0 0 0 0 0 0 0 0 0 0 0 0 0 0 0 0 585 585 585 584 582 582 583 583 587 584 584 583 583 583 583 583 583 583 583 583 582 582 582 583 584 584 584 584 584 585 585 585 585 582 581 581 581 581 579 579 581 581 582 583 581 581 581 583 584 584 584 581 581 581 581 582 581 581 579 579 578 577 577 577 577 578 581 581 582 578 578 578 578 580 579 579 581 576 576 575 575 575 575 574 574 0 0 0 0 0 0 0 0 0 0 0 0 0 0 0 0 0 0 0 0 0 0 0 0 0 0 0 0 0 0 0 0 0 0 0 0 0 0 0 0 0 0 0 0 0 0 0 0 0 0 0 0 0 0 0 0 0 0 0 0 0 0 0 0 0 0 0 0 0 0 0 0 0 0 0 0 0 0 0 0 0 0 0 0 0 0 0 0 0 0 0 0 0 0 0 0 0 0 0 0 0 0 0 0 0 0 0 0 0 0 0 0 0 0 0 0 0 0 0 0 0 0 0 564 564 564 564 564 564 564 568 567 567 567 567 565 562 561 561 561 563 564 564 564 564 564 564 563 563 563 563 564 563 563 564 569 571 571 569 561 561 563 564 564 565 565 565 565 565 565 567 567 565 565 565 565 565 565 565 565 565 565 565 562 562 562 561 561 562 562 562 562 565 565 565 565 566 0 0 0 0 0 0 0 0 0 0 0 0 0 0 0
0 0 0 0 0 0 0 0 0 0 0 0 0 0 0 0 0 0 0 0 0 0 0 583 583 583 582 580 580 580 581 582 581 579 579 579 579 580 582 582 582 582 581 580 579 579 579 579 580 581 575 575 575 575 575 576 578 579 580 579 579 579 579 579 581 582 577 577 577 578 571 569 569 572 572 572 572 572 574 575 573 572 572 572 573 573 573 573 573 575 575 574 574 574 573 573 573 572 572 573 572 572 573 574 574 573 572 572 0 0 0 0 0 0 0 0 0 0 0 0 0 0 0 0 0 0 0 0 0 0 0 0 0 0 0 0 0 0 0 0 0 0 0 0 0 0 0 0 0 0 0 0 0 0 0 0 0 0 0 0 0 0 0 0 0 0 0 0 0 0 0 0 0 0 0 0 0 0 0 0 0 0 0 0 0 0 0 0 0 0 0 0 0 0 0 0 0 0 0 0 0 0 0 0 0 0 0 0 0 0 0 0 0 0 0 0 0 0 0 0 0 0 0 0 0 0 0 0 0 0 0 563 563 562 562 561 561 559 559 559 560 561 560 558 558 558 559 559 558 558 558 558 557 557 558 558 559 560 560 562 561 560 555 555 555 557 557 558 558 560 559 559 559 558 558 561 561 562 560 560 558 558 559 560 560 560 553 560 560 560 559 559 559 559 558 558 559 559 560 561 561 561 561 561 561 0 0 0 0 0 0 0 0 0 0 0 0 0 0 0
0 0 0 0 0 0 0 0 0 0 0 0 0 0 0 0 0 0 0 0 0 0 0 581 581 581 578 578 577 577 579 576 576 576 576 577 577 576 576 578 577 577 576 575 574 574 575 575 575 574 573 573 572 571 571 572 576 577 578 579 579 572 569 569 569 569 569 571 571 569 569 569 569 570 570 570 570 570 570 571 569 569 569 570 570 571 571 571 570 565 565 571 570 570 570 570 573 568 568 569 569 571 573 574 574 573 572 572 0 0 0 0 0 0 0 0 0 0 0 0 0 0 0 0 0 0 0 0 0 0 0 0 0 0 0 0 0 0 0 0 0 0 0 0 0 0 0 0 0 0 0 0 0 0 0 0 0 0 0 0 0 0 0 0 0 0 0 0 0 0 0 0 0 0 0 0 0 0 0 0 0 0 0 0 0 0 0 0 0 0 0 0 0 0 0 0 0 0 0 0 0 0 0 0 0 0 0 0 0 0 0 0 0 0 0 0 0 0 0 0 0 0 0 0 0 0 0 0 0 0 557 557 561 559 559 558 558 558 556 556 556 555 555 555 555 556 557 555 555 554 554 555 554 554 554 555 556 558 558 562 561 553 553 554 554 555 554 554 555 556 557 556 555 555 554 554 554 554 554 553 553 554 554 555 560 560 553 553 553 553 553 553 557 555 554 553 553 554 554 557 556 556 556 554 554 0 0 0 0 0 0 0 0 0 0 0 0 0 0 0
0 0 0 0 0 0 0 0 0 0 0 0 0 0 0 0 0 0 0 0 0 0 0 575 575 572 572 572 572 574 574 576 576 575 575 574 574 571 570 570 570 568 568 569 569 570 571 570 570 571 571 571 569 569 568 568 571 577 578 568 568 568 568 567 567 566 564 564 564 565 568 569 567 567 567 568 568 568 567 566 566 566 567 568 568 569 568 568 565 565 565 565 565 566 566 562 561 561 561 561 567 568 568 560 560 560 561 0 0 0 0 0 0 0 0 0 0 0 0 0 0 0 0 0 0 0 0 0 0 0 0 0 0 0 0 0 0 0 0 0 0 0 0 0 0 0 0 0 0 0 0 0 0 0 0 0 0 0 0 0 0 0 0 0 0 0 0 0 0 0 0 0 0 0 0 0 0 0 0 0 0 0 0 0 0 0 0 0 0 0 0 0 0 0 0 0 0 0 0 0 0 0 0 0 0 0 0 0 0 0 0 0 0 0 0 0 0 0 0 0 0 0 0 0 0 0 0 0 0 0 557 552 552 548 548 558 554 554 556 556 556 549 549 551 551 555 554 552 552 551 551 551 551 552 552 553 549 549 549 549 549 550 550 551 553 553 552 552 552 553 557 556 555 554 551 551 551 551 551 552 552 552 552 549 549 550 550 550 551 551 551 551 549 549 550 550 551 552 551 548 548 553 554 552 552 0 0 0 0 0 0 0 0 0 0 0 0 0 0 0
0 0 0 0 0 0 0 0 0 0 0 0 0 0 0 0 0 0 0 0 0 0 0 573 572 569 569 568 568 568 569 569 571 574 575 566 566 566 566 566 560 560 565 566 566 567 565 565 566 566 566 571 569 565 565 566 563 563 564 564 565 566 566 565 564 563 563 563 564 564 565 569 567 563 563 565 565 566 562 562 562 563 564 565 563 563 564 564 564 564 564 564 563 563 561 560 560 560 560 560 567 568 560 560 560 560 560 0 0 0 0 0 0 0 0 0 0 0 0 0 0 0 0 0 0 0 0 0 0 0 0 0 0 0 0 0 0 0 0 0 0 0 0 0 0 0 0 0 0 0 0 0 0 0 0 0 0 0 0 0 0 0 0 0 0 0 0 0 0 0 0 0 0 0 0 0 0 0 0 0 0 0 0 0 0 0 0 0 0 0 0 0 0 0 0 0 0 0 0 0 0 0 0 0 0 0 0 0 0 0 0 0 0 0 0 0 0 0 0 0 0 0 0 0 0 0 0 0 0 0 547 547 547 547 547 547 547 547 546 546 546 546 547 547 545 544 544 545 546 547 547 546 546 546 550 545 545 546 546 546 547 547 547 547 547 550 546 546 547 546 546 545 545 548 548 548 547 546 546 547 547 550 548 547 547 547 547 547 548 547 546 546 546 546 547 547 547 552 546 545 545 545 545 547 547 0 0 0 0 0 0 542 542 543 541 541 541 0 0 544
0 0 0 0 0 0 0 0 0 0 0 0 0 0 0 0 0 0 0 0 0 0 0 568 566 566 566 566 566 566 560 560 562 562 563 563 563 564 564 560 559 559 560 560 561 561 561 562 561 561 561 561 561 565 565 564 563 563 563 563 564 560 560 562 561 560 560 562 562 562 557 557 557 560 560 561 563 554 554 557 559 559 560 557 556 556 556 556 557 558 560 560 560 560 557 557 557 557 556 554 554 555 555 555 556 558 554 554 0 0 0 0 0 0 0 0 0 0 0 0 0 0 0 0 0 0 0 0 0 0 0 0 0 0 0 0 0 0 0 0 0 0 0 0 0 0 0 0 0 0 0 0 0 0 0 0 0 0 0 0 0 0 0 0 0 0 0 0 0 0 0 0 0 0 0 0 0 0 0 0 0 0 0 0 0 0 0 0 0 0 0 0 0 0 0 0 0 0 0 0 0 0 0 0 0 0 0 0 0 0 0 0 0 0 0 0 0 0 0 0 0 0 0 0 0 0 0 0 0 0 546 546 546 546 546 546 545 545 545 544 544 546 546 545 543 543 543 543 542 542 544 544 544 544 540 540 540 540 541 544 545 545 544 543 541 541 542 542 544 545 544 542 542 548 548 548 543 543 543 543 545 545 545 545 545 545 546 547 548 547 545 544 544 544 544 543 541 541 542 542 542 542 542 544 544 544 540 540 0 540 540 541 541 541 541 539 539 0 0 544
0 0 0 0 0 0 0 0 0 0 0 0 0 0 0 0 0 0 0 0 0 0 0 560 560 562 563 563 558 557 557 559 560 560 561 559 557 557 559 559 559 559 559 558 557 557 557 557 557 558 558 556 556 554 554 554 559 559 560 563 556 556 557 558 558 558 559 562 555 552 552 554 555 556 556 555 553 553 553 555 556 559 560 554 553 553 554 554 554 555 553 553 553 553 553 555 555 555 551 551 551 554 554 554 553 552 552 554 0 0 0 0 0 0 0 0 0 0 0 0 0 0 0 0 0 0 0 0 0 0 0 0 0 0 0 0 0 0 0 0 0 0 0 0 0 0 0 0 0 0 0 0 0 0 0 0 0 0 0 0 0 0 0 0 0 0 0 0 0 0 0 0 0 0 0 0 0 0 0 0 0 0 0 0 0 0 0 0 0 0 0 0 0 0 0 0 0 0 0 0 0 0 0 0 0 0 0 0 0 0 0 0 0 0 0 0 0 0 0 0 0 0 0 0 0 0 0 0 538 537 537 539 539 546 546 546 540 539 539 540 540 543 543 542 541 541 540 540 540 540 540 540 537 537 537 537 537 538 540 541 542 543 537 537 540 540 540 539 539 540 540 541 541 541 539 539 539 539 540 540 540 539 539 538 538 538 536 536 538 538 541 539 538 538 540 540 538 537 537 535 535 536 538 538 537 537 537 538 538 538 537 536 536 535 535 537 537 536 536 536
0 0 0 0 0 0 0 0 0 0 0 0 0 0 0 0 0 0 0 0 0 0 0 559 559 560 558 556 554 554 555 556 556 558 556 555 553 552 552 554 556 557 557 556 556 555 555 555 555 555 555 553 553 553 553 553 554 554 552 552 554 554 554 554 554 554 559 548 547 547 548 549 553 553 551 551 550 550 551 552 552 547 547 549 549 551 552 552 552 555 553 553 546 546 548 549 552 551 549 545 545 543 541 541 541 544 544 544 0 0 0 0 0 0 0 0 0 0 0 0 0 0 0 0 0 0 0 0 0 0 0 0 0 0 0 0 0 0 0 0 0 0 0 0 0 0 0 0 0 0 0 0 0 0 0 0 0 0 0 0 0 0 0 0 0 0 0 0 0 0 0 0 0 0 0 0 0 0 0 0 0 0 0 0 0 0 0 0 0 0 0 0 0 0 0 0 0 0 0 0 0 0 0 0 0 0 0 0 0 0 0 0 0 0 0 0 0 0 0 0 0 0 0 0 0 0 0 0 535 534 534 534 533 533 533 533 533 536 536 535 535 543 534 534 534 534 531 531 532 538 537 532 532 534 534 534 534 533 533 529 529 532 532 532 532 531 531 532 533 535 536 541 541 534 534 535 536 536 534 534 534 534 535 535 534 534 534 535 535 535 541 533 533 534 534 534 534 534 534 534 534 534 534 534 534 534 537 538 538 537 537 536 534 534 534 534 534 534 534 536
0 0 0 0 0 0 0 0 0 0 0 0 0 0 0 0 0 0 0 0 0 0 0 556 556 560 553 553 553 552 552 551 549 549 549 549 550 550 551 552 554 557 557 556 552 552 554 553 551 550 549 549 549 550 551 546 546 545 545 542 542 541 539 539 539 539 542 542 542 543 545 543 543 544 547 547 547 540 540 540 541 541 542 543 543 545 544 543 542 542 542 543 544 544 540 540 539 539 539 540 540 540 540 539 539 540 542 542 542 526 526 525 525 0 0 0 0 0 0 0 0 0 0 0 0 0 0 0 0 0 0 0 0 0 0 0 0 0 0 0 0 0 0 0 0 0 0 0 0 0 0 0 0 0 0 0 0 0 0 0 0 0 0 0 0 0 0 0 0 0 0 0 0 0 0 0 0 0 0 0 0 0 0 0 0 0 0 0 0 0 0 0 0 0 0 0 0 0 0 0 0 0 0 0 0 0 0 0 0 0 0 0 0 0 0 0 0 0 0 0 0 0 0 0 0 0 0 0 530 530 531 531 531 530 530 527 527 536 529 529 529 529 529 529 528 528 529 529 529 527 527 527 528 530 531 532 531 531 532 528 528 529 529 529 529 529 529 530 530 530 528 527 527 529 529 530 529 529 530 529 529 528 528 533 529 529 530 533 534 534 526 526 527 528 528 528 529 529 531 531 531 528 526 526 526 526 527 528 538 537 537 537 534 529 529 530 534 534 534 0
0 0 0 0 0 0 0 0 0 0 0 0 0 0 0 0 0 0 0 0 0 0 0 556 545 545 546 546 546 549 549 548 546 545 545 545 545 543 543 543 543 543 548 540 540 543 547 549 548 541 541 542 540 539 539 540 542 542 541 540 540 538 538 538 538 538 540 541 541 540 540 540 540 540 547 547 547 537 536 536 537 537 539 540 540 540 540 540 540 540 540 543 544 544 540 534 534 536 536 536 538 539 537 537 536 536 535 534 534 526 526 525 525 527 0 0 0 0 0 0 0 0 0 0 0 0 0 0 0 0 0 0 0 0 0 0 0 0 0 0 0 0 0 0 0 0 0 0 0 0 0 0 0 0 0 0 0 0 0 0 0 0 0 0 0 0 0 0 0 0 0 0 0 0 0 0 0 0 0 0 0 0 0 0 0 0 0 0 0 0 0 0 0 0 0 0 0 0 0 0 0 0 0 0 0 0 0 0 0 0 0 0 0 0 0 0 0 0 0 0 0 0 0 0 0 0 0 0 524 524 526 526 527 526 526 525 524 524 524 525 527 527 526 525 525 525 526 525 523 523 525 525 525 526 524 524 524 524 524 524 524 524 524 525 526 526 526 526 526 524 524 525 525 525 527 525 525 525 525 525 525 525 528 533 529 529 521 521 523 523 523 525 525 525 525 525 525 525 525 525 522 521 521 523 524 525 525 518 518 521 521 521 521 525 525 530 0 0 0 0
0 0 0 0 0 0 0 0 0 0 0 0 0 0 0 0 0 0 0 0 0 0 0 0 540 540 540 541 541 540 539 539 546 540 540 534 534 534 535 541 542 540 538 538 539 543 547 535 535 536 537 538 539 539 539 539 538 538 538 537 537 536 536 537 537 538 539 540 539 537 537 539 536 535 535 534 534 534 534 534 534 535 536 536 536 540 538 535 535 535 535 535 533 533 533 533 533 533 533 532 532 532 533 533 535 534 534 533 533 525 525 525 525 527 0 0 0 0 0 0 0 0 0 0 0 0 0 0 0 0 0 0 0 0 0 0 0 0 0 0 0 0 0 0 0 0 0 0 0 0 0 0 0 0 0 0 0 0 0 0 0 0 0 0 0 0 0 0 0 0 0 0 0 0 0 0 0 0 0 0 0 0 0 0 0 0 0 0 0 0 0 0 0 0 0 0 0 0 0 0 0 0 0 0 0 0 0 0 0 0 0 0 0 0 0 0 0 0 0 0 0 0 0 0 0 0 0 0 521 521 521 521 521 522 521 521 521 521 521 521 521 521 521 521 522 518 518 518 518 520 521 521 521 521 521 521 521 521 521 522 522 521 520 520 521 521 523 523 523 521 521 521 521 521 521 521 521 522 521 521 521 521 521 521 518 521 521 521 521 521 521 522 521 521 521 521 521 521 521 517 517 520 520 520 521 521 520 518 518 520 521 521 521 525 525 0 0 0 0 0
0 0 0 0 0 0 0 0 0 0 0 0 0 0 0 0 0 0 0 0 0 0 0 0 536 536 536 536 536 535 535 535 535 535 535 532 532 533 534 534 533 532 532 532 532 532 532 533 534 535 535 537 537 537 537 537 535 533 533 535 535 535 535 535 532 532 532 534 534 534 534 534 534 534 532 532 532 530 530 533 533 534 529 529 529 529 529 529 529 532 531 529 529 531 531 532 532 532 532 530 529 529 529 529 529 529 529 533 533 525 525 526 0 0 0 0 0 0 0 0 0 0 0 0 0 0 0 0 0 0 0 0 0 0 0 0 0 0 0 0 0 0 0 0 0 0 0 0 0 0 0 0 0 0 0 0 0 0 0 0 0 0 0 0 0 0 0 0 0 0 0 0 0 0 0 0 0 0 0 0 0 0 0 0 0 0 0 0 0 0 0 0 0 0 0 0 0 0 0 0 0 0 0 0 0 0 0 0 0 0 0 0 0 0 0 0 0 0 0 0 0 0 0 0 0 0 0 519 519 518 518 518 518 517 517 517 519 518 518 517 517 518 518 518 517 517 517 516 516 517 518 518 519 518 518 519 517 517 515 515 515 517 517 517 518 518 521 521 518 518 518 518 518 518 518 518 519 519 519 520 520 518 518 518 518 518 517 517 517 518 520 521 520 520 519 518 517 517 517 516 516 517 517 517 519 514 514 518 518 520 521 521 521 0 0 0 0 0 0 0
0 0 0 0 0 0 0 0 0 0 0 0 0 0 0 0 0 0 0 0 0 0 0 0 534 534 534 534 534 534 534 534 534 534 531 530 530 532 532 532 530 530 531 531 531 529 529 529 532 534 534 534 534 532 529 529 529 529 529 533 532 532 525 525 530 530 529 529 528 526 526 528 529 529 529 529 526 526 526 527 528 529 529 529 527 527 526 526 527 526 526 526 526 528 525 524 524 525 526 527 528 528 529 529 529 529 524 524 525 533 0 0 0 0 0 0 0 0 0 0 0 0 0 0 0 0 0 0 0 0 0 0 0 0 0 0 0 0 0 0 0 0 0 0 0 0 0 0 0 0 0 0 0 0 0 0 0 0 0 0 0 0 0 0 0 0 0 0 0 0 0 0 0 0 0 0 0 0 0 0 0 0 0 0 0 0 0 0 0 0 0 0 0 0 0 0 0 0 0 0 0 0 0 0 0 0 0 0 0 0 0 0 0 0 0 0 0 0 0 0 0 0 0 0 0 0 0 517 517 517 517 516 516 516 516 515 514 514 514 516 516 516 516 516 515 515 515 514 514 514 514 515 517 517 517 517 514 514 514 513 513 514 514 515 517 518 521 515 514 514 514 514 515 517 515 515 515 516 516 518 517 516 515 514 514 514 514 514 514 514 514 516 516 515 515 514 513 513 514 514 515 515 515 516 517 511 511 511 515 515 0 0 0 0 0 0 0 0 0 0
0 0 0 0 0 0 0 0 0 0 0 0 0 0 0 0 0 0 0 0 0 0 0 0 531 529 529 530 529 529 530 530 530 529 529 528 528 529 529 528 527 527 528 528 528 528 528 528 527 526 526 526 526 526 526 527 528 528 528 525 525 525 525 525 525 526 529 527 525 525 525 523 523 525 529 529 525 525 525 525 526 525 525 525 525 525 525 525 523 523 523 522 522 525 521 521 523 523 525 525 526 526 529 529 529 522 522 522 522 522 0 0 0 0 0 0 0 0 0 0 0 0 0 0 0 0 0 0 0 0 0 0 0 0 0 0 0 0 0 0 0 0 0 0 0 0 0 0 0 0 0 0 0 0 0 0 0 0 0 0 0 0 0 0 0 0 0 0 0 0 0 0 0 0 0 0 0 0 0 0 0 0 0 0 0 0 0 0 0 0 0 0 0 0 0 0 0 0 0 0 0 0 0 0 0 0 0 0 0 0 0 0 0 0 0 0 0 0 0 0 0 0 0 0 0 511 511 511 512 512 513 513 514 514 514 513 513 514 513 513 511 511 516 512 512 512 512 511 511 511 511 511 511 511 517 514 513 512 512 511 511 512 511 511 509 509 510 511 511 513 513 513 514 513 513 512 512 513 513 518 517 516 514 514 513 513 512 512 512 511 511 513 511 509 509 510 510 511 511 512 512 513 513 514 511 510 510 510 515 515 0 0 0 0 0 0 0 0 0 0
0 0 0 0 0 0 0 0 0 0 0 0 0 0 0 0 0 0 0 0 0 0 0 0 528 528 528 528 528 528 528 528 528 526 526 525 525 526 529 525 525 525 525 525 525 525 525 525 525 525 525 525 524 524 523 523 522 522 522 522 523 522 522 522 519 519 520 520 520 522 522 521 521 521 521 522 521 521 521 522 522 522 523 524 525 523 523 521 520 520 521 521 521 519 519 519 519 521 525 525 526 526 517 517 519 519 519 517 517 518 518 0 0 0 0 0 0 0 0 0 0 0 0 0 0 0 0 0 0 0 0 0 0 0 0 0 0 0 0 0 0 0 0 0 0 0 0 0 0 0 0 0 0 0 0 0 0 0 0 0 0 0 0 0 0 0 0 0 0 0 0 0 0 0 0 0 0 0 0 0 0 0 0 0 0 0 0 0 0 0 0 0 0 0 0 0 0 0 0 0 0 0 0 0 0 0 0 0 0 0 0 0 0 0 0 0 0 0 0 0 0 0 0 0 0 511 510 510 510 510 510 510 511 514 514 511 511 511 511 513 511 511 511 512 509 509 510 509 509 508 508 509 508 508 506 506 509 511 509 509 507 507 508 507 507 507 508 508 509 513 513 513 508 508 508 509 509 506 505 505 505 505 505 506 507 506 506 508 507 507 507 507 507 507 507 507 508 508 508 509 512 513 513 510 510 510 510 0 0 0 0 0 0 0 0 0 0 0 0 0
0 0 0 0 0 0 0 0 0 0 0 0 0 0 0 0 0 0 0 0 0 0 0 0 524 524 525 526 525 525 525 525 526 525 524 524 524 524 523 522 522 522 522 522 521 521 523 522 522 523 521 521 519 518 518 517 517 518 519 519 520 520 518 517 517 517 517 517 517 517 517 518 518 519 519 519 519 517 517 517 517 521 522 518 517 517 517 517 517 518 519 514 514 514 515 516 517 521 521 514 511 511 511 513 513 514 514 514 516 518 0 0 0 0 0 0 0 0 0 0 0 0 0 0 0 0 0 0 0 0 0 0 0 0 0 0 0 0 0 0 0 0 0 0 0 0 0 0 0 0 0 0 0 0 0 0 0 0 0 0 0 0 0 0 0 0 0 0 0 0 0 0 0 0 0 0 0 0 0 0 0 0 0 0 0 0 0 0 0 0 0 0 0 0 0 0 0 0 0 0 0 0 0 0 0 0 0 0 0 0 0 0 0 0 0 0 0 0 0 0 0 0 0 0 0 511 505 505 506 505 505 507 511 511 511 511 507 507 511 511 505 505 505 505 504 504 505 505 506 506 506 505 504 503 503 502 502 503 503 503 502 502 508 505 505 506 506 507 504 504 503 503 503 504 504 506 505 504 504 504 503 503 504 503 503 503 503 504 504 504 504 504 504 506 505 505 505 504 503 503 503 503 510 510 510 510 510 0 0 0 0 0 0 0 0 0 0 0 0 0
0 0 0 0 0 0 0 0 0 0 0 0 0 0 0 0 0 0 0 0 0 0 0 0 521 521 522 526 525 521 521 521 517 516 516 518 520 521 522 522 520 520 517 517 517 516 516 516 517 517 519 518 517 517 517 516 516 517 517 517 518 518 518 515 515 516 516 515 514 514 515 516 515 512 511 511 512 513 513 514 514 512 512 512 515 516 516 516 514 514 513 512 511 511 512 511 509 509 509 513 511 511 511 511 511 512 511 511 514 514 0 441 441 440 440 439 438 436 435 434 433 433 430 429 426 426 426 426 422 421 421 420 419 419 419 414 413 413 413 412 409 409 408 407 406 406 405 404 403 402 402 402 398 398 398 0 0 0 0 0 0 0 0 0 0 0 0 0 0 0 0 0 0 0 0 0 0 0 0 0 0 0 0 0 0 0 0 0 0 0 0 0 0 0 0 0 0 0 0 0 0 0 0 0 0 0 0 0 0 0 0 0 0 0 0 0 0 0 0 0 0 0 0 0 0 0 502 502 502 502 502 502 502 502 502 502 501 501 500 500 502 500 500 501 501 502 502 502 501 501 501 501 502 501 501 502 501 501 501 501 501 500 500 500 502 502 504 504 501 501 501 502 502 502 502 502 501 501 501 502 502 502 502 502 502 502 502 502 502 502 502 502 503 503 503 504 504 500 500 500 497 497 497 496 496 496 0 0 0 0 0 0 0 0 0 0 0 0 0 0
0 0 0 0 0 0 0 0 0 0 0 0 0 0 0 0 0 0 0 0 0 0 0 0 519 517 516 516 516 516 521 513 513 513 513 513 511 511 512 512 513 514 513 513 514 514 514 515 514 514 514 514 514 514 514 514 513 513 511 510 510 510 510 513 513 512 512 513 513 513 514 513 513 511 511 511 511 511 512 512 511 511 511 511 515 514 513 512 512 512 511 511 511 511 511 511 507 507 507 507 507 510 510 510 510 509 508 508 507 507 507 441 441 440 440 439 438 436 435 434 433 433 430 429 426 426 426 426 422 421 421 420 419 419 418 414 413 413 413 412 409 409 408 407 406 406 405 404 403 402 402 402 398 397 397 0 394 394 394 392 391 391 391 389 389 388 387 386 385 385 384 384 0 0 379 379 378 377 377 377 0 0 0 0 0 0 0 0 0 0 0 0 0 0 0 0 0 0 0 0 0 0 0 0 0 0 0 0 0 0 0 0 0 0 0 0 0 0 0 0 0 0 0 0 0 0 499 499 497 497 498 498 502 502 497 497 497 499 498 498 498 498 498 499 498 497 497 497 497 498 498 498 499 499 499 499 499 498 498 499 499 499 496 496 496 496 497 497 498 499 500 502 499 499 498 498 498 498 499 501 501 499 499 499 499 500 500 501 499 499 499 499 498 498 502 497 497 498 497 497 496 496 496 496 496 496 497 0 0 0 0 0 0 0 0 0 0 0 0 0
0 0 0 0 0 0 0 0 0 0 0 0 0 0 0 0 0 0 0 0 0 0 0 0 519 513 513 514 513 513 512 511 511 511 511 511 510 510 510 511 511 512 511 511 511 511 511 513 513 513 510 509 509 510 510 510 508 506 506 508 507 507 507 507 507 512 511 511 510 507 507 508 513 509 509 509 509 511 509 509 508 508 504 504 504 501 501 506 506 506 506 506 507 509 509 504 504 504 505 505 506 504 504 504 510 506 504 504 504 507 438 438 439 439 441 440 440 436 435 434 433 433 431 430 427 427 427 426 423 422 421 420 420 419 418 414 413 413 413 412 411 409 409 408 408 406 405 404 404 403 402 402 398 397 397 397 394 394 394 392 391 391 391 389 389 388 387 386 385 385 384 384 385 385 379 379 378 377 377 377 0 0 0 0 0 0 0 0 0 0 0 0 0 0 0 0 0 0 0 0 0 0 0 0 0 0 0 0 0 0 0 0 0 0 0 0 0 0 0 0 0 0 0 0 0 0 496 496 496 495 495 498 494 494 494 496 496 497 498 496 496 495 495 496 494 494 495 495 496 495 495 495 494 494 494 494 495 496 496 496 494 494 494 494 494 494 494 495 496 495 495 494 494 494 494 494 495 495 495 496 496 497 497 497 497 498 500 501 496 496 497 496 493 493 493 494 494 495 495 494 494 494 494 492 492 494 497 0 0 0 0 0 0 0 0 0 0 0 0 0
0 0 0 0 0 0 0 0 0 0 0 0 0 0 0 0 0 0 0 0 0 0 0 0 0 510 510 512 512 511 509 509 508 508 510 510 509 508 507 507 507 510 507 507 509 509 509 511 508 508 504 504 506 507 507 507 506 504 504 505 506 506 506 505 505 504 500 499 499 500 503 504 504 509 509 509 509 511 505 504 502 502 502 501 501 501 501 502 502 504 502 502 502 502 502 502 502 502 504 504 504 500 500 500 500 501 502 501 501 502 438 437 437 439 441 441 441 437 436 435 433 433 432 431 430 429 427 427 424 422 421 420 420 420 419 415 414 413 413 413 411 410 409 408 408 407 407 404 404 403 403 403 398 397 397 396 395 394 394 393 392 392 391 389 389 389 388 386 385 385 384 384 384 384 380 379 379 379 378 378 0 0 0 0 0 0 0 0 0 0 0 0 0 0 0 0 0 0 0 0 0 0 0 0 0 0 0 0 0 0 0 0 0 0 0 0 0 0 0 0 0 0 0 0 0 0 493 492 492 493 491 491 494 494 494 494 495 497 498 496 491 491 491 492 492 492 493 493 491 491 491 491 493 493 493 493 491 491 492 492 492 491 491 491 491 492 491 491 491 491 491 491 492 493 493 494 493 493 493 493 492 492 497 497 497 498 498 496 496 494 492 490 490 491 491 492 493 491 491 491 492 492 492 491 490 490 0 0 0 0 0 0 0 0 0 0 0 0 0 0
0 0 0 0 0 0 0 0 0 0 0 0 0 0 0 0 0 0 0 0 0 0 0 0 0 508 508 505 502 502 503 505 505 507 507 508 506 506 505 505 504 504 504 504 506 506 506 511 503 503 503 503 501 501 504 502 502 503 503 503 504 504 504 504 503 502 500 499 499 500 501 502 500 500 500 500 501 499 499 499 499 501 501 501 501 499 498 498 499 499 498 498 500 500 499 499 499 501 504 504 504 496 496 499 499 500 499 499 499 499 499 437 437 437 442 442 441 438 436 435 435 433 432 431 430 429 427 427 426 423 423 422 421 420 419 418 415 414 414 413 412 411 409 409 409 408 408 404 404 403 403 403 404 398 398 396 395 395 394 394 393 392 391 389 389 389 389 386 385 385 384 384 383 382 380 379 379 379 379 379 0 0 0 0 0 0 0 0 0 0 0 0 0 0 0 0 0 0 0 0 0 0 0 0 0 0 0 0 0 0 0 0 0 0 0 0 0 0 0 0 0 0 0 0 0 489 489 489 490 490 490 490 490 490 494 494 495 495 490 490 489 489 489 489 489 489 490 489 489 489 489 490 491 488 488 489 489 489 490 489 489 490 490 490 489 489 489 489 489 489 489 490 491 491 490 489 489 489 489 491 491 492 488 488 488 488 488 488 488 488 490 489 489 489 489 492 486 486 486 486 486 490 489 488 487 486 486 487 0 0 0 0 0 0 0 0 0 0 0 0
0 0 0 0 0 0 0 0 0 0 0 0 0 0 0 0 0 0 0 0 0 0 0 0 0 502 502 502 501 501 501 502 505 502 502 502 502 503 503 503 502 502 502 503 503 501 499 499 499 500 502 499 499 499 499 500 498 498 501 502 502 502 504 504 503 499 499 499 499 499 499 499 499 498 498 500 501 497 497 498 499 499 498 497 496 496 496 496 497 497 496 496 496 496 496 496 496 501 492 492 494 495 495 496 496 496 496 496 496 496 496 437 437 437 437 442 441 438 437 437 437 433 432 431 431 429 428 427 427 424 424 423 422 420 419 419 417 414 414 413 413 412 409 409 409 408 408 408 404 403 403 403 404 399 398 397 396 396 395 395 393 392 391 390 390 389 389 386 385 385 384 384 383 382 381 380 380 380 379 379 0 0 0 0 0 0 0 0 0 0 0 0 0 0 0 0 0 0 0 0 0 0 0 0 0 0 0 0 0 0 0 0 0 0 0 0 0 0 0 0 0 0 0 0 0 487 487 487 487 488 489 489 488 488 488 482 482 482 484 490 487 487 487 487 487 487 490 486 486 486 486 490 491 486 484 483 483 485 490 486 485 485 485 486 486 486 486 487 488 488 488 487 486 486 486 486 487 487 488 489 491 484 484 486 487 487 486 484 484 484 489 488 488 488 488 486 485 485 485 485 484 484 485 485 485 484 484 484 0 0 0 0 0 0 0 0 0 0 0 0
0 0 0 0 0 0 0 0 0 0 0 0 0 0 0 0 0 0 0 0 0 0 0 0 0 499 499 499 499 499 499 499 501 500 500 499 499 500 500 500 497 497 498 499 499 499 497 497 497 497 497 497 496 496 495 495 496 496 496 502 495 495 495 495 495 495 496 497 497 497 497 492 492 492 493 494 494 494 495 496 496 495 494 494 494 494 494 494 494 494 495 495 496 496 495 495 491 491 490 490 491 494 494 495 495 495 495 494 494 491 491 489 489 490 490 443 442 438 437 437 437 435 432 431 431 430 429 427 427 426 424 423 423 420 420 419 418 416 415 414 413 413 409 409 409 409 408 408 408 403 403 403 403 399 398 398 398 397 395 395 393 393 391 390 390 389 389 387 386 386 385 384 383 382 382 381 381 380 380 380 0 0 0 0 0 0 0 0 0 0 0 0 0 0 0 0 0 0 0 0 0 0 0 0 0 0 0 0 0 0 0 0 0 0 0 0 0 0 0 0 0 0 0 0 0 484 483 483 482 482 482 482 484 484 482 482 482 482 483 483 487 487 487 487 487 487 487 484 482 482 483 483 480 480 480 482 482 482 482 486 482 482 484 484 484 485 486 487 486 483 483 483 484 484 485 485 486 486 488 489 482 482 482 483 484 485 484 483 483 484 482 482 482 482 488 482 482 482 483 482 482 484 485 484 484 483 480 480 0 0 0 0 0 0 0 0 0 0 0 0
0 0 0 0 0 0 0 0 0 0 0 0 0 0 0 0 0 0 0 0 0 0 0 0 0 497 496 496 496 496 496 496 493 493 493 494 494 500 500 496 494 494 491 491 494 496 496 496 493 493 493 494 495 495 492 492 494 494 493 492 492 493 493 491 491 493 494 494 494 497 491 491 491 491 491 492 492 487 487 489 494 494 492 492 492 492 492 491 490 490 495 495 495 495 495 488 488 488 488 489 487 487 489 493 494 494 495 494 494 491 485 485 488 490 446 443 442 440 438 437 437 437 433 432 432 431 429 428 428 427 425 424 424 424 420 420 419 417 416 415 414 412 409 409 410 409 409 409 410 404 404 404 403 400 399 399 398 398 396 396 394 393 392 391 390 390 390 388 387 386 386 384 384 383 382 382 382 381 381 381 0 0 0 0 0 0 0 0 0 0 0 0 0 0 0 0 0 0 0 0 0 0 0 0 0 0 0 0 0 0 0 0 0 0 0 0 0 0 0 0 0 0 0 0 0 480 480 480 480 480 481 482 482 482 478 478 479 479 479 483 478 478 478 478 473 478 478 478 479 480 479 479 477 477 479 479 480 482 482 480 480 480 482 484 484 485 478 478 478 478 480 480 481 482 484 485 486 480 480 480 480 480 480 480 479 479 482 482 482 478 478 478 478 477 477 478 478 478 478 478 478 478 478 480 480 478 478 478 477 477 478 0 0 0 0 0 0 0 0 0
0 0 0 0 0 0 0 0 0 0 0 0 0 0 0 0 0 0 0 0 0 0 0 0 0 494 492 491 491 493 493 493 492 492 492 492 492 492 496 496 491 490 489 489 489 489 489 492 491 491 491 491 491 491 491 491 491 491 487 487 488 488 489 489 489 491 493 494 488 488 489 489 490 491 491 491 491 486 486 487 489 489 490 490 490 489 484 484 484 485 485 486 487 486 486 482 482 484 486 487 486 483 482 482 482 482 482 482 483 484 484 484 484 448 446 445 445 441 440 439 439 437 433 432 432 432 431 429 428 427 426 425 424 424 420 420 419 418 416 415 413 412 411 410 410 410 410 410 410 405 404 404 403 400 399 399 399 398 396 396 394 394 393 392 392 391 391 389 388 387 387 387 384 383 382 382 382 382 381 381 0 0 0 0 0 0 0 0 0 0 0 0 0 0 0 0 0 0 0 0 0 0 0 0 0 0 0 0 0 0 0 0 0 0 0 0 0 0 0 0 0 0 0 0 474 474 474 474 474 474 481 481 472 472 473 472 472 472 472 474 474 474 474 478 473 473 473 473 474 474 478 474 474 474 474 474 476 475 475 475 476 477 479 484 475 475 476 477 477 477 477 478 478 476 476 476 476 477 478 478 478 478 478 476 476 477 482 482 474 474 475 476 476 476 476 476 476 476 476 476 477 477 477 478 480 478 476 476 476 477 478 0 0 0 0 0 0 0 0 0
0 0 0 0 0 0 0 0 0 0 0 0 0 0 0 0 0 0 0 0 0 0 0 0 0 489 489 489 489 489 489 491 489 489 491 490 489 489 489 491 489 488 488 488 487 487 487 487 487 487 487 487 487 487 489 489 488 487 486 485 484 484 483 483 481 480 480 481 481 484 484 483 481 481 481 481 481 481 481 481 481 482 482 482 482 482 482 483 483 482 482 480 480 482 480 480 479 479 479 487 486 479 478 478 480 480 480 480 482 482 484 484 484 448 447 445 445 443 441 440 440 440 433 432 432 432 431 429 428 427 426 426 426 425 421 420 420 420 418 418 413 412 411 411 411 411 410 410 410 405 405 404 404 402 400 399 399 398 397 397 396 396 395 393 392 392 391 391 390 389 389 389 388 386 383 382 382 382 382 382 382 0 0 0 0 0 0 0 0 0 0 0 0 0 0 0 0 0 0 0 0 0 0 0 0 0 0 0 0 0 0 0 0 0 0 0 0 0 0 0 0 0 0 0 472 472 472 472 472 471 470 470 470 470 471 471 471 471 471 472 473 473 471 471 471 472 473 473 474 474 471 471 472 472 472 472 476 469 469 470 470 471 471 471 471 472 472 472 472 471 471 471 472 472 474 474 474 472 470 470 470 475 470 470 470 470 470 470 472 474 474 475 475 474 474 474 474 474 473 473 473 472 472 470 470 470 476 476 476 477 0 0 0 0 0 0 0 0 0 0
0 0 0 0 0 0 0 0 0 0 0 0 0 0 0 0 0 0 0 0 0 0 0 0 0 487 487 488 489 488 486 486 486 486 491 485 485 484 484 484 484 484 485 486 484 484 484 484 484 484 483 482 482 487 487 487 484 482 482 482 482 482 482 480 480 480 480 480 481 484 481 480 480 480 480 480 480 480 480 480 480 480 478 478 480 480 481 481 479 479 478 478 478 478 479 478 478 478 476 476 475 475 476 477 476 476 480 476 476 476 476 476 448 448 448 447 446 446 442 441 441 440 437 435 435 434 433 431 429 429 427 427 426 425 424 421 420 420 419 418 414 414 413 412 411 411 410 410 410 407 406 405 405 404 401 399 399 398 397 397 396 396 395 395 393 392 391 391 390 389 389 389 388 386 385 383 383 383 383 382 382 0 0 0 0 0 0 0 0 0 0 0 0 0 0 0 0 0 0 0 0 0 0 0 0 0 0 0 0 0 0 0 0 0 0 0 0 0 0 0 0 0 0 0 472 470 470 470 469 468 468 469 469 469 469 469 469 469 469 472 473 473 471 471 471 472 473 473 468 468 471 471 472 472 469 469 476 468 468 468 468 468 468 470 469 469 470 470 470 469 469 470 470 470 474 474 470 470 470 470 468 468 468 468 468 469 469 469 468 467 467 468 470 469 468 467 466 466 468 468 468 468 468 470 470 470 470 459 0 0 0 0 0 0 0 0 0 0 0 0
0 0 0 0 0 0 0 0 0 0 0 0 0 0 0 0 0 0 0 0 0 0 0 0 0 483 480 478 478 482 482 482 481 481 481 480 480 480 480 480 480 476 476 478 484 481 481 484 484 478 478 478 477 477 478 477 477 478 481 482 477 477 476 476 476 476 476 476 474 474 474 477 477 478 478 478 478 478 477 476 476 476 474 474 474 476 476 481 479 474 474 478 478 478 475 475 475 474 474 474 474 474 474 476 472 472 473 475 475 476 476 476 476 476 448 448 446 446 444 442 441 440 438 436 436 435 433 431 430 430 428 427 426 426 424 422 421 420 419 418 415 415 414 414 413 411 410 410 409 408 407 406 405 405 403 402 399 399 397 397 397 397 396 396 396 392 392 391 391 390 389 389 388 386 385 384 383 383 383 383 383 0 0 0 0 0 0 0 0 0 0 0 0 0 0 0 0 0 0 0 0 0 0 0 0 0 0 0 0 0 0 0 0 0 0 0 0 0 0 0 0 0 0 0 0 470 470 470 467 467 467 467 467 467 466 465 465 466 466 466 467 467 466 465 465 465 465 468 468 468 465 465 465 464 464 465 465 465 465 465 465 465 465 470 465 465 467 468 468 466 466 466 466 470 465 465 465 465 469 470 468 465 465 467 467 465 465 465 465 465 465 466 467 467 467 463 463 463 467 467 467 465 465 465 470 470 459 0 0 0 0 0 0 0 0 0 0 0 0 0
0 0 0 0 0 0 0 0 0 0 0 0 0 0 0 0 0 0 0 0 0 0 0 0 0 483 476 476 476 482 482 476 476 476 476 476 476 477 478 478 476 475 475 476 476 476 476 476 475 475 476 476 472 472 471 471 474 473 473 474 474 474 474 474 474 474 474 474 473 472 472 472 472 472 474 473 473 472 472 472 472 472 473 473 473 474 472 468 468 470 469 468 468 468 468 471 472 472 472 474 474 474 474 476 471 471 470 470 475 476 476 476 476 476 448 448 448 446 445 445 442 440 438 437 436 435 433 431 431 430 429 427 427 426 426 422 421 420 419 418 416 415 415 414 413 411 410 410 409 408 407 407 406 405 403 402 402 401 398 398 397 397 397 396 396 393 392 392 392 391 389 388 387 386 385 385 384 384 384 383 383 0 0 0 0 0 0 0 0 0 0 0 0 0 0 0 0 0 0 0 0 0 0 0 0 0 0 0 0 0 0 0 0 0 0 0 0 0 0 0 0 0 0 0 0 463 463 463 464 463 463 463 463 463 464 464 464 464 463 462 462 462 462 463 463 463 463 460 459 463 463 462 462 462 462 462 462 462 463 463 463 463 463 463 463 463 464 464 463 463 462 462 462 462 462 462 463 462 462 462 462 462 463 463 463 463 463 463 463 463 463 465 467 467 462 462 462 462 467 462 460 460 461 459 459 459 459 458 0 0 0 0 0 0 0 0 0 0 0 0
0 0 0 0 0 0 0 0 0 0 0 0 0 0 0 0 0 0 0 0 0 0 0 0 0 0 475 475 475 475 475 474 474 474 474 474 474 474 475 475 475 474 474 474 474 475 475 475 474 474 474 476 470 470 470 470 470 470 470 472 470 470 470 470 470 471 472 472 472 470 470 470 470 470 468 468 469 470 470 470 471 471 471 470 468 467 467 467 467 468 468 467 467 467 467 468 468 469 469 468 468 468 466 466 467 468 469 470 470 463 463 463 465 451 451 449 449 447 446 445 443 441 439 438 437 435 435 432 431 430 429 427 427 427 427 423 421 421 420 418 416 415 415 415 414 411 410 410 410 408 408 407 406 405 404 402 402 401 400 399 398 398 397 396 396 394 393 392 392 391 390 388 387 386 386 385 385 384 384 383 383 0 0 0 0 0 0 0 0 0 0 0 0 0 0 0 0 0 0 0 0 0 0 0 0 0 0 0 0 0 0 0 0 0 0 0 0 0 0 0 0 0 0 0 0 461 461 461 462 462 461 461 461 462 462 462 462 462 462 460 460 460 461 462 462 463 461 460 459 459 459 460 460 460 461 461 461 462 461 461 463 463 463 463 460 460 464 464 463 462 460 460 460 460 460 460 460 460 460 461 461 460 460 460 460 461 462 461 461 459 459 458 458 458 459 459 459 459 459 459 458 458 458 457 457 457 458 458 458 458 0 0 0 0 0 0 0 0 0 0
0 0 0 0 0 0 0 0 0 0 0 0 0 0 0 0 0 0 0 0 0 0 0 0 0 0 472 472 472 474 474 473 473 472 472 472 472 473 474 474 472 472 468 468 472 473 473 473 474 474 469 469 468 468 468 468 468 469 470 468 467 467 467 468 469 469 468 468 469 468 468 468 468 470 468 468 468 469 469 470 469 468 468 468 467 466 466 466 466 466 466 466 466 466 466 466 466 466 464 464 464 464 465 465 465 465 464 463 463 463 463 463 465 467 451 451 449 447 446 445 444 441 439 438 437 436 435 433 433 432 432 428 428 427 427 423 421 421 420 418 417 416 416 415 415 411 411 410 410 409 408 407 406 405 404 403 402 401 400 399 399 398 397 396 396 395 393 392 392 392 391 391 392 386 386 386 386 385 384 384 383 383 383 0 0 0 0 0 0 0 0 0 0 0 0 0 0 0 0 0 0 0 0 0 0 0 0 0 0 0 0 0 0 0 0 0 0 0 0 0 0 456 456 457 457 457 458 460 460 460 461 461 461 461 460 460 457 457 458 458 459 459 461 462 462 462 461 458 458 458 457 457 457 458 458 457 457 457 457 461 461 461 460 460 460 460 460 454 462 462 458 458 459 458 458 458 458 458 459 460 460 459 458 458 459 459 462 461 457 457 457 456 456 457 457 457 457 457 457 457 457 457 455 455 457 455 455 456 455 455 455 0 0 0 0 0 0 0 0 0
0 0 0 0 0 0 0 0 0 0 0 0 0 0 0 0 0 0 0 0 0 0 0 0 0 0 471 471 471 474 474 470 470 470 469 469 470 471 471 465 465 465 465 467 466 466 466 466 466 466 469 466 465 465 465 465 465 467 467 467 466 466 465 465 466 465 465 465 465 465 466 463 463 463 467 467 467 468 468 470 469 466 466 467 466 465 465 465 465 465 465 465 465 465 465 463 463 463 463 463 463 463 463 464 463 463 463 462 460 460 461 462 462 467 451 451 451 451 446 445 444 442 439 438 438 437 437 435 435 435 429 429 428 427 427 426 425 421 421 420 418 417 417 415 415 411 411 410 410 410 409 408 406 405 404 404 403 402 400 400 399 398 397 396 396 396 394 393 393 392 392 392 391 388 386 386 386 385 384 384 383 383 383 0 0 0 0 0 0 0 0 0 0 0 0 0 0 0 0 0 0 0 0 0 0 0 0 0 0 0 0 0 0 0 0 0 0 0 0 0 0 455 455 455 455 455 455 455 460 460 460 452 461 461 460 460 457 457 458 458 459 459 459 453 452 452 458 458 454 453 453 454 454 455 456 455 455 455 457 457 451 452 452 456 456 454 454 454 454 454 455 457 457 456 456 456 457 457 457 460 460 459 455 455 454 454 454 455 455 455 455 455 455 455 454 454 454 454 453 452 452 452 452 452 452 452 453 456 455 455 455 0 0 0 0 0 0 0 0 0
0 0 0 0 0 0 0 0 0 0 0 0 0 0 0 0 0 0 0 0 0 0 0 0 0 0 470 470 465 465 465 465 465 467 466 466 466 471 464 464 464 465 465 465 465 465 465 465 465 465 465 464 464 463 463 463 464 465 465 463 463 463 463 464 463 463 461 461 460 460 460 461 461 462 461 461 467 460 460 460 463 463 464 459 458 458 458 458 458 458 458 458 458 460 460 460 459 459 460 462 462 463 463 464 460 460 459 459 459 458 458 458 460 460 451 451 451 451 451 446 444 444 441 441 440 439 437 435 435 435 429 429 429 427 427 426 425 422 421 421 418 417 417 417 415 415 413 411 410 410 410 410 406 406 405 404 403 403 401 400 399 398 398 397 396 396 395 394 393 392 392 392 391 390 386 386 386 385 385 384 383 383 383 0 0 0 0 0 0 0 0 0 0 0 0 0 0 0 0 0 0 0 0 0 0 0 0 0 0 0 0 0 0 0 0 0 0 0 0 0 0 454 454 454 454 454 454 454 454 451 452 452 452 451 451 453 452 451 451 451 451 451 453 453 452 452 452 452 452 452 452 452 452 452 456 455 455 455 455 451 451 452 452 452 451 451 452 453 452 452 452 452 452 452 452 452 453 452 451 450 450 449 449 451 451 451 452 452 452 451 451 451 451 451 451 451 452 452 451 451 451 451 451 452 452 452 452 0 0 0 0 0 0 0 0 0 0 0 0 0
0 0 0 0 0 0 0 0 0 0 0 0 0 0 0 0 0 0 0 0 0 0 0 0 0 0 462 461 461 462 463 463 463 463 462 462 462 462 463 463 463 463 463 463 463 463 462 462 463 463 463 460 460 460 462 462 462 465 465 459 459 460 462 464 463 460 460 459 458 458 458 459 460 460 460 455 455 458 458 458 460 460 457 457 457 457 457 457 457 457 457 457 457 457 457 457 457 457 458 462 462 463 463 457 457 457 456 456 457 457 457 457 458 455 451 451 451 451 451 446 444 444 442 441 440 440 437 436 435 435 433 430 429 428 427 426 425 422 422 421 419 418 418 418 416 415 413 413 411 411 410 410 410 406 405 405 404 403 402 400 400 399 398 397 397 397 395 394 393 393 393 392 391 391 390 387 386 386 386 385 384 384 384 385 0 0 0 0 0 0 0 0 0 0 0 0 0 0 0 0 0 0 0 0 0 0 0 0 0 0 0 0 0 0 0 0 0 0 0 0 451 451 451 454 454 454 449 448 448 451 451 451 450 449 449 449 449 448 448 449 449 446 450 450 450 451 451 451 451 451 451 451 450 450 450 448 446 449 449 449 449 450 449 449 449 449 449 449 450 451 451 450 450 450 450 450 451 452 450 449 449 448 448 449 449 449 450 450 450 449 449 449 448 448 449 449 451 449 449 450 449 449 451 452 452 452 452 0 0 0 0 0 0 0 0 0 0 0 0 0
0 0 0 0 0 0 0 0 0 0 0 0 0 0 0 0 0 0 0 0 0 0 0 0 0 0 458 458 460 460 462 462 460 460 460 460 460 460 461 460 460 460 460 461 460 460 460 460 460 460 458 458 458 458 458 459 458 458 457 457 458 458 462 457 457 460 460 459 458 458 458 458 459 459 455 455 455 456 457 457 460 460 455 455 456 456 456 455 455 455 455 456 456 455 455 455 455 455 458 458 454 454 454 454 454 454 454 454 454 457 454 453 453 453 452 452 451 451 449 449 444 444 442 442 440 440 438 436 435 434 433 431 430 428 427 427 425 425 422 422 420 419 419 418 418 416 414 413 413 412 411 411 411 407 407 405 404 404 403 401 400 400 398 398 398 397 395 395 393 393 393 392 391 391 391 390 388 386 386 386 385 385 385 385 0 0 0 0 0 0 0 0 0 0 0 0 0 0 0 0 0 0 0 0 0 0 0 0 0 0 0 0 0 0 0 0 0 0 0 0 451 448 448 448 447 447 446 446 447 447 448 448 449 448 448 449 446 446 446 447 447 446 446 446 449 447 447 447 448 448 448 446 446 448 448 448 446 446 448 448 448 448 448 448 449 449 449 449 446 446 447 447 448 448 449 448 446 446 448 447 447 446 446 447 447 447 447 448 448 447 447 447 447 447 446 446 446 445 445 445 445 447 451 452 452 0 0 0 0 0 0 0 0 0 0 0 0 0 0 0
0 0 0 0 0 0 0 0 0 0 0 0 0 0 0 0 0 0 0 0 0 0 0 0 0 0 458 458 458 458 459 459 458 458 458 459 459 458 456 455 455 455 455 459 459 459 459 459 459 458 455 455 455 455 455 455 455 456 456 456 457 458 452 452 453 453 449 455 455 455 455 458 459 453 453 453 454 454 457 453 452 452 453 452 452 455 454 454 454 454 454 454 454 451 451 452 452 452 452 447 454 454 454 454 454 453 453 454 454 0 452 452 451 451 451 451 451 451 448 448 448 445 443 442 441 441 439 437 435 434 434 432 431 430 428 427 426 425 422 422 420 420 419 419 418 417 415 414 413 412 412 411 411 408 407 406 404 404 404 403 401 400 399 399 398 398 396 395 394 394 393 393 392 391 391 390 390 388 387 386 386 386 385 385 0 0 0 0 0 0 0 0 0 0 0 0 0 0 0 0 0 0 0 0 0 0 0 0 0 0 0 0 0 0 0 0 0 0 0 0 0 448 445 445 444 444 446 446 446 443 443 442 442 442 442 442 446 446 446 444 444 444 444 444 444 445 445 445 446 445 445 445 445 445 448 448 446 444 444 445 445 445 444 444 449 449 445 445 445 445 445 445 445 446 449 448 444 444 445 445 445 445 445 445 445 445 445 448 448 447 445 445 445 444 443 443 443 443 443 444 445 445 445 438 438 0 0 0 0 0 0 0 0 0 0 0 0 0 0 0
0 0 0 0 0 0 0 0 0 0 0 0 0 0 0 0 0 0 0 0 0 0 0 0 0 0 458 454 452 452 452 455 455 456 455 455 457 456 454 454 455 454 454 451 451 452 457 457 457 456 455 454 453 453 452 452 452 456 456 456 457 451 451 451 451 449 449 449 450 451 455 455 451 451 450 450 451 454 454 452 451 451 452 452 452 454 454 454 454 454 454 449 449 449 451 452 447 446 446 447 447 454 454 454 454 453 453 455 0 0 452 452 451 451 451 451 451 451 448 448 446 446 443 442 441 440 440 437 436 435 434 433 431 430 429 427 427 427 427 422 420 420 420 420 419 418 416 415 413 413 412 411 411 409 408 406 405 404 404 404 402 401 401 400 399 398 398 395 395 395 394 394 393 392 391 391 391 390 388 387 386 386 385 385 0 0 0 0 0 0 0 0 0 0 0 0 0 0 0 0 0 0 0 0 0 0 0 0 0 0 0 0 0 0 0 0 0 0 0 0 0 0 445 440 440 442 443 446 441 441 440 440 441 441 441 442 442 440 441 441 441 441 441 441 441 441 442 443 442 442 442 443 444 445 445 442 442 442 442 442 442 441 441 440 440 440 440 442 442 443 443 442 442 441 441 441 442 442 442 442 442 442 443 444 444 443 440 440 441 441 442 442 444 442 442 441 441 442 442 443 441 441 441 438 438 438 0 0 0 0 0 0 0 0 0 0 0 0 0 0
0 0 0 0 0 0 0 0 0 0 0 0 0 0 0 0 0 0 0 0 0 0 0 0 0 0 458 448 448 451 451 454 454 454 452 452 452 452 453 453 454 452 452 451 451 451 451 456 457 456 455 450 450 451 451 451 450 449 448 448 448 448 448 449 448 448 448 448 448 449 449 449 449 451 448 448 451 448 448 451 451 451 451 451 444 444 444 445 445 445 447 447 446 446 446 446 446 446 446 446 0 0 0 0 0 0 0 0 0 0 0 0 0 0 0 0 444 445 445 445 444 444 443 443 442 440 440 438 436 435 435 433 432 431 430 429 428 427 427 422 420 420 420 420 420 419 418 415 413 413 413 412 411 409 409 407 405 405 404 404 402 401 401 400 399 398 398 396 395 395 394 394 393 392 392 391 391 390 389 388 387 386 386 385 385 0 0 0 0 0 0 0 0 0 0 0 0 0 0 0 0 0 0 0 0 0 0 0 0 0 0 0 0 0 0 0 0 0 0 0 0 438 438 438 438 439 440 440 441 439 439 439 439 439 440 442 442 440 440 440 440 440 440 440 440 439 439 440 439 438 438 438 444 444 444 440 440 440 440 442 440 440 440 440 438 438 438 438 441 440 440 440 440 440 440 441 441 441 442 440 440 440 443 444 444 438 438 438 439 440 440 441 440 440 441 440 440 441 442 437 437 438 439 438 438 438 0 0 0 0 0 0 0 0 0 0 0 0 0 0
0 0 0 0 0 0 0 0 0 0 0 0 0 0 0 0 0 0 0 0 0 0 0 0 0 0 0 448 448 450 450 451 452 449 449 450 450 450 450 451 454 452 448 448 448 448 448 456 457 457 446 446 449 448 448 448 448 448 448 448 448 447 447 447 447 447 446 446 446 446 446 447 447 447 446 445 444 444 446 451 451 451 451 444 444 444 443 443 444 444 445 445 444 444 444 444 444 445 446 446 0 0 0 0 0 0 0 0 0 0 0 0 0 0 0 444 444 444 444 443 442 441 441 441 441 441 441 438 437 436 435 433 433 431 430 430 428 427 427 427 420 420 420 420 420 419 418 416 414 413 413 412 411 410 410 408 405 405 405 404 403 401 401 401 400 399 398 397 396 396 396 395 394 393 392 391 391 390 389 389 388 386 386 385 385 385 0 0 0 0 0 0 0 0 0 0 0 0 0 0 0 0 0 0 0 0 0 0 0 0 0 0 0 0 0 0 0 0 0 0 0 437 437 438 438 438 440 436 436 436 437 438 438 438 437 437 436 436 436 437 437 438 438 438 440 439 439 437 437 437 437 436 436 436 435 0 437 437 440 0 440 440 440 438 437 437 437 437 438 438 438 438 438 439 439 440 440 440 437 436 436 436 436 436 437 437 437 436 435 435 435 435 435 440 441 440 440 441 437 437 437 438 439 438 438 438 0 0 0 0 0 0 0 0 0 0 0 0 0 0
0 0 0 0 0 0 0 0 0 0 0 0 0 0 0 0 0 0 0 0 0 0 0 0 0 0 0 446 446 448 448 448 444 444 446 448 448 449 449 451 451 445 445 446 446 446 444 444 444 444 445 445 445 445 445 446 446 446 446 447 447 445 445 445 445 445 445 444 444 445 445 446 447 447 444 442 442 441 441 441 441 441 442 442 442 442 442 442 442 442 443 442 442 442 442 442 443 445 0 0 0 0 0 0 0 0 0 0 0 0 0 0 0 0 0 441 441 441 442 442 441 440 440 441 441 441 438 438 438 438 436 435 433 431 430 430 429 428 428 426 426 421 421 420 420 420 418 417 415 414 414 414 412 411 411 408 406 406 406 405 404 402 402 402 401 401 400 398 397 397 396 395 395 395 393 393 392 392 390 389 389 387 387 386 385 385 385 0 0 0 0 0 0 0 0 0 0 0 0 0 0 0 0 0 0 0 0 0 0 0 0 0 0 0 0 0 0 0 0 434 434 435 437 438 438 433 433 433 434 435 436 436 436 437 436 434 434 434 433 433 433 438 438 438 438 0 435 435 435 435 435 435 435 435 0 0 437 437 0 0 0 0 0 438 437 437 437 437 438 433 433 433 436 436 439 435 434 434 434 434 434 435 435 0 434 434 434 434 434 434 434 434 434 435 434 434 435 435 436 436 436 438 440 439 439 439 0 0 0 0 0 0 0 0 0 0 0 0 0 0
0 0 0 0 0 0 0 0 0 0 0 0 0 0 0 0 0 0 0 0 0 0 0 0 0 0 0 445 445 444 444 444 444 444 444 444 444 446 446 446 444 444 444 444 444 444 443 443 442 442 442 442 442 444 444 444 445 444 444 447 441 441 442 442 442 441 441 441 443 443 444 438 438 441 441 441 441 441 440 440 440 440 441 441 441 440 440 441 440 440 443 440 440 441 441 441 441 0 0 0 0 0 0 0 0 0 0 0 0 0 0 0 0 0 0 441 441 441 442 435 435 436 437 437 437 437 437 437 437 437 437 435 433 433 431 431 430 429 428 426 426 425 421 420 420 420 420 418 416 415 415 415 412 412 412 410 408 407 407 406 405 404 404 403 402 401 400 398 398 397 396 396 395 395 394 394 393 393 390 389 389 389 388 386 385 385 385 0 0 0 0 0 0 0 0 0 0 0 0 0 0 0 0 0 0 0 0 0 0 0 0 0 0 0 0 0 0 0 0 434 434 435 435 431 432 432 432 432 432 435 436 436 436 437 431 431 432 432 432 432 433 0 0 0 0 0 435 435 433 432 432 432 432 433 0 0 0 0 0 0 0 0 0 0 0 0 0 0 0 433 433 433 436 436 436 433 432 432 433 433 433 433 433 0 432 432 432 432 432 433 433 434 434 435 433 433 433 435 429 429 436 436 433 433 433 0 0 0 0 0 0 0 0 0 0 0 0 0 0 0
0 0 0 0 0 0 0 0 0 0 0 0 0 0 0 0 0 0 0 0 0 0 0 0 0 0 0 445 445 443 443 441 441 442 442 442 444 446 446 446 442 442 442 442 443 442 442 441 441 441 441 440 440 442 442 442 441 441 441 441 439 439 440 440 440 439 439 441 440 440 437 437 437 437 438 438 438 441 440 439 439 438 438 438 437 437 438 438 438 437 437 437 437 439 439 441 441 0 0 0 0 0 0 0 0 0 0 0 0 0 0 0 0 0 0 434 434 434 434 435 435 435 437 437 437 437 437 437 437 430 430 430 430 431 432 431 430 429 428 427 426 425 423 422 421 420 420 419 418 417 416 415 415 413 411 410 408 408 408 407 406 404 404 404 403 401 400 400 398 398 397 397 395 395 395 394 394 393 391 390 389 389 389 388 385 385 385 385 385 0 0 0 0 0 0 0 0 0 0 0 0 0 0 0 0 0 0 0 0 381 381 382 0 0 0 0 0 0 0 0 0 0 0 0 431 431 428 428 429 429 427 427 427 427 427 427 427 429 430 430 430 0 0 0 0 0 0 431 431 431 431 431 431 433 0 0 0 0 0 0 0 0 0 0 0 0 0 0 0 433 433 433 433 427 433 433 431 431 430 430 431 431 431 427 431 431 431 431 430 430 430 430 430 427 427 433 433 433 427 427 427 427 432 432 432 425 425 425 425 425 0 0 0 0 0 0 0 0 0 0
0 0 0 0 0 0 0 0 0 0 0 0 0 0 0 0 0 0 0 0 0 0 0 0 0 0 0 437 437 438 443 441 440 438 438 439 439 439 437 437 437 442 442 442 436 436 438 438 438 440 440 440 436 435 433 433 435 441 441 437 437 437 438 440 440 438 438 441 440 436 436 436 436 436 436 438 438 438 432 432 437 433 433 433 435 435 434 434 434 434 434 433 431 431 431 432 432 429 0 0 0 0 0 0 0 0 0 0 0 0 0 0 0 430 430 431 434 434 434 435 435 435 0 0 429 429 429 429 429 430 430 430 430 431 432 432 431 429 427 427 426 425 424 423 422 420 420 419 419 418 417 415 415 413 411 411 409 409 408 408 406 404 404 404 403 401 401 400 399 398 397 397 396 395 395 394 394 394 391 390 389 389 389 388 386 385 385 385 385 385 0 0 0 0 0 0 0 0 0 0 0 0 0 0 0 0 0 0 381 381 381 382 386 389 0 0 0 0 0 0 0 0 0 431 431 431 426 426 426 426 425 425 425 425 426 425 425 425 425 425 425 425 0 0 0 0 0 431 431 427 427 431 431 0 0 0 0 0 0 0 0 0 0 0 0 0 0 0 0 0 427 427 427 427 426 431 431 431 427 427 427 426 426 427 426 426 427 427 428 428 428 430 425 425 426 426 425 425 426 426 426 425 424 424 424 424 425 425 425 425 0 0 0 0 0 0 0 0 0 0
0 0 0 0 0 0 0 0 0 0 0 0 0 0 0 0 0 0 0 0 0 0 0 0 0 0 0 437 437 437 436 436 436 436 437 437 437 436 435 435 435 435 436 436 436 436 436 436 438 440 440 440 432 432 432 433 434 433 431 430 430 431 432 432 432 430 429 429 429 436 435 434 434 435 429 429 429 430 432 431 431 431 431 433 435 435 434 433 433 434 433 432 431 431 431 431 431 429 429 429 428 428 0 0 0 0 0 0 0 0 0 0 430 430 430 430 0 0 0 0 0 0 0 0 428 428 428 427 427 430 430 430 430 430 0 424 425 425 425 425 426 426 424 424 424 422 421 419 419 418 418 416 415 414 413 412 411 410 409 409 408 407 406 405 405 403 402 402 402 400 398 398 398 398 396 395 395 394 393 391 390 390 390 390 386 386 385 385 385 385 385 0 0 0 0 0 0 0 0 0 0 0 0 0 0 0 0 0 381 381 382 383 386 388 389 0 0 0 0 0 0 0 0 422 422 421 421 426 426 426 425 425 425 425 426 424 424 424 424 424 425 425 0 0 0 0 0 0 0 427 427 0 0 0 0 0 0 0 0 0 0 0 0 0 0 0 0 0 0 426 423 423 426 426 426 423 423 423 423 423 423 424 424 425 426 426 427 427 428 428 428 422 422 423 424 424 424 424 424 424 423 423 423 423 424 424 424 424 423 423 0 0 0 0 0 0 0 0 0 0
0 0 0 0 0 0 0 0 0 0 0 0 0 0 0 0 0 0 0 0 0 0 0 0 0 0 0 436 436 436 435 434 434 435 435 435 434 434 433 433 432 432 431 431 432 432 432 432 432 432 431 430 430 430 430 430 430 430 430 430 430 429 429 430 429 429 429 428 428 428 435 434 434 427 427 428 428 429 430 431 429 429 430 430 430 427 427 427 426 426 426 432 430 430 431 431 431 426 426 426 427 428 0 0 0 0 0 0 0 0 0 0 430 430 430 430 0 0 0 0 0 0 0 0 427 427 426 425 424 424 0 0 0 0 0 424 423 423 424 424 423 423 423 424 424 422 421 420 420 419 418 418 416 414 413 412 412 410 409 409 408 408 406 406 406 405 404 403 402 400 399 399 398 398 397 396 395 394 394 393 391 390 390 390 386 386 385 385 385 385 385 385 385 0 0 0 0 0 0 0 0 0 0 0 0 0 0 0 382 382 383 384 386 388 389 0 0 0 0 0 0 0 0 422 421 421 420 420 421 421 421 418 418 418 424 424 424 424 424 424 0 0 0 0 0 0 0 0 0 0 0 0 0 0 0 0 0 0 0 0 0 0 0 0 0 0 0 0 420 420 420 420 420 421 421 423 423 421 421 422 422 424 424 425 425 420 420 420 421 420 420 420 421 421 421 421 421 419 419 419 419 419 420 423 424 424 424 0 423 423 0 0 0 0 0 0 0 0 0 0
0 0 0 0 0 0 0 0 0 0 0 0 0 0 0 0 0 0 0 0 0 0 0 0 0 0 0 428 428 428 428 429 430 430 431 433 432 432 429 429 430 430 430 431 432 432 429 429 432 431 431 429 429 429 430 429 429 429 429 428 428 427 427 429 428 428 427 427 427 427 427 427 428 426 426 427 427 427 430 430 429 429 430 430 0 426 426 425 425 425 425 425 430 430 430 423 423 425 425 425 425 426 426 0 0 0 0 0 0 0 0 0 0 0 0 0 0 0 0 0 0 0 0 0 427 427 423 423 424 424 0 0 0 0 0 422 422 422 422 422 422 422 422 422 422 422 421 420 420 419 418 418 416 415 414 413 412 411 410 410 409 408 407 406 406 405 404 404 402 401 400 399 399 398 398 397 396 394 394 394 392 390 390 390 389 386 386 386 385 385 385 385 385 0 0 0 0 0 0 0 0 0 0 0 0 0 0 0 382 382 384 385 386 388 0 0 0 0 0 0 0 0 416 416 418 418 418 418 421 421 416 417 418 418 418 0 0 0 0 0 0 0 0 0 0 0 0 0 0 0 0 0 0 0 0 0 0 0 0 0 0 0 0 0 0 0 0 0 420 419 419 419 419 420 420 415 421 421 421 422 418 418 415 415 416 417 418 418 419 418 418 417 417 417 416 416 416 416 417 416 416 418 420 423 0 0 0 0 0 0 0 0 0 0 0 0 0 0 0 0
0 0 0 0 0 0 0 0 0 0 0 0 0 0 0 0 0 0 0 0 0 0 0 0 0 0 0 426 426 426 426 428 429 429 429 430 429 427 427 427 428 426 426 426 426 426 425 425 425 424 424 429 429 429 429 429 426 426 429 425 425 426 426 427 428 428 427 427 427 426 426 427 425 425 425 424 424 422 422 423 423 0 417 417 420 426 426 424 424 424 424 424 424 423 423 423 423 423 424 424 424 426 426 0 0 0 0 0 0 0 0 0 0 0 0 0 0 0 0 0 0 0 0 0 0 0 423 423 424 0 0 0 0 0 0 422 422 422 422 422 420 420 420 422 422 0 421 420 420 420 418 418 418 418 414 414 412 411 410 410 409 409 408 407 406 406 405 404 403 402 400 399 399 398 398 398 397 395 394 394 392 390 390 389 389 387 386 386 385 385 385 385 385 385 0 0 0 0 0 0 0 0 0 0 0 0 0 0 382 382 385 386 386 0 0 0 0 0 0 0 0 0 416 416 417 417 415 415 416 416 416 417 417 416 416 0 0 0 0 0 0 0 0 0 0 0 0 0 0 0 0 0 0 0 0 0 0 0 0 0 0 0 0 0 0 0 0 0 420 418 418 418 415 415 415 415 415 414 415 415 415 415 415 415 415 417 418 418 419 416 416 416 416 416 416 416 415 415 417 414 414 411 411 412 0 0 0 0 0 0 0 0 0 0 0 0 0 0 0 0
0 0 0 0 0 0 0 0 0 0 0 0 0 0 0 0 0 0 0 0 0 0 0 0 0 0 0 425 424 424 426 428 428 428 429 426 425 425 424 424 425 425 425 425 425 424 423 423 422 422 422 422 421 421 421 423 423 422 422 425 425 425 426 427 427 419 427 427 427 426 426 426 425 425 425 423 423 422 422 422 0 0 417 417 420 420 420 419 419 420 424 424 418 423 423 422 422 422 422 424 424 0 0 0 0 0 0 0 0 0 0 0 0 0 0 0 0 0 0 0 0 0 0 0 0 0 0 0 0 0 0 0 0 0 0 422 421 421 422 422 418 418 419 0 0 0 0 0 0 0 418 418 418 418 415 414 413 411 411 410 409 409 408 408 407 406 405 404 403 402 401 399 399 399 398 398 397 396 395 395 395 390 390 389 389 389 388 388 386 385 385 385 385 385 385 0 0 0 0 0 0 0 0 0 0 0 0 0 383 383 385 386 386 0 0 0 0 0 0 0 0 0 0 0 417 417 415 414 414 413 413 413 417 416 416 0 0 0 0 0 0 0 0 0 0 0 0 0 0 0 0 0 0 0 0 0 0 0 0 0 0 0 0 0 0 0 0 413 413 418 415 414 414 414 414 414 414 414 410 413 413 413 413 413 415 415 415 415 415 415 415 415 415 414 414 416 411 411 411 411 411 411 411 411 0 0 0 0 0 0 0 0 0 0 0 0 0 0 0 0
0 0 0 0 0 0 0 0 0 0 0 0 0 0 0 0 0 0 0 0 0 0 0 0 0 0 0 422 422 422 422 421 421 421 421 422 422 423 422 421 421 421 422 422 420 420 420 421 421 422 422 421 421 421 421 421 421 421 421 421 425 425 420 420 420 419 419 418 418 418 418 418 416 418 418 418 421 423 422 422 0 0 417 417 417 418 418 418 418 419 419 414 418 418 418 419 419 420 420 424 0 0 0 0 0 0 0 0 0 0 0 0 0 0 0 0 0 0 0 0 0 0 0 0 0 0 0 0 0 0 0 0 0 0 0 0 421 421 421 412 412 415 419 0 0 0 0 0 0 0 0 0 0 0 0 414 414 412 411 410 410 410 409 408 408 407 405 404 404 403 402 400 399 399 399 398 398 397 396 395 395 393 393 390 390 389 389 389 388 386 385 385 385 385 385 385 0 0 0 0 0 0 0 0 0 0 0 0 383 383 384 0 0 0 0 0 0 0 0 0 0 0 0 0 0 0 0 414 414 412 412 412 412 412 0 0 0 0 0 0 0 0 0 0 0 0 0 0 0 0 0 0 0 0 0 0 0 0 0 0 0 0 0 0 0 0 412 411 411 411 411 412 412 413 414 414 414 414 410 410 410 411 411 411 411 411 0 0 415 415 415 415 409 409 409 409 411 410 410 410 410 410 410 411 0 0 0 0 0 0 0 0 0 0 0 0 0 0 0 0
0 0 0 0 0 0 0 0 0 0 0 0 0 0 0 0 0 0 0 0 0 0 0 0 0 0 0 422 422 422 419 419 418 418 419 419 419 420 420 420 420 420 419 419 419 419 419 421 421 421 421 420 420 420 420 421 420 420 420 420 414 420 420 420 419 419 418 418 416 416 416 0 416 416 416 418 421 0 0 0 0 0 416 416 416 416 416 416 416 416 416 414 414 414 415 417 417 420 420 0 0 0 0 0 0 0 0 0 0 0 0 0 0 0 0 0 0 0 0 0 0 0 0 0 0 0 0 0 0 0 0 0 0 0 0 0 412 412 412 412 412 412 412 0 0 0 0 0 0 0 0 0 0 0 0 0 0 412 411 410 410 409 409 408 408 407 405 405 404 403 403 400 400 399 399 398 398 397 396 396 395 393 393 391 390 390 390 390 388 387 386 386 386 385 385 385 385 0 0 0 0 0 0 0 0 0 0 383 383 383 384 0 0 0 0 0 0 0 0 0 0 0 0 0 0 0 0 0 410 410 410 409 409 412 0 0 0 0 0 0 0 0 0 0 0 0 0 0 0 0 0 0 0 0 0 0 0 0 0 0 0 0 0 0 0 409 409 410 410 411 409 409 410 410 414 414 414 409 409 409 409 411 409 409 409 0 0 0 401 407 407 407 407 408 408 407 407 408 408 408 409 410 410 0 0 0 0 0 0 0 0 0 0 0 0 0 0 0 0 0
0 0 0 0 0 0 0 0 0 0 0 0 0 0 0 0 0 0 0 0 0 0 0 0 0 0 0 422 422 422 418 418 417 417 418 418 418 419 420 419 419 419 419 418 418 415 415 415 421 421 421 420 420 420 420 415 415 415 416 416 414 414 414 414 417 417 417 417 414 414 414 412 414 414 414 415 0 0 0 0 0 0 416 416 415 415 415 414 414 414 414 414 413 412 412 417 417 0 0 0 0 0 0 0 0 0 0 0 0 0 0 0 0 0 0 0 0 0 0 0 0 0 0 0 0 0 0 0 0 0 0 0 0 0 0 0 412 412 411 411 411 411 412 0 0 0 0 0 0 0 0 0 0 0 0 0 0 0 0 0 410 409 409 408 408 407 407 407 404 403 403 401 401 400 399 398 398 397 397 396 395 394 394 392 391 391 390 390 389 388 387 386 386 386 385 385 385 0 0 0 0 0 0 0 0 0 383 383 383 383 384 0 0 0 0 0 0 0 0 0 0 0 0 0 0 0 0 0 410 410 407 407 409 0 0 0 0 0 0 0 0 0 0 0 0 0 0 0 0 0 0 0 0 0 0 0 0 0 0 0 0 0 0 405 405 405 407 410 410 410 408 408 407 407 407 406 406 406 406 406 406 406 406 406 406 404 404 0 401 401 407 407 406 406 406 405 405 406 404 404 409 409 0 0 0 0 0 0 0 0 0 0 0 0 0 0 0 0 0 0
0 0 0 0 0 0 0 0 0 0 0 0 0 0 0 0 0 0 0 0 0 0 0 0 0 0 0 0 0 0 416 416 415 415 415 415 415 419 419 416 416 416 416 415 415 414 414 414 414 413 413 413 413 413 413 413 413 413 413 413 414 413 413 413 413 414 417 413 413 411 411 412 412 413 413 415 415 0 0 0 0 0 0 416 415 415 415 414 414 414 414 411 411 411 411 412 412 0 0 0 0 0 0 0 0 0 0 0 0 0 0 0 0 0 0 0 0 0 0 0 0 0 0 0 0 0 0 0 0 0 0 0 0 0 0 0 0 0 411 411 411 411 0 0 0 0 0 0 0 0 0 0 0 0 0 0 0 0 0 0 0 0 409 407 407 406 406 0 404 404 404 402 402 401 399 398 398 398 397 396 395 394 394 392 392 391 391 390 389 388 387 387 386 386 385 385 385 0 0 0 0 0 0 0 0 0 383 383 383 383 0 0 0 0 0 0 0 0 0 0 0 0 0 0 0 0 0 0 0 0 407 407 409 0 0 0 0 0 0 0 0 0 0 0 0 0 0 0 0 0 0 0 0 0 0 0 0 0 0 0 0 0 0 405 404 404 405 405 402 406 406 405 405 405 406 406 406 405 405 405 405 405 405 404 404 404 404 401 401 401 401 402 404 405 404 404 405 403 402 402 402 402 402 0 0 0 0 0 0 0 0 0 0 0 0 0 0 0 0 0
0 0 0 0 0 0 0 0 0 0 0 0 0 0 0 0 0 0 0 0 0 0 0 0 0 0 0 0 0 0 416 416 412 412 412 413 412 411 411 412 413 414 414 414 413 413 413 413 413 412 412 412 412 412 413 413 413 412 412 412 413 413 413 411 411 411 409 409 410 410 410 411 411 413 413 413 407 0 0 0 0 0 0 0 0 0 0 0 0 0 0 411 411 411 411 411 412 0 0 0 0 0 0 0 0 0 0 0 0 0 0 0 0 0 0 0 0 0 0 0 0 0 0 0 0 0 0 0 0 0 0 0 0 0 0 0 0 0 0 0 0 0 0 0 0 0 0 0 0 0 0 0 0 0 0 0 0 0 0 0 0 0 0 406 406 406 406 0 0 0 0 402 402 401 399 399 399 399 397 396 395 395 395 393 393 392 392 391 390 389 388 387 387 386 385 385 385 385 385 0 0 0 0 0 0 0 383 383 384 385 0 0 0 0 0 0 0 0 0 0 0 0 0 0 0 0 0 0 0 0 0 0 0 0 0 0 0 0 0 0 0 0 0 0 0 0 0 0 0 0 0 0 0 0 0 0 0 0 0 0 0 0 0 0 403 403 405 405 402 402 403 404 404 405 406 401 401 401 404 404 403 403 403 403 403 401 401 401 400 400 400 401 401 402 403 403 402 401 401 401 401 401 402 0 0 0 0 0 0 0 0 0 0 0 0 0 398 398 0 0
0 0 0 0 0 0 0 0 0 0 0 0 0 0 0 0 0 0 0 0 0 0 0 0 0 0 0 0 0 0 407 407 407 409 410 409 409 409 410 412 409 409 408 408 413 413 413 410 409 409 410 409 409 410 410 411 412 411 411 411 412 413 413 409 409 409 409 409 409 409 409 407 407 406 406 407 407 407 408 0 0 0 0 0 0 0 0 0 0 0 0 0 0 411 411 411 0 0 0 0 0 0 0 0 0 0 0 0 0 0 0 0 0 0 0 0 0 0 0 0 0 0 0 0 0 0 0 0 0 0 0 0 0 0 0 0 0 0 0 0 0 0 0 0 0 0 0 0 0 0 0 0 0 0 0 0 0 0 0 0 0 0 0 406 406 406 0 0 0 0 0 401 401 400 400 400 400 399 398 397 396 395 395 393 393 392 392 392 390 389 389 388 387 386 385 385 385 385 385 384 384 384 384 383 383 383 383 383 385 385 0 0 0 0 0 0 0 0 0 0 0 0 0 0 0 0 0 0 0 0 0 0 0 0 0 0 0 0 0 0 0 0 0 0 0 0 0 0 0 0 0 0 0 0 0 0 0 0 0 0 0 0 0 0 403 403 403 400 400 400 401 401 401 405 400 400 400 400 401 404 403 403 403 401 400 400 400 400 399 399 400 400 400 401 403 403 399 398 398 398 400 400 400 0 0 0 0 0 0 0 0 0 0 396 396 396 396 395 395 395
0 0 0 0 0 0 0 0 0 0 0 0 0 0 0 0 0 0 0 0 0 0 0 0 0 0 0 0 0 405 405 407 407 407 406 406 409 408 408 409 409 409 408 408 408 408 408 408 408 408 409 409 409 409 410 411 412 411 409 409 409 409 408 408 408 407 407 409 408 408 407 406 406 406 406 406 406 406 406 0 0 0 0 0 0 0 0 0 0 0 0 0 0 0 0 0 0 0 0 0 0 0 0 0 0 0 0 0 0 0 0 0 0 0 0 0 0 0 0 0 0 0 0 0 0 0 0 0 0 0 0 0 0 0 0 0 0 0 0 0 0 0 0 0 0 0 0 0 0 0 0 0 0 0 0 0 0 0 0 0 0 0 0 406 406 406 0 0 0 0 0 401 400 399 399 399 400 400 399 397 397 396 396 394 394 393 393 392 391 389 389 389 388 387 386 386 386 386 385 384 384 384 384 383 383 383 383 385 385 386 388 0 0 0 0 0 0 0 0 0 0 0 0 0 0 0 0 0 0 0 0 0 0 0 0 0 0 0 0 0 0 0 0 0 0 0 0 0 0 0 0 0 0 0 0 0 0 0 0 0 0 0 0 399 399 399 399 399 398 398 400 400 401 0 399 399 399 398 398 0 0 0 0 401 399 399 399 400 399 399 400 400 397 397 397 399 399 396 396 396 396 400 400 0 0 393 393 394 395 0 0 0 0 396 395 395 395 394 394 394
0 0 0 0 0 0 0 0 0 0 0 0 0 0 0 0 0 0 0 0 0 0 0 0 0 0 0 0 404 404 405 406 406 407 406 406 406 406 406 406 409 409 408 404 404 406 406 405 405 406 405 405 409 409 0 0 0 0 409 409 409 0 406 406 406 406 406 408 408 406 406 406 405 405 405 405 405 404 404 0 0 0 0 0 0 0 0 0 0 0 0 0 0 0 0 0 0 0 0 0 0 0 0 0 0 0 0 0 0 0 0 0 0 0 0 0 0 0 0 0 0 0 0 0 0 0 0 0 0 0 0 0 0 0 0 0 0 0 0 0 0 0 0 0 0 0 0 0 0 0 0 0 0 0 0 0 0 0 0 0 0 0 0 0 0 0 0 0 0 0 0 0 400 399 398 398 399 400 400 0 0 397 396 394 394 393 393 392 392 390 389 389 389 389 0 0 386 386 385 384 384 384 384 384 384 384 385 385 386 387 388 0 0 0 0 0 0 0 0 0 0 0 0 0 0 0 0 0 0 0 0 0 0 0 0 0 0 0 0 0 0 0 0 0 0 0 0 0 0 0 0 0 0 0 0 0 0 0 0 0 0 0 0 399 397 397 399 397 397 398 400 400 0 0 399 399 399 398 398 0 0 0 0 0 399 399 399 0 0 0 0 0 397 394 394 394 394 394 394 394 394 394 393 393 393 393 393 393 393 393 393 393 393 393 394 394 394 394 394 393
0 0 0 0 0 0 0 0 0 0 0 0 0 0 0 0 0 0 0 0 0 0 0 0 0 0 0 0 403 403 404 405 405 407 406 405 405 406 404 404 404 403 402 402 404 405 405 405 404 403 403 403 403 404 0 0 0 0 0 0 0 0 406 406 406 406 406 408 408 406 406 404 404 403 403 403 403 403 403 0 0 0 0 0 0 0 0 0 0 0 0 0 0 0 0 0 0 0 0 0 0 0 0 0 0 0 0 0 0 0 0 0 0 0 0 0 0 0 0 0 0 0 0 0 0 0 0 0 0 0 0 0 0 0 0 0 0 0 0 0 0 0 0 0 0 0 0 0 0 0 0 0 0 0 0 0 0 0 0 0 0 0 0 0 0 0 0 0 0 0 0 0 396 396 396 398 398 0 0 0 0 0 0 0 394 394 393 393 392 391 390 390 390 390 0 0 0 0 0 0 384 384 384 384 384 385 385 385 386 388 0 0 0 0 0 0 0 0 0 0 0 0 0 0 0 0 0 0 0 0 0 0 0 0 0 0 0 0 0 0 0 0 0 0 0 0 0 0 0 0 0 0 0 0 0 0 0 0 0 0 0 0 0 0 397 397 0 397 397 398 0 0 0 0 0 0 0 0 0 0 0 0 0 0 0 0 0 0 0 0 0 0 0 393 393 393 393 393 393 393 393 393 393 392 392 392 392 392 392 392 392 392 393 393 393 393 394 393 393 393
0 0 0 0 0 0 0 0 0 0 0 0 0 0 0 0 0 0 0 0 0 0 0 0 0 0 0 0 403 403 403 405 405 0 0 405 405 0 404 402 402 402 401 401 402 405 405 402 402 402 402 401 401 404 0 0 0 0 0 0 0 0 0 0 0 0 0 0 0 0 404 404 398 398 398 403 403 403 403 0 0 0 0 0 0 0 0 0 0 0 0 0 0 0 0 0 0 0 0 0 0 0 0 0 0 0 0 0 0 0 0 0 0 0 0 0 0 0 0 0 0 0 0 0 0 0 0 0 0 0 0 0 0 0 0 0 0 0 0 0 0 0 0 0 0 0 0 0 0 0 0 0 0 0 0 0 0 0 0 0 0 0 0 0 0 0 0 0 0 0 0 0 396 396 396 398 398 0 0 0 0 0 0 0 0 0 0 0 392 392 391 390 390 390 0 0 0 0 0 0 385 385 385 385 385 385 385 386 387 0 0 0 0 0 0 0 0 0 0 0 0 0 0 0 0 0 0 0 0 0 0 0 0 0 0 0 0 0 0 0 0 0 0 0 0 0 0 0 0 0 0 0 0 0 0 0 0 0 0 0 0 0 0 0 0 0 0 0 0 0 0 0 0 0 0 0 0 0 0 0 0 0 0 0 0 0 0 0 0 0 0 0 0 391 391 391 390 390 390 390 391 392 393 392 392 391 391 389 389 391 391 391 393 393 393 393 393 393 393 391
0 0 0 0 0 0 0 0 0 0 0 0 0 0 0 0 0 0 0 0 0 0 0 0 0 0 0 0 403 403 403 0 0 0 0 0 0 0 0 400 400 400 400 399 399 405 405 400 400 400 400 400 401 0 0 0 0 0 0 0 0 0 0 0 0 0 0 0 0 0 396 396 396 397 397 397 397 0 0 0 0 0 0 0 0 0 0 0 0 0 0 0 0 0 0 0 0 0 0 0 0 0 0 0 0 0 0 0 0 0 0 0 0 0 0 0 0 0 0 0 0 0 0 0 0 0 0 0 0 0 0 0 0 0 0 0 0 0 0 0 0 0 0 0 0 0 0 0 0 0 0 0 0 0 0 0 0 0 0 0 0 0 0 0 0 0 0 0 0 0 0 0 0 396 396 0 0 0 0 0 0 0 0 0 0 0 0 0 0 392 392 391 391 0 0 0 0 0 0 0 0 0 385 385 385 385 385 386 388 0 0 0 0 0 0 0 0 0 0 0 0 0 0 0 0 0 0 0 0 0 0 0 0 0 0 0 0 0 0 0 0 0 0 0 0 0 0 0 0 0 0 0 0 0 0 0 0 0 0 0 0 0 0 0 0 0 0 0 0 0 0 0 0 0 0 0 0 0 0 0 0 0 0 0 0 0 0 0 0 0 0 0 0 391 390 389 389 388 388 388 389 392 392 385 391 391 391 389 389 391 391 391 391 383 383 383 383 383 391 391
0 0 0 0 0 0 0 0 0 0 0 0 0 0 0 0 0 0 0 0 0 0 0 0 0 0 0 0 0 0 0 0 0 0 0 0 0 0 0 400 400 400 400 398 398 398 400 400 399 399 399 399 400 0 0 0 0 0 0 0 0 0 0 0 0 0 0 0 0 0 396 396 396 396 395 394 394 396 0 0 0 0 0 0 0 0 0 0 0 0 0 0 0 0 0 0 0 0 0 0 0 0 0 0 0 0 0 0 0 0 0 0 0 0 0 0 0 0 0 0 0 0 0 0 0 0 0 0 0 0 0 0 0 0 0 0 0 0 0 0 0 0 0 0 0 0 0 0 0 0 0 0 0 0 0 0 0 0 0 0 0 0 0 0 0 0 0 0 0 0 0 0 0 0 0 0 0 0 0 0 0 0 0 0 0 0 0 0 0 393 393 0 0 0 0 0 0 0 0 0 0 0 0 385 385 385 386 386 0 0 0 0 0 0 0 0 0 0 0 0 0 0 0 0 0 0 0 0 0 0 0 0 0 0 0 0 0 0 0 0 0 0 0 0 0 0 0 0 0 0 0 0 0 0 0 0 0 0 0 0 0 0 0 0 0 0 0 0 0 0 0 0 0 0 0 0 0 0 0 0 0 0 0 0 0 0 0 0 0 0 0 0 0 0 387 387 387 388 387 387 387 387 385 385 385 382 0 380 0 0 0 382 382 383 383 383 383 383 383 383
0 0 0 0 0 0 0 0 0 0 0 0 0 0 0 0 0 0 0 0 0 0 0 0 0 0 0 0 0 0 0 0 0 0 0 0 0 0 0 0 0 0 0 396 396 396 396 399 399 399 399 399 400 0 0 0 0 0 0 0 0 0 0 0 0 0 0 0 0 0 396 396 396 395 394 394 394 394 0 0 0 0 0 0 0 0 0 0 0 0 0 0 0 0 0 0 0 0 0 0 0 0 0 0 0 0 0 0 0 0 0 0 0 0 0 0 0 0 0 0 0 0 0 0 0 0 0 0 0 0 0 0 0 0 0 0 0 0 0 0 0 0 0 0 0 0 0 0 0 0 0 0 0 0 0 0 0 0 0 0 0 0 0 0 0 0 0 0 0 0 0 0 0 0 0 0 0 0 0 0 0 0 0 0 0 0 0 0 0 0 0 0 0 0 0 0 0 0 0 0 0 0 0 0 385 385 386 386 0 0 0 0 0 0 0 0 0 0 0 0 0 0 0 0 0 0 0 0 0 0 0 0 0 0 0 0 0 0 0 0 0 0 0 0 0 0 0 0 0 0 0 0 0 0 0 0 0 0 0 0 0 0 0 0 0 0 0 0 0 0 0 0 0 0 0 0 0 0 0 0 0 0 0 0 0 0 0 0 0 0 0 0 0 0 387 387 387 386 385 385 387 387 382 382 382 382 380 0 0 0 0 382 382 382 382 382 383 382 382 383
0 0 0 0 0 0 0 0 0 0 0 0 0 0 0 0 0 0 0 0 0 0 0 0 0 0 0 0 0 0 0 0 0 0 0 0 0 0 0 0 0 0 0 396 396 396 389 389 390 390 390 0 0 0 0 0 0 0 0 0 0 0 0 0 0 0 0 0 0 0 0 396 396 395 394 394 394 394 0 0 0 0 0 0 0 0 0 0 0 0 0 0 0 0 0 0 0 0 0 0 0 0 0 0 0 0 0 0 0 0 0 0 0 0 0 0 0 0 0 0 0 0 0 0 0 0 0 0 0 0 0 0 0 0 0 0 0 0 0 0 0 0 0 0 0 0 0 0 0 0 0 0 0 0 0 0 0 0 0 0 0 0 0 0 0 0 0 0 0 0 0 0 0 0 0 0 0 0 0 0 0 0 0 0 0 0 0 0 0 0 0 0 0 0 0 0 0 0 0 0 0 0 0 0 0 0 0 0 0 0 0 0 0 0 0 0 0 0 0 0 0 0 0 0 0 0 0 0 0 0 0 0 0 0 0 0 0 0 0 0 0 0 0 0 0 0 0 0 0 0 0 0 0 0 0 0 0 0 0 0 0 0 0 0 0 0 0 0 0 0 0 0 0 0 0 0 0 0 0 0 0 0 0 0 0 0 0 0 0 0 0 0 0 0 0 387 387 386 382 382 382 381 381 381 380 380 0 0 0 0 0 382 382 382 382 382 383 382 382 382
0 0 0 0 0 0 0 0 0 0 0 0 0 0 0 0 0 0 0 0 0 0 0 0 0 0 0 0 0 0 0 0 0 0 0 0 0 0 0 0 0 0 0 392 391 389 389 389 390 390 390 390 390 0 0 0 0 0 0 0 0 0 0 0 0 0 0 0 0 0 0 0 0 0 0 0 0 0 0 0 0 0 0 0 0 0 0 0 0 0 0 0 0 0 0 0 0 0 0 0 0 0 0 0 0 0 0 0 0 0 0 0 0 0 0 0 0 0 0 0 0 0 0 0 0 0 0 0 0 0 0 0 0 0 0 0 0 0 0 0 0 0 0 0 0 0 0 0 0 0 0 0 0 0 0 0 0 0 0 0 0 0 0 0 0 0 0 0 0 0 0 0 0 0 0 0 0 0 0 0 0 0 0 0 0 0 0 0 0 0 0 0 0 0 0 0 0 0 0 0 0 0 0 0 0 0 0 0 0 0 0 0 0 0 0 0 0 0 0 0 0 0 0 0 0 0 0 0 0 0 0 0 0 0 0 0 0 0 0 0 0 0 0 0 0 0 0 0 0 0 0 0 0 0 0 0 0 0 0 0 0 0 0 0 0 0 0 0 0 0 0 0 0 0 0 0 0 0 0 0 0 0 0 0 0 0 0 0 0 0 0 0 0 0 0 0 0 0 382 380 379 379 380 380 379 378 378 0 0 0 0 0 0 0 0 0 0 382 382 382
0 0 0 0 0 0 0 0 0 0 0 0 0 0 0 0 0 0 0 0 0 0 0 0 0 0 0 0 0 0 0 0 0 0 0 0 0 0 0 0 0 0 387 386 386 389 389 389 389 390 390 390 390 0 0 0 0 0 0 0 0 0 0 0 0 0 0 0 0 0 0 0 0 0 0 0 0 0 0 0 0 0 0 0 0 0 0 0 0 0 0 0 0 0 0 0 0 0 0 0 0 0 0 0 0 0 0 0 0 0 0 0 0 0 0 0 0 0 0 0 0 0 0 0 0 0 0 0 0 0 0 0 0 0 0 0 0 0 0 0 0 0 0 0 0 0 0 0 0 0 0 0 0 0 0 0 0 0 0 0 0 0 0 0 0 0 0 0 0 0 0 0 0 0 0 0 0 0 0 0 0 0 0 0 0 0 0 0 0 0 0 0 0 0 0 0 0 0 0 0 0 0 0 0 0 0 0 0 0 0 0 0 0 0 0 0 0 0 0 0 0 0 0 0 0 0 0 0 0 0 0 0 0 0 0 0 0 0 0 0 0 0 0 0 0 0 0 0 0 0 0 0 0 0 0 0 0 0 0 0 0 0 0 0 0 0 0 0 0 0 0 0 0 0 0 0 0 0 0 0 0 0 0 0 0 0 0 0 0 0 0 0 0 0 0 0 0 0 0 380 379 379 379 379 379 378 377 377 0 0 0 0 0 0 0 0 0 0 0 0
0 0 0 0 0 0 0 0 0 0 0 0 0 0 0 0 0 0 0 0 0 0 0 0 0 0 0 0 0 0 0 0 0 0 0 0 0 0 0 0 0 0 386 386 386 389 389 389 389 390 390 0 0 0 0 0 0 0 0 0 0 0 0 0 0 0 0 0 0 0 0 0 0 0 0 0 0 0 0 0 0 0 0 0 0 0 0 0 0 0 0 0 0 0 0 0 0 0 0 0 0 0 0 0 0 0 0 0 0 0 0 0 0 0 0 0 0 0 0 0 0 0 0 0 0 0 0 0 0 0 0 0 0 0 0 0 0 0 0 0 0 0 0 0 0 0 0 0 0 0 0 0 0 0 0 0 0 0 0 0 0 0 0 0 0 0 0 0 0 0 0 0 0 0 0 0 0 0 0 0 0 0 0 0 0 0 0 0 0 0 0 0 0 0 0 0 0 0 0 0 0 0 0 0 0 0 0 0 0 0 0 0 0 0 0 0 0 0 0 0 0 0 0 0 0 0 0 0 0 0 0 0 0 0 0 0 0 0 0 0 0 0 0 0 0 0 0 0 0 0 0 0 0 0 0 0 0 0 0 0 0 0 0 0 0 0 0 0 0 0 0 0 0 0 0 0 0 0 0 0 0 0 0 0 0 0 0 0 0 0 0 0 0 0 0 0 0 0 0 0 0 379 379 379 379 378 377 377 0 0 0 0 0 0 0 0 0 0 0 0
0 0 0 0 0 0 0 0 0 0 0 0 0 0 0 0 0 0 0 0 0 0 0 0 0 0 0 0 0 0 0 0 0 0 0 0 0 0 0 0 0 0 386 386 386 0 0 0 0 0 0 0 0 0 0 0 0 0 0 0 0 0 0 0 0 0 0 0 0 0 0 0 0 0 0 0 0 0 0 0 0 0 0 0 0 0 0 0 0 0 0 0 0 0 0 0 0 0 0 0 0 0 0 0 0 0 0 0 0 0 0 0 0 0 0 0 0 0 0 0 0 0 0 0 0 0 0 0 0 0 0 0 0 0 0 0 0 0 0 0 0 0 0 0 0 0 0 0 0 0 0 0 0 0 0 0 0 0 0 0 0 0 0 0 0 0 0 0 0 0 0 0 0 0 0 0 0 0 0 0 0 0 0 0 0 0 0 0 0 0 0 0 0 0 0 0 0 0 0 0 0 0 0 0 0 0 0 0 0 0 0 0 0 0 0 0 0 0 0 0 0 0 0 0 0 0 0 0 0 0 0 0 0 0 0 0 0 0 0 0 0 0 0 0 0 0 0 0 0 0 0 0 0 0 0 0 0 0 0 0 0 0 0 0 0 0 0 0 0 0 0 0 0 0 0 0 0 0 0 0 0 0 0 0 0 0 0 0 0 0 0 0 0 0 0 0 0 0 0 0 0 0 0 0 0 0 0 0 0 0 0 0 0 0 0 0 0 0 0 0
0 0 0 0 0 0 0 0 0 0 0 0 0 0 0 0 0 0 0 0 0 0 0 0 0 0 0 0 0 0 0 0 0 0 0 0 0 0 0 0 0 0 0 0 0 0 0 0 0 0 0 0 0 0 0 0 0 0 0 0 0 0 0 0 0 0 0 0 0 0 0 0 0 0 0 0 0 0 0 0 0 0 0 0 0 0 0 0 0 0 0 0 0 0 0 0 0 0 0 0 0 0 0 0 0 0 0 0 0 0 0 0 0 0 0 0 0 0 0 0 0 0 0 0 0 0 0 0 0 0 0 0 0 0 0 0 0 0 0 0 0 0 0 0 0 0 0 0 0 0 0 0 0 0 0 0 0 0 0 0 0 0 0 0 0 0 0 0 0 0 0 0 0 0 0 0 0 0 0 0 0 0 0 0 0 0 0 0 0 0 0 0 0 0 0 0 0 0 0 0 0 0 0 0 0 0 0 0 0 0 0 0 0 0 0 0 0 0 0 0 0 0 0 0 0 0 0 0 0 0 0 0 0 0 0 0 0 0 0 0 0 0 0 0 0 0 0 0 0 0 0 0 0 0 0 0 0 0 0 0 0 0 0 0 0 0 0 0 0 0 0 0 0 0 0 0 0 0 0 0 0 0 0 0 0 0 0 0 0 0 0 0 0 0 0 0 0 0 0 0 0 0 0 0 0 0 0 0 0 0 0 0 0 0 0 0 0 0 0 0
0 0 0 0 0 0 0 0 0 0 0 0 0 0 0 0 0 0 0 0 0 0 0 0 0 0 0 0 0 0 0 0 0 0 0 0 0 0 0 0 0 0 0 0 0 0 0 0 0 0 0 0 0 0 0 0 0 0 0 0 0 0 0 0 0 0 0 0 0 0 0 0 0 0 0 0 0 0 0 0 0 0 0 0 0 0 0 0 0 0 0 0 0 0 0 0 0 0 0 0 0 0 0 0 0 0 0 0 0 0 0 0 0 0 0 0 0 0 0 0 0 0 0 0 0 0 0 0 0 0 0 0 0 0 0 0 0 0 0 0 0 0 0 0 0 0 0 0 0 0 0 0 0 0 0 0 0 0 0 0 0 0 0 0 0 0 0 0 0 0 0 0 0 0 0 0 0 0 0 0 0 0 0 0 0 0 0 0 0 0 0 0 0 0 0 0 0 0 0 0 0 0 0 0 0 0 0 0 0 0 0 0 0 0 0 0 0 0 0 0 0 0 0 0 0 0 0 0 0 0 0 0 0 0 0 0 0 0 0 0 0 0 0 0 0 0 0 0 0 0 0 0 0 0 0 0 0 0 0 0 0 0 0 0 0 0 0 0 0 0 0 0 0 0 0 0 0 0 0 0 0 0 0 0 0 0 0 0 0 0 0 0 0 0 0 0 0 0 0 0 0 0 0 0 0 0 0 0 0 0 0 0 0 0 0 0 0 0 0 0
0 0 0 0 0 0 0 0 0 0 0 0 0 0 0 0 0 0 0 0 0 0 0 0 0 0 0 0 0 0 0 0 0 0 0 0 0 0 0 0 0 0 0 0 0 0 0 0 0 0 0 0 0 0 0 0 0 0 0 0 0 0 0 0 0 0 0 0 0 0 0 0 0 0 0 0 0 0 0 0 0 0 0 0 0 0 0 0 0 0 0 0 0 0 0 0 0 0 0 0 0 0 0 0 0 0 0 0 0 0 0 0 0 0 0 0 0 0 0 0 0 0 0 0 0 0 0 0 0 0 0 0 0 0 0 0 0 0 0 0 0 0 0 0 0 0 0 0 0 0 0 0 0 0 0 0 0 0 0 0 0 0 0 0 0 0 0 0 0 0 0 0 0 0 0 0 0 0 0 0 0 0 0 0 0 0 0 0 0 0 0 0 0 0 0 0 0 0 0 0 0 0 0 0 0 0 0 0 0 0 0 0 0 0 0 0 0 0 0 0 0 0 0 0 0 0 0 0 0 0 0 0 0 0 0 0 0 0 0 0 0 0 0 0 0 0 0 0 0 0 0 0 0 0 0 0 0 0 0 0 0 0 0 0 0 0 0 0 0 0 0 0 0 0 0 0 0 0 0 0 0 0 0 0 0 0 0 0 0 0 0 0 0 0 0 0 0 0 0 0 0 0 0 0 0 0 0 0 0 0 0 0 0 0 0 0 0 0 0 0
0 0 0 0 0 0 0 0 0 0 0 0 0 0 0 0 0 0 0 0 0 0 0 0 0 0 0 0 0 0 0 0 0 0 0 0 0 0 0 0 0 0 0 0 0 0 0 0 0 0 0 0 0 0 0 0 0 0 0 0 0 0 0 0 0 0 0 0 0 0 0 0 0 0 0 0 0 0 0 0 0 0 0 0 0 0 0 0 0 0 0 0 0 0 0 0 0 0 0 0 0 0 0 0 0 0 0 0 0 0 0 0 0 0 0 0 0 0 0 0 0 0 0 0 0 0 0 0 0 0 0 0 0 0 0 0 0 0 0 0 0 0 0 0 0 0 0 0 0 0 0 0 0 0 0 0 0 0 0 0 0 0 0 0 0 0 0 0 0 0 0 0 0 0 0 0 0 0 0 0 0 0 0 0 0 0 0 0 0 0 0 0 0 0 0 0 0 0 0 0 0 0 0 0 0 0 0 0 0 0 0 0 0 0 0 0 0 0 0 0 0 0 0 0 0 0 0 0 0 0 0 0 0 0 0 0 0 0 0 0 0 0 0 0 0 0 0 0 0 0 0 0 0 0 0 0 0 0 0 0 0 0 0 0 0 0 0 0 0 0 0 0 0 0 0 0 0 0 0 0 0 0 0 0 0 0 0 0 0 0 0 0 0 0 0 0 0 0 0 0 0 0 0 0 0 0 0 0 0 0 0 0 0 0 0 0 0 0 0 0
0 0 0 0 0 0 0 0 0 0 0 0 0 0 0 0 0 0 0 0 0 0 0 0 0 0 0 0 0 0 0 0 0 0 0 0 0 0 0 0 0 0 0 0 0 0 0 0 0 0 0 0 0 0 0 0 0 0 0 0 0 0 0 0 0 0 0 0 0 0 0 0 0 0 0 0 0 0 0 0 0 0 0 0 0 0 0 0 0 0 0 0 0 0 0 0 0 0 0 0 0 0 0 0 0 0 0 0 0 0 0 0 0 0 0 0 0 0 0 0 0 0 0 0 0 0 0 0 0 0 0 0 0 0 0 0 0 0 0 0 0 0 0 0 0 0 0 0 0 0 0 0 0 0 0 0 0 0 0 0 0 0 0 0 0 0 0 0 0 0 0 0 0 0 0 0 0 0 0 0 0 0 0 0 0 0 0 0 0 0 0 0 0 0 0 0 0 0 0 0 0 0 0 0 0 0 0 0 0 0 0 0 0 0 0 0 0 0 0 0 0 0 0 0 0 0 0 0 0 0 0 0 0 0 0 0 0 0 0 0 0 0 0 0 0 0 0 0 0 0 0 0 0 0 0 0 0 0 0 0 0 0 0 0 0 0 0 0 0 0 0 0 0 0 0 0 0 0 0 0 0 0 0 0 0 0 0 0 0 0 0 0 0 0 0 0 0 0 0 0 0 0 0 0 0 0 0 0 0 0 0 0 0 0 0 0 0 0 0 0
0 0 0 0 0 0 0 0 0 0 0 0 0 0 0 0 0 0 0 0 0 0 0 0 0 0 0 0 0 0 0 0 0 0 0 0 0 0 0 0 0 0 0 0 0 0 0 0 0 0 0 0 0 0 0 0 0 0 0 0 0 0 0 0 0 0 0 0 0 0 0 0 0 0 0 0 0 0 0 0 0 0 0 0 0 0 0 0 0 0 0 0 0 0 0 0 0 0 0 0 0 0 0 0 0 0 0 0 0 0 0 0 0 0 0 0 0 0 0 0 0 0 0 0 0 0 0 0 0 0 0 0 0 0 0 0 0 0 0 0 0 0 0 0 0 0 0 0 0 0 0 0 0 0 0 0 0 0 0 0 0 0 0 0 0 0 0 0 0 0 0 0 0 0 0 0 0 0 0 0 0 0 0 0 0 0 0 0 0 0 0 0 0 0 0 0 0 0 0 0 0 0 0 0 0 0 0 0 0 0 0 0 0 0 0 0 0 0 0 0 0 0 0 0 0 0 0 0 0 0 0 0 0 0 0 0 0 0 0 0 0 0 0 0 0 0 0 0 0 0 0 0 0 0 0 0 0 0 0 0 0 0 0 0 0 0 0 0 0 0 0 0 0 0 0 0 0 0 0 0 0 0 0 0 0 0 0 0 0 0 0 0 0 0 0 0 0 0 0 0 0 0 0 0 0 0 0 0 0 0 0 0 0 0 0 0 0 0 0 0
0 0 0 0 0 0 0 0 0 0 0 0 0 0 0 0 0 0 0 0 0 0 0 0 0 0 0 0 0 0 0 0 0 0 0 0 0 0 0 0 0 0 0 0 0 0 0 0 0 0 0 0 0 0 0 0 0 0 0 0 0 0 0 0 0 0 0 0 0 0 0 0 0 0 0 0 0 0 0 0 0 0 0 0 0 0 0 0 0 0 0 0 0 0 0 0 0 0 0 0 0 0 0 0 0 0 0 0 0 0 0 0 0 0 0 0 0 0 0 0 0 0 0 0 0 0 0 0 0 0 0 0 0 0 0 0 0 0 0 0 0 0 0 0 0 0 0 0 0 0 0 0 0 0 0 0 0 0 0 0 0 0 0 0 0 0 0 0 0 0 0 0 0 0 0 0 0 0 0 0 0 0 0 0 0 0 0 0 0 0 0 0 0 0 0 0 0 0 0 0 0 0 0 0 0 0 0 0 0 0 0 0 0 0 0 0 0 0 0 0 0 0 0 0 0 0 0 0 0 0 0 0 0 0 0 0 0 0 0 0 0 0 0 0 0 0 0 0 0 0 0 0 0 0 0 0 0 0 0 0 0 0 0 0 0 0 0 0 0 0 0 0 0 0 0 0 0 0 0 0 0 0 0 0 0 0 0 0 0 0 0 0 0 0 0 0 0 0 0 0 0 0 0 0 0 0 0 0 0 0 0 0 0 0 0 0 0 0 0 0
0 0 0 0 0 0 0 0 0 0 0 0 0 0 0 0 0 0 0 0 0 0 0 0 0 0 0 0 0 0 0 0 0 0 0 0 0 0 0 0 0 0 0 0 0 0 0 0 0 0 0 0 0 0 0 0 0 0 0 0 0 0 0 0 0 0 0 0 0 0 0 0 0 0 0 0 0 0 0 0 0 0 0 0 0 0 0 0 0 0 0 0 0 0 0 0 0 0 0 0 0 0 0 0 0 0 0 0 0 0 0 0 0 0 0 0 0 0 0 0 0 0 0 0 0 0 0 0 0 0 0 0 0 0 0 0 0 0 0 0 0 0 0 0 0 0 0 0 0 0 0 0 0 0 0 0 0 0 0 0 0 0 0 0 0 0 0 0 0 0 0 0 0 0 0 0 0 0 0 0 0 0 0 0 0 0 0 0 0 0 0 0 0 0 0 0 0 0 0 0 0 0 0 0 0 0 0 0 0 0 0 0 0 0 0 0 0 0 0 0 0 0 0 0 0 0 0 0 0 0 0 0 0 0 0 0 0 0 0 0 0 0 0 0 0 0 0 0 0 0 0 0 0 0 0 0 0 0 0 0 0 0 0 0 0 0 0 0 0 0 0 0 0 0 0 0 0 0 0 0 0 0 0 0 0 0 0 0 0 0 0 0 0 0 0 0 0 0 0 0 0 0 0 0 0 0 0 0 0 0 0 0 0 0 0 0 0 0 0 0
0 0 0 0 0 0 0 0 0 0 0 0 0 0 0 0 0 0 0 0 0 0 0 0 0 0 0 0 0 0 0 0 0 0 0 0 0 0 0 0 0 0 0 0 0 0 0 0 0 0 0 0 0 0 0 0 0 0 0 0 0 0 0 0 0 0 0 0 0 0 0 0 0 0 0 0 0 0 0 0 0 0 0 0 0 0 0 0 0 0 0 0 0 0 0 0 0 0 0 0 0 0 0 0 0 0 0 0 0 0 0 0 0 0 0 0 0 0 0 0 0 0 0 0 0 0 0 0 0 0 0 0 0 0 0 0 0 0 0 0 0 0 0 0 0 0 0 0 0 0 0 0 0 0 0 0 0 0 0 0 0 0 0 0 0 0 0 0 0 0 0 0 0 0 0 0 0 0 0 0 0 0 0 0 0 0 0 0 0 0 0 0 0 0 0 0 0 0 0 0 0 0 0 0 0 0 0 0 0 0 0 0 0 0 0 0 0 0 0 0 0 0 0 0 0 0 0 0 0 0 0 0 0 0 0 0 0 0 0 0 0 0 0 0 0 0 0 0 0 0 0 0 0 0 0 0 0 0 0 0 0 0 0 0 0 0 0 0 0 0 0 0 0 0 0 0 0 0 0 0 0 0 0 0 0 0 0 0 0 0 0 0 0 0 0 0 0 0 0 0 0 0 0 0 0 0 0 0 0 0 0 0 0 0 0 0 0 0 0 0
0 0 0 0 0 0 0 0 0 0 0 0 0 0 0 0 0 0 0 0 0 0 0 0 0 0 0 0 0 0 0 0 0 0 0 0 0 0 0 0 0 0 0 0 0 0 0 0 0 0 0 0 0 0 0 0 0 0 0 0 0 0 0 0 0 0 0 0 0 0 0 0 0 0 0 0 0 0 0 0 0 0 0 0 0 0 0 0 0 0 0 0 0 0 0 0 0 0 0 0 0 0 0 0 0 0 0 0 0 0 0 0 0 0 0 0 0 0 0 0 0 0 0 0 0 0 0 0 0 0 0 0 0 0 0 0 0 0 0 0 0 0 0 0 0 0 0 0 0 0 0 0 0 0 0 0 0 0 0 0 0 0 0 0 0 0 0 0 0 0 0 0 0 0 0 0 0 0 0 0 0 0 0 0 0 0 0 0 0 0 0 0 0 0 0 0 0 0 0 0 0 0 0 0 0 0 0 0 0 0 0 0 0 0 0 0 0 0 0 0 0 0 0 0 0 0 0 0 0 0 0 0 0 0 0 0 0 0 0 0 0 0 0 0 0 0 0 0 0 0 0 0 0 0 0 0 0 0 0 0 0 0 0 0 0 0 0 0 0 0 0 0 0 0 0 0 0 0 0 0 0 0 0 0 0 0 0 0 0 0 0 0 0 0 0 0 0 0 0 0 0 0 0 0 0 0 0 0 0 0 0 0 0 0 0 0 0 0 0 0
0 0 0 0 0 0 0 0 0 0 0 0 0 0 0 0 0 0 0 0 0 0 0 0 0 0 0 0 0 0 0 0 0 0 0 0 0 0 0 0 0 0 0 0 0 0 0 0 0 0 0 0 0 0 0 0 0 0 0 0 0 0 0 0 0 0 0 0 0 0 0 0 0 0 0 0 0 0 0 0 0 0 0 0 0 0 0 0 0 0 0 0 0 0 0 0 0 0 0 0 0 0 0 0 0 0 0 0 0 0 0 0 0 0 0 0 0 0 0 0 0 0 0 0 0 0 0 0 0 0 0 0 0 0 0 0 0 0 0 0 0 0 0 0 0 0 0 0 0 0 0 0 0 0 0 0 0 0 0 0 0 0 0 0 0 0 0 0 0 0 0 0 0 0 0 0 0 0 0 0 0 0 0 0 0 0 0 0 0 0 0 0 0 0 0 0 0 0 0 0 0 0 0 0 0 0 0 0 0 0 0 0 0 0 0 0 0 0 0 0 0 0 0 0 0 0 0 0 0 0 0 0 0 0 0 0 0 0 0 0 0 0 0 0 0 0 0 0 0 0 0 0 0 0 0 0 0 0 0 0 0 0 0 0 0 0 0 0 0 0 0 0 0 0 0 0 0 0 0 0 0 0 0 0 0 0 0 0 0 0 0 0 0 0 0 0 0 0 0 0 0 0 0 0 0 0 0 0 0 0 0 0 0 0 0 0 0 0 0 0
0 0 0 0 0 0 0 0 0 0 0 0 0 0 0 0 0 0 0 0 0 0 0 0 0 0 0 0 0 0 0 0 0 0 0 0 0 0 0 0 0 0 0 0 0 0 0 0 0 0 0 0 0 0 0 0 0 0 0 0 0 0 0 0 0 0 0 0 0 0 0 0 0 0 0 0 0 0 0 0 0 0 0 0 0 0 0 0 0 0 0 0 0 0 0 0 0 0 0 0 0 0 0 0 0 0 0 0 0 0 0 0 0 0 0 0 0 0 0 0 0 0 0 0 0 0 0 0 0 0 0 0 0 0 0 0 0 0 0 0 0 0 0 0 0 0 0 0 0 0 0 0 0 0 0 0 0 0 0 0 0 0 0 0 0 0 0 0 0 0 0 0 0 0 0 0 0 0 0 0 0 0 0 0 0 0 0 0 0 0 0 0 0 0 0 0 0 0 0 0 0 0 0 0 0 0 0 0 0 0 0 0 0 0 0 0 0 0 0 0 0 0 0 0 0 0 0 0 0 0 0 0 0 0 0 0 0 0 0 0 0 0 0 0 0 0 0 0 0 0 0 0 0 0 0 0 0 0 0 0 0 0 0 0 0 0 0 0 0 0 0 0 0 0 0 0 0 0 0 0 0 0 0 0 0 0 0 0 0 0 0 0 0 0 0 0 0 0 0 0 0 0 0 0 0 0 0 0 0 0 0 0 0 0 0 0 0 0 0 0
0 0 0 0 0 0 0 0 0 0 0 0 0 0 0 0 0 0 0 0 0 0 0 0 0 0 0 0 0 0 0 0 0 0 0 0 0 0 0 0 0 0 0 0 0 0 0 0 0 0 0 0 0 0 0 0 0 0 0 0 0 0 0 0 0 0 0 0 0 0 0 0 0 0 0 0 0 0 0 0 0 0 0 0 0 0 0 0 0 0 0 0 0 0 0 0 0 0 0 0 0 0 0 0 0 0 0 0 0 0 0 0 0 0 0 0 0 0 0 0 0 0 0 0 0 0 0 0 0 0 0 0 0 0 0 0 0 0 0 0 0 0 0 0 0 0 0 0 0 0 0 0 0 0 0 0 0 0 0 0 0 0 0 0 0 0 0 0 0 0 0 0 0 0 0 0 0 0 0 0 0 0 0 0 0 0 0 0 0 0 0 0 0 0 0 0 0 0 0 0 0 0 0 0 0 0 0 0 0 0 0 0 0 0 0 0 0 0 0 0 0 0 0 0 0 0 0 0 0 0 0 0 0 0 0 0 0 0 0 0 0 0 0 0 0 0 0 0 0 0 0 0 0 0 0 0 0 0 0 0 0 0 0 0 0 0 0 0 0 0 0 0 0 0 0 0 0 0 0 0 0 0 0 0 0 0 0 0 0 0 0 0 0 0 0 0 0 0 0 0 0 0 0 0 0 0 0 0 0 0 0 0 0 0 0 0 0 0 0 0
0 0 0 0 0 0 0 0 0 0 0 0 0 0 0 0 0 0 0 0 0 0 0 0 0 0 0 0 0 0 0 0 0 0 0 0 0 0 0 0 0 0 0 0 0 0 0 0 0 0 0 0 0 0 0 0 0 0 0 0 0 0 0 0 0 0 0 0 0 0 0 0 0 0 0 0 0 0 0 0 0 0 0 0 0 0 0 0 0 0 0 0 0 0 0 0 0 0 0 0 0 0 0 0 0 0 0 0 0 0 0 0 0 0 0 0 0 0 0 0 0 0 0 0 0 0 0 0 0 0 0 0 0 0 0 0 0 0 0 0 0 0 0 0 0 0 0 0 0 0 0 0 0 0 0 0 0 0 0 0 0 0 0 0 0 0 0 0 0 0 0 0 0 0 0 0 0 0 0 0 0 0 0 0 0 0 0 0 0 0 0 0 0 0 0 0 0 0 0 0 0 0 0 0 0 0 0 0 0 0 0 0 0 0 0 0 0 0 0 0 0 0 0 0 0 0 0 0 0 0 0 0 0 0 0 0 0 0 0 0 0 0 0 0 0 0 0 0 0 0 0 0 0 0 0 0 0 0 0 0 0 0 0 0 0 0 0 0 0 0 0 0 0 0 0 0 0 0 0 0 0 0 0 0 0 0 0 0 0 0 0 0 0 0 0 0 0 0 0 0 0 0 0 0 0 0 0 0 0 0 0 0 0 0 0 0 0 0 0 0
0 0 0 0 0 0 0 0 0 0 0 0 0 0 0 0 0 0 0 0 0 0 0 0 0 0 0 0 0 0 0 0 0 0 0 0 0 0 0 0 0 0 0 0 0 0 0 0 0 0 0 0 0 0 0 0 0 0 0 0 0 0 0 0 0 0 0 0 0 0 0 0 0 0 0 0 0 0 0 0 0 0 0 0 0 0 0 0 0 0 0 0 0 0 0 0 0 0 0 0 0 0 0 0 0 0 0 0 0 0 0 0 0 0 0 0 0 0 0 0 0 0 0 0 0 0 0 0 0 0 0 0 0 0 0 0 0 0 0 0 0 0 0 0 0 0 0 0 0 0 0 0 0 0 0 0 0 0 0 0 0 0 0 0 0 0 0 0 0 0 0 0 0 0 0 0 0 0 0 0 0 0 0 0 0 0 0 0 0 0 0 0 0 0 0 0 0 0 0 0 0 0 0 0 0 0 0 0 0 0 0 0 0 0 0 0 0 0 0 0 0 0 0 0 0 0 0 0 0 0 0 0 0 0 0 0 0 0 0 0 0 0 0 0 0 0 0 0 0 0 0 0 0 0 0 0 0 0 0 0 0 0 0 0 0 0 0 0 0 0 0 0 0 0 0 0 0 0 0 0 0 0 0 0 0 0 0 0 0 0 0 0 0 0 0 0 0 0 0 0 0 0 0 0 0 0 0 0 0 0 0 0 0 0 0 0 0 0 0 0
0 0 0 0 0 0 0 0 0 0 0 0 0 0 0 0 0 0 0 0 0 0 0 0 0 0 0 0 0 0 0 0 0 0 0 0 0 0 0 0 0 0 0 0 0 0 0 0 0 0 0 0 0 0 0 0 0 0 0 0 0 0 0 0 0 0 0 0 0 0 0 0 0 0 0 0 0 0 0 0 0 0 0 0 0 0 0 0 0 0 0 0 0 0 0 0 0 0 0 0 0 0 0 0 0 0 0 0 0 0 0 0 0 0 0 0 0 0 0 0 0 0 0 0 0 0 0 0 0 0 0 0 0 0 0 0 0 0 0 0 0 0 0 0 0 0 0 0 0 0 0 0 0 0 0 0 0 0 0 0 0 0 0 0 0 0 0 0 0 0 0 0 0 0 0 0 0 0 0 0 0 0 0 0 0 0 0 0 0 0 0 0 0 0 0 0 0 0 0 0 0 0 0 0 0 0 0 0 0 0 0 0 0 0 0 0 0 0 0 0 0 0 0 0 0 0 0 0 0 0 0 0 0 0 0 0 0 0 0 0 0 0 0 0 0 0 0 0 0 0 0 0 0 0 0 0 0 0 0 0 0 0 0 0 0 0 0 0 0 0 0 0 0 0 0 0 0 0 0 0 0 0 0 0 0 0 0 0 0 0 0 0 0 0 0 0 0 0 0 0 0 0 0 0 0 0 0 0 0 0 0 0 0 0 0 0 0 0 0 0
0 0 0 0 0 0 0 0 0 0 0 0 0 0 0 0 0 0 0 0 0 0 0 0 0 0 0 0 0 0 0 0 0 0 0 0 0 0 0 0 0 0 0 0 0 0 0 0 0 0 0 0 0 0 0 0 0 0 0 0 0 0 0 0 0 0 0 0 0 0 0 0 0 0 0 0 0 0 0 0 0 0 0 0 0 0 0 0 0 0 0 0 0 0 0 0 0 0 0 0 0 0 0 0 0 0 0 0 0 0 0 0 0 0 0 0 0 0 0 0 0 0 0 0 0 0 0 0 0 0 0 0 0 0 0 0 0 0 0 0 0 0 0 0 0 0 0 0 0 0 0 0 0 0 0 0 0 0 0 0 0 0 0 0 0 0 0 0 0 0 0 0 0 0 0 0 0 0 0 0 0 0 0 0 0 0 0 0 0 0 0 0 0 0 0 0 0 0 0 0 0 0 0 0 0 0 0 0 0 0 0 0 0 0 0 0 0 0 0 0 0 0 0 0 0 0 0 0 0 0 0 0 0 0 0 0 0 0 0 0 0 0 0 0 0 0 0 0 0 0 0 0 0 0 0 0 0 0 0 0 0 0 0 0 0 0 0 0 0 0 0 0 0 0 0 0 0 0 0 0 0 0 0 0 0 0 0 0 0 0 0 0 0 0 0 0 0 0 0 0 0 0 0 0 0 0 0 0 0 0 0 0 0 0 0 0 0 0 0 0
0 0 0 0 0 0 0 0 0 0 0 0 0 0 0 0 0 0 0 0 0 0 0 0 0 0 0 0 0 0 0 0 0 0 0 0 0 0 0 0 0 0 0 0 0 0 0 0 0 0 0 0 0 0 0 0 0 0 0 0 0 0 0 0 0 0 0 0 0 0 0 0 0 0 0 0 0 0 0 0 0 0 0 0 0 0 0 0 0 0 0 0 0 0 0 0 0 0 0 0 0 0 0 0 0 0 0 0 0 0 0 0 0 0 0 0 0 0 0 0 0 0 0 0 0 0 0 0 0 0 0 0 0 0 0 0 0 0 0 0 0 0 0 0 0 0 0 0 0 0 0 0 0 0 0 0 0 0 0 0 0 0 0 0 0 0 0 0 0 0 0 0 0 0 0 0 0 0 0 0 0 0 0 0 0 0 0 0 0 0 0 0 0 0 0 0 0 0 0 0 0 0 0 0 0 0 0 0 0 0 0 0 0 0 0 0 0 0 0 0 0 0 0 0 0 0 0 0 0 0 0 0 0 0 0 0 0 0 0 0 0 0 0 0 0 0 0 0 0 0 0 0 0 0 0 0 0 0 0 0 0 0 0 0 0 0 0 0 0 0 0 0 0 0 0 0 0 0 0 0 0 0 0 0 0 0 0 0 0 0 0 0 0 0 0 0 0 0 0 0 0 0 0 0 0 0 0 0 0 0 0 0 0 0 0 0 0 0 0 0
0 0 0 0 0 0 0 0 0 0 0 0 0 0 0 0 0 0 0 0 0 0 0 0 0 0 0 0 0 0 0 0 0 0 0 0 0 0 0 0 0 0 0 0 0 0 0 0 0 0 0 0 0 0 0 0 0 0 0 0 0 0 0 0 0 0 0 0 0 0 0 0 0 0 0 0 0 0 0 0 0 0 0 0 0 0 0 0 0 0 0 0 0 0 0 0 0 0 0 0 0 0 0 0 0 0 0 0 0 0 0 0 0 0 0 0 0 0 0 0 0 0 0 0 0 0 0 0 0 0 0 0 0 0 0 0 0 0 0 0 0 0 0 0 0 0 0 0 0 0 0 0 0 0 0 0 0 0 0 0 0 0 0 0 0 0 0 0 0 0 0 0 0 0 0 0 0 0 0 0 0 0 0 0 0 0 0 0 0 0 0 0 0 0 0 0 0 0 0 0 0 0 0 0 0 0 0 0 0 0 0 0 0 0 0 0 0 0 0 0 0 0 0 0 0 0 0 0 0 0 0 0 0 0 0 0 0 0 0 0 0 0 0 0 0 0 0 0 0 0 0 0 0 0 0 0 0 0 0 0 0 0 0 0 0 0 0 0 0 0 0 0 0 0 0 0 0 0 0 0 0 0 0 0 0 0 0 0 0 0 0 0 0 0 0 0 0 0 0 0 0 0 0 0 0 0 0 0 0 0 0 0 0 0 0 0 0 0 0 0
0 0 0 0 0 0 0 0 0 0 0 0 0 0 0 0 0 0 0 0 0 0 0 0 0 0 0 0 0 0 0 0 0 0 0 0 0 0 0 0 0 0 0 0 0 0 0 0 0 0 0 0 0 0 0 0 0 0 0 0 0 0 0 0 0 0 0 0 0 0 0 0 0 0 0 0 0 0 0 0 0 0 0 0 0 0 0 0 0 0 0 0 0 0 0 0 0 0 0 0 0 0 0 0 0 0 0 0 0 0 0 0 0 0 0 0 0 0 0 0 0 0 0 0 0 0 0 0 0 0 0 0 0 0 0 0 0 0 0 0 0 0 0 0 0 0 0 0 0 0 0 0 0 0 0 0 0 0 0 0 0 0 0 0 0 0 0 0 0 0 0 0 0 0 0 0 0 0 0 0 0 0 0 0 0 0 0 0 0 0 0 0 0 0 0 0 0 0 0 0 0 0 0 0 0 0 0 0 0 0 0 0 0 0 0 0 0 0 0 0 0 0 0 0 0 0 0 0 0 0 0 0 0 0 0 0 0 0 0 0 0 0 0 0 0 0 0 0 0 0 0 0 0 0 0 0 0 0 0 0 0 0 0 0 0 0 0 0 0 0 0 0 0 0 0 0 0 0 0 0 0 0 0 0 0 0 0 0 0 0 0 0 0 0 0 0 0 0 0 0 0 0 0 0 0 0 0 0 0 0 0 0 0 0 0 0 0 0 0 0
0 0 0 0 0 0 0 0 0 0 0 0 0 0 0 0 0 0 0 0 0 0 0 0 0 0 0 0 0 0 0 0 0 0 0 0 0 0 0 0 0 0 0 0 0 0 0 0 0 0 0 0 0 0 0 0 0 0 0 0 0 0 0 0 0 0 0 0 0 0 0 0 0 0 0 0 0 0 0 0 0 0 0 0 0 0 0 0 0 0 0 0 0 0 0 0 0 0 0 0 0 0 0 0 0 0 0 0 0 0 0 0 0 0 0 0 0 0 0 0 0 0 0 0 0 0 0 0 0 0 0 0 0 0 0 0 0 0 0 0 0 0 0 0 0 0 0 0 0 0 0 0 0 0 0 0 0 0 0 0 0 0 0 0 0 0 0 0 0 0 0 0 0 0 0 0 0 0 0 0 0 0 0 0 0 0 0 0 0 0 0 0 0 0 0 0 0 0 0 0 0 0 0 0 0 0 0 0 0 0 0 0 0 0 0 0 0 0 0 0 0 0 0 0 0 0 0 0 0 0 0 0 0 0 0 0 0 0 0 0 0 0 0 0 0 0 0 0 0 0 0 0 0 0 0 0 0 0 0 0 0 0 0 0 0 0 0 0 0 0 0 0 0 0 0 0 0 0 0 0 0 0 0 0 0 0 0 0 0 0 0 0 0 0 0 0 0 0 0 0 0 0 0 0 0 0 0 0 0 0 0 0 0 0 0 0 0 0 0 0
