0 0 0 0 0 0 0 0 0 0 0 0 0 0 0 0 0 0 0 0 0 0 0 0 0 0 0 0 0 0 0 0 0 0 0 0 0 0 0 0 0 0 0 0 0 0 0 0 0 0 0 0 0 0 0 0 0 0 0 0 0 0 0 0 0 0 0 0 0 0 0 0 0 0 0 0 0 0 0 0 0 0 0 0 0 0 0 0 0 0 0 0 0 0 0 0 0 0 0 0 0 0 0 0 0 0 0 0 0 0 0 0 0 0 0 0 0 0 0 0 0 0 0 0 0 0 0 0 0 0 0 0 0 0 0 0 0 0 0 0 0 0 0 0 0 0 0 0 0 0 0 0 0 0 0 0 0 0 0 0 0 0 0 0 0 0 0 0 0 0 0 0 0 0 0 0 0 0 0 0 0 0 0 0 0 0 0 0 0 0 0 0 0 0 0 0 0 0 0 0 0 0 0 0 0 0 0 0 0 0 0 0 0 0 0 0 0 0 0 0 0 0 0 0 0 0 0 0 0 0 0 0 0 0 0 0 0 0 0 0 0 0 0 0 0 0 0 0 0 0 0 0 0 0 0 0 0 0 0 0 0 0 0 0 0 0 0 0 0 0 0 0 0 0 0 0 0 0 0 0 0 0 0 0 0 0 0 0 0 0 0 0 0 0 0 0 0 0 0 0 0 0 0 0 0 0 0 0 0 0 0 0 0 0 0 0 0 0 0 0
0 0 0 0 0 0 0 0 0 0 0 0 0 0 0 0 0 0 0 0 0 0 0 0 0 0 0 0 0 0 0 0 0 0 0 0 0 0 0 0 0 0 0 0 0 0 0 0 0 0 0 0 0 0 0 0 0 0 0 0 0 0 0 0 0 0 0 0 0 0 0 0 0 0 0 0 0 0 0 0 0 0 0 0 0 0 0 0 0 0 0 0 0 0 0 0 0 0 0 0 0 0 0 0 0 0 0 0 0 0 0 0 0 0 0 0 0 0 0 0 0 0 0 0 0 0 0 0 0 0 0 0 0 0 0 0 0 0 0 0 0 0 0 0 0 0 0 0 0 0 0 0 0 0 0 0 0 0 0 0 0 0 0 0 0 0 0 0 0 0 0 0 0 0 0 0 0 0 0 0 0 0 0 0 0 0 0 0 0 0 0 0 0 0 0 0 0 0 0 0 0 0 0 0 0 0 0 0 0 0 0 0 0 0 0 0 0 0 0 0 0 0 0 0 0 0 0 0 0 0 0 0 0 0 0 0 0 0 0 0 0 0 0 0 0 0 0 0 0 0 0 0 0 0 0 0 0 0 0 0 0 0 0 0 0 0 0 0 0 0 0 0 0 0 0 0 0 0 0 0 0 0 0 0 0 0 0 0 0 0 0 0 0 0 0 0 0 0 0 0 0 0 0 0 0 0 0 0 0 0 0 0 0 0 0 0 0 0 0 0
0 0 0 0 0 0 0 0 0 0 0 0 0 0 0 0 0 0 0 0 0 0 0 0 0 0 0 0 0 0 0 0 0 0 0 0 0 0 0 0 0 0 0 0 0 0 0 0 0 0 0 0 0 0 0 0 0 0 0 0 0 0 0 0 0 0 0 0 0 0 0 0 0 0 0 0 0 0 0 0 0 0 0 0 0 0 0 0 0 0 0 0 0 0 0 0 0 0 0 0 0 0 0 0 0 0 0 0 0 0 0 0 0 0 0 0 0 0 0 0 0 0 0 0 0 0 0 0 0 0 0 0 0 0 0 0 0 0 0 0 0 0 0 0 0 0 0 0 0 0 0 0 0 0 0 0 0 0 0 0 0 0 0 0 0 0 0 0 0 0 0 0 0 0 0 0 0 0 0 0 0 0 0 0 0 0 0 0 0 0 0 0 0 0 0 0 0 0 0 0 0 0 0 0 0 0 0 0 0 0 0 0 0 0 0 0 0 0 0 0 0 0 0 0 0 0 0 0 0 0 0 0 0 0 0 0 0 0 0 0 0 0 0 0 0 0 0 0 0 0 0 0 0 0 0 0 0 0 0 0 0 0 0 0 0 0 0 0 0 0 0 0 0 0 0 0 0 0 0 0 0 0 0 0 0 0 0 0 0 0 0 0 0 0 0 0 0 0 0 0 0 0 0 0 0 0 0 0 0 0 0 0 0 0 0 0 0 0 0 0
0 0 0 0 0 0 0 0 0 0 0 0 0 0 0 0 0 0 0 0 0 0 0 0 0 0 0 0 0 0 0 0 0 0 0 0 0 0 0 0 0 0 0 0 0 0 0 0 0 0 0 0 0 0 0 0 0 0 0 0 0 0 0 0 0 0 0 0 0 0 0 0 0 0 0 0 0 0 0 0 0 0 0 0 0 0 0 0 0 0 0 0 0 0 0 0 0 0 0 0 0 0 0 0 0 0 0 0 0 0 0 0 0 0 0 0 0 0 0 0 0 0 0 0 0 0 0 0 0 0 0 0 0 0 0 0 0 0 0 0 0 0 0 0 0 0 0 0 0 0 0 0 0 0 0 0 0 0 0 0 0 0 0 0 0 0 0 0 0 0 0 0 0 0 0 0 0 0 0 0 0 0 0 0 0 0 0 0 0 0 0 0 0 0 0 0 0 0 0 0 0 0 0 0 0 0 0 0 0 0 0 0 0 0 0 0 0 0 0 0 0 0 0 0 0 0 0 0 0 0 0 0 0 0 0 0 0 0 0 0 0 0 0 0 0 0 0 0 0 0 0 0 0 0 0 0 0 0 0 0 0 0 0 0 0 0 0 0 0 0 0 0 0 0 0 0 0 0 0 0 0 0 0 0 0 0 0 0 0 0 0 0 0 0 0 0 0 0 0 0 0 0 0 0 0 0 0 0 0 0 0 0 0 0 0 0 0 0 0 0
0 0 0 0 0 0 0 0 0 0 0 0 0 0 0 0 0 0 0 0 0 0 0 0 0 0 0 0 0 0 0 0 0 0 0 0 0 0 0 0 0 0 0 0 0 0 0 0 0 0 0 0 0 0 0 0 0 0 0 0 0 0 0 0 0 0 0 0 0 0 0 0 0 0 0 0 0 0 0 0 0 0 0 0 0 0 0 0 0 0 0 0 0 0 0 0 0 0 0 0 0 0 0 0 0 0 0 0 0 0 0 0 0 0 0 0 0 0 0 0 0 0 0 0 0 0 0 0 0 0 0 0 0 0 0 0 0 0 0 0 0 0 0 0 0 0 0 0 0 0 0 0 0 0 0 0 0 0 0 0 0 0 0 0 0 0 0 0 0 0 0 0 0 0 0 0 0 0 0 0 0 0 0 0 0 0 0 0 0 0 0 0 0 0 0 0 0 0 0 0 0 0 0 0 0 0 0 0 0 0 0 0 0 0 0 0 0 0 0 0 0 0 0 0 0 0 0 0 0 0 0 0 0 0 0 0 0 0 0 0 0 0 0 0 0 0 0 0 0 0 0 0 0 0 0 0 0 0 0 0 0 0 0 0 0 0 0 0 0 0 0 0 0 0 0 0 0 0 0 0 0 0 0 0 0 0 0 0 0 0 0 0 0 0 0 0 0 0 0 0 0 0 0 0 0 0 0 0 0 0 0 0 0 0 0 0 0 0 0 0
0 0 0 0 0 0 0 0 0 0 0 0 0 0 0 0 0 0 0 0 0 0 0 525 525 526 526 526 527 527 529 529 531 531 531 532 532 532 532 534 533 533 534 534 534 535 535 536 537 538 538 539 539 539 539 539 540 540 540 540 540 540 540 540 540 540 540 540 541 542 543 543 543 543 543 543 544 545 544 544 543 543 544 545 545 543 543 543 544 546 546 546 546 546 546 546 546 546 546 547 546 546 546 546 546 546 546 549 550 550 549 549 549 549 549 550 550 550 549 549 551 550 550 551 551 552 552 553 553 553 553 553 554 554 554 554 554 554 554 554 554 554 554 554 554 555 555 556 556 556 557 557 557 557 557 557 557 557 557 557 558 559 559 559 560 560 560 560 560 561 562 562 562 562 562 562 563 563 565 564 564 565 564 564 564 564 565 565 565 565 565 565 565 566 566 566 567 567 568 568 568 568 568 569 569 569 569 569 569 569 570 571 572 572 572 572 572 572 573 573 573 573 573 574 574 574 575 576 576 576 577 577 577 577 577 577 577 578 579 580 580 579 579 580 580 580 581 581 581 581 581 582 582 583 583 583 583 584 584 583 583 584 584 584 584 585 585 586 585 585 585 586 586 586 586 586 586 586 586 586 587 587 587 588 588 588 588 589 589 589 589 589 589 589 589 589 588 588 588 589 590 590 590 590 590 590 590 590 591 591 591 591 591 592 593 594 594 595 595 0
0 0 0 0 0 0 0 0 0 0 0 0 0 0 0 0 0 0 0 0 0 0 0 525 525 526 526 526 527 527 529 529 531 531 531 532 532 532 532 533 533 533 534 534 534 535 535 536 537 538 538 539 538 538 539 539 540 540 540 540 540 540 540 540 540 540 540 540 541 542 543 543 543 543 543 543 544 545 544 544 543 543 544 545 545 543 543 543 544 546 546 546 546 546 546 546 546 546 546 547 546 546 546 546 546 546 546 549 550 550 549 549 549 549 549 550 550 550 549 549 551 550 550 551 551 552 552 553 553 553 553 553 554 554 554 554 554 554 554 554 554 554 554 554 554 555 555 556 556 556 557 557 557 557 557 557 557 557 557 557 558 559 559 559 560 560 560 560 560 561 562 562 562 562 562 562 563 563 564 564 564 565 564 564 564 564 565 565 565 565 565 565 565 566 566 566 567 567 568 568 568 568 568 569 569 569 569 569 569 569 570 571 572 572 572 572 572 572 573 573 573 573 573 574 574 574 575 576 576 576 577 577 577 577 577 577 577 578 579 580 580 579 579 580 580 580 581 581 581 581 581 582 582 583 583 583 583 584 584 583 583 584 584 584 584 585 585 585 585 585 585 586 586 586 586 586 586 586 586 586 587 587 587 588 588 588 588 589 589 589 589 589 589 589 589 589 588 588 588 589 590 590 590 590 590 590 590 590 591 591 591 591 591 592 593 594 594 595 595 599
0 0 0 0 0 0 0 0 0 0 0 0 0 0 0 0 0 0 0 0 0 0 0 526 526 527 527 529 529 530 530 531 531 532 532 532 532 532 533 533 533 534 534 534 535 535 536 537 537 538 539 538 538 538 539 540 540 540 540 540 540 540 541 541 541 541 541 541 542 543 544 543 543 543 543 544 545 545 545 546 545 545 545 545 545 545 544 544 546 546 546 546 546 546 546 546 546 546 546 547 547 546 546 546 547 548 549 549 550 550 550 550 549 549 550 550 550 550 550 550 552 552 552 552 552 553 553 553 553 553 554 554 554 554 554 554 554 554 554 554 554 555 555 554 554 556 556 557 557 557 557 557 557 557 557 558 558 558 558 559 559 559 560 560 561 561 561 561 561 562 563 564 564 564 564 564 564 564 564 564 564 565 565 565 565 565 565 565 565 565 565 566 567 567 567 567 568 568 568 568 568 569 569 570 569 569 569 569 570 570 571 572 572 572 572 573 573 573 573 574 574 574 574 574 574 574 575 576 577 577 577 577 577 577 577 577 577 578 579 580 580 580 580 581 581 581 581 581 581 581 581 582 582 583 584 584 584 584 584 584 584 584 584 585 585 585 585 585 585 585 586 587 587 588 587 587 587 587 588 588 588 588 588 589 589 589 589 590 590 590 590 590 590 590 590 590 589 589 589 590 590 590 590 590 590 591 591 591 591 591 591 591 591 592 593 594 595 597 599 599
0 0 0 0 0 0 0 0 0 0 0 0 0 0 0 0 0 0 0 0 0 0 0 528 528 528 529 530 531 531 531 532 532 532 532 533 532 532 533 534 534 535 535 535 536 536 537 537 538 538 539 538 538 539 539 540 540 540 540 541 541 542 542 542 541 541 542 542 543 544 544 544 544 544 544 545 545 545 545 546 546 546 546 546 546 546 546 546 546 546 546 546 546 546 547 547 547 547 547 547 547 546 546 546 548 549 549 550 550 550 550 550 550 550 550 550 551 551 551 551 552 552 553 552 552 553 553 553 553 553 554 554 554 555 555 555 556 555 555 555 556 556 556 556 556 557 557 557 557 557 558 558 558 558 559 559 559 559 559 560 560 560 560 561 561 562 562 562 563 563 563 565 565 565 565 565 565 565 565 565 565 565 565 565 565 566 566 566 566 566 566 567 567 567 568 568 568 568 568 569 569 570 570 570 569 569 570 570 570 571 572 573 573 573 573 573 573 573 573 574 574 575 575 575 575 576 576 577 577 578 578 578 578 578 579 579 579 579 580 580 580 580 581 581 581 581 581 581 581 582 582 583 584 584 584 584 584 584 585 585 584 584 585 585 585 586 586 586 585 585 586 587 588 589 588 588 588 588 588 588 589 589 589 589 589 589 589 590 591 591 591 591 591 591 591 591 590 590 590 590 591 590 590 591 591 591 591 591 592 592 593 592 592 593 594 594 595 597 599 602
0 0 0 0 0 0 0 0 0 0 0 0 0 0 0 0 0 0 0 0 0 0 0 0 528 528 530 531 532 532 532 532 532 533 533 534 534 534 534 534 534 536 536 536 537 537 538 538 539 539 539 539 539 539 539 540 540 541 541 541 541 542 542 542 543 543 543 543 544 545 545 545 545 545 545 546 546 546 546 546 546 546 546 546 546 546 546 546 546 546 546 546 546 546 547 547 547 548 548 549 549 549 548 548 549 550 550 550 550 550 550 550 550 550 552 552 552 551 551 552 552 552 553 553 553 554 553 553 553 554 554 554 554 555 555 555 556 556 557 556 556 556 556 556 556 557 557 557 557 559 559 559 559 559 559 560 560 560 560 560 560 561 561 562 562 563 563 563 563 563 563 565 565 565 565 565 565 565 565 565 566 566 566 566 566 567 567 567 567 567 567 567 568 568 568 568 569 569 569 569 569 570 570 570 571 571 571 571 571 572 573 573 574 573 573 573 573 573 574 574 575 575 576 576 576 576 577 578 578 578 578 579 579 579 580 580 580 580 581 581 581 581 581 582 582 582 583 583 583 583 583 583 584 584 584 584 584 585 585 586 585 585 585 586 586 587 587 587 587 587 588 588 589 589 589 588 588 588 588 588 589 589 589 590 590 590 590 592 592 592 592 592 592 591 591 592 592 592 591 591 591 591 591 592 592 593 593 593 593 593 593 594 595 596 596 597 597 598 600 602
0 0 0 0 0 0 0 0 0 0 0 0 0 0 0 0 0 0 0 0 0 0 0 0 529 529 531 531 532 533 533 534 534 534 534 534 534 534 534 534 534 537 538 538 538 538 539 539 540 540 540 539 539 539 540 540 541 543 543 542 542 542 542 543 543 543 544 544 545 545 545 545 545 546 546 545 545 546 546 546 546 546 546 546 546 546 546 546 546 546 547 547 547 547 547 547 548 548 548 549 549 549 549 549 550 550 550 550 550 550 551 551 551 552 552 552 552 552 552 553 553 553 553 554 554 554 554 554 554 554 555 555 555 556 555 555 556 557 557 557 557 557 557 557 557 558 558 558 558 559 559 559 559 559 560 561 561 561 561 561 561 561 562 562 563 563 563 563 563 563 563 565 565 565 565 565 565 566 566 566 567 567 567 568 568 567 567 568 568 568 567 567 568 568 569 569 569 569 569 570 570 571 571 571 572 572 572 572 572 573 574 574 574 573 573 573 573 574 575 575 576 576 576 576 577 577 578 579 579 579 579 580 580 580 581 580 580 580 581 581 581 581 581 583 583 583 583 583 583 584 584 584 585 585 585 585 585 585 586 586 588 587 587 587 587 588 588 588 588 588 589 589 589 590 590 589 589 589 589 589 589 590 590 591 592 591 591 592 592 593 593 593 593 592 592 593 593 593 593 593 593 593 593 594 594 594 594 594 594 594 595 595 596 597 597 597 597 599 600 602
0 0 0 0 0 0 0 0 0 0 0 0 0 0 0 0 0 0 0 0 0 0 0 0 529 529 531 532 533 533 533 534 534 534 534 535 535 537 536 536 536 538 539 539 539 539 539 540 540 541 541 540 540 540 540 540 541 542 542 542 542 543 543 543 543 543 544 544 545 546 546 546 546 546 546 545 545 546 546 546 546 546 546 547 547 547 547 547 547 548 548 548 548 548 548 548 548 548 549 549 550 550 549 549 550 550 550 550 551 551 551 551 553 553 553 553 553 553 553 553 553 553 554 554 554 554 554 554 554 555 556 556 556 556 556 556 557 557 556 556 557 557 557 557 558 558 558 558 559 559 560 560 560 560 561 561 561 562 561 561 561 562 563 563 564 564 563 563 563 563 564 565 565 565 566 566 566 566 566 566 567 567 568 568 569 568 568 568 568 568 568 568 569 569 570 569 569 570 570 571 571 572 572 572 572 573 573 573 573 574 575 575 575 574 574 574 574 575 576 576 576 577 577 577 578 578 579 579 580 580 580 580 580 581 581 581 581 581 581 581 582 582 583 583 583 584 584 584 584 585 585 585 585 585 585 585 586 588 588 588 588 588 589 588 588 589 589 589 589 589 590 590 591 591 591 590 590 591 590 590 591 591 592 592 592 592 592 593 593 593 594 594 594 594 594 594 594 594 594 594 594 594 594 594 595 595 596 596 596 596 597 597 597 597 598 598 599 600 601 602
0 0 0 0 0 0 0 0 0 0 0 0 0 0 0 0 0 0 0 0 0 0 0 0 531 531 531 532 534 535 535 535 535 535 535 535 536 537 538 538 538 538 539 539 539 539 539 540 540 541 541 540 540 540 540 540 542 542 542 543 543 544 544 544 544 544 545 546 546 546 546 546 546 546 546 545 545 546 546 546 546 546 546 547 547 548 548 548 548 548 548 548 548 548 549 549 548 548 549 549 550 550 550 550 550 551 551 551 552 552 552 553 553 553 553 553 554 554 554 554 554 554 554 554 554 555 555 555 555 556 557 557 557 557 557 557 557 557 556 556 558 558 558 558 558 559 558 558 559 559 560 560 560 561 561 562 563 562 562 562 562 563 563 563 564 564 564 564 564 564 565 565 566 566 566 566 566 566 567 568 568 568 568 568 569 569 569 569 569 569 569 569 570 570 570 570 570 571 571 571 572 572 572 572 573 573 573 573 573 574 575 575 575 575 575 576 576 576 576 576 576 577 577 578 578 578 579 579 580 580 580 581 581 581 581 581 582 582 582 582 583 583 584 584 584 584 584 584 585 585 585 586 587 587 587 587 587 588 588 589 589 589 589 589 589 589 590 590 590 590 590 591 592 592 592 592 592 592 592 592 593 593 593 593 593 593 593 594 595 595 595 595 595 595 595 595 595 595 595 594 594 594 594 595 596 597 597 597 597 597 597 597 597 597 598 599 599 600 601 602
0 0 0 0 0 0 0 0 0 0 0 0 0 0 0 0 0 0 0 0 0 0 0 0 531 531 532 534 534 535 535 535 535 535 536 536 536 538 538 538 538 538 539 539 540 540 541 541 541 542 542 542 542 542 541 541 543 543 543 545 546 546 546 545 545 545 546 546 546 546 546 546 546 546 546 546 546 547 546 546 547 548 548 548 548 549 549 548 548 549 549 549 549 549 549 549 549 549 549 550 550 550 550 550 550 551 552 552 552 552 552 553 553 553 553 553 554 554 554 554 554 554 554 555 555 555 555 556 556 556 557 557 558 557 557 558 557 557 557 557 559 558 558 559 559 560 559 559 559 560 560 561 561 561 561 563 563 563 563 563 563 564 564 564 565 565 565 564 564 564 565 565 566 567 567 566 566 567 567 568 568 568 568 569 569 569 570 570 570 570 570 570 570 571 571 571 571 572 572 572 572 572 572 573 573 573 575 575 575 575 575 575 575 575 575 576 576 578 577 577 577 578 579 579 579 579 580 580 581 581 581 581 581 582 582 582 582 582 583 583 584 584 585 585 585 585 585 585 586 586 587 587 588 588 588 588 588 588 589 589 589 589 590 590 590 590 590 590 590 591 592 592 592 592 593 593 592 592 593 593 593 594 594 594 595 595 595 596 596 595 595 595 595 595 596 596 597 597 596 595 595 595 595 596 597 597 597 597 597 597 597 597 597 598 599 599 600 601 602 604
0 0 0 0 0 0 0 0 0 0 0 0 0 0 0 0 0 0 0 0 0 0 0 0 532 532 533 534 535 536 536 536 536 536 537 537 537 538 539 539 539 540 540 541 540 540 541 541 542 542 542 542 542 542 542 542 544 544 545 545 546 546 546 546 546 546 546 546 546 546 546 546 547 546 546 546 546 547 546 546 547 548 548 548 549 549 549 548 548 548 549 550 550 550 550 550 550 550 550 550 551 551 551 551 551 552 553 553 553 552 552 553 553 554 554 554 554 554 555 554 554 556 556 555 555 555 556 557 557 557 558 558 558 559 560 559 558 558 557 557 558 559 559 560 560 561 561 561 561 561 561 562 562 562 563 564 563 563 563 563 564 565 564 564 565 565 565 565 565 565 566 567 567 567 567 567 567 568 568 568 568 569 569 569 569 570 571 571 571 571 570 570 571 571 571 572 572 572 573 573 573 573 573 574 575 575 575 575 575 575 576 576 577 577 577 577 577 579 578 578 579 579 579 579 579 580 581 581 581 581 582 581 581 582 582 583 583 584 584 584 584 585 585 585 585 585 585 585 586 587 588 588 588 588 588 588 588 589 589 589 590 590 590 591 591 591 591 591 591 591 592 592 592 592 593 593 593 593 594 594 594 594 594 595 595 595 595 596 596 596 597 597 596 596 597 597 597 597 597 596 595 595 596 597 598 598 598 598 598 598 598 598 599 599 599 599 601 602 603 606
0 0 0 0 0 0 0 0 0 0 0 0 0 0 0 0 0 0 0 0 0 0 0 0 533 533 534 534 536 537 537 538 538 538 538 538 538 538 539 539 540 540 541 541 541 542 542 542 542 542 542 542 542 544 543 543 545 545 546 546 546 546 546 546 546 546 546 546 546 546 547 547 547 547 547 548 548 548 548 548 548 548 549 549 549 549 549 548 548 548 549 550 550 550 550 550 551 551 551 551 551 551 551 552 552 553 553 553 553 553 553 553 553 554 554 554 556 556 556 556 556 556 558 557 557 557 557 558 557 557 558 558 559 559 560 559 559 559 558 558 558 559 559 561 561 562 562 563 562 562 563 563 564 563 563 563 563 564 564 564 565 565 565 565 565 565 566 566 567 567 567 568 568 568 568 568 568 569 569 569 569 570 570 570 570 571 571 572 572 572 571 571 572 572 572 572 573 573 574 574 574 574 574 574 575 576 575 575 576 576 576 577 578 578 578 578 578 580 580 580 580 579 579 580 580 581 582 582 582 582 582 581 581 583 583 584 585 585 585 585 585 585 586 587 586 586 586 586 587 587 588 588 589 589 589 589 589 590 590 590 591 591 591 591 592 592 592 592 592 593 593 593 593 593 593 594 594 595 596 596 596 596 596 596 596 595 595 596 596 596 597 597 597 597 598 598 598 598 598 597 597 597 597 598 598 598 598 598 598 598 598 599 599 600 601 601 602 603 604 606
0 0 0 0 0 0 0 0 0 0 0 0 0 0 0 0 0 0 0 0 0 0 0 535 534 534 534 535 537 538 539 538 538 538 538 538 538 539 540 540 541 541 542 541 541 542 542 542 543 543 543 544 544 544 543 543 546 546 546 546 546 546 546 546 546 546 546 546 547 547 547 547 547 547 547 548 550 550 550 549 549 549 549 549 549 549 549 549 549 549 550 550 550 550 550 550 551 551 552 553 553 553 553 553 553 553 553 553 553 554 554 554 554 554 554 554 556 556 556 556 558 558 558 558 558 557 557 558 558 558 558 558 559 559 560 560 560 560 560 559 559 560 560 561 563 563 563 564 563 563 564 564 564 563 563 563 563 564 564 564 565 565 566 567 567 567 567 567 567 567 567 568 568 569 568 568 569 569 570 570 570 571 572 572 572 572 572 572 572 572 572 572 572 573 573 573 573 573 574 575 575 575 575 575 576 576 576 576 576 577 577 577 578 578 578 578 579 580 580 580 581 581 581 581 581 582 582 583 583 583 583 584 583 583 584 584 585 585 585 585 585 586 586 587 586 586 587 588 588 588 589 589 589 589 589 590 591 591 591 592 592 593 593 593 593 593 593 593 593 594 594 594 593 593 593 595 596 596 597 596 596 597 597 597 598 597 597 597 597 597 598 598 598 599 600 600 600 600 600 599 599 598 598 598 598 598 598 598 598 599 599 600 601 601 602 602 603 603 606 607
0 0 0 0 0 0 0 0 0 0 0 0 0 0 0 0 0 0 0 0 0 0 0 535 535 536 537 537 538 538 539 540 540 539 539 539 539 540 540 540 541 541 542 542 542 543 544 545 545 545 545 545 545 546 544 544 544 545 546 546 546 546 546 546 546 546 546 546 547 547 547 548 548 547 547 548 550 550 550 551 549 549 550 550 550 549 549 549 549 550 551 551 551 551 551 552 552 553 553 553 553 553 553 553 553 553 553 553 553 554 554 554 554 554 554 554 556 556 557 557 558 558 558 558 558 558 558 558 559 559 560 560 560 560 560 561 561 562 561 561 561 561 562 562 563 563 563 564 564 564 564 564 564 564 564 564 564 564 565 565 565 565 566 567 567 567 567 567 567 567 567 569 569 569 568 568 569 570 570 571 571 572 572 572 573 573 573 572 572 572 572 573 573 573 573 574 574 574 575 575 575 575 575 575 576 577 577 577 577 577 577 578 578 578 579 579 579 580 580 580 581 581 581 581 582 582 583 583 584 584 584 584 583 583 584 585 585 586 587 586 586 587 587 588 587 587 588 588 588 589 589 590 590 590 591 591 592 593 593 593 593 593 593 593 594 594 594 594 594 595 595 596 596 596 596 596 596 596 597 597 597 597 598 598 598 597 597 598 598 598 598 598 599 599 600 601 601 601 600 600 600 599 599 600 599 599 599 599 600 600 601 601 602 602 606 606 604 604 606 607
0 0 0 0 0 0 0 0 0 0 0 0 0 0 0 0 0 0 0 0 0 0 0 536 536 537 537 538 539 539 540 540 540 540 540 541 541 541 542 541 541 541 543 544 544 544 545 545 545 545 545 545 546 545 544 544 544 545 546 547 547 546 546 546 547 547 547 547 548 548 549 549 549 548 548 549 550 550 551 551 550 550 550 550 550 550 550 550 551 551 552 551 551 552 552 553 553 553 553 553 553 554 554 554 554 554 554 554 554 554 555 554 554 555 554 554 557 557 557 558 557 557 558 558 558 558 559 559 560 560 560 560 560 560 560 561 562 562 562 562 562 562 562 563 563 564 564 565 564 564 564 565 565 565 564 564 564 564 565 565 565 566 567 568 568 568 567 567 567 567 567 569 569 569 569 569 570 570 571 571 571 573 573 573 573 573 573 572 572 573 573 574 574 574 574 574 575 575 575 576 577 577 576 576 576 577 578 578 578 578 578 579 579 580 580 580 580 580 580 581 581 581 582 582 582 583 583 584 585 585 585 585 585 585 586 586 587 587 587 587 588 588 588 589 588 588 588 589 589 590 590 591 591 591 592 592 593 593 593 593 594 594 594 594 595 595 596 596 596 596 597 596 596 596 596 596 596 596 597 597 599 598 598 599 599 599 599 600 600 600 600 600 600 600 601 601 601 601 601 601 601 601 601 601 601 601 600 600 601 601 601 601 602 603 606 606 604 604 606 607
0 0 0 0 0 0 0 0 0 0 0 0 0 0 0 0 0 0 0 0 0 0 0 537 537 537 537 539 540 540 540 540 541 541 541 541 541 542 543 541 541 541 543 545 545 545 545 545 545 545 546 546 547 545 545 546 546 546 548 548 548 547 547 547 548 548 548 548 549 549 549 549 549 548 548 549 550 551 551 551 550 550 550 551 551 551 551 551 551 551 554 554 553 553 553 554 554 554 554 554 554 554 554 554 554 554 554 554 555 556 556 556 556 556 555 555 556 557 557 558 557 557 558 558 558 558 560 560 561 561 562 561 561 561 561 561 562 562 563 563 563 563 563 564 564 564 565 565 565 564 564 565 565 565 565 565 565 565 565 565 565 567 568 569 568 568 567 567 568 567 567 569 569 569 569 570 572 572 572 572 572 573 573 573 574 574 574 572 572 574 574 574 574 575 575 575 575 575 575 576 577 577 577 577 577 577 578 578 578 578 578 579 579 580 580 580 580 581 581 581 582 582 583 583 583 583 584 585 585 586 586 586 587 587 587 587 588 588 589 588 588 589 589 589 589 589 589 589 590 590 591 591 591 592 592 593 594 595 595 594 594 594 595 596 596 596 596 597 597 597 597 596 596 596 597 597 597 598 598 598 599 598 598 599 599 600 600 601 601 601 600 600 601 601 601 602 602 602 601 601 601 601 602 602 602 601 601 601 602 602 602 602 603 604 607 607 607 607 608 609
0 0 0 0 0 0 0 0 0 0 0 0 0 0 0 0 0 0 0 0 0 0 0 538 538 539 539 540 540 540 540 540 542 542 542 542 542 542 543 542 542 543 544 545 545 545 545 546 546 546 546 548 548 547 547 548 549 549 549 549 549 549 549 549 549 549 549 549 549 550 549 549 549 549 549 550 551 552 552 551 551 551 552 552 552 551 551 552 552 553 554 554 554 554 554 554 554 554 554 554 554 554 554 555 554 554 555 555 556 556 556 556 556 556 556 556 556 557 557 558 558 558 559 559 559 559 561 562 561 561 562 563 563 562 562 562 563 564 564 564 564 564 564 564 564 565 565 565 565 565 565 565 566 566 566 566 566 565 565 566 566 568 569 569 569 568 568 568 568 570 570 571 571 571 572 572 572 572 573 573 573 573 574 574 574 574 574 573 573 575 575 574 574 575 575 575 576 576 576 577 577 578 578 578 578 578 579 579 579 579 579 580 580 580 581 581 581 582 582 583 583 584 584 585 585 585 585 586 586 587 587 587 588 588 588 588 588 589 589 589 589 590 590 591 591 591 590 590 591 591 592 592 592 593 594 595 595 595 595 595 595 595 596 597 597 597 597 597 597 597 598 597 597 598 598 599 599 600 600 600 599 599 599 599 599 600 600 601 602 602 602 602 602 602 602 602 602 603 602 602 602 602 602 602 602 602 602 602 603 603 604 604 606 606 607 607 608 609 609 610
0 0 0 0 0 0 0 0 0 0 0 0 0 0 0 0 0 0 0 0 0 0 0 539 539 540 540 540 540 540 540 540 542 542 543 543 543 543 544 543 543 544 545 546 546 546 546 546 546 546 546 547 548 547 547 547 549 549 549 550 550 550 550 550 550 550 550 550 551 551 550 550 550 550 550 551 553 553 553 552 552 552 552 552 552 552 552 553 554 554 554 554 554 554 554 554 554 554 554 554 554 554 554 556 555 555 556 556 557 557 557 558 556 556 557 557 557 559 559 559 559 559 560 560 560 560 561 561 562 562 563 563 563 563 562 562 563 564 564 564 564 564 564 565 565 565 565 565 565 565 565 565 566 566 566 566 566 566 566 567 567 568 570 570 570 569 569 569 570 571 571 572 572 572 572 572 572 573 573 573 574 574 574 575 575 575 575 575 575 576 576 576 575 575 575 576 577 577 577 578 578 579 579 579 579 579 579 580 580 581 581 581 581 581 582 582 583 583 583 583 584 584 585 585 585 585 586 586 586 587 588 588 588 588 588 589 589 589 589 589 590 591 591 591 591 592 592 592 592 592 592 593 593 594 595 595 595 595 595 596 596 596 597 597 598 598 597 597 597 597 598 599 599 599 599 600 600 600 601 601 600 600 600 600 600 601 602 602 603 602 602 603 603 603 603 603 603 603 603 604 602 602 603 603 603 604 603 603 603 604 604 606 607 607 607 609 610 610 610 610
0 0 0 0 0 0 0 0 0 0 0 0 0 0 0 0 0 0 0 0 0 0 0 539 539 542 541 541 541 541 542 542 543 543 543 543 543 545 544 544 545 545 546 546 546 546 546 546 546 546 546 547 547 547 547 547 549 549 550 550 550 550 551 551 552 552 551 551 551 551 550 550 550 551 551 552 553 554 554 553 553 554 553 553 553 553 554 554 554 554 554 555 555 556 556 556 556 556 556 556 556 555 555 556 557 557 557 557 557 557 557 558 557 557 557 559 559 560 560 560 560 560 561 560 560 561 561 561 562 562 563 563 563 563 563 563 564 564 565 565 564 564 565 565 565 566 566 566 565 565 565 566 567 567 567 568 568 567 567 568 568 569 570 570 570 570 570 570 571 572 572 573 572 572 572 572 572 573 574 574 575 576 576 576 576 575 575 576 576 577 577 577 577 577 578 578 578 578 579 580 580 580 580 580 580 580 580 580 581 581 582 582 582 582 582 583 583 583 583 583 584 585 585 586 586 586 587 587 587 587 588 588 588 589 589 589 589 589 589 589 590 591 591 592 592 592 592 592 592 592 593 593 593 594 595 596 596 596 596 596 597 597 597 598 598 598 597 597 597 597 599 600 600 600 600 600 601 601 601 602 601 600 600 601 601 602 602 604 604 604 604 604 606 603 603 604 604 606 606 606 604 604 604 604 606 606 606 606 606 606 606 607 608 609 609 609 610 611 611 610
0 0 0 0 0 0 0 0 0 0 0 0 0 0 0 0 0 0 0 0 0 0 0 539 539 541 542 542 542 542 543 543 543 543 543 543 543 545 545 545 546 546 546 546 546 546 547 546 546 547 547 547 547 547 548 548 549 550 550 551 551 551 551 552 552 551 551 552 552 552 552 552 553 551 551 553 553 554 554 554 554 554 554 554 554 554 554 554 554 555 555 555 556 556 556 556 556 556 556 556 556 555 555 556 558 558 558 558 559 559 560 560 560 560 560 560 561 561 562 562 562 562 562 562 562 562 562 562 562 564 565 565 565 564 564 564 565 565 565 565 565 566 566 567 566 566 566 566 566 567 567 568 568 568 568 568 568 568 568 569 569 571 570 570 571 571 571 572 572 572 572 574 573 573 574 574 574 574 575 575 576 576 576 576 576 576 576 577 577 578 578 578 578 578 578 578 578 579 580 580 580 580 580 580 580 580 580 581 583 583 583 582 582 583 583 583 584 584 584 584 584 586 586 586 586 587 587 588 588 588 588 588 588 589 589 590 590 590 590 591 591 592 592 592 592 592 593 593 593 593 593 593 594 595 596 596 596 596 597 597 597 598 598 598 599 599 598 598 598 598 599 600 601 600 600 600 601 601 602 602 603 602 602 601 601 603 603 604 604 604 606 606 606 606 606 606 606 606 606 606 604 604 604 606 606 606 606 606 606 607 607 608 609 610 610 610 611 611 612 612
0 0 0 0 0 0 0 0 0 0 0 0 0 0 0 0 0 0 0 0 0 0 0 541 541 541 542 542 542 542 544 544 544 545 545 545 545 546 546 546 546 546 547 548 548 548 548 548 548 548 548 547 547 547 549 549 550 550 551 551 551 551 551 552 552 551 551 552 552 553 553 553 553 552 552 553 553 554 554 554 554 554 554 554 554 554 555 556 555 555 555 556 556 556 557 557 557 557 557 557 557 557 557 557 559 559 559 559 559 559 560 561 561 561 561 561 561 561 562 562 563 563 563 564 564 563 563 563 563 564 565 565 565 565 565 565 565 565 565 565 565 566 566 568 567 567 567 567 568 568 568 569 569 569 569 569 569 569 569 570 570 571 570 570 571 571 571 572 572 573 573 574 573 573 574 574 574 574 575 575 576 576 576 577 577 576 576 577 578 579 578 578 579 579 579 579 579 580 580 581 580 580 580 580 581 581 582 582 583 583 583 582 582 583 584 584 584 584 585 586 586 587 587 587 587 587 588 588 588 588 589 589 589 589 590 590 591 591 591 592 592 592 592 593 593 593 593 593 594 594 594 595 596 596 597 597 597 597 597 598 599 599 599 599 599 599 599 599 599 599 600 600 601 601 601 601 601 601 602 602 603 603 603 603 603 604 604 604 606 606 606 606 606 606 606 607 607 606 606 606 606 606 606 607 607 607 607 607 607 607 607 608 609 610 611 612 611 611 612 613
0 0 0 0 0 0 0 0 0 0 0 0 0 0 0 0 0 0 0 0 0 0 0 542 541 541 542 542 542 542 544 545 545 545 545 545 545 546 546 547 547 548 548 549 551 551 550 550 550 550 549 548 548 548 550 550 551 551 552 552 551 551 551 553 554 554 554 554 554 554 554 554 554 554 554 554 554 554 554 554 554 556 556 556 556 556 556 556 556 556 557 557 557 557 557 558 558 558 558 558 558 557 557 558 560 560 560 560 560 560 560 561 561 561 561 562 561 561 563 563 563 563 563 564 564 564 564 564 564 564 565 565 565 565 565 565 565 565 565 566 566 567 567 568 567 567 567 567 568 569 569 569 569 569 569 569 569 569 569 571 571 571 571 571 572 572 572 573 573 573 573 574 574 574 575 576 576 576 576 576 576 577 577 578 577 577 577 578 579 579 578 578 579 579 579 580 580 581 581 581 581 581 581 581 582 582 583 583 584 584 584 583 583 584 584 585 584 584 586 586 586 588 588 588 588 588 589 589 589 589 589 589 589 590 591 591 592 592 592 592 593 593 593 594 594 594 594 594 594 595 595 596 596 596 597 597 597 597 598 599 600 599 599 600 600 600 600 600 600 600 601 601 601 601 601 602 602 602 602 603 603 604 604 604 604 604 604 604 606 606 607 607 607 607 607 607 607 607 607 607 607 607 608 607 607 607 608 608 609 609 610 610 611 611 611 612 613 613 613 614
0 0 0 0 0 0 0 0 0 0 0 0 0 0 0 0 0 0 0 0 0 0 0 543 542 542 543 543 543 544 545 545 545 545 546 545 545 546 546 548 548 548 549 549 549 549 550 550 551 551 550 549 549 549 551 551 553 553 553 552 552 554 554 554 554 554 554 554 554 554 554 554 555 554 554 554 554 554 555 555 556 557 557 556 556 557 557 557 557 557 557 557 557 557 558 558 558 559 559 559 560 560 560 560 560 561 561 560 560 561 561 561 561 562 562 563 563 563 563 563 563 564 564 564 564 565 565 565 565 565 565 565 566 565 565 566 566 567 566 566 567 568 568 568 568 568 568 568 569 569 570 570 570 571 569 569 569 570 570 571 571 572 572 572 572 572 573 573 573 573 574 575 575 576 576 576 576 576 576 576 576 577 577 579 579 578 578 579 579 580 579 579 579 580 580 581 582 582 582 582 582 582 582 582 583 584 584 584 584 584 584 584 584 585 585 585 585 585 586 587 588 588 588 588 588 589 589 590 590 590 590 591 591 591 591 591 592 593 593 593 593 594 595 595 595 595 595 595 595 595 596 597 597 597 597 597 598 598 599 600 600 599 599 600 600 601 601 601 601 601 603 603 603 603 603 603 603 603 603 603 604 604 606 606 606 606 606 606 606 607 607 608 609 608 608 608 608 608 609 608 608 608 609 609 609 609 609 609 610 610 610 610 611 611 611 614 614 614 614 614
0 0 0 0 0 0 0 0 0 0 0 0 0 0 0 0 0 0 0 0 0 0 0 544 544 544 543 543 543 544 545 545 545 545 546 546 546 548 548 549 549 549 549 549 549 549 550 551 551 552 552 551 551 551 552 552 554 554 554 553 553 554 554 554 554 554 554 554 554 554 554 554 555 555 556 555 555 555 556 556 556 557 557 557 557 557 557 557 557 557 557 557 557 558 559 559 559 560 560 560 560 561 561 561 561 561 561 561 561 561 561 562 562 563 563 563 564 564 564 564 564 564 564 565 565 565 565 565 565 566 566 566 566 565 565 566 566 567 567 568 568 569 569 569 569 569 568 568 569 569 570 570 570 571 570 570 571 571 572 572 572 573 572 572 573 573 574 574 574 574 574 576 576 576 576 576 578 577 577 577 577 578 578 579 579 579 579 580 580 580 580 580 580 580 581 582 583 583 583 583 583 582 582 583 583 584 584 584 584 584 584 585 585 585 586 586 587 587 588 588 588 588 589 589 589 589 589 590 591 591 591 591 592 592 592 592 592 594 594 594 594 594 595 596 596 596 596 595 595 596 597 597 597 597 597 599 599 599 600 600 600 600 600 600 600 601 601 601 601 602 604 604 604 604 604 604 604 604 604 604 604 606 606 606 607 607 607 607 608 608 609 609 609 608 608 608 608 608 610 609 609 610 610 610 610 610 610 610 611 611 612 612 612 612 613 614 614 614 614 614
0 0 0 0 0 0 0 0 0 0 0 0 0 0 0 0 0 0 0 0 0 0 0 544 544 545 545 545 545 545 545 545 545 546 546 547 547 548 548 549 549 549 549 550 549 549 550 551 551 552 552 552 552 552 552 553 554 554 554 553 553 554 554 554 554 554 554 555 555 556 555 555 556 556 557 557 557 557 557 557 557 557 557 557 557 557 557 558 558 558 558 558 558 558 559 560 560 560 560 560 560 561 561 560 560 561 561 562 562 562 562 562 562 564 564 564 564 564 564 564 564 565 565 565 565 565 565 565 566 566 567 567 567 566 566 567 568 568 569 570 570 570 570 570 570 570 569 569 571 570 570 570 570 571 571 572 572 572 573 573 574 573 573 573 573 574 575 575 576 576 576 576 576 577 577 577 579 578 578 578 578 578 579 580 580 580 580 580 580 580 580 580 580 581 581 582 583 582 582 583 584 583 583 583 583 585 585 585 585 585 585 585 585 586 586 587 588 588 588 588 589 589 589 589 589 590 590 591 591 591 592 592 592 592 593 593 593 594 594 595 595 595 596 596 596 596 596 596 596 597 597 598 599 599 600 600 600 600 600 601 601 601 601 601 601 602 603 603 604 604 606 604 604 604 604 606 606 606 606 606 606 606 607 607 608 608 608 609 609 609 610 610 610 610 610 609 609 610 610 610 610 610 610 611 611 611 611 611 612 612 613 614 615 615 615 614 614 614 615 615
0 0 0 0 0 0 0 0 0 0 0 0 0 0 0 0 0 0 0 0 0 0 0 544 544 545 546 546 546 546 546 546 546 547 547 548 548 548 549 549 549 550 551 551 549 549 550 551 551 552 552 552 552 552 553 553 554 554 554 553 553 554 554 554 554 554 554 554 554 556 556 556 557 557 557 557 557 557 557 557 557 557 557 557 557 557 557 558 559 559 558 558 559 559 560 560 560 560 560 561 561 561 561 560 560 561 561 562 562 562 562 565 565 565 565 565 565 565 565 565 565 565 565 565 565 565 565 566 567 567 568 568 568 568 568 568 568 570 570 570 570 570 570 570 570 571 571 571 572 571 571 571 571 572 572 573 573 573 574 574 574 574 573 573 573 574 575 575 576 576 577 577 577 577 577 578 579 579 579 579 579 580 580 580 581 581 581 581 581 581 581 581 581 582 582 582 583 582 582 584 585 584 584 584 584 586 586 586 586 586 586 586 586 586 587 588 589 589 589 589 589 589 590 590 590 591 591 591 591 591 592 592 592 593 593 594 594 595 595 595 595 595 596 596 597 597 597 597 597 597 598 599 600 600 600 600 600 600 600 601 601 601 601 601 602 603 604 604 604 604 606 606 606 606 606 606 606 607 607 607 608 608 608 608 609 609 609 610 610 610 611 611 611 610 610 610 610 610 612 613 612 611 611 611 611 612 612 613 613 614 614 615 615 615 615 614 614 614 615 615
0 0 0 0 0 0 0 0 0 0 0 0 0 0 0 0 0 0 0 0 0 0 0 545 545 546 546 546 546 546 546 546 547 548 548 549 548 548 549 549 549 550 551 551 550 550 550 552 552 552 552 552 552 552 552 552 554 554 554 554 554 554 554 554 554 554 554 554 554 556 556 556 557 557 557 557 557 557 557 557 557 558 557 557 558 558 559 559 559 560 560 560 560 560 562 561 561 561 561 561 561 561 563 563 562 562 562 563 565 564 564 565 565 565 565 565 565 565 565 565 565 565 566 566 566 566 566 567 567 568 568 569 569 568 568 569 569 569 570 571 571 571 570 570 571 571 572 572 572 572 572 572 572 573 574 574 573 573 574 574 574 575 575 575 575 575 575 575 576 576 577 578 578 578 579 579 580 580 580 580 580 580 580 581 582 582 582 582 582 581 581 581 582 582 582 583 583 584 584 584 585 586 586 585 585 587 587 587 587 586 586 586 586 587 588 589 589 590 590 590 590 590 590 590 591 591 591 592 592 592 593 593 593 593 595 595 595 596 596 596 596 597 597 597 597 597 597 597 598 598 598 599 600 600 600 600 600 601 601 602 602 601 601 602 603 604 604 606 606 606 607 606 606 606 606 606 607 608 608 609 608 608 609 609 609 609 609 610 610 611 611 612 612 611 611 610 610 611 612 613 613 612 612 612 613 613 614 614 614 614 615 615 615 615 615 615 615 615 615 616
0 0 0 0 0 0 0 0 0 0 0 0 0 0 0 0 0 0 0 0 0 0 0 545 545 546 548 547 546 546 547 547 548 549 549 549 549 549 550 550 550 551 552 552 551 551 552 552 552 553 552 552 552 552 552 552 554 554 554 554 554 554 555 556 556 555 555 556 556 556 557 557 557 558 557 557 557 557 557 557 558 558 558 558 559 559 560 560 560 560 560 560 560 561 562 562 561 561 561 562 562 562 563 563 564 564 564 565 565 565 565 565 565 566 566 566 565 565 566 565 565 565 566 567 567 567 567 567 568 569 569 569 569 570 570 570 569 569 570 571 571 571 571 571 571 572 572 572 573 573 573 573 573 574 576 575 574 574 575 575 575 575 575 575 575 575 576 576 577 579 580 580 579 579 580 580 581 581 581 581 581 582 582 582 583 583 583 583 583 583 583 583 583 583 584 584 585 585 585 585 587 587 587 585 585 587 587 588 588 587 587 587 588 588 589 589 590 590 591 591 591 591 591 591 592 592 592 592 592 593 593 594 594 595 596 596 596 596 596 597 597 597 597 597 598 598 598 598 598 598 599 600 601 601 601 601 601 602 602 602 602 603 603 603 604 606 606 606 606 606 607 607 607 607 607 607 608 609 609 609 609 609 610 610 610 610 610 611 612 612 613 613 613 613 612 612 612 613 613 613 613 613 613 613 613 613 614 614 615 615 615 616 616 616 615 615 616 616 616 618
0 0 0 0 0 0 0 0 0 0 0 0 0 0 0 0 0 0 0 0 0 0 0 546 546 548 549 549 549 549 549 549 549 549 549 550 549 549 550 550 550 551 552 552 552 552 552 552 553 553 553 553 553 553 554 554 554 555 555 555 554 554 555 556 556 556 556 556 556 556 556 556 557 558 557 557 557 557 557 557 558 559 559 559 559 560 561 561 561 560 560 560 560 562 562 562 561 561 561 562 562 562 563 563 565 564 564 565 565 565 565 565 566 566 566 566 566 566 567 567 566 566 567 567 567 567 567 568 568 569 570 570 570 570 570 571 571 571 571 571 571 572 572 572 572 572 572 573 573 573 573 574 574 574 576 576 575 575 576 576 576 576 576 576 575 575 577 577 578 579 580 580 580 580 581 581 582 582 582 582 582 582 582 583 583 583 583 583 584 584 584 584 584 584 584 584 585 585 586 586 587 587 587 587 587 587 587 588 588 588 588 588 588 589 589 589 590 590 591 591 591 591 591 592 593 593 593 593 593 593 594 595 595 596 596 596 596 597 597 597 597 597 598 598 598 598 598 599 599 599 600 600 601 601 601 601 601 602 602 603 603 604 604 604 606 606 607 606 606 606 607 608 608 608 609 609 610 610 610 610 610 610 610 610 611 611 612 612 613 613 614 614 614 614 614 614 614 614 614 614 614 614 614 614 615 615 615 615 616 616 618 616 616 618 618 618 618 619 619 619
0 0 0 0 0 0 0 0 0 0 0 0 0 0 0 0 0 0 0 0 0 0 0 547 547 548 548 549 549 550 551 551 551 549 549 550 550 550 550 552 552 552 552 552 552 552 553 553 553 554 554 554 554 554 554 555 555 556 556 556 555 555 556 556 556 557 557 557 557 557 556 556 558 559 559 557 557 557 557 558 560 560 560 560 560 561 561 562 562 560 560 561 561 563 563 564 563 562 562 563 563 563 564 565 565 565 565 565 565 565 565 565 566 565 565 566 566 567 567 567 567 567 568 568 568 568 570 570 570 570 570 570 570 570 570 571 571 572 572 571 571 572 573 573 574 574 574 574 574 574 574 574 575 576 576 576 576 575 575 576 576 577 577 577 576 576 577 578 579 580 580 580 581 581 581 582 582 583 583 583 583 583 583 583 583 583 584 584 584 584 584 584 584 584 585 585 585 586 586 586 588 588 587 587 587 587 587 588 589 589 589 589 589 589 589 589 590 590 591 592 592 592 592 593 594 594 595 595 595 595 595 595 596 596 597 597 597 597 597 597 598 598 599 599 599 599 599 599 599 600 600 601 601 602 602 603 603 603 604 604 604 604 604 604 606 607 608 607 607 607 609 609 609 609 609 610 610 610 610 610 611 611 611 611 611 612 613 613 614 614 614 615 615 615 615 614 614 614 614 614 614 615 618 618 616 616 616 616 618 618 618 619 619 619 619 620 620 620 620 620
0 0 0 0 0 0 0 0 0 0 0 0 0 0 0 0 0 0 0 0 0 0 0 548 548 548 548 549 550 550 551 552 551 551 551 551 551 552 552 552 552 552 553 553 553 553 553 553 554 554 554 554 554 554 554 555 555 555 556 557 557 557 556 556 557 557 558 558 559 558 558 558 558 560 560 557 557 557 558 560 561 561 561 561 561 561 562 562 562 561 561 561 561 563 563 564 564 564 564 564 564 564 564 565 565 565 565 565 565 565 566 566 567 565 565 567 567 567 568 568 567 567 568 568 568 568 570 570 571 571 571 571 571 571 571 571 571 572 572 571 571 572 573 574 575 574 574 574 574 574 574 575 575 576 576 576 576 575 575 577 577 578 578 578 579 579 579 579 580 580 580 580 581 582 582 582 582 583 583 583 584 584 584 584 584 584 584 584 585 585 585 585 585 585 585 586 586 587 588 588 588 588 587 587 587 588 588 589 589 589 589 589 590 590 590 590 591 591 592 592 593 594 593 593 594 595 595 596 596 596 596 596 596 596 597 597 597 597 597 597 598 598 599 599 599 600 600 600 600 601 601 602 602 603 603 604 604 604 604 604 606 606 606 606 606 607 608 608 608 608 609 609 610 610 610 610 611 611 611 611 612 612 612 612 612 614 614 614 614 614 615 615 615 615 616 615 615 615 616 616 618 619 619 619 618 618 618 619 619 619 619 619 619 619 619 620 621 621 621 621
0 0 0 0 0 0 0 0 0 0 0 0 0 0 0 0 0 0 0 0 0 0 0 548 548 548 548 549 550 551 552 552 552 551 551 551 552 552 552 552 552 552 553 553 553 553 554 554 554 554 554 554 554 555 555 555 555 555 556 557 557 557 556 556 556 556 557 560 560 559 557 557 559 561 560 560 559 559 559 561 561 561 562 562 561 561 563 562 562 562 562 563 563 564 564 564 565 565 565 565 564 564 565 565 565 565 565 565 565 566 567 568 567 567 567 567 567 568 568 568 568 568 568 568 568 569 570 570 571 571 571 571 571 571 571 571 571 572 572 572 572 572 573 575 575 574 574 575 574 574 575 575 576 576 576 576 577 576 576 577 578 578 579 579 579 579 579 580 580 580 580 580 581 582 583 583 583 583 583 584 584 584 585 585 585 584 584 585 585 585 585 585 586 586 586 586 586 587 588 588 588 588 588 589 589 589 589 589 589 589 589 590 590 590 591 591 591 591 592 593 593 594 594 594 595 595 595 596 596 596 596 597 597 598 598 598 598 598 598 598 599 599 599 600 600 600 601 601 601 602 603 603 603 604 604 604 604 604 604 606 607 607 607 607 607 608 608 609 609 609 610 610 610 610 610 611 612 612 612 613 613 613 613 613 613 615 616 615 615 616 616 616 618 616 616 616 616 618 619 619 619 619 619 620 620 619 619 619 619 619 619 619 620 620 620 621 621 622 622 622
0 0 0 0 0 0 0 0 0 0 0 0 0 0 0 0 0 0 0 0 0 0 0 548 548 548 549 549 550 551 552 552 552 552 552 552 553 553 553 553 553 554 554 554 554 554 554 554 554 554 554 554 554 555 556 561 555 555 557 557 559 558 558 557 556 556 557 560 560 560 557 557 560 561 561 561 560 560 560 561 561 561 562 562 562 562 563 563 563 562 562 564 565 565 565 565 565 565 566 566 564 564 565 565 565 565 565 565 566 567 568 568 569 568 568 568 568 569 568 568 569 569 569 569 569 569 569 570 570 571 572 572 571 571 572 571 571 573 573 573 573 573 574 575 575 576 576 575 574 574 575 575 577 577 577 577 577 578 578 578 578 579 579 579 579 579 579 580 581 581 582 582 583 583 583 584 584 584 584 585 585 585 585 585 585 585 585 585 585 586 586 586 587 587 587 588 588 588 588 588 588 589 589 589 590 590 590 591 591 590 590 591 591 591 592 592 592 592 593 593 594 594 594 594 595 595 596 596 596 597 597 597 597 599 599 599 599 599 599 600 600 600 600 601 601 601 601 602 602 603 603 603 604 604 604 604 606 606 606 607 607 608 608 608 608 609 609 609 610 610 611 611 611 611 611 612 613 613 613 614 614 614 614 615 615 615 616 618 618 618 618 618 619 619 619 619 619 619 620 620 620 620 620 620 620 620 620 620 620 620 620 620 621 621 621 622 622 623 623 623
0 0 0 0 0 0 0 0 0 0 0 0 0 0 0 0 0 0 0 0 0 0 0 549 549 549 549 549 550 551 552 552 552 553 553 553 554 554 553 553 554 554 554 554 554 555 555 555 555 555 554 554 554 556 557 557 557 557 557 557 560 558 558 559 557 557 560 559 559 560 561 561 561 561 561 561 561 561 561 561 561 561 562 563 563 563 564 564 564 564 564 564 565 565 565 565 565 565 566 567 567 567 566 566 565 565 565 566 566 567 568 569 570 569 569 568 568 569 569 571 570 570 570 570 569 569 569 570 570 571 572 572 572 572 573 572 572 573 573 574 574 574 574 575 576 576 576 576 575 575 576 576 578 578 578 578 578 578 579 579 579 579 579 579 580 580 580 581 581 581 584 584 584 584 584 585 585 585 585 585 585 585 585 585 585 585 585 587 587 587 588 588 588 588 588 588 588 589 589 589 589 589 590 590 590 592 591 591 592 592 592 592 592 592 592 593 593 593 594 594 595 595 595 596 596 596 596 596 596 597 597 597 597 599 599 599 599 600 600 600 601 601 601 601 602 602 602 603 603 603 604 604 604 606 606 606 606 606 607 608 608 609 609 609 609 609 609 609 610 610 613 613 613 613 613 613 614 614 614 614 614 614 615 616 615 615 618 618 619 619 619 620 620 620 620 620 620 620 620 620 620 620 620 621 621 621 620 620 621 621 622 622 622 622 622 623 623 623 624 624
0 0 0 0 0 0 0 0 0 0 0 0 0 0 0 0 0 0 0 0 0 0 0 550 550 550 550 550 552 552 553 553 554 554 555 554 554 554 554 554 554 555 555 555 556 556 556 556 556 556 556 555 555 557 557 557 557 557 557 557 560 558 558 560 561 560 560 559 559 560 561 561 561 561 561 561 562 562 562 561 561 562 562 563 563 563 564 564 564 564 564 565 565 565 565 565 565 566 567 566 566 567 566 566 567 567 567 567 567 568 568 569 570 569 569 568 568 569 569 571 571 571 573 571 571 570 570 571 571 572 572 572 573 573 573 574 574 574 574 574 574 575 575 576 577 577 577 577 577 577 577 577 579 579 579 579 579 579 580 579 579 580 579 579 580 580 580 581 581 581 584 584 584 584 584 585 585 586 586 585 585 585 586 586 586 586 587 588 588 589 589 589 589 589 589 588 588 589 589 589 590 590 591 591 591 592 591 591 592 592 592 593 593 593 593 593 594 594 594 594 595 595 595 596 596 596 597 597 597 597 597 597 599 599 599 600 600 600 601 601 601 602 602 602 603 603 603 604 604 604 604 606 606 606 606 606 608 608 609 610 610 610 610 610 610 610 611 612 612 612 613 614 614 614 614 614 614 614 614 615 615 616 616 616 616 616 618 619 619 619 619 620 620 620 620 620 621 621 621 621 621 621 621 622 621 621 621 622 622 623 623 623 623 623 623 623 623 624 624 625
0 0 0 0 0 0 0 0 0 0 0 0 0 0 0 0 0 0 0 0 0 0 0 554 553 553 552 552 552 555 555 555 555 555 556 554 554 554 554 555 555 555 555 556 556 557 558 557 557 557 557 558 558 559 559 558 558 559 559 559 560 559 559 560 561 560 560 560 560 560 563 562 561 561 562 563 563 563 563 563 563 562 562 564 564 565 564 564 565 565 565 565 565 566 565 565 566 566 567 566 566 567 567 567 567 567 567 567 567 568 569 570 570 570 570 570 570 571 571 571 571 571 573 573 573 572 572 572 572 572 574 574 575 575 575 575 575 575 575 576 576 576 576 577 577 577 577 577 577 578 579 579 579 579 580 580 580 580 580 580 580 580 581 582 582 582 582 583 582 582 584 584 585 585 586 585 585 587 587 587 586 586 586 587 588 588 588 588 588 589 589 589 589 589 589 589 589 589 590 590 591 591 592 592 592 592 592 592 593 593 593 593 594 594 594 594 595 595 595 595 595 596 596 597 597 597 598 598 598 598 599 599 600 600 600 600 600 600 601 601 601 602 602 602 603 604 604 606 606 606 607 607 608 608 609 609 609 609 609 610 610 610 610 610 610 612 612 613 613 613 614 614 614 614 614 614 614 614 614 615 616 618 618 618 618 618 619 619 619 619 620 620 621 621 621 621 621 621 621 621 621 621 622 622 622 622 623 623 623 624 624 624 624 624 624 624 624 624 625 627
0 0 0 0 0 0 0 0 0 0 0 0 0 0 0 0 0 0 0 0 0 0 0 554 553 553 554 554 555 556 555 555 555 555 556 554 554 555 556 556 557 557 556 556 557 557 558 558 558 558 558 558 559 560 560 559 559 560 559 559 560 560 560 561 561 561 561 561 561 561 563 562 562 562 563 564 564 564 564 563 563 564 564 565 565 565 564 564 565 565 565 565 565 566 565 565 567 567 568 568 567 567 567 567 568 568 567 567 568 569 570 571 571 571 570 570 570 571 571 572 572 572 572 572 574 574 573 573 574 574 575 576 576 575 575 575 575 575 575 577 577 578 578 578 577 577 577 578 578 579 579 579 580 580 580 581 581 580 580 580 580 581 582 582 582 582 583 583 583 583 585 585 586 586 586 586 586 587 587 587 587 587 587 588 588 589 589 589 589 589 589 590 590 589 589 590 590 590 590 592 591 591 592 593 593 593 593 593 593 593 593 593 594 594 594 595 596 596 596 596 596 597 597 597 597 597 599 599 599 599 600 600 600 601 601 601 602 602 603 603 603 603 602 602 603 604 604 606 607 607 607 607 608 609 609 609 609 610 610 611 612 612 612 612 612 612 613 613 613 614 614 615 615 615 616 616 616 616 616 618 618 618 618 619 619 619 620 620 620 620 620 621 621 621 621 621 621 622 622 622 622 622 623 624 623 623 623 623 624 625 625 625 625 625 625 624 624 625 625 628
0 0 0 0 0 0 0 0 0 0 0 0 0 0 0 0 0 0 0 0 0 0 0 554 553 553 554 555 555 556 555 555 555 555 556 555 555 556 558 558 558 558 557 557 558 558 558 559 559 559 559 559 560 560 560 561 561 561 560 560 560 560 562 562 563 562 562 561 561 563 564 563 563 563 564 564 564 565 564 564 564 564 565 565 565 565 565 565 565 565 565 565 566 567 567 567 567 567 569 568 568 568 568 568 568 568 568 569 569 569 571 572 572 571 571 571 571 572 572 572 572 572 572 572 574 574 574 574 574 575 576 576 576 576 575 575 576 576 576 577 577 579 579 579 579 579 579 578 578 579 579 579 580 580 581 581 581 580 580 580 580 582 582 582 582 582 583 583 584 584 585 585 586 586 586 586 587 588 588 588 588 589 589 589 589 589 589 589 590 590 590 591 591 591 590 590 590 590 592 592 593 593 593 593 593 593 593 593 593 593 594 594 595 595 595 596 596 596 597 597 597 597 597 598 598 598 600 600 600 600 600 600 601 601 601 603 602 602 603 603 603 604 603 603 604 604 606 607 607 607 607 608 609 609 610 610 610 610 610 611 612 612 613 613 613 613 614 614 614 614 614 615 615 615 616 616 618 618 618 618 618 618 619 619 619 619 620 620 620 620 621 622 622 622 622 622 622 623 623 623 623 624 624 624 623 623 624 624 624 625 627 628 627 625 625 625 625 625 627 628
0 0 0 0 0 0 0 0 0 0 0 0 0 0 0 0 0 0 0 0 0 0 0 554 554 554 556 555 555 556 555 555 555 556 556 556 556 556 558 558 558 558 558 558 558 558 558 560 560 559 559 559 560 561 561 562 562 562 560 560 560 560 562 564 564 564 564 564 564 564 565 565 566 565 565 565 565 565 565 565 565 565 566 566 566 566 566 567 566 566 566 566 566 567 567 567 568 568 569 568 568 568 568 569 569 570 569 569 570 570 571 572 572 572 572 572 572 573 572 572 572 572 572 572 574 574 574 574 575 575 576 576 576 576 576 577 577 578 577 577 578 580 580 579 579 579 579 578 578 579 579 579 581 581 582 583 583 583 583 583 583 583 583 583 583 583 584 584 584 584 586 587 586 586 587 587 587 588 588 588 588 589 589 590 590 590 590 590 591 592 592 592 592 592 592 592 592 592 593 594 594 594 593 593 593 594 594 594 594 595 595 595 596 595 595 596 596 596 597 598 598 599 598 598 599 599 600 600 601 601 601 601 601 601 601 604 603 603 604 604 604 604 604 604 606 606 607 608 608 608 608 609 610 610 610 611 611 611 611 611 612 613 613 614 613 613 614 614 614 615 615 616 616 616 616 616 618 618 618 619 619 619 620 620 620 620 621 621 621 621 622 622 623 622 622 622 622 623 623 624 624 624 624 624 624 624 624 624 624 625 627 628 628 627 627 628 628 628 629 628
0 0 0 0 0 0 0 0 0 0 0 0 0 0 0 0 0 0 0 0 0 0 0 555 555 555 558 557 556 556 555 555 555 556 557 557 557 557 558 559 559 559 558 558 559 559 559 560 560 560 563 562 561 561 562 562 562 562 562 562 562 562 563 564 564 564 564 564 565 566 566 566 566 566 566 566 566 566 565 565 565 565 566 566 567 567 567 567 567 567 567 567 568 568 569 569 570 569 569 569 569 569 569 570 570 570 569 569 569 574 573 572 572 572 572 572 572 573 573 574 574 575 574 574 575 575 575 576 576 577 576 576 577 577 577 579 579 580 580 580 580 580 580 580 580 580 580 580 580 580 580 580 582 583 584 584 584 584 586 586 585 584 584 584 584 584 585 585 585 586 588 588 588 588 588 588 588 589 588 588 590 591 591 590 590 590 590 590 592 593 593 593 593 593 593 593 593 593 594 594 595 595 594 594 594 594 594 594 596 596 596 596 597 596 596 596 596 597 598 599 599 599 599 599 600 600 600 601 601 602 602 602 602 603 603 604 604 604 604 606 606 606 606 606 607 608 608 609 609 609 609 609 610 611 611 611 611 611 611 612 612 613 613 614 614 614 614 614 615 615 615 616 618 618 618 618 618 618 619 619 619 620 620 620 621 621 622 622 622 622 623 623 623 623 623 623 623 624 624 624 624 625 625 625 625 625 627 627 627 627 627 628 628 628 628 629 629 629 630 629
0 0 0 0 0 0 0 0 0 0 0 0 0 0 0 0 0 0 0 0 0 0 0 555 555 555 558 558 557 557 557 556 556 558 558 559 559 559 559 560 560 560 559 559 559 559 559 561 560 560 563 563 562 562 562 562 562 562 565 565 562 562 563 564 564 564 564 564 565 566 565 565 565 566 566 566 566 566 567 567 567 567 567 567 567 568 568 568 568 568 569 569 570 571 570 570 570 569 569 569 569 570 571 572 572 571 571 572 572 574 574 573 572 572 572 572 572 575 575 575 575 575 575 575 576 576 576 577 577 578 576 576 580 579 579 580 580 580 580 580 580 580 580 580 581 581 581 582 582 580 580 581 582 583 584 584 585 586 586 586 586 586 584 584 584 584 585 586 587 587 589 589 589 589 589 590 590 590 590 590 590 591 591 591 591 591 592 592 593 593 593 593 593 593 593 593 593 593 594 594 594 595 595 595 594 594 594 594 596 596 597 597 597 597 597 597 597 597 598 599 600 601 601 601 600 600 601 601 601 603 603 603 603 603 604 604 604 606 606 606 606 606 606 607 608 609 609 609 609 610 610 610 610 611 612 612 612 612 612 613 613 613 613 614 616 615 615 615 616 616 616 616 618 618 618 619 619 619 619 619 620 621 621 621 621 622 623 623 623 623 624 624 624 624 624 624 624 624 625 627 627 627 627 627 627 627 628 628 628 628 628 628 628 629 629 630 630 630 630 631
0 0 0 0 0 0 0 0 0 0 0 0 0 0 0 0 0 0 0 0 0 0 0 556 556 556 556 556 556 556 557 557 558 559 559 559 559 559 560 560 560 560 559 559 559 560 560 561 561 563 563 564 564 562 562 562 562 562 566 562 562 562 564 564 564 565 565 565 565 565 565 565 565 566 566 566 566 566 567 567 567 567 568 568 568 569 569 569 569 569 569 569 569 569 571 571 571 570 570 569 569 570 572 572 572 571 571 571 573 575 575 574 573 573 571 571 574 575 575 575 575 575 575 0 577 577 579 577 577 578 577 577 581 580 580 580 580 580 580 580 580 580 580 580 581 581 581 582 582 581 581 581 582 584 584 584 585 586 586 587 587 586 585 585 584 584 585 586 586 587 589 589 589 589 589 591 592 591 591 591 591 591 591 591 591 591 592 592 593 593 593 593 593 593 594 593 593 593 594 594 594 595 595 595 594 594 594 594 596 0 0 0 599 599 599 599 599 600 600 600 601 601 601 601 601 601 602 603 603 604 604 604 604 604 604 604 604 606 606 606 607 608 608 608 609 609 609 610 610 610 611 611 612 612 613 613 613 613 614 614 614 614 614 615 616 616 616 616 618 618 618 618 618 619 619 620 620 620 620 620 621 621 622 622 622 623 624 624 624 624 624 625 625 625 625 625 625 625 627 627 628 628 628 628 628 628 629 629 629 629 628 628 629 629 629 630 631 631 631 632
0 0 0 0 0 0 0 0 0 0 0 0 0 0 0 0 0 0 0 0 0 0 0 556 556 556 556 556 556 556 557 557 559 560 560 560 560 560 560 560 560 560 560 560 560 560 561 562 562 563 563 564 564 562 562 565 566 566 566 561 561 564 564 565 565 565 565 565 565 565 566 565 565 567 566 566 567 567 568 568 568 568 568 568 569 570 570 569 569 569 569 569 569 569 571 571 571 570 570 572 571 571 573 573 573 573 573 573 573 573 574 574 572 572 571 571 574 576 576 0 0 0 0 0 0 0 0 0 0 0 0 0 0 0 0 0 0 0 0 0 0 0 0 0 0 0 0 0 0 0 582 582 582 0 0 0 0 0 0 0 0 0 0 0 0 0 0 586 586 0 0 0 0 0 0 0 0 0 0 0 0 592 591 591 591 591 592 592 594 0 0 0 593 593 594 0 0 0 595 595 595 595 595 0 594 594 595 0 0 0 0 0 0 0 0 599 599 600 600 601 602 601 601 601 601 601 602 603 604 604 606 606 606 606 606 607 607 607 606 606 608 608 609 609 609 609 610 610 610 610 611 612 612 612 613 613 613 614 614 614 614 615 615 616 618 618 618 618 619 619 618 618 618 619 620 620 621 621 621 621 621 622 622 622 623 623 624 624 625 625 625 625 625 625 625 625 627 627 628 628 629 629 629 629 629 629 629 629 629 629 629 629 629 630 630 631 631 631 631 632
0 0 0 0 0 0 0 0 0 0 0 0 0 0 0 0 0 0 0 0 0 0 0 559 558 558 559 559 559 559 559 559 560 560 560 560 560 561 560 559 559 560 561 561 561 561 562 563 563 563 564 564 564 564 564 565 566 566 567 561 561 564 564 565 565 565 565 567 566 566 566 566 566 567 567 567 568 568 568 569 569 569 569 569 570 571 571 570 570 570 570 570 570 570 571 571 572 572 572 573 572 572 573 573 573 573 573 573 573 0 0 0 572 572 0 0 0 0 0 0 0 0 0 0 0 0 0 0 0 0 0 0 0 0 0 0 0 0 0 0 0 0 0 0 0 0 0 0 0 0 0 0 0 0 0 0 0 0 0 0 0 0 0 0 0 0 0 0 0 0 0 0 0 0 0 0 0 0 0 0 0 0 0 0 0 0 0 0 0 0 0 0 0 0 0 0 0 0 0 0 0 0 0 0 0 0 0 0 0 0 0 0 0 0 0 0 0 0 0 0 0 0 0 0 0 0 0 604 604 606 0 606 606 606 607 609 608 608 607 607 608 609 609 610 610 610 610 610 610 612 612 612 612 612 613 614 614 614 614 614 615 616 616 618 618 618 618 619 619 619 619 619 619 619 620 621 622 622 622 622 622 623 623 624 625 625 627 627 627 627 627 627 627 625 625 625 628 629 629 629 629 629 629 629 629 629 630 630 630 630 630 630 630 631 631 632 632 632 634 634
0 0 0 0 0 0 0 0 0 0 0 0 0 0 0 0 0 0 0 0 0 0 0 559 558 558 559 559 560 560 560 560 560 561 561 561 561 561 560 559 559 560 561 561 562 562 563 564 564 565 565 565 564 564 564 565 566 566 565 563 563 565 565 566 566 566 566 567 566 566 566 567 567 568 568 568 569 569 569 569 569 569 569 569 570 571 571 571 570 570 570 570 571 571 571 572 572 573 574 574 572 572 573 573 574 574 574 574 575 0 0 0 0 0 0 0 0 0 0 0 0 0 0 0 0 0 0 0 0 0 0 0 0 0 0 0 0 0 0 0 0 0 0 0 0 0 0 0 0 0 0 0 0 0 0 0 0 0 0 0 0 0 0 0 0 0 0 0 0 0 0 0 0 0 0 0 0 0 0 0 0 0 0 0 0 0 0 0 0 0 0 0 0 0 0 0 0 0 0 0 0 0 0 0 0 0 0 0 0 0 0 0 0 0 0 0 0 0 0 0 0 0 0 0 0 0 0 0 0 0 0 0 606 606 607 609 609 609 609 609 609 609 610 610 609 609 610 610 610 613 613 613 613 613 613 614 614 615 615 615 616 618 618 618 619 619 619 619 620 620 620 620 620 620 621 621 622 622 623 623 623 624 624 625 625 625 627 627 628 628 628 628 628 628 628 628 629 629 629 629 629 629 629 630 630 630 630 630 630 630 631 631 632 632 632 632 634 634 634 634
0 0 0 0 0 0 0 0 0 0 0 0 0 0 0 0 0 0 0 0 0 0 0 559 559 559 559 560 561 561 562 560 560 561 562 561 561 561 561 561 561 562 563 563 563 564 564 564 565 565 565 565 563 563 564 566 567 567 565 565 565 565 565 567 568 568 568 568 568 568 568 568 568 568 569 570 570 570 570 570 570 570 571 571 572 572 572 572 575 574 574 574 574 573 572 572 572 573 574 574 575 575 575 575 575 575 575 575 575 0 0 0 0 0 0 0 0 0 0 0 0 0 0 0 0 0 0 0 0 0 0 0 0 0 0 0 0 0 0 0 0 0 0 0 0 0 0 0 0 0 0 0 0 0 0 0 0 0 0 0 0 0 0 0 0 0 0 0 0 0 0 0 0 0 0 0 0 0 0 0 0 0 0 0 0 0 0 0 0 0 0 0 0 0 0 0 0 0 0 0 0 0 0 0 0 0 0 0 0 0 0 0 0 0 0 0 0 0 0 0 0 0 0 0 0 0 0 0 0 0 0 0 0 0 0 0 0 0 0 0 0 610 610 610 609 609 611 610 610 613 614 614 613 613 613 614 615 615 616 616 618 618 619 619 620 620 620 620 620 620 621 621 621 622 622 622 623 623 623 624 624 625 627 625 625 627 628 628 628 628 628 629 629 629 629 629 629 630 630 631 631 631 631 631 631 632 632 631 631 631 632 632 632 634 634 634 634 634 634 635
0 0 0 0 0 0 0 0 0 0 0 0 0 0 0 0 0 0 0 0 0 0 0 559 559 559 560 560 562 562 562 562 562 561 561 562 562 561 561 562 562 563 564 564 565 565 565 565 565 565 565 564 563 563 564 566 567 567 565 565 565 565 565 567 567 567 567 567 569 569 569 568 568 569 569 570 571 571 571 570 570 571 571 571 572 572 572 573 575 576 574 574 573 573 573 573 573 574 575 575 575 575 575 575 575 576 576 576 576 0 0 0 0 0 0 0 0 0 0 0 0 0 0 0 0 0 0 0 0 0 0 0 0 0 0 0 0 0 0 0 0 0 0 0 0 0 0 0 0 0 0 0 0 0 0 0 0 0 0 0 0 0 0 0 0 0 0 0 0 0 0 0 0 0 0 0 0 0 0 0 0 0 0 0 0 0 0 0 0 0 0 0 0 0 0 0 0 0 0 0 0 0 0 0 0 0 0 0 0 0 0 0 0 0 0 0 0 0 0 0 0 0 0 0 0 0 0 0 0 0 0 0 0 0 0 0 0 0 0 0 0 0 0 0 0 0 0 0 0 0 0 0 0 613 613 614 615 616 618 618 618 619 619 619 621 621 621 621 621 621 622 622 622 623 623 623 623 624 624 625 625 625 627 627 627 627 628 628 629 629 630 631 630 630 630 630 630 631 631 632 632 632 632 632 632 632 632 632 632 632 634 634 634 634 634 635 635 635 636 636
0 0 0 0 0 0 0 0 0 0 0 0 0 0 0 0 0 0 0 0 0 0 0 559 559 559 560 560 563 563 563 563 563 561 561 562 562 562 562 563 563 563 564 564 565 565 565 565 565 565 565 564 563 563 564 566 566 566 566 566 565 565 566 568 567 567 567 567 569 570 570 569 569 569 571 571 572 572 572 571 571 571 571 571 572 572 572 573 575 575 574 574 573 573 574 574 574 575 575 575 576 576 576 576 576 576 576 576 0 0 0 0 0 0 0 0 0 0 0 0 0 0 0 0 0 0 0 0 0 0 0 0 0 0 0 0 0 0 0 0 0 0 0 0 0 0 0 0 0 0 0 0 0 0 0 0 0 0 0 0 0 0 0 0 0 0 0 0 0 0 0 0 0 0 0 0 0 0 0 0 0 0 0 0 0 0 0 0 0 0 0 0 0 0 0 0 0 0 0 0 0 0 0 0 0 0 0 0 0 0 0 0 0 0 0 0 0 0 0 0 0 0 0 0 0 0 0 0 0 0 0 0 0 0 0 0 0 0 0 0 0 0 0 0 0 0 0 0 0 0 0 0 0 0 616 616 616 618 618 618 619 619 620 620 622 622 622 622 621 621 622 622 622 623 623 624 624 625 625 625 625 627 627 627 627 628 629 629 629 629 630 631 631 631 632 632 632 632 632 634 632 632 632 632 634 634 634 634 635 635 635 635 635 635 635 635 635 636 636 636
0 0 0 0 0 0 0 0 0 0 0 0 0 0 0 0 0 0 0 0 0 0 0 561 560 560 563 563 563 563 563 563 564 561 561 562 562 562 562 563 563 563 565 565 565 566 566 566 565 565 565 565 564 564 564 566 566 566 566 566 566 566 566 570 568 568 567 567 569 571 571 572 571 571 572 572 572 572 572 572 572 572 572 572 573 573 573 574 575 575 575 575 575 575 575 575 575 575 575 575 576 576 577 577 577 577 576 576 0 0 0 0 0 0 0 0 0 0 0 0 0 0 0 0 0 0 0 0 0 0 0 0 0 0 0 0 0 0 0 0 0 0 0 0 0 0 0 0 0 0 0 0 0 0 0 0 0 0 0 0 0 0 0 0 0 0 0 0 0 0 0 0 0 0 0 0 0 0 0 0 0 0 0 0 0 0 0 0 0 0 0 0 0 0 0 0 0 0 0 0 0 0 0 0 0 0 0 0 0 0 0 0 0 0 0 0 0 0 0 0 0 0 0 0 0 0 0 0 0 0 0 0 0 0 0 0 0 0 0 0 0 0 0 0 0 0 0 0 0 0 0 0 0 0 616 616 616 618 619 619 619 620 620 621 622 622 622 622 622 622 622 623 623 623 624 624 625 625 625 627 627 627 628 628 628 629 629 629 629 630 631 631 631 631 632 632 632 634 634 634 634 634 634 634 634 634 634 635 635 635 635 636 636 636 636 636 636 637 637 638
0 0 0 0 0 0 0 0 0 0 0 0 0 0 0 0 0 0 0 0 0 0 0 562 561 561 563 563 563 563 563 564 564 563 563 563 563 564 564 564 564 564 565 565 565 566 567 567 566 566 565 565 565 565 565 568 568 568 568 568 567 567 572 572 570 568 568 568 570 572 572 572 572 572 573 573 573 574 574 574 575 575 574 574 574 574 574 574 574 575 575 575 575 575 576 576 576 576 576 576 577 577 577 577 577 577 577 577 0 0 0 0 0 0 0 0 0 0 0 0 0 0 0 0 0 0 0 0 0 0 0 0 0 0 0 0 0 0 0 0 0 0 0 0 0 0 0 0 0 0 0 0 0 0 0 0 0 0 0 0 0 0 0 0 0 0 0 0 0 0 0 0 0 0 0 0 0 0 0 0 0 0 0 0 0 0 0 0 0 0 0 0 0 0 0 0 0 0 0 0 0 0 0 0 0 0 0 0 0 0 0 0 0 0 0 0 0 0 0 0 0 0 0 0 0 0 0 0 0 0 0 0 0 0 0 0 0 0 0 0 0 0 0 0 0 0 0 0 0 0 0 0 0 619 618 618 618 619 619 619 620 622 622 622 622 622 622 622 622 623 623 623 623 624 624 625 627 627 627 627 628 628 628 629 629 629 630 630 630 632 632 632 632 632 634 634 634 634 634 634 634 634 634 635 635 635 635 635 636 636 636 636 637 638 640 640 638 638 638 638
0 0 0 0 0 0 0 0 0 0 0 0 0 0 0 0 0 0 0 0 0 0 0 562 562 562 563 563 563 563 563 564 564 564 564 563 563 564 564 565 564 564 565 565 565 566 567 568 567 567 566 566 566 567 567 568 568 570 571 571 570 570 570 570 570 570 570 569 569 571 571 572 572 572 574 574 574 574 574 574 575 576 574 574 575 574 574 574 574 575 575 575 575 576 576 576 576 576 576 576 577 578 578 578 578 577 577 577 0 0 0 0 0 0 0 0 0 0 0 0 0 0 0 0 0 0 0 0 0 0 0 0 0 0 0 0 0 0 0 0 0 0 0 0 0 0 0 0 0 0 0 0 0 0 0 0 0 0 0 0 0 0 0 0 0 0 0 0 0 0 0 0 0 0 0 0 0 0 0 0 0 0 0 0 0 0 0 0 0 0 0 0 0 0 0 0 0 0 0 0 0 0 0 0 0 0 0 0 0 0 0 0 0 0 0 0 0 0 0 0 0 0 0 0 0 0 0 0 0 0 0 0 0 0 0 0 0 0 0 0 0 0 0 0 0 0 0 0 0 0 0 0 0 619 619 619 619 619 620 620 621 622 622 622 623 623 623 623 623 623 623 624 624 625 625 627 628 628 628 628 628 629 629 629 630 630 632 632 632 632 632 632 632 632 634 634 634 634 634 636 636 636 636 636 636 636 636 637 637 637 637 637 638 638 640 641 640 640 640 640
0 0 0 0 0 0 0 0 0 0 0 0 0 0 0 0 0 0 0 0 0 0 0 563 563 563 563 563 563 564 565 565 565 564 564 564 564 564 564 565 564 564 565 565 565 566 567 569 569 569 568 567 567 569 569 570 570 570 571 571 571 571 570 570 570 571 571 569 569 571 571 571 571 572 574 574 575 575 575 575 575 575 575 576 575 575 575 575 575 576 576 577 577 578 576 576 577 577 577 578 579 579 579 579 579 577 577 578 0 0 0 0 0 0 0 0 0 0 0 0 0 0 0 0 0 0 0 0 0 0 0 0 0 0 0 0 0 0 0 0 0 0 0 0 0 0 0 0 0 0 0 0 0 0 0 0 0 0 0 0 0 0 0 0 0 0 0 0 0 0 0 0 0 0 0 0 0 0 0 0 0 0 0 0 0 0 0 0 0 0 0 0 0 0 0 0 0 0 0 0 0 0 0 0 0 0 0 0 0 0 0 0 0 0 0 0 0 0 0 0 0 0 0 0 0 0 0 0 0 0 0 0 0 0 0 0 0 0 0 0 0 0 0 0 0 0 0 0 0 0 0 0 0 620 620 620 620 620 621 621 622 622 623 623 623 623 623 623 623 623 624 625 625 627 627 628 628 628 628 629 629 629 630 630 630 631 632 634 634 634 634 634 635 635 635 635 635 636 637 637 637 637 636 636 636 636 636 638 638 638 638 638 638 638 640 641 641 641 641 641
0 0 0 0 0 0 0 0 0 0 0 0 0 0 0 0 0 0 0 0 0 0 0 563 563 564 563 563 565 565 565 565 565 564 564 564 567 566 566 566 566 566 566 566 566 567 567 569 569 568 568 568 568 569 570 571 571 570 570 571 571 571 572 572 572 571 571 570 570 572 571 571 571 572 574 574 575 575 575 575 576 575 575 576 576 576 576 576 576 576 577 578 578 579 577 577 577 577 577 579 579 579 580 580 580 579 579 579 0 0 0 0 0 0 0 0 0 0 0 0 0 0 0 0 0 0 0 0 0 0 0 0 0 0 0 0 0 0 0 0 0 0 0 0 0 0 0 0 0 0 0 0 0 0 0 0 0 0 0 0 0 0 0 0 0 0 0 0 0 0 0 0 0 0 0 0 0 0 0 0 0 0 0 0 0 0 0 0 0 0 0 0 0 0 0 0 0 0 0 0 0 0 0 0 0 0 0 0 0 0 0 0 0 0 0 0 0 0 0 0 0 0 0 0 0 0 0 0 0 0 0 0 0 0 0 0 0 0 0 0 0 0 0 0 0 0 0 0 0 0 0 0 0 620 620 621 621 621 622 622 622 622 623 623 624 624 625 625 625 625 625 625 627 627 627 628 629 629 629 629 629 630 631 631 631 631 632 634 634 634 635 635 636 636 636 636 636 637 637 638 638 638 638 637 637 637 638 640 638 638 638 638 638 638 640 641 642 642 643 643
0 0 0 0 0 0 0 0 0 0 0 0 0 0 0 0 0 0 0 0 0 0 0 564 564 564 564 565 565 565 565 565 565 564 564 564 567 567 567 567 566 566 566 566 566 567 567 569 569 568 568 568 568 569 570 571 571 570 570 571 572 572 572 572 572 571 571 571 571 572 572 571 571 572 573 574 575 575 575 576 576 576 576 577 577 578 577 577 577 577 578 578 578 579 578 578 579 579 579 579 579 580 580 580 581 580 580 580 0 0 0 0 0 0 0 0 0 0 0 0 0 0 0 0 0 0 0 0 0 0 0 0 0 0 0 0 0 0 0 0 0 0 0 0 0 0 0 0 0 0 0 0 0 0 0 0 0 0 0 0 0 0 0 0 0 0 0 0 0 0 0 0 0 0 0 0 0 0 0 0 0 0 0 0 0 0 0 0 0 0 0 0 0 0 0 0 0 0 0 0 0 0 0 0 0 0 0 0 0 0 0 0 0 0 0 0 0 0 0 0 0 0 0 0 0 0 0 0 0 0 0 0 0 0 0 0 0 0 0 0 0 0 0 0 0 0 0 0 0 0 0 0 0 621 621 622 622 622 622 622 623 623 623 623 624 625 625 627 627 628 628 628 629 629 629 630 630 630 631 631 631 631 632 632 632 632 634 634 634 635 636 636 636 636 637 637 638 638 638 638 638 638 638 638 640 640 640 641 640 640 638 638 638 638 640 642 642 643 643 643
0 0 0 0 0 0 0 0 0 0 0 0 0 0 0 0 0 0 0 0 0 0 0 565 565 565 565 565 565 565 565 565 566 565 565 565 567 567 567 567 566 566 567 567 567 568 569 570 569 569 569 569 569 570 568 568 571 571 571 572 572 573 573 573 573 572 572 572 575 575 575 575 572 572 573 574 575 575 575 576 576 576 576 578 578 579 578 578 579 579 579 579 579 579 578 578 579 579 579 579 579 580 580 580 581 581 581 581 0 0 0 0 0 0 0 0 0 0 0 0 0 0 0 0 0 0 0 0 0 0 0 0 0 0 0 0 0 0 0 0 0 0 0 0 0 0 0 0 0 0 0 0 0 0 0 0 0 0 0 0 0 0 0 0 0 0 0 0 0 0 0 0 0 0 0 0 0 0 0 0 0 0 0 0 0 0 0 0 0 0 0 0 0 0 0 0 0 0 0 0 0 0 0 0 0 0 0 0 0 0 0 0 0 0 0 0 0 0 0 0 0 0 0 0 0 0 0 0 0 0 0 0 0 0 0 0 0 0 0 0 0 0 0 0 0 0 0 0 0 0 0 0 0 622 622 622 622 623 623 624 625 625 625 625 627 627 628 628 628 628 628 629 629 630 630 630 630 631 632 631 631 632 632 632 634 634 635 635 635 636 636 637 637 637 638 638 638 638 638 638 638 640 640 641 641 641 642 642 641 641 641 642 643 641 641 642 643 643 643 643
0 0 0 0 0 0 0 0 0 0 0 0 0 0 0 0 0 0 0 0 0 0 0 566 566 566 566 566 565 565 567 567 568 568 568 569 568 568 569 569 568 568 568 567 567 569 570 570 570 569 569 569 569 570 568 568 572 574 574 573 573 573 573 573 573 576 576 575 575 575 575 576 576 576 575 575 576 576 576 576 576 577 578 577 577 579 579 579 579 580 580 580 580 579 579 579 580 579 579 579 579 580 580 580 581 581 581 0 0 0 0 0 0 0 0 0 0 0 0 0 0 0 0 0 0 0 0 0 0 0 0 0 0 0 0 0 0 0 0 0 0 0 0 0 0 0 0 0 0 0 0 0 0 0 0 0 0 0 0 0 0 0 0 0 0 0 0 0 0 0 0 0 0 0 0 0 0 0 0 0 0 0 0 0 0 0 0 0 0 0 0 0 0 0 0 0 0 0 0 0 0 0 0 0 0 0 0 0 0 0 0 0 0 0 0 0 0 0 0 0 0 0 0 0 0 0 0 0 0 0 0 0 0 0 0 0 0 0 0 0 0 0 0 0 0 0 0 0 0 0 0 0 0 623 623 623 623 624 624 625 627 627 627 627 627 628 628 628 628 628 628 629 630 630 630 631 631 631 632 634 634 634 634 634 635 635 636 636 637 637 637 637 637 638 638 638 640 640 640 640 640 641 641 642 642 642 642 643 643 643 643 643 643 643 643 643 644 644 644 644
0 0 0 0 0 0 0 0 0 0 0 0 0 0 0 0 0 0 0 0 0 0 0 567 567 567 567 567 567 567 568 568 568 569 569 569 568 568 569 569 569 569 569 569 569 570 570 571 572 572 572 573 572 572 571 571 574 573 573 574 573 573 574 576 576 576 576 575 575 575 575 576 576 576 575 575 576 576 576 577 577 578 578 577 577 579 579 579 580 580 580 580 580 579 579 580 580 579 579 580 580 580 580 580 581 581 0 0 0 0 0 0 0 0 0 0 0 0 0 0 0 0 0 0 0 0 0 0 0 0 0 0 0 0 0 0 0 0 0 0 0 0 0 0 0 0 0 0 0 0 0 0 0 0 0 0 0 0 0 0 0 0 0 0 0 0 0 0 0 0 0 0 0 0 0 0 0 0 0 0 0 0 0 0 0 0 0 0 0 0 0 0 0 0 0 0 0 0 0 0 0 0 0 0 0 0 0 0 0 0 0 0 0 0 0 0 0 0 0 0 0 0 0 0 0 0 0 0 0 0 0 0 0 0 0 0 0 0 0 0 0 0 0 0 0 0 0 0 0 0 0 0 625 625 625 624 624 624 627 627 627 627 627 628 628 628 629 629 629 630 630 630 631 631 631 631 631 632 634 635 635 635 635 635 635 635 636 637 637 638 638 638 638 638 638 638 640 640 640 641 641 642 642 642 642 642 643 643 643 644 646 646 646 646 644 644 644 644 644 646
0 0 0 0 0 0 0 0 0 0 0 0 0 0 0 0 0 0 0 0 0 0 0 568 568 568 568 568 567 567 568 569 569 570 570 570 570 570 569 569 570 571 571 570 570 570 570 571 573 573 573 573 573 574 574 574 574 573 573 574 574 574 576 576 576 576 576 576 576 576 579 579 579 579 578 577 576 576 577 578 579 579 579 579 579 579 582 582 582 582 582 582 581 580 580 580 580 580 581 582 581 581 581 581 581 582 0 0 0 0 0 0 0 0 0 0 0 0 0 0 0 0 0 0 0 0 0 0 0 0 0 0 0 0 0 0 0 0 0 0 0 0 0 0 0 0 0 0 0 0 0 0 0 0 0 0 0 0 0 0 0 0 0 0 0 0 0 0 0 0 0 0 0 0 0 0 0 0 0 0 0 0 0 0 0 0 0 0 0 0 0 0 0 0 0 0 0 0 0 0 0 0 0 0 0 0 0 0 0 0 0 0 0 0 0 0 0 0 0 0 0 0 0 0 0 0 0 0 0 0 0 0 0 0 0 0 0 0 0 0 0 0 0 0 0 0 0 0 0 0 0 0 625 625 627 627 627 627 628 628 628 628 628 628 628 629 629 629 630 630 630 630 631 631 631 632 632 632 635 635 636 636 636 636 636 636 638 638 640 640 640 640 640 640 640 642 642 642 642 642 642 642 642 643 643 643 643 644 646 646 646 647 647 647 647 646 646 647 647 647
0 0 0 0 0 0 0 0 0 0 0 0 0 0 0 0 0 0 0 0 0 0 0 569 569 569 569 569 569 570 570 569 569 570 570 570 570 571 570 570 571 571 571 571 571 571 571 572 573 574 574 574 574 574 574 575 575 574 574 574 574 575 576 576 576 576 577 577 578 579 579 579 579 579 579 580 580 580 580 579 579 579 579 579 579 579 582 582 582 582 582 582 582 582 583 583 583 583 583 583 583 583 583 583 583 584 587 587 0 0 0 0 0 0 0 0 0 0 0 0 0 0 0 0 0 0 0 0 0 0 0 0 0 0 0 0 0 0 0 0 0 0 0 0 0 0 0 0 0 0 0 0 0 0 0 0 0 0 0 0 0 0 0 0 0 0 0 0 0 0 0 0 0 0 0 0 0 0 0 0 0 0 0 0 0 0 0 0 0 0 0 0 0 0 0 0 0 0 0 0 0 0 0 0 0 0 0 0 0 0 0 0 0 0 0 0 0 0 0 0 0 0 0 0 0 0 0 0 0 0 0 0 0 0 0 0 0 0 0 0 0 0 0 0 0 0 0 0 0 0 0 0 625 625 627 627 627 627 628 628 628 628 628 629 629 630 630 630 630 631 631 631 631 631 632 632 632 634 636 636 636 636 637 637 637 637 638 640 641 641 641 641 641 642 642 642 642 642 643 643 643 643 643 643 644 644 644 646 647 647 647 647 647 647 647 647 647 647 647 647
0 0 0 0 0 0 0 0 0 0 0 0 0 0 0 0 0 0 0 0 0 0 0 570 569 569 569 569 569 571 571 570 570 570 570 571 571 571 570 570 571 572 572 572 572 572 572 573 573 574 574 574 574 574 575 576 576 574 574 575 575 575 576 576 578 578 578 578 578 579 579 579 579 579 579 579 579 580 580 580 580 580 580 582 580 580 582 582 582 582 582 583 583 583 583 583 584 583 583 584 584 584 584 584 584 584 586 586 586 0 0 0 0 0 0 0 0 0 0 0 0 0 0 0 0 0 0 0 0 0 0 0 0 0 0 0 0 0 0 0 0 0 0 0 0 0 0 0 0 0 0 0 0 0 0 0 0 0 0 0 0 0 0 0 0 0 0 0 0 0 0 0 0 0 0 0 0 0 0 0 0 0 0 0 0 0 0 0 0 0 0 0 0 0 0 0 0 0 0 0 0 0 0 0 0 0 0 0 0 0 0 0 0 0 0 0 0 0 0 0 0 0 0 0 0 0 0 0 0 0 0 0 0 0 0 0 0 0 0 0 0 0 0 0 0 0 0 0 0 0 0 627 627 627 627 627 627 627 628 629 629 630 630 630 630 631 631 631 631 632 632 632 632 632 634 634 635 636 636 636 636 636 637 637 637 637 640 641 641 642 642 642 642 642 642 643 643 643 644 644 644 644 644 644 644 644 644 647 647 647 647 647 647 648 647 647 648 648 648 648
0 0 0 0 0 0 0 0 0 0 0 0 0 0 0 0 0 0 0 0 0 0 0 570 569 569 569 570 570 571 571 571 571 571 572 573 573 573 572 572 572 572 573 573 573 572 572 573 573 574 574 575 575 575 576 577 577 575 575 575 575 575 577 577 577 578 578 578 578 582 579 579 579 579 579 581 0 580 580 580 580 580 580 583 582 582 582 582 582 582 582 582 583 583 584 584 584 584 584 584 584 584 584 584 585 585 586 586 586 587 0 0 0 0 0 0 0 0 0 0 0 0 0 0 0 0 0 0 0 0 0 0 0 0 0 0 0 0 0 0 0 0 0 0 0 0 0 0 0 0 0 0 0 0 0 0 0 0 0 0 0 0 0 0 0 0 0 0 0 0 0 0 0 0 0 0 0 0 0 0 0 0 0 0 0 0 0 0 0 0 0 0 0 0 0 0 0 0 0 0 0 0 0 0 0 0 0 0 0 0 0 0 0 0 0 0 0 0 0 0 0 0 0 0 0 0 0 0 0 0 0 0 0 0 0 0 0 0 0 0 0 0 0 0 0 0 0 0 0 0 0 627 627 628 628 628 628 628 628 629 630 630 631 631 632 632 632 631 631 632 632 632 634 634 634 635 636 636 636 637 637 637 637 638 638 638 641 641 642 642 642 642 642 643 643 644 646 647 647 647 646 646 646 646 646 646 647 647 647 648 648 648 648 648 648 649 650 649 649 650
0 0 0 0 0 0 0 0 0 0 0 0 0 0 0 0 0 0 0 0 0 0 0 570 569 569 570 570 570 571 571 571 572 572 572 573 573 573 572 572 572 572 574 573 573 573 573 573 574 574 574 577 577 577 577 578 579 575 575 576 576 576 577 577 577 579 579 580 580 580 580 580 580 580 581 0 583 581 581 581 581 581 581 583 583 583 583 583 582 582 582 582 583 583 583 584 585 584 584 585 585 585 585 586 586 586 587 586 586 587 0 0 0 0 0 0 0 0 0 0 0 0 0 0 0 0 0 0 0 0 0 0 0 0 0 0 0 0 0 0 0 0 0 0 0 0 0 0 0 0 0 0 0 0 0 0 0 0 0 0 0 0 0 0 0 0 0 0 0 0 0 0 0 0 0 0 0 0 0 0 0 0 0 0 0 0 0 0 0 0 0 0 0 0 0 0 0 0 0 0 0 0 0 0 0 0 0 0 0 0 0 0 0 0 0 0 0 0 0 0 0 0 0 0 0 0 0 0 0 0 0 0 0 0 0 0 0 0 0 0 0 0 0 0 0 0 0 0 0 0 0 0 628 628 628 629 629 629 629 630 631 631 631 632 632 634 634 632 632 634 635 635 635 636 636 636 636 636 637 637 637 637 638 638 638 640 642 642 642 643 643 643 643 644 646 646 646 647 647 647 647 647 647 647 647 647 647 648 648 649 648 648 648 648 649 650 652 649 649 650
0 0 0 0 0 0 0 0 0 0 0 0 0 0 0 0 0 0 0 0 0 0 0 571 571 570 570 571 571 571 571 571 573 574 574 574 573 573 573 573 573 573 574 573 573 573 573 573 574 574 574 578 578 579 580 580 580 578 578 577 577 579 579 578 578 579 579 579 580 580 580 580 580 581 581 582 583 583 582 582 582 582 582 583 583 583 583 583 582 582 582 583 583 583 583 584 585 586 586 586 587 586 586 587 587 587 587 587 587 588 0 0 0 0 0 0 0 0 0 0 0 0 0 0 0 0 0 0 0 0 0 0 0 0 0 0 0 0 0 0 0 0 0 0 0 0 0 0 0 0 0 0 0 0 0 0 0 0 0 0 0 0 0 0 0 0 0 0 0 0 0 0 0 0 0 0 0 0 0 0 0 0 0 0 0 0 0 0 0 0 0 0 0 0 0 0 0 0 0 0 0 0 0 0 0 0 0 0 0 0 0 0 0 0 0 0 0 0 0 0 0 0 0 0 0 0 0 0 0 0 0 0 0 0 0 0 0 0 0 0 0 0 0 0 0 0 0 0 0 0 0 0 630 629 629 630 630 630 630 631 631 631 632 632 634 635 635 635 635 635 636 636 636 636 636 636 637 637 637 637 638 638 638 640 640 641 642 642 643 643 643 643 643 646 647 647 647 647 647 647 647 647 647 648 648 648 648 649 649 650 650 649 649 649 650 652 652 650 650 650
0 0 0 0 0 0 0 0 0 0 0 0 0 0 0 0 0 0 0 0 0 0 0 571 571 570 570 573 571 571 571 571 574 574 574 574 573 573 574 574 575 575 575 573 573 573 573 574 575 576 577 578 578 579 579 579 580 579 579 577 577 580 579 578 578 579 579 579 580 580 580 580 580 581 582 582 582 582 582 582 582 583 583 584 584 584 584 584 582 582 585 586 586 586 587 587 587 587 587 587 587 587 587 587 588 588 588 587 587 588 0 0 0 0 0 0 0 0 0 0 0 0 0 0 0 0 0 0 0 0 0 0 0 0 0 0 0 0 0 0 0 0 0 0 0 0 0 0 0 0 0 0 0 0 0 0 0 0 0 0 0 0 0 0 0 0 0 0 0 0 0 0 0 0 0 0 0 0 0 0 0 0 0 0 0 0 0 0 0 0 0 0 0 0 0 0 0 0 0 0 0 0 0 0 0 0 0 0 0 0 0 0 0 0 0 0 0 0 0 0 0 0 0 0 0 0 0 0 0 0 0 0 0 0 0 0 0 0 0 0 0 0 0 0 0 0 0 0 0 0 0 0 632 630 630 630 630 630 631 632 632 632 632 632 635 635 635 636 636 636 636 636 636 637 637 637 638 638 640 640 640 641 641 641 641 642 643 643 644 644 644 644 644 646 647 647 648 648 648 648 648 649 649 649 649 649 649 650 650 650 650 650 650 650 650 652 652 652 652 652
0 0 0 0 0 0 0 0 0 0 0 0 0 0 0 0 0 0 0 0 0 0 0 571 571 570 570 573 572 572 573 573 575 575 575 575 574 574 575 575 575 575 575 575 575 575 575 576 576 577 577 578 578 579 579 579 580 580 580 582 580 580 580 580 580 580 581 581 579 579 581 582 582 582 582 582 582 582 582 583 583 584 584 584 584 585 586 586 584 584 585 588 588 588 587 587 587 587 588 587 587 588 588 588 588 588 588 587 587 0 0 0 0 0 0 0 0 0 0 0 0 0 0 0 0 0 0 0 0 0 0 0 0 0 0 0 0 0 0 0 0 0 0 0 0 0 0 0 0 0 0 0 0 0 0 0 0 0 0 0 0 0 0 0 0 0 0 0 0 0 0 0 0 0 0 0 0 0 0 0 0 0 0 0 0 0 0 0 0 0 0 0 0 0 0 0 0 0 0 0 0 0 0 0 0 0 0 0 0 0 0 0 0 0 0 0 0 0 0 0 0 0 0 0 0 0 0 0 0 0 0 0 0 0 0 0 0 0 0 0 0 0 0 0 0 0 0 0 0 0 0 632 632 631 631 631 631 631 632 632 632 634 634 634 635 635 636 636 636 636 637 637 637 637 638 638 638 640 640 641 641 641 641 642 642 642 643 643 644 644 646 646 646 647 648 648 648 648 648 649 649 650 650 650 650 650 652 652 652 650 650 652 652 650 650 652 652 653 653 653
0 0 0 0 0 0 0 0 0 0 0 0 0 0 0 0 0 0 0 0 0 0 0 573 573 571 571 573 572 572 573 574 575 576 576 576 575 575 575 575 575 576 576 576 575 575 577 577 578 577 577 578 578 579 579 580 580 581 580 580 580 580 581 581 581 581 583 583 579 579 581 582 583 583 583 582 582 583 583 584 585 585 586 585 585 586 587 587 586 586 587 589 589 588 588 588 588 588 588 588 589 589 589 589 590 591 591 590 590 0 0 0 0 0 0 0 0 0 0 0 0 0 0 0 0 0 0 0 0 0 0 0 0 0 0 0 0 0 0 0 0 0 0 0 0 0 0 0 0 0 0 0 0 0 0 0 0 0 0 0 0 0 0 0 0 0 0 0 0 0 0 0 0 0 0 0 0 0 0 0 0 0 0 0 0 0 0 0 0 0 0 0 0 0 0 0 0 0 0 0 0 0 0 0 0 0 0 0 0 0 0 0 0 0 0 0 0 0 0 0 0 0 0 0 0 0 0 0 0 0 0 0 0 0 0 0 0 0 0 0 0 0 0 0 0 0 0 0 0 0 0 631 631 632 632 632 632 632 632 634 634 635 635 636 636 636 636 636 637 637 637 637 638 638 640 640 640 641 641 641 641 642 642 643 643 643 644 644 646 646 647 647 647 647 648 648 648 648 649 650 650 652 652 652 652 652 652 652 652 652 653 652 652 652 652 652 652 653 654 653
0 0 0 0 0 0 0 0 0 0 0 0 0 0 0 0 0 0 0 0 0 0 0 573 573 572 572 573 573 573 574 574 575 575 576 576 575 575 576 576 576 578 578 578 575 575 578 578 579 578 578 578 578 579 579 580 580 581 580 580 580 580 579 579 582 583 583 583 582 582 582 583 583 583 583 583 583 584 584 585 585 586 586 587 587 588 588 588 587 587 588 589 589 588 588 588 588 588 588 589 589 590 589 589 591 591 591 591 591 0 0 0 0 0 0 0 0 0 0 0 0 0 0 0 0 0 0 0 0 0 0 0 0 0 0 0 0 0 0 0 0 0 0 0 0 0 0 0 0 0 0 0 0 0 0 0 0 0 0 0 0 0 0 0 0 0 0 0 0 0 0 0 0 0 0 0 0 0 0 0 0 0 0 0 0 0 0 0 0 0 0 0 0 0 0 0 0 0 0 0 0 0 0 0 0 0 0 0 0 0 0 0 0 0 0 0 0 0 0 0 0 0 0 0 0 0 0 0 0 0 0 0 0 0 0 0 0 0 0 0 0 0 0 0 0 0 0 0 0 0 0 631 631 632 632 632 632 632 634 634 634 635 636 636 637 637 637 637 637 637 638 640 640 640 640 641 641 641 641 642 642 642 643 644 644 644 646 646 647 647 647 648 648 648 648 648 649 649 649 650 650 652 652 652 653 653 652 652 652 652 653 652 652 652 652 652 652 653 655 657
0 0 0 0 0 0 0 0 0 0 0 0 0 0 0 0 0 0 0 0 0 0 0 574 574 573 573 574 573 573 575 575 575 575 576 576 575 575 575 576 576 578 578 578 575 575 576 579 579 579 579 580 579 579 579 580 581 581 581 581 580 580 579 579 582 583 583 583 583 583 583 584 584 584 584 584 584 584 585 585 585 585 585 587 587 588 589 589 588 588 589 589 589 589 588 588 588 589 589 589 589 590 590 590 592 592 592 591 591 592 0 0 0 0 0 0 0 0 0 0 0 0 0 0 0 0 0 0 0 0 0 0 0 0 0 0 0 0 0 0 0 0 0 0 0 0 0 0 0 0 0 0 0 0 0 0 0 0 0 0 0 0 0 0 0 0 0 0 0 0 0 0 0 0 0 0 0 0 0 0 0 0 0 0 0 0 0 0 0 0 0 0 0 0 0 0 0 0 0 0 0 0 0 0 0 0 0 0 0 0 0 0 0 0 0 0 0 0 0 0 0 0 0 0 0 0 0 0 0 0 0 0 0 0 0 0 0 0 0 0 0 0 0 0 0 0 0 0 0 0 0 0 632 632 632 632 634 634 635 635 635 636 636 637 638 637 637 637 638 638 640 640 641 641 641 641 641 641 642 642 642 643 644 646 646 646 647 647 648 648 648 648 648 649 649 649 650 650 650 650 650 652 652 652 653 653 653 653 654 655 655 655 653 652 652 652 653 654 657 658
0 0 0 0 0 0 0 0 0 0 0 0 0 0 0 0 0 0 0 0 0 0 0 575 575 575 575 575 574 574 575 575 575 575 575 576 575 575 575 576 577 578 578 578 576 576 576 580 580 580 580 580 580 579 579 580 580 581 582 582 582 582 584 584 584 584 583 583 583 584 584 585 585 586 585 585 586 587 587 585 585 585 585 588 588 588 589 589 589 589 589 589 589 589 591 589 589 589 589 590 590 590 590 590 591 591 592 592 592 592 0 0 0 0 0 0 0 0 0 0 0 0 0 0 0 0 0 0 0 0 0 0 0 0 0 0 0 0 0 0 0 0 0 0 0 0 0 0 0 0 0 0 0 0 0 0 0 0 0 0 0 0 0 0 0 0 0 0 0 0 0 0 0 0 0 0 0 0 0 0 0 0 0 0 0 0 0 0 0 0 0 0 0 0 0 0 0 0 0 0 0 0 0 0 0 0 0 0 0 0 0 0 0 0 0 0 0 0 0 0 0 0 0 0 0 0 0 0 0 0 0 0 0 0 0 0 0 0 0 0 0 0 0 0 0 0 0 0 0 0 0 0 632 632 632 634 635 635 636 636 636 636 637 638 638 638 638 638 640 641 641 641 642 642 642 642 642 642 642 643 643 644 646 647 647 647 648 648 648 648 648 649 649 650 650 652 650 650 652 652 652 652 653 653 653 653 653 654 654 655 657 657 655 653 653 654 655 657 657 658
0 0 0 0 0 0 0 0 0 0 0 0 0 0 0 0 0 0 0 0 0 0 0 577 577 576 576 575 575 576 575 575 575 575 575 576 576 577 577 578 578 579 579 579 579 577 577 581 581 581 581 581 581 580 580 580 580 581 582 582 0 582 582 0 0 584 584 583 583 585 586 586 586 586 586 586 587 588 588 587 587 587 587 588 589 589 590 590 590 590 591 591 591 591 591 589 589 589 590 591 591 591 590 590 591 591 592 592 592 0 0 0 0 0 0 0 0 0 0 0 0 0 0 0 0 0 0 0 0 0 0 0 0 0 0 0 0 0 0 0 0 0 0 0 0 0 0 0 0 0 0 0 0 0 0 0 0 0 0 0 0 0 0 0 0 0 0 0 0 0 0 0 0 0 0 0 0 0 0 0 0 0 0 0 0 0 0 0 0 0 0 0 0 0 0 0 0 0 0 0 0 0 0 0 0 0 0 0 0 0 0 0 0 0 0 0 0 0 0 0 0 0 0 0 0 0 0 0 0 0 0 0 0 0 0 0 0 0 0 0 0 0 0 0 0 0 0 0 0 0 0 0 634 634 634 635 636 636 637 637 637 637 638 640 640 640 640 640 641 641 641 641 642 642 643 643 643 643 643 643 644 646 647 647 647 647 648 648 648 649 649 649 650 652 652 652 652 652 652 652 652 653 653 653 654 654 654 654 654 657 658 658 657 657 657 657 658 658 658 659
0 0 0 0 0 0 0 0 0 0 0 0 0 0 0 0 0 0 0 0 0 0 0 578 578 577 577 578 579 577 576 576 575 575 576 577 578 579 579 579 579 580 581 581 581 581 581 582 581 581 582 581 581 582 581 581 581 582 583 583 583 0 0 0 583 583 583 584 584 585 586 586 586 586 587 587 587 588 588 587 587 587 587 589 589 589 589 589 590 590 591 591 591 591 591 591 591 591 591 592 592 592 592 592 592 593 593 593 593 0 0 0 0 0 0 0 0 0 0 0 0 0 0 0 0 0 0 0 0 0 0 0 0 0 0 0 0 0 0 0 0 0 0 0 0 0 0 0 0 0 0 0 0 0 0 0 0 0 0 0 0 0 0 0 0 0 0 0 0 0 0 0 0 0 0 0 0 0 0 0 0 0 0 0 0 0 0 0 0 0 0 0 0 0 0 0 0 0 0 0 0 0 0 0 0 0 0 0 0 0 0 0 0 0 0 0 0 0 0 0 0 0 0 0 0 0 0 0 0 0 0 0 0 0 0 0 0 0 0 0 0 0 0 0 0 0 0 0 0 0 0 635 635 635 635 636 636 636 637 637 637 638 640 640 640 640 641 641 642 642 642 642 643 643 643 643 643 643 644 644 646 646 647 647 647 647 648 649 649 650 650 650 650 652 652 653 653 653 653 653 654 655 655 657 657 657 657 657 658 658 658 658 658 657 657 658 658 658 658 659
0 0 0 0 0 0 0 0 0 0 0 0 0 0 0 0 0 0 0 0 0 0 0 577 577 578 578 578 579 578 577 577 576 576 577 579 579 579 579 579 580 580 581 581 581 581 581 582 582 582 583 582 582 582 582 582 583 583 584 585 585 0 0 0 583 583 583 584 586 586 586 587 587 587 588 588 588 588 588 589 589 590 590 591 591 590 589 589 590 590 591 592 592 592 592 592 592 593 593 593 592 592 592 593 593 594 594 594 594 0 0 0 0 0 0 0 0 0 0 0 0 0 0 0 0 0 0 0 0 0 0 0 0 0 0 0 0 0 0 0 0 0 0 0 0 0 0 0 0 0 0 0 0 0 0 0 0 0 0 0 0 0 0 0 0 0 0 0 0 0 0 0 0 0 0 0 0 0 0 0 0 0 0 0 0 0 0 0 0 0 0 0 0 0 0 0 0 0 0 0 0 0 0 0 0 0 0 0 0 0 0 0 0 0 0 0 0 0 0 0 0 0 0 0 0 0 0 0 0 0 0 0 0 0 0 0 0 0 0 0 0 0 0 0 0 0 0 0 0 0 632 632 635 636 636 637 636 636 637 637 638 640 641 641 641 641 641 641 642 642 643 643 644 644 644 646 646 646 646 647 647 648 648 648 648 648 649 652 652 652 652 652 652 653 653 654 654 655 654 654 655 655 655 657 658 658 658 659 659 659 659 659 659 658 658 658 658 658 659 661
0 0 0 0 0 0 0 0 0 0 0 0 0 0 0 0 0 0 0 0 0 0 0 577 577 578 578 578 579 578 578 578 577 577 579 581 581 581 581 581 581 580 580 581 581 581 582 582 582 582 583 582 582 582 582 583 583 583 585 585 585 0 0 586 0 0 585 585 585 585 585 587 587 588 589 588 588 588 590 590 590 591 591 591 591 591 590 590 591 591 592 592 592 592 592 593 593 593 593 593 593 593 593 593 593 594 594 595 595 0 0 0 0 0 0 0 0 0 0 0 0 0 0 0 0 0 0 0 0 0 0 0 0 0 0 0 0 0 0 0 0 0 0 0 0 0 0 0 0 0 0 0 0 0 0 0 0 0 0 0 0 0 0 0 0 0 0 0 0 0 0 0 0 0 0 0 0 0 0 0 0 0 0 0 0 0 0 0 0 0 0 0 0 0 0 0 0 0 0 0 0 0 0 0 0 0 0 0 0 0 0 0 0 0 0 0 0 0 0 0 0 0 0 0 0 0 0 0 0 0 0 0 0 0 0 0 0 0 0 0 0 0 0 0 0 0 0 0 0 0 632 632 635 636 637 637 637 637 637 638 640 641 641 641 641 642 642 643 643 644 644 644 646 646 646 646 647 647 647 647 648 649 648 648 648 648 650 652 653 653 653 653 653 653 654 655 655 657 655 655 655 657 657 658 658 659 659 661 661 661 661 661 661 661 661 659 659 661 661 662
0 0 0 0 0 0 0 0 0 0 0 0 0 0 0 0 0 0 0 0 0 0 0 578 578 579 579 579 580 578 578 578 579 579 580 581 581 582 582 582 581 580 580 582 582 582 582 582 582 582 583 583 583 582 582 583 585 585 585 585 0 590 0 0 586 586 585 585 585 585 585 585 589 589 590 588 588 592 592 590 590 591 591 591 591 591 591 591 591 591 592 592 592 594 594 594 594 593 592 592 594 594 595 595 595 595 595 595 595 0 0 0 0 0 0 0 0 0 0 0 0 0 0 0 0 0 0 0 0 0 0 0 0 0 0 0 0 0 0 0 0 0 0 0 0 0 0 0 0 0 0 0 0 0 0 0 0 0 0 0 0 0 0 0 0 0 0 0 0 0 0 0 0 0 0 0 0 0 0 0 0 0 0 0 0 0 0 0 0 0 0 0 0 0 0 0 0 0 0 0 0 0 0 0 0 0 0 0 0 0 0 0 0 0 0 0 0 0 0 0 0 0 0 0 0 0 0 0 0 0 0 0 0 0 0 0 0 0 0 0 0 0 0 0 0 0 0 0 0 0 632 632 636 638 640 640 640 641 641 641 642 642 641 641 641 643 643 643 643 644 644 646 646 646 646 647 647 647 648 648 649 650 650 650 650 650 652 653 653 653 653 653 653 654 654 655 657 657 657 657 657 658 658 658 659 659 659 661 661 661 661 661 661 661 662 661 661 661 661 662
0 0 0 0 0 0 0 0 0 0 0 0 0 0 0 0 0 0 0 0 0 0 0 578 578 579 579 579 580 580 581 580 580 581 581 582 582 582 583 583 583 581 581 582 582 583 583 583 584 584 584 583 583 582 582 584 587 588 588 590 0 590 590 589 586 586 586 587 587 588 588 588 589 590 590 590 590 592 593 593 592 591 591 591 591 591 592 592 593 593 593 593 593 594 594 595 595 594 592 592 594 594 595 596 595 595 596 596 0 0 0 0 0 0 0 0 0 0 0 0 0 0 0 0 0 0 0 0 0 0 0 0 0 0 0 0 0 0 0 0 0 0 0 0 0 0 0 0 0 0 0 0 0 0 0 0 0 0 0 0 0 0 0 0 0 0 0 0 0 0 0 0 0 0 0 0 0 0 0 0 0 0 0 0 0 0 0 0 0 0 0 0 0 0 0 0 0 0 0 0 0 0 0 0 0 0 0 0 0 0 0 0 0 0 0 0 0 0 0 0 0 0 0 0 0 0 0 0 0 0 0 0 0 0 0 0 0 0 0 0 0 0 0 0 0 0 0 0 0 0 636 636 637 640 641 641 641 642 642 642 642 642 642 642 642 644 644 644 644 644 646 646 646 646 646 647 648 648 648 649 650 650 650 652 652 652 653 654 654 654 654 655 655 655 655 657 657 658 658 658 658 658 659 661 661 661 661 661 661 661 661 661 662 662 662 662 662 662 662 662
0 0 0 0 0 0 0 0 0 0 0 0 0 0 0 0 0 0 0 0 0 0 0 578 578 579 579 579 580 580 581 582 582 582 582 582 582 580 579 579 586 581 581 585 585 583 583 583 584 584 584 583 583 584 584 584 585 588 588 590 590 588 588 588 588 588 588 591 591 588 588 588 589 589 592 592 592 592 593 593 592 592 591 591 592 593 593 594 595 594 594 594 594 594 595 595 595 595 595 595 595 596 596 596 596 596 598 598 0 0 0 0 0 0 0 0 0 0 0 0 0 0 0 0 0 0 0 0 0 0 0 0 0 0 0 0 0 0 0 0 0 0 0 0 0 0 0 0 0 0 0 0 0 0 0 0 0 0 0 0 0 0 0 0 0 0 0 0 0 0 0 0 0 0 0 0 0 0 0 0 0 0 0 0 0 0 0 0 0 0 0 0 0 0 0 0 0 0 0 0 0 0 0 0 0 0 0 0 0 0 0 0 0 0 0 0 0 0 0 0 0 0 0 0 0 0 0 0 0 0 0 0 0 0 0 0 0 0 0 0 0 0 0 0 0 0 0 0 0 0 636 636 637 641 642 642 642 642 642 642 643 642 642 642 646 644 644 644 644 646 647 647 647 647 647 648 649 649 650 650 650 650 652 652 652 653 654 655 655 655 655 657 657 657 657 658 658 658 658 658 658 659 661 662 662 662 662 662 662 662 662 663 662 662 663 663 663 663 663 663
0 0 0 0 0 0 0 0 0 0 0 0 0 0 0 0 0 0 0 0 0 0 0 580 580 581 580 580 581 581 583 582 582 583 583 582 582 579 579 579 584 581 581 585 585 585 585 585 586 586 586 584 584 584 584 584 585 588 588 589 589 588 587 587 588 588 589 589 590 588 588 588 588 593 593 592 592 593 593 593 593 593 592 592 593 593 594 594 594 595 595 594 594 595 595 595 596 597 597 596 596 596 596 596 596 596 598 598 599 600 0 0 0 0 0 0 0 0 0 0 0 0 0 0 0 0 0 0 0 0 0 0 0 0 0 0 0 0 0 0 0 0 0 0 0 0 0 0 0 0 0 0 0 0 0 0 0 0 0 0 0 0 0 0 0 0 0 0 0 0 0 0 0 0 0 0 0 0 0 0 0 0 0 0 0 0 0 0 0 0 0 0 0 0 0 0 0 0 0 0 0 0 0 0 0 0 0 0 0 0 0 0 0 0 0 0 0 0 0 0 0 0 0 0 0 0 0 0 0 0 0 0 0 0 0 0 0 0 0 0 0 0 0 0 0 0 0 0 0 0 638 638 638 641 642 642 642 643 643 643 643 644 644 644 646 646 646 646 646 646 647 647 648 648 648 649 650 650 650 652 652 652 652 652 652 653 655 657 657 657 657 657 657 657 657 658 659 659 659 661 661 661 662 662 663 663 662 662 662 662 662 663 663 663 663 663 663 664 664 664
0 0 0 0 0 0 0 0 0 0 0 0 0 0 0 0 0 0 0 0 0 0 0 581 581 581 582 583 582 582 583 583 583 583 584 582 582 579 579 579 584 585 585 585 585 585 585 586 586 586 586 585 585 584 584 585 586 588 588 589 589 589 587 587 588 588 589 589 589 588 588 588 0 593 593 593 593 593 593 592 592 595 595 595 595 595 595 594 594 595 595 595 595 595 595 596 596 597 597 597 597 596 596 597 597 598 599 599 599 600 0 0 0 0 0 0 0 0 0 0 0 0 0 0 0 0 0 0 0 0 0 0 0 0 0 0 0 0 0 0 0 0 0 0 0 0 0 0 0 0 0 0 0 0 0 0 0 0 0 0 0 0 0 0 0 0 0 0 0 0 0 0 0 0 0 0 0 0 0 0 0 0 0 0 0 0 0 0 0 0 0 0 0 0 0 0 0 0 0 0 0 0 0 0 0 0 0 0 0 0 0 0 0 0 0 0 0 0 0 0 0 0 0 0 0 0 0 0 0 0 0 0 0 0 0 0 0 0 0 0 0 0 0 0 0 0 0 0 0 0 638 638 641 642 642 642 643 643 644 644 646 646 646 646 646 646 646 647 647 647 647 648 649 650 650 650 650 650 652 652 652 652 653 653 653 654 657 657 657 657 658 658 658 658 658 659 661 661 661 661 662 662 663 663 663 663 663 663 663 663 663 663 663 663 664 664 664 666 666 666
0 0 0 0 0 0 0 0 0 0 0 0 0 0 0 0 0 0 0 0 0 0 0 583 583 583 585 585 584 584 584 583 583 584 585 584 584 584 584 584 585 585 585 585 585 585 585 586 586 587 587 587 587 586 586 587 588 588 588 588 588 588 588 588 588 588 588 588 589 591 591 594 594 593 593 593 594 594 593 592 592 595 596 596 595 595 596 595 595 596 595 595 596 595 595 596 597 598 598 598 599 599 599 599 600 600 600 599 599 600 0 0 0 0 0 0 0 0 0 0 0 0 0 0 0 0 0 0 0 0 0 0 0 0 0 0 0 0 0 0 0 0 0 0 0 0 0 0 0 0 0 0 0 0 0 0 0 0 0 0 0 0 0 0 0 0 0 0 0 0 0 0 0 0 0 0 0 0 0 0 0 0 0 0 0 0 0 0 0 0 0 0 0 0 0 0 0 0 0 0 0 0 0 0 0 0 0 0 0 0 0 0 0 0 0 0 0 0 0 0 0 0 0 0 0 0 0 0 0 0 0 0 0 0 0 0 0 0 0 0 0 0 0 0 0 0 0 0 0 0 642 642 642 642 643 643 643 644 646 646 646 646 646 646 646 647 647 647 648 648 649 649 650 652 652 652 652 652 652 652 652 653 653 653 653 654 657 657 657 658 659 659 659 659 659 661 662 662 662 662 662 663 663 663 663 664 664 663 663 663 663 664 664 664 666 666 666 666 666 667
0 0 0 0 0 0 0 0 0 0 0 0 0 0 0 0 0 0 0 0 0 0 0 584 584 585 585 585 585 583 583 583 583 584 585 585 585 585 584 584 585 585 585 585 585 585 585 586 587 587 587 587 587 586 586 588 588 588 588 588 588 588 588 588 588 588 588 588 589 591 591 594 594 594 594 594 594 594 593 593 593 595 596 596 596 596 596 596 596 596 596 596 596 596 596 597 597 598 599 600 600 599 599 599 600 600 600 600 600 600 0 0 0 0 0 0 0 0 0 0 0 0 0 0 0 0 0 0 0 0 0 0 0 0 0 0 0 0 0 0 0 0 0 0 0 0 0 0 0 0 0 0 0 0 0 0 0 0 0 0 0 0 0 0 0 0 0 0 0 0 0 0 0 0 0 0 0 0 0 0 0 0 0 0 0 0 0 0 0 0 0 0 0 0 0 0 0 0 0 0 0 0 0 0 0 0 0 0 0 0 0 0 0 0 0 0 0 0 0 0 0 0 0 0 0 0 0 0 0 0 0 0 0 0 0 0 0 0 0 0 0 0 0 0 0 0 0 0 0 0 642 642 643 643 643 644 644 646 646 646 647 647 647 646 646 647 647 648 649 649 650 650 650 652 652 652 652 652 652 652 653 653 653 654 654 655 658 658 658 658 659 661 659 659 661 662 662 662 663 663 663 663 663 663 664 666 666 664 663 663 663 666 666 667 667 666 666 667 667 667
0 0 0 0 0 0 0 0 0 0 0 0 0 0 0 0 0 0 0 0 0 0 0 585 585 585 585 585 586 583 583 583 585 586 586 586 586 586 584 584 585 586 587 586 586 586 586 587 587 587 588 588 587 587 587 588 588 589 588 588 589 589 591 591 591 591 595 592 592 593 594 594 594 594 594 594 595 595 595 595 595 595 595 595 597 597 597 597 597 597 597 597 596 596 597 598 599 599 600 600 600 599 599 599 602 602 601 600 600 600 0 0 0 0 0 0 0 0 0 0 0 0 0 0 0 0 0 0 0 0 0 0 0 0 0 0 0 0 0 0 0 0 0 0 0 0 0 0 0 0 0 0 0 0 0 0 0 0 0 0 0 0 0 0 0 0 0 0 0 0 0 0 0 0 0 0 0 0 0 0 0 0 0 0 0 0 0 0 0 0 0 0 0 0 0 0 0 0 0 0 0 0 0 0 0 0 0 0 0 0 0 0 0 0 0 0 0 0 0 0 0 0 0 0 0 0 0 0 0 0 0 0 0 0 0 0 0 0 0 0 0 0 0 0 0 0 0 0 0 0 642 642 644 644 644 646 646 647 647 647 647 647 647 647 647 648 648 650 649 649 652 652 652 652 653 653 653 653 653 653 653 654 654 655 657 657 658 658 659 659 661 661 661 662 662 662 663 663 664 664 663 663 664 664 666 667 667 667 666 666 666 666 666 667 667 667 667 667 667 668
0 0 0 0 0 0 0 0 0 0 0 0 0 0 0 0 0 0 0 0 0 0 0 585 584 584 585 585 586 587 587 587 587 587 587 587 586 586 585 585 586 587 587 587 587 586 586 587 587 587 589 589 588 588 588 588 588 591 591 590 590 591 591 593 593 594 595 594 594 594 594 595 595 595 595 595 595 595 595 595 597 597 597 597 597 598 598 598 598 597 596 596 596 596 597 599 601 600 600 600 600 600 600 601 601 602 602 602 601 601 0 0 0 0 0 0 0 0 0 0 0 0 0 0 0 0 0 0 0 0 0 0 0 0 0 0 0 0 0 0 0 0 0 0 0 0 0 0 0 0 0 0 0 0 0 0 0 0 0 0 0 0 0 0 0 0 0 0 0 0 0 0 0 0 0 0 0 0 0 0 0 0 0 0 0 0 0 0 0 0 0 0 0 0 0 0 0 0 0 0 0 0 0 0 0 0 0 0 0 0 0 0 0 0 0 0 0 0 0 0 0 0 0 0 0 0 0 0 0 0 0 0 0 0 0 0 0 0 0 0 0 0 0 0 0 0 0 0 632 632 641 642 644 646 646 646 647 648 648 647 647 647 648 648 649 650 650 650 650 652 652 652 652 652 654 654 654 654 654 654 655 655 655 657 657 657 659 661 661 661 661 661 661 662 662 663 663 664 666 666 666 666 666 666 667 667 667 668 667 667 667 666 666 667 668 668 668 668 668 670
0 0 0 0 0 0 0 0 0 0 0 0 0 0 0 0 0 0 0 0 0 0 587 585 584 584 585 585 586 587 587 587 587 589 588 588 587 587 586 586 587 589 587 587 587 587 587 587 588 588 588 589 590 590 589 589 593 592 592 590 590 591 592 593 594 595 595 594 594 594 595 595 596 596 596 596 596 596 596 596 597 597 597 597 597 599 599 598 598 597 596 596 597 597 599 599 601 600 600 601 600 600 600 601 601 602 602 602 601 601 0 0 0 0 0 0 0 0 0 0 0 0 0 0 0 0 0 0 0 0 0 0 0 0 0 0 0 0 0 0 0 0 0 0 0 0 0 0 0 0 0 0 0 0 0 0 0 0 0 0 0 0 0 0 0 0 0 0 0 0 0 0 0 0 0 0 0 0 0 0 0 0 0 0 0 0 0 0 0 0 0 0 0 0 0 0 0 0 0 0 0 0 0 0 0 0 0 0 0 0 0 0 0 0 0 0 0 0 0 0 0 0 0 0 0 0 0 0 0 0 0 0 0 0 0 0 0 0 0 0 0 0 0 0 0 0 0 635 632 632 641 642 644 646 646 647 648 648 649 649 649 649 649 650 650 650 650 652 652 652 652 652 653 653 654 654 655 655 655 655 657 657 657 657 658 659 661 662 662 662 662 662 662 663 663 663 664 664 666 666 666 667 667 667 667 668 668 668 667 667 668 667 667 667 668 668 670 671 671 671
0 0 0 0 0 0 0 0 0 0 0 0 0 0 0 0 0 0 0 0 0 0 587 587 586 585 585 586 587 587 587 587 587 589 589 589 588 588 589 589 589 588 587 587 587 590 590 589 588 588 588 589 590 590 590 591 593 592 592 591 591 592 592 593 594 595 595 595 595 595 596 596 596 596 596 596 596 596 596 597 598 597 597 597 599 599 599 599 599 599 599 599 600 600 600 600 600 600 600 600 601 601 601 602 602 603 603 604 603 603 0 0 0 0 0 0 0 0 0 0 0 0 0 0 0 0 0 0 0 0 0 0 0 0 0 0 0 0 0 0 0 0 0 0 0 0 0 0 0 0 0 0 0 0 0 0 0 0 0 0 0 0 0 0 0 0 0 0 0 0 0 0 0 0 0 0 0 0 0 0 0 0 0 0 0 0 0 0 0 0 0 0 0 0 0 0 0 0 0 0 0 0 0 0 0 0 0 0 0 0 0 0 0 0 0 0 0 0 0 0 0 0 0 0 0 0 0 0 0 0 0 0 0 0 0 0 0 0 0 0 0 0 0 0 0 0 0 635 634 634 646 646 646 646 647 647 649 649 649 649 649 650 650 650 652 652 652 652 652 654 654 654 655 655 655 655 655 655 655 657 657 657 658 659 659 661 662 662 662 662 663 663 663 663 663 664 664 667 667 667 667 667 668 668 668 668 670 670 667 667 668 668 668 668 670 671 671 672 672 672
0 0 0 0 0 0 0 0 0 0 0 0 0 0 0 0 0 0 0 0 0 0 587 587 588 587 587 587 587 587 587 587 588 589 589 589 589 589 589 589 589 587 587 587 588 590 590 589 589 588 588 589 590 590 590 591 594 593 593 592 592 592 592 593 594 594 595 595 595 596 596 596 596 596 597 596 596 596 596 597 598 598 598 598 599 599 599 599 599 599 599 599 600 600 600 600 600 600 600 600 601 601 602 602 602 603 603 603 603 603 0 0 0 0 0 0 0 0 0 0 0 0 0 0 0 0 0 0 0 0 0 0 0 0 0 0 0 0 0 0 0 0 0 0 0 0 0 0 0 0 0 0 0 0 0 0 0 0 0 0 0 0 0 0 0 0 0 0 0 0 0 0 0 0 0 0 0 0 0 0 0 0 0 0 0 0 0 0 0 0 0 0 0 0 0 0 0 0 0 0 0 0 0 0 0 0 0 0 0 0 0 0 0 0 0 0 0 0 0 0 0 0 0 0 0 0 0 0 0 0 0 0 0 0 0 0 0 0 0 0 0 0 0 0 0 0 0 0 0 0 646 646 647 647 647 649 649 649 650 649 649 650 650 650 652 652 652 653 653 655 655 655 655 655 657 657 658 658 658 658 658 658 659 659 661 661 662 662 663 663 663 664 664 664 664 666 666 667 667 667 667 668 668 668 668 671 671 671 668 668 668 668 670 671 671 672 672 672 672 672
0 0 0 0 0 0 0 0 0 0 0 0 0 0 0 0 0 0 0 0 0 0 587 587 589 588 588 587 587 587 587 588 589 589 589 589 589 589 589 589 589 587 587 589 591 591 590 590 590 590 590 590 591 591 592 593 594 593 593 594 594 594 596 594 594 594 595 596 596 596 596 596 596 597 597 597 596 596 597 597 598 598 599 600 600 600 600 600 599 599 599 600 601 601 601 601 601 601 601 602 602 603 603 603 603 604 604 604 604 604 0 0 0 0 0 0 0 0 0 0 0 0 0 0 0 0 0 0 0 0 0 0 0 0 0 0 0 0 0 0 0 0 0 0 0 0 0 0 0 0 0 0 0 0 0 0 0 0 0 0 0 0 0 0 0 0 0 0 0 0 0 0 0 0 0 0 0 0 0 0 0 0 0 0 0 0 0 0 0 0 0 0 0 0 0 0 0 0 0 0 0 0 0 0 0 0 0 0 0 0 0 0 0 0 0 0 0 0 0 0 0 0 0 0 0 0 0 0 0 0 0 0 0 0 0 0 0 0 0 0 0 0 0 0 0 0 0 0 0 0 647 647 648 648 649 649 650 650 650 650 650 652 652 652 652 652 653 654 654 655 655 657 657 657 657 657 659 659 659 659 661 661 661 661 661 661 663 663 663 663 663 664 664 666 666 666 667 667 668 668 668 668 670 670 670 671 672 671 668 668 668 670 672 672 672 672 672 672 672 674
0 0 0 0 0 0 0 0 0 0 0 0 0 0 0 0 0 0 0 0 0 0 589 589 590 589 588 588 588 588 588 590 589 589 589 589 589 590 590 590 589 588 588 590 591 591 590 590 591 591 590 590 591 592 593 593 594 593 593 594 594 595 595 594 594 595 595 596 596 596 597 597 597 598 598 598 596 596 597 597 599 599 600 600 601 600 600 600 600 600 600 601 601 601 601 602 602 602 602 603 603 603 603 604 603 603 603 603 604 606 0 0 0 0 0 0 0 0 0 0 0 0 0 0 0 0 0 0 0 0 0 0 0 0 0 0 0 0 0 0 0 0 0 0 0 0 0 0 0 0 0 0 0 0 0 0 0 0 0 0 0 0 0 0 0 0 0 0 0 0 0 0 0 0 0 0 0 0 0 0 0 0 0 0 0 0 0 0 0 0 0 0 0 0 0 0 0 0 0 0 0 0 0 0 0 0 0 0 0 0 0 0 0 0 0 0 0 0 0 0 0 0 0 0 0 0 0 0 0 0 0 0 0 0 0 0 0 0 0 0 0 0 0 0 0 0 0 0 0 0 647 647 648 649 649 650 650 650 650 652 652 652 653 653 653 654 654 655 655 657 657 657 657 657 658 658 659 659 659 661 661 661 661 662 662 662 663 663 663 663 664 664 666 667 667 667 668 668 668 668 670 670 670 670 671 672 672 672 670 670 671 672 672 674 672 672 672 672 672 674
0 0 0 0 0 0 0 0 0 0 0 0 0 0 0 0 0 0 0 0 0 0 589 589 589 591 590 590 590 590 590 591 591 590 590 590 590 590 591 591 590 588 588 591 591 591 590 590 591 592 592 592 592 593 593 595 595 595 595 595 595 596 595 595 595 596 596 597 597 598 599 599 599 599 599 598 598 598 598 600 600 600 600 600 601 601 601 600 600 601 601 601 601 601 601 603 603 603 604 604 604 604 604 604 603 603 603 603 604 606 0 0 0 0 0 0 0 0 0 0 0 0 0 0 0 0 0 0 0 0 0 0 0 0 0 0 0 0 0 0 0 0 0 0 0 0 0 0 0 0 0 0 0 0 0 0 0 0 0 0 0 0 0 0 0 0 0 0 0 0 0 0 0 0 0 0 0 0 0 0 0 0 0 0 0 0 0 0 0 0 0 0 0 0 0 0 0 0 0 0 0 0 0 0 0 0 0 0 0 0 0 0 0 0 0 0 0 0 0 0 0 0 0 0 0 0 0 0 0 0 0 0 0 0 0 0 0 0 0 0 0 0 0 0 0 0 0 0 0 0 647 647 648 650 650 650 652 652 652 652 653 653 654 654 654 654 654 655 655 657 657 657 657 657 658 658 659 661 661 662 662 662 662 662 662 662 664 666 666 666 666 666 667 667 668 668 668 670 670 670 671 671 671 671 672 672 672 672 671 671 671 672 674 674 672 672 672 672 674 674
0 0 0 0 0 0 0 0 0 0 0 0 0 0 0 0 0 0 0 0 0 0 589 589 589 591 591 591 590 590 591 591 592 591 591 591 591 591 591 592 592 588 588 591 592 593 594 594 593 593 593 594 594 594 594 595 596 596 596 596 596 596 596 596 596 596 597 597 597 598 599 598 598 599 599 599 599 599 599 600 600 600 600 600 600 601 601 601 601 602 602 602 602 603 603 603 603 603 604 604 604 606 606 606 604 604 604 604 604 606 0 0 0 0 0 0 0 0 0 0 0 0 0 0 0 0 0 0 0 0 0 0 0 0 0 0 0 0 0 0 0 0 0 0 0 0 0 0 0 0 0 0 0 0 0 0 0 0 0 0 0 0 0 0 0 0 0 0 0 0 0 0 0 0 0 0 0 0 0 0 0 0 0 0 0 0 0 0 0 0 0 0 0 0 0 0 0 0 0 0 0 0 0 0 0 0 0 0 0 0 0 0 0 0 0 0 0 0 0 0 0 0 0 0 0 0 0 0 0 0 0 0 0 0 0 0 0 0 0 0 0 0 0 0 0 0 0 0 0 648 648 648 648 650 652 652 652 652 652 653 654 655 655 655 655 655 655 657 657 657 657 658 658 659 659 659 659 661 661 662 662 662 662 662 662 662 664 666 667 667 667 668 668 668 668 668 668 670 671 671 671 671 672 674 674 674 674 674 674 674 674 674 674 674 674 674 674 674 675 676
0 0 0 0 0 0 0 0 0 0 0 0 0 0 0 0 0 0 0 0 0 0 589 589 590 591 592 590 590 591 591 591 592 592 592 591 591 592 592 592 592 592 591 591 593 593 594 594 594 594 594 594 594 594 594 596 596 596 597 596 596 596 596 596 596 596 597 598 598 599 599 598 598 599 599 600 600 600 600 600 600 600 600 600 600 603 603 603 602 602 602 603 603 604 604 604 604 604 604 604 607 607 607 608 608 608 606 606 606 607 0 0 0 0 0 0 0 0 0 0 0 0 0 0 0 0 0 0 0 0 0 0 0 0 0 0 0 0 0 0 0 0 0 0 0 0 0 0 0 0 0 0 0 0 0 0 0 0 0 0 0 0 0 0 0 0 0 0 0 0 0 0 0 0 0 0 0 0 0 0 0 0 0 0 0 0 0 0 0 0 0 0 0 0 0 0 0 0 0 0 0 0 0 0 0 0 0 0 0 0 0 0 0 0 0 0 0 0 0 0 0 0 0 0 0 0 0 0 0 0 0 0 0 0 0 0 0 0 0 0 0 0 0 0 0 0 0 0 0 648 648 649 650 650 652 652 653 653 653 653 654 655 655 655 655 655 657 657 657 658 658 659 659 659 659 659 659 661 661 662 663 663 663 664 666 667 667 667 668 668 668 670 670 671 671 672 672 672 672 672 672 674 674 674 674 675 675 675 674 674 674 674 675 675 675 675 675 675 675 678
0 0 0 0 0 0 0 0 0 0 0 0 0 0 0 0 0 0 0 0 0 0 590 590 590 592 593 590 590 591 591 591 592 592 592 592 592 592 592 592 591 591 592 592 593 593 594 594 595 594 594 594 594 595 595 596 596 596 597 597 597 596 596 597 597 597 597 598 598 599 599 598 598 599 600 600 600 600 600 600 601 601 602 602 602 603 603 604 604 603 603 604 604 604 604 604 604 604 606 606 606 606 606 607 607 608 608 607 607 608 0 0 0 0 0 0 0 0 0 0 0 0 0 0 0 0 0 0 0 0 0 0 0 0 0 0 0 0 0 0 0 0 0 0 0 0 0 0 0 0 0 0 0 0 0 0 0 0 0 0 0 0 0 0 0 0 0 0 0 0 0 0 0 0 0 0 0 0 0 0 0 0 0 0 0 0 0 0 0 0 0 0 0 0 0 0 0 0 0 0 0 0 0 0 0 0 0 0 0 0 0 0 0 0 0 0 0 0 0 0 0 0 0 0 0 0 0 0 0 0 0 0 0 0 0 0 0 0 0 0 0 0 0 0 0 0 0 0 653 650 650 650 652 652 653 654 654 655 655 655 657 657 657 658 658 658 658 659 659 661 661 661 662 662 662 662 662 662 663 664 664 664 666 666 667 667 667 667 668 668 670 670 671 671 672 672 672 672 674 672 672 675 676 676 676 676 675 675 678 678 678 678 678 676 675 675 678 678 678 678
0 0 0 0 0 0 0 0 0 0 0 0 0 0 0 0 0 0 0 0 0 0 592 592 592 593 593 593 591 591 591 591 592 592 592 592 592 592 592 593 591 591 592 592 593 593 594 595 595 594 594 594 594 595 595 597 598 598 597 597 597 596 596 597 597 597 598 598 598 599 600 600 599 599 600 600 600 600 601 601 602 602 602 603 603 604 604 604 604 604 604 604 604 606 606 606 606 606 607 607 606 606 606 607 607 608 609 609 609 609 0 0 0 0 0 0 0 0 0 0 0 0 0 0 0 0 0 0 0 0 0 0 0 0 0 0 0 0 0 0 0 0 0 0 0 0 0 0 0 0 0 0 0 0 0 0 0 0 0 0 0 0 0 0 0 0 0 0 0 0 0 0 0 0 0 0 0 0 0 0 0 0 0 0 0 0 0 0 0 0 0 0 0 0 0 0 0 0 0 0 0 0 0 0 0 0 0 0 0 0 0 0 0 0 0 0 0 0 0 0 0 0 0 0 0 0 0 0 0 0 0 0 0 0 0 0 0 0 0 0 0 0 0 0 0 0 0 0 653 652 652 653 653 654 654 655 655 655 657 657 658 658 658 658 658 658 659 661 661 661 662 662 662 662 662 662 663 663 664 666 666 666 666 667 667 668 668 668 670 670 671 671 671 672 672 674 674 674 674 674 674 676 676 676 676 676 676 678 678 678 679 679 679 679 679 679 679 679 679 679
0 0 0 0 0 0 0 0 0 0 0 0 0 0 0 0 0 0 0 0 0 0 593 593 593 593 593 593 593 592 592 592 593 594 594 594 594 594 594 594 595 595 595 595 596 598 598 598 595 594 594 594 594 595 596 597 598 599 599 599 599 599 599 599 600 599 599 599 600 600 600 600 600 600 600 601 602 602 603 603 603 603 603 603 604 604 604 606 606 607 606 606 606 606 606 607 607 608 608 607 606 606 607 607 608 609 609 609 609 609 0 0 0 0 0 0 0 0 0 0 0 0 0 0 0 0 0 0 0 0 0 0 0 0 0 0 0 0 0 0 0 0 0 0 0 0 0 0 0 0 0 0 0 0 0 0 0 0 0 0 0 0 0 0 0 0 0 0 0 0 0 0 0 0 0 0 0 0 0 0 0 0 0 0 0 0 0 0 0 0 0 0 0 0 0 0 0 0 0 0 0 0 0 0 0 0 0 0 0 0 0 0 0 0 0 0 0 0 0 0 0 0 0 0 0 0 0 0 0 0 0 0 0 0 0 0 0 0 0 0 0 0 0 0 0 0 0 0 655 653 653 653 654 655 655 655 655 655 657 657 658 659 661 659 659 659 661 661 661 661 662 662 662 662 663 664 664 666 666 666 666 666 667 668 668 670 670 670 671 672 672 672 672 674 674 674 674 675 675 675 676 676 678 678 678 678 678 679 679 680 679 679 679 679 679 679 679 679 679 679
0 0 0 0 0 0 0 0 0 0 0 0 0 0 0 0 0 0 0 0 0 0 593 592 592 593 593 593 593 593 593 594 594 595 595 595 594 594 594 596 596 595 595 595 596 598 598 598 595 595 596 594 594 595 596 596 596 597 600 599 599 599 599 599 600 600 600 600 602 601 601 601 600 600 603 603 604 604 603 603 603 603 604 604 604 604 604 606 607 607 607 607 607 608 608 608 608 608 608 609 609 609 609 609 609 609 610 610 610 0 0 0 0 0 0 0 0 0 0 0 0 0 0 0 0 0 0 0 0 0 0 0 0 0 0 0 0 0 0 0 0 0 0 0 0 0 0 0 0 0 0 0 0 0 0 0 0 0 0 0 0 0 0 0 0 0 0 0 0 0 0 0 0 0 0 0 0 0 0 0 0 0 0 0 0 0 0 0 0 0 0 0 0 0 0 0 0 0 0 0 0 0 0 0 0 0 0 0 0 0 0 0 0 0 0 0 0 0 0 0 0 0 0 0 0 0 0 0 0 0 0 0 0 0 0 0 0 0 0 0 0 0 0 0 0 0 0 0 655 654 654 654 654 655 655 655 657 658 658 659 659 661 661 661 661 661 661 662 662 662 663 663 663 664 666 666 666 666 666 667 667 667 668 668 670 671 671 671 672 674 674 674 674 674 674 675 675 675 676 678 678 678 679 679 679 678 678 682 682 682 680 680 680 680 680 680 680 680 679 679
0 0 0 0 0 0 0 0 0 0 0 0 0 0 0 0 0 0 0 0 0 0 593 592 592 593 593 593 594 594 594 595 595 596 595 595 595 595 595 596 596 595 595 594 594 597 598 598 597 597 597 595 595 595 595 596 596 597 602 599 599 599 599 600 602 601 601 602 602 602 601 601 602 602 603 604 606 604 604 604 604 604 606 606 606 606 606 608 608 608 608 608 608 609 608 608 608 609 609 609 609 609 609 610 610 610 611 611 611 0 0 0 0 0 0 0 0 0 0 0 0 0 0 0 0 0 0 0 0 0 0 0 0 0 0 0 0 0 0 0 0 0 0 0 0 0 0 0 0 0 0 0 0 0 0 0 0 0 0 0 0 0 0 0 0 0 0 0 0 0 0 0 0 0 0 0 0 0 0 0 0 0 0 0 0 0 0 0 0 0 0 0 0 0 0 0 0 0 0 0 0 0 0 0 0 0 0 0 0 0 0 0 0 0 0 0 0 0 0 0 0 0 0 0 0 0 0 0 0 0 0 0 0 0 0 0 0 0 0 0 0 0 0 0 0 0 0 655 655 655 655 655 655 655 657 657 658 658 659 659 661 661 661 661 661 661 662 663 664 664 664 664 664 666 666 666 666 667 667 667 667 667 668 670 670 671 672 672 672 674 674 674 675 676 676 675 675 675 676 678 678 679 679 680 680 680 680 682 682 682 682 682 682 682 682 680 680 680 680 682
0 0 0 0 0 0 0 0 0 0 0 0 0 0 0 0 0 0 0 0 0 0 593 593 594 594 594 594 594 594 594 595 595 597 596 596 596 596 596 597 597 596 596 594 594 597 598 598 597 597 597 597 596 595 595 597 597 600 602 599 599 600 600 600 601 601 601 602 602 602 602 603 602 602 604 604 606 606 606 606 606 607 607 607 608 608 608 608 608 608 608 609 609 609 609 609 609 609 609 609 610 610 610 611 611 611 612 612 612 0 0 0 0 0 0 0 0 0 0 0 0 0 0 0 0 0 0 0 0 0 0 0 0 0 0 0 0 0 0 0 0 0 0 0 0 0 0 0 0 0 0 0 0 0 0 0 0 0 0 0 0 0 0 0 0 0 0 0 0 0 0 0 0 0 0 0 0 0 0 0 0 0 0 0 0 0 0 0 0 0 0 0 0 0 0 0 0 0 0 0 0 0 0 0 0 0 0 0 0 0 0 0 0 0 0 0 0 0 0 0 0 0 0 0 0 0 0 0 0 0 0 0 0 0 0 0 0 0 0 0 0 0 0 0 0 0 0 655 655 657 657 657 657 657 658 658 659 659 661 661 661 661 661 661 661 661 662 664 666 666 666 666 666 666 666 666 667 667 667 668 668 670 670 671 671 672 672 674 674 674 674 675 675 676 676 676 676 676 678 678 679 680 680 682 682 682 682 683 683 683 682 682 682 682 682 682 682 682 683 683
0 0 0 0 0 0 0 0 0 0 0 0 0 0 0 0 0 0 0 0 0 0 594 594 594 595 594 594 594 594 595 595 595 598 597 597 597 597 597 598 598 598 597 597 597 598 598 598 598 598 597 597 597 596 596 598 598 600 602 601 601 603 600 600 601 601 603 603 603 603 603 603 604 604 604 604 606 606 607 607 607 607 608 609 609 610 609 609 609 608 608 609 609 610 610 610 610 610 610 610 610 611 611 612 612 612 612 612 612 613 0 0 0 0 0 0 0 0 0 0 0 0 0 0 0 0 0 0 0 0 0 0 0 0 0 0 0 0 0 0 0 0 0 0 0 0 0 0 0 0 0 0 0 0 0 0 0 0 0 0 0 0 0 0 0 0 0 0 0 0 0 0 0 0 0 0 0 0 0 0 0 0 0 0 0 0 0 0 0 0 0 0 0 0 0 0 0 0 0 0 0 0 0 0 0 0 0 0 0 0 0 0 0 0 0 0 0 0 0 0 0 0 0 0 0 0 0 0 0 0 0 0 0 0 0 0 0 0 0 0 0 0 0 0 0 0 0 655 655 657 657 658 658 659 659 659 661 661 661 661 661 661 661 662 662 662 663 666 666 667 667 667 667 667 667 667 667 668 668 670 671 671 671 672 672 674 674 674 675 675 675 675 676 678 678 676 676 678 678 679 679 682 682 683 683 682 682 683 683 683 683 683 683 683 683 683 683 683 683 684
0 0 0 0 0 0 0 0 0 0 0 0 0 0 0 0 0 0 0 0 0 0 595 595 595 595 596 596 596 595 595 595 596 598 598 598 597 597 598 598 598 598 598 598 598 598 598 599 599 599 597 597 597 601 601 600 600 600 603 603 603 604 604 604 603 603 604 603 603 604 604 604 606 606 604 604 606 606 607 607 607 607 609 610 610 611 609 609 609 608 608 609 610 611 610 610 610 610 610 610 610 611 612 612 612 612 612 612 613 613 0 0 0 0 0 0 0 0 0 0 0 0 0 0 0 0 0 0 0 0 0 0 0 0 0 0 0 0 0 0 0 0 0 0 0 0 0 0 0 0 0 0 0 0 0 0 0 0 0 0 0 0 0 0 0 0 0 0 0 0 0 0 0 0 0 0 0 0 0 0 0 0 0 0 0 0 0 0 0 0 0 0 0 0 0 0 0 0 0 0 0 0 0 0 0 0 0 0 0 0 0 0 0 0 0 0 0 0 0 0 0 0 0 0 0 0 0 0 0 0 0 0 0 0 0 0 0 0 0 0 0 0 0 0 0 0 0 0 657 657 658 659 659 661 661 661 661 661 662 662 662 662 662 662 663 663 666 667 667 667 668 668 668 667 667 668 668 670 671 671 672 672 672 672 672 675 675 676 676 676 676 676 678 678 678 678 678 678 679 679 683 683 683 683 683 683 683 684 684 684 684 684 684 684 683 683 683 684 684 684
0 0 0 0 0 0 0 0 0 0 0 0 0 0 0 0 0 0 0 0 0 0 595 595 595 595 596 596 597 598 598 598 598 599 599 599 598 598 598 598 599 599 599 598 598 599 599 600 600 601 601 601 601 601 601 601 602 603 604 604 604 606 606 604 603 603 606 606 606 604 604 606 607 606 606 608 607 607 608 607 607 608 609 610 611 611 609 609 609 609 609 611 612 612 612 612 612 611 611 611 611 612 612 613 613 613 613 613 613 614 618 0 0 0 0 0 0 0 0 0 0 0 0 0 0 0 0 0 0 0 0 0 0 0 0 0 0 0 0 0 0 0 0 0 0 0 0 0 0 0 0 0 0 0 0 0 0 0 0 0 0 0 0 0 0 0 0 0 0 0 0 0 0 0 0 0 0 0 0 0 0 0 0 0 0 0 0 0 0 0 0 0 0 0 0 0 0 0 0 0 0 0 0 0 0 0 0 0 0 0 0 0 0 0 0 0 0 0 0 0 0 0 0 0 0 0 0 0 0 0 0 0 0 0 0 0 0 0 0 0 0 0 0 0 0 0 0 0 659 659 659 661 661 661 661 662 662 662 662 662 663 663 663 663 666 666 666 667 667 667 668 670 670 668 668 670 670 671 671 672 672 674 674 674 674 675 675 676 678 678 678 678 678 679 679 679 679 680 682 682 683 683 683 683 683 683 683 684 684 684 684 686 687 687 686 684 684 684 684 686
0 0 0 0 0 0 0 0 0 0 0 0 0 0 0 0 0 0 0 0 0 0 596 596 595 595 597 597 597 598 598 598 598 599 599 599 599 599 599 599 599 599 599 599 599 600 600 600 600 600 600 600 603 601 601 603 603 603 604 604 604 606 606 607 607 607 607 607 607 604 604 606 607 607 607 608 609 609 608 607 607 608 609 610 611 611 610 610 610 610 610 612 613 613 613 612 612 611 611 612 612 612 613 613 613 613 613 613 615 616 618 0 0 0 0 0 0 0 0 0 0 0 0 0 0 0 0 0 0 0 0 0 0 0 0 0 0 0 0 0 0 0 0 0 0 0 0 0 0 0 0 0 0 0 0 0 0 0 0 0 0 0 0 0 0 0 0 0 0 0 0 0 0 0 0 0 0 0 0 0 0 0 0 0 0 0 0 0 0 0 0 0 0 0 0 0 0 0 0 0 0 0 0 0 0 0 0 0 0 0 0 0 0 0 0 0 0 0 0 0 0 0 0 0 0 0 0 0 0 0 0 0 0 0 0 0 0 0 0 0 0 0 0 0 0 0 0 661 661 661 661 661 661 662 662 662 662 662 663 663 664 664 664 666 667 667 667 667 667 668 670 670 670 670 670 671 671 672 672 672 672 674 674 675 675 676 676 678 678 678 679 679 679 680 680 680 682 682 683 683 683 683 684 684 684 684 684 684 684 684 686 687 688 688 687 684 684 684 686 686
0 0 0 0 0 0 0 0 0 0 0 0 0 0 0 0 0 0 0 0 0 0 597 597 597 598 598 598 598 598 598 598 598 599 599 599 599 599 600 600 599 599 601 599 599 600 600 601 601 600 600 600 602 602 603 604 606 606 606 606 606 606 606 607 607 607 608 607 607 604 604 607 608 607 607 607 610 611 611 607 607 609 610 610 611 611 611 611 611 611 612 612 613 613 613 612 612 611 611 612 613 613 614 614 613 613 615 615 616 616 618 0 0 0 0 0 0 0 0 0 0 0 0 0 0 0 0 0 0 0 0 0 0 0 0 0 0 0 0 0 0 0 0 0 0 0 0 0 0 0 0 0 0 0 0 0 0 0 0 0 0 0 0 0 0 0 0 0 0 0 0 0 0 0 0 0 0 0 0 0 0 0 0 0 0 0 0 0 0 0 0 0 0 0 0 0 0 0 0 0 0 0 0 0 0 0 0 0 0 0 0 0 0 0 0 0 0 0 0 0 0 0 0 0 0 0 0 0 0 0 0 0 0 0 0 0 0 0 0 0 0 0 0 0 0 0 0 661 661 662 662 662 662 662 662 663 663 663 663 663 666 666 666 666 667 667 667 667 667 668 670 670 670 671 671 671 672 672 674 674 674 675 675 675 676 678 678 678 678 679 679 679 680 682 682 683 683 683 683 683 683 683 684 684 684 684 684 684 684 684 687 688 688 688 687 687 686 686 687 688
0 0 0 0 0 0 0 0 0 0 0 0 0 0 0 0 0 0 0 0 0 0 599 598 598 599 598 598 598 598 598 599 599 600 599 599 599 599 601 601 601 602 602 602 602 602 602 601 601 601 601 601 602 602 603 606 606 607 606 606 606 606 606 608 608 608 608 608 608 604 604 608 610 607 607 607 612 612 612 611 609 609 610 610 611 612 612 613 613 613 613 614 614 614 613 613 613 613 613 613 614 614 614 614 614 614 615 615 616 616 0 0 0 0 0 0 0 0 0 0 0 0 0 0 0 0 0 0 0 0 0 0 0 0 0 0 0 0 0 0 0 0 0 0 0 0 0 0 0 0 0 0 0 0 0 0 0 0 0 0 0 0 0 0 0 0 0 0 0 0 0 0 0 0 0 0 0 0 0 0 0 0 0 0 0 0 0 0 0 0 0 0 0 0 0 0 0 0 0 0 0 0 0 0 0 0 0 0 0 0 0 0 0 0 0 0 0 0 0 0 0 0 0 0 0 0 0 0 0 0 0 0 0 0 0 0 0 0 0 0 0 0 0 0 0 0 0 661 661 662 662 662 662 662 662 663 663 664 666 666 666 666 667 667 667 667 668 668 668 671 671 671 671 671 672 672 674 674 675 675 675 676 676 676 676 679 679 679 679 679 679 680 682 683 683 684 683 683 683 684 684 684 686 686 687 687 687 687 688 688 690 690 690 690 688 688 687 687 688 690
0 0 0 0 0 0 0 0 0 0 0 0 0 0 0 0 0 0 0 0 0 0 600 599 599 600 599 599 599 599 599 600 600 600 600 600 600 600 602 602 602 602 602 602 603 603 603 602 602 601 601 601 602 603 604 606 606 607 606 606 606 606 607 609 608 608 608 608 608 609 609 610 610 610 611 612 612 612 612 612 612 612 612 612 612 612 613 613 613 613 614 615 615 615 615 614 614 615 615 614 614 615 615 615 616 616 616 616 618 618 0 0 0 0 0 0 0 0 0 0 0 0 0 0 0 0 0 0 0 0 0 0 0 0 0 0 0 0 0 0 0 0 0 0 0 0 0 0 0 0 0 0 0 0 0 0 0 0 0 0 0 0 0 0 0 0 0 0 0 0 0 0 0 0 0 0 0 0 0 0 0 0 0 0 0 0 0 0 0 0 0 0 0 0 0 0 0 0 0 0 0 0 0 0 0 0 0 0 0 0 0 0 0 0 0 0 0 0 0 0 0 0 0 0 0 0 0 0 0 0 0 0 0 0 0 0 0 0 0 0 0 0 0 0 0 0 0 662 662 662 662 663 663 663 663 663 663 664 666 666 667 667 667 667 668 668 670 670 670 671 671 671 672 672 672 674 675 675 676 676 676 676 676 676 678 679 679 679 679 679 680 682 683 683 683 684 684 684 684 686 684 684 686 687 688 688 688 688 690 690 690 691 691 691 693 690 688 688 690 690
0 0 0 0 0 0 0 0 0 0 0 0 0 0 0 0 0 0 0 0 0 0 602 601 601 601 599 599 599 599 600 601 602 601 601 600 600 602 602 602 602 603 603 603 603 603 603 603 603 602 602 602 603 603 604 607 607 608 604 604 608 608 608 609 609 609 609 609 609 610 610 610 610 610 612 612 612 612 612 612 612 613 613 613 613 613 613 614 614 614 614 615 615 615 615 615 615 615 615 616 616 616 618 618 618 618 618 618 619 619 0 0 0 0 0 0 0 0 0 0 0 0 0 0 0 0 0 0 0 0 0 0 0 0 0 0 0 0 0 0 0 0 0 0 0 0 0 0 0 0 0 0 0 0 0 0 0 0 0 0 0 0 0 0 0 0 0 0 0 0 0 0 0 0 0 0 0 0 0 0 0 0 0 0 0 0 0 0 0 0 0 0 0 0 0 0 0 0 0 0 0 0 0 0 0 0 0 0 0 0 0 0 0 0 0 0 0 0 0 0 0 0 0 0 0 0 0 0 0 0 0 0 0 0 0 0 0 0 0 0 0 0 0 0 0 0 0 662 662 662 663 664 664 664 664 664 666 666 666 667 667 668 668 668 670 671 671 671 671 671 671 672 672 674 674 675 675 676 676 676 678 678 678 678 678 680 682 680 680 682 682 682 683 684 684 684 684 684 684 686 686 687 688 688 688 690 690 690 690 690 691 691 693 693 693 691 690 690 691 691
0 0 0 0 0 0 0 0 0 0 0 0 0 0 0 0 0 0 0 0 0 0 602 602 602 601 599 599 600 600 601 602 602 602 602 601 601 602 602 603 604 604 603 603 603 604 604 603 603 603 603 603 607 606 606 607 608 608 604 604 608 608 608 609 609 609 610 609 609 612 612 611 611 612 612 613 613 613 613 613 613 614 613 613 613 613 614 614 614 615 615 615 616 615 615 616 616 616 616 618 618 618 619 619 618 618 618 618 619 619 0 0 0 0 0 0 0 0 0 0 0 0 0 0 0 0 0 0 0 0 0 0 0 0 0 0 0 0 0 0 0 0 0 0 0 0 0 0 0 0 0 0 0 0 0 0 0 0 0 0 0 0 0 0 0 0 0 0 0 0 0 0 0 0 0 0 0 0 0 0 0 0 0 0 0 0 0 0 0 0 0 0 0 0 0 0 0 0 0 0 0 0 0 0 0 0 0 0 0 0 0 0 0 0 0 0 0 0 0 0 0 0 0 0 0 0 0 0 0 0 0 0 0 0 0 0 0 0 0 0 0 0 0 0 0 0 0 663 663 664 664 666 666 666 666 666 666 667 667 668 668 670 670 670 671 671 671 671 671 672 672 672 674 674 675 676 676 676 676 676 678 678 678 678 679 682 683 683 682 682 683 683 684 686 684 684 684 686 687 688 688 688 688 690 690 690 690 690 690 690 690 690 693 693 693 694 693 693 691 691
0 0 0 0 0 0 0 0 0 0 0 0 0 0 0 0 0 0 0 0 0 0 602 602 602 602 601 601 601 601 601 602 602 602 602 602 602 602 602 603 604 604 603 603 603 604 604 604 604 604 604 604 607 606 606 608 608 608 604 604 608 609 609 610 610 610 611 611 611 612 612 611 611 612 613 613 613 613 613 613 613 615 614 614 615 615 615 616 615 615 616 616 616 616 616 616 616 618 618 618 618 619 619 619 619 619 619 619 619 620 0 0 0 0 0 0 0 0 0 0 0 0 0 0 0 0 0 0 0 0 0 0 0 0 0 0 0 0 0 0 0 0 0 0 0 0 0 0 0 0 0 0 0 0 0 0 0 0 0 0 0 0 0 0 0 0 0 0 0 0 0 0 0 0 0 0 0 0 0 0 0 0 0 0 0 0 0 0 0 0 0 0 0 0 0 0 0 0 0 0 0 0 0 0 0 0 0 0 0 0 0 0 0 0 0 0 0 0 0 0 0 0 0 0 0 0 0 0 0 0 0 0 0 0 0 0 0 0 0 0 0 0 0 0 0 0 0 664 664 666 666 666 667 667 667 667 667 667 667 670 671 671 671 671 671 671 672 672 672 674 674 674 674 675 676 676 676 676 678 678 679 679 679 680 680 683 683 683 683 683 684 684 684 686 686 686 687 687 688 688 688 690 690 690 690 691 691 691 691 691 690 690 693 693 693 694 694 694 693 693
0 0 0 0 0 0 0 0 0 0 0 0 0 0 0 0 0 0 0 0 0 0 602 602 602 602 602 601 601 601 602 602 603 603 603 603 603 602 602 603 604 606 604 604 604 604 604 606 606 606 607 607 608 608 608 609 609 609 608 608 609 609 609 610 610 611 611 611 612 612 612 612 612 613 613 614 614 613 613 613 613 615 616 616 616 616 616 616 616 616 616 616 616 618 618 616 616 618 618 618 618 619 619 620 620 620 619 619 619 620 0 0 0 0 0 0 0 0 0 0 0 0 0 0 0 0 0 0 0 0 0 0 0 0 0 0 0 0 0 0 0 0 0 0 0 0 0 0 0 0 0 0 0 0 0 0 0 0 0 0 0 0 0 0 0 0 0 0 0 0 0 0 0 0 0 0 0 0 0 0 0 0 0 0 0 0 0 0 0 0 0 0 0 0 0 0 0 0 0 0 0 0 0 0 0 0 0 0 0 0 0 0 0 0 0 0 0 0 0 0 0 0 0 0 0 0 0 0 0 0 0 0 0 0 0 0 0 0 0 0 0 0 0 0 0 0 667 666 666 667 667 667 667 667 668 668 668 668 668 670 671 671 671 671 671 671 672 672 675 675 675 676 676 676 676 676 678 678 678 679 680 680 680 680 682 683 684 684 684 684 684 686 686 687 687 687 688 688 690 690 690 690 691 691 693 693 694 694 694 693 691 691 693 694 694 694 694 696 696 696
0 0 0 0 0 0 0 0 0 0 0 0 0 0 0 0 0 0 0 0 0 0 602 602 602 603 603 603 601 601 603 603 603 603 603 604 604 604 603 603 604 606 604 604 604 606 606 607 607 607 607 608 608 608 608 609 609 609 608 608 609 610 610 612 611 611 611 611 612 613 612 612 613 613 614 615 614 613 613 614 614 615 616 616 616 616 616 616 618 618 618 618 618 619 618 618 618 618 619 619 619 620 620 620 621 621 621 621 621 0 0 0 0 0 0 0 0 0 0 0 0 0 0 0 0 0 0 0 0 0 0 0 0 0 0 0 0 0 0 0 0 0 0 0 0 0 0 0 0 0 0 0 0 0 0 0 0 0 0 0 0 0 0 0 0 0 0 0 0 0 0 0 0 0 0 0 0 0 0 0 0 0 0 0 0 0 0 0 0 0 0 0 0 0 0 0 0 0 0 0 0 0 0 0 0 0 0 0 0 0 0 0 0 0 0 0 0 0 0 0 0 0 0 0 0 0 0 0 0 0 0 0 0 0 0 0 0 0 0 0 0 0 0 0 0 0 667 667 667 668 668 668 668 668 668 668 670 671 671 672 672 672 672 674 674 674 676 676 676 676 678 678 678 679 679 679 679 680 682 682 682 683 683 683 683 684 684 684 686 687 688 688 688 688 688 690 690 690 691 693 693 694 694 694 694 694 696 694 694 694 693 693 694 694 696 696 697 697 698 698
0 0 0 0 0 0 0 0 0 0 0 0 0 0 0 0 0 0 0 0 0 0 603 603 603 604 604 603 602 602 603 603 604 604 604 604 606 606 604 604 606 606 606 604 604 606 606 607 607 607 607 608 608 608 609 609 610 610 609 609 609 610 610 613 612 612 611 611 612 613 613 614 614 615 615 615 614 613 613 614 615 618 618 618 618 618 616 616 618 618 618 619 619 619 618 618 618 618 619 619 619 620 620 620 621 621 621 625 625 0 0 0 0 0 0 0 0 0 0 0 0 0 0 0 0 0 0 0 0 0 0 0 0 0 0 0 0 0 0 0 0 0 0 0 0 0 0 0 0 0 0 0 0 0 0 0 0 0 0 0 0 0 0 0 0 0 0 0 0 0 0 0 0 0 0 0 0 0 0 0 0 0 0 0 0 0 0 0 0 0 0 0 0 0 0 0 0 0 0 0 0 0 0 0 0 0 0 0 0 0 0 0 0 0 0 0 0 0 0 0 0 0 0 0 0 0 0 0 0 0 0 0 0 0 0 0 0 0 0 0 0 0 0 0 0 0 670 670 670 670 670 670 670 671 671 671 672 672 672 672 672 674 674 675 675 675 676 676 676 678 678 679 679 679 680 680 682 682 682 682 683 683 683 684 684 686 686 687 687 688 688 690 690 690 690 690 691 691 693 694 694 694 694 694 696 696 696 696 696 694 694 694 696 696 696 697 698 700 700 700
0 0 0 0 0 0 0 0 0 0 0 0 0 0 0 0 0 0 0 0 0 0 606 606 606 604 604 603 603 604 604 604 604 604 607 607 607 607 607 607 606 606 606 607 607 606 606 606 607 607 608 609 608 608 609 609 612 612 611 611 612 612 612 613 614 614 613 613 613 614 615 616 616 618 618 616 615 615 620 618 618 618 618 618 618 618 618 618 618 619 620 620 620 621 621 621 621 621 621 621 621 622 622 622 622 622 624 625 625 625 625 0 0 0 0 0 0 0 0 0 0 0 0 0 0 0 0 0 0 0 0 0 0 0 0 0 0 0 0 0 0 0 0 0 0 0 0 0 0 0 0 0 0 0 0 0 0 0 0 0 0 0 0 0 0 0 0 0 0 0 0 0 0 0 0 0 0 0 0 0 0 0 0 0 0 0 0 0 0 0 0 0 0 0 0 0 0 0 0 0 0 0 0 0 0 0 0 0 0 0 0 0 0 0 0 0 0 0 0 0 0 0 0 0 0 0 0 0 0 0 0 0 0 0 0 0 0 0 0 0 0 0 0 0 0 0 670 670 670 671 671 671 671 672 671 671 672 672 674 674 674 675 675 676 676 676 676 676 678 678 679 679 680 680 680 682 682 682 683 683 684 684 684 686 686 687 687 688 688 690 690 690 691 691 691 691 693 693 694 694 694 694 694 696 696 696 696 696 696 696 696 696 696 696 696 697 700 700 700 701
0 0 0 0 0 0 0 0 0 0 0 0 0 0 0 0 0 0 0 0 0 0 607 607 607 606 606 603 603 604 604 604 607 607 608 608 608 608 608 608 608 607 607 607 607 607 606 606 607 607 608 609 608 608 609 610 613 613 612 612 612 612 613 614 615 615 615 613 613 614 615 618 618 618 618 618 619 620 620 618 618 618 618 618 618 619 619 619 619 621 621 621 621 621 622 622 622 622 622 621 621 622 623 623 623 623 624 625 625 625 625 0 0 0 0 0 0 0 0 0 0 0 0 0 0 0 0 0 0 0 0 0 0 0 0 0 0 0 0 0 0 0 0 0 0 0 0 0 0 0 0 0 0 0 0 0 0 0 0 0 0 0 0 0 0 0 0 0 0 0 0 0 0 0 0 0 0 0 0 0 0 0 0 0 0 0 0 0 0 0 0 0 0 0 0 0 0 0 0 0 0 0 0 0 0 0 0 0 0 0 0 0 0 0 0 0 0 0 0 0 0 0 0 0 0 0 0 0 0 0 0 0 0 0 0 0 0 0 0 0 0 0 0 0 0 0 671 671 671 671 672 672 672 672 672 672 674 674 675 674 674 675 675 676 676 676 678 678 678 678 680 680 682 682 682 682 682 683 683 684 684 684 684 686 687 688 688 688 688 690 690 691 691 693 693 693 693 694 694 694 696 696 696 696 697 697 697 698 697 697 697 697 697 697 698 700 700 700 701 701
0 0 0 0 0 0 0 0 0 0 0 0 0 0 0 0 0 0 0 0 0 0 607 607 607 606 606 604 604 604 604 604 607 607 608 609 609 609 609 609 609 608 608 608 608 608 608 608 608 609 610 610 610 610 610 613 613 613 613 613 614 614 614 616 616 616 616 615 615 615 616 618 618 618 618 618 620 620 620 621 618 618 618 619 619 620 621 621 620 620 622 622 622 622 623 622 622 622 622 622 622 622 624 623 623 624 624 625 625 625 0 0 0 0 0 0 0 0 0 0 0 0 0 0 0 0 0 0 0 0 0 0 0 0 0 0 0 0 0 0 0 0 0 0 0 0 0 0 0 0 0 0 0 0 0 0 0 0 0 0 0 0 0 0 0 0 0 0 0 0 0 0 0 0 0 0 0 0 0 0 0 0 0 0 0 0 0 0 0 0 0 0 0 0 0 0 0 0 0 0 0 0 0 0 0 0 0 0 0 0 0 0 0 0 0 0 0 0 0 0 0 0 0 0 0 0 0 0 0 0 0 0 0 0 0 0 0 0 0 0 0 0 0 0 0 0 671 671 671 672 672 672 672 672 672 674 675 675 675 675 675 676 676 676 678 678 679 680 680 680 682 682 682 682 682 683 683 684 684 684 684 684 686 686 687 688 688 690 690 690 691 691 693 693 693 694 694 694 696 696 696 696 697 697 697 698 698 698 698 698 700 700 698 698 700 700 700 700 704 703
0 0 0 0 0 0 0 0 0 0 0 0 0 0 0 0 0 0 0 0 0 0 608 608 607 607 607 607 607 607 608 608 608 608 609 610 610 609 609 610 611 610 610 609 609 609 608 608 609 610 611 611 611 612 613 615 615 614 614 614 615 615 615 616 616 616 616 616 616 616 616 618 618 618 618 618 619 619 620 621 621 622 620 620 621 621 621 621 620 620 622 622 623 623 623 623 623 622 622 622 622 622 624 625 624 624 624 625 625 625 0 0 0 0 0 0 0 0 0 0 0 0 0 0 0 0 0 0 0 0 0 0 0 0 0 0 0 0 0 0 0 0 0 0 0 0 0 0 0 0 0 0 0 0 0 0 0 0 0 0 0 0 0 0 0 0 0 0 0 0 0 0 0 0 0 0 0 0 0 0 0 0 0 0 0 0 0 0 0 0 0 0 0 0 0 0 0 0 0 0 0 0 0 0 0 0 0 0 0 0 0 0 0 0 0 0 0 0 0 0 0 0 0 0 0 0 0 0 0 0 0 0 0 0 0 0 0 0 0 0 0 0 0 0 0 0 672 672 672 674 674 674 674 674 674 674 675 676 676 676 676 678 678 678 678 678 679 680 680 680 682 683 683 683 683 683 683 684 686 686 687 687 687 687 688 690 690 691 691 691 691 693 693 694 694 694 694 696 696 696 696 697 697 698 698 700 700 700 700 700 700 701 701 701 700 700 701 701 701 704
0 0 0 0 0 0 0 0 0 0 0 0 0 0 0 0 0 0 0 0 0 0 608 608 608 608 608 608 609 609 610 610 610 610 610 610 610 609 609 610 611 611 611 611 611 610 610 611 611 612 612 612 612 613 615 616 615 615 615 615 616 616 616 616 616 618 618 618 616 616 616 618 618 618 618 619 619 619 619 621 622 622 622 622 622 622 622 622 622 622 623 623 623 623 624 623 623 623 623 623 623 623 625 625 625 624 624 627 625 625 0 0 0 0 0 0 0 0 0 0 0 0 0 0 0 0 0 0 0 0 0 0 0 0 0 0 0 0 0 0 0 0 0 0 0 0 0 0 0 0 0 0 0 0 0 0 0 0 0 0 0 0 0 0 0 0 0 0 0 0 0 0 0 0 0 0 0 0 0 0 0 0 0 0 0 0 0 0 0 0 0 0 0 0 0 0 0 0 0 0 0 0 0 0 0 0 0 0 0 0 0 0 0 0 0 0 0 0 0 0 0 0 0 0 0 0 0 0 0 0 0 0 0 0 0 0 0 0 0 0 0 0 0 0 0 675 672 672 672 674 674 675 675 675 675 676 676 676 678 676 676 678 678 678 678 678 680 682 682 682 683 683 683 683 683 684 686 686 687 687 687 687 687 688 688 691 691 693 691 691 693 693 694 694 694 696 696 696 696 697 698 698 698 698 700 700 701 701 701 701 701 701 701 701 701 701 701 701 701 704
0 0 0 0 0 0 0 0 0 0 0 0 0 0 0 0 0 0 0 0 0 0 608 608 608 608 610 610 610 611 611 611 611 610 609 609 610 610 611 610 610 612 612 612 611 611 611 611 611 612 612 612 612 614 614 616 615 615 615 615 616 616 616 616 616 618 618 618 616 616 616 618 620 619 619 619 619 619 619 621 622 622 623 624 623 622 622 622 622 624 624 624 625 625 625 624 624 624 624 624 625 625 627 627 625 625 627 627 628 628 0 0 0 0 0 0 0 0 0 0 0 0 0 0 0 0 0 0 0 0 0 0 0 0 0 0 0 0 0 0 0 0 0 0 0 0 0 0 0 0 0 0 0 0 0 0 0 0 0 0 0 0 0 0 0 0 0 0 0 0 0 0 0 0 0 0 0 0 0 0 0 0 0 0 0 0 0 0 0 0 0 0 0 0 0 0 0 0 0 0 0 0 0 0 0 0 0 0 0 0 0 0 0 0 0 0 0 0 0 0 0 0 0 0 0 0 0 0 0 0 0 0 0 0 0 0 0 0 0 0 0 0 0 0 0 675 674 674 675 675 676 676 676 676 676 676 678 678 678 678 678 678 678 678 679 682 682 683 683 683 683 684 684 686 686 686 686 687 687 687 688 688 688 690 691 693 694 694 694 694 694 694 696 696 696 696 696 697 698 698 700 700 700 700 700 701 701 701 701 701 703 703 703 703 704 704 704 703 703 704
0 0 0 0 0 0 0 0 0 0 0 0 0 0 0 0 0 0 0 0 0 0 609 609 609 609 609 611 611 611 611 611 611 610 609 609 610 611 611 610 610 612 612 612 612 611 611 612 612 612 613 612 612 614 614 616 616 616 616 616 616 616 616 616 616 618 619 619 618 618 618 619 621 621 621 621 620 620 620 622 622 622 623 623 623 623 622 622 622 625 625 625 625 625 625 625 625 625 625 625 625 627 627 628 629 630 630 630 630 630 630 631 0 0 0 0 0 0 0 0 0 0 0 0 0 0 0 0 0 0 0 0 0 0 0 0 0 0 0 0 0 0 0 0 0 0 0 0 0 0 0 0 0 0 0 0 0 0 0 0 0 0 0 0 0 0 0 0 0 0 0 0 0 0 0 0 0 0 0 0 0 0 0 0 0 0 0 0 0 0 0 0 0 0 0 0 0 0 0 0 0 0 0 0 0 0 0 0 0 0 0 0 0 0 0 0 0 0 0 0 0 0 0 0 0 0 0 0 0 0 0 0 0 0 0 0 0 0 0 0 0 0 0 0 0 675 674 674 675 676 676 676 678 678 678 679 679 679 679 679 680 680 680 680 680 682 682 683 683 684 684 686 686 687 687 687 687 688 688 688 688 690 690 691 693 694 694 694 696 696 696 696 697 697 698 698 698 700 700 700 700 700 700 701 701 701 701 701 701 701 703 706 704 704 704 704 706 704 704 706
0 0 0 0 0 0 0 0 0 0 0 0 0 0 0 0 0 0 0 0 0 0 610 610 610 609 609 611 610 610 611 612 611 611 610 610 611 611 611 611 611 612 612 612 612 612 613 613 613 613 614 614 615 615 615 616 616 619 619 619 618 618 618 618 618 619 619 619 619 619 619 620 622 622 622 622 622 622 622 622 622 622 623 623 623 623 624 624 625 625 627 627 627 625 625 625 625 627 627 627 627 627 627 628 629 631 631 630 630 630 630 631 632 0 0 0 0 0 0 0 0 0 0 0 0 0 0 0 0 0 0 0 0 0 0 0 0 0 0 0 0 0 0 0 0 0 0 0 0 0 0 0 0 0 0 0 0 0 0 0 0 0 0 0 0 0 0 0 0 0 0 0 0 0 0 0 0 0 0 0 0 0 0 0 0 0 0 0 0 0 0 0 0 0 0 0 0 0 0 0 0 0 0 0 0 0 0 0 0 0 0 0 0 0 0 0 0 0 0 0 0 0 0 0 0 0 0 0 0 0 0 0 0 0 0 0 0 0 0 0 0 0 0 0 0 676 675 675 676 676 676 678 678 678 678 679 679 679 682 682 682 682 682 682 682 683 683 683 684 686 686 687 687 687 687 688 688 688 690 690 691 691 693 693 694 696 696 696 696 696 696 697 698 700 700 700 700 700 700 700 701 701 701 703 703 703 703 703 703 704 704 707 706 706 706 706 707 707 706 706
0 0 0 0 0 0 0 0 0 0 0 0 0 0 0 0 0 0 0 0 0 0 612 612 612 611 611 612 610 610 611 612 611 611 610 610 612 612 612 612 612 613 613 614 613 613 613 613 613 613 614 615 615 615 616 616 618 620 620 620 619 619 618 618 618 619 619 621 619 619 619 622 622 622 623 623 623 622 622 622 623 623 624 624 624 624 625 625 627 627 627 627 627 627 627 627 627 627 627 628 627 627 627 628 630 631 631 630 630 630 631 631 632 0 0 0 0 0 0 0 0 0 0 0 0 0 0 0 0 0 0 0 0 0 0 0 0 0 0 0 0 0 0 0 0 0 0 0 0 0 0 0 0 0 0 0 0 0 0 0 0 0 0 0 0 0 0 0 0 0 0 0 0 0 0 0 0 0 0 0 0 0 0 0 0 0 0 0 0 0 0 0 0 0 0 0 0 0 0 0 0 0 0 0 0 0 0 0 0 0 0 0 0 0 0 0 0 0 0 0 0 0 0 0 0 0 0 0 0 0 0 0 0 0 0 0 0 0 0 0 0 0 0 0 0 0 675 675 676 678 678 678 679 679 680 680 680 682 682 682 683 683 683 683 683 683 683 684 687 687 687 687 687 688 688 688 688 690 690 691 691 693 693 694 694 696 696 696 697 697 698 700 700 700 701 701 701 701 701 701 703 704 704 704 704 703 703 703 703 706 706 708 707 707 707 707 707 707 707 707
0 0 0 0 0 0 0 0 0 0 0 0 0 0 0 0 0 0 0 0 0 0 612 612 612 611 611 612 612 612 612 612 613 612 612 613 614 613 613 613 613 614 614 614 614 614 613 613 614 614 614 615 615 615 616 618 618 619 621 621 621 621 620 620 620 620 621 623 623 623 623 623 624 624 624 624 624 623 622 622 625 625 625 625 625 625 627 627 628 627 627 628 627 627 627 627 627 628 628 628 628 628 629 629 629 630 630 630 631 631 631 632 632 0 0 0 0 0 0 0 0 0 0 0 0 0 0 0 0 0 0 0 0 0 0 0 0 0 0 0 0 0 0 0 0 0 0 0 0 0 0 0 0 0 0 0 0 0 0 0 0 0 0 0 0 0 0 0 0 0 0 0 0 0 0 0 0 0 0 0 0 0 0 0 0 0 0 0 0 0 0 0 0 0 0 0 0 0 0 0 0 0 0 0 0 0 0 0 0 0 0 0 0 0 0 0 0 0 0 0 0 0 0 0 0 0 0 0 0 0 0 0 0 0 0 0 0 0 0 0 0 0 0 0 0 0 676 676 678 678 678 678 679 679 680 680 680 682 682 682 683 683 683 684 684 684 687 687 687 687 687 688 688 688 688 690 690 690 691 691 691 693 693 694 694 696 696 697 697 698 700 700 700 701 701 701 701 701 701 703 704 706 706 704 704 703 703 704 706 707 707 708 708 707 707 707 707 707 707 707
0 0 0 0 0 0 0 0 0 0 0 0 0 0 0 0 0 0 0 0 0 0 613 613 612 612 612 612 612 612 612 612 614 614 613 613 614 614 614 614 614 614 614 615 615 615 614 614 615 615 615 615 615 618 619 618 618 619 621 621 622 621 621 621 620 620 621 624 625 625 625 625 625 625 625 625 625 625 625 625 625 625 625 625 625 627 627 627 628 627 627 628 628 628 628 628 628 628 628 629 629 630 630 629 629 630 630 630 631 631 632 632 635 0 0 0 0 0 0 0 0 0 0 0 0 0 0 0 0 0 0 0 0 0 0 0 0 0 0 0 0 0 0 0 0 0 0 0 0 0 0 0 0 0 0 0 0 0 0 0 0 0 0 0 0 0 0 0 0 0 0 0 0 0 0 0 0 0 0 0 0 0 0 0 0 0 0 0 0 0 0 0 0 0 0 0 0 0 0 0 0 0 0 0 0 0 0 0 0 0 0 0 0 0 0 0 0 0 0 0 0 0 0 0 0 0 0 0 0 0 0 0 0 0 0 0 0 0 0 0 0 0 0 0 0 680 679 679 679 679 679 680 682 682 682 682 682 683 683 683 683 683 684 686 686 687 687 687 687 687 688 688 688 690 690 691 691 693 693 693 693 694 694 696 696 697 697 698 698 700 700 701 701 701 701 703 703 703 703 704 704 706 706 706 706 704 704 707 708 708 708 708 708 708 708 708 707 707 708 708
0 0 0 0 0 0 0 0 0 0 0 0 0 0 0 0 0 0 0 0 0 0 613 613 612 612 612 612 612 613 613 614 614 614 613 613 615 615 615 615 615 614 614 615 615 615 615 615 615 615 615 616 616 619 619 618 618 619 621 622 622 622 622 622 621 621 622 624 625 625 625 625 625 625 625 625 625 625 625 625 627 627 627 627 627 628 629 629 628 628 628 629 629 629 630 630 630 630 630 630 630 630 630 630 630 631 631 632 632 632 634 634 635 0 0 0 0 0 0 0 0 0 0 0 0 0 0 0 0 0 0 0 0 0 0 0 0 0 0 0 0 0 0 0 0 0 0 0 0 0 0 0 0 0 0 0 0 0 0 0 0 0 0 0 0 0 0 0 0 0 0 0 0 0 0 0 0 0 0 0 0 0 0 0 0 0 0 0 0 0 0 0 0 0 0 0 0 0 0 0 0 0 0 0 0 0 0 0 0 0 0 0 0 0 0 0 0 0 0 0 0 0 0 0 0 0 0 0 0 0 0 0 0 0 0 0 0 0 0 0 0 0 0 0 683 680 680 680 680 680 680 682 682 682 682 682 683 683 683 683 683 684 686 686 687 687 688 687 687 687 688 688 690 691 693 693 693 693 693 693 694 696 697 697 697 698 698 698 698 700 700 701 701 703 703 703 704 704 704 704 704 706 706 706 707 707 707 707 708 708 708 708 708 710 710 710 710 710 708 708
0 0 0 0 0 0 0 0 0 0 0 0 0 0 0 0 0 0 0 0 0 0 613 613 613 612 612 613 613 613 613 614 614 614 614 614 615 616 616 616 615 614 614 615 615 616 616 616 616 616 618 618 618 619 619 621 621 621 621 621 622 621 621 622 622 622 623 624 624 624 625 625 625 625 627 625 625 625 625 625 627 627 628 628 628 628 629 629 629 628 628 630 630 629 629 629 630 630 630 630 630 631 632 632 632 632 634 634 634 634 635 635 636 0 0 0 0 0 0 0 0 0 0 0 0 0 0 0 0 0 0 0 0 0 0 0 0 0 0 0 0 0 0 0 0 0 0 0 0 0 0 0 0 0 0 0 0 0 0 0 0 0 0 0 0 0 0 0 0 0 0 0 0 0 0 0 0 0 0 0 0 0 0 0 0 0 0 0 0 0 0 0 0 0 0 0 0 0 0 0 0 0 0 0 0 0 0 0 0 0 0 0 0 0 0 0 0 0 0 0 0 0 0 0 0 0 0 0 0 0 0 0 0 0 0 0 0 0 0 0 0 0 0 0 682 680 680 680 682 682 682 683 683 683 683 683 684 684 684 684 686 686 687 688 688 688 688 688 688 688 690 691 693 693 693 694 694 694 694 696 697 697 697 698 698 700 700 700 700 700 701 703 703 703 704 704 706 706 706 706 706 706 707 708 707 707 708 708 710 708 708 710 711 711 711 711 711 711 710 710
0 0 0 0 0 0 0 0 0 0 0 0 0 0 0 0 0 0 0 0 0 0 615 615 614 614 614 614 615 614 614 615 614 614 615 615 616 616 616 616 616 615 615 616 618 618 618 618 618 618 618 619 619 619 619 624 620 620 620 621 622 621 621 623 623 624 624 625 624 624 625 625 625 627 627 627 627 628 628 628 628 628 629 629 629 629 629 630 629 629 630 630 630 629 629 629 630 630 631 631 631 631 632 632 632 632 634 635 635 635 636 636 636 0 0 0 0 0 0 0 0 0 0 0 0 0 0 0 0 0 0 0 0 0 0 0 0 0 0 0 0 0 0 0 0 0 0 0 0 0 0 0 0 0 0 0 0 0 0 0 0 0 0 0 0 0 0 0 0 0 0 0 0 0 0 0 0 0 0 0 0 0 0 0 0 0 0 0 0 0 0 0 0 0 0 0 0 0 0 0 0 0 0 0 0 0 0 0 0 0 0 0 0 0 0 0 0 0 0 0 0 0 0 0 0 0 0 0 0 0 0 0 0 0 0 0 0 0 0 0 0 0 0 0 680 680 680 680 682 682 683 683 683 683 683 684 684 686 686 686 687 687 687 688 690 690 690 690 690 690 691 693 693 694 694 694 694 696 696 696 697 697 698 698 698 700 700 700 700 701 703 704 704 704 706 706 706 707 707 707 707 707 708 710 710 708 708 708 710 711 711 711 711 713 713 714 714 713 711 711
0 0 0 0 0 0 0 0 0 0 0 0 0 0 0 0 0 0 0 0 0 0 615 615 614 614 614 615 616 615 615 615 615 616 616 616 616 616 618 618 618 618 619 619 619 619 619 619 619 619 619 619 619 621 623 624 620 620 620 621 622 623 624 624 625 625 625 627 625 625 625 625 627 628 629 628 628 629 628 628 629 629 629 629 630 630 630 631 631 630 630 630 630 630 635 631 631 631 631 631 631 631 632 634 634 634 634 636 636 636 636 636 636 0 0 0 0 0 0 0 0 0 0 0 0 0 0 0 0 0 0 0 0 0 0 0 0 0 0 0 0 0 0 0 0 0 0 0 0 0 0 0 0 0 0 0 0 0 0 0 0 0 0 0 0 0 0 0 0 0 0 0 0 0 0 0 0 0 0 0 0 0 0 0 0 0 0 0 0 0 0 0 0 0 0 0 0 0 0 0 0 0 0 0 0 0 0 0 0 0 0 0 0 0 0 0 0 0 0 0 0 0 0 0 0 0 0 0 0 0 0 0 0 0 0 0 0 0 0 0 0 0 0 0 680 680 680 682 682 683 684 684 684 684 684 686 686 687 687 687 688 688 688 690 691 690 690 691 691 693 693 693 693 694 694 696 697 697 697 697 697 698 698 698 700 701 701 701 703 703 704 706 706 706 706 706 707 707 707 708 708 708 710 711 710 710 710 710 713 711 711 713 713 714 716 716 716 714 714 713
0 0 0 0 0 0 0 0 0 0 0 0 0 0 0 0 0 0 0 0 0 0 616 616 615 613 613 616 618 616 616 616 616 616 616 616 616 618 619 619 620 620 619 619 619 619 619 619 619 620 620 620 620 623 624 625 624 623 623 623 623 624 625 625 625 625 625 627 627 625 625 625 630 630 630 629 629 629 628 628 629 629 630 630 630 630 631 631 631 631 631 631 634 635 635 635 631 631 634 632 632 632 634 635 635 634 634 636 637 637 637 637 640 0 0 0 0 0 0 0 0 0 0 0 0 0 0 0 0 0 0 0 0 0 0 0 0 0 0 0 0 0 0 0 0 0 0 0 0 0 0 0 0 0 0 0 0 0 0 0 0 0 0 0 0 0 0 0 0 0 0 0 0 0 0 0 0 0 0 0 0 0 0 0 0 0 0 0 0 0 0 0 0 0 0 0 0 0 0 0 0 0 0 0 0 0 0 0 0 0 0 0 0 0 0 0 0 0 0 0 0 0 0 0 0 0 0 0 0 0 0 0 0 0 0 0 0 0 0 0 0 0 0 683 682 682 682 683 683 684 684 686 686 686 686 687 687 687 688 688 688 688 691 693 693 693 694 694 694 694 694 694 697 697 698 698 698 698 698 698 700 700 700 700 700 703 704 704 706 706 706 706 707 708 708 708 708 708 710 711 711 711 711 713 713 713 713 713 713 713 713 714 714 716 717 717 717 717 716 714
0 0 0 0 0 0 0 0 0 0 0 0 0 0 0 0 0 0 0 0 0 0 618 616 616 613 613 618 618 618 618 616 616 618 618 618 618 618 620 620 620 620 620 620 620 620 620 620 620 620 620 621 621 623 624 625 624 623 623 623 623 624 625 625 627 627 627 628 627 627 627 627 627 630 630 629 629 629 629 629 629 630 631 630 630 630 631 631 631 631 632 634 634 635 635 635 635 636 634 634 634 636 636 635 635 634 634 636 637 637 637 637 640 0 0 0 0 0 0 0 0 0 0 0 0 0 0 0 0 0 0 0 0 0 0 0 0 0 0 0 0 0 0 0 0 0 0 0 0 0 0 0 0 0 0 0 0 0 0 0 0 0 0 0 0 0 0 0 0 0 0 0 0 0 0 0 0 0 0 0 0 0 0 0 0 0 0 0 0 0 0 0 0 0 0 0 0 0 0 0 0 0 0 0 0 0 0 0 0 0 0 0 0 0 0 0 0 0 0 0 0 0 0 0 0 0 0 0 0 0 0 0 0 0 0 0 0 0 0 0 0 0 0 683 683 686 686 686 686 686 686 687 687 687 688 688 688 690 691 691 691 693 693 694 694 694 694 694 694 696 696 697 697 698 698 698 698 698 700 700 700 701 701 701 701 706 706 706 706 706 706 706 707 708 708 710 710 710 711 711 711 711 711 713 713 713 713 713 713 713 714 716 716 717 717 717 717 717 717 717
0 0 0 0 0 0 0 0 0 0 0 0 0 0 0 0 0 0 0 0 0 0 620 620 620 620 619 619 618 618 619 618 618 619 619 620 620 621 621 621 621 621 621 621 621 621 621 621 620 620 621 622 623 623 625 625 629 627 627 627 628 628 625 625 627 627 627 628 628 627 627 627 627 631 630 630 629 629 630 631 634 634 634 630 630 630 631 632 632 634 634 634 635 635 635 636 636 636 636 636 636 636 637 637 637 637 638 638 638 640 640 640 641 0 0 0 0 0 0 0 0 0 0 0 0 0 0 0 0 0 0 0 0 0 0 0 0 0 0 0 0 0 0 0 0 0 0 0 0 0 0 0 0 0 0 0 0 0 0 0 0 0 0 0 0 0 0 0 0 0 0 0 0 0 0 0 0 0 0 0 0 0 0 0 0 0 0 0 0 0 0 0 0 0 0 0 0 0 0 0 0 0 0 0 0 0 0 0 0 0 0 0 0 0 0 0 0 0 0 0 0 0 0 0 0 0 0 0 0 0 0 0 0 0 0 0 0 0 0 0 0 0 0 684 684 687 686 686 687 686 686 687 687 687 688 690 691 691 691 693 693 693 694 694 696 696 697 696 696 697 697 698 698 700 701 700 700 700 700 701 701 701 703 704 704 706 706 706 707 707 707 707 708 710 710 711 711 711 711 711 711 711 713 713 713 713 713 713 713 713 714 717 717 719 719 719 719 719 719 719
0 0 0 0 0 0 0 0 0 0 0 0 0 0 0 0 0 0 0 0 0 0 620 620 620 620 620 619 619 619 619 620 619 619 619 620 621 621 622 622 622 622 622 623 623 624 621 621 622 622 624 623 623 624 625 625 629 628 628 628 628 628 629 628 628 628 628 628 628 628 627 627 628 628 631 631 631 631 631 632 634 634 634 634 634 635 635 635 635 635 635 635 635 636 636 636 636 636 637 637 637 638 638 637 637 637 638 638 638 640 640 640 641 0 0 0 0 0 0 0 0 0 0 0 0 0 0 0 0 0 0 0 0 0 0 0 0 0 0 0 0 0 0 0 0 0 0 0 0 0 0 0 0 0 0 0 0 0 0 0 0 0 0 0 0 0 0 0 0 0 0 0 0 0 0 0 0 0 0 0 0 0 0 0 0 0 0 0 0 0 0 0 0 0 0 0 0 0 0 0 0 0 0 0 0 0 0 0 0 0 0 0 0 0 0 0 0 0 0 0 0 0 0 0 0 0 0 0 0 0 0 0 0 0 0 0 0 0 0 0 0 0 0 0 687 687 687 687 687 687 687 687 687 688 688 690 691 691 693 693 693 694 694 696 696 697 698 697 697 697 698 698 700 700 701 701 701 701 701 703 703 703 704 704 704 707 707 707 707 707 708 710 711 711 711 711 711 711 711 713 713 713 713 714 714 714 714 714 716 716 717 719 719 719 719 719 719 720 720 722
0 0 0 0 0 0 0 0 0 0 0 0 0 0 0 0 0 0 0 0 0 0 621 620 620 620 621 621 621 620 620 620 620 620 621 621 622 622 622 622 622 622 622 623 623 625 621 621 622 622 624 623 623 625 625 627 629 629 630 630 629 629 630 631 630 628 628 629 629 632 628 628 628 628 632 632 632 632 634 634 634 634 634 634 634 636 637 637 636 636 636 636 637 637 637 637 637 638 638 638 640 640 638 638 638 640 640 640 640 641 641 641 641 0 0 0 0 0 0 0 0 0 0 0 0 0 0 0 0 0 0 0 0 0 0 0 0 0 0 0 0 0 0 0 0 0 0 0 0 0 0 0 0 0 0 0 0 0 0 0 0 0 0 0 0 0 0 0 0 0 0 0 0 0 0 0 0 0 0 0 0 0 0 0 0 0 0 0 0 0 0 0 0 0 0 0 0 0 0 0 0 0 0 0 0 0 0 0 0 0 0 0 0 0 0 0 0 0 0 0 0 0 0 0 0 0 0 0 0 0 0 0 0 0 0 0 0 0 0 0 0 0 0 0 687 687 688 688 688 688 688 688 688 690 690 690 693 693 694 694 694 694 696 696 696 697 698 698 698 698 698 700 700 700 701 701 701 701 701 703 703 704 704 706 706 707 707 707 707 708 710 711 711 711 711 711 711 713 713 713 714 714 716 716 716 716 716 716 717 717 717 719 720 722 722 720 720 720 722 722
0 0 0 0 0 0 0 0 0 0 0 0 0 0 0 0 0 0 0 0 0 0 621 620 620 620 622 622 622 621 621 621 622 622 622 622 622 623 623 623 623 623 623 624 624 625 623 623 624 624 625 625 625 627 627 628 629 629 630 630 630 630 631 631 631 630 630 631 631 631 631 631 631 634 632 632 634 634 634 634 635 635 635 635 635 636 637 637 637 637 637 638 640 640 640 638 638 638 638 640 640 640 640 640 640 640 640 640 641 642 642 642 0 0 0 0 0 0 0 0 0 0 0 0 0 0 0 0 0 0 0 0 0 0 0 0 0 0 0 0 0 0 0 0 0 0 0 0 0 0 0 0 0 0 0 0 0 0 0 0 0 0 0 0 0 0 0 0 0 0 0 0 0 0 0 0 0 0 0 0 0 0 0 0 0 0 0 0 0 0 0 0 0 0 0 0 0 0 0 0 0 0 0 0 0 0 0 0 0 0 0 0 0 0 0 0 0 0 0 0 0 0 0 0 0 0 0 0 0 0 0 0 0 0 0 0 0 0 0 0 0 0 0 0 687 687 688 688 688 690 690 691 691 691 693 693 694 694 694 694 694 694 697 697 697 697 698 698 698 698 700 700 700 701 703 703 703 703 703 703 704 704 706 707 707 708 708 708 708 710 711 711 711 711 713 713 713 713 713 714 716 716 716 717 717 717 717 717 717 717 719 720 720 722 722 722 722 723 723 725
0 0 0 0 0 0 0 0 0 0 0 0 0 0 0 0 0 0 0 0 0 0 621 621 620 620 622 622 622 622 622 622 623 624 624 624 623 623 624 624 625 624 624 625 625 625 625 625 625 627 627 627 627 627 627 628 630 630 630 630 630 631 631 631 631 630 630 632 631 631 631 632 632 634 634 634 634 634 635 635 636 636 636 636 636 636 637 637 637 638 638 638 640 640 641 640 638 638 640 640 640 640 641 640 640 640 640 641 641 643 644 0 0 0 0 0 0 0 0 0 0 0 0 0 0 0 0 0 0 0 0 0 0 0 0 0 0 0 0 0 0 0 0 0 0 0 0 0 0 0 0 0 0 0 0 0 0 0 0 0 0 0 0 0 0 0 0 0 0 0 0 0 0 0 0 0 0 0 0 0 0 0 0 0 0 0 0 0 0 0 0 0 0 0 0 0 0 0 0 0 0 0 0 0 0 0 0 0 0 0 0 0 0 0 0 0 0 0 0 0 0 0 0 0 0 0 0 0 0 0 0 0 0 0 0 0 0 0 0 0 0 0 0 0 688 688 690 690 691 691 691 693 693 693 694 694 694 696 696 696 696 697 697 698 698 700 698 698 700 700 701 701 701 701 704 704 704 704 704 704 706 706 707 708 708 710 710 710 711 711 711 711 711 711 713 713 713 714 716 717 717 717 717 716 716 717 717 719 719 719 719 720 720 720 722 722 720 720 725 725
0 0 0 0 0 0 0 0 0 0 0 0 0 0 0 0 0 0 0 0 0 0 622 622 622 623 623 623 623 623 623 623 624 624 625 625 625 625 624 624 625 625 625 625 625 627 627 627 628 627 627 628 628 629 630 630 630 630 630 631 631 631 634 632 631 631 631 634 631 631 631 632 632 634 635 635 636 636 636 635 635 636 636 636 636 636 637 637 637 638 638 638 640 641 641 641 640 640 640 640 640 640 640 644 640 640 640 641 641 644 0 0 0 0 0 0 0 0 0 0 0 0 0 0 0 0 0 0 0 0 0 0 0 0 0 0 0 0 0 0 0 0 0 0 0 0 0 0 0 0 0 0 0 0 0 0 0 0 0 0 0 0 0 0 0 0 0 0 0 0 0 0 0 0 0 0 0 0 0 0 0 0 0 0 0 0 0 0 0 0 0 0 0 0 0 0 0 0 0 0 0 0 0 0 0 0 0 0 0 0 0 0 0 0 0 0 0 0 0 0 0 0 0 0 0 0 0 0 0 0 0 0 0 0 0 0 0 0 0 0 0 0 0 690 690 691 691 691 693 693 693 693 694 694 694 694 696 696 697 697 697 697 698 698 700 700 700 700 700 700 701 703 704 704 704 704 704 704 704 704 707 707 708 708 708 711 711 713 711 711 711 710 710 711 713 713 713 714 716 716 714 714 714 714 714 714 714 717 719 719 720 720 720 720 722 722 720 720 0 0
0 0 0 0 0 0 0 0 0 0 0 0 0 0 0 0 0 0 0 0 0 0 622 622 623 623 623 624 623 623 623 623 624 624 625 625 625 625 624 624 625 625 625 625 625 627 628 628 628 627 627 629 629 630 630 630 630 630 630 631 631 631 634 632 631 631 631 634 631 631 631 632 634 635 635 636 637 637 636 635 635 637 638 636 636 636 637 638 638 638 638 638 640 641 641 641 641 640 640 641 641 641 644 644 644 641 641 641 641 0 0 0 0 0 0 0 0 0 0 0 0 0 0 0 0 0 0 0 0 0 0 0 0 0 0 0 0 0 0 0 0 0 0 0 0 0 0 0 0 0 0 0 0 0 0 0 0 0 0 0 0 0 0 0 0 0 0 0 0 0 0 0 0 0 0 0 0 0 0 0 0 0 0 0 0 0 0 0 0 0 0 0 0 0 0 0 0 0 0 0 0 0 0 0 0 0 0 0 0 0 0 0 0 0 0 0 0 0 0 0 0 0 0 0 0 0 0 0 0 0 0 0 0 0 0 0 0 0 0 0 0 0 688 688 690 691 693 693 693 693 693 693 694 694 694 694 696 697 697 697 697 698 698 700 700 700 700 700 700 700 701 701 703 704 706 704 704 704 704 706 707 708 708 708 708 711 711 713 710 707 707 708 708 708 708 708 710 703 703 703 703 704 708 711 711 714 711 711 711 719 0 0 0 0 0 0 0 0 0 0
0 0 0 0 0 0 0 0 0 0 0 0 0 0 0 0 0 0 0 0 0 0 623 623 624 624 624 624 624 624 624 624 625 625 625 625 625 625 625 625 625 625 625 625 627 629 629 629 628 627 627 629 630 630 630 630 630 630 630 630 630 631 635 635 635 635 635 635 634 632 632 634 634 635 635 636 637 637 636 635 635 636 636 636 636 637 638 640 640 638 638 638 640 641 641 641 641 641 642 641 641 643 644 644 644 644 644 641 641 0 0 0 0 0 0 0 0 0 0 0 0 0 0 0 0 0 0 0 0 0 0 0 0 0 0 0 0 0 0 0 0 0 0 0 0 0 0 0 0 0 0 0 0 0 0 0 0 0 0 0 0 0 0 0 0 0 0 0 0 0 0 0 0 0 0 0 0 0 0 0 0 0 0 0 0 0 0 0 0 0 0 0 0 0 0 0 0 0 0 0 0 0 0 0 0 0 0 0 0 0 0 0 0 0 0 0 0 0 0 0 0 0 0 0 0 0 0 0 0 0 0 0 0 0 0 0 0 0 0 0 0 0 688 688 690 693 693 693 693 693 693 694 694 697 697 697 696 696 696 697 697 698 700 700 701 701 700 698 698 698 697 697 703 704 704 704 703 703 694 694 707 708 708 708 708 711 711 713 696 696 697 698 703 703 700 698 696 696 696 696 696 698 704 711 711 714 711 700 700 700 0 0 0 0 0 0 0 0 0 0
0 0 0 0 0 0 0 0 0 0 0 0 0 0 0 0 0 0 0 0 0 0 624 624 624 625 625 625 625 625 625 625 625 625 625 627 627 627 625 625 625 625 625 627 627 629 629 629 628 628 628 629 631 631 630 630 630 630 631 630 630 631 635 635 635 635 635 635 634 632 632 635 635 635 635 636 640 640 636 635 635 636 636 637 637 638 641 640 640 638 638 640 641 641 642 641 641 641 642 642 644 644 644 644 644 644 646 646 648 0 0 0 0 0 0 0 0 0 0 0 0 0 0 0 0 0 0 0 0 0 0 0 0 0 0 0 0 0 0 0 0 0 0 0 0 0 0 0 0 0 0 0 0 0 0 0 0 0 0 0 0 0 0 0 0 0 0 0 0 0 0 0 0 0 0 0 0 0 0 0 0 0 0 0 0 0 0 0 0 0 0 0 0 0 0 0 0 0 0 0 0 0 0 0 0 0 0 0 0 0 0 0 0 0 0 0 0 0 0 0 0 0 0 0 0 0 0 0 0 0 0 0 0 0 0 0 0 0 0 0 0 0 687 687 687 687 691 691 690 690 691 693 694 694 697 684 684 687 690 694 697 697 698 698 700 701 700 691 691 693 693 691 690 687 687 704 703 703 690 690 687 687 687 684 684 687 691 694 694 696 696 696 700 690 690 691 694 694 694 693 693 694 694 694 694 694 694 696 697 698 0 0 0 0 0 0 0 0 0 0
0 0 0 0 0 0 0 0 0 0 0 0 0 0 0 0 0 0 0 0 0 0 625 625 625 627 625 625 627 627 625 625 625 625 627 627 627 627 625 625 625 625 625 627 628 630 629 629 629 629 629 630 631 632 634 632 632 632 634 632 632 635 636 635 635 636 636 636 635 635 635 635 636 637 637 638 637 637 637 637 640 640 641 641 641 641 643 642 642 641 641 641 642 642 642 641 641 641 643 644 644 644 644 646 644 644 647 647 648 648 648 649 650 0 0 0 0 0 0 0 0 0 0 0 0 0 0 0 0 0 0 0 0 0 0 0 0 0 0 0 0 0 0 0 0 0 0 0 0 0 0 0 0 0 0 0 0 0 0 0 0 0 0 0 0 0 0 0 0 0 0 0 0 0 0 0 0 0 0 0 0 0 0 0 0 0 0 0 0 0 0 0 0 0 0 0 0 0 0 0 0 0 0 0 0 0 0 0 0 0 0 0 0 0 0 0 0 0 0 0 0 0 0 0 0 0 0 0 0 0 0 0 0 0 0 0 0 0 0 0 0 0 683 680 679 679 679 679 679 687 687 693 694 694 680 680 682 680 680 680 680 680 680 678 678 679 680 686 686 688 688 691 683 683 684 708 708 688 688 687 684 684 683 683 683 683 684 691 691 696 696 683 683 687 687 688 688 688 690 688 688 691 690 690 690 690 690 696 697 698 0 0 0 0 0 0 0 0 0 0
0 0 0 0 0 0 0 0 0 0 0 0 0 0 0 0 0 0 0 0 0 0 627 627 627 627 627 627 628 627 625 625 625 625 627 627 628 628 629 630 629 629 629 630 630 630 630 630 630 631 631 631 632 632 634 634 634 634 635 632 632 635 635 635 635 635 636 636 635 635 635 635 636 638 638 638 637 637 637 637 641 640 640 641 641 641 643 643 644 643 642 642 643 643 643 642 642 643 644 644 644 646 646 646 646 646 647 647 649 648 648 649 650 0 0 0 0 0 0 0 0 0 0 0 0 0 0 0 0 0 0 0 0 0 0 0 0 0 0 0 0 0 0 0 0 0 0 0 0 0 0 0 0 0 0 0 0 0 0 0 0 0 0 0 0 0 0 0 0 0 0 0 0 0 0 0 0 0 0 0 0 0 0 0 0 0 0 0 0 0 0 0 0 0 0 0 0 0 0 0 0 0 0 0 0 0 0 0 0 0 0 0 0 0 0 0 0 0 0 0 0 0 0 0 0 0 0 0 0 0 0 0 0 0 0 0 0 0 0 0 0 0 683 676 676 676 676 676 676 676 675 675 676 675 675 679 680 680 679 679 678 678 678 678 678 678 679 682 674 674 676 678 679 679 679 678 678 676 676 676 682 682 680 680 680 679 679 691 691 678 678 679 679 680 680 680 680 683 679 679 684 684 684 690 690 690 690 0 0 0 0 0 0 0 0 0 0 0 0 0
0 0 0 0 0 0 0 0 0 0 0 0 0 0 0 0 0 0 0 0 0 0 627 627 627 627 627 627 628 629 628 628 628 628 628 629 628 628 630 630 629 629 629 630 630 630 630 630 630 631 631 631 632 632 635 635 636 636 636 636 636 635 635 635 635 635 636 636 637 637 637 637 637 638 638 638 638 638 640 640 641 640 640 641 642 643 644 644 644 644 643 643 644 644 644 644 644 644 646 646 646 646 646 647 647 647 647 648 648 649 649 650 653 0 0 0 0 0 0 0 0 0 0 0 0 0 0 0 0 0 0 0 0 0 0 0 0 0 0 0 0 0 0 0 0 0 0 0 0 0 0 0 0 0 0 0 0 0 0 0 0 0 0 0 0 0 0 0 0 0 0 0 0 0 0 0 0 0 0 0 0 0 0 0 0 0 0 0 0 0 0 0 0 0 0 0 0 0 0 0 0 0 0 0 0 0 0 0 0 0 0 0 0 0 0 0 0 0 0 0 0 0 0 0 0 0 0 0 0 0 0 0 0 0 0 0 0 0 0 0 0 0 670 670 671 675 675 674 672 672 672 672 672 671 668 668 671 671 674 674 674 674 674 674 671 671 671 671 671 671 672 672 674 670 670 671 675 674 671 671 671 672 672 674 675 675 674 672 672 674 674 675 675 675 676 675 675 676 675 675 675 674 674 674 674 674 664 0 0 0 0 0 0 0 0 0 0 0 0 0
0 0 0 0 0 0 0 0 0 0 0 0 0 0 0 0 0 0 0 0 0 0 628 627 627 628 627 627 629 629 628 628 628 628 629 629 629 630 630 631 631 630 630 631 631 631 630 630 630 631 631 631 634 634 635 636 636 636 637 637 637 637 635 635 636 636 636 637 638 640 640 640 638 638 638 640 640 640 640 640 642 642 642 643 643 643 644 644 644 644 644 644 646 646 646 647 646 646 646 646 648 648 648 648 648 648 648 648 648 649 649 652 653 0 0 0 0 0 0 0 0 0 0 0 0 0 0 0 0 0 0 0 0 0 0 0 0 0 0 0 0 0 0 0 0 0 0 0 0 0 0 0 0 0 0 0 0 0 0 0 0 0 0 0 0 0 0 0 0 0 0 0 0 0 0 0 0 0 0 0 0 0 0 0 0 0 0 0 0 0 0 0 0 0 0 0 0 0 0 0 0 0 0 0 0 0 0 0 0 0 0 0 0 0 0 0 0 0 0 0 0 0 0 0 0 0 0 0 0 0 0 0 0 0 0 0 0 0 0 0 0 664 664 667 667 670 672 671 668 667 667 667 667 667 663 663 666 667 668 671 670 670 670 670 670 670 670 670 668 667 667 667 667 667 668 668 667 664 664 666 667 668 668 671 672 672 671 670 668 668 670 672 672 672 671 671 671 668 668 668 668 670 670 672 672 672 664 664 0 0 0 0 0 0 0 0 0 0 0 0
0 0 0 0 0 0 0 0 0 0 0 0 0 0 0 0 0 0 0 0 0 0 629 628 628 629 629 629 629 629 629 629 629 629 630 630 630 630 631 632 631 630 630 631 631 632 632 632 632 632 632 634 634 634 635 636 636 636 637 637 637 637 635 635 636 636 637 637 640 640 641 641 641 641 640 640 640 640 640 643 642 642 642 643 644 644 644 644 646 646 646 647 647 647 647 647 646 646 648 648 648 649 649 649 649 649 649 649 649 650 652 652 653 0 0 0 0 0 0 0 0 0 0 0 0 0 0 0 0 0 0 0 0 0 0 0 0 0 0 0 0 0 0 0 0 0 0 0 0 0 0 0 0 0 0 0 0 0 0 0 0 0 0 0 0 0 0 0 0 0 0 0 0 0 0 0 0 0 0 0 0 0 0 0 0 0 0 0 0 0 0 0 0 0 0 0 0 0 0 0 0 0 0 0 0 0 0 0 0 0 0 0 0 0 0 0 0 0 0 0 0 0 0 0 0 0 0 0 0 0 0 0 0 0 0 0 0 0 0 0 0 664 650 650 650 650 652 653 654 654 654 654 654 654 653 653 654 653 653 653 652 652 653 652 652 652 652 650 650 652 663 663 652 652 654 654 654 655 655 661 661 663 662 662 672 658 658 659 661 663 663 666 667 667 666 666 666 666 666 666 666 666 667 668 670 667 664 664 0 0 0 0 0 0 0 0 0 0 0 0
0 0 0 0 0 0 0 0 0 0 0 0 0 0 0 0 0 0 0 0 0 0 629 628 628 629 629 629 629 629 629 629 630 630 630 631 631 631 632 632 631 631 631 631 631 632 632 632 632 634 634 634 634 635 637 637 637 637 638 638 638 637 637 637 637 638 638 638 640 641 641 641 641 641 641 641 642 642 644 643 643 644 644 644 644 646 646 646 646 646 647 648 648 648 648 648 648 648 649 649 649 649 636 636 649 649 649 650 650 650 652 653 654 0 0 0 0 0 0 0 0 0 0 0 0 0 0 0 0 0 0 0 0 0 0 0 0 0 0 0 0 0 0 0 0 0 0 0 0 0 0 0 0 0 0 0 0 0 0 0 0 0 0 0 0 0 0 0 0 0 0 0 0 0 0 0 0 0 0 0 0 0 0 0 0 0 0 0 0 0 0 0 0 0 0 0 0 0 0 0 0 0 0 0 0 0 0 0 0 0 0 0 0 0 0 0 0 0 0 0 0 0 0 0 0 0 0 0 0 0 0 0 0 0 0 0 0 0 0 0 0 664 647 647 647 647 648 649 648 648 648 648 648 648 649 648 648 649 649 649 648 648 646 646 649 649 649 649 649 647 647 647 648 648 649 650 652 652 652 652 652 652 652 652 652 653 652 652 652 655 655 655 653 653 652 652 650 648 648 648 655 657 655 653 652 652 653 664 0 0 0 0 0 0 0 0 0 0 0 0
0 0 0 0 0 0 0 0 0 0 0 0 0 0 0 0 0 0 0 0 0 0 629 628 628 629 629 629 629 629 629 630 630 631 631 632 632 632 632 632 634 632 632 634 632 632 634 634 634 635 635 635 635 636 637 637 637 637 638 640 640 638 638 640 640 641 640 640 641 641 642 641 641 641 641 642 643 643 644 644 644 644 644 646 646 647 647 647 647 647 648 648 648 648 648 648 648 649 649 649 650 635 635 635 636 649 650 650 650 650 653 653 654 0 0 0 0 0 0 0 0 0 0 0 0 0 0 0 0 0 0 0 0 0 0 0 0 0 0 0 0 0 0 0 0 0 0 0 0 0 0 0 0 0 0 0 0 0 0 0 0 0 0 0 0 0 0 0 0 0 0 0 0 0 0 0 0 0 0 0 0 0 0 0 0 0 0 0 0 0 0 0 0 0 0 0 0 0 0 0 0 0 0 0 0 0 0 0 0 0 0 0 0 0 0 0 0 0 0 0 0 0 0 0 0 0 0 0 0 0 0 0 0 0 0 0 0 0 0 0 0 642 642 642 643 644 646 647 646 646 644 644 646 646 646 643 642 642 642 642 642 643 642 642 643 643 643 643 643 646 646 646 646 647 647 647 644 644 644 647 647 648 649 649 649 649 648 648 648 648 648 648 648 649 649 649 648 647 647 647 647 648 648 648 648 648 649 649 0 0 0 0 0 0 0 0 0 0 0 0
0 0 0 0 0 0 0 0 0 0 0 0 0 0 0 0 0 0 0 0 0 0 630 630 630 630 630 631 631 630 630 630 630 632 632 632 632 632 632 632 634 634 634 634 634 634 634 634 634 635 635 635 635 636 638 638 640 640 640 640 640 641 641 642 642 642 643 643 643 643 644 644 644 644 644 644 646 646 646 646 646 646 646 647 647 647 648 648 648 649 649 630 629 629 650 649 649 649 650 650 631 631 632 632 632 632 650 631 630 630 630 632 655 0 0 0 0 0 0 0 0 0 0 0 0 0 0 0 0 0 0 0 0 0 0 0 0 0 0 0 0 0 0 0 0 0 0 0 0 0 0 0 0 0 0 0 0 0 0 0 0 0 0 0 0 0 0 0 0 0 0 0 0 0 0 0 0 0 0 0 0 0 0 0 0 0 0 0 0 0 0 0 0 0 0 0 0 0 0 0 0 0 0 0 0 0 0 0 0 0 0 0 0 0 0 0 0 0 0 0 0 0 0 0 0 0 0 0 0 0 0 0 0 0 0 0 0 0 0 0 0 642 640 638 638 641 635 635 635 636 636 637 640 638 638 638 636 636 636 637 637 640 641 640 640 640 638 638 638 637 637 638 642 641 641 641 640 640 640 642 643 643 641 641 640 640 640 643 646 643 643 643 646 647 647 646 643 643 643 643 643 643 646 646 646 647 647 649 0 0 0 0 0 0 0 0 0 0 0 0
0 0 0 0 0 0 0 0 0 0 0 0 0 0 0 0 0 0 0 0 0 0 631 630 630 631 631 632 632 631 631 632 632 632 634 634 634 634 634 635 635 635 636 635 635 635 635 635 635 636 636 636 637 638 640 640 640 640 641 641 641 641 642 643 643 643 643 643 643 643 646 644 644 644 644 646 646 646 646 646 647 647 647 647 624 624 624 623 623 625 627 629 629 629 629 629 629 630 629 629 630 630 631 631 631 630 629 629 629 629 629 630 0 0 0 0 0 0 0 0 0 0 0 0 0 0 0 0 0 0 0 0 0 0 0 0 0 0 0 0 0 0 0 0 0 0 0 0 0 0 0 0 0 0 0 0 0 0 0 0 0 0 0 0 0 0 0 0 0 0 0 0 0 0 0 0 0 0 0 0 0 0 0 0 0 0 0 0 0 0 0 0 0 0 0 0 0 0 0 0 0 0 0 0 0 0 0 0 0 0 0 0 0 0 0 0 0 0 0 0 0 0 0 0 0 0 0 0 0 0 0 0 0 0 0 0 0 0 0 628 628 629 630 631 631 630 629 629 630 631 632 632 632 632 634 635 636 634 634 634 634 632 632 632 634 636 636 635 634 634 634 634 634 634 635 636 634 634 634 635 635 635 635 635 635 636 637 638 635 635 635 635 635 635 635 636 636 635 635 635 635 635 635 642 642 647 647 647 0 0 0 0 0 0 0 0 0 0 0 0
0 0 0 0 0 0 0 0 0 0 0 0 0 0 0 0 0 0 0 0 0 0 631 631 631 632 634 634 634 632 632 632 632 634 634 634 634 634 634 635 635 635 636 636 636 637 637 635 635 636 636 637 620 620 640 641 640 640 641 641 616 616 615 615 616 616 616 616 616 621 621 621 622 621 621 620 620 621 621 623 623 623 623 623 623 622 622 622 622 624 624 627 627 627 627 623 623 627 627 627 627 627 627 627 627 628 628 628 628 627 625 624 624 0 0 0 0 0 0 0 0 0 0 0 0 0 0 0 0 0 0 0 0 0 0 0 0 0 0 0 0 0 0 0 0 0 0 0 0 0 0 0 0 0 0 0 0 0 0 0 0 0 0 0 0 0 0 0 0 0 0 0 0 0 0 0 0 0 0 0 0 0 0 0 0 0 0 0 0 0 0 0 0 0 0 0 0 0 0 0 0 0 0 0 0 0 0 0 0 0 0 0 0 0 0 0 0 0 0 0 0 0 0 0 0 0 0 0 0 0 0 0 0 0 0 0 0 0 629 628 628 625 625 625 627 627 627 627 627 627 627 629 630 630 630 627 627 630 630 629 627 627 627 627 627 627 628 631 631 631 625 625 627 628 628 629 629 630 629 629 628 628 628 629 630 631 634 630 630 631 632 632 632 631 631 631 631 631 631 631 632 632 632 632 627 627 628 628 628 628 0 0 0 0 0 0 0 0 0 0
0 0 0 0 0 0 0 0 0 0 0 0 0 0 0 0 0 0 0 0 0 0 631 631 631 635 635 634 634 634 634 634 634 634 634 634 618 615 614 614 614 615 615 615 638 638 616 616 616 616 616 618 618 619 615 614 614 615 615 618 616 616 615 615 616 616 616 616 619 619 619 619 620 620 619 619 619 620 621 621 622 621 621 621 620 618 616 616 618 619 620 622 622 623 623 622 622 621 621 622 622 622 621 621 618 613 613 627 622 622 625 624 616 616 0 0 0 0 0 0 0 0 0 0 0 0 0 0 0 0 0 0 0 0 0 0 0 0 0 0 0 0 0 0 0 0 0 0 0 0 0 0 0 0 0 0 0 0 0 0 0 0 0 0 0 0 0 0 0 0 0 0 0 0 0 0 0 0 0 0 0 0 0 0 0 0 0 0 0 0 0 0 0 0 0 0 0 0 0 0 0 0 0 0 0 0 0 0 0 0 0 0 0 0 0 0 0 0 0 0 0 0 0 0 0 0 0 0 0 0 0 0 0 0 0 0 0 0 627 625 624 623 623 623 621 621 621 622 622 623 623 623 623 622 621 621 622 622 625 627 625 625 625 624 623 623 623 623 623 628 623 623 623 623 627 627 628 628 627 627 624 624 625 628 628 629 629 628 628 629 629 630 625 625 625 625 627 627 627 628 629 630 625 624 624 625 627 628 628 628 0 0 0 0 0 0 0 0 0 0
0 0 0 0 0 0 0 0 0 0 0 0 0 0 0 0 0 0 0 0 0 0 611 611 611 611 612 612 612 634 634 636 635 613 613 615 616 615 614 614 614 614 614 613 613 613 614 614 614 614 614 614 615 616 613 613 613 614 614 616 616 618 614 614 612 612 613 616 618 616 613 613 616 616 616 616 616 618 620 620 621 616 616 616 616 615 615 615 616 616 618 616 616 618 618 622 622 620 619 618 618 618 616 616 616 612 612 613 614 616 612 612 613 613 0 0 0 0 0 0 0 0 0 0 0 0 0 0 0 0 0 0 0 0 0 0 0 0 0 0 0 0 0 0 0 0 0 0 0 0 0 0 0 0 0 0 0 0 0 0 0 0 0 0 0 0 0 0 0 0 0 0 0 0 0 0 0 0 0 0 0 0 0 0 0 0 0 0 0 0 0 0 0 0 0 0 0 0 0 0 0 0 0 0 0 0 0 0 0 0 0 0 0 0 0 0 0 0 0 0 0 0 0 0 0 0 0 0 0 0 0 0 0 0 0 0 0 0 627 625 624 623 618 618 619 619 619 618 615 615 615 615 618 616 616 618 618 618 618 618 618 618 622 622 621 621 619 619 619 619 619 621 622 622 621 621 625 619 619 619 619 621 621 623 625 628 620 620 625 628 628 625 623 622 622 622 622 623 623 621 620 620 620 620 622 623 624 624 628 628 0 0 0 0 0 0 0 0 0 0
0 0 0 0 0 0 0 0 0 0 0 0 0 0 0 0 0 0 0 0 0 0 611 611 611 611 612 612 612 610 606 606 609 611 610 609 607 607 608 611 611 611 611 611 610 610 612 612 612 612 611 609 608 608 608 609 609 609 610 610 613 611 610 609 609 609 609 607 607 608 608 609 609 609 610 613 614 615 618 620 608 608 609 610 612 613 613 613 613 613 615 614 610 609 609 609 613 613 612 609 608 608 609 610 612 611 611 612 611 609 609 611 611 612 0 0 0 0 0 0 0 0 0 0 0 0 0 0 0 0 0 0 0 0 0 0 0 0 0 0 0 0 0 0 0 0 0 0 0 0 0 0 0 0 0 0 0 0 0 0 0 0 0 0 0 0 0 0 0 0 0 0 0 0 0 0 0 0 0 0 0 0 0 0 0 0 0 0 0 0 0 0 0 0 0 0 0 0 0 0 0 0 0 0 0 0 0 0 0 0 0 0 0 0 0 0 0 0 0 0 0 0 0 0 0 0 0 0 0 0 0 0 0 0 0 0 0 0 0 609 609 609 610 613 613 612 612 612 611 611 613 613 613 613 610 610 614 611 611 613 614 614 615 622 621 615 614 613 613 614 614 614 614 614 613 611 611 612 611 611 616 618 618 615 614 614 615 616 612 612 613 614 615 616 618 620 620 620 620 619 619 619 619 619 621 623 623 624 0 0 0 0 0 0 0 0 0 0 0 0
0 0 0 0 0 0 0 0 0 0 0 0 0 0 0 0 0 0 0 0 0 0 608 608 604 602 602 600 600 602 602 602 604 603 603 604 604 604 603 603 603 603 606 607 608 608 608 608 608 604 604 604 604 604 606 606 606 604 604 606 603 603 604 606 607 607 606 604 604 604 604 607 608 608 608 608 607 606 606 604 604 606 604 604 604 604 613 611 604 604 615 600 600 607 607 607 608 608 608 606 606 606 606 607 609 609 611 606 604 603 603 606 606 608 0 0 0 0 0 0 0 0 0 0 0 0 0 0 0 0 0 0 0 0 0 0 0 0 0 0 0 0 0 0 0 0 0 0 0 0 0 0 0 0 0 0 0 0 0 0 0 0 0 0 0 0 0 0 0 0 0 0 0 0 0 0 0 0 0 0 0 0 0 0 0 0 0 0 0 0 0 0 0 0 0 0 0 0 0 0 0 0 0 0 0 0 0 0 0 0 0 0 0 0 0 0 0 0 0 0 0 0 0 0 0 0 0 0 0 0 0 0 0 0 0 0 0 0 0 607 607 609 609 610 613 612 606 606 607 608 608 607 607 607 607 607 607 610 609 608 608 608 608 611 611 612 613 612 611 611 610 610 610 610 610 610 610 611 610 610 611 614 613 613 612 612 612 611 611 611 611 612 612 611 611 611 611 614 616 618 618 616 614 614 618 619 623 0 0 0 0 0 0 0 0 0 0 0 0 0
0 0 0 0 0 0 0 0 0 0 0 0 0 0 0 0 0 0 0 0 0 0 602 602 602 602 602 598 598 599 599 600 602 602 602 601 600 600 599 599 599 599 599 602 602 603 602 599 599 599 600 600 600 600 600 602 601 601 601 600 600 600 602 603 603 604 604 604 603 603 603 603 603 608 608 603 602 602 602 601 601 602 602 600 600 600 599 599 600 600 600 600 599 599 607 607 608 608 608 604 604 604 602 597 597 598 599 600 600 599 599 602 603 608 0 0 0 0 0 0 0 0 0 0 0 0 0 0 0 0 0 0 0 0 0 0 0 0 0 0 0 0 0 0 0 0 0 0 0 0 0 0 0 0 0 0 0 0 0 0 0 0 0 0 0 0 0 0 0 0 0 0 0 0 0 0 0 0 0 0 0 0 0 0 0 0 0 0 0 0 0 0 0 0 0 0 0 0 0 0 0 0 0 0 0 0 0 0 0 0 0 0 0 0 0 0 0 0 0 0 0 0 0 0 0 0 0 0 0 0 0 0 0 0 0 0 0 0 0 607 601 601 602 607 603 602 601 601 602 603 604 604 603 603 604 604 603 601 601 602 602 604 604 604 607 607 610 612 611 603 603 604 606 606 607 608 608 609 609 610 606 606 613 610 609 609 608 608 609 609 609 610 610 608 608 608 608 607 607 604 604 604 608 610 610 610 0 0 0 0 0 0 0 0 0 0 0 0 0 0
0 0 0 0 0 0 0 0 0 0 0 0 0 0 0 0 0 0 0 0 0 0 602 597 597 599 595 595 595 595 595 594 592 592 602 594 594 595 596 597 598 598 598 598 597 595 595 596 597 598 597 596 596 597 597 597 597 597 599 600 597 596 596 597 603 604 595 595 598 599 591 591 592 592 593 593 596 596 597 593 593 593 594 596 596 596 595 595 595 596 598 598 596 596 596 596 596 594 594 595 597 597 599 596 596 596 597 598 598 597 597 597 595 595 0 0 0 0 0 0 0 0 0 0 0 0 0 0 0 0 0 0 0 0 0 0 0 0 0 0 0 0 0 0 0 0 0 0 0 0 0 0 0 0 0 0 0 0 0 0 0 0 0 0 0 0 0 0 0 0 0 0 0 0 0 0 0 0 0 0 0 0 0 0 0 0 0 0 0 0 0 0 0 0 0 0 0 0 0 0 0 0 0 0 0 0 0 0 0 0 0 0 0 0 0 0 0 0 0 0 0 0 0 0 0 0 0 0 0 0 0 0 0 0 0 0 0 0 0 597 597 598 598 599 598 598 598 598 599 599 599 599 599 600 600 600 598 598 599 600 601 602 601 601 597 597 597 597 599 600 600 601 601 600 599 598 598 604 604 604 603 603 603 610 603 603 604 604 607 607 607 607 604 603 603 603 603 603 602 602 602 604 604 609 607 602 602 0 0 0 0 0 0 0 0 0 0 0 0 0
0 0 0 0 0 0 0 0 0 0 0 0 0 0 0 0 0 0 0 0 0 0 0 595 595 599 591 591 593 593 593 594 590 590 591 591 592 593 592 591 591 591 592 593 591 591 592 594 594 593 592 591 591 591 591 591 592 593 596 599 595 594 593 592 589 589 589 591 591 588 588 589 590 591 592 592 592 594 594 591 591 591 592 591 591 591 592 592 593 591 591 592 594 594 594 591 591 592 592 594 594 594 595 595 595 595 597 598 598 597 591 590 590 592 0 0 0 0 0 0 0 0 0 0 0 0 0 0 0 0 0 0 0 0 0 0 0 0 0 0 0 0 0 0 0 0 0 0 0 0 0 0 0 0 0 0 0 0 0 0 0 0 0 0 0 0 0 0 0 0 0 0 0 0 0 0 0 0 0 0 0 0 0 0 0 0 0 0 0 0 0 0 0 0 0 0 0 0 0 0 0 0 0 0 0 0 0 0 0 0 0 0 0 0 0 0 0 0 0 0 0 0 0 0 0 0 0 0 0 0 0 0 0 0 0 0 0 0 0 595 595 595 594 593 593 595 595 596 596 593 593 593 593 594 594 594 594 595 597 598 601 602 592 592 593 595 596 596 596 596 596 597 596 596 594 594 594 594 595 595 594 594 595 595 596 603 604 604 597 595 595 595 595 600 600 600 598 597 597 598 598 599 602 602 602 600 600 0 0 0 0 0 0 0 0 0 0 0 0 0
0 0 0 0 0 0 0 0 0 0 0 0 0 0 0 0 0 0 0 0 0 0 0 586 586 586 586 589 591 590 590 588 588 589 589 589 591 590 589 588 588 588 586 586 587 588 590 590 587 586 586 589 587 587 588 588 588 584 584 585 585 587 589 587 587 586 586 586 584 584 585 585 588 588 588 588 588 588 588 588 588 589 589 589 589 589 591 591 589 588 587 586 584 584 585 585 586 584 584 591 585 585 595 595 595 595 597 597 584 584 585 587 588 590 0 0 0 0 0 0 0 0 0 0 0 0 0 0 0 0 0 0 0 0 0 0 0 0 0 0 0 0 0 0 0 0 0 0 0 0 0 0 0 0 0 0 0 0 0 0 0 0 0 0 0 0 0 0 0 0 0 0 0 0 0 0 0 0 0 0 0 0 0 0 0 0 0 0 0 0 0 0 0 0 0 0 0 0 0 0 0 0 0 0 0 0 0 0 0 0 0 0 0 0 0 0 0 0 0 0 0 0 0 0 0 0 0 0 0 0 0 0 0 0 0 0 0 0 0 595 595 595 585 585 586 586 592 592 590 590 590 590 590 591 590 590 591 591 589 589 589 589 589 590 591 593 594 594 593 593 593 595 593 591 591 593 592 592 592 592 592 593 593 593 594 589 589 592 593 594 594 593 593 596 590 590 595 595 595 596 596 590 590 590 591 595 597 0 0 0 0 0 0 0 0 0 0 0 0 0
0 0 0 0 0 0 0 0 0 0 0 0 0 0 0 0 0 0 0 0 0 0 0 584 584 584 583 583 583 583 587 587 587 587 586 586 587 586 586 587 585 583 583 583 583 586 586 578 578 580 581 583 586 586 586 587 581 581 583 583 584 585 585 585 584 583 582 582 582 583 583 583 583 583 583 585 585 585 586 584 584 583 583 584 583 582 580 580 586 586 585 584 584 584 583 583 582 582 582 584 584 584 581 581 584 584 582 582 582 582 582 582 582 582 582 582 0 0 0 0 0 0 0 0 0 0 0 0 0 0 0 0 0 0 0 0 0 0 0 0 0 0 0 0 0 0 0 0 0 0 0 0 0 0 0 0 0 0 0 0 0 0 0 0 0 0 0 0 0 0 0 0 0 0 0 0 0 0 0 0 0 0 0 0 0 0 0 0 0 0 0 0 0 0 0 0 0 0 0 0 0 0 0 0 0 0 0 0 0 0 0 0 0 0 0 0 0 0 0 0 0 0 0 0 0 0 0 0 0 0 0 0 0 0 0 0 0 0 584 584 583 583 583 584 584 585 585 585 585 588 588 588 586 585 585 585 585 582 582 582 583 586 587 587 588 588 589 588 587 587 585 585 584 584 586 590 589 589 588 585 585 587 589 589 588 588 588 589 590 590 590 591 590 590 589 589 589 589 590 591 587 587 587 586 586 587 586 586 587 0 0 0 0 0 0 0 0 0 0 0
0 0 0 0 0 0 0 0 0 0 0 0 0 0 0 0 0 0 0 0 0 0 0 582 582 581 581 581 581 581 584 584 585 576 576 577 577 579 581 575 574 574 576 577 576 575 575 576 577 578 578 576 576 575 575 580 580 580 581 581 584 575 575 579 581 581 582 581 581 582 582 579 579 580 581 582 584 585 584 578 578 579 580 581 580 577 576 576 576 577 579 581 581 581 580 579 579 579 579 577 572 572 573 574 584 582 578 578 579 579 579 579 579 579 579 580 0 0 0 0 0 0 0 0 0 0 0 0 0 0 0 0 0 0 0 0 0 0 0 0 0 0 0 0 0 0 0 0 0 0 0 0 0 0 0 0 0 0 0 0 0 0 0 0 0 0 0 0 0 0 0 0 0 0 0 0 0 0 0 0 0 0 0 0 0 0 0 0 0 0 0 0 0 0 0 0 0 0 0 0 0 0 0 0 0 0 0 0 0 0 0 0 0 0 0 0 0 0 0 0 0 0 0 0 0 0 0 0 0 0 0 0 0 0 0 0 0 0 580 580 580 581 581 582 582 583 582 582 581 581 583 584 583 582 581 580 577 577 579 580 581 581 583 584 584 582 580 580 581 581 582 583 583 583 583 581 581 581 581 582 582 582 583 585 585 585 585 586 587 587 590 588 588 587 587 585 585 584 583 583 585 585 586 585 585 586 585 585 585 585 0 0 0 0 0 0 0 0 0 0
0 0 0 0 0 0 0 0 0 0 0 0 0 0 0 0 0 0 0 0 0 0 0 582 582 581 581 577 575 575 572 572 571 571 572 573 573 574 574 572 572 573 574 575 574 573 573 573 574 575 576 575 575 572 572 573 575 576 575 575 572 572 574 575 576 579 580 581 581 572 572 572 573 576 576 577 584 572 572 573 575 576 577 581 576 575 575 575 575 575 576 581 581 576 576 576 576 573 572 572 571 571 572 574 574 582 573 573 575 576 576 576 575 575 577 579 0 0 0 0 0 0 0 0 0 0 0 0 0 0 0 0 0 0 0 0 0 0 0 0 0 0 0 0 0 0 0 0 0 0 0 0 0 0 0 0 0 0 0 0 0 0 0 0 0 0 0 0 0 0 0 0 0 0 0 0 0 0 0 0 0 0 0 0 0 0 0 0 0 0 0 0 0 0 0 0 0 0 0 0 0 0 0 0 0 0 0 0 0 0 0 0 0 0 0 0 0 0 0 0 0 0 0 0 0 0 0 0 0 0 0 0 0 0 0 0 0 575 575 575 574 574 577 580 580 580 577 577 577 576 576 576 576 579 573 573 574 574 574 577 579 579 580 581 580 579 578 578 579 579 579 579 579 580 580 578 578 578 579 580 579 579 579 579 579 581 581 581 585 587 582 581 580 579 579 579 581 581 581 580 580 580 580 580 581 581 584 584 582 582 581 579 578 578 578 578 579 580 580 579
0 0 0 0 0 0 0 0 0 0 0 0 0 0 0 0 0 0 0 0 0 0 0 568 568 569 570 570 568 568 569 569 570 570 571 571 571 567 567 569 570 570 571 571 571 570 570 569 567 567 568 567 567 568 568 571 571 571 572 572 572 572 572 568 568 568 565 565 567 568 568 568 568 568 568 571 571 571 571 572 574 576 577 568 568 569 570 572 573 574 568 568 568 568 576 572 572 572 571 566 566 565 565 561 561 562 565 565 565 566 566 566 566 565 565 579 0 0 0 0 0 0 0 0 0 0 0 0 0 0 0 0 0 0 0 0 0 0 0 0 0 0 0 0 0 0 0 0 0 0 0 0 0 0 0 0 0 0 0 0 0 0 0 0 0 0 0 0 0 0 0 0 0 0 0 0 0 0 0 0 0 0 0 0 0 0 0 0 0 0 0 0 0 0 0 0 0 0 0 0 0 0 0 0 0 0 0 0 0 0 0 0 0 0 0 0 0 0 0 0 0 0 0 0 0 0 0 0 0 0 0 0 0 0 0 0 0 573 571 571 571 570 569 568 568 569 569 568 568 568 569 569 573 569 569 570 570 571 569 569 570 570 570 570 570 570 569 569 574 573 573 573 573 573 572 572 573 574 574 574 573 573 573 573 574 574 574 574 574 575 575 581 579 575 575 574 574 574 577 575 575 574 574 574 575 575 578 584 578 578 578 579 578 578 577 577 578 578 580 577
0 0 0 0 0 0 0 0 0 0 0 0 0 0 0 0 0 0 0 0 0 0 0 567 567 567 567 567 565 565 565 565 565 565 565 565 565 565 565 567 568 569 567 567 567 567 565 565 565 565 565 565 565 565 565 564 564 562 562 564 563 563 565 562 560 560 560 561 562 562 562 563 562 562 563 568 571 558 558 558 558 560 561 562 562 564 565 565 562 561 561 562 563 564 558 558 558 559 560 561 563 562 562 561 558 558 559 562 564 564 564 564 563 563 560 560 0 0 0 0 0 0 0 0 0 0 0 0 0 0 0 0 0 0 0 0 0 0 0 0 0 0 0 0 0 0 0 0 0 0 0 0 0 0 0 0 0 0 0 0 0 0 0 0 0 0 0 0 0 0 0 0 0 0 0 0 0 0 0 0 0 0 0 0 0 0 0 0 0 0 0 0 0 0 0 0 0 0 0 0 0 0 0 0 0 0 0 0 0 0 0 0 0 0 0 0 0 0 0 0 0 0 0 0 0 0 0 0 0 0 0 0 0 0 0 0 0 573 571 571 565 565 565 564 564 566 564 564 565 564 562 562 562 562 566 566 568 567 565 565 565 565 565 565 565 565 565 565 565 566 566 566 565 565 565 565 566 565 565 565 568 568 570 570 570 565 565 567 569 572 569 566 566 567 567 567 569 569 569 570 571 571 567 566 566 566 567 569 571 573 578 579 579 579 577 577 570 570 569 569
0 0 0 0 0 0 0 0 0 0 0 0 0 0 0 0 0 0 0 0 0 0 0 559 558 558 560 559 559 559 560 561 559 559 557 557 558 559 557 556 556 556 556 565 554 554 556 556 557 560 560 563 563 563 560 560 561 558 558 557 557 558 554 554 556 557 558 557 557 558 557 557 557 557 558 568 568 557 557 557 557 557 558 558 558 557 557 558 558 558 559 557 554 554 555 556 556 555 555 556 557 559 559 557 557 557 557 558 557 557 557 559 560 557 557 557 0 0 0 0 0 0 0 0 0 0 0 0 0 0 0 0 0 0 0 0 0 0 0 0 0 0 0 0 0 0 0 0 0 0 0 0 0 0 0 0 0 0 0 0 0 0 0 0 0 0 0 0 0 0 0 0 0 0 0 0 0 0 0 0 0 0 0 0 0 0 0 0 0 0 0 0 0 0 0 0 0 0 0 0 0 0 0 0 0 0 0 0 0 0 0 0 0 0 0 0 0 0 0 0 0 0 0 0 0 0 0 0 0 0 0 0 0 0 0 0 557 557 557 557 557 559 564 563 562 559 559 559 560 560 560 559 559 560 560 566 558 558 559 562 562 562 561 561 561 562 562 562 562 562 561 561 562 564 565 565 560 560 562 564 564 565 570 570 570 565 565 565 563 563 565 565 565 564 564 565 563 563 565 564 564 567 564 564 564 564 564 569 560 560 560 564 564 565 565 565 570 569 569 563
0 0 0 0 0 0 0 0 0 0 0 0 0 0 0 0 0 0 0 0 0 0 0 559 553 553 554 556 556 558 558 554 554 554 556 557 549 549 549 550 554 554 553 552 552 553 552 551 551 551 552 554 554 558 558 558 558 555 554 554 554 554 554 554 555 556 557 555 554 554 554 554 554 554 554 554 553 552 552 553 554 556 557 557 557 556 555 555 554 554 554 554 554 554 554 554 554 554 554 554 553 552 552 553 553 553 554 554 554 554 550 550 550 550 550 551 0 0 0 0 0 0 0 0 0 0 0 0 0 0 0 0 0 0 0 0 0 0 0 0 0 0 0 0 0 0 0 0 0 0 0 0 0 0 0 0 0 0 0 0 0 0 0 0 0 0 0 0 0 0 0 0 0 0 0 0 0 0 0 0 0 0 0 0 0 0 0 0 0 0 0 0 0 0 0 0 0 0 0 0 0 0 0 0 0 0 0 0 0 0 0 0 0 0 0 0 0 0 0 0 0 0 0 0 0 0 0 0 0 0 0 0 0 0 0 0 557 554 554 554 554 554 554 554 555 556 557 554 552 552 555 556 557 557 556 555 555 555 557 558 558 557 557 557 557 559 558 558 558 558 558 558 559 558 557 555 555 556 557 557 557 558 558 558 558 558 565 559 559 559 559 562 562 561 559 559 559 559 559 560 561 559 559 559 560 560 560 559 559 559 559 561 564 565 565 565 555 555 555 562
0 0 0 0 0 0 0 0 0 0 0 0 0 0 0 0 0 0 0 0 0 0 0 0 548 548 550 551 551 549 549 549 551 549 547 547 547 547 548 548 548 548 548 548 546 546 548 549 549 550 550 551 552 558 558 546 546 546 546 546 552 552 552 554 554 552 552 552 552 552 553 553 553 553 552 551 551 551 551 551 551 551 556 548 547 547 547 549 552 552 552 552 552 552 552 553 553 554 553 551 551 550 550 550 550 550 547 547 547 549 549 550 550 549 548 546 546 0 0 0 0 0 0 0 0 0 0 0 0 0 0 0 0 0 0 0 0 0 0 0 0 0 0 0 0 0 0 0 0 0 0 0 0 0 0 0 0 0 0 0 0 0 0 0 0 0 0 0 0 0 0 0 0 0 0 0 0 0 0 0 0 0 0 0 0 0 0 0 0 0 0 0 0 0 0 0 0 0 0 0 0 0 0 0 0 0 0 0 0 0 0 0 0 0 0 0 0 0 0 0 0 0 0 0 0 0 0 0 0 0 0 0 0 0 0 0 550 550 552 552 552 551 551 551 551 551 552 552 551 551 552 554 554 554 554 554 554 554 554 554 551 551 551 552 552 553 554 554 556 556 556 556 555 555 555 554 554 554 554 554 554 555 555 554 554 554 554 555 554 554 554 557 557 558 558 557 557 556 555 554 554 555 555 557 557 557 560 552 552 559 559 561 561 546 546 553 553 553 553 554
0 0 0 0 0 0 0 0 0 0 0 0 0 0 0 0 0 0 0 0 0 0 0 0 546 546 547 546 546 545 545 547 546 546 545 545 545 545 546 545 545 546 546 546 546 545 545 546 548 548 548 547 547 547 545 544 544 545 545 545 545 546 546 546 546 546 546 546 546 544 544 544 544 545 546 551 548 548 548 548 544 544 546 546 546 546 545 545 546 546 546 545 545 545 542 540 540 552 547 547 546 546 547 548 548 548 545 544 544 546 546 547 548 546 546 545 545 0 0 0 0 0 0 0 0 0 0 0 0 0 0 0 0 0 0 0 0 0 0 0 0 0 0 0 0 0 0 0 0 0 0 0 0 0 0 0 0 0 0 0 0 0 0 0 0 0 0 0 0 0 0 0 0 0 0 0 0 0 0 0 0 0 0 0 0 0 0 0 0 0 0 0 0 0 0 0 0 0 0 0 0 0 0 0 0 0 0 0 0 0 0 0 0 0 0 0 0 0 0 0 0 0 0 0 0 0 0 0 0 0 0 0 0 0 0 547 547 548 547 547 549 549 547 547 549 549 549 549 548 548 548 548 550 551 551 552 552 551 549 548 548 548 548 548 550 550 549 547 547 549 549 548 548 550 553 553 552 552 552 553 554 554 554 552 552 551 551 551 551 551 552 552 552 554 554 554 554 554 550 550 551 553 554 554 554 554 550 550 550 550 550 550 546 546 546 546 546 548 550 554
0 0 0 0 0 0 0 0 0 0 0 0 0 0 0 0 0 0 0 0 0 0 0 0 545 545 546 546 546 540 540 542 543 543 543 542 542 542 543 542 542 541 541 542 543 543 544 543 543 541 541 542 542 542 542 542 543 544 543 543 543 543 543 543 543 545 545 545 544 543 543 542 542 541 541 542 542 542 542 543 543 543 543 545 545 543 542 542 544 544 544 542 542 541 541 540 540 540 540 545 545 545 545 546 546 548 542 541 540 540 540 540 540 542 544 542 542 542 0 0 0 0 0 0 0 0 0 0 0 0 0 0 0 0 0 0 0 0 0 0 0 0 0 0 0 0 0 0 0 0 0 0 0 0 0 0 0 0 0 0 0 0 0 0 0 0 0 0 0 0 0 0 0 0 0 0 0 0 0 0 0 0 0 0 0 0 0 0 0 0 0 0 0 0 0 0 0 0 0 0 0 0 0 0 0 0 0 0 0 0 0 0 0 0 0 0 0 0 0 0 0 0 0 0 0 0 0 0 0 0 0 0 0 0 0 547 543 543 546 546 545 544 544 545 545 545 546 545 545 544 544 544 544 544 547 547 547 547 547 546 546 546 546 546 545 544 544 544 545 546 546 547 547 547 547 548 547 547 548 548 549 554 554 552 549 549 548 548 549 547 547 550 550 548 548 547 546 546 546 546 548 549 551 552 552 551 550 550 550 550 550 550 546 545 545 545 546 546 550 0
0 0 0 0 0 0 0 0 0 0 0 0 0 0 0 0 0 0 0 0 0 0 0 0 539 539 539 538 537 537 537 537 539 540 540 540 540 540 540 540 539 539 539 539 540 540 539 539 539 539 539 540 540 540 540 540 539 539 540 540 540 541 540 540 541 545 532 532 541 541 542 541 540 539 539 540 540 539 539 539 539 541 541 542 543 541 540 537 537 540 540 540 539 537 537 538 537 537 538 545 545 545 545 535 535 535 537 538 539 539 538 538 539 540 540 539 538 538 0 0 0 0 0 0 0 0 0 0 0 0 0 0 0 0 0 0 0 0 0 0 0 0 0 0 0 0 0 0 0 0 0 0 0 0 0 0 0 0 0 0 0 0 0 0 0 0 0 0 0 0 0 0 0 0 0 0 0 0 0 0 0 0 0 0 0 0 0 0 0 0 0 0 0 0 0 0 0 0 0 0 0 0 0 0 0 0 0 0 0 0 0 0 0 0 0 0 0 0 0 0 0 0 0 0 0 0 0 0 0 0 0 0 0 0 0 0 538 538 542 543 542 540 540 540 540 540 540 540 542 542 542 541 541 540 540 541 545 545 545 543 543 543 543 543 542 542 542 542 542 543 543 546 546 546 546 543 543 543 545 548 540 540 540 540 540 543 544 542 542 542 542 542 542 542 544 544 544 544 545 545 546 546 546 552 546 546 547 550 551 551 551 545 545 544 544 545 544 544 0 0
0 0 0 0 0 0 0 0 0 0 0 0 0 0 0 0 0 0 0 0 0 0 0 0 535 535 535 536 536 536 536 536 535 535 539 538 538 539 536 534 534 536 537 537 534 533 533 535 536 536 535 534 534 533 533 533 534 534 534 534 536 537 538 538 532 531 531 532 532 533 534 534 540 537 537 537 537 537 535 534 534 539 540 541 543 534 534 534 534 534 534 534 533 533 534 534 534 534 535 535 535 531 531 533 533 534 534 535 536 536 536 537 538 539 535 535 537 537 0 0 0 0 0 0 0 0 0 0 0 0 0 0 0 0 0 0 0 0 0 0 0 0 0 0 0 0 0 0 0 0 0 0 0 0 0 0 0 0 0 0 0 0 0 0 0 0 0 0 0 0 0 0 0 0 0 0 0 0 0 0 0 0 0 0 0 0 0 0 0 0 0 0 0 0 0 0 0 0 0 0 0 0 0 0 0 0 0 0 0 0 0 0 0 0 0 0 0 0 0 0 0 0 0 0 0 0 0 0 0 0 0 0 0 0 0 0 536 536 536 536 536 537 537 538 538 535 535 536 537 537 539 539 539 539 536 535 535 534 534 538 537 537 537 537 537 539 540 540 540 540 540 546 536 536 537 538 538 540 540 538 538 538 538 538 538 538 539 540 540 540 540 540 540 540 541 542 542 542 541 538 538 539 539 540 546 546 547 547 538 538 538 538 539 541 544 544 544 544 539 538
0 0 0 0 0 0 0 0 0 0 0 0 0 0 0 0 0 0 0 0 0 0 0 0 533 533 533 532 532 534 534 534 533 531 530 530 532 522 522 533 534 533 533 530 530 531 531 531 532 534 534 534 529 529 531 531 534 534 534 534 534 534 533 532 531 531 531 530 530 530 531 532 531 529 529 527 527 529 529 530 529 529 529 529 530 532 534 534 532 532 530 530 530 531 531 532 532 529 529 529 529 530 530 532 531 531 530 530 530 531 531 530 530 539 535 535 531 531 0 0 0 0 0 0 0 0 0 0 0 0 0 0 0 0 0 0 0 0 0 0 0 0 0 0 0 0 0 0 0 0 0 0 0 0 0 0 0 0 0 0 0 0 0 0 0 0 0 0 0 0 0 0 0 0 0 0 0 0 0 0 0 0 0 0 0 0 0 0 0 0 0 0 0 0 0 0 0 0 0 0 0 0 0 0 0 0 0 0 0 0 0 0 0 0 0 0 0 0 0 0 0 0 0 0 0 0 0 0 0 0 0 0 0 0 0 534 534 534 533 531 531 533 535 533 532 532 532 532 532 533 533 534 534 534 534 534 534 533 531 531 534 534 534 534 534 535 537 539 539 540 534 534 534 535 536 535 533 533 533 533 534 537 537 536 534 534 534 536 538 538 538 538 538 539 541 542 540 540 537 536 536 537 537 537 537 534 534 534 534 534 537 537 539 540 544 544 544 537 536 536
0 0 0 0 0 0 0 0 0 0 0 0 0 0 0 0 0 0 0 0 0 0 0 0 531 529 529 529 529 534 534 534 533 529 528 525 525 522 522 526 527 527 527 527 527 529 528 528 529 528 528 529 528 528 528 529 530 531 531 530 527 526 526 526 531 529 529 529 528 528 529 528 528 529 528 527 526 526 528 529 528 528 529 529 529 529 527 527 527 528 527 527 527 528 529 531 528 528 526 526 528 529 529 530 529 529 528 527 527 528 528 526 525 525 526 526 526 528 0 0 0 0 0 0 0 0 0 0 0 0 0 0 0 0 0 0 0 0 0 0 0 0 0 0 0 0 0 0 0 0 0 0 0 0 0 0 0 0 0 0 0 0 0 0 0 0 0 0 0 0 0 0 0 0 0 0 0 0 0 0 0 0 0 0 0 0 0 0 0 0 0 0 0 0 0 0 0 0 0 0 0 0 0 0 0 0 0 0 0 0 0 0 0 0 0 0 0 0 0 0 0 0 0 0 0 0 0 0 0 0 0 0 0 0 0 534 527 527 530 529 529 529 529 529 529 527 527 528 529 529 529 530 529 529 530 529 529 529 529 530 530 530 530 529 529 529 529 529 529 529 530 531 534 530 529 529 530 530 531 531 531 533 535 534 534 534 534 534 538 535 534 534 534 534 533 533 533 533 533 534 534 534 534 533 533 533 533 533 533 534 537 537 538 540 540 525 528 528 528 530
0 0 0 0 0 0 0 0 0 0 0 0 0 0 0 0 0 0 0 0 0 0 0 0 525 525 526 525 522 521 521 521 521 524 523 523 524 523 523 524 525 525 525 525 525 525 526 526 527 527 527 527 525 525 525 525 530 531 525 525 524 523 523 521 521 523 524 524 524 524 524 524 524 525 526 526 526 526 527 526 525 520 519 519 519 525 525 525 525 525 525 525 525 525 523 523 523 522 522 523 525 526 529 530 529 529 524 524 524 525 525 521 521 524 525 525 525 527 0 0 0 0 0 0 0 0 0 0 0 0 0 0 0 0 0 0 0 0 0 0 0 0 0 0 0 0 0 0 0 0 0 0 0 0 0 0 0 0 0 0 0 0 0 0 0 0 0 0 0 0 0 0 0 0 0 0 0 0 0 0 0 0 0 0 0 0 0 0 0 0 0 0 0 0 0 0 0 0 0 0 0 0 0 0 0 0 0 0 0 0 0 0 0 0 0 0 0 0 0 0 0 0 0 0 0 0 0 0 0 0 0 0 0 521 521 524 525 525 527 527 525 525 525 525 525 526 526 526 526 526 524 524 524 525 525 526 526 527 527 528 528 528 527 527 526 526 526 526 527 528 526 526 526 526 526 527 527 528 529 529 529 527 527 530 532 532 532 532 532 535 533 533 533 533 527 526 526 529 530 530 531 530 530 530 530 529 529 530 528 528 528 537 538 538 525 525 525 527 527 529
0 0 0 0 0 0 0 0 0 0 0 0 0 0 0 0 0 0 0 0 0 0 0 0 521 521 521 522 521 521 521 521 520 520 521 521 522 522 521 521 521 521 520 520 521 521 522 521 517 517 519 519 519 519 525 519 516 516 517 517 520 520 520 520 521 521 522 522 522 522 522 521 521 521 521 525 525 525 523 521 521 520 518 518 517 517 521 517 517 517 517 525 523 522 520 519 519 520 520 520 519 517 517 518 518 519 519 520 519 519 520 521 521 520 519 519 525 527 0 0 0 0 0 0 0 0 0 0 0 0 0 0 0 0 0 0 0 0 0 0 0 0 0 0 0 0 0 0 0 0 0 0 0 0 0 0 0 0 0 0 0 0 0 0 0 0 0 0 0 0 0 0 0 0 0 0 0 0 0 0 0 0 0 0 0 0 0 0 0 0 0 0 0 0 0 0 0 0 0 0 0 0 0 0 0 0 0 0 0 0 0 0 0 0 0 0 0 0 0 0 0 0 0 0 0 0 0 0 0 0 0 0 520 520 521 521 521 523 527 527 522 521 521 521 521 522 522 522 525 523 521 521 521 521 521 522 522 524 524 524 525 525 525 525 525 525 524 524 522 522 521 521 521 524 525 525 525 525 526 526 525 525 524 524 522 522 523 523 523 533 533 533 525 525 525 525 525 526 527 528 528 527 526 526 529 529 522 522 523 526 526 526 521 521 521 524 525 525 525 529
0 0 0 0 0 0 0 0 0 0 0 0 0 0 0 0 0 0 0 0 0 0 0 0 518 518 517 517 517 517 517 518 518 518 519 520 521 521 517 514 514 514 514 518 519 520 521 517 517 517 517 517 517 514 514 516 516 516 516 517 517 518 518 519 519 517 517 517 517 519 519 517 517 518 518 517 516 515 514 514 518 518 518 517 515 514 514 514 515 515 515 514 514 522 517 514 514 514 517 517 517 515 515 516 515 515 517 517 517 517 518 520 519 516 516 514 514 0 0 0 0 0 0 0 0 0 0 0 0 0 0 0 0 0 0 0 0 0 0 0 0 0 0 0 0 0 0 0 0 0 0 0 0 0 0 0 0 0 0 0 0 0 0 0 0 0 0 0 0 0 0 0 0 0 0 0 0 0 0 0 0 0 0 0 0 0 0 0 0 0 0 0 0 0 0 0 0 0 0 0 0 0 0 0 0 0 0 0 0 0 0 0 0 0 0 0 0 0 0 0 0 0 0 0 0 0 0 0 0 0 0 0 518 518 519 520 520 521 521 519 519 518 518 518 519 519 520 520 521 520 520 520 521 521 520 519 519 521 521 522 521 521 521 521 521 521 521 520 519 519 519 519 520 521 523 522 520 520 521 521 522 523 522 521 520 520 520 521 521 522 523 523 524 524 524 524 524 526 527 519 519 520 521 522 522 522 521 521 521 524 524 526 521 521 521 523 523 523 521 521
0 0 0 0 0 0 0 0 0 0 0 0 0 0 0 0 0 0 0 0 0 0 0 0 516 515 515 515 516 514 514 514 518 518 519 513 513 514 514 514 514 514 514 514 517 515 515 515 515 516 516 516 515 513 513 513 513 514 514 516 516 516 516 517 515 514 514 514 514 514 513 513 514 518 518 514 514 514 512 512 513 513 513 514 514 514 514 514 514 514 514 513 513 513 513 513 514 514 515 506 506 513 513 513 513 513 514 514 514 515 515 520 512 512 514 513 513 513 0 0 0 0 0 0 0 0 0 0 0 0 0 0 0 0 0 0 0 0 0 0 0 0 0 0 0 0 0 0 0 0 0 0 0 0 0 0 0 0 0 0 0 0 0 0 0 0 0 0 0 0 0 0 0 0 0 0 0 0 0 0 0 0 0 0 0 0 0 0 0 0 0 0 0 0 0 0 0 0 0 0 0 0 0 0 0 0 0 0 0 0 0 0 0 0 0 0 0 0 0 0 0 0 0 0 0 0 0 0 0 0 0 0 517 517 518 519 520 511 511 511 514 516 516 517 517 517 517 519 521 520 517 517 519 518 517 517 514 514 514 522 518 518 515 515 516 517 517 517 517 518 517 517 515 515 518 517 517 518 519 519 520 520 518 517 517 518 518 519 517 517 518 520 522 521 521 522 521 517 517 518 518 519 519 519 520 521 521 521 519 518 517 517 517 523 523 523 522 521 521 518
0 0 0 0 0 0 0 0 0 0 0 0 0 0 0 0 0 0 0 0 0 0 0 0 516 513 513 514 510 510 511 511 511 511 507 507 507 510 511 511 512 511 511 511 510 509 509 509 508 508 507 507 510 510 511 511 511 513 513 514 515 515 515 517 515 512 512 513 511 511 511 510 508 508 508 510 511 511 510 510 510 511 511 512 512 512 511 511 511 511 511 511 510 510 510 511 511 512 509 506 506 512 512 511 511 511 511 512 512 514 515 509 509 510 511 511 511 513 0 0 0 0 0 0 0 0 0 0 0 0 0 0 0 0 0 0 0 0 0 0 0 0 0 0 0 0 0 0 0 0 0 0 0 0 0 0 0 0 0 0 0 0 0 0 0 0 0 0 0 0 0 0 0 0 0 0 0 0 0 0 0 0 0 0 0 0 0 0 0 0 0 0 0 0 0 0 0 0 0 0 0 0 0 0 0 0 0 0 0 0 0 0 0 0 0 0 0 0 0 0 0 0 0 0 0 0 0 0 0 0 0 0 511 511 511 510 510 510 510 510 511 511 516 517 517 517 517 519 512 512 512 512 511 511 511 513 512 512 513 511 511 511 511 513 514 515 515 517 516 516 516 515 514 514 514 515 517 517 517 517 514 514 514 515 515 516 517 517 517 517 516 516 514 513 513 517 515 515 515 515 517 517 514 514 520 521 518 515 515 514 512 512 512 508 508 522 522 521 521 515
0 0 0 0 0 0 0 0 0 0 0 0 0 0 0 0 0 0 0 0 0 0 0 0 0 507 507 506 504 504 507 508 507 504 504 506 506 507 509 510 510 507 507 505 505 507 507 507 507 506 506 506 508 509 511 505 505 507 505 505 504 504 515 515 507 507 507 507 507 507 507 507 507 507 507 507 508 508 508 507 507 508 508 508 508 508 508 507 507 507 507 506 506 506 507 507 507 506 505 505 505 505 511 510 509 509 510 512 512 514 514 507 507 507 505 505 505 505 0 0 0 0 0 0 0 0 0 0 0 0 0 0 0 0 0 0 0 0 0 0 0 0 0 0 0 0 0 0 0 0 0 0 0 0 0 0 0 0 0 0 0 0 0 0 0 0 0 0 0 0 0 0 0 0 0 0 0 0 0 0 0 0 0 0 0 0 0 0 0 0 0 0 0 0 0 0 0 0 0 0 0 0 0 0 0 0 0 0 0 0 0 0 0 0 0 0 0 0 0 0 0 0 0 0 0 0 0 0 0 0 0 0 511 508 508 507 507 507 507 507 507 507 507 507 508 508 502 509 509 508 508 510 508 508 508 509 510 510 509 508 508 509 510 511 513 514 515 515 509 509 510 510 511 511 512 513 517 517 509 509 510 511 511 512 511 511 517 516 516 515 514 514 511 511 512 511 511 511 512 512 512 512 512 512 513 514 518 515 515 512 510 510 509 508 508 0 0 0 0 512
0 0 0 0 0 0 0 0 0 0 0 0 0 0 0 0 0 0 0 0 0 0 0 0 0 503 503 503 502 502 504 504 504 504 504 504 503 503 501 501 504 504 504 504 504 504 504 503 503 503 503 501 501 501 501 501 503 504 504 504 504 503 503 503 504 504 504 504 504 503 503 504 504 505 505 507 507 505 504 504 504 504 504 504 504 505 502 502 504 504 504 504 504 504 501 500 500 500 501 502 503 502 499 499 498 498 499 501 500 500 499 499 501 501 502 502 502 500 500 501 0 0 0 0 0 0 0 0 0 0 0 0 0 0 0 0 0 0 0 0 0 0 0 0 0 0 0 0 0 0 0 0 0 0 0 0 0 0 0 0 0 0 0 0 0 0 0 0 0 0 0 0 0 0 0 0 0 0 0 0 0 0 0 0 0 0 0 0 0 0 0 0 0 0 0 0 0 0 0 0 0 0 0 0 0 0 0 0 0 0 0 0 0 0 0 0 0 0 0 0 0 0 0 0 0 0 0 0 0 0 0 0 499 499 499 499 501 502 502 502 502 502 504 507 504 503 502 502 502 502 502 502 502 502 502 502 503 507 507 507 506 506 507 508 510 505 505 505 506 507 507 507 508 507 507 507 506 506 506 507 508 510 510 511 509 508 508 508 516 505 505 506 507 508 509 509 509 509 509 509 509 509 510 511 511 514 514 502 512 512 510 510 509 508 508 0 0 0 0 512
0 0 0 0 0 0 0 0 0 0 0 0 0 0 0 0 0 0 0 0 0 0 0 0 0 501 501 502 502 502 501 499 499 500 502 500 500 499 499 500 500 502 503 503 503 503 501 499 499 499 499 499 499 500 500 500 502 502 502 503 496 496 498 498 498 497 497 497 498 499 498 498 497 497 497 497 496 495 495 496 495 495 495 494 494 494 494 500 501 498 496 496 496 496 500 500 499 499 501 502 493 493 493 494 496 496 496 496 496 497 497 498 501 498 498 496 496 496 496 501 0 0 0 0 0 0 0 0 0 0 0 0 0 0 0 0 0 0 404 404 405 405 405 405 405 405 405 405 405 405 406 406 407 407 407 407 407 407 407 408 408 408 408 408 408 408 409 409 409 409 409 410 410 410 410 410 410 410 410 411 411 412 412 412 412 412 412 413 413 413 413 413 414 414 415 415 416 416 416 416 416 416 416 417 417 418 418 418 418 418 419 419 419 420 420 421 421 421 422 422 423 423 423 423 424 424 425 425 0 0 496 496 497 497 498 498 499 499 499 499 499 502 504 507 500 500 502 502 502 502 502 498 498 499 499 499 500 500 498 498 498 499 501 501 502 502 502 502 502 502 502 501 501 501 501 502 504 503 502 502 502 502 510 507 500 500 501 502 502 503 503 504 506 507 506 506 506 506 507 507 507 505 504 503 503 502 502 502 512 512 511 511 511 511 0 0 0 0 0 0
0 0 0 0 0 0 0 0 0 0 0 0 0 0 0 0 0 0 0 0 0 0 0 0 0 497 497 498 499 500 496 495 495 496 496 496 494 494 495 496 496 496 502 502 502 494 494 495 496 496 496 496 496 499 492 492 496 496 496 495 494 494 494 494 494 494 493 493 498 499 497 497 496 496 495 495 495 493 493 494 494 494 494 493 493 493 493 493 501 493 493 493 494 494 494 494 494 499 499 491 491 492 492 492 493 494 494 494 495 495 495 498 495 495 494 494 494 494 494 495 0 0 0 0 0 0 0 0 0 0 0 0 0 0 0 0 404 404 404 404 405 405 405 405 405 405 405 405 405 405 406 406 407 407 407 407 407 407 407 408 408 408 408 408 408 408 409 409 409 409 409 410 410 410 410 410 410 410 410 411 411 412 412 412 412 412 412 413 413 413 413 413 414 414 415 415 416 416 416 416 416 416 416 417 417 418 418 418 418 418 419 419 419 420 420 421 421 421 422 422 423 423 423 423 424 424 425 425 0 0 496 496 496 496 496 496 496 496 496 496 496 496 496 500 500 496 496 497 502 502 496 496 496 496 497 497 497 497 496 496 496 496 497 498 499 499 497 497 499 499 499 499 499 499 499 499 499 499 499 499 499 499 501 498 498 499 499 499 499 500 500 499 498 498 499 499 499 499 498 498 500 500 499 499 501 500 500 501 501 501 0 0 0 0 0 0 0 0 0 0
0 0 0 0 0 0 0 0 0 0 0 0 0 0 0 0 0 0 0 0 0 0 0 0 0 494 492 489 489 490 490 491 493 494 494 491 491 491 492 492 494 496 490 489 489 494 494 495 494 494 491 491 491 491 491 491 491 492 496 495 490 490 491 491 491 490 490 489 489 488 487 487 487 496 493 493 493 492 491 491 492 492 493 493 493 492 491 491 490 490 490 490 490 493 494 493 493 492 490 489 489 490 490 491 491 492 492 494 493 493 495 495 495 495 494 494 488 488 493 495 0 0 0 0 0 0 0 0 0 0 0 406 405 405 405 405 404 404 404 404 405 406 406 406 406 406 405 405 405 405 407 407 408 408 407 407 407 408 408 408 408 408 409 409 409 409 409 409 410 410 410 411 411 411 411 411 411 411 411 411 412 412 412 412 412 412 413 413 413 414 414 414 414 415 416 416 416 416 416 417 417 416 416 418 419 419 419 418 418 419 420 420 420 421 421 422 422 422 423 423 423 423 423 424 424 425 425 426 0 0 491 491 491 493 491 491 491 491 491 491 491 494 493 493 493 491 491 491 491 494 494 494 494 494 494 493 493 493 494 494 494 494 494 494 499 494 494 494 494 494 496 498 498 494 494 493 493 494 494 498 499 499 501 495 495 497 497 499 496 496 496 496 496 496 498 497 496 495 495 496 496 496 496 494 494 500 500 501 501 491 0 0 0 0 0 0 0 0 0 0
0 0 0 0 0 0 0 0 0 0 0 0 0 0 0 0 0 0 0 0 0 0 0 0 0 486 486 486 486 487 487 488 489 489 489 489 489 489 491 491 487 487 487 488 488 488 487 487 487 487 487 487 489 489 489 489 487 487 484 484 487 487 485 485 486 487 487 488 488 487 486 486 485 485 485 485 485 487 487 487 487 490 491 487 485 485 486 488 488 488 487 487 487 493 483 482 482 492 490 489 489 489 489 489 489 484 484 484 484 493 493 493 484 484 484 487 487 487 493 0 0 0 0 0 0 0 0 0 0 407 407 406 405 405 405 405 405 404 404 405 405 406 406 406 406 406 406 406 406 406 408 408 408 408 408 408 408 408 408 409 409 409 409 409 410 410 410 410 410 410 411 411 411 411 411 412 412 412 412 412 412 413 412 412 413 413 413 414 414 414 414 414 415 416 416 416 416 416 417 418 418 418 418 418 419 419 419 419 419 419 420 420 420 421 422 422 423 423 423 424 424 424 424 425 425 426 426 426 426 491 491 488 488 489 489 490 490 490 490 489 489 489 488 488 488 488 489 489 489 489 489 489 489 489 490 490 490 489 489 492 491 491 491 491 492 492 492 492 491 491 491 491 491 491 491 491 491 491 492 491 491 490 490 491 491 493 493 493 493 494 494 495 494 491 491 493 492 492 492 492 492 492 492 492 492 489 489 489 491 491 0 0 0 0 0 0 0 0 0 0
0 0 0 0 0 0 0 0 0 0 0 0 0 0 0 0 0 0 0 0 0 0 0 0 0 484 484 484 484 485 485 486 486 486 487 487 487 485 485 485 485 485 486 488 484 484 484 486 487 487 487 486 486 487 486 486 485 484 484 484 484 484 484 484 484 484 485 487 487 487 485 485 484 484 484 483 483 483 484 486 486 485 484 484 484 484 484 482 482 482 483 484 483 482 482 482 482 484 484 484 485 487 480 480 481 482 482 484 484 484 484 0 484 484 484 484 484 484 484 0 0 0 0 0 409 408 408 408 408 407 407 406 406 406 406 405 405 405 405 405 405 405 406 406 406 406 406 406 407 408 408 408 408 408 408 408 408 409 409 409 409 409 409 410 410 410 410 411 411 411 411 411 411 412 412 412 412 412 412 413 413 413 413 413 413 414 414 415 415 415 415 415 415 416 416 416 416 416 417 418 418 418 418 419 419 419 420 420 420 420 420 421 421 422 423 423 423 423 424 424 424 424 425 426 426 427 427 427 427 427 487 487 487 487 487 488 489 489 489 487 487 487 487 487 487 488 489 488 487 487 487 487 488 488 488 488 488 488 487 487 488 489 490 490 492 492 489 489 489 487 487 488 489 489 489 489 488 488 488 489 489 489 489 489 488 488 489 490 491 489 489 489 488 488 488 489 489 489 491 491 491 491 490 490 489 489 489 489 490 490 491 0 0 0 0 0 0 0 0 0
0 0 0 0 0 0 0 0 0 0 0 0 0 0 0 0 0 0 0 0 0 0 0 0 0 482 482 482 482 483 484 484 484 484 485 484 482 482 482 482 483 483 483 478 478 478 478 483 482 482 484 483 483 479 479 480 480 480 482 482 482 482 482 482 482 482 480 480 483 484 484 484 483 483 483 483 482 482 483 484 484 483 482 482 481 480 480 480 480 480 480 481 480 480 481 481 481 482 483 483 479 479 479 479 480 481 481 480 480 480 476 476 484 484 484 481 481 482 482 482 0 413 0 411 409 408 408 408 408 407 407 406 406 406 406 406 406 406 406 406 0 0 409 409 409 408 408 408 408 408 408 408 408 408 408 408 409 409 409 409 409 409 410 410 411 411 411 411 411 411 411 411 412 412 413 413 413 413 413 413 414 414 414 414 414 414 415 416 416 416 416 416 416 416 416 416 416 418 418 418 418 419 419 419 420 420 420 421 421 421 421 421 422 423 423 423 423 423 424 424 425 425 426 426 426 427 427 427 427 0 484 484 484 484 482 482 485 482 482 484 484 484 485 487 487 484 484 484 485 485 487 487 485 485 485 486 486 487 484 484 486 486 485 484 484 484 485 486 485 485 487 487 487 487 488 487 485 485 486 486 487 488 487 487 487 487 488 484 484 487 487 487 487 487 487 487 487 488 489 489 489 489 488 488 488 488 488 488 490 490 491 0 0 0 0 0 0 0 0 0
0 0 0 0 0 0 0 0 0 0 0 0 0 0 0 0 0 0 0 0 0 0 0 0 0 482 481 481 481 483 484 484 484 480 480 480 480 480 480 480 481 483 477 477 478 478 478 478 478 482 484 483 483 478 478 478 478 478 480 482 481 480 480 480 480 478 478 478 478 479 482 484 483 483 481 481 481 481 481 481 484 477 477 480 480 477 477 478 478 478 479 479 479 479 480 480 480 480 479 479 478 478 479 479 479 480 479 477 477 476 476 476 478 478 478 478 476 476 476 476 0 413 413 411 411 409 409 409 409 408 407 407 407 407 407 407 409 409 409 409 409 409 409 409 409 0 408 408 408 408 408 409 410 409 409 409 409 409 409 409 409 410 410 410 411 411 411 411 411 411 412 412 412 413 413 413 414 413 413 413 414 414 414 414 414 415 416 416 416 416 416 416 416 417 0 418 418 419 419 419 419 419 419 0 0 0 421 421 0 0 422 422 423 423 423 0 0 0 425 425 425 425 426 427 427 428 428 428 475 475 481 481 481 480 480 479 479 479 479 479 480 484 485 485 479 479 479 481 481 481 478 478 478 479 484 484 482 482 482 484 486 480 480 480 480 480 482 482 482 484 482 480 480 482 483 484 484 484 484 480 479 479 482 482 482 482 482 482 482 484 484 484 484 484 484 485 484 484 484 482 482 482 481 481 481 482 482 482 0 0 0 0 0 0 0 0 0 0 0 0
0 0 0 0 0 0 0 0 0 0 0 0 0 0 0 0 0 0 0 0 0 0 0 0 0 0 481 481 481 481 472 475 475 475 476 476 476 476 476 474 474 474 476 476 477 477 478 478 478 478 476 476 476 476 478 478 478 478 479 478 478 476 476 476 478 478 476 476 476 476 474 474 474 474 474 474 481 481 473 473 476 476 476 476 478 476 476 478 478 478 476 476 476 476 476 480 473 473 476 476 477 477 478 478 476 476 478 474 474 474 474 474 474 475 476 478 475 475 475 475 413 413 413 412 411 411 410 409 409 409 408 408 407 407 407 409 409 0 0 409 409 409 409 409 409 411 411 410 410 409 409 410 411 410 410 409 409 409 409 409 410 410 410 410 411 411 412 412 412 412 412 413 413 413 414 414 414 414 414 414 414 415 415 415 415 416 416 416 417 416 416 417 0 0 0 0 0 0 0 0 0 0 0 0 0 0 0 0 0 0 0 0 0 0 0 0 0 0 427 427 427 427 427 427 428 429 429 474 475 475 475 476 477 477 478 477 477 477 477 477 476 476 476 476 477 478 478 478 478 478 478 477 477 477 477 477 479 482 477 477 477 478 478 478 478 478 479 479 480 479 479 479 479 480 480 480 480 481 480 479 477 477 478 477 477 480 480 481 480 480 481 480 480 480 480 480 481 481 481 481 480 480 480 480 480 482 482 482 0 0 0 0 0 0 0 0 0 0 0 0
0 0 0 0 0 0 0 0 0 0 0 0 0 0 0 0 0 0 0 0 0 0 0 0 0 0 471 470 470 471 472 472 474 475 474 474 474 473 473 474 473 473 474 473 472 471 471 478 478 474 474 473 473 474 474 474 475 475 477 478 478 474 474 476 470 470 471 472 472 472 472 473 473 474 472 472 472 472 472 472 474 475 476 476 470 470 471 471 471 471 471 472 472 474 474 472 472 472 473 474 476 476 478 478 473 472 470 470 472 472 473 473 473 472 471 470 470 471 471 471 413 413 413 413 412 412 411 410 409 409 409 409 409 409 409 409 409 0 410 409 409 409 409 409 410 411 411 410 410 410 411 411 411 410 410 410 410 410 410 410 411 411 411 411 412 412 412 412 413 413 413 413 413 414 414 414 415 415 415 415 415 415 415 416 416 417 417 417 418 418 0 0 0 0 0 0 0 0 0 0 0 0 0 0 0 0 0 0 0 0 0 0 0 0 0 0 0 0 429 428 428 428 428 428 428 429 429 474 474 474 474 474 474 474 475 474 474 474 473 473 474 474 474 474 473 473 473 473 474 476 476 475 475 475 475 475 475 475 476 476 476 476 477 477 477 477 476 476 476 476 476 478 478 477 477 477 477 478 479 478 476 476 476 476 476 478 477 477 477 477 478 478 478 477 477 477 477 479 478 478 478 478 478 478 480 480 0 480 0 0 0 0 0 0 0 0 0 0 0 0
0 0 0 0 0 0 0 0 0 0 0 0 0 0 0 0 0 0 0 0 0 0 0 0 0 0 470 469 469 470 471 471 468 468 472 472 472 471 471 472 472 472 472 472 470 470 470 469 469 470 470 470 470 469 469 471 471 475 468 468 469 470 470 468 468 469 471 471 470 470 471 472 472 472 471 471 471 471 471 471 474 475 476 468 468 468 470 470 469 469 470 470 470 470 469 469 469 470 473 474 476 476 469 469 468 468 468 468 469 469 473 473 469 469 469 469 469 469 468 468 469 413 413 413 412 412 411 411 410 410 410 410 409 409 409 409 409 411 410 410 410 410 410 410 410 411 411 410 410 410 411 411 411 410 410 411 411 411 411 411 411 412 412 413 413 413 413 413 414 414 414 414 414 414 414 414 416 416 416 416 416 416 416 416 417 418 418 418 419 0 0 0 0 0 0 0 0 0 0 0 0 0 0 0 0 0 0 0 0 0 0 0 0 0 0 0 0 0 429 429 429 429 429 429 429 429 429 471 471 471 472 472 472 474 472 472 471 470 470 471 471 472 472 473 472 472 472 472 472 474 474 474 473 473 474 473 473 472 472 472 472 472 475 475 475 475 474 474 474 472 472 474 474 474 474 474 474 473 473 473 473 474 474 474 474 475 474 474 474 474 474 475 476 476 476 476 474 474 478 475 475 474 474 474 0 474 0 0 0 0 0 0 0 0 0 0 469 469 468 468
0 0 0 0 0 0 0 0 0 0 0 0 0 0 0 0 0 0 0 0 0 0 0 0 0 0 468 468 468 469 468 468 464 464 466 469 470 470 470 469 467 465 465 472 468 467 467 467 467 467 470 468 468 468 468 467 466 466 467 468 468 468 466 466 467 468 468 470 470 470 471 472 472 470 470 470 470 468 467 466 465 465 465 466 466 466 467 468 468 468 468 468 468 468 467 467 468 467 467 467 466 466 469 469 468 468 468 468 469 469 467 467 467 467 467 467 467 467 467 467 469 469 414 413 413 412 412 411 410 410 410 410 410 410 409 409 411 411 411 410 410 410 410 411 411 411 411 411 411 411 411 411 411 411 411 411 411 412 412 412 412 413 413 413 413 413 413 414 414 414 414 414 414 414 415 415 416 417 417 416 416 416 417 417 418 418 418 419 419 0 0 0 0 0 0 0 0 0 0 0 0 0 0 0 0 0 0 0 0 0 0 0 0 0 0 0 0 0 430 429 429 429 429 429 429 430 469 469 469 469 470 472 472 474 467 467 468 469 469 469 469 469 469 469 470 470 471 470 470 472 471 471 471 470 470 470 470 469 469 470 470 471 471 470 470 470 474 472 470 470 470 471 471 473 472 472 470 470 470 470 471 472 472 470 470 471 474 474 473 472 472 473 474 474 474 474 472 470 470 470 471 473 472 472 472 467 0 0 0 0 0 463 463 0 0 467 467 468 467 467
0 0 0 0 0 0 0 0 0 0 0 0 0 0 0 0 0 0 0 0 0 0 0 0 0 0 467 467 467 469 464 463 463 464 465 464 464 465 465 465 465 463 463 463 463 463 464 464 465 465 468 467 467 465 465 465 465 465 465 466 463 463 465 464 464 463 463 463 463 463 462 465 465 465 470 470 460 460 461 462 463 464 465 465 466 465 463 463 468 465 465 463 463 463 463 467 468 467 466 465 465 466 466 470 468 468 470 470 470 464 464 464 465 465 465 465 465 465 467 467 467 467 414 414 413 413 412 411 410 410 410 410 410 410 410 410 411 411 411 410 410 410 411 411 411 411 411 411 411 411 411 411 411 412 412 412 412 412 412 413 413 413 414 414 414 414 414 414 415 415 415 415 415 415 415 416 418 418 418 418 417 417 418 418 418 418 419 419 420 0 0 0 0 0 0 0 0 0 0 0 0 0 0 0 0 0 0 0 0 0 0 0 0 0 0 0 0 0 430 430 430 429 429 430 430 431 469 469 468 465 463 463 464 464 464 465 465 466 467 468 467 465 465 465 465 465 466 467 468 467 467 467 467 468 468 470 470 467 467 467 467 468 468 467 467 466 466 467 468 468 468 469 469 468 468 468 468 468 468 468 468 469 469 469 468 468 470 471 471 470 470 470 470 472 472 472 469 469 469 470 471 472 472 467 467 467 466 0 0 463 463 463 463 465 0 467 467 467 467 467
0 0 0 0 0 0 0 0 0 0 0 0 0 0 0 0 0 0 0 0 0 0 0 0 0 0 460 460 460 460 461 462 462 463 465 462 462 462 463 463 463 462 461 461 461 461 462 463 465 465 468 458 458 459 464 462 462 463 462 460 460 461 461 462 463 462 462 462 461 461 462 462 462 461 461 461 459 459 460 462 463 464 465 465 461 461 461 461 461 461 462 461 461 462 462 462 462 466 466 465 465 466 466 457 457 457 457 457 457 463 463 462 462 463 462 462 461 461 461 459 459 0 414 414 414 413 413 412 412 412 411 410 410 411 411 411 411 411 411 410 410 410 411 411 412 412 411 411 411 412 412 412 412 413 413 413 413 413 413 413 414 414 414 414 414 414 415 415 415 415 415 415 415 416 416 416 418 418 418 418 418 418 418 418 419 419 419 419 420 0 0 0 0 0 0 0 0 0 0 0 0 0 0 0 0 0 0 0 0 0 0 0 0 0 0 0 0 0 431 430 430 430 430 431 431 432 432 462 462 462 462 462 462 462 462 463 462 462 463 462 462 463 464 464 464 464 464 464 468 463 463 464 464 464 465 465 465 465 465 466 466 466 466 466 466 464 464 464 464 465 467 468 467 465 465 466 466 467 468 467 465 465 465 465 465 465 463 463 463 463 465 467 467 470 467 467 467 467 468 468 467 465 465 466 466 466 466 0 0 462 462 463 463 463 463 463 462 462 463 463
0 0 0 0 0 0 0 0 0 0 0 0 0 0 0 0 0 0 0 0 0 0 0 0 0 0 458 458 459 459 460 458 458 458 458 458 459 460 460 460 458 458 458 458 460 460 460 461 457 457 457 457 457 458 458 458 460 460 459 459 458 458 459 460 460 460 460 460 459 459 460 460 461 458 457 457 458 458 459 460 462 463 459 459 458 458 459 458 458 458 458 458 458 460 462 462 0 454 454 454 449 452 457 457 457 457 457 457 457 463 463 462 462 462 462 461 460 459 459 459 0 0 415 414 414 414 414 413 412 412 412 411 411 411 411 412 412 412 411 410 410 411 411 412 412 412 412 412 412 413 413 414 413 413 413 414 414 414 414 414 414 414 414 414 415 415 415 415 416 416 416 416 416 416 417 418 418 419 419 419 419 419 419 419 419 419 419 420 420 0 0 0 0 0 0 0 0 0 0 0 0 0 0 0 0 0 0 0 0 0 0 0 0 0 0 0 0 0 431 431 431 431 431 431 432 432 432 458 458 459 460 461 462 462 462 461 461 460 460 462 462 462 462 462 462 462 460 460 461 461 462 462 462 462 461 461 462 462 463 462 462 462 462 466 465 463 463 463 463 463 462 462 462 462 464 464 464 466 466 462 462 462 462 462 464 464 463 460 460 462 462 462 463 470 467 467 462 462 462 463 463 464 464 465 466 466 0 459 460 460 460 462 462 463 461 460 460 460 461 462
0 0 0 0 0 0 0 0 0 0 0 0 0 0 0 0 0 0 0 0 0 0 0 0 0 0 455 455 455 457 457 456 456 456 457 457 458 458 457 457 457 457 457 457 457 457 457 457 457 457 456 456 456 455 455 456 457 457 458 458 458 457 457 457 457 458 460 456 456 457 457 457 461 456 456 456 457 457 457 460 453 453 454 455 456 457 454 454 454 455 456 457 457 455 455 455 453 454 454 0 0 0 452 455 455 454 454 455 455 455 453 462 462 462 462 456 456 457 457 457 451 0 415 415 415 415 415 414 413 413 413 412 411 411 411 412 412 413 413 413 412 412 412 412 412 412 412 413 413 413 414 414 414 414 414 414 414 415 415 415 415 415 415 415 415 415 416 416 416 416 416 416 417 418 418 418 419 419 419 419 419 419 419 420 420 420 420 420 420 0 0 0 0 0 0 0 0 0 0 0 0 0 0 0 0 0 0 0 0 0 0 0 0 0 0 0 0 0 432 432 431 431 431 431 432 432 457 457 457 457 457 458 459 460 460 459 459 458 458 458 458 458 457 456 456 457 457 458 458 458 458 458 458 459 458 458 459 462 463 462 462 462 462 462 465 463 463 463 463 463 459 458 458 459 460 461 460 460 459 459 459 460 460 460 460 460 459 459 459 459 459 460 460 461 461 461 462 461 461 462 462 463 464 465 460 460 460 459 458 458 459 460 460 459 459 459 460 460 460 460
0 0 0 0 0 0 0 0 0 0 0 0 0 0 0 0 0 0 0 0 0 0 0 0 0 0 455 455 454 453 453 454 454 454 455 455 455 455 454 454 455 457 454 454 453 453 453 453 454 454 454 452 452 452 453 453 453 453 453 454 454 454 456 455 454 452 452 452 454 454 454 453 453 453 454 454 454 452 452 452 452 452 453 454 455 453 453 453 453 454 455 455 454 454 454 453 453 454 454 449 449 0 452 452 452 453 453 453 453 453 453 449 449 451 451 451 453 453 451 451 451 449 0 415 415 415 415 414 414 413 413 413 413 413 413 413 413 413 413 413 413 413 414 413 413 413 413 413 414 414 414 414 415 415 415 415 415 415 415 415 415 415 415 415 416 416 416 418 418 417 417 417 418 418 419 419 420 420 420 420 420 420 420 420 421 421 421 420 420 0 0 0 0 0 0 0 0 0 0 0 0 0 0 0 0 0 0 0 0 0 0 0 0 0 0 0 0 0 432 432 432 432 432 432 435 436 436 455 455 455 457 458 459 454 454 454 459 458 458 455 455 455 456 455 455 457 457 458 457 457 457 456 456 457 457 457 457 457 453 456 456 456 456 456 456 456 456 457 457 458 458 458 457 457 458 458 460 458 457 457 457 457 458 458 458 458 457 457 457 457 455 455 460 461 461 461 460 460 460 462 457 457 457 457 457 457 457 459 458 458 459 460 459 459 459 459 460 460 459 459
0 0 0 0 0 0 0 0 0 0 0 0 0 0 0 0 0 0 0 0 0 0 0 0 0 0 455 452 452 452 452 452 452 451 451 451 452 453 453 453 455 457 453 452 451 451 451 451 452 452 452 451 451 451 451 451 451 451 451 453 453 453 452 452 451 451 451 451 452 453 454 452 452 452 452 452 452 452 451 451 451 451 452 452 452 450 450 452 451 451 451 451 451 452 451 451 451 450 449 449 449 448 452 452 452 452 449 448 448 453 453 449 449 449 450 450 450 449 449 449 449 0 0 417 416 415 415 415 414 413 413 413 413 413 413 413 413 413 414 414 414 414 415 413 413 413 413 414 414 415 415 415 415 415 415 415 415 415 415 416 416 416 416 416 416 417 418 418 418 418 418 418 419 419 419 419 420 420 420 421 421 421 421 421 421 421 421 421 0 0 0 0 0 0 0 0 0 0 0 0 0 0 0 0 0 0 0 0 0 0 0 0 0 0 0 0 0 0 433 432 432 432 433 433 435 436 449 449 449 449 449 450 450 450 451 449 449 449 449 455 452 452 454 455 455 455 456 456 456 455 455 455 455 457 457 457 457 457 453 453 454 454 454 454 455 455 454 454 454 455 455 455 454 454 454 456 456 458 455 455 455 455 455 454 454 454 455 455 455 455 455 455 455 455 450 460 460 460 454 454 455 455 456 456 456 456 457 459 452 452 452 452 452 459 459 459 459 459 459 459
0 0 0 0 0 0 0 0 0 0 0 0 0 0 0 0 0 0 0 0 0 0 0 0 0 0 448 448 448 448 450 450 450 448 448 449 449 450 453 453 453 453 453 452 449 449 448 448 448 450 450 451 450 450 449 449 449 449 449 452 452 449 449 449 449 449 449 446 446 453 446 446 452 452 452 451 451 446 446 446 446 447 446 444 444 446 447 446 446 446 446 446 444 444 444 446 447 448 448 448 448 0 444 444 444 446 446 446 446 446 442 449 449 444 444 444 446 446 447 449 449 0 0 419 418 416 416 415 415 414 414 414 414 414 413 413 413 414 414 414 414 415 415 415 415 414 414 415 415 415 415 415 415 416 416 416 416 416 416 417 416 416 416 416 417 417 418 418 418 419 419 419 419 420 420 420 420 421 421 421 421 421 422 422 422 422 422 422 0 0 0 0 0 0 0 0 0 0 0 0 0 0 0 0 0 0 0 0 0 0 0 0 0 0 0 0 0 0 433 433 433 434 434 435 435 436 445 446 446 447 447 448 449 449 448 448 447 447 447 447 448 448 448 446 446 446 446 445 445 446 447 447 448 448 448 448 448 448 449 450 451 451 451 449 449 451 451 451 451 452 455 455 454 452 452 452 452 452 452 452 452 452 452 452 452 453 453 453 454 454 454 454 454 451 450 450 450 452 452 452 452 452 454 454 454 452 452 452 452 452 452 451 451 451 449 448 445 445 450 450
0 0 0 0 0 0 0 0 0 0 0 0 0 0 0 0 0 0 0 0 0 0 0 0 0 0 448 445 444 444 445 445 445 448 448 448 448 448 448 447 446 446 447 447 448 446 446 447 448 449 449 450 450 445 445 444 443 442 442 444 444 444 445 446 446 447 447 441 441 442 443 443 444 444 451 441 441 442 444 444 445 447 444 444 443 442 442 442 442 444 444 444 443 443 442 442 447 448 442 442 442 442 442 442 442 443 443 444 444 444 442 441 441 442 443 444 444 444 444 444 444 419 0 419 419 418 418 416 416 416 415 415 415 415 414 414 414 414 414 414 415 415 416 416 416 416 416 416 416 416 416 416 416 416 416 416 416 418 418 418 418 418 418 419 419 420 420 420 420 421 421 421 421 421 421 422 422 422 422 423 423 423 423 423 424 424 424 424 424 0 0 0 0 0 0 0 0 0 0 0 0 0 0 0 0 0 0 0 0 0 0 0 0 0 0 0 434 434 435 435 435 436 436 436 436 436 440 444 444 445 446 446 445 445 446 446 446 446 446 445 445 446 446 445 445 445 445 445 445 445 446 446 447 447 446 446 446 446 447 450 451 447 447 446 446 447 448 448 449 447 446 445 445 445 445 446 449 448 446 446 447 447 447 448 448 451 451 452 454 454 452 452 446 446 448 448 449 450 449 449 449 449 449 449 449 450 450 452 452 452 452 451 451 449 449 448 445 445 445 448
0 0 0 0 0 0 0 0 0 0 0 0 0 0 0 0 0 0 0 0 0 0 0 0 0 0 0 442 442 443 444 444 444 445 445 445 444 444 444 442 440 440 440 441 441 441 442 441 441 445 442 440 440 441 441 441 441 441 441 442 442 442 442 446 438 438 440 440 440 440 440 441 444 444 440 440 440 441 442 442 441 441 443 443 443 442 439 439 440 444 437 437 441 441 441 441 441 441 441 441 441 441 441 442 442 442 442 443 443 443 442 441 441 440 440 441 443 444 444 444 436 0 0 420 419 418 418 417 416 416 416 416 416 416 415 415 415 415 415 415 416 416 416 416 416 416 416 416 416 417 417 418 418 418 418 418 418 418 418 418 418 419 419 420 420 420 420 420 420 421 421 421 421 421 422 422 423 423 423 423 423 423 423 423 424 424 424 424 424 0 0 0 0 0 0 0 0 0 0 0 0 0 0 0 0 0 431 431 432 432 433 433 433 433 433 433 434 434 435 435 436 436 436 437 438 438 440 441 442 442 443 443 445 445 441 441 442 446 444 444 444 443 442 442 442 443 443 443 444 444 445 446 447 443 443 445 445 445 445 445 445 445 445 445 445 445 448 447 445 444 444 443 443 443 444 444 444 448 444 444 445 446 446 447 448 442 442 442 443 444 444 445 445 446 446 446 446 447 448 448 446 446 448 448 449 450 450 450 450 452 452 452 452 446 445 445 445 443 443 444
0 0 0 0 0 0 0 0 0 0 0 0 0 0 0 0 0 0 0 0 0 0 0 0 0 0 0 441 441 438 437 437 437 445 445 444 441 441 441 440 439 439 439 435 435 441 442 441 441 445 442 440 438 438 438 438 438 438 440 437 437 437 437 437 438 438 439 439 439 439 439 439 439 438 438 438 439 439 439 440 441 441 443 437 437 444 439 437 437 437 437 437 437 437 437 437 437 437 437 437 438 438 439 440 440 440 442 443 443 443 441 438 438 438 435 435 435 436 436 436 436 0 0 420 419 418 418 417 417 417 417 417 417 417 417 416 416 416 416 416 416 416 416 417 417 417 417 417 418 418 418 418 418 418 418 418 418 418 418 419 419 419 420 420 420 420 420 421 421 422 422 422 422 422 422 423 423 423 423 424 424 424 424 424 424 424 424 425 425 0 0 0 0 0 0 0 0 0 0 0 0 0 431 431 431 431 431 431 432 432 433 433 433 433 433 433 433 435 435 436 436 436 437 437 438 438 439 440 440 442 440 440 440 439 439 439 440 440 444 444 444 443 442 442 442 441 441 441 441 440 440 441 441 443 443 441 441 441 440 440 440 445 445 440 438 438 438 438 445 442 442 442 442 442 442 440 440 440 442 442 442 441 441 441 441 441 441 442 442 442 442 442 442 443 443 442 441 441 440 440 441 442 442 446 436 436 436 436 437 437 442 442 438 438 444 443 443 443 443 443
0 0 0 0 0 0 0 0 0 0 0 0 0 0 0 0 0 0 0 0 0 0 0 0 0 0 0 441 434 434 435 435 436 435 435 436 436 436 436 437 437 438 438 435 435 433 433 433 432 434 434 434 438 438 438 434 434 436 436 436 436 436 436 436 437 437 438 438 438 438 439 439 437 437 437 437 437 437 439 433 433 433 435 435 435 435 434 434 435 435 436 436 434 434 435 435 435 436 436 437 437 437 437 440 440 440 0 0 436 436 436 436 436 435 435 435 435 435 435 435 0 0 0 0 420 420 420 418 418 417 417 417 417 417 417 416 416 416 417 418 418 417 417 418 418 418 418 418 418 418 418 418 419 419 419 419 419 419 419 419 419 420 420 421 420 420 421 421 422 422 422 422 423 423 423 423 423 423 424 424 424 424 424 424 424 424 425 425 425 427 427 427 427 428 428 428 429 429 430 430 430 431 431 431 431 431 431 431 432 432 433 433 433 433 433 433 433 435 435 436 436 436 437 437 437 437 438 438 437 436 436 436 436 436 436 436 438 438 438 430 433 0 433 441 441 441 440 438 438 438 438 439 441 441 441 441 438 438 438 437 437 437 437 437 438 438 438 438 438 442 440 440 440 440 440 440 440 439 439 442 442 438 438 438 438 439 439 442 440 440 438 438 438 438 441 441 440 439 438 438 439 439 436 436 436 436 436 0 437 437 437 437 437 437 444 443 442 440 440 440
0 0 0 0 0 0 0 0 0 0 0 0 0 0 0 0 0 0 0 0 0 0 0 0 0 0 0 432 432 433 433 434 435 435 435 436 436 435 435 433 433 433 433 433 433 432 432 432 432 432 433 432 432 432 432 433 433 434 434 435 435 435 435 435 431 430 430 430 430 431 432 432 437 435 435 435 432 431 431 431 432 432 432 432 432 432 432 432 433 433 435 435 434 434 435 434 434 432 432 437 437 437 437 0 0 0 0 0 429 436 436 436 433 433 433 433 433 435 435 435 0 0 0 0 421 421 421 420 419 419 418 418 418 418 418 417 417 417 418 418 418 418 418 418 418 418 418 418 418 418 419 419 419 419 420 420 420 420 420 420 420 420 421 421 421 421 422 422 422 422 423 423 423 423 423 424 424 424 424 425 425 425 425 425 425 425 425 425 426 427 427 427 427 428 428 428 429 429 430 430 430 431 431 431 431 432 432 432 431 431 432 433 433 433 433 435 435 435 435 436 436 436 437 437 433 433 435 438 435 435 435 436 436 435 435 435 438 438 430 430 433 433 433 435 435 440 440 436 436 435 435 435 435 435 435 435 437 435 435 434 433 433 433 437 437 437 437 437 436 436 437 440 440 438 438 438 438 438 438 438 437 437 437 437 437 437 437 437 440 440 437 437 437 438 438 437 437 437 436 436 436 436 436 436 436 436 436 438 437 437 437 436 436 437 437 442 442 436 436 440
0 0 0 0 0 0 0 0 0 0 0 0 0 0 0 0 0 0 0 0 0 0 0 0 0 0 0 431 431 432 432 434 431 431 430 430 429 429 435 430 430 431 431 431 431 431 431 431 431 431 431 432 431 431 431 431 432 432 431 431 432 432 435 431 430 430 429 429 430 431 431 431 430 430 430 430 430 430 430 430 431 431 431 429 429 429 429 430 431 431 432 432 432 435 433 433 433 430 429 429 429 429 0 0 0 0 0 0 429 429 429 430 430 429 429 430 431 0 0 0 0 0 0 0 421 421 421 420 420 420 419 418 418 418 418 418 418 418 418 419 419 419 419 419 419 419 419 419 420 420 420 420 420 420 420 420 421 421 421 421 421 421 422 422 422 422 422 422 422 423 423 424 424 424 424 424 424 424 425 425 425 425 425 425 425 425 425 426 426 427 427 427 427 428 428 428 429 429 430 430 430 431 431 431 431 432 432 432 431 431 432 433 434 434 0 0 0 0 0 0 0 0 431 431 431 431 431 431 431 432 433 433 433 433 432 432 432 430 430 430 433 433 433 435 435 435 436 436 436 432 432 434 435 433 433 433 433 433 433 433 432 432 432 433 434 437 434 434 433 433 435 432 432 435 435 435 435 437 438 438 433 433 433 435 435 434 434 433 433 433 436 436 436 433 433 435 435 435 435 435 435 435 435 435 436 436 436 438 438 438 438 431 431 433 433 431 436 436 436 0
0 0 0 0 0 0 0 0 0 0 0 0 0 0 0 0 0 0 0 0 0 0 0 0 0 0 0 430 430 430 432 432 430 428 428 426 426 427 426 426 428 429 430 430 430 430 430 430 430 430 431 430 430 431 430 430 432 432 430 430 431 431 431 431 430 429 429 429 429 429 430 429 429 429 430 429 429 429 429 429 430 431 431 429 429 428 428 428 428 426 426 426 426 426 426 427 426 426 426 427 429 429 0 0 0 0 0 0 427 427 428 427 427 427 427 428 429 0 0 0 0 0 0 0 422 422 421 421 420 420 420 419 418 418 418 418 418 419 419 419 419 419 420 420 420 420 420 420 420 420 420 420 420 420 421 421 421 422 422 422 422 422 422 422 422 422 422 422 423 423 424 424 424 424 424 424 425 425 425 425 425 426 426 426 426 426 426 426 426 427 427 427 427 427 427 427 429 429 431 431 431 0 431 431 431 432 0 0 431 431 0 0 0 0 0 0 0 0 0 0 0 0 429 429 430 429 429 429 429 429 429 430 430 430 430 429 429 429 429 429 433 433 433 435 435 431 430 430 430 430 432 433 433 431 431 431 432 432 431 431 431 431 431 431 434 432 431 431 431 432 432 431 431 432 433 433 435 437 437 432 431 431 430 430 431 431 431 431 432 433 436 436 431 431 431 431 432 432 432 433 433 433 434 435 436 436 429 429 438 438 438 430 430 431 431 431 433 433 0 0
0 0 0 0 0 0 0 0 0 0 0 0 0 0 0 0 0 0 0 0 0 0 0 0 0 0 0 424 424 424 425 426 426 426 426 426 426 426 426 426 426 427 428 428 430 422 422 423 430 430 423 423 430 431 430 423 423 424 430 430 431 424 424 424 425 428 427 427 425 425 426 426 429 429 429 428 428 429 429 429 430 430 429 429 426 426 426 425 425 425 425 425 425 425 425 425 426 425 425 426 426 429 0 0 0 0 0 0 426 426 426 426 426 426 426 427 427 427 0 0 0 0 0 0 0 422 422 422 421 421 421 419 419 419 419 419 420 419 419 419 420 420 420 420 420 420 420 420 420 420 420 420 420 421 421 421 421 422 422 422 422 422 422 423 423 423 423 423 424 424 424 424 424 424 424 425 425 425 425 425 425 426 425 425 425 425 426 426 426 427 427 425 425 426 426 426 429 429 431 431 0 0 0 0 0 0 0 0 0 0 0 0 0 0 0 0 0 0 0 0 0 0 427 427 427 427 427 428 428 428 428 428 428 428 428 427 426 426 427 427 427 427 427 431 431 431 429 429 429 429 429 433 429 429 429 429 429 429 429 429 429 429 429 427 427 429 427 427 428 428 429 429 429 429 429 429 428 428 427 427 428 429 429 428 428 428 428 431 432 433 433 430 430 430 429 429 429 429 429 427 427 427 427 427 427 427 426 426 426 426 427 427 427 429 429 430 431 431 0 0
0 0 0 0 0 0 0 0 0 0 0 0 0 0 0 0 0 0 0 0 0 0 0 0 0 0 0 424 423 423 424 425 425 425 423 423 423 424 424 424 425 424 423 422 422 422 422 423 423 423 422 422 422 422 422 422 423 423 423 423 424 424 424 424 425 426 424 424 424 424 424 424 424 424 424 424 424 422 422 422 422 424 424 424 424 424 424 424 424 424 424 425 425 425 424 424 424 424 424 424 424 0 0 0 0 0 0 0 424 424 425 425 425 426 426 426 426 427 0 0 0 0 0 0 0 422 422 422 422 421 421 419 419 419 419 420 420 420 420 420 420 421 422 422 422 421 421 421 421 421 421 421 421 421 421 421 421 422 422 422 422 422 423 423 423 423 423 423 424 424 423 423 424 424 424 424 424 424 425 425 426 426 425 425 423 423 426 426 426 427 0 425 425 426 426 426 0 0 0 0 0 0 0 0 0 0 0 0 0 0 0 0 0 0 0 0 0 0 0 0 0 0 426 426 425 425 427 428 428 425 425 425 425 425 425 425 425 425 426 427 427 427 0 0 426 426 426 426 427 427 427 427 429 427 427 427 427 426 426 427 427 427 427 426 426 426 426 426 426 426 427 427 428 427 427 427 427 427 427 427 427 427 427 426 426 427 427 427 427 423 423 428 428 428 428 428 428 427 427 427 426 426 426 426 427 427 426 426 426 426 426 427 427 427 429 430 431 431 0 0
0 0 0 0 0 0 0 0 0 0 0 0 0 0 0 0 0 0 0 0 0 0 0 0 0 0 0 422 422 423 423 425 425 420 420 420 421 421 421 421 421 421 421 421 421 422 422 423 423 423 422 422 421 421 421 422 422 422 422 422 422 424 424 423 421 421 420 420 420 421 422 422 422 422 424 422 421 421 421 422 422 422 424 423 422 422 424 421 421 422 422 421 421 425 424 424 423 422 422 424 424 0 0 0 0 0 0 0 424 424 422 422 425 426 426 426 426 0 0 0 0 0 0 0 0 422 422 422 422 422 422 422 0 420 420 420 420 420 420 420 420 422 422 422 422 421 421 421 420 420 420 420 420 420 421 420 420 421 422 422 422 423 423 422 422 422 423 423 423 423 422 422 422 422 424 424 422 422 425 425 423 423 423 421 421 421 0 0 0 0 0 0 0 0 0 0 0 0 0 0 0 0 0 0 0 0 0 0 0 0 0 0 0 0 0 0 0 0 0 0 0 0 426 426 423 423 423 423 425 425 425 424 424 423 423 424 424 425 425 425 425 417 0 421 424 424 424 424 424 424 423 423 424 419 419 420 422 423 424 425 425 425 425 425 425 423 423 424 424 425 424 424 425 425 425 426 423 423 424 424 425 425 425 425 426 426 425 424 424 423 423 423 423 424 425 426 425 425 425 424 424 424 425 425 425 427 426 425 425 425 425 425 425 425 425 425 419 0 0 0
0 0 0 0 0 0 0 0 0 0 0 0 0 0 0 0 0 0 0 0 0 0 0 0 0 0 0 422 421 421 421 421 419 419 419 418 418 419 420 420 420 420 420 419 419 421 421 421 421 421 419 419 419 419 420 420 421 421 421 422 422 420 420 420 419 419 420 419 419 420 420 421 422 422 419 419 420 420 419 419 419 420 420 423 420 420 420 420 420 420 419 419 419 419 420 424 420 420 420 420 0 0 0 0 0 0 0 0 0 419 419 421 425 0 0 0 0 0 0 0 0 0 0 0 0 422 422 422 422 422 0 0 0 420 420 0 0 420 420 418 418 422 422 422 422 0 422 422 420 419 419 420 420 420 421 420 420 420 0 0 0 0 0 422 421 421 422 422 422 421 421 420 420 420 418 418 418 419 419 419 423 423 423 421 421 421 0 0 0 0 0 0 0 0 0 0 0 0 0 0 0 0 0 0 0 0 0 0 0 0 0 0 0 0 0 0 0 0 0 0 0 0 0 0 423 423 423 423 418 425 425 424 424 423 422 422 422 422 425 425 417 417 417 421 421 421 421 422 422 421 421 421 424 419 419 420 422 422 423 425 422 422 423 425 425 421 421 421 424 425 422 422 423 423 422 422 421 421 422 422 423 423 423 424 421 421 423 421 421 422 422 422 422 423 423 426 425 425 422 422 421 421 423 424 425 425 425 425 425 425 425 425 425 425 425 0 419 419 0 421
0 0 0 0 0 0 0 0 0 0 0 0 0 0 0 0 0 0 0 0 0 0 0 0 0 0 0 0 421 421 421 417 417 417 418 416 416 418 419 419 419 419 418 418 416 416 416 416 416 416 417 416 416 417 418 417 417 421 421 422 422 420 418 418 418 419 419 418 418 418 418 418 417 416 416 416 416 416 418 418 418 420 420 420 420 420 417 417 418 418 419 417 415 415 416 416 418 418 419 419 0 0 0 0 0 0 0 0 0 418 418 421 0 0 0 0 0 0 0 0 0 0 0 0 0 0 0 0 0 0 0 0 0 0 0 0 0 0 0 418 418 0 0 422 422 0 0 0 0 419 419 420 420 420 0 420 420 420 0 0 0 0 0 0 421 421 422 422 422 421 421 420 420 417 417 417 417 418 419 419 0 0 0 0 0 0 0 0 0 0 0 0 0 0 0 0 0 0 0 0 0 0 0 0 0 0 0 0 0 0 0 0 0 0 0 0 0 0 0 0 0 0 0 0 415 418 418 418 418 418 418 0 0 0 422 422 422 422 422 415 417 417 417 418 418 419 419 419 419 419 420 420 420 420 420 421 421 421 423 423 422 418 418 419 419 419 420 420 420 420 420 421 421 422 422 421 420 420 420 420 421 420 420 419 419 420 420 420 421 421 422 422 419 419 419 418 418 420 420 419 419 420 421 424 424 416 416 416 416 417 418 419 419 415 416 416 419 419 419 418
0 0 0 0 0 0 0 0 0 0 0 0 0 0 0 0 0 0 0 0 0 0 0 0 0 0 0 0 0 409 417 417 416 416 416 414 414 413 413 413 414 417 418 413 413 415 415 415 413 413 413 414 414 415 414 414 416 416 416 409 416 416 416 416 418 418 415 415 416 416 416 416 417 416 416 414 414 414 415 415 415 413 413 414 413 411 411 413 413 414 413 413 414 414 414 414 414 418 419 419 0 0 0 0 0 0 0 0 0 416 416 0 0 0 0 0 0 0 0 0 0 0 0 0 0 0 0 0 0 0 0 0 0 0 0 0 0 0 0 416 416 0 0 0 0 0 0 0 0 0 0 0 0 0 0 0 0 0 0 0 0 0 0 0 0 0 0 0 0 0 0 0 415 415 415 415 415 415 416 416 0 0 0 0 0 0 0 0 0 0 0 0 0 0 0 0 0 0 0 0 0 0 0 0 0 0 0 0 0 0 0 0 0 0 0 0 0 0 0 0 0 0 0 0 415 414 414 415 415 415 415 0 0 0 0 0 0 0 416 415 415 416 416 418 418 419 419 419 419 419 420 420 420 420 420 0 421 421 0 0 0 418 417 417 418 418 418 419 418 418 419 419 421 422 422 419 419 419 419 419 421 418 418 419 419 419 420 420 421 421 421 422 418 417 417 416 416 416 416 416 416 416 415 415 415 415 416 416 416 415 415 415 415 415 416 416 417 418 418 416
0 0 0 0 0 0 0 0 0 0 0 0 0 0 0 0 0 0 0 0 0 0 0 0 0 0 0 0 410 409 409 409 416 416 416 412 411 411 411 411 412 411 411 412 412 413 414 414 413 413 412 412 413 413 412 412 416 416 409 409 409 416 416 416 411 411 412 412 413 412 412 416 411 411 413 413 413 413 413 415 415 413 412 411 411 411 411 412 413 413 413 413 413 413 412 412 411 411 411 0 0 0 0 0 0 0 0 0 0 416 416 0 0 0 0 0 0 0 0 0 0 0 0 0 0 0 0 0 0 0 0 0 0 0 0 0 0 0 0 416 416 0 0 0 0 0 0 0 0 0 0 0 0 0 0 0 0 0 0 0 0 0 0 0 0 0 0 0 0 0 0 0 415 412 412 412 414 414 415 416 0 0 0 0 0 0 0 0 0 0 0 0 0 0 0 0 0 0 0 0 0 0 0 0 0 0 0 0 0 0 0 0 0 0 0 0 0 0 0 0 0 0 412 412 412 413 413 414 414 415 415 0 0 0 0 0 0 0 416 415 415 416 416 418 418 0 0 0 0 0 0 0 0 0 0 0 0 0 0 0 0 416 416 415 415 416 416 416 416 415 415 416 416 412 419 419 419 419 419 414 414 418 416 416 419 419 414 414 414 414 414 414 414 415 417 415 414 414 414 414 414 414 414 414 414 415 415 415 415 415 414 414 414 415 415 416 417 418 413 413
0 0 0 0 0 0 0 0 0 0 0 0 0 0 0 0 0 0 0 0 0 0 0 0 0 0 0 0 409 409 409 409 409 409 409 409 409 409 410 410 410 410 410 409 409 413 411 411 411 410 410 412 412 412 411 410 409 409 409 409 409 409 410 410 409 409 409 411 412 412 412 412 409 409 409 410 412 411 411 411 411 411 410 410 410 409 409 412 412 413 413 411 410 410 410 412 411 411 411 0 0 0 0 0 0 0 0 0 0 0 0 0 0 0 0 0 0 0 0 0 0 0 0 0 0 0 0 0 0 0 0 0 0 0 0 0 0 0 0 0 0 0 0 0 0 0 0 0 0 0 0 0 0 0 0 0 0 0 0 0 0 0 0 0 0 0 0 0 0 0 0 0 0 411 411 411 414 414 415 0 0 0 0 0 0 0 0 0 0 0 0 0 0 0 0 0 0 0 0 0 0 0 0 0 0 0 0 0 0 0 0 0 0 0 0 0 0 0 0 0 0 0 412 412 411 411 412 414 414 415 415 0 0 0 0 0 0 0 0 0 0 0 0 0 0 0 0 0 0 0 0 0 0 0 0 0 0 0 0 0 0 414 414 413 413 413 412 412 412 412 411 411 412 412 412 410 412 412 412 414 414 414 412 412 412 412 412 412 414 414 412 412 414 415 417 413 413 413 412 412 412 412 413 413 413 414 414 413 410 410 411 414 414 414 414 414 412 412 413 413
0 0 0 0 0 0 0 0 0 0 0 0 0 0 0 0 0 0 0 0 0 0 0 0 0 0 0 0 408 408 408 407 407 407 408 408 408 408 408 409 409 409 409 409 409 409 411 411 411 410 410 407 407 409 409 409 408 408 408 409 409 409 407 407 407 408 408 408 412 411 410 409 408 408 407 407 407 411 411 411 411 407 407 407 407 407 407 407 407 407 411 411 410 410 410 412 411 411 411 0 0 0 0 0 0 0 0 0 0 0 0 0 0 0 0 0 0 0 0 0 0 0 0 0 0 0 0 0 0 0 0 0 0 0 0 0 0 0 0 0 0 0 0 0 0 0 0 0 0 0 0 0 0 0 0 0 0 0 0 0 0 0 0 0 0 0 0 0 0 0 0 0 0 411 411 411 0 0 0 0 0 0 0 0 0 0 0 0 0 0 0 0 0 0 0 0 0 0 0 0 0 0 0 0 0 0 0 0 0 0 0 0 0 0 0 0 0 0 0 0 0 407 407 408 409 409 409 409 409 0 0 0 0 0 0 0 0 0 0 0 0 0 0 0 0 0 0 0 0 0 0 0 0 0 0 0 0 0 0 0 0 414 414 410 410 410 410 410 410 410 411 411 411 411 411 410 410 410 410 412 412 410 410 409 409 410 410 410 410 410 411 410 410 410 410 413 413 410 410 410 410 410 409 408 408 408 409 409 409 409 409 414 414 414 414 414 412 412 412 412
0 0 0 0 0 0 0 0 0 0 0 0 0 0 0 0 0 0 0 0 0 0 0 0 0 0 0 0 408 408 408 407 407 407 407 404 404 405 405 406 406 406 406 409 409 405 405 405 405 405 405 405 407 408 409 409 408 407 407 409 409 406 406 406 406 406 406 408 408 411 408 408 407 407 406 406 406 406 404 404 406 406 406 405 405 405 405 405 405 405 406 0 0 0 0 0 0 0 0 0 0 0 0 0 0 0 0 0 0 0 0 0 0 0 0 0 0 0 0 0 0 0 0 0 0 0 0 0 0 0 0 0 0 0 0 0 0 0 0 0 0 0 0 0 0 0 0 0 0 0 0 0 0 0 0 0 0 0 0 0 0 0 0 0 0 0 0 0 0 0 0 0 0 0 0 0 0 0 0 0 0 0 0 0 0 0 0 0 0 0 0 0 0 0 0 0 0 0 0 0 0 0 0 0 0 0 0 0 0 0 0 0 0 0 0 0 0 0 407 407 407 407 407 408 407 407 407 407 409 409 0 0 0 0 0 0 0 0 0 0 0 0 0 0 0 0 0 0 0 0 0 0 0 0 0 0 0 0 0 0 0 0 409 409 409 409 409 409 409 409 409 409 409 409 409 409 409 409 409 409 408 407 407 407 409 409 408 408 408 408 411 410 408 408 408 409 409 409 409 409 408 408 408 408 407 407 409 407 407 409 409 409 404 403 403 0 0 412 412 412
0 0 0 0 0 0 0 0 0 0 0 0 0 0 0 0 0 0 0 0 0 0 0 0 0 0 0 0 0 403 402 402 402 402 402 402 403 404 405 405 405 405 405 404 404 404 404 402 402 404 404 405 407 408 408 402 402 402 402 402 402 404 404 405 405 406 404 403 403 403 406 406 406 406 404 404 404 404 404 404 404 404 404 404 401 401 404 404 405 405 406 0 0 0 0 0 0 0 0 0 0 0 0 0 0 0 0 0 0 0 0 0 0 0 0 0 0 0 0 0 0 0 0 0 0 0 0 0 0 0 0 0 0 0 0 0 0 0 0 0 0 0 0 0 0 0 0 0 0 0 0 0 0 0 0 0 0 0 0 0 0 0 0 0 0 0 0 0 0 0 0 0 0 0 0 0 0 0 0 0 0 0 0 0 0 0 0 0 0 0 0 0 0 0 0 0 0 0 0 0 0 0 0 0 0 0 0 0 0 0 0 0 0 0 0 0 0 0 407 407 407 407 407 408 407 407 407 407 409 409 0 0 0 0 0 0 0 0 0 0 0 0 0 0 0 0 0 0 0 0 0 0 0 0 0 0 0 0 0 0 0 0 409 409 409 408 408 408 408 408 408 409 407 407 407 407 407 405 405 405 405 405 405 406 407 407 407 407 407 407 406 405 405 407 407 409 409 408 407 407 407 406 406 403 403 403 403 403 403 405 405 404 404 403 403 0 0 0 0 0
0 0 0 0 0 0 0 0 0 0 0 0 0 0 0 0 0 0 0 0 0 0 0 0 0 0 0 0 400 400 400 400 400 400 400 401 401 402 405 405 405 405 403 403 404 403 403 401 401 402 402 404 407 407 401 401 401 401 401 401 401 401 402 403 405 406 401 401 400 400 400 399 399 402 402 402 400 400 400 400 401 404 404 404 399 399 404 404 405 0 0 0 0 0 0 0 0 0 0 0 0 0 0 0 0 0 0 0 0 0 0 0 0 0 0 0 0 0 0 0 0 0 0 0 0 0 0 0 0 0 0 0 0 0 0 0 0 0 0 0 0 0 0 0 0 0 0 0 0 0 0 0 0 0 0 0 0 0 0 0 0 0 0 0 0 0 0 0 0 0 0 0 0 0 0 0 0 0 0 0 0 0 0 0 0 0 0 0 0 0 0 0 0 0 0 0 0 0 0 0 0 0 0 0 0 0 0 0 0 0 0 0 0 0 0 0 0 0 0 0 0 0 0 0 0 0 0 0 0 0 0 0 0 0 0 0 0 0 0 0 0 0 0 0 0 0 0 0 0 0 0 0 0 0 0 0 0 0 0 0 402 402 402 402 405 406 406 407 407 408 408 409 405 405 405 405 404 404 404 404 404 404 404 404 404 405 405 405 406 407 404 404 404 405 405 400 403 403 403 403 403 403 403 401 401 402 401 401 402 405 405 404 404 403 403 0 0 0 0 0
0 0 0 0 0 0 0 0 0 0 0 0 0 0 0 0 0 0 0 0 0 0 0 0 0 0 0 0 400 398 398 399 399 399 399 400 398 398 397 397 397 397 403 403 400 400 400 400 400 401 401 401 398 397 397 398 398 399 399 399 399 398 398 398 398 398 398 398 398 400 400 399 399 399 397 397 397 398 398 398 398 398 396 396 397 399 0 0 0 0 0 0 0 0 0 0 0 0 0 0 0 0 0 0 0 0 0 0 0 0 0 0 0 0 0 0 0 0 0 0 0 0 0 0 0 0 0 0 0 0 0 0 0 0 0 0 0 0 0 0 0 0 0 0 0 0 0 0 0 0 0 0 0 0 0 0 0 0 0 0 0 0 0 0 0 0 0 0 0 0 0 0 0 0 0 0 0 0 0 0 0 0 0 0 0 0 0 0 0 0 0 0 0 0 0 0 0 0 0 0 0 0 0 0 0 0 0 0 0 0 0 0 0 0 0 0 0 0 0 0 0 0 0 0 0 0 0 0 0 0 0 0 0 0 0 0 0 0 0 0 0 0 0 0 0 0 0 0 0 0 0 0 0 0 0 0 0 0 0 0 400 400 401 402 405 406 406 407 407 407 407 405 405 404 404 403 403 403 402 400 399 399 399 399 399 401 401 401 401 401 401 402 402 400 400 400 400 400 401 402 402 401 401 401 401 401 401 401 401 0 0 0 0 0 0 0 0 0 0 0
0 0 0 0 0 0 0 0 0 0 0 0 0 0 0 0 0 0 0 0 0 0 0 0 0 0 0 0 0 398 398 398 398 395 395 398 398 397 397 397 396 396 394 394 394 395 395 399 399 400 401 395 395 396 397 398 398 399 399 396 396 397 396 396 396 397 398 398 398 400 400 399 399 395 395 395 396 396 398 396 396 396 396 396 396 0 0 0 0 0 0 0 0 0 0 0 0 0 0 0 0 0 0 0 0 0 0 0 0 0 0 0 0 0 0 0 0 0 0 0 0 0 0 0 0 0 0 0 0 0 0 0 0 0 0 0 0 0 0 0 0 0 0 0 0 0 0 0 0 0 0 0 0 0 0 0 0 0 0 0 0 0 0 0 0 0 0 0 0 0 0 0 0 0 0 0 0 0 0 0 0 0 0 0 0 0 0 0 0 0 0 0 0 0 0 0 0 0 0 0 0 0 0 0 0 0 0 0 0 0 0 0 0 0 0 0 0 0 0 0 0 0 0 0 0 0 0 0 0 0 0 0 0 0 0 0 0 0 0 0 0 0 0 0 0 0 0 0 0 0 0 0 0 0 0 0 0 0 0 0 400 399 399 398 398 397 396 396 396 396 395 395 404 404 404 403 403 403 399 399 398 398 399 398 397 397 397 401 401 398 397 397 398 398 398 398 398 396 396 399 399 399 399 400 400 401 401 401 401 0 0 0 0 0 0 0 0 0 0 0
0 0 0 0 0 0 0 0 0 0 0 0 0 0 0 0 0 0 0 0 0 0 0 0 0 0 0 0 0 398 391 391 392 392 393 393 393 396 396 391 391 391 394 393 393 393 393 399 399 391 391 395 395 396 397 397 391 392 393 393 393 394 394 394 395 395 395 395 393 393 393 393 393 394 394 394 395 395 393 393 393 393 393 393 393 0 0 0 0 0 0 0 0 0 0 0 0 0 0 0 0 0 0 0 0 0 0 0 0 0 0 0 0 0 0 0 0 0 0 0 0 0 0 0 0 0 0 0 0 0 0 0 0 0 0 0 0 0 0 0 0 0 0 0 0 0 0 0 0 0 0 0 0 0 0 0 0 0 0 0 0 0 0 0 0 0 0 0 0 0 0 0 0 0 0 0 0 0 0 0 0 0 0 0 0 0 0 0 0 0 0 0 0 0 0 0 0 0 0 0 0 0 0 0 0 0 0 0 0 0 0 0 0 0 0 0 0 0 0 0 0 0 0 0 0 0 0 0 0 0 0 0 0 0 0 0 0 0 0 0 0 0 0 0 0 0 0 0 0 0 0 0 0 0 0 0 0 0 0 0 0 399 399 398 398 396 396 396 395 395 395 395 396 396 393 395 395 395 395 396 396 396 397 397 396 396 395 395 395 395 396 396 397 397 396 394 394 396 395 395 395 395 396 396 400 401 401 401 401 0 0 0 0 0 0 0 0 0 0 0
0 0 0 0 0 0 0 0 0 0 0 0 0 0 0 0 0 0 0 0 0 0 0 0 0 0 0 0 0 389 389 390 391 391 392 393 389 389 389 391 391 391 391 391 391 391 390 390 390 390 390 390 390 391 391 391 391 392 391 391 392 393 393 393 393 394 391 391 391 392 392 392 392 392 392 392 392 392 392 392 392 392 393 393 393 0 0 0 0 0 0 0 0 0 0 0 0 0 0 0 0 0 0 0 0 0 0 0 0 0 0 0 0 0 0 0 0 0 0 0 0 0 0 0 0 0 0 0 0 0 0 0 0 0 0 0 0 0 0 0 0 0 0 0 0 0 0 0 0 0 0 0 0 0 0 0 0 0 0 0 0 0 0 0 0 0 0 0 0 0 0 0 0 0 0 0 0 0 0 0 0 0 0 0 0 0 0 0 0 0 0 0 0 0 0 0 0 0 0 0 0 0 0 0 0 0 0 0 0 0 0 0 0 0 0 0 0 0 0 0 0 0 0 0 0 0 0 0 0 0 0 0 0 0 0 0 0 0 0 0 0 0 0 0 0 0 0 0 0 0 0 0 0 0 0 0 0 0 0 0 0 393 393 393 394 395 394 394 395 394 393 393 393 394 393 393 393 393 394 394 394 394 394 394 396 396 395 395 395 395 395 395 395 394 393 393 394 394 395 395 395 393 393 393 393 391 0 0 0 0 0 0 0 0 0 0 0 0 0 0
0 0 0 0 0 0 0 0 0 0 0 0 0 0 0 0 0 0 0 0 0 0 0 0 0 0 0 0 0 388 388 389 389 390 388 388 388 388 388 389 390 390 389 389 390 390 390 389 389 389 390 390 390 390 390 390 391 392 391 390 390 391 393 393 393 394 390 390 390 391 391 391 391 391 391 391 391 392 392 392 391 391 393 393 393 0 0 0 0 0 0 0 0 0 0 0 0 0 0 0 0 0 0 0 0 0 0 0 0 0 0 0 0 0 0 0 0 0 0 0 0 0 0 0 0 0 0 0 0 0 0 0 0 0 0 0 0 0 0 0 0 0 0 0 0 0 0 0 0 0 0 0 0 0 0 0 0 0 0 0 0 0 0 0 0 0 0 0 0 0 0 0 0 0 0 0 0 0 0 0 0 0 0 0 0 0 0 0 0 0 0 0 0 0 0 0 0 0 0 0 0 0 0 0 0 0 0 0 0 0 0 0 0 0 0 0 0 0 0 0 0 0 0 0 0 0 0 0 0 0 0 0 0 0 0 0 0 0 0 0 0 0 0 0 0 0 0 0 0 0 0 0 0 0 0 0 0 0 0 0 0 393 393 393 394 393 393 394 395 394 393 393 393 394 393 393 393 393 394 394 394 394 394 394 394 389 389 395 395 395 395 395 395 394 393 393 393 393 395 395 391 391 390 390 391 0 0 0 0 0 0 0 0 0 0 0 0 0 0 0
0 0 0 0 0 0 0 0 0 0 0 0 0 0 0 0 0 0 0 0 0 0 0 0 0 0 0 0 0 385 385 389 389 390 386 386 387 387 387 389 390 390 389 389 390 390 389 388 388 388 388 390 390 390 390 390 391 0 0 390 390 391 393 393 393 393 388 388 389 389 389 389 389 389 389 389 389 0 0 0 391 391 0 0 0 0 0 0 0 0 0 0 0 0 0 0 0 0 0 0 0 0 0 0 0 0 0 0 0 0 0 0 0 0 0 0 0 0 0 0 0 0 0 0 0 0 0 0 0 0 0 0 0 0 0 0 0 0 0 0 0 0 0 0 0 0 0 0 0 0 0 0 0 0 0 0 0 0 0 0 0 0 0 0 0 0 0 0 0 0 0 0 0 0 0 0 0 0 0 0 0 0 0 0 0 0 0 0 0 0 0 0 0 0 0 0 0 0 0 0 0 0 0 0 0 0 0 0 0 0 0 0 0 0 0 0 0 0 0 0 0 0 0 0 0 0 0 0 0 0 0 0 0 0 0 0 0 0 0 0 0 0 0 0 0 0 0 0 0 0 0 0 0 0 0 0 0 0 0 0 0 389 389 389 389 390 391 391 389 389 389 393 393 393 393 393 393 393 393 385 386 386 389 389 389 389 389 387 0 384 0 0 0 0 0 386 385 385 385 389 389 389 387 387 387 387 0 0 0 0 0 0 0 0 0 0 0 0 0 0
0 0 0 0 0 0 0 0 0 0 0 0 0 0 0 0 0 0 0 0 0 0 0 0 0 0 0 0 0 385 385 0 0 0 385 385 385 385 386 0 0 0 389 389 0 0 389 388 388 385 385 0 0 390 390 390 0 0 0 0 0 0 0 0 0 0 387 387 388 388 388 388 387 387 387 389 389 0 0 0 0 0 0 0 0 0 0 0 0 0 0 0 0 0 0 0 0 0 0 0 0 0 0 0 0 0 0 0 0 0 0 0 0 0 0 0 0 0 0 0 0 0 0 0 0 0 0 0 0 0 0 0 0 0 0 0 0 0 0 0 0 0 0 0 0 0 0 0 0 0 0 0 0 0 0 0 0 0 0 0 0 0 0 0 0 0 0 0 0 0 0 0 0 0 0 0 0 0 0 0 0 0 0 0 0 0 0 0 0 0 0 0 0 0 0 0 0 0 0 0 0 0 0 0 0 0 0 0 0 0 0 0 0 0 0 0 0 0 0 0 0 0 0 0 0 0 0 0 0 0 0 0 0 0 0 0 0 0 0 0 0 0 0 0 0 0 0 0 0 0 0 0 0 0 0 0 0 0 0 0 0 389 389 388 388 388 388 388 388 388 388 387 386 386 386 386 388 388 384 385 386 386 386 387 387 387 387 387 0 0 0 0 0 386 386 386 385 385 385 385 385 385 385 386 386 386 387 0 0 0 0 0 0 0 0 0 0 0 0 0
0 0 0 0 0 0 0 0 0 0 0 0 0 0 0 0 0 0 0 0 0 0 0 0 0 0 0 0 0 0 0 0 0 0 385 385 385 385 386 0 0 0 0 0 0 0 0 0 0 385 385 0 0 0 0 0 0 0 0 0 0 0 0 0 0 0 387 387 388 388 387 387 386 386 387 386 386 0 0 0 0 0 0 0 0 0 0 0 0 0 0 0 0 0 0 0 0 0 0 0 0 0 0 0 0 0 0 0 0 0 0 0 0 0 0 0 0 0 0 0 0 0 0 0 0 0 0 0 0 0 0 0 0 0 0 0 0 0 0 0 0 0 0 0 0 0 0 0 0 0 0 0 0 0 0 0 0 0 0 0 0 0 0 0 0 0 0 0 0 0 0 0 0 0 0 0 0 0 0 0 0 0 0 0 0 0 0 0 0 0 0 0 0 0 0 0 0 0 0 0 0 0 0 0 0 0 0 0 0 0 0 0 0 0 0 0 0 0 0 0 0 0 0 0 0 0 0 0 0 0 0 0 0 0 0 0 0 0 0 0 0 0 0 0 0 0 0 0 0 0 0 0 0 0 0 0 0 386 386 386 386 386 386 388 388 388 388 386 386 386 386 386 385 385 386 386 386 384 384 385 385 385 385 385 384 384 384 384 384 383 0 0 385 385 385 385 383 382 382 382 383 384 384 385 385 385 385 0 0 0 0 0 0 0 0 0 0 0 0 0
0 0 0 0 0 0 0 0 0 0 0 0 0 0 0 0 0 0 0 0 0 0 0 0 0 0 0 0 0 0 0 0 0 0 0 0 0 0 0 0 0 0 0 0 0 0 0 0 0 385 385 0 0 0 0 0 0 0 0 0 0 0 0 0 0 0 0 0 0 0 387 383 383 383 383 386 386 0 0 0 0 0 0 0 0 0 0 0 0 0 0 0 0 0 0 0 0 0 0 0 0 0 0 0 0 0 0 0 0 0 0 0 0 0 0 0 0 0 0 0 0 0 0 0 0 0 0 0 0 0 0 0 0 0 0 0 0 0 0 0 0 0 0 0 0 0 0 0 0 0 0 0 0 0 0 0 0 0 0 0 0 0 0 0 0 0 0 0 0 0 0 0 0 0 0 0 0 0 0 0 0 0 0 0 0 0 0 0 0 0 0 0 0 0 0 0 0 0 0 0 0 0 0 0 0 0 0 0 0 0 0 0 0 0 0 0 0 0 0 0 0 0 0 0 0 0 0 0 0 0 0 0 0 0 0 0 0 0 0 0 0 0 0 0 0 0 0 0 0 0 0 0 0 0 0 384 384 384 384 386 385 385 386 388 388 388 386 386 385 383 383 385 385 385 386 386 386 384 383 383 384 384 383 383 383 383 383 383 383 383 0 0 384 384 384 383 382 382 382 382 382 382 382 383 385 385 385 0 0 0 0 0 0 0 0 0 0 0 0 0
0 0 0 0 0 0 0 0 0 0 0 0 0 0 0 0 0 0 0 0 0 0 0 0 0 0 0 0 0 0 0 0 0 0 0 0 0 0 0 0 0 0 0 0 0 0 0 0 0 0 0 0 0 0 0 0 0 0 0 0 0 0 0 0 0 0 0 0 0 0 0 383 382 382 382 0 0 0 0 0 0 0 0 0 0 0 0 0 0 0 0 0 0 0 0 0 0 0 0 0 0 0 0 0 0 0 0 0 0 0 0 0 0 0 0 0 0 0 0 0 0 0 0 0 0 0 0 0 0 0 0 0 0 0 0 0 0 0 0 0 0 0 0 0 0 0 0 0 0 0 0 0 0 0 0 0 0 0 0 0 0 0 0 0 0 0 0 0 0 0 0 0 0 0 0 0 0 0 0 0 0 0 0 0 0 0 0 0 0 0 0 0 0 0 0 0 0 0 0 0 0 0 0 0 0 0 0 0 0 0 0 0 0 0 0 0 0 0 0 0 0 0 0 0 0 0 0 0 0 0 0 0 0 0 0 0 0 0 0 0 0 0 0 0 0 0 0 0 0 0 0 0 0 0 0 384 383 383 384 386 385 385 0 0 0 0 0 382 382 382 382 383 382 382 386 386 386 382 382 382 382 382 382 382 382 382 382 383 383 0 0 0 0 384 380 380 380 380 381 381 382 381 380 380 380 0 0 0 0 0 0 0 0 0 0 0 0 0 0 0
0 0 0 0 0 0 0 0 0 0 0 0 0 0 0 0 0 0 0 0 0 0 0 0 0 0 0 0 0 0 0 0 0 0 0 0 0 0 0 0 0 0 0 0 0 0 0 0 0 0 0 0 0 0 0 0 0 0 0 0 0 0 0 0 0 0 0 0 0 0 0 0 382 382 382 0 0 0 0 0 0 0 0 0 0 0 0 0 0 0 0 0 0 0 0 0 0 0 0 0 0 0 0 0 0 0 0 0 0 0 0 0 0 0 0 0 0 0 0 0 0 0 0 0 0 0 0 0 0 0 0 0 0 0 0 0 0 0 0 0 0 0 0 0 0 0 0 0 0 0 0 0 0 0 0 0 0 0 0 0 0 0 0 0 0 0 0 0 0 0 0 0 0 0 0 0 0 0 0 0 0 0 0 0 0 0 0 0 0 0 0 0 0 0 0 0 0 0 0 0 0 0 0 0 0 0 0 0 0 0 0 0 0 0 0 0 0 0 0 0 0 0 0 0 0 0 0 0 0 0 0 0 0 0 0 0 0 0 0 0 0 0 0 0 0 0 0 0 0 0 0 0 0 0 0 0 383 383 0 0 0 0 0 0 0 0 379 379 379 380 381 382 379 379 379 379 379 379 382 382 382 380 380 380 381 382 382 382 0 0 0 0 0 378 378 380 380 380 381 381 378 378 380 380 380 0 0 0 0 0 0 0 0 0 0 0 0 0 0 0
0 0 0 0 0 0 0 0 0 0 0 0 0 0 0 0 0 0 0 0 0 0 0 0 0 0 0 0 0 0 0 0 0 0 0 0 0 0 0 0 0 0 0 0 0 0 0 0 0 0 0 0 0 0 0 0 0 0 0 0 0 0 0 0 0 0 0 0 0 0 0 0 0 0 0 0 0 0 0 0 0 0 0 0 0 0 0 0 0 0 0 0 0 0 0 0 0 0 0 0 0 0 0 0 0 0 0 0 0 0 0 0 0 0 0 0 0 0 0 0 0 0 0 0 0 0 0 0 0 0 0 0 0 0 0 0 0 0 0 0 0 0 0 0 0 0 0 0 0 0 0 0 0 0 0 0 0 0 0 0 0 0 0 0 0 0 0 0 0 0 0 0 0 0 0 0 0 0 0 0 0 0 0 0 0 0 0 0 0 0 0 0 0 0 0 0 0 0 0 0 0 0 0 0 0 0 0 0 0 0 0 0 0 0 0 0 0 0 0 0 0 0 0 0 0 0 0 0 0 0 0 0 0 0 0 0 0 0 0 0 0 0 0 0 0 0 0 0 0 0 0 0 0 0 0 0 0 0 0 0 0 0 0 0 0 0 379 379 379 379 380 382 378 378 378 379 379 379 379 379 379 380 378 377 377 377 373 373 374 374 374 375 376 376 377 377 374 374 374 374 375 375 375 380 380 0 0 0 0 0 0 0 0 0 0 0 0 0 0 0
0 0 0 0 0 0 0 0 0 0 0 0 0 0 0 0 0 0 0 0 0 0 0 0 0 0 0 0 0 0 0 0 0 0 0 0 0 0 0 0 0 0 0 0 0 0 0 0 0 0 0 0 0 0 0 0 0 0 0 0 0 0 0 0 0 0 0 0 0 0 0 0 0 0 0 0 0 0 0 0 0 0 0 0 0 0 0 0 0 0 0 0 0 0 0 0 0 0 0 0 0 0 0 0 0 0 0 0 0 0 0 0 0 0 0 0 0 0 0 0 0 0 0 0 0 0 0 0 0 0 0 0 0 0 0 0 0 0 0 0 0 0 0 0 0 0 0 0 0 0 0 0 0 0 0 0 0 0 0 0 0 0 0 0 0 0 0 0 0 0 0 0 0 0 0 0 0 0 0 0 0 0 0 0 0 0 0 0 0 0 0 0 0 0 0 0 0 0 0 0 0 0 0 0 0 0 0 0 0 0 0 0 0 0 0 0 0 0 0 0 0 0 0 0 0 0 0 0 0 0 0 0 0 0 0 0 0 0 0 0 0 0 0 0 0 0 0 0 0 0 0 0 0 0 0 0 0 0 0 0 0 0 0 0 0 0 379 379 379 379 376 376 378 378 378 379 379 379 379 379 379 381 376 376 376 376 373 373 373 373 373 374 374 376 377 377 372 372 373 373 373 372 372 0 0 0 0 0 0 0 0 0 0 0 0 0 0 0 0 0
0 0 0 0 0 0 0 0 0 0 0 0 0 0 0 0 0 0 0 0 0 0 0 0 0 0 0 0 0 0 0 0 0 0 0 0 0 0 0 0 0 0 0 0 0 0 0 0 0 0 0 0 0 0 0 0 0 0 0 0 0 0 0 0 0 0 0 0 0 0 0 0 0 0 0 0 0 0 0 0 0 0 0 0 0 0 0 0 0 0 0 0 0 0 0 0 0 0 0 0 0 0 0 0 0 0 0 0 0 0 0 0 0 0 0 0 0 0 0 0 0 0 0 0 0 0 0 0 0 0 0 0 0 0 0 0 0 0 0 0 0 0 0 0 0 0 0 0 0 0 0 0 0 0 0 0 0 0 0 0 0 0 0 0 0 0 0 0 0 0 0 0 0 0 0 0 0 0 0 0 0 0 0 0 0 0 0 0 0 0 0 0 0 0 0 0 0 0 0 0 0 0 0 0 0 0 0 0 0 0 0 0 0 0 0 0 0 0 0 0 0 0 0 0 0 0 0 0 0 0 0 0 0 0 0 0 0 0 0 0 0 0 0 0 0 0 0 0 0 0 0 0 0 0 0 0 0 0 0 0 0 0 0 0 0 0 0 0 0 0 376 376 0 0 0 0 0 0 0 0 0 0 376 376 376 376 371 371 372 372 371 371 372 370 370 371 371 372 372 372 372 372 372 372 0 0 0 0 0 0 0 0 0 0 0 0 0 0 0 0
0 0 0 0 0 0 0 0 0 0 0 0 0 0 0 0 0 0 0 0 0 0 0 0 0 0 0 0 0 0 0 0 0 0 0 0 0 0 0 0 0 0 0 0 0 0 0 0 0 0 0 0 0 0 0 0 0 0 0 0 0 0 0 0 0 0 0 0 0 0 0 0 0 0 0 0 0 0 0 0 0 0 0 0 0 0 0 0 0 0 0 0 0 0 0 0 0 0 0 0 0 0 0 0 0 0 0 0 0 0 0 0 0 0 0 0 0 0 0 0 0 0 0 0 0 0 0 0 0 0 0 0 0 0 0 0 0 0 0 0 0 0 0 0 0 0 0 0 0 0 0 0 0 0 0 0 0 0 0 0 0 0 0 0 0 0 0 0 0 0 0 0 0 0 0 0 0 0 0 0 0 0 0 0 0 0 0 0 0 0 0 0 0 0 0 0 0 0 0 0 0 0 0 0 0 0 0 0 0 0 0 0 0 0 0 0 0 0 0 0 0 0 0 0 0 0 0 0 0 0 0 0 0 0 0 0 0 0 0 0 0 0 0 0 0 0 0 0 0 0 0 0 0 0 0 0 0 0 0 0 0 0 0 0 0 0 0 0 0 0 0 0 0 0 0 0 0 0 0 0 0 0 0 0 0 0 370 370 371 371 370 370 370 369 369 370 370 370 370 371 370 370 371 372 0 0 0 0 0 0 0 0 0 0 0 0 0 0 0 0
0 0 0 0 0 0 0 0 0 0 0 0 0 0 0 0 0 0 0 0 0 0 0 0 0 0 0 0 0 0 0 0 0 0 0 0 0 0 0 0 0 0 0 0 0 0 0 0 0 0 0 0 0 0 0 0 0 0 0 0 0 0 0 0 0 0 0 0 0 0 0 0 0 0 0 0 0 0 0 0 0 0 0 0 0 0 0 0 0 0 0 0 0 0 0 0 0 0 0 0 0 0 0 0 0 0 0 0 0 0 0 0 0 0 0 0 0 0 0 0 0 0 0 0 0 0 0 0 0 0 0 0 0 0 0 0 0 0 0 0 0 0 0 0 0 0 0 0 0 0 0 0 0 0 0 0 0 0 0 0 0 0 0 0 0 0 0 0 0 0 0 0 0 0 0 0 0 0 0 0 0 0 0 0 0 0 0 0 0 0 0 0 0 0 0 0 0 0 0 0 0 0 0 0 0 0 0 0 0 0 0 0 0 0 0 0 0 0 0 0 0 0 0 0 0 0 0 0 0 0 0 0 0 0 0 0 0 0 0 0 0 0 0 0 0 0 0 0 0 0 0 0 0 0 0 0 0 0 0 0 0 0 0 0 0 0 0 0 0 0 0 0 0 0 0 0 0 0 0 0 0 0 0 0 0 369 369 370 368 368 368 368 369 368 368 368 368 368 369 369 369 369 371 0 0 0 0 0 0 0 0 0 0 0 0 0 0 0 0 0
0 0 0 0 0 0 0 0 0 0 0 0 0 0 0 0 0 0 0 0 0 0 0 0 0 0 0 0 0 0 0 0 0 0 0 0 0 0 0 0 0 0 0 0 0 0 0 0 0 0 0 0 0 0 0 0 0 0 0 0 0 0 0 0 0 0 0 0 0 0 0 0 0 0 0 0 0 0 0 0 0 0 0 0 0 0 0 0 0 0 0 0 0 0 0 0 0 0 0 0 0 0 0 0 0 0 0 0 0 0 0 0 0 0 0 0 0 0 0 0 0 0 0 0 0 0 0 0 0 0 0 0 0 0 0 0 0 0 0 0 0 0 0 0 0 0 0 0 0 0 0 0 0 0 0 0 0 0 0 0 0 0 0 0 0 0 0 0 0 0 0 0 0 0 0 0 0 0 0 0 0 0 0 0 0 0 0 0 0 0 0 0 0 0 0 0 0 0 0 0 0 0 0 0 0 0 0 0 0 0 0 0 0 0 0 0 0 0 0 0 0 0 0 0 0 0 0 0 0 0 0 0 0 0 0 0 0 0 0 0 0 0 0 0 0 0 0 0 0 0 0 0 0 0 0 0 0 0 0 0 0 0 0 0 0 0 0 0 0 0 0 0 0 0 0 0 0 0 0 0 0 0 0 0 0 369 369 369 368 366 366 368 369 368 364 364 366 366 367 366 365 365 365 0 0 0 0 0 0 0 0 0 0 0 0 0 0 0 0 0
0 0 0 0 0 0 0 0 0 0 0 0 0 0 0 0 0 0 0 0 0 0 0 0 0 0 0 0 0 0 0 0 0 0 0 0 0 0 0 0 0 0 0 0 0 0 0 0 0 0 0 0 0 0 0 0 0 0 0 0 0 0 0 0 0 0 0 0 0 0 0 0 0 0 0 0 0 0 0 0 0 0 0 0 0 0 0 0 0 0 0 0 0 0 0 0 0 0 0 0 0 0 0 0 0 0 0 0 0 0 0 0 0 0 0 0 0 0 0 0 0 0 0 0 0 0 0 0 0 0 0 0 0 0 0 0 0 0 0 0 0 0 0 0 0 0 0 0 0 0 0 0 0 0 0 0 0 0 0 0 0 0 0 0 0 0 0 0 0 0 0 0 0 0 0 0 0 0 0 0 0 0 0 0 0 0 0 0 0 0 0 0 0 0 0 0 0 0 0 0 0 0 0 0 0 0 0 0 0 0 0 0 0 0 0 0 0 0 0 0 0 0 0 0 0 0 0 0 0 0 0 0 0 0 0 0 0 0 0 0 0 0 0 0 0 0 0 0 0 0 0 0 0 0 0 0 0 0 0 0 0 0 0 0 0 0 0 0 0 0 0 0 0 0 0 0 0 0 0 0 0 0 0 0 0 0 0 0 366 366 366 368 0 363 363 364 365 365 366 366 363 363 365 365 366 0 0 0 0 0 0 0 0 0 0 0 0 0 0 0
0 0 0 0 0 0 0 0 0 0 0 0 0 0 0 0 0 0 0 0 0 0 0 0 0 0 0 0 0 0 0 0 0 0 0 0 0 0 0 0 0 0 0 0 0 0 0 0 0 0 0 0 0 0 0 0 0 0 0 0 0 0 0 0 0 0 0 0 0 0 0 0 0 0 0 0 0 0 0 0 0 0 0 0 0 0 0 0 0 0 0 0 0 0 0 0 0 0 0 0 0 0 0 0 0 0 0 0 0 0 0 0 0 0 0 0 0 0 0 0 0 0 0 0 0 0 0 0 0 0 0 0 0 0 0 0 0 0 0 0 0 0 0 0 0 0 0 0 0 0 0 0 0 0 0 0 0 0 0 0 0 0 0 0 0 0 0 0 0 0 0 0 0 0 0 0 0 0 0 0 0 0 0 0 0 0 0 0 0 0 0 0 0 0 0 0 0 0 0 0 0 0 0 0 0 0 0 0 0 0 0 0 0 0 0 0 0 0 0 0 0 0 0 0 0 0 0 0 0 0 0 0 0 0 0 0 0 0 0 0 0 0 0 0 0 0 0 0 0 0 0 0 0 0 0 0 0 0 0 0 0 0 0 0 0 0 0 0 0 0 0 0 0 0 0 0 0 0 0 0 0 0 0 0 0 0 0 0 366 366 366 0 0 363 363 364 365 365 366 366 363 363 365 365 366 0 0 0 0 0 0 0 0 0 0 0 0 0 0 0
0 0 0 0 0 0 0 0 0 0 0 0 0 0 0 0 0 0 0 0 0 0 0 0 0 0 0 0 0 0 0 0 0 0 0 0 0 0 0 0 0 0 0 0 0 0 0 0 0 0 0 0 0 0 0 0 0 0 0 0 0 0 0 0 0 0 0 0 0 0 0 0 0 0 0 0 0 0 0 0 0 0 0 0 0 0 0 0 0 0 0 0 0 0 0 0 0 0 0 0 0 0 0 0 0 0 0 0 0 0 0 0 0 0 0 0 0 0 0 0 0 0 0 0 0 0 0 0 0 0 0 0 0 0 0 0 0 0 0 0 0 0 0 0 0 0 0 0 0 0 0 0 0 0 0 0 0 0 0 0 0 0 0 0 0 0 0 0 0 0 0 0 0 0 0 0 0 0 0 0 0 0 0 0 0 0 0 0 0 0 0 0 0 0 0 0 0 0 0 0 0 0 0 0 0 0 0 0 0 0 0 0 0 0 0 0 0 0 0 0 0 0 0 0 0 0 0 0 0 0 0 0 0 0 0 0 0 0 0 0 0 0 0 0 0 0 0 0 0 0 0 0 0 0 0 0 0 0 0 0 0 0 0 0 0 0 0 0 0 0 0 0 0 0 0 0 0 0 0 0 0 0 0 0 0 0 0 0 0 0 0 0 0 0 0 0 0 0 0 0 0 0 0 0 0 0 0 0 0 0 0 0 0 0 0 0 0 0 0 0
0 0 0 0 0 0 0 0 0 0 0 0 0 0 0 0 0 0 0 0 0 0 0 0 0 0 0 0 0 0 0 0 0 0 0 0 0 0 0 0 0 0 0 0 0 0 0 0 0 0 0 0 0 0 0 0 0 0 0 0 0 0 0 0 0 0 0 0 0 0 0 0 0 0 0 0 0 0 0 0 0 0 0 0 0 0 0 0 0 0 0 0 0 0 0 0 0 0 0 0 0 0 0 0 0 0 0 0 0 0 0 0 0 0 0 0 0 0 0 0 0 0 0 0 0 0 0 0 0 0 0 0 0 0 0 0 0 0 0 0 0 0 0 0 0 0 0 0 0 0 0 0 0 0 0 0 0 0 0 0 0 0 0 0 0 0 0 0 0 0 0 0 0 0 0 0 0 0 0 0 0 0 0 0 0 0 0 0 0 0 0 0 0 0 0 0 0 0 0 0 0 0 0 0 0 0 0 0 0 0 0 0 0 0 0 0 0 0 0 0 0 0 0 0 0 0 0 0 0 0 0 0 0 0 0 0 0 0 0 0 0 0 0 0 0 0 0 0 0 0 0 0 0 0 0 0 0 0 0 0 0 0 0 0 0 0 0 0 0 0 0 0 0 0 0 0 0 0 0 0 0 0 0 0 0 0 0 0 0 0 0 0 0 0 0 0 0 0 0 0 0 0 0 0 0 0 0 0 0 0 0 0 0 0 0 0 0 0 0 0
0 0 0 0 0 0 0 0 0 0 0 0 0 0 0 0 0 0 0 0 0 0 0 0 0 0 0 0 0 0 0 0 0 0 0 0 0 0 0 0 0 0 0 0 0 0 0 0 0 0 0 0 0 0 0 0 0 0 0 0 0 0 0 0 0 0 0 0 0 0 0 0 0 0 0 0 0 0 0 0 0 0 0 0 0 0 0 0 0 0 0 0 0 0 0 0 0 0 0 0 0 0 0 0 0 0 0 0 0 0 0 0 0 0 0 0 0 0 0 0 0 0 0 0 0 0 0 0 0 0 0 0 0 0 0 0 0 0 0 0 0 0 0 0 0 0 0 0 0 0 0 0 0 0 0 0 0 0 0 0 0 0 0 0 0 0 0 0 0 0 0 0 0 0 0 0 0 0 0 0 0 0 0 0 0 0 0 0 0 0 0 0 0 0 0 0 0 0 0 0 0 0 0 0 0 0 0 0 0 0 0 0 0 0 0 0 0 0 0 0 0 0 0 0 0 0 0 0 0 0 0 0 0 0 0 0 0 0 0 0 0 0 0 0 0 0 0 0 0 0 0 0 0 0 0 0 0 0 0 0 0 0 0 0 0 0 0 0 0 0 0 0 0 0 0 0 0 0 0 0 0 0 0 0 0 0 0 0 0 0 0 0 0 0 0 0 0 0 0 0 0 0 0 0 0 0 0 0 0 0 0 0 0 0 0 0 0 0 0 0
0 0 0 0 0 0 0 0 0 0 0 0 0 0 0 0 0 0 0 0 0 0 0 0 0 0 0 0 0 0 0 0 0 0 0 0 0 0 0 0 0 0 0 0 0 0 0 0 0 0 0 0 0 0 0 0 0 0 0 0 0 0 0 0 0 0 0 0 0 0 0 0 0 0 0 0 0 0 0 0 0 0 0 0 0 0 0 0 0 0 0 0 0 0 0 0 0 0 0 0 0 0 0 0 0 0 0 0 0 0 0 0 0 0 0 0 0 0 0 0 0 0 0 0 0 0 0 0 0 0 0 0 0 0 0 0 0 0 0 0 0 0 0 0 0 0 0 0 0 0 0 0 0 0 0 0 0 0 0 0 0 0 0 0 0 0 0 0 0 0 0 0 0 0 0 0 0 0 0 0 0 0 0 0 0 0 0 0 0 0 0 0 0 0 0 0 0 0 0 0 0 0 0 0 0 0 0 0 0 0 0 0 0 0 0 0 0 0 0 0 0 0 0 0 0 0 0 0 0 0 0 0 0 0 0 0 0 0 0 0 0 0 0 0 0 0 0 0 0 0 0 0 0 0 0 0 0 0 0 0 0 0 0 0 0 0 0 0 0 0 0 0 0 0 0 0 0 0 0 0 0 0 0 0 0 0 0 0 0 0 0 0 0 0 0 0 0 0 0 0 0 0 0 0 0 0 0 0 0 0 0 0 0 0 0 0 0 0 0 0
0 0 0 0 0 0 0 0 0 0 0 0 0 0 0 0 0 0 0 0 0 0 0 0 0 0 0 0 0 0 0 0 0 0 0 0 0 0 0 0 0 0 0 0 0 0 0 0 0 0 0 0 0 0 0 0 0 0 0 0 0 0 0 0 0 0 0 0 0 0 0 0 0 0 0 0 0 0 0 0 0 0 0 0 0 0 0 0 0 0 0 0 0 0 0 0 0 0 0 0 0 0 0 0 0 0 0 0 0 0 0 0 0 0 0 0 0 0 0 0 0 0 0 0 0 0 0 0 0 0 0 0 0 0 0 0 0 0 0 0 0 0 0 0 0 0 0 0 0 0 0 0 0 0 0 0 0 0 0 0 0 0 0 0 0 0 0 0 0 0 0 0 0 0 0 0 0 0 0 0 0 0 0 0 0 0 0 0 0 0 0 0 0 0 0 0 0 0 0 0 0 0 0 0 0 0 0 0 0 0 0 0 0 0 0 0 0 0 0 0 0 0 0 0 0 0 0 0 0 0 0 0 0 0 0 0 0 0 0 0 0 0 0 0 0 0 0 0 0 0 0 0 0 0 0 0 0 0 0 0 0 0 0 0 0 0 0 0 0 0 0 0 0 0 0 0 0 0 0 0 0 0 0 0 0 0 0 0 0 0 0 0 0 0 0 0 0 0 0 0 0 0 0 0 0 0 0 0 0 0 0 0 0 0 0 0 0 0 0 0
0 0 0 0 0 0 0 0 0 0 0 0 0 0 0 0 0 0 0 0 0 0 0 0 0 0 0 0 0 0 0 0 0 0 0 0 0 0 0 0 0 0 0 0 0 0 0 0 0 0 0 0 0 0 0 0 0 0 0 0 0 0 0 0 0 0 0 0 0 0 0 0 0 0 0 0 0 0 0 0 0 0 0 0 0 0 0 0 0 0 0 0 0 0 0 0 0 0 0 0 0 0 0 0 0 0 0 0 0 0 0 0 0 0 0 0 0 0 0 0 0 0 0 0 0 0 0 0 0 0 0 0 0 0 0 0 0 0 0 0 0 0 0 0 0 0 0 0 0 0 0 0 0 0 0 0 0 0 0 0 0 0 0 0 0 0 0 0 0 0 0 0 0 0 0 0 0 0 0 0 0 0 0 0 0 0 0 0 0 0 0 0 0 0 0 0 0 0 0 0 0 0 0 0 0 0 0 0 0 0 0 0 0 0 0 0 0 0 0 0 0 0 0 0 0 0 0 0 0 0 0 0 0 0 0 0 0 0 0 0 0 0 0 0 0 0 0 0 0 0 0 0 0 0 0 0 0 0 0 0 0 0 0 0 0 0 0 0 0 0 0 0 0 0 0 0 0 0 0 0 0 0 0 0 0 0 0 0 0 0 0 0 0 0 0 0 0 0 0 0 0 0 0 0 0 0 0 0 0 0 0 0 0 0 0 0 0 0 0 0
