0 0 0 0 0 0 0 0 0 0 0 0 0 0 0 0 0 0 0 0 0 0 0 0 0 0 0 0 0 0 0 0 0 0 0 0 0 0 0 0 0 0 0 0 0 0 0 0 0 0 0 0 0 0 0 0 0 0 0 0 0 0 0 0 0 0 0 0 0 0 0 0 0 0 0 0 0 0 0 0 0 0 0 0 0 0 0 0 0 0 0 0 0 0 0 0 0 0 0 0 0 0 0 0 0 0 0 0 0 0 0 0 0 0 0 0 0 0 0 0 0 0 0 0 0 0 0 0 0 0 0 0 0 0 0 0 0 0 0 0 0 0 0 0 0 0 0 0 0 0 0 0 0 0 0 0 0 0 0 0 0 0 0 0 0 0 0 0 0 0 0 0 0 0 0 0 0 0 0 0 0 0 0 0 0 0 0 0 0 0 0 0 0 0 0 0 0 0 0 0 0 0 0 0 0 0 0 0 0 0 0 0 0 0 0 0 0 0 0 0 0 0 0 0 0 0 0 0 0 0 0 0 0 0 0 0 0 0 0 0 0 0 0 0 0 0 0 0 0 0 0 0 0 0 0 0 0 0 0 0 0 0 0 0 0 0 0 0 0 0 0 0 0 0 0 0 0 0 0 0 0 0 0 0 0 0 0 0 0 0 0 0 0 0 0 0 0 0 0 0 0 0 0 0 0 0 0 0 0 0 0 0 0 0 0 0 0 0 0 0
0 0 0 0 0 0 0 0 0 0 0 0 0 0 0 0 0 0 0 0 0 0 0 0 0 0 0 0 0 0 0 0 0 0 0 0 0 0 0 0 0 0 0 0 0 0 0 0 0 0 0 0 0 0 0 0 0 0 0 0 0 0 0 0 0 0 0 0 0 0 0 0 0 0 0 0 0 0 0 0 0 0 0 0 0 0 0 0 0 0 0 0 0 0 0 0 0 0 0 0 0 0 0 0 0 0 0 0 0 0 0 0 0 0 0 0 0 0 0 0 0 0 0 0 0 0 0 0 0 0 0 0 0 0 0 0 0 0 0 0 0 0 0 0 0 0 0 0 0 0 0 0 0 0 0 0 0 0 0 0 0 0 0 0 0 0 0 0 0 0 0 0 0 0 0 0 0 0 0 0 0 0 0 0 0 0 0 0 0 0 0 0 0 0 0 0 0 0 0 0 0 0 0 0 0 0 0 0 0 0 0 0 0 0 0 0 0 0 0 0 0 0 0 0 0 0 0 0 0 0 0 0 0 0 0 0 0 0 0 0 0 0 0 0 0 0 0 0 0 0 0 0 0 0 0 0 0 0 0 0 0 0 0 0 0 0 0 0 0 0 0 0 0 0 0 0 0 0 0 0 0 0 0 0 0 0 0 0 0 0 0 0 0 0 0 0 0 0 0 0 0 0 0 0 0 0 0 0 0 0 0 0 0 0 0 0 0 0 0 0
0 0 0 0 0 0 0 0 0 0 0 0 0 0 0 0 0 0 0 0 0 0 0 0 0 0 0 0 0 0 0 0 0 0 0 0 0 0 0 0 0 0 0 0 0 0 0 0 0 0 0 0 0 0 0 0 0 0 0 0 0 0 0 0 0 0 0 0 0 0 0 0 0 0 0 0 0 0 0 0 0 0 0 0 0 0 0 0 0 0 0 0 0 0 0 0 0 0 0 0 0 0 0 0 0 0 0 0 0 0 0 0 0 0 0 0 0 0 0 0 0 0 0 0 0 0 0 0 0 0 0 0 0 0 0 0 0 0 0 0 0 0 0 0 0 0 0 0 0 0 0 0 0 0 0 0 0 0 0 0 0 0 0 0 0 0 0 0 0 0 0 0 0 0 0 0 0 0 0 0 0 0 0 0 0 0 0 0 0 0 0 0 0 0 0 0 0 0 0 0 0 0 0 0 0 0 0 0 0 0 0 0 0 0 0 0 0 0 0 0 0 0 0 0 0 0 0 0 0 0 0 0 0 0 0 0 0 0 0 0 0 0 0 0 0 0 0 0 0 0 0 0 0 0 0 0 0 0 0 0 0 0 0 0 0 0 0 0 0 0 0 0 0 0 0 0 0 0 0 0 0 0 0 0 0 0 0 0 0 0 0 0 0 0 0 0 0 0 0 0 0 0 0 0 0 0 0 0 0 0 0 0 0 0 0 0 0 0 0 0
0 0 0 0 0 0 0 0 0 0 0 0 0 0 0 0 0 0 0 0 0 0 0 0 0 0 0 0 0 0 0 0 0 0 0 0 0 0 0 0 0 0 0 0 0 0 0 0 0 0 0 0 0 0 0 0 0 0 0 0 0 0 0 0 0 0 0 0 0 0 0 0 0 0 0 0 0 0 0 0 0 0 0 0 0 0 0 0 0 0 0 0 0 0 0 0 0 0 0 0 0 0 0 0 0 0 0 0 0 0 0 0 0 0 0 0 0 0 0 0 0 0 0 0 0 0 0 0 0 0 0 0 0 0 0 0 0 0 0 0 0 0 0 0 0 0 0 0 0 0 0 0 0 0 0 0 0 0 0 0 0 0 0 0 0 0 0 0 0 0 0 0 0 0 0 0 0 0 0 0 0 0 0 0 0 0 0 0 0 0 0 0 0 0 0 0 0 0 0 0 0 0 0 0 0 0 0 0 0 0 0 0 0 0 0 0 0 0 0 0 0 0 0 0 0 0 0 0 0 0 0 0 0 0 0 0 0 0 0 0 0 0 0 0 0 0 0 0 0 0 0 0 0 0 0 0 0 0 0 0 0 0 0 0 0 0 0 0 0 0 0 0 0 0 0 0 0 0 0 0 0 0 0 0 0 0 0 0 0 0 0 0 0 0 0 0 0 0 0 0 0 0 0 0 0 0 0 0 0 0 0 0 0 0 0 0 0 0 0 0
0 0 0 0 0 0 0 0 0 0 0 0 0 0 0 0 0 0 0 0 0 0 0 0 0 0 0 0 0 0 0 0 0 0 0 0 0 0 0 0 0 0 0 0 0 0 0 0 0 0 0 0 0 0 0 0 0 0 0 0 0 0 0 0 0 0 0 0 0 0 0 0 0 0 0 0 0 0 0 0 0 0 0 0 0 0 0 0 0 0 0 0 0 0 0 0 0 0 0 0 0 0 0 0 0 0 0 0 0 0 0 0 0 0 0 0 0 0 0 0 0 0 0 0 0 0 0 0 0 0 0 0 0 0 0 0 0 0 0 0 0 0 0 0 0 0 0 0 0 0 0 0 0 0 0 0 0 0 0 0 0 0 0 0 0 0 0 0 0 0 0 0 0 0 0 0 0 0 0 0 0 0 0 0 0 0 0 0 0 0 0 0 0 0 0 0 0 0 0 0 0 0 0 0 0 0 0 0 0 0 0 0 0 0 0 0 0 0 0 0 0 0 0 0 0 0 0 0 0 0 0 0 0 0 0 0 0 0 0 0 0 0 0 0 0 0 0 0 0 0 0 0 0 0 0 0 0 0 0 0 0 0 0 0 0 0 0 0 0 0 0 0 0 0 0 0 0 0 0 0 0 0 0 0 0 0 0 0 0 0 0 0 0 0 0 0 0 0 0 0 0 0 0 0 0 0 0 0 0 0 0 0 0 0 0 0 0 0 0 0
0 0 0 0 0 0 0 0 0 0 0 0 0 0 0 0 0 0 0 0 0 0 0 0 512 512 512 513 513 514 514 515 516 516 516 516 516 517 517 517 517 517 519 519 519 518 518 520 520 521 521 521 521 521 521 521 521 521 521 521 521 520 520 521 521 521 522 522 522 522 522 522 522 522 522 522 522 522 522 522 521 521 521 521 521 521 522 522 522 522 521 521 522 522 522 522 522 522 521 521 521 521 521 521 521 521 522 522 523 522 522 522 522 522 522 522 523 523 523 523 522 522 523 523 523 523 523 523 523 521 521 522 523 523 523 523 523 523 523 523 523 523 522 522 522 522 524 524 525 525 524 524 522 522 523 523 523 523 523 523 523 524 524 525 524 524 525 525 525 524 524 525 525 525 525 525 525 526 526 526 526 526 526 526 526 526 526 526 526 526 526 526 526 526 526 526 527 526 526 526 526 526 526 526 527 527 528 527 527 527 527 528 529 529 529 529 528 528 528 529 529 529 529 529 529 529 529 529 529 529 529 529 530 529 529 529 530 530 530 530 530 530 530 530 531 531 531 531 531 531 530 530 531 531 531 532 532 531 531 531 531 532 532 532 533 533 533 533 533 532 531 531 531 531 531 532 532 532 532 532 532 532 532 532 533 532 532 532 531 531 531 531 531 531 531 530 530 530 530 529 529 529 529 529 530 530 530 529 529 529 529 530 530 531 530 530 0 0 0 0
0 0 0 0 0 0 0 0 0 0 0 0 0 0 0 0 0 0 0 0 0 0 0 0 512 512 512 513 513 514 514 515 516 516 516 516 516 517 517 517 517 517 519 519 519 518 518 520 520 521 521 521 521 521 521 521 521 521 521 521 521 520 520 521 521 521 522 522 522 522 522 522 522 522 522 522 522 522 522 522 521 521 521 521 521 521 522 522 522 522 521 521 522 522 522 522 522 522 521 521 521 521 521 521 521 521 522 522 523 522 522 522 522 522 522 522 523 523 523 523 522 522 523 523 523 523 523 523 523 521 521 522 523 523 523 523 523 523 523 523 523 523 522 522 522 522 524 524 525 525 524 524 522 522 523 523 523 523 523 523 523 524 524 525 524 524 525 525 525 524 524 525 525 525 525 525 525 525 525 526 526 526 526 526 526 526 526 526 526 526 526 526 526 526 526 526 527 526 526 526 526 526 526 526 527 527 528 527 527 527 527 528 529 529 529 529 528 528 528 529 529 529 529 529 529 529 529 529 529 529 529 529 530 529 529 529 530 530 530 530 530 530 530 530 530 531 531 531 531 531 530 530 531 531 531 532 532 531 531 531 531 532 532 532 533 533 533 533 533 532 531 531 531 531 531 532 532 532 532 532 532 532 532 532 533 532 532 532 531 531 531 531 531 530 530 530 530 530 530 529 529 529 529 529 530 530 530 529 529 529 529 530 530 531 530 530 535 534 534 536
0 0 0 0 0 0 0 0 0 0 0 0 0 0 0 0 0 0 0 0 0 0 0 0 514 514 514 514 515 516 516 516 516 516 516 516 517 517 517 518 518 519 520 520 521 520 520 521 521 521 521 521 521 521 521 521 521 521 521 521 521 521 521 521 522 522 523 523 523 522 522 522 522 522 522 522 522 523 522 522 522 522 522 522 522 522 522 522 523 523 522 522 522 522 522 522 522 522 522 522 522 521 521 521 521 521 522 522 523 523 522 522 522 522 522 523 523 523 523 523 523 523 524 524 524 524 524 523 523 523 523 523 523 523 523 524 523 523 523 524 523 523 523 523 523 523 524 525 525 525 525 525 522 522 523 523 523 525 525 525 525 525 525 525 525 525 525 525 525 525 526 526 526 526 526 525 525 525 525 526 527 527 527 526 526 526 526 527 527 527 527 526 526 527 527 527 528 528 528 527 527 527 526 526 527 527 528 528 528 528 528 529 529 529 529 529 529 529 529 529 529 529 529 529 529 529 530 530 529 529 530 530 530 530 530 530 530 531 531 531 531 531 530 530 530 531 531 531 531 532 532 532 531 531 531 532 532 532 532 532 532 532 533 533 533 533 533 533 533 533 533 532 532 532 532 532 532 532 533 533 533 533 533 534 534 534 534 532 532 531 531 531 531 530 530 530 530 530 530 529 529 530 530 530 531 530 530 530 530 530 530 530 531 532 533 533 534 534 534 536
0 0 0 0 0 0 0 0 0 0 0 0 0 0 0 0 0 0 0 0 0 0 0 0 514 514 515 516 516 516 516 516 516 516 517 517 517 518 518 519 520 520 520 520 521 521 521 521 521 521 521 521 521 521 521 521 521 521 522 521 521 521 521 523 523 523 523 523 524 522 522 523 523 523 523 522 522 523 523 524 524 524 523 523 523 523 523 523 523 523 523 522 522 523 523 523 522 522 523 523 523 522 522 522 522 522 523 523 523 523 523 522 522 523 523 523 524 523 523 524 524 524 524 524 524 524 524 525 525 524 524 524 524 525 524 524 524 524 524 524 524 524 523 523 523 523 525 525 525 525 525 525 524 524 524 524 524 525 525 525 525 525 525 525 525 525 525 525 526 526 526 527 527 527 527 526 526 526 526 527 527 527 527 527 527 527 527 527 528 527 527 527 527 527 528 528 528 529 529 528 527 527 527 527 528 529 529 529 529 529 529 529 529 529 529 529 529 529 529 530 530 529 529 529 530 530 530 531 530 530 530 530 531 531 531 531 531 531 532 531 531 531 531 531 531 532 532 532 532 533 533 533 533 533 533 534 534 534 533 533 533 533 533 533 533 533 533 533 534 534 534 533 533 533 533 533 533 533 533 533 534 534 534 534 534 534 534 534 533 533 531 531 533 533 533 533 531 531 533 529 529 530 531 531 531 531 531 531 531 530 530 530 533 533 534 534 534 534 534 536
0 0 0 0 0 0 0 0 0 0 0 0 0 0 0 0 0 0 0 0 0 0 0 0 516 516 517 517 517 517 517 517 517 517 517 517 517 518 518 519 520 521 521 521 521 521 522 522 522 521 521 521 521 521 522 522 522 523 522 522 522 523 523 524 524 524 524 524 524 524 524 524 523 523 523 523 523 524 524 524 523 523 524 524 524 523 523 523 523 523 523 523 523 523 523 523 523 523 524 523 523 524 524 524 523 523 523 523 523 523 523 523 523 523 523 524 524 525 524 524 524 524 524 525 524 524 525 525 525 525 524 524 524 525 525 525 524 524 524 524 524 525 524 524 524 524 525 525 525 525 525 525 525 525 525 525 525 525 525 525 525 525 526 525 525 525 525 526 526 527 528 528 528 527 527 0 0 0 0 0 0 0 0 527 527 527 527 527 528 528 528 528 528 529 529 529 529 529 529 529 528 528 528 528 529 529 529 529 529 530 530 529 529 529 529 530 530 530 530 530 530 530 530 530 530 531 531 531 531 531 531 531 532 532 532 532 532 532 532 531 531 532 532 532 533 533 533 533 533 533 533 533 533 533 533 534 534 534 533 533 533 534 534 534 534 534 534 534 534 534 534 534 534 534 534 534 534 533 533 533 534 534 534 534 534 534 534 534 534 534 533 533 534 534 534 534 534 534 533 532 531 531 531 531 532 532 532 532 533 533 533 534 534 534 534 534 534 534 535 536
0 0 0 0 0 0 0 0 0 0 0 0 0 0 0 0 0 0 0 0 0 0 0 0 517 517 517 518 518 517 517 518 519 519 519 519 519 518 518 519 520 521 521 521 521 522 522 522 522 522 521 521 521 521 522 523 524 523 522 522 522 523 524 525 524 524 524 525 524 524 524 525 524 524 523 523 524 525 525 525 523 523 524 524 524 524 524 524 524 524 524 524 524 523 523 523 523 523 524 524 524 524 524 524 523 523 524 524 524 523 523 523 523 523 523 525 525 525 524 524 525 525 525 525 524 524 525 525 525 525 525 524 524 525 525 525 525 525 525 525 525 525 525 525 525 525 525 527 527 526 525 525 525 525 0 0 525 525 0 0 525 525 526 526 525 525 526 526 527 527 528 528 529 0 0 0 0 0 0 0 0 0 0 0 0 528 528 528 528 528 529 528 528 529 529 529 529 529 529 529 529 529 529 529 529 529 529 529 530 530 530 529 529 530 530 530 530 530 530 530 530 530 530 531 531 532 532 531 531 531 532 533 533 533 532 532 533 532 532 533 533 533 533 533 533 533 533 534 534 534 534 534 534 534 534 534 534 534 534 534 534 534 534 534 534 534 534 534 534 534 535 534 534 534 534 534 534 534 534 534 534 534 534 534 534 534 534 534 535 534 534 534 534 534 534 534 534 534 534 534 534 534 534 534 534 534 534 534 534 534 534 534 534 534 534 534 534 536 537 537
0 0 0 0 0 0 0 0 0 0 0 0 0 0 0 0 0 0 0 0 0 0 0 0 517 517 517 518 518 519 519 519 520 520 520 520 521 520 520 521 521 521 521 522 522 522 522 522 523 525 521 521 521 522 523 523 524 524 522 522 523 524 525 525 524 524 524 525 525 525 525 525 525 525 524 524 525 525 525 525 525 525 524 524 524 524 524 524 524 524 525 524 524 523 523 523 524 524 524 525 525 525 525 525 524 524 525 525 525 524 524 524 524 524 524 525 525 525 525 525 525 525 525 525 524 524 525 525 525 526 526 525 525 525 525 526 525 525 525 525 525 526 526 526 526 526 527 0 0 0 0 0 0 0 0 0 0 0 0 0 0 0 0 0 0 526 526 0 0 0 0 0 0 0 0 0 0 0 0 0 0 0 0 0 0 0 0 529 528 528 529 529 529 529 529 529 529 529 529 529 529 529 529 529 529 529 529 529 530 531 531 530 530 530 530 530 530 530 531 531 531 531 532 532 532 532 532 532 532 533 533 533 533 534 533 533 533 533 533 533 533 533 533 533 534 534 534 534 534 534 534 534 534 534 535 535 535 535 535 535 536 535 535 535 535 535 535 535 535 535 536 535 535 535 535 535 536 535 534 534 535 535 535 534 534 535 535 536 536 535 534 534 534 534 534 535 536 535 535 534 534 534 534 534 534 534 534 534 535 535 534 534 534 534 534 534 535 538 538 538
0 0 0 0 0 0 0 0 0 0 0 0 0 0 0 0 0 0 0 0 0 0 0 0 517 517 518 518 519 521 521 521 520 520 521 521 522 521 521 521 521 521 522 522 522 523 523 523 523 525 521 521 522 523 523 524 525 524 524 524 524 524 525 525 525 525 525 525 525 525 525 525 525 525 525 525 525 525 525 525 525 525 525 525 525 525 525 525 525 525 525 525 525 525 525 525 524 524 524 525 525 525 525 525 526 526 526 526 526 525 525 525 525 525 525 525 525 526 525 525 525 525 526 525 525 525 525 525 526 526 527 527 528 527 525 525 526 526 526 526 526 527 526 526 527 527 0 0 0 0 0 0 0 0 0 0 0 0 0 0 0 0 0 0 0 0 0 0 0 0 0 0 0 0 0 0 0 0 0 0 0 0 0 0 0 0 0 0 0 529 529 529 529 529 529 529 530 529 529 529 529 529 530 530 530 530 529 529 531 531 531 531 531 530 530 530 530 530 531 531 532 532 533 533 533 532 532 532 532 533 533 534 534 534 534 534 534 534 534 534 534 534 533 533 534 534 534 534 534 534 535 534 534 535 535 536 536 536 535 535 536 536 536 536 536 536 536 536 536 536 536 536 536 536 536 536 536 537 536 536 536 536 536 535 535 536 536 537 537 537 537 536 536 537 536 536 537 536 536 534 534 535 535 535 535 535 535 535 535 535 535 534 534 534 534 537 537 539 539 538
0 0 0 0 0 0 0 0 0 0 0 0 0 0 0 0 0 0 0 0 0 0 0 0 518 518 518 519 519 521 521 521 521 521 521 521 522 521 521 522 521 521 522 522 522 523 525 525 525 525 524 524 524 525 525 525 525 525 525 525 525 525 525 525 525 525 525 525 525 525 525 525 525 526 525 525 525 525 526 526 526 525 525 525 525 525 525 525 525 525 525 525 525 525 525 525 525 525 525 525 525 525 525 525 526 526 526 526 526 526 526 526 526 526 526 526 526 526 526 526 526 526 526 525 525 525 525 525 526 527 527 528 528 528 525 525 527 527 527 528 527 527 527 527 528 529 0 0 0 0 0 0 0 0 0 0 0 0 0 0 0 0 0 0 0 0 0 0 0 0 0 0 0 0 0 0 0 0 0 0 0 0 0 0 0 0 0 0 529 529 529 530 530 529 529 530 530 531 530 530 530 530 530 530 530 531 531 531 531 531 531 531 531 531 531 532 532 532 532 532 532 532 533 533 533 533 533 534 534 534 534 534 534 534 534 534 534 534 534 534 534 534 534 534 534 535 535 535 535 535 536 535 535 536 536 536 536 536 536 536 536 536 536 536 536 536 536 537 536 536 537 537 537 537 536 536 537 537 537 537 538 537 537 538 538 538 538 538 537 537 537 537 537 537 537 537 537 537 536 535 535 536 536 536 536 536 535 535 536 536 536 535 535 535 536 539 539 540 540 540
0 0 0 0 0 0 0 0 0 0 0 0 0 0 0 0 0 0 0 0 0 0 0 0 519 519 519 520 521 521 521 521 521 521 521 521 522 522 522 523 523 523 523 524 524 525 525 525 525 525 525 525 525 526 527 525 525 525 525 525 525 525 525 525 525 525 525 525 526 526 525 525 525 527 527 526 525 525 526 526 526 526 525 525 525 525 525 525 525 525 525 525 525 525 525 526 525 525 526 526 525 525 526 526 527 527 527 526 526 526 526 526 526 526 526 526 526 526 526 526 527 526 526 526 526 526 527 526 526 527 527 528 529 529 529 528 526 526 528 528 527 527 528 528 529 529 0 0 0 0 0 0 0 0 0 0 0 0 0 0 0 0 0 0 0 0 0 0 0 0 0 0 0 0 0 0 0 0 0 0 0 0 0 0 0 0 0 0 529 529 530 530 530 530 530 531 532 531 531 531 531 531 532 532 532 532 532 532 532 532 532 532 533 532 532 533 533 533 534 534 534 534 533 533 533 533 533 534 534 534 534 534 534 534 535 535 535 534 534 535 535 535 535 534 534 535 536 536 536 536 536 536 536 536 536 536 536 536 536 537 537 537 537 537 537 537 537 537 536 536 537 537 537 537 537 537 538 538 538 539 539 539 539 538 538 538 538 539 538 538 538 538 538 538 538 538 537 537 537 537 537 537 537 537 537 537 537 537 537 537 537 537 537 537 539 540 540 541 541 541
0 0 0 0 0 0 0 0 0 0 0 0 0 0 0 0 0 0 0 0 0 0 0 0 520 520 520 521 521 521 522 522 522 521 521 521 522 522 523 523 523 523 524 524 525 525 525 525 525 525 525 525 526 527 528 526 525 525 526 526 526 525 525 525 525 525 525 525 526 526 525 525 525 527 527 527 526 526 526 527 527 526 526 526 526 526 525 525 525 525 525 526 526 526 526 526 526 526 526 526 526 526 526 527 527 527 527 527 527 527 526 526 527 527 527 528 528 527 527 527 528 529 528 528 527 527 528 527 527 528 528 528 529 529 529 529 526 526 527 527 527 527 528 529 529 529 0 0 0 0 0 0 0 0 0 0 0 0 0 0 0 0 0 0 0 0 0 0 0 0 0 0 0 0 0 0 0 0 0 0 0 0 0 0 0 0 0 0 529 529 530 531 531 531 531 532 532 532 532 532 532 532 533 533 533 532 532 532 533 533 533 533 533 534 534 534 534 534 534 534 534 534 534 534 534 534 534 534 534 534 534 534 534 535 535 536 536 535 535 535 535 536 536 536 536 536 536 536 537 537 537 536 536 536 536 537 537 537 537 537 537 537 537 538 537 537 538 538 538 538 538 539 539 539 539 539 540 540 540 540 540 540 539 539 539 538 538 540 540 540 539 539 539 539 538 538 538 538 538 537 537 538 538 538 538 538 537 537 537 537 537 538 538 539 540 540 540 541 541 541
0 0 0 0 0 0 0 0 0 0 0 0 0 0 0 0 0 0 0 0 0 0 0 0 521 521 521 521 521 521 523 522 522 522 522 522 523 523 523 525 525 525 525 525 525 525 525 525 525 525 525 527 528 526 526 525 525 526 526 526 527 525 525 525 526 526 525 525 526 527 527 526 526 528 528 528 527 527 528 528 528 526 526 526 527 526 525 525 526 526 526 526 526 526 526 526 526 526 527 527 527 527 527 527 527 527 527 527 527 527 526 526 528 528 528 528 528 528 528 529 529 529 529 529 527 527 528 528 528 529 529 529 529 529 529 529 529 529 527 527 528 529 529 529 530 0 0 0 0 0 0 0 0 0 0 0 0 0 0 0 0 0 0 0 0 0 0 0 0 0 0 0 0 0 0 0 0 0 0 0 0 0 0 0 0 0 0 0 531 531 531 531 532 532 532 532 532 533 533 533 532 532 533 533 534 533 533 533 533 533 533 534 534 534 534 534 534 534 534 534 534 535 534 534 534 534 535 535 535 535 535 535 535 535 536 537 536 536 536 536 536 536 536 536 536 536 537 537 537 537 538 537 537 537 537 538 538 538 538 538 538 539 540 540 539 539 540 539 539 540 540 540 540 540 540 540 540 540 540 540 540 540 540 540 540 540 540 540 540 540 540 540 540 540 540 539 539 539 539 538 538 538 538 538 538 538 538 538 538 538 538 539 539 540 540 540 540 540 541 542
0 0 0 0 0 0 0 0 0 0 0 0 0 0 0 0 0 0 0 0 0 0 0 0 521 521 522 522 523 523 524 525 525 523 522 522 524 524 525 525 525 525 525 525 525 525 526 526 526 527 527 527 528 526 526 525 525 526 526 526 527 526 526 526 528 528 527 527 527 527 528 527 527 528 528 528 528 528 529 529 529 526 526 527 526 526 525 525 527 528 528 527 527 527 527 527 527 527 527 527 528 527 527 527 527 527 527 527 527 527 526 526 527 527 528 529 529 529 529 529 529 529 529 529 527 527 528 528 529 529 529 529 529 529 529 529 529 529 529 529 529 529 529 530 531 533 0 0 0 0 0 0 0 0 0 0 0 0 0 0 0 0 0 0 0 0 0 0 0 0 0 0 0 0 0 0 0 0 0 0 0 0 0 0 0 0 0 0 532 531 531 532 533 533 532 532 532 533 533 533 533 533 533 533 534 534 534 534 534 533 533 534 534 534 534 534 535 534 534 534 535 535 535 535 535 536 536 536 536 536 535 535 536 536 537 537 538 537 537 537 537 537 537 536 536 537 537 537 537 537 538 538 539 539 539 540 540 540 540 540 540 540 540 540 540 540 540 540 540 540 540 540 540 540 540 541 540 540 540 540 541 541 541 541 540 540 540 540 540 540 540 540 541 541 540 540 540 540 540 540 540 540 540 540 539 539 539 539 539 539 540 540 540 540 540 540 540 540 541 542
0 0 0 0 0 0 0 0 0 0 0 0 0 0 0 0 0 0 0 0 0 0 0 0 522 522 523 523 525 525 525 525 525 525 525 525 525 525 525 525 527 527 528 525 525 527 527 528 528 528 528 528 528 526 526 526 526 526 527 527 527 526 526 526 528 529 528 528 528 528 529 529 529 529 529 529 529 529 529 529 529 528 528 529 526 526 527 528 528 528 528 528 528 528 528 529 527 527 527 527 528 528 528 528 528 528 529 527 527 527 526 526 527 527 528 529 529 529 529 529 529 529 529 529 528 528 529 529 529 530 530 530 529 529 530 531 531 531 530 530 529 529 529 530 531 533 533 0 0 0 0 0 0 0 0 0 0 0 0 0 0 0 0 0 0 0 0 0 0 0 0 0 0 0 0 0 0 0 0 0 0 0 0 0 0 0 0 0 532 532 532 532 534 534 533 533 533 534 534 534 533 533 533 533 534 534 534 534 534 534 534 534 534 534 535 534 534 534 534 535 535 535 535 535 536 536 537 537 536 536 536 536 536 537 537 538 539 539 539 538 538 537 537 538 538 538 539 539 539 539 539 539 540 540 540 540 540 540 540 540 540 540 541 541 541 541 541 540 540 540 540 540 540 540 541 541 542 540 540 540 542 542 543 541 541 541 541 541 541 541 541 541 541 541 541 541 541 541 540 540 540 540 540 540 540 540 540 540 540 540 540 540 541 541 541 541 541 541 541 543
0 0 0 0 0 0 0 0 0 0 0 0 0 0 0 0 0 0 0 0 0 0 0 0 523 523 525 525 525 525 525 526 526 526 526 525 525 527 526 526 527 527 529 529 529 528 528 529 529 528 528 528 529 526 526 526 526 526 528 528 528 527 527 527 528 529 529 529 528 528 529 529 529 529 529 529 529 529 529 529 529 529 529 529 526 526 528 529 529 529 529 528 528 528 528 529 529 527 527 528 528 528 528 528 528 529 529 527 527 529 529 529 528 528 528 529 529 529 529 529 529 529 529 529 529 529 529 530 530 531 530 530 531 531 531 531 531 531 530 530 529 529 531 531 532 533 533 0 0 0 0 0 0 0 0 0 0 0 0 0 0 0 0 0 0 0 0 0 0 0 0 0 0 0 0 0 0 0 0 0 0 0 0 0 0 0 0 0 532 532 532 532 534 534 533 533 534 534 534 535 534 534 533 533 534 534 535 534 534 534 534 535 535 535 535 534 534 535 536 536 536 536 536 536 536 537 537 537 537 537 538 538 538 538 538 539 540 540 540 540 539 538 538 539 539 539 539 539 539 539 540 540 540 540 540 540 540 540 541 541 542 542 542 541 541 541 541 542 542 542 541 541 542 542 542 542 543 540 540 542 542 542 543 542 542 542 542 543 542 542 542 541 541 542 542 542 541 541 540 540 541 541 540 540 540 540 540 540 540 541 541 541 541 542 542 542 541 541 541 544
0 0 0 0 0 0 0 0 0 0 0 0 0 0 0 0 0 0 0 0 0 0 0 0 526 525 525 525 525 525 525 526 526 527 527 527 527 528 528 528 529 529 529 529 529 529 529 529 529 529 529 530 529 529 529 529 529 529 529 529 529 528 528 529 529 529 529 529 529 529 529 529 529 529 529 529 529 529 530 529 529 529 529 529 527 527 529 529 529 529 529 529 529 529 529 529 531 529 529 529 529 529 529 529 529 529 529 530 529 529 529 529 529 529 529 529 529 529 529 530 530 529 529 529 529 529 531 530 530 531 531 531 531 531 531 532 532 532 531 531 531 531 532 532 532 534 0 0 0 0 0 0 0 0 0 0 0 0 0 0 0 0 0 0 0 0 0 0 0 0 0 0 0 0 0 0 0 0 0 0 0 0 0 0 0 0 0 0 534 532 532 533 534 534 534 534 534 534 535 535 535 535 534 534 535 536 536 534 534 535 535 535 535 535 535 535 536 536 537 537 537 537 536 536 538 538 538 539 539 539 539 539 539 539 539 539 540 540 540 540 540 540 540 540 540 540 540 540 540 540 540 541 541 540 540 540 540 540 541 541 542 543 543 543 543 541 541 543 543 543 542 542 543 543 543 543 543 543 543 543 543 543 543 542 542 544 544 544 543 543 543 542 542 543 543 544 542 541 541 541 541 541 541 541 541 541 541 541 542 542 542 543 543 543 543 543 542 542 542 544
0 0 0 0 0 0 0 0 0 0 0 0 0 0 0 0 0 0 0 0 0 0 0 0 529 526 526 526 526 525 525 527 527 528 528 527 527 528 528 528 529 529 529 530 529 529 530 530 530 529 529 530 529 529 529 529 529 529 530 530 530 529 529 529 529 530 531 531 531 531 532 531 530 530 529 529 530 530 530 530 530 530 529 529 529 529 530 531 530 530 529 529 529 529 529 529 531 530 529 529 529 529 529 529 529 529 529 530 530 530 529 529 529 530 529 529 529 529 530 530 530 530 530 531 531 531 531 531 531 532 531 531 531 532 532 532 532 532 531 531 532 532 533 533 533 534 0 0 0 0 0 0 0 0 0 0 0 0 0 0 0 0 0 0 0 0 0 0 0 0 0 0 0 0 0 0 0 0 0 0 0 0 0 0 0 0 0 537 534 533 533 534 534 534 534 534 534 534 535 535 535 536 536 536 536 537 537 536 536 536 536 536 536 536 536 536 537 537 537 538 538 538 538 539 540 539 539 540 540 540 540 540 540 540 540 540 540 540 540 540 540 540 540 540 540 540 540 540 540 540 540 541 542 542 542 541 541 541 542 542 543 543 544 543 543 543 543 543 543 543 543 543 543 543 544 544 544 544 543 543 544 544 543 543 544 544 545 545 545 545 545 544 544 544 544 544 544 543 541 541 541 541 541 541 541 541 541 542 542 543 543 543 543 543 544 544 543 543 543 544
0 0 0 0 0 0 0 0 0 0 0 0 0 0 0 0 0 0 0 0 0 0 0 0 529 528 528 527 527 528 528 528 528 528 529 529 529 529 529 529 529 529 530 531 529 529 530 530 530 529 529 529 530 529 529 529 529 529 531 530 530 529 529 529 531 531 532 532 531 531 532 532 531 530 529 529 530 530 531 531 531 531 531 531 531 532 532 531 530 530 530 530 530 531 531 531 531 531 531 531 531 530 530 530 530 530 530 530 530 530 532 532 531 530 530 530 530 533 532 532 531 531 531 531 531 531 532 532 532 533 532 532 532 532 533 533 532 532 532 532 532 532 533 533 534 535 535 0 0 0 0 0 0 0 0 0 0 0 0 0 0 0 0 0 0 0 0 0 0 0 0 0 0 0 0 0 0 0 0 0 0 0 0 0 0 0 0 537 536 536 537 536 536 535 535 536 536 537 537 537 536 536 536 536 536 538 539 537 537 536 536 536 536 536 536 536 537 537 537 538 538 538 539 539 540 540 540 540 540 540 540 540 540 540 540 540 540 540 540 540 540 540 540 540 541 541 541 540 540 540 541 541 542 543 543 542 542 542 543 543 543 544 544 543 543 543 543 543 543 544 544 544 544 544 544 544 544 544 544 545 545 545 544 544 545 545 545 545 546 545 545 545 545 545 545 545 545 544 544 543 543 543 543 543 543 543 543 543 543 544 544 544 543 543 545 545 543 543 543 544
0 0 0 0 0 0 0 0 0 0 0 0 0 0 0 0 0 0 0 0 0 0 0 0 529 529 528 528 528 529 529 529 529 529 529 529 529 529 529 529 529 529 531 531 530 530 530 531 530 529 529 529 530 530 530 531 530 530 531 530 530 530 530 530 531 532 532 532 531 531 531 532 532 533 530 530 531 531 531 531 531 531 531 531 531 532 532 532 532 531 531 531 531 532 532 532 531 531 532 532 532 531 531 532 532 531 531 531 532 532 533 533 532 530 530 530 535 533 533 533 533 533 532 532 532 532 532 532 532 533 533 533 533 533 533 533 533 534 533 533 534 534 534 534 535 535 535 536 0 0 0 0 0 0 0 0 0 0 0 0 0 0 0 0 0 0 0 0 0 0 0 0 0 0 0 0 0 0 0 0 0 0 0 0 0 0 0 537 537 537 537 537 537 536 536 537 537 537 537 537 537 537 537 537 537 538 539 537 537 537 537 538 537 537 538 538 538 537 537 540 539 539 539 539 540 540 540 540 540 540 540 540 540 540 540 540 540 541 541 541 541 541 541 541 542 542 541 541 541 541 542 542 543 543 543 543 543 543 543 544 544 544 544 544 544 544 544 544 544 544 544 544 544 544 545 545 544 544 545 546 546 546 545 545 545 546 546 546 546 546 546 545 545 545 545 546 545 545 544 544 544 544 544 544 544 544 544 544 544 545 545 545 545 545 545 545 546 546 545 545
0 0 0 0 0 0 0 0 0 0 0 0 0 0 0 0 0 0 0 0 0 0 0 0 529 529 529 529 529 529 529 529 530 531 531 530 529 529 529 529 530 531 531 532 531 531 531 532 531 531 531 531 531 531 531 531 530 530 531 529 529 531 530 530 531 532 532 532 531 531 531 532 532 533 530 530 532 531 531 532 533 533 532 532 532 534 534 532 532 531 531 532 532 532 533 532 532 532 532 532 532 532 532 532 533 531 531 531 533 533 534 533 533 532 532 534 535 533 533 533 533 533 534 535 532 532 532 533 533 534 534 534 533 533 533 533 533 534 534 534 534 534 534 534 535 535 535 536 0 0 0 0 0 0 0 0 0 0 0 0 0 0 0 0 0 0 0 0 0 0 0 0 0 0 0 0 0 0 0 0 0 0 0 0 0 0 0 538 537 537 537 537 537 537 537 537 537 537 537 537 538 538 538 539 539 539 539 539 539 538 538 538 537 537 538 538 539 538 538 540 540 540 540 540 540 540 540 540 540 540 540 540 540 540 540 540 541 541 541 542 542 542 542 542 543 542 542 542 542 543 543 543 544 544 543 543 543 544 544 544 544 544 544 544 544 545 545 545 546 545 544 544 544 544 545 545 544 544 545 546 546 546 546 546 546 546 546 546 546 546 546 545 545 546 546 546 546 546 546 545 545 545 545 545 544 544 544 544 544 545 546 546 546 546 546 546 547 547 547 548
0 0 0 0 0 0 0 0 0 0 0 0 0 0 0 0 0 0 0 0 0 0 0 0 529 529 529 529 529 529 529 530 530 531 531 531 530 530 530 530 531 531 531 532 532 532 532 532 531 531 531 531 531 532 532 531 531 531 532 529 529 531 531 531 533 533 533 533 532 532 532 532 532 533 531 531 532 531 531 532 534 534 532 532 532 534 534 533 533 533 533 533 533 533 533 533 534 533 533 533 533 532 532 533 533 533 533 533 534 534 534 533 533 533 533 534 534 534 533 533 533 533 534 535 534 534 533 533 534 534 534 534 534 533 533 534 534 534 534 534 535 535 535 535 535 535 535 536 0 0 0 0 0 0 0 0 0 0 0 0 0 0 0 0 0 0 0 0 0 0 0 0 0 0 0 0 0 0 0 0 0 0 0 0 0 0 0 538 536 536 537 537 537 537 538 538 538 538 538 538 539 540 540 540 540 540 540 539 539 538 538 539 539 540 540 540 540 539 539 540 540 540 540 540 541 541 540 540 540 540 540 540 540 540 540 541 541 541 542 543 543 542 542 543 543 543 543 543 543 544 544 544 544 544 544 544 544 544 545 545 546 545 545 545 545 545 546 546 546 546 546 546 546 546 546 546 546 546 546 547 547 547 547 546 546 546 546 546 547 546 546 546 546 546 546 546 546 546 546 546 546 545 545 545 545 545 545 545 545 545 546 546 547 547 546 546 547 547 547 548
0 0 0 0 0 0 0 0 0 0 0 0 0 0 0 0 0 0 0 0 0 0 0 0 529 529 529 529 530 530 530 530 530 531 531 531 531 531 531 531 531 531 531 532 532 532 532 532 532 532 534 532 532 532 532 534 531 531 533 531 531 533 532 532 533 533 533 534 533 533 533 533 533 533 531 531 532 532 532 534 534 534 533 533 534 534 535 534 534 534 534 533 533 533 533 533 534 534 534 534 533 533 533 533 534 534 533 533 534 534 534 534 534 534 534 534 534 534 534 534 534 534 534 535 534 534 534 534 535 535 535 535 534 534 534 534 534 535 535 535 535 535 535 535 535 536 536 537 0 0 0 0 0 0 0 0 0 0 0 0 0 0 0 0 0 0 0 0 0 0 0 0 0 0 0 0 0 0 0 0 0 0 0 0 0 0 0 0 536 536 537 538 538 539 539 539 540 540 540 540 540 540 540 540 540 540 540 540 539 539 539 540 540 540 540 540 540 540 540 540 540 540 540 540 541 541 541 541 541 542 540 540 541 541 541 542 542 543 543 544 543 543 543 543 543 544 544 544 544 544 544 544 545 545 545 545 545 545 545 545 546 546 546 546 546 546 546 546 546 546 546 546 546 547 546 546 546 546 546 547 548 548 548 547 547 547 546 546 548 547 547 546 546 546 547 547 546 546 546 546 546 546 546 546 546 546 546 546 546 546 546 546 547 547 546 546 547 547 547 548
0 0 0 0 0 0 0 0 0 0 0 0 0 0 0 0 0 0 0 0 0 0 0 0 530 530 529 529 530 530 530 530 530 531 531 532 532 532 532 532 532 532 532 533 532 532 533 533 533 534 534 532 532 533 533 534 532 532 533 533 533 533 532 532 533 533 533 534 534 534 534 534 534 535 534 532 532 533 533 534 534 534 533 533 534 534 535 535 534 534 534 533 533 534 534 534 534 534 534 534 534 534 534 534 534 534 534 534 534 534 534 534 534 534 535 534 534 534 534 534 534 534 535 535 535 535 535 535 535 535 535 535 535 535 535 535 535 536 535 535 536 536 536 535 535 536 537 537 0 0 0 0 0 0 0 0 0 0 0 0 0 0 0 0 0 0 0 0 0 0 0 0 0 0 0 0 0 0 0 0 0 0 0 0 0 0 0 539 537 537 537 538 539 539 540 540 540 540 540 540 540 540 540 541 540 540 540 540 540 540 540 540 540 540 541 542 542 541 541 542 542 541 541 541 542 542 542 542 542 542 542 542 543 543 543 544 544 544 544 544 544 544 544 544 545 544 544 545 545 545 545 545 545 545 546 546 546 546 546 546 546 546 546 546 546 546 546 546 546 546 546 546 547 547 547 547 547 547 547 548 548 548 548 548 548 548 547 547 548 548 548 546 546 547 547 547 547 547 547 547 547 547 547 547 547 547 547 547 547 547 547 547 547 547 546 546 547 547 548 548
0 0 0 0 0 0 0 0 0 0 0 0 0 0 0 0 0 0 0 0 0 0 0 0 530 530 529 529 531 530 530 530 530 531 531 532 532 532 532 532 532 533 533 534 532 532 533 533 533 534 534 532 532 534 534 535 533 533 534 534 534 533 533 533 534 534 534 535 535 535 534 534 535 535 535 534 534 534 535 535 534 534 533 533 534 534 535 535 535 534 534 534 534 534 534 534 534 535 535 535 534 534 534 534 534 534 534 534 534 534 534 534 534 534 535 534 534 534 535 534 534 536 536 535 535 535 535 535 535 536 536 536 535 535 536 536 536 536 536 536 536 536 536 536 536 537 537 540 0 0 0 0 0 0 0 0 0 0 0 0 0 0 0 0 0 0 0 0 0 0 0 0 0 0 0 0 0 0 0 0 0 0 0 0 0 0 0 539 538 538 538 539 539 540 540 540 540 540 540 540 540 540 540 540 540 540 541 540 540 540 540 540 540 541 542 542 542 542 542 543 543 542 541 541 542 543 543 543 543 543 543 543 543 543 543 544 544 544 544 544 545 545 545 545 546 546 546 546 546 546 546 546 546 546 546 546 546 546 546 546 546 546 546 547 547 547 547 547 547 547 547 547 547 547 547 547 547 547 548 550 549 549 549 549 549 549 549 549 549 549 549 550 550 549 549 549 548 547 547 548 548 547 547 547 547 548 548 548 548 548 549 550 548 548 547 547 547 548 549 549
0 0 0 0 0 0 0 0 0 0 0 0 0 0 0 0 0 0 0 0 0 0 0 0 530 530 530 530 531 531 531 531 531 531 532 532 533 533 533 533 534 534 534 534 532 532 533 533 534 534 534 533 533 534 534 534 534 534 534 534 534 533 533 533 534 534 534 535 535 535 535 535 536 535 535 534 534 534 535 535 534 534 534 534 534 535 535 535 535 534 534 534 534 534 535 535 535 536 536 536 534 534 534 534 534 534 534 534 534 534 534 534 536 535 535 534 534 535 535 535 535 535 537 536 536 536 536 536 536 537 537 537 537 537 536 536 537 537 537 537 537 536 536 536 537 537 539 540 0 0 0 0 0 0 0 0 0 0 0 0 0 0 0 0 0 0 0 0 0 0 0 0 0 0 0 0 0 0 0 0 0 0 0 0 0 0 540 540 540 540 540 540 540 540 540 540 540 540 540 540 540 540 540 540 540 540 541 540 540 540 540 541 541 542 543 543 543 543 543 543 543 543 542 542 542 543 543 543 544 544 544 544 544 544 544 544 544 544 544 544 545 545 546 546 546 546 546 546 546 546 546 546 546 546 546 546 546 546 546 546 546 547 547 548 547 547 548 548 548 548 548 548 547 547 548 548 548 548 549 550 549 549 550 550 550 551 550 550 550 550 550 551 551 550 550 551 551 550 549 548 548 549 549 549 549 549 549 549 549 550 550 550 550 549 548 548 548 549 550 551
0 0 0 0 0 0 0 0 0 0 0 0 0 0 0 0 0 0 0 0 0 0 0 0 531 531 531 531 532 532 533 533 533 533 534 534 534 534 534 534 534 534 534 534 534 534 534 534 534 534 534 534 534 534 534 534 534 534 534 534 534 533 533 533 535 535 535 535 535 535 536 536 536 536 536 535 535 535 535 535 535 534 534 534 534 535 535 535 535 535 535 535 535 536 536 536 536 536 536 536 536 536 534 534 534 534 534 535 535 535 535 535 536 536 536 535 535 536 536 536 536 538 538 538 538 537 537 537 537 537 537 537 538 538 537 537 537 537 538 538 537 536 536 536 537 539 541 542 543 543 0 0 0 0 0 0 0 0 0 0 0 0 0 0 0 0 0 0 0 0 0 0 0 0 0 0 0 0 0 0 0 0 0 0 0 0 540 540 540 540 540 540 540 540 540 541 540 540 541 542 542 542 542 541 541 541 542 540 540 541 541 542 542 542 543 543 544 543 543 543 543 543 543 543 543 544 544 544 544 544 544 544 545 545 545 545 545 545 545 545 546 546 546 546 546 546 546 546 546 546 546 546 547 547 547 547 547 547 547 547 547 547 548 549 549 549 548 548 549 549 549 549 549 549 549 549 549 549 550 551 550 550 550 550 550 551 551 551 551 551 551 551 551 551 551 551 551 551 551 550 550 550 550 550 550 551 551 551 551 550 550 551 550 550 549 549 549 550 551 551
0 0 0 0 0 0 0 0 0 0 0 0 0 0 0 0 0 0 0 0 0 0 0 0 532 532 533 533 533 534 534 534 534 534 534 534 534 534 534 534 534 534 534 534 534 534 533 533 534 534 534 534 534 534 534 534 534 534 534 534 534 534 534 536 536 536 536 536 537 537 536 536 536 536 538 536 536 536 536 536 535 534 534 536 536 536 536 536 535 535 535 535 536 537 537 537 536 536 536 536 536 537 534 534 534 534 534 536 536 536 538 538 538 537 537 537 537 537 536 536 536 538 538 539 539 538 537 537 537 537 538 538 539 538 538 538 539 539 538 538 538 536 536 537 538 539 542 543 543 543 0 0 0 0 0 0 0 0 0 0 0 0 0 0 0 0 0 0 0 0 0 0 0 0 0 0 0 0 0 0 0 0 0 0 0 0 540 540 541 541 541 541 541 541 541 542 541 541 542 543 543 543 542 542 542 543 543 542 542 542 542 543 543 543 543 543 544 544 544 544 544 544 544 544 544 544 544 544 545 544 544 545 545 545 545 545 545 545 546 546 546 546 546 546 546 546 546 546 547 546 546 547 547 547 548 548 548 547 547 548 548 549 550 550 550 550 549 549 550 550 550 550 550 550 550 550 550 550 550 551 552 551 551 552 552 552 552 551 551 551 551 551 552 551 551 551 551 551 551 551 551 551 551 551 552 552 551 551 551 551 551 551 551 551 550 549 549 550 551 552
0 0 0 0 0 0 0 0 0 0 0 0 0 0 0 0 0 0 0 0 0 0 0 534 534 534 534 534 535 535 535 535 535 535 535 535 535 534 534 535 535 535 535 535 535 535 533 533 534 535 534 534 534 534 535 535 535 535 534 534 534 534 534 536 536 536 537 537 537 537 537 537 537 537 538 536 536 536 536 536 536 536 536 537 537 537 537 536 535 535 535 535 536 537 537 537 536 536 536 536 537 537 538 536 536 536 536 536 536 538 538 539 539 539 537 537 538 538 538 537 537 538 539 539 539 539 539 538 538 539 539 539 539 539 539 539 539 539 540 540 540 539 539 540 540 542 542 543 546 546 0 0 0 0 0 0 0 0 0 0 0 0 0 0 0 0 0 0 0 0 0 0 0 0 0 0 0 0 0 0 0 0 0 0 0 0 542 542 542 542 542 542 542 542 543 543 543 543 543 543 543 543 543 543 543 543 543 543 543 543 543 543 543 543 544 544 544 545 545 544 544 544 545 546 546 546 545 545 545 546 546 546 546 546 546 546 546 546 546 546 546 546 546 546 546 547 546 546 547 547 547 547 547 548 548 548 549 548 548 548 549 549 551 551 550 550 550 550 550 551 551 551 551 551 551 551 551 551 551 552 553 553 553 553 553 553 553 552 552 552 552 552 553 553 552 552 552 552 552 551 551 552 552 552 552 552 552 552 551 551 551 552 553 553 553 552 552 552 552 552
0 0 0 0 0 0 0 0 0 0 0 0 0 0 0 0 0 0 0 0 0 0 0 534 534 534 535 535 535 537 536 536 536 536 536 536 535 535 535 535 535 536 536 535 535 535 535 536 536 536 536 535 535 535 535 535 536 536 535 535 535 535 535 536 536 537 537 537 537 537 537 538 539 539 538 536 536 537 537 537 536 536 537 538 538 538 537 537 536 536 536 536 537 537 538 538 537 536 536 536 537 538 538 538 536 536 536 537 537 538 538 539 539 539 537 537 538 539 539 536 536 538 539 539 539 539 539 539 539 539 539 539 539 539 539 539 539 538 538 539 540 540 540 540 542 542 542 544 546 546 0 0 0 0 0 0 0 0 0 0 0 0 0 0 0 0 0 0 0 0 0 0 0 0 0 0 0 0 0 0 0 0 0 0 0 0 542 542 542 542 542 542 542 543 543 543 543 543 543 543 543 543 543 543 543 543 544 544 544 544 543 543 543 543 544 545 545 545 545 544 544 545 546 546 546 546 546 546 546 546 546 546 547 547 547 546 546 546 547 547 547 547 547 547 547 547 547 547 547 547 547 548 548 549 549 549 549 549 549 549 550 550 551 551 551 551 551 551 552 552 552 551 551 551 551 551 551 551 551 552 553 554 554 554 554 554 554 554 553 553 553 553 554 553 552 552 552 552 553 553 553 552 552 552 552 552 553 553 552 552 552 552 553 554 554 554 554 554 554 554
0 0 0 0 0 0 0 0 0 0 0 0 0 0 0 0 0 0 0 0 0 0 0 534 534 534 535 535 536 537 537 537 537 537 537 537 537 536 536 536 536 536 537 536 536 535 535 536 536 536 536 536 535 535 536 535 535 536 536 536 536 535 535 536 537 537 538 538 539 537 537 539 539 539 538 537 537 537 538 538 537 537 538 539 539 538 537 537 536 536 536 536 537 538 538 538 538 537 537 537 537 538 538 539 539 539 539 538 538 538 539 539 540 540 539 539 539 539 539 536 536 538 539 539 539 539 539 540 540 540 540 540 539 539 539 539 540 538 538 539 540 541 541 541 542 542 542 544 544 546 0 0 0 0 0 0 0 0 0 0 0 0 0 0 0 0 0 0 0 0 0 0 0 0 0 0 0 0 0 0 0 0 0 0 0 0 543 542 542 542 542 543 543 543 543 543 544 544 544 544 544 543 543 543 543 543 544 544 544 544 544 544 544 544 544 546 546 545 545 546 546 546 546 546 546 546 546 546 546 546 546 547 547 547 547 547 547 547 548 548 548 548 547 547 548 548 548 548 548 548 548 549 549 549 550 550 550 550 550 550 550 550 551 551 551 551 551 552 552 552 552 551 551 552 551 551 552 552 552 553 554 554 554 554 554 554 554 554 554 554 554 554 554 554 553 553 554 554 554 554 554 554 553 553 553 554 554 554 552 552 553 553 554 554 554 554 554 554 555 555
0 0 0 0 0 0 0 0 0 0 0 0 0 0 0 0 0 0 0 0 0 0 0 534 534 535 535 536 537 538 538 538 538 538 538 538 538 536 536 536 536 537 537 537 537 536 536 537 536 536 537 536 536 536 536 534 534 536 536 536 536 536 536 536 537 537 538 538 538 540 540 539 539 539 538 537 537 537 539 539 539 539 539 539 539 539 538 538 537 537 538 538 538 538 538 539 539 539 537 537 538 539 539 539 539 539 539 539 539 539 540 540 540 540 540 540 540 540 540 539 539 539 539 539 539 539 540 540 540 540 540 540 540 540 539 539 540 540 540 540 540 541 541 541 543 543 544 543 543 0 0 0 0 0 0 0 0 0 0 0 0 0 0 0 0 0 0 0 0 0 0 0 0 0 0 0 0 0 0 0 0 0 0 0 0 0 543 543 543 543 543 543 543 544 544 544 544 544 544 544 544 544 544 544 544 546 544 544 544 544 545 545 545 545 545 546 546 545 545 546 546 546 546 546 546 546 547 547 546 546 547 547 547 547 547 547 547 547 548 548 548 549 548 548 548 548 548 549 549 549 550 550 550 550 550 550 550 551 551 551 550 550 551 551 552 552 552 553 554 554 553 552 552 552 552 552 553 553 553 554 554 554 555 555 555 555 555 555 554 554 554 554 554 554 554 554 554 555 555 555 555 555 555 554 554 554 554 554 554 554 554 554 554 554 554 554 555 555 556 556
0 0 0 0 0 0 0 0 0 0 0 0 0 0 0 0 0 0 0 0 0 0 0 534 534 535 535 536 537 537 537 538 538 538 538 538 538 538 538 538 538 538 538 537 537 537 537 537 537 537 537 537 539 539 538 534 534 538 539 539 539 538 537 537 537 537 538 538 539 539 539 539 539 539 538 538 538 538 539 539 539 539 539 540 540 540 539 538 537 537 538 539 539 539 539 539 540 540 540 539 539 539 539 539 539 540 540 539 539 540 540 540 540 540 540 540 540 541 540 540 541 540 540 539 539 539 540 540 540 541 541 540 540 540 539 539 540 540 540 540 540 540 541 541 543 543 544 543 543 0 0 0 0 0 0 0 0 0 0 0 0 0 0 0 0 0 0 0 0 0 0 0 0 0 0 0 0 0 0 0 0 0 0 0 0 0 544 544 544 544 544 544 544 545 545 544 544 544 544 544 544 546 546 546 546 546 546 545 545 545 546 546 546 546 546 546 546 546 546 546 546 546 546 546 546 547 547 547 548 548 548 548 547 547 547 547 547 549 549 549 549 550 549 549 550 549 549 550 550 550 550 550 550 550 551 551 551 551 551 551 551 551 551 552 553 552 552 554 554 554 553 553 553 553 553 554 554 554 554 555 556 556 556 555 555 556 556 556 556 555 555 556 556 555 555 555 555 556 556 556 556 556 555 555 554 554 555 554 554 554 554 554 554 554 555 555 555 556 557 557
0 0 0 0 0 0 0 0 0 0 0 0 0 0 0 0 0 0 0 0 0 0 0 535 535 535 536 536 537 537 537 538 538 538 538 539 538 538 539 539 539 539 538 538 539 537 537 537 537 537 537 537 539 540 540 540 539 539 539 539 540 539 538 538 538 538 539 539 539 539 539 539 539 539 539 539 539 539 539 540 540 540 540 540 540 540 539 539 538 538 539 540 539 539 539 539 540 540 540 540 539 539 539 539 539 540 540 540 540 540 541 541 542 540 540 541 541 542 540 540 541 540 540 539 539 539 540 540 540 541 541 541 540 540 540 540 540 540 540 540 540 540 540 543 543 544 545 0 0 0 0 0 0 0 0 0 0 0 0 0 0 0 0 0 0 0 0 0 0 0 0 0 0 0 0 0 0 0 0 0 0 0 0 0 0 0 0 544 544 545 545 545 545 545 545 545 546 546 546 546 546 546 546 547 546 546 546 546 546 546 546 547 547 547 546 546 547 546 546 546 546 546 547 547 547 547 547 548 549 548 548 549 549 549 549 549 549 549 549 549 549 550 550 550 550 550 550 550 550 550 551 551 551 551 551 551 551 552 552 552 551 551 552 552 553 552 552 554 554 554 554 554 554 554 554 554 554 555 555 556 556 556 556 555 555 555 556 556 556 557 557 557 557 557 556 556 556 556 556 557 557 557 557 557 557 556 555 555 556 556 555 555 555 555 555 555 556 557 558 558
0 0 0 0 0 0 0 0 0 0 0 0 0 0 0 0 0 0 0 0 0 0 0 536 536 536 536 536 538 538 539 539 539 540 540 540 538 538 539 539 540 540 539 539 539 537 537 538 538 539 538 538 539 540 540 540 540 540 539 539 539 539 539 539 539 539 540 540 540 540 539 539 539 539 539 539 540 540 540 540 540 540 540 540 540 540 540 539 539 540 540 540 540 540 540 540 540 540 540 540 539 539 541 541 541 541 541 540 540 540 541 541 542 540 540 541 541 542 541 541 542 542 542 540 539 539 540 540 541 542 542 542 540 540 540 540 541 541 541 540 540 540 540 544 544 545 546 0 0 0 0 0 0 0 0 0 0 0 0 0 0 0 0 0 0 0 0 0 0 0 0 0 0 0 0 0 0 0 0 0 0 0 0 0 0 0 0 544 544 545 546 546 545 545 546 546 546 546 546 546 546 546 546 547 546 546 546 546 546 546 546 547 547 547 546 546 547 546 546 546 546 546 547 547 547 547 547 548 549 549 550 549 549 549 549 549 550 550 550 550 550 550 551 551 551 551 551 551 551 551 552 553 553 552 552 552 553 554 554 553 553 553 554 554 554 554 554 555 555 556 556 554 554 554 554 554 556 556 556 557 557 556 556 556 555 555 556 556 557 557 558 558 558 558 557 557 557 557 558 558 558 558 557 557 557 557 557 557 557 557 557 556 556 556 556 557 557 558 559 559
0 0 0 0 0 0 0 0 0 0 0 0 0 0 0 0 0 0 0 0 0 0 0 538 538 538 537 537 538 538 540 540 540 540 540 540 538 538 539 540 540 540 540 540 540 540 539 538 538 540 539 539 540 540 540 540 540 540 539 539 536 536 538 539 540 540 540 540 540 540 540 540 540 540 540 540 540 540 540 540 540 540 540 540 540 541 541 540 540 540 540 540 541 540 540 541 541 541 540 540 540 540 541 541 541 541 541 541 540 540 541 542 542 540 540 542 542 542 541 541 542 543 543 543 541 541 542 543 543 543 543 543 541 541 541 542 542 543 543 543 543 543 544 544 544 545 546 546 0 0 0 0 0 0 0 0 0 0 0 0 0 0 0 0 0 0 0 0 0 0 0 0 0 0 0 0 0 0 0 0 0 0 0 0 0 0 0 545 545 546 546 546 546 546 546 546 546 546 546 546 546 546 546 548 546 546 546 546 546 547 547 547 547 547 548 548 548 547 547 547 547 547 547 548 547 547 548 549 549 550 550 550 550 550 550 550 550 551 551 550 550 551 551 551 551 552 552 552 553 553 554 554 554 553 553 554 554 554 554 554 554 554 554 554 554 554 554 555 555 556 556 555 554 554 554 554 556 556 556 558 558 558 557 557 557 557 557 558 558 558 558 558 558 558 557 557 557 558 558 558 558 558 557 557 558 558 558 558 558 558 558 558 558 558 558 558 559 559 559 559
0 0 0 0 0 0 0 0 0 0 0 0 0 0 0 0 0 0 0 0 0 0 0 539 539 540 540 540 540 540 540 540 540 540 540 540 540 540 540 540 540 540 540 540 540 540 540 540 540 540 540 540 540 540 540 540 540 540 539 539 536 536 538 539 540 540 540 541 541 542 540 540 540 540 540 540 541 542 540 540 540 540 541 541 541 541 541 540 540 540 540 540 542 540 540 541 541 541 541 540 540 540 541 541 541 542 542 542 542 542 542 543 542 541 541 542 542 542 542 542 543 543 543 543 542 542 542 543 543 543 543 543 543 542 542 542 542 543 543 544 544 544 545 544 544 545 545 545 545 0 0 0 0 0 0 0 0 0 0 0 0 0 0 0 0 0 0 0 0 0 0 0 0 0 0 0 0 0 0 0 0 0 0 0 0 0 0 545 545 546 546 546 546 546 546 547 546 546 546 546 546 548 548 547 547 546 546 546 546 547 547 547 547 548 548 549 548 547 547 548 548 549 548 548 547 547 548 550 550 550 550 551 551 551 551 551 551 551 552 551 551 551 552 552 553 552 552 553 553 554 554 554 554 554 554 554 554 555 554 554 554 554 554 554 554 554 554 555 556 556 557 557 557 557 557 557 557 557 557 558 559 559 558 558 557 557 558 558 558 558 559 558 558 558 558 558 558 559 559 559 559 559 559 558 558 558 558 559 559 559 559 559 559 559 559 559 559 559 559 559
0 0 0 0 0 0 0 0 0 0 0 0 0 0 0 0 0 0 0 0 0 0 0 539 539 540 540 540 540 540 540 540 540 540 540 540 540 540 541 541 541 540 540 540 541 541 541 540 540 540 540 540 541 541 541 541 541 541 540 540 539 539 540 540 540 540 540 542 542 542 542 540 540 541 541 541 542 542 540 540 540 541 541 542 542 542 541 540 540 540 540 542 542 542 542 542 542 542 541 540 540 542 542 541 541 541 542 542 542 542 543 543 542 542 543 543 543 543 543 543 543 543 543 544 543 543 543 543 543 543 543 544 543 543 542 542 543 544 544 544 544 544 546 546 545 545 545 545 545 0 0 0 0 0 0 0 0 0 0 0 0 0 0 0 0 0 0 0 0 0 0 0 0 0 0 0 0 0 0 0 0 0 0 0 0 0 0 546 546 546 546 546 546 546 547 547 547 547 547 548 548 548 548 547 547 547 547 547 547 547 547 547 548 548 548 549 549 550 550 549 549 550 550 550 550 550 550 551 551 551 551 551 552 552 552 551 551 552 552 553 552 552 553 553 554 553 553 554 554 554 554 554 554 554 554 554 554 555 554 554 555 554 554 555 554 554 555 556 556 557 557 557 557 557 557 557 557 557 558 559 559 560 559 559 559 558 558 558 558 559 559 559 558 558 559 559 559 560 560 561 560 560 559 559 559 559 559 559 559 560 559 559 559 559 560 561 561 560 559 559
0 0 0 0 0 0 0 0 0 0 0 0 0 0 0 0 0 0 0 0 0 0 0 540 540 541 541 541 541 541 541 540 540 541 541 540 540 540 541 541 541 541 541 541 541 541 542 541 540 540 540 540 542 542 542 541 541 541 540 540 540 540 541 541 540 540 541 543 543 543 543 543 542 542 543 543 543 543 542 542 542 543 543 544 544 544 542 542 542 542 542 543 543 543 542 542 543 543 541 541 542 542 542 541 541 541 542 542 542 543 543 544 544 543 543 543 543 543 543 543 543 543 543 544 544 546 543 543 543 544 544 544 544 544 543 543 544 544 544 545 544 544 546 546 545 545 545 546 546 0 0 0 0 0 0 0 0 0 0 0 0 0 0 0 0 0 0 0 0 0 0 0 0 0 0 0 0 0 0 0 0 0 0 0 0 0 0 547 547 549 548 548 547 547 548 548 549 549 549 549 549 548 548 548 548 548 548 548 548 548 550 548 548 548 548 550 550 551 551 550 550 550 550 550 551 550 550 551 551 551 551 552 552 553 552 552 552 553 553 553 552 552 553 553 554 554 554 554 554 554 554 554 554 554 554 555 555 555 555 555 556 556 556 556 556 556 556 557 557 557 557 558 557 557 557 557 557 558 558 560 560 560 560 560 560 559 559 559 559 559 559 559 559 559 559 560 560 561 561 561 561 561 560 560 560 559 559 559 559 561 561 560 560 560 561 562 562 561 560 560
0 0 0 0 0 0 0 0 0 0 0 0 0 0 0 0 0 0 0 0 0 0 0 540 540 541 542 542 542 542 542 542 542 542 542 541 541 541 542 542 542 542 541 541 541 541 542 542 542 542 541 541 542 542 542 542 542 542 542 542 541 541 543 543 541 541 542 543 543 543 543 543 542 542 543 543 543 543 543 543 543 544 545 544 544 544 545 545 544 544 543 543 543 543 543 543 543 543 543 543 543 544 543 543 543 543 543 543 545 545 544 544 545 544 544 545 544 544 546 546 546 546 546 546 546 546 545 545 546 545 545 545 545 545 545 545 546 546 546 546 546 546 546 546 546 546 546 546 546 0 0 0 0 0 0 0 0 0 0 0 0 0 0 0 0 0 0 0 0 0 0 0 0 0 0 0 0 0 0 0 0 0 0 0 0 0 550 549 549 550 549 549 548 548 548 549 550 550 550 550 549 549 550 550 551 551 549 549 550 550 551 548 548 549 549 550 550 551 551 551 551 551 551 551 551 552 552 552 551 551 551 552 552 553 554 553 553 554 554 553 553 553 553 554 554 554 554 554 554 554 554 554 554 554 554 555 555 555 556 556 557 557 557 557 557 557 558 558 557 557 558 558 558 558 558 558 558 558 559 560 560 560 561 561 561 561 561 560 560 560 560 560 561 561 561 561 562 562 562 562 562 562 562 561 561 560 560 560 561 562 561 561 561 562 563 564 563 562 561 561
0 0 0 0 0 0 0 0 0 0 0 0 0 0 0 0 0 0 0 0 0 0 0 543 543 543 543 542 542 544 543 543 544 544 544 543 543 542 542 541 541 541 541 541 542 542 544 544 544 542 541 541 542 543 542 541 541 542 542 544 544 544 543 543 543 543 543 544 544 544 543 543 543 543 543 543 543 545 545 545 545 545 545 545 545 545 545 545 545 545 545 545 543 543 543 543 543 543 543 543 544 544 544 543 543 543 543 546 546 546 546 546 546 544 544 545 545 545 546 546 546 546 0 546 546 546 545 545 546 546 546 545 545 546 546 546 546 546 546 546 546 546 546 546 546 546 546 546 547 0 0 0 0 0 0 0 0 0 0 0 0 0 0 0 0 0 0 0 0 0 0 0 0 0 0 0 0 0 0 0 0 0 0 0 0 0 549 548 548 549 549 550 549 549 549 549 550 550 550 550 550 550 550 551 551 551 551 551 551 551 551 550 550 550 550 551 551 552 552 552 551 551 551 551 552 552 552 552 552 552 552 552 552 554 554 554 554 554 554 554 554 554 554 554 554 554 554 554 555 554 554 555 555 556 556 556 556 556 556 556 557 558 558 558 558 558 558 558 558 558 558 558 558 558 559 558 558 558 559 560 560 561 562 562 562 561 561 561 561 562 562 562 562 562 562 562 562 562 562 562 562 562 562 562 562 562 562 562 562 562 562 562 563 564 564 564 564 563 563 563
0 0 0 0 0 0 0 0 0 0 0 0 0 0 0 0 0 0 0 0 0 0 0 543 542 542 541 541 542 544 544 544 544 544 545 545 543 542 542 541 541 541 541 541 542 542 544 544 545 542 542 542 545 545 545 541 541 542 542 544 544 544 544 544 544 544 544 545 545 544 544 544 545 544 544 544 544 545 545 545 545 545 546 546 546 546 545 545 545 545 545 545 545 544 544 544 544 544 544 545 545 546 546 546 546 546 546 546 546 546 546 546 546 544 544 546 545 545 546 546 546 546 0 546 546 546 546 546 546 546 546 546 546 547 546 546 546 546 546 546 546 546 546 546 546 547 546 546 0 0 0 0 0 0 0 0 0 0 0 0 0 0 0 0 0 0 0 0 0 0 0 0 0 0 0 0 0 0 0 0 0 0 0 0 0 0 548 548 548 549 549 550 550 550 550 550 551 551 550 550 550 550 551 551 551 552 553 553 553 552 552 552 551 551 551 551 552 552 552 552 552 552 553 553 553 553 553 553 553 553 554 554 554 554 554 554 554 554 554 554 554 554 554 555 555 555 555 555 555 555 555 556 556 557 557 558 557 557 556 556 557 558 558 558 558 558 558 558 558 558 558 558 559 560 560 560 559 559 560 561 562 562 562 562 562 562 562 562 562 562 562 562 562 562 562 562 562 562 563 563 563 563 563 563 563 563 563 563 562 562 562 562 563 564 564 564 564 563 563 563
0 0 0 0 0 0 0 0 0 0 0 0 0 0 0 0 0 0 0 0 0 0 0 543 542 542 541 541 542 544 544 544 544 544 545 545 545 543 543 542 542 543 542 542 542 545 545 545 545 545 545 545 546 545 545 545 545 545 544 544 544 544 544 544 544 545 545 545 545 544 544 545 545 545 545 545 545 546 546 545 545 546 546 546 546 546 545 545 544 544 544 545 545 545 545 545 545 546 546 546 546 546 546 546 546 546 546 546 0 546 546 546 546 546 546 546 546 546 546 546 546 546 0 546 546 546 546 546 546 546 546 546 546 547 547 547 547 546 546 546 546 546 547 548 548 549 548 548 0 0 0 0 0 0 0 0 0 0 0 0 0 0 0 0 0 0 0 0 0 0 0 0 0 0 0 0 0 0 0 0 0 0 0 0 0 0 548 548 549 550 550 550 550 550 551 551 551 551 551 551 551 551 551 552 552 552 553 553 553 553 553 554 552 552 551 551 552 552 553 554 554 554 554 554 554 554 554 554 554 554 554 554 554 554 554 554 554 554 554 554 554 554 555 556 556 555 555 556 556 556 557 557 557 557 557 558 558 557 556 556 557 558 558 558 558 558 558 559 558 558 558 558 559 560 561 561 560 560 561 562 562 563 563 563 562 562 562 562 563 563 563 563 563 563 563 563 563 563 563 563 563 563 563 563 563 563 563 563 562 562 562 562 564 565 564 564 563 563 563 564
0 0 0 0 0 0 0 0 0 0 0 0 0 0 0 0 0 0 0 0 0 0 0 544 543 542 542 543 544 545 545 545 545 545 546 545 545 543 543 543 543 544 545 544 544 545 546 546 546 546 546 546 546 545 545 545 546 546 544 543 543 545 545 545 545 545 546 546 545 545 545 546 546 546 546 546 546 546 546 546 546 546 547 548 548 548 546 546 544 544 544 546 546 546 546 546 546 546 546 546 546 546 546 546 546 546 546 546 547 546 546 546 546 546 547 547 546 546 546 546 546 546 0 546 546 546 546 546 547 546 546 546 548 548 547 547 547 547 547 549 549 547 547 548 548 549 550 550 551 0 0 0 0 0 0 0 0 0 0 0 0 0 0 0 0 0 0 0 0 0 0 0 0 0 0 0 0 0 0 0 0 0 0 0 0 0 0 549 549 550 551 551 550 550 551 551 551 551 551 551 553 552 552 553 553 553 554 553 553 554 554 554 553 553 552 552 553 553 555 554 554 554 554 554 554 554 554 554 554 554 554 555 555 555 555 555 555 555 555 556 556 556 556 556 557 557 557 557 557 557 558 558 557 557 558 558 558 558 558 558 558 558 558 558 561 559 559 560 560 559 559 559 560 561 561 561 561 561 561 563 563 564 564 564 563 563 563 563 564 564 563 563 563 563 564 564 564 564 564 564 564 564 563 563 564 564 564 563 563 563 563 564 565 565 564 564 563 563 563 564
0 0 0 0 0 0 0 0 0 0 0 0 0 0 0 0 0 0 0 0 0 0 0 545 544 544 545 545 546 546 546 545 545 546 546 546 545 543 543 543 543 544 546 545 545 546 546 546 546 546 546 546 546 546 546 546 546 546 544 543 543 546 546 546 546 546 546 546 546 546 546 546 546 546 546 546 546 546 546 546 546 546 547 548 548 549 549 546 546 546 546 546 546 546 546 546 546 547 546 546 546 546 547 547 547 547 547 547 547 547 547 546 546 546 548 548 547 546 546 546 546 549 549 549 549 548 548 548 548 548 548 549 549 548 547 547 547 547 549 549 549 549 549 549 549 549 549 550 551 0 0 0 0 0 0 0 0 0 0 0 0 0 0 0 0 0 0 0 0 0 0 0 0 0 0 0 0 0 0 0 0 0 0 0 0 0 0 550 550 551 551 552 552 552 553 553 553 553 554 554 554 553 553 553 553 554 554 554 554 554 554 554 554 554 554 554 554 554 554 554 554 554 554 554 554 554 554 554 554 554 555 555 556 556 556 556 556 556 556 556 556 557 556 556 557 556 556 558 558 558 558 558 558 558 558 559 559 559 559 559 559 559 560 560 561 561 561 560 560 561 560 560 560 561 561 561 561 562 562 563 563 564 564 564 564 564 564 564 565 565 565 565 564 564 564 564 564 565 565 565 564 564 564 564 564 564 564 564 564 564 564 565 565 565 565 564 563 563 563 564
0 0 0 0 0 0 0 0 0 0 0 0 0 0 0 0 0 0 0 0 0 0 0 546 545 545 545 545 546 546 546 545 545 546 546 546 546 546 546 546 546 546 546 546 546 546 546 546 546 546 546 545 545 546 546 546 546 546 544 544 546 547 547 547 546 546 546 546 546 546 546 546 546 546 546 546 546 546 546 546 547 548 549 549 549 549 549 0 546 546 546 546 546 547 546 546 547 548 547 547 547 547 547 547 548 547 547 547 547 547 547 547 547 547 549 549 547 547 547 547 547 549 549 549 549 550 549 549 549 550 549 549 549 549 549 549 549 0 0 550 550 550 550 550 549 549 549 550 552 0 0 0 0 0 0 0 0 0 0 0 0 0 0 0 0 0 0 0 0 0 0 0 0 0 0 0 0 0 0 0 0 0 0 0 0 0 552 550 550 551 551 552 552 552 554 554 553 553 554 554 554 554 554 554 554 554 554 554 554 554 554 554 554 554 554 554 554 554 554 554 554 554 554 554 554 554 554 554 554 554 555 555 556 556 556 557 557 556 556 556 556 557 557 557 557 556 556 558 558 558 559 559 559 559 559 559 560 560 560 560 560 560 561 562 562 562 561 561 561 562 562 562 561 561 561 561 562 563 563 564 565 565 565 565 565 565 565 565 565 565 566 565 565 565 565 565 565 565 565 565 565 565 565 565 565 565 565 565 565 565 566 566 566 565 565 565 565 565 565 565
0 0 0 0 0 0 0 0 0 0 0 0 0 0 0 0 0 0 0 0 0 0 0 546 546 546 545 545 546 546 547 546 546 546 546 546 546 546 546 547 547 546 546 546 546 546 546 546 546 546 546 545 545 546 546 547 548 548 545 545 546 547 548 548 546 546 546 546 547 546 546 546 546 546 547 548 547 547 547 547 548 548 549 549 549 549 549 0 546 546 546 547 547 548 548 548 548 548 547 547 547 548 548 548 548 548 548 548 548 547 547 547 547 548 549 549 548 548 547 547 547 549 549 549 549 550 550 549 549 550 549 549 549 549 550 550 550 551 551 551 550 550 550 550 549 549 550 550 552 0 0 0 0 0 0 0 0 0 0 0 0 0 0 0 0 0 0 0 0 0 0 0 0 0 0 0 0 0 0 0 0 0 0 0 0 0 552 552 552 553 553 553 553 554 554 554 554 554 554 554 554 554 554 554 554 554 554 554 554 554 554 554 554 554 554 554 554 554 554 554 554 554 554 555 555 554 554 554 555 555 555 555 556 557 557 557 558 558 557 557 557 557 558 558 558 558 558 559 559 560 560 560 560 560 560 560 560 561 561 561 561 562 562 562 562 562 562 562 562 562 563 563 562 562 563 563 563 563 563 564 565 565 565 565 565 565 566 566 566 566 566 565 565 565 566 566 566 566 566 566 565 565 565 565 565 565 565 566 566 566 566 566 566 565 565 565 565 565 565 566
0 0 0 0 0 0 0 0 0 0 0 0 0 0 0 0 0 0 0 0 0 0 0 546 546 546 546 546 546 547 548 546 546 546 546 546 546 547 547 547 547 546 546 546 546 547 547 547 546 546 546 546 546 546 546 546 546 549 548 548 548 548 548 549 546 546 546 547 547 549 546 546 546 547 547 548 548 548 549 549 549 549 550 549 549 549 549 550 549 549 548 548 548 549 548 548 549 549 548 548 548 549 549 548 548 549 549 549 549 548 548 548 548 548 549 549 550 549 549 547 547 549 549 549 549 550 550 549 549 550 550 550 550 550 550 550 550 551 551 551 551 551 551 552 552 552 551 551 552 0 0 0 0 0 0 0 0 0 0 0 0 0 0 0 0 0 0 0 0 0 0 0 0 0 0 0 0 0 0 0 0 0 0 0 0 0 553 553 553 554 554 554 554 554 554 554 554 554 554 554 554 554 554 554 554 554 554 554 554 554 554 554 554 554 554 555 555 555 555 555 555 555 555 555 555 555 555 555 556 556 555 555 556 557 558 558 558 558 558 558 558 558 559 560 560 559 559 560 560 560 560 560 561 561 561 561 561 561 562 562 562 563 563 563 562 562 562 562 562 563 563 564 563 563 564 564 564 564 564 564 565 565 565 566 566 566 566 566 566 566 566 566 566 566 566 566 566 567 566 566 566 566 566 566 566 566 566 566 566 566 566 566 566 566 566 566 566 566 567 569
0 0 0 0 0 0 0 0 0 0 0 0 0 0 0 0 0 0 0 0 0 0 0 546 546 547 546 546 547 548 548 548 547 546 546 546 547 547 547 547 547 546 546 546 546 548 548 548 546 546 549 546 546 546 546 546 546 549 549 549 549 548 548 549 547 547 547 547 547 549 548 548 550 547 547 548 549 549 549 549 549 550 550 549 549 549 550 550 549 549 549 549 549 550 550 550 549 549 549 549 549 550 550 549 549 550 549 549 549 549 548 548 549 549 549 549 550 550 550 550 550 549 549 549 549 550 550 550 550 550 550 550 550 550 550 550 551 551 551 551 551 551 0 552 552 552 552 553 554 0 0 0 0 0 0 0 0 0 0 0 0 0 0 0 0 0 0 0 0 0 0 0 0 0 0 0 0 0 0 0 0 0 0 0 0 0 0 554 554 554 554 555 555 554 554 554 555 555 555 556 555 555 554 554 555 554 554 555 555 555 555 555 555 555 555 555 555 555 556 556 556 556 556 556 556 555 555 556 556 556 555 555 557 558 558 558 559 558 558 559 559 559 560 560 560 560 560 560 561 560 560 561 561 562 562 561 561 562 562 562 562 563 563 563 563 562 562 563 564 564 564 564 564 564 565 565 565 565 565 565 565 566 566 567 567 567 566 566 567 566 566 567 567 567 567 567 567 567 567 567 567 567 567 567 567 567 567 567 567 567 566 566 567 567 567 567 568 568 569 569
0 0 0 0 0 0 0 0 0 0 0 0 0 0 0 0 0 0 0 0 0 0 0 547 547 548 547 547 548 548 548 549 547 547 547 547 547 548 548 548 548 547 547 547 547 548 549 549 549 549 549 550 549 549 549 549 549 549 549 549 549 549 549 550 548 547 547 548 548 550 548 548 548 547 547 549 550 550 550 550 550 550 550 550 549 549 549 549 549 549 549 549 550 550 550 550 550 550 549 549 550 550 550 549 549 550 549 549 549 550 550 551 551 551 549 549 551 551 551 550 550 550 550 550 550 550 550 550 550 551 551 550 550 551 551 552 550 550 552 551 551 551 553 552 552 552 553 554 0 0 0 0 0 0 0 0 0 0 0 0 0 0 0 0 0 0 0 0 0 0 0 0 0 0 0 0 0 0 0 0 0 0 0 0 0 0 0 554 554 554 555 555 555 556 555 555 556 556 556 556 556 556 555 555 556 554 554 555 555 555 555 556 556 557 556 556 556 556 558 558 558 557 557 558 558 557 557 557 558 559 558 558 558 559 559 559 559 559 559 559 560 560 560 561 561 561 561 561 561 561 561 561 561 562 562 562 562 562 563 563 563 563 563 563 563 564 565 565 565 564 564 565 565 565 565 565 565 565 565 565 566 566 567 567 567 567 567 567 567 567 567 568 568 568 568 568 568 567 567 568 568 568 568 568 568 568 568 568 568 568 568 568 569 569 569 569 569 569 570 570
0 0 0 0 0 0 0 0 0 0 0 0 0 0 0 0 0 0 0 0 0 0 0 547 547 548 548 548 548 548 548 549 548 548 547 547 548 549 548 548 548 548 548 548 548 549 549 549 549 548 548 551 551 552 552 552 549 549 549 549 549 549 549 550 549 549 548 548 550 550 548 548 548 549 549 551 551 551 551 551 550 550 550 550 549 549 549 549 549 549 550 550 550 550 550 550 550 550 550 550 550 550 550 550 550 550 550 550 550 551 551 551 551 551 551 552 552 552 552 552 552 552 550 550 550 550 551 551 551 552 552 550 550 551 551 551 550 550 553 553 552 552 553 553 553 553 554 556 0 0 0 0 0 0 0 0 0 0 0 0 0 0 0 0 0 0 0 0 0 0 0 0 0 0 0 0 0 0 0 0 0 0 0 0 0 0 0 0 555 555 556 556 556 556 556 556 556 557 557 557 556 556 556 556 556 556 556 555 555 556 556 556 557 557 557 557 558 558 558 558 558 557 557 558 559 559 560 560 559 559 558 558 559 559 559 559 559 559 559 561 561 561 561 561 561 561 561 562 561 561 561 562 562 563 563 563 563 564 564 564 563 563 563 564 564 565 565 565 565 565 565 565 565 565 565 565 565 565 565 566 566 567 568 568 568 568 567 567 567 567 567 568 568 569 569 569 569 569 569 568 568 568 568 569 569 569 569 569 569 569 569 569 570 570 570 570 570 570 570 570
0 0 0 0 0 0 0 0 0 0 0 0 0 0 0 0 0 0 0 0 0 0 0 548 548 548 548 548 549 549 549 549 548 548 548 548 548 549 548 548 548 548 548 549 549 550 551 552 552 548 548 551 552 552 552 552 552 549 549 549 549 549 549 550 550 550 549 549 550 552 552 549 549 549 549 553 553 552 552 552 551 551 551 551 550 550 550 550 549 549 550 550 551 550 550 551 551 552 552 551 551 551 551 551 550 550 550 550 552 551 551 552 551 551 551 552 552 552 552 553 553 552 553 553 553 553 552 552 552 553 552 551 551 551 551 551 552 552 553 553 552 552 553 0 553 553 554 556 0 0 0 0 0 0 0 0 0 0 0 0 0 0 0 0 0 0 0 0 0 0 0 0 0 0 0 0 0 0 0 0 0 0 0 0 0 0 0 0 556 556 556 557 557 556 556 556 556 557 557 557 556 556 556 557 557 557 557 556 556 556 556 557 558 557 557 558 558 558 558 558 558 558 558 559 560 560 560 560 559 559 559 559 560 560 560 561 560 560 561 561 561 561 561 561 561 562 562 562 562 562 562 562 562 563 563 563 564 564 564 564 564 564 565 565 565 565 565 565 565 565 565 565 566 566 566 565 565 565 565 566 567 568 568 568 569 569 569 569 569 569 569 569 569 569 570 570 570 569 569 570 569 569 569 570 570 570 570 570 569 569 570 570 570 570 570 571 571 572 571 571
0 0 0 0 0 0 0 0 0 0 0 0 0 0 0 0 0 0 0 0 0 0 0 549 549 548 548 550 551 549 549 549 548 548 548 548 549 550 549 549 549 550 549 549 549 550 551 552 552 551 548 548 549 549 552 549 549 550 549 549 550 550 551 552 551 550 550 550 552 552 552 549 549 549 0 553 553 552 552 553 553 553 554 554 554 554 552 551 550 550 550 550 551 551 551 551 551 552 552 552 551 551 552 553 552 552 550 550 552 551 551 552 551 551 551 552 552 552 551 551 552 552 554 553 553 553 553 553 553 553 553 553 553 553 554 553 552 552 554 554 553 553 553 555 555 555 556 0 0 0 0 0 0 0 0 0 0 0 0 0 0 0 0 0 0 0 0 0 0 0 0 0 0 0 0 0 0 0 0 0 0 0 0 0 0 0 0 0 556 556 556 557 557 557 557 557 557 557 557 557 557 557 558 558 557 557 558 557 557 557 557 557 558 559 558 558 559 559 558 558 558 558 559 560 560 560 560 561 560 560 560 560 561 560 560 561 561 561 561 561 562 562 562 562 562 562 562 563 563 563 563 563 563 564 564 564 565 565 565 565 565 565 565 565 565 565 565 565 565 565 565 566 566 566 566 566 566 566 566 568 568 569 569 569 569 569 569 569 570 570 570 570 570 570 570 571 571 571 571 571 571 571 571 571 571 571 571 571 570 570 570 570 570 571 571 572 573 573 573 572
0 0 0 0 0 0 0 0 0 0 0 0 0 0 0 0 0 0 0 0 0 0 0 552 549 549 550 550 551 549 549 549 549 549 549 549 549 551 551 551 551 551 549 549 549 550 552 551 551 549 548 548 549 549 550 549 549 551 551 550 550 551 551 552 551 551 552 552 554 554 552 549 549 549 0 553 553 552 552 553 553 553 554 554 554 553 553 552 552 551 550 550 551 551 551 552 553 554 553 553 553 553 553 554 553 553 552 552 552 551 551 552 552 552 554 554 552 552 551 551 551 551 554 554 553 553 553 553 553 553 553 553 554 554 554 553 552 552 554 554 554 554 555 555 555 556 557 0 0 0 0 0 0 0 0 0 0 0 0 0 0 0 0 0 0 0 0 0 0 0 0 0 0 0 0 0 0 0 0 0 0 0 0 0 0 0 0 556 556 556 556 557 557 557 558 557 557 558 558 558 558 558 558 558 558 558 559 558 558 558 559 559 559 559 559 559 559 558 558 558 558 559 559 560 560 561 561 562 561 561 561 561 561 561 561 561 561 561 561 562 563 563 563 563 563 563 563 564 564 563 563 564 564 564 565 565 565 565 565 565 565 565 565 565 565 565 565 565 566 566 567 567 568 568 568 568 568 569 569 570 570 570 570 570 570 570 570 570 570 570 570 570 571 571 571 571 571 571 572 572 572 572 572 572 573 572 572 572 571 571 571 571 571 572 573 573 573 573 573 573
0 0 0 0 0 0 0 0 0 0 0 0 0 0 0 0 0 0 0 0 0 0 0 553 552 552 551 551 551 551 551 551 549 549 549 549 549 551 551 551 551 551 551 551 552 552 552 551 551 549 548 548 549 549 549 549 552 551 551 551 551 551 553 552 551 551 552 554 554 554 554 0 556 556 556 554 554 552 552 552 553 553 554 554 554 553 553 553 552 552 553 552 552 552 552 553 554 554 554 553 553 553 554 554 554 554 552 552 552 552 552 553 553 554 554 554 553 552 551 551 551 554 554 554 554 554 554 554 553 553 554 554 554 554 554 554 555 554 554 554 554 555 555 555 555 556 557 0 0 0 0 0 0 0 0 0 0 0 0 0 0 0 0 0 0 0 0 0 0 0 0 0 0 0 0 0 0 0 0 0 0 0 0 0 0 0 0 556 556 557 557 558 558 558 559 560 560 558 558 558 558 559 559 559 560 560 560 560 560 560 560 560 560 560 560 560 560 558 558 558 559 560 561 561 561 561 561 562 562 562 562 562 563 562 562 562 562 562 562 565 563 563 563 563 563 563 564 564 564 565 565 565 565 565 565 565 566 565 565 565 565 566 567 567 567 568 568 568 567 567 568 568 568 568 568 569 569 569 569 570 570 570 571 570 570 570 571 571 571 570 570 571 571 572 572 572 572 573 573 573 573 573 573 573 573 573 573 573 573 573 573 572 572 573 573 573 573 573 574 574
0 0 0 0 0 0 0 0 0 0 0 0 0 0 0 0 0 0 0 0 0 0 0 554 554 554 554 554 554 553 553 554 554 553 553 550 550 552 553 553 553 552 552 552 552 553 553 551 551 551 550 550 549 549 549 549 549 554 554 552 552 552 555 553 553 553 553 553 554 554 554 555 0 0 556 556 551 551 552 552 553 554 554 554 554 553 553 553 553 554 554 553 552 552 552 554 554 554 555 555 554 554 554 554 554 554 554 554 554 552 552 554 554 554 554 554 554 554 554 554 554 554 554 554 554 0 554 554 554 554 554 555 555 554 554 554 556 556 556 556 0 557 556 556 556 556 557 0 0 0 0 0 0 0 0 0 0 0 0 0 0 0 0 0 0 0 0 0 0 0 0 0 0 0 0 0 0 0 0 0 0 0 0 0 0 0 0 557 557 557 558 558 558 559 559 560 561 559 559 559 559 559 560 560 560 560 560 560 560 561 560 560 560 560 561 561 561 559 558 558 559 561 561 562 562 562 562 562 563 563 563 563 564 563 563 565 565 565 565 565 565 565 565 565 565 565 565 565 566 566 566 566 566 566 566 566 567 567 567 567 567 568 568 568 568 568 568 568 568 568 568 568 569 569 569 569 570 570 570 572 572 572 572 571 571 571 572 572 572 571 571 572 572 572 573 573 573 573 573 573 574 574 574 574 574 574 574 574 574 574 574 574 574 574 574 574 574 574 574 574
0 0 0 0 0 0 0 0 0 0 0 0 0 0 0 0 0 0 0 0 0 0 0 554 554 554 554 554 554 553 553 554 554 554 554 553 553 553 553 553 553 553 553 553 554 554 554 553 553 553 553 553 553 554 550 550 550 554 554 553 553 555 555 555 553 553 553 553 554 554 555 555 0 0 556 556 551 551 554 554 554 554 554 554 554 553 553 553 553 554 554 553 553 553 553 554 554 555 555 555 554 554 554 554 554 554 554 554 554 554 554 554 554 554 554 554 554 554 554 556 556 556 554 554 554 0 554 554 554 554 554 554 554 556 554 554 554 554 557 557 0 557 557 555 555 556 557 558 0 0 0 0 0 0 0 0 0 0 0 0 0 0 0 0 0 0 0 0 0 0 0 0 0 0 0 0 0 0 0 0 0 0 0 0 0 0 0 558 557 557 559 559 559 560 560 561 562 560 560 559 559 560 560 561 560 560 561 561 561 561 561 561 561 561 562 562 562 562 562 563 563 563 563 563 564 562 562 563 563 564 564 564 564 565 565 565 565 565 565 565 565 565 565 565 565 565 565 565 566 566 567 567 567 567 567 567 567 568 568 568 568 568 569 569 569 569 569 569 569 569 569 569 569 569 569 569 570 571 571 572 572 572 572 572 572 572 573 573 573 572 572 572 572 572 573 573 573 573 574 574 574 574 574 574 574 574 574 574 575 575 574 574 574 574 574 574 574 574 575 576
0 0 0 0 0 0 0 0 0 0 0 0 0 0 0 0 0 0 0 0 0 0 0 554 554 554 554 554 554 554 554 554 554 554 554 553 553 554 553 553 554 554 554 554 554 554 554 554 554 554 554 554 554 554 554 554 553 553 553 553 554 554 554 555 555 555 555 556 556 555 555 0 556 556 557 0 557 555 554 554 555 555 555 555 555 555 555 555 554 554 554 554 554 554 554 554 555 555 555 555 554 554 554 554 554 554 557 554 554 554 555 555 554 554 554 554 554 554 555 556 556 556 557 557 557 557 556 556 554 554 554 554 554 556 554 554 554 557 557 557 559 557 557 555 555 556 557 558 0 0 0 0 0 0 0 0 0 0 0 0 0 0 0 0 0 0 0 0 0 0 0 0 0 0 0 0 0 0 0 0 0 0 0 0 0 0 0 0 0 561 561 561 561 561 562 562 562 562 562 562 562 561 561 562 562 562 563 562 562 562 562 563 563 562 562 563 563 563 563 565 564 564 564 564 565 564 564 563 563 564 564 564 564 565 565 565 565 565 565 565 565 565 565 566 566 566 566 566 567 567 568 568 568 568 568 568 569 569 569 569 569 569 569 569 569 569 569 569 569 569 569 570 569 569 570 570 571 572 572 573 573 573 573 573 573 573 574 574 574 573 573 573 573 573 574 574 574 574 575 575 575 575 576 575 575 576 576 576 576 576 575 575 575 575 575 575 575 575 575 576
0 0 0 0 0 0 0 0 0 0 0 0 0 0 0 0 0 0 0 0 0 0 0 555 554 554 555 554 554 554 554 554 554 554 554 553 553 554 554 554 554 554 555 555 555 555 555 555 554 554 554 554 554 555 555 555 554 553 553 553 554 554 554 555 555 555 556 556 556 556 555 555 556 0 0 0 557 556 556 555 555 556 556 556 556 555 555 556 556 556 555 555 555 556 556 556 556 556 556 557 557 557 556 556 557 560 557 557 555 555 555 557 557 556 556 556 556 556 556 557 557 557 559 558 558 557 557 556 555 555 555 555 555 556 556 556 556 557 557 558 559 559 557 557 557 558 560 560 560 0 0 0 0 0 0 0 0 0 0 0 0 0 0 0 0 0 0 0 0 0 0 0 0 0 0 0 0 0 0 0 0 0 0 0 0 0 0 0 0 562 562 562 562 563 562 562 563 563 563 562 562 563 563 563 563 563 563 563 563 563 563 564 563 563 564 564 564 564 564 565 565 565 564 564 565 565 565 565 565 565 565 565 565 565 565 565 565 566 565 565 566 566 566 567 567 567 567 567 567 567 568 568 568 568 569 569 569 569 569 569 569 569 569 570 569 569 570 570 570 571 571 571 570 570 571 571 572 572 572 574 574 574 574 574 574 574 575 575 575 575 575 575 575 575 575 575 575 576 575 575 577 577 577 576 576 576 576 576 576 576 575 575 575 575 575 576 576 576 576 576
0 0 0 0 0 0 0 0 0 0 0 0 0 0 0 0 0 0 0 0 0 0 0 555 555 555 554 554 555 555 555 554 554 554 554 554 554 554 554 555 555 555 555 555 555 555 555 555 554 554 554 554 554 555 555 555 554 554 554 554 554 555 555 556 556 557 557 557 557 556 555 555 556 556 0 558 558 556 556 557 557 557 557 555 555 556 555 555 555 555 556 556 558 558 557 557 557 557 557 557 557 557 556 556 557 558 557 557 556 555 555 555 555 557 557 557 557 557 557 557 557 559 559 558 558 558 557 557 556 556 555 555 556 556 556 556 556 557 557 558 559 559 559 557 557 559 560 560 560 0 0 0 0 0 0 0 0 0 0 0 0 0 0 0 0 0 0 0 0 0 0 0 0 0 0 0 0 0 0 0 0 0 0 0 0 0 0 0 562 562 562 563 563 563 563 563 563 563 563 564 563 563 563 563 564 564 564 564 564 564 564 565 564 564 565 565 565 565 565 565 566 567 566 565 565 565 565 565 565 565 565 565 565 565 565 565 565 567 565 565 566 566 566 568 568 568 568 568 568 568 569 569 569 569 570 570 570 571 570 570 570 570 570 570 570 571 570 570 571 572 572 572 572 572 572 572 572 572 572 574 574 574 574 574 575 575 576 576 576 576 576 576 576 576 576 576 576 577 577 577 577 577 577 576 576 577 577 577 577 576 576 576 576 576 577 577 577 577 577 578
0 0 0 0 0 0 0 0 0 0 0 0 0 0 0 0 0 0 0 0 0 0 0 555 555 555 554 554 556 556 556 556 555 554 554 554 554 554 554 556 556 556 555 555 555 555 556 556 555 555 555 555 555 556 554 554 555 554 554 554 555 555 555 556 556 556 558 558 558 557 557 557 557 557 0 558 558 557 557 557 557 557 557 555 555 556 555 555 555 555 557 557 558 558 557 557 557 557 558 558 557 557 557 557 558 558 558 558 557 557 557 557 0 558 0 558 558 558 558 558 558 559 559 558 558 559 558 558 558 558 558 557 557 557 557 557 558 557 557 559 560 560 560 558 558 560 560 560 560 0 0 0 0 0 0 0 0 0 0 0 0 0 0 0 0 0 0 0 0 0 0 0 0 0 0 0 0 0 0 0 0 0 0 0 0 0 0 0 562 562 563 563 563 564 564 564 564 564 564 564 564 564 564 564 564 564 565 565 565 565 565 565 565 566 566 566 565 565 565 566 566 567 567 565 565 565 565 565 565 566 566 566 565 565 566 566 567 567 567 567 568 567 567 568 568 568 568 569 569 570 570 570 569 569 570 570 570 571 570 570 571 571 571 571 571 571 571 571 571 572 572 572 572 572 573 573 573 573 573 574 574 575 575 575 575 575 576 576 576 576 576 577 577 577 577 577 577 577 577 577 578 577 577 578 578 578 578 578 577 577 576 576 576 577 577 578 578 578 578 578
0 0 0 0 0 0 0 0 0 0 0 0 0 0 0 0 0 0 0 0 0 0 0 555 555 555 556 556 556 556 556 556 556 554 554 555 555 556 556 556 556 556 555 555 556 556 556 556 556 556 556 555 555 555 554 554 555 555 555 555 556 555 555 556 556 556 557 557 557 557 557 557 557 0 0 558 558 558 558 558 558 557 557 556 556 557 560 561 556 556 557 558 558 558 558 558 558 558 558 558 558 558 558 558 558 558 558 558 557 557 557 0 0 0 559 559 558 558 559 560 559 559 559 558 558 559 558 558 558 558 558 560 560 560 560 560 559 559 560 560 561 561 561 559 559 560 560 560 560 0 0 0 0 0 0 0 0 0 0 0 0 0 0 0 0 0 0 0 0 0 0 0 0 0 0 0 0 0 0 0 0 0 0 0 0 0 0 565 562 562 565 565 565 565 565 565 565 565 565 565 564 564 565 565 565 565 565 565 565 565 565 565 566 566 566 566 566 566 566 566 566 566 566 566 566 565 565 566 566 567 567 567 566 566 567 567 568 568 568 568 568 567 567 568 568 569 569 569 569 570 570 571 571 571 571 570 570 571 571 571 572 572 572 572 572 572 572 572 572 572 572 573 573 573 573 573 574 573 573 575 575 576 576 576 576 576 577 577 577 577 577 577 577 578 578 578 578 578 578 578 578 578 578 578 578 578 578 578 578 577 577 577 577 577 578 578 579 579 579 579
0 0 0 0 0 0 0 0 0 0 0 0 0 0 0 0 0 0 0 0 0 0 0 556 556 556 558 558 558 558 558 558 556 556 556 557 557 556 556 557 557 558 556 556 556 556 557 556 556 556 557 557 557 556 556 556 556 556 555 555 557 557 558 556 556 556 556 557 557 557 557 557 560 558 558 558 558 558 558 558 558 557 557 558 559 560 561 561 557 557 558 559 559 558 558 558 558 559 559 559 558 558 559 559 560 559 558 558 557 557 557 560 560 560 560 560 560 560 560 560 559 559 559 558 558 559 559 559 559 559 559 560 560 560 560 560 559 559 560 560 561 561 561 561 561 561 561 561 561 0 0 0 0 0 0 0 0 0 0 0 0 0 0 0 0 0 0 0 0 0 0 0 0 0 0 0 0 0 0 0 0 0 0 0 0 0 0 565 565 565 565 565 565 565 565 565 565 565 565 565 565 565 565 565 565 565 565 565 565 566 567 567 567 567 567 567 567 567 566 566 567 566 566 566 566 566 566 566 566 568 569 569 568 568 568 569 568 568 569 568 568 569 569 569 570 571 571 571 571 571 571 572 572 572 572 572 571 571 571 571 572 573 573 573 573 573 574 573 573 573 573 573 574 574 574 574 575 575 575 576 576 576 576 577 577 577 577 577 577 577 577 578 578 578 578 579 578 578 578 578 579 578 578 579 578 578 578 578 579 579 580 578 578 579 580 580 580 580 580 580
0 0 0 0 0 0 0 0 0 0 0 0 0 0 0 0 0 0 0 0 0 0 0 556 556 556 559 559 559 559 557 557 558 557 557 557 557 557 557 558 559 559 556 556 556 556 557 557 558 558 559 559 559 560 560 557 557 556 556 556 559 559 559 556 556 556 556 557 558 558 558 560 560 558 558 559 558 558 558 558 558 558 558 559 560 561 562 564 558 558 560 559 559 559 558 558 558 560 560 560 560 560 561 560 560 559 558 558 559 561 560 560 560 560 560 0 0 560 560 560 560 560 560 559 559 559 560 559 559 559 559 561 561 560 560 562 561 561 561 561 561 561 561 562 562 562 562 563 563 0 0 0 0 0 0 0 0 0 0 0 0 0 0 0 0 0 0 0 0 0 0 0 0 0 0 0 0 0 0 0 0 0 0 0 0 0 0 565 565 565 565 566 565 565 565 565 565 565 565 565 565 565 565 565 565 565 565 565 566 567 568 568 568 567 567 567 567 567 567 567 567 567 567 568 568 568 568 568 568 568 569 569 569 569 569 569 569 569 569 569 570 570 570 570 571 571 571 571 572 572 572 572 572 572 572 572 572 572 572 572 573 573 573 573 573 573 574 573 573 573 573 574 575 575 575 575 575 576 576 577 577 577 577 577 577 577 578 578 578 578 578 578 578 579 579 580 580 580 580 580 580 579 579 580 580 580 580 580 580 580 580 581 581 581 580 580 580 580 581 581
0 0 0 0 0 0 0 0 0 0 0 0 0 0 0 0 0 0 0 0 0 0 0 556 556 556 559 560 560 560 557 557 558 557 557 558 558 557 557 558 559 559 559 557 556 556 558 558 558 559 560 560 560 560 560 560 560 559 559 559 559 559 559 559 558 558 559 560 560 560 560 560 560 558 558 558 558 558 559 559 559 561 560 560 561 561 562 561 558 558 560 560 560 559 559 559 559 560 560 560 560 560 561 561 560 560 559 559 560 561 560 560 560 560 560 563 563 562 562 562 562 562 565 565 560 560 560 560 560 560 561 561 561 561 561 562 563 563 562 562 561 561 562 562 562 562 563 564 0 0 0 0 0 0 0 0 0 0 0 0 0 0 0 0 0 0 0 0 0 0 0 0 0 0 0 0 0 0 0 0 0 0 0 0 0 0 0 565 565 565 565 567 567 566 566 566 566 565 565 566 565 565 566 565 565 565 565 566 567 568 568 569 568 568 568 567 567 568 568 568 567 567 568 568 568 569 569 568 568 569 569 569 569 569 569 570 570 570 570 570 571 571 571 571 571 572 572 572 572 573 572 572 572 572 572 573 572 572 573 573 573 573 573 574 574 574 575 574 574 574 574 574 575 576 576 576 576 576 576 578 578 578 578 578 578 578 578 578 578 578 578 578 578 579 579 580 581 580 580 581 580 580 580 580 580 580 580 580 580 580 580 581 581 581 581 581 581 581 582 582
0 0 0 0 0 0 0 0 0 0 0 0 0 0 0 0 0 0 0 0 0 0 0 559 559 559 561 560 560 559 558 558 559 559 559 558 558 558 558 558 559 559 559 558 558 558 559 559 559 559 560 560 560 559 559 560 560 559 559 559 559 559 560 561 561 561 561 561 560 560 560 560 560 560 558 558 558 558 560 561 561 561 561 561 561 562 562 561 560 560 561 561 561 561 561 560 560 560 560 561 561 561 561 563 561 561 561 561 561 562 561 561 561 561 562 563 563 562 562 563 563 565 565 565 565 560 560 560 560 560 564 564 564 565 565 565 564 564 563 562 562 563 563 562 562 563 564 0 0 0 0 0 0 0 0 0 0 0 0 0 0 0 0 0 0 0 0 0 0 0 0 0 0 0 0 0 0 0 0 0 0 0 0 0 0 0 0 565 565 565 565 567 567 567 566 566 566 567 567 567 566 566 567 567 567 566 566 567 568 569 569 569 569 568 568 568 568 568 569 569 568 568 569 569 569 569 569 569 569 570 570 570 570 569 569 570 570 571 571 571 571 571 571 571 572 572 572 572 573 573 573 573 573 573 573 573 574 573 573 573 574 574 575 575 575 575 576 575 575 574 574 574 576 576 576 576 576 576 577 578 579 579 579 578 578 579 579 579 580 580 580 580 580 580 580 581 581 581 581 582 582 581 581 581 581 581 581 581 581 581 581 581 581 581 581 581 581 581 582 582
0 0 0 0 0 0 0 0 0 0 0 0 0 0 0 0 0 0 0 0 0 0 0 560 559 559 560 560 560 559 558 558 559 559 559 559 558 558 559 559 559 559 559 559 558 558 559 559 559 560 560 560 560 559 559 559 559 559 559 0 0 0 559 0 0 0 564 560 560 560 560 560 560 560 560 560 560 560 560 561 561 561 561 561 562 563 562 561 560 560 561 561 561 561 561 561 561 561 561 561 562 561 561 563 563 561 561 561 562 561 561 561 561 561 562 563 563 562 562 563 563 565 565 565 565 563 563 562 562 563 564 564 564 0 565 565 564 564 564 563 563 564 564 562 562 563 564 0 0 0 0 0 0 0 0 0 0 0 0 0 0 0 0 0 0 0 0 0 0 0 0 0 0 0 0 0 0 0 0 0 0 0 0 0 0 0 0 565 565 565 565 567 567 567 567 567 567 568 567 567 567 567 568 568 568 569 569 568 568 569 570 570 569 569 569 568 568 569 569 569 569 569 569 569 569 570 570 569 569 571 570 570 570 570 570 572 572 572 572 572 572 572 572 572 572 573 573 573 574 574 574 573 573 573 573 574 574 574 575 574 574 576 576 576 576 576 576 576 576 576 576 576 576 576 577 577 577 577 577 579 580 580 581 580 580 580 580 580 581 581 581 581 581 581 581 581 581 582 582 582 582 582 582 582 582 582 582 581 581 581 581 581 581 581 582 582 582 583 583 582
0 0 0 0 0 0 0 0 0 0 0 0 0 0 0 0 0 0 0 0 0 0 0 560 559 559 560 560 560 563 559 559 559 559 559 559 558 558 559 559 559 559 559 560 559 559 560 560 560 560 560 562 559 559 559 559 559 559 559 0 0 0 0 0 0 561 564 564 560 560 561 561 561 562 562 564 560 560 560 561 562 562 562 562 563 564 564 561 561 561 561 562 562 562 561 561 561 562 562 562 563 562 562 562 562 562 562 562 562 561 561 562 562 563 564 564 564 563 563 563 564 564 564 564 564 564 563 562 562 563 564 564 564 565 565 565 565 565 564 564 564 564 565 563 563 563 564 566 0 0 0 0 0 0 0 0 0 0 0 0 0 0 0 0 0 0 0 0 0 0 0 0 0 0 0 0 0 0 0 0 0 0 0 0 0 0 0 0 568 567 567 568 568 568 567 567 568 568 568 568 568 568 568 568 568 569 569 569 569 570 570 570 569 569 569 569 569 569 570 570 570 570 570 570 570 571 571 572 573 572 572 572 571 571 572 572 572 572 572 572 573 573 573 573 573 574 574 574 574 575 575 574 574 574 574 574 575 575 576 576 576 576 576 577 576 576 577 577 577 577 577 577 577 577 578 578 578 579 580 580 580 580 581 581 581 581 581 581 582 582 582 582 582 582 582 582 582 582 582 582 582 582 582 582 582 582 582 582 582 582 582 582 582 582 583 583 583 583 583 582
0 0 0 0 0 0 0 0 0 0 0 0 0 0 0 0 0 0 0 0 0 0 0 562 560 560 561 560 560 563 560 560 560 560 560 559 559 559 560 560 560 560 560 560 560 560 560 560 560 560 563 562 562 563 560 560 559 559 559 0 0 0 0 0 0 0 561 561 561 561 561 561 562 563 564 564 565 563 563 563 564 563 563 563 563 564 564 562 562 563 563 563 564 563 563 563 563 563 563 563 563 562 562 562 564 564 564 562 562 562 563 563 563 564 564 564 564 564 564 564 564 564 564 564 564 564 563 563 563 564 564 564 0 565 565 565 565 565 565 565 565 565 565 564 564 565 565 566 0 0 0 0 0 0 0 0 0 0 0 0 0 0 0 0 0 0 0 0 0 0 0 0 0 0 0 0 0 0 0 0 0 0 0 0 0 0 0 0 568 568 569 568 568 568 568 569 569 569 569 569 569 568 568 569 569 571 570 570 570 571 572 571 570 570 570 570 570 570 571 571 570 570 570 570 570 572 572 573 573 572 572 572 572 572 572 573 573 573 573 573 573 573 573 573 574 575 575 575 575 575 575 575 575 575 575 576 576 576 576 576 576 576 576 577 577 577 577 577 578 578 578 578 578 578 578 578 578 579 581 581 581 581 581 581 581 582 582 582 582 582 582 582 583 583 582 582 582 582 582 583 583 584 585 583 582 582 583 583 584 583 583 583 583 584 585 585 585 584 583 583
0 0 0 0 0 0 0 0 0 0 0 0 0 0 0 0 0 0 0 0 0 0 0 562 561 561 562 562 563 563 560 560 560 560 560 561 561 561 561 561 562 561 560 560 560 560 560 561 560 560 563 562 562 563 561 560 560 560 562 0 0 0 0 0 0 561 561 561 561 562 563 563 563 563 564 565 565 566 566 564 564 564 564 564 564 564 565 563 563 563 563 564 564 563 563 563 563 564 564 564 564 563 563 564 564 564 564 564 566 566 565 565 565 565 565 565 564 564 564 564 564 564 564 564 564 564 565 565 0 0 565 0 0 565 565 565 565 565 565 565 565 565 565 564 564 565 566 566 0 0 0 0 0 0 0 0 0 0 0 0 0 0 0 0 0 0 0 0 0 0 0 0 0 0 0 0 0 0 0 0 0 0 0 0 0 0 0 0 568 568 569 569 569 569 569 570 570 570 570 570 570 570 571 570 570 571 571 571 571 572 572 572 571 571 571 571 571 572 572 572 572 572 571 571 571 572 573 573 573 572 572 573 573 573 573 573 573 573 574 574 575 575 575 575 576 576 576 575 575 575 575 575 576 576 576 577 577 577 577 577 577 577 577 577 577 577 577 577 579 579 579 579 579 579 579 579 579 580 581 582 582 582 582 582 582 582 582 582 582 582 583 584 584 584 584 583 583 583 583 584 584 585 585 584 584 583 583 584 584 583 583 585 585 586 585 585 585 585 585 585
0 0 0 0 0 0 0 0 0 0 0 0 0 0 0 0 0 0 0 0 0 0 0 562 561 561 562 564 564 564 564 564 560 560 561 562 562 562 562 562 563 562 562 561 561 562 562 562 561 561 563 563 563 563 563 562 562 562 562 0 0 0 0 0 561 561 561 561 561 562 564 564 564 564 564 565 565 566 566 565 565 565 565 565 564 564 564 563 563 565 564 564 565 564 564 564 565 565 565 565 565 564 564 564 565 564 564 564 566 566 566 566 565 565 565 565 565 565 565 565 565 564 564 564 564 564 565 565 0 0 0 0 0 565 565 565 565 565 565 565 565 566 566 564 564 565 566 567 0 0 0 0 0 0 0 0 0 0 0 0 0 0 0 0 0 0 0 0 0 0 0 0 0 0 0 0 0 0 0 0 0 0 0 0 0 0 0 0 0 570 569 569 569 569 569 570 570 570 571 571 570 570 571 571 571 571 571 571 571 572 573 573 572 572 572 573 573 572 572 572 573 573 572 572 573 573 573 573 573 573 574 573 573 573 573 573 575 575 575 576 575 575 576 576 576 576 576 576 576 576 576 576 576 577 577 577 577 577 577 578 578 577 577 577 578 578 578 578 580 579 579 580 580 580 580 580 580 580 582 582 582 582 582 583 583 583 583 583 583 583 584 585 585 585 585 584 584 585 585 585 586 586 586 586 586 585 585 585 585 585 585 586 586 585 585 585 585 585 585 585
0 0 0 0 0 0 0 0 0 0 0 0 0 0 0 0 0 0 0 0 0 0 0 563 563 563 564 564 564 565 564 564 561 561 562 563 563 562 562 562 563 563 562 562 562 562 562 562 561 561 564 564 564 563 563 564 563 563 0 0 0 0 0 0 561 561 561 561 564 564 564 564 564 564 564 565 565 566 566 566 565 565 565 565 564 564 564 563 563 565 565 565 565 565 565 565 565 565 565 565 565 564 564 565 565 564 564 564 565 565 566 566 566 565 565 565 0 565 565 565 565 565 565 565 565 565 566 0 0 0 0 0 0 565 565 565 565 565 565 565 565 566 566 565 565 567 567 0 0 0 0 0 0 0 0 0 0 0 0 0 0 0 0 0 0 0 0 0 0 0 0 0 0 0 0 0 0 0 0 0 0 0 0 0 0 0 0 0 0 0 571 571 571 571 571 571 571 571 572 572 572 572 572 572 572 571 571 571 571 573 573 573 573 573 573 574 575 573 573 574 573 573 573 573 574 574 574 574 575 575 575 575 573 573 574 574 576 576 576 576 576 576 576 576 576 577 577 577 577 577 577 577 577 577 577 577 577 577 577 578 578 578 578 578 578 579 580 580 580 580 580 580 580 580 580 580 581 581 582 583 583 583 583 583 584 584 585 585 585 585 585 585 585 585 586 586 586 586 586 586 586 587 587 587 587 586 586 586 585 585 586 586 586 585 585 585 586 586 587 586
0 0 0 0 0 0 0 0 0 0 0 0 0 0 0 0 0 0 0 0 0 0 0 564 564 565 565 564 564 565 563 563 561 561 563 563 564 563 563 563 563 563 562 562 562 562 562 563 563 563 564 564 564 564 564 564 0 0 0 0 0 0 0 0 0 566 562 562 564 564 564 565 565 565 565 565 565 567 567 566 565 565 565 565 565 565 564 564 564 565 565 565 565 565 565 565 566 565 565 565 565 565 565 565 565 566 566 565 565 565 566 567 566 566 566 0 0 0 0 565 565 565 565 565 566 566 567 0 0 0 0 0 0 566 565 565 565 565 565 566 566 567 567 568 568 569 0 0 0 0 0 0 0 0 0 0 0 0 0 0 0 0 0 0 0 0 0 0 0 0 0 0 0 0 0 0 0 0 0 0 0 0 0 0 0 0 0 0 0 0 571 571 572 571 571 572 572 572 573 573 573 573 572 572 572 571 571 572 572 573 573 574 573 573 574 575 575 574 574 574 575 575 575 575 575 575 575 575 576 576 576 576 576 575 575 575 576 577 577 577 576 576 577 577 577 577 577 577 577 577 578 578 578 578 578 578 578 578 578 579 579 580 580 580 580 581 581 581 581 581 581 581 581 581 581 581 582 582 584 584 584 584 584 584 585 585 585 585 585 585 585 586 586 586 586 587 586 586 586 588 588 588 588 588 588 587 587 588 588 588 588 587 586 585 585 585 586 589 589 587
0 0 0 0 0 0 0 0 0 0 0 0 0 0 0 0 0 0 0 0 0 0 0 565 564 564 564 564 564 564 563 563 562 562 563 565 565 565 564 563 563 564 564 564 563 562 562 563 563 564 565 564 564 564 564 564 0 0 0 0 0 0 0 0 0 566 564 564 564 564 564 564 564 565 565 565 567 567 568 566 566 566 566 565 565 565 564 564 564 565 566 566 566 566 566 566 567 566 566 566 566 568 567 565 565 566 566 568 568 566 566 566 566 566 567 0 0 0 0 565 565 567 567 567 567 567 568 0 0 0 0 0 0 0 0 565 565 565 565 566 567 568 568 568 568 569 0 0 0 0 0 0 0 0 0 0 0 0 0 0 0 0 0 0 0 0 0 0 0 0 0 0 0 0 0 0 0 0 0 0 0 0 0 0 0 0 0 0 0 0 572 572 573 572 572 572 572 573 573 574 574 574 573 573 573 572 572 572 572 574 574 574 575 575 575 575 575 575 575 575 575 575 576 576 576 576 576 576 577 577 578 577 576 576 576 576 577 577 577 577 577 577 577 579 579 578 578 578 578 579 580 580 580 580 580 580 580 580 580 580 581 581 581 581 581 581 581 582 581 581 581 581 581 581 582 583 583 583 585 585 585 585 585 585 585 586 586 586 586 586 586 586 586 586 587 587 587 587 588 588 588 588 588 588 589 589 589 588 588 589 589 589 589 588 586 586 589 589 589 589
0 0 0 0 0 0 0 0 0 0 0 0 0 0 0 0 0 0 0 0 0 0 0 565 564 564 564 564 564 564 564 565 565 565 566 566 566 565 565 565 565 566 566 566 566 565 564 564 565 565 565 565 565 564 564 565 566 0 0 0 0 0 0 0 0 568 568 568 568 0 0 564 564 565 565 567 567 568 568 566 566 566 566 565 565 565 565 565 566 567 566 566 566 567 566 566 567 567 568 567 567 568 567 567 567 568 568 568 568 566 566 566 566 566 567 0 0 0 0 0 0 567 567 568 568 568 568 0 0 0 0 0 0 0 0 567 567 566 566 566 567 568 569 569 569 570 0 0 0 0 0 0 0 0 0 0 0 0 0 0 0 0 0 0 0 0 0 0 0 0 0 0 0 0 0 0 0 0 0 0 0 0 0 0 0 0 0 0 0 0 0 573 573 573 573 573 573 574 574 574 574 574 573 573 574 573 573 574 574 574 575 575 576 576 576 575 575 576 576 576 576 577 577 577 577 578 577 577 578 578 578 578 578 578 578 578 580 580 577 577 578 579 579 579 579 579 579 579 579 580 580 580 580 580 580 581 581 581 581 581 581 581 581 582 582 583 583 582 582 582 582 582 582 582 584 583 583 584 585 585 586 586 586 586 586 586 586 586 586 586 586 586 586 588 588 588 588 588 589 588 588 589 589 589 590 589 589 589 589 589 589 589 589 588 588 588 589 589 589 590
0 0 0 0 0 0 0 0 0 0 0 0 0 0 0 0 0 0 0 0 0 0 0 565 565 565 565 565 565 565 565 565 565 565 566 566 567 565 565 566 566 566 566 567 566 565 565 565 565 565 565 565 565 564 564 565 565 0 0 0 0 0 0 0 0 0 0 0 0 0 0 0 566 566 567 567 568 568 568 568 566 566 566 567 566 566 567 568 568 568 567 567 567 567 567 567 568 569 568 568 568 568 568 568 568 568 568 568 568 568 568 0 0 0 0 0 0 0 0 0 0 0 0 568 568 568 0 0 0 0 0 0 0 0 0 570 567 567 567 567 568 570 570 570 570 0 0 0 0 0 0 0 0 0 0 0 0 0 0 0 0 0 0 0 0 0 0 0 0 0 0 0 0 0 0 0 0 0 0 0 0 0 0 0 0 0 0 0 0 0 0 0 0 0 0 0 577 576 576 575 575 575 573 573 576 576 576 576 576 576 576 576 576 576 576 576 576 577 576 576 577 577 577 577 577 578 577 577 578 578 578 578 578 578 578 579 580 580 579 579 580 580 579 579 580 580 580 580 580 580 580 580 581 581 581 581 581 581 582 582 582 582 582 582 582 583 583 583 583 583 583 583 583 583 584 584 584 584 586 586 586 586 587 587 587 587 587 587 587 587 587 587 587 588 588 589 589 589 589 589 589 590 590 590 590 590 590 590 590 589 589 589 589 589 589 589 589 589 589 590
0 0 0 0 0 0 0 0 0 0 0 0 0 0 0 0 0 0 0 0 0 0 0 566 565 565 565 565 564 564 566 566 566 566 566 566 567 565 565 566 567 567 567 567 567 566 565 565 565 566 565 565 565 565 565 565 565 567 0 0 0 0 0 0 0 0 0 0 0 0 0 567 567 567 567 568 568 568 568 568 568 567 567 567 567 567 567 568 568 568 568 568 568 568 567 567 568 569 569 568 568 568 568 568 568 568 569 568 568 568 569 569 0 0 0 0 0 0 0 0 0 0 0 0 0 0 0 0 0 0 0 0 0 0 0 570 569 569 569 570 570 0 0 0 0 0 0 0 0 0 0 0 0 0 0 0 0 0 0 0 0 0 0 0 0 0 0 0 0 0 0 0 0 0 0 0 0 0 0 0 0 0 0 0 0 0 0 0 0 0 0 0 0 0 0 0 0 577 577 576 576 576 576 576 577 577 577 577 576 576 577 577 577 577 577 577 577 578 578 578 578 578 578 577 577 579 577 577 578 578 578 579 579 579 580 580 580 580 580 580 580 580 580 580 580 580 581 581 581 581 581 581 581 581 581 582 582 582 582 582 583 583 583 583 583 583 583 583 584 584 584 584 584 584 585 585 585 585 586 586 587 587 587 588 588 588 588 588 588 588 588 588 588 589 589 589 589 589 590 590 590 591 591 591 590 590 591 591 591 590 590 590 590 590 590 590 590 590 590 590
0 0 0 0 0 0 0 0 0 0 0 0 0 0 0 0 0 0 0 0 0 0 0 568 567 566 566 566 564 564 566 566 566 567 567 567 567 565 565 567 567 567 567 567 567 567 567 567 567 567 565 565 565 565 565 566 566 567 571 0 0 566 566 566 0 0 0 0 0 0 0 568 568 568 568 568 568 568 568 568 569 568 568 569 570 570 570 568 568 569 569 568 568 568 568 568 569 570 570 569 568 568 568 569 571 569 569 569 568 568 570 570 0 0 0 0 0 0 0 0 0 0 0 0 0 0 0 0 0 0 0 570 570 571 571 571 571 569 569 571 0 0 0 0 0 0 0 0 0 0 0 0 0 0 0 0 0 0 0 0 0 0 0 0 0 0 0 0 0 0 0 0 0 0 0 0 0 0 0 0 0 0 0 0 0 0 0 0 0 0 0 0 0 0 0 0 0 0 578 578 577 577 577 577 577 578 578 578 577 577 577 577 578 578 578 579 579 579 579 579 579 579 579 579 579 577 577 578 579 580 580 580 580 580 581 581 581 581 580 580 580 581 581 581 581 581 582 581 581 581 581 582 582 582 582 583 583 583 583 584 584 583 583 584 584 585 584 584 584 584 584 585 585 585 585 585 585 585 587 587 587 587 588 588 589 589 589 589 589 589 589 589 589 590 590 590 590 590 590 591 591 592 592 592 593 592 592 591 591 591 590 590 590 590 591 591 592 591 591 591
0 0 0 0 0 0 0 0 0 0 0 0 0 0 0 0 0 0 0 0 0 0 0 569 568 568 568 567 566 566 567 567 568 568 567 567 568 567 567 567 567 568 567 567 567 567 567 568 568 567 566 566 566 566 566 567 567 567 571 567 566 566 566 566 0 0 0 0 0 570 0 0 568 568 568 569 569 569 569 569 569 569 569 570 570 570 570 570 570 569 569 569 569 568 568 569 570 570 571 570 569 569 569 571 571 569 569 570 568 568 571 571 0 572 572 572 0 0 0 0 0 0 0 0 0 0 0 0 0 572 572 570 570 571 571 571 571 571 571 0 0 0 0 0 0 0 0 0 0 0 0 0 0 0 0 0 0 0 0 0 0 0 0 0 0 0 0 0 0 0 0 0 0 0 0 0 0 0 0 0 0 0 0 0 0 0 0 0 0 0 0 0 0 0 0 0 0 0 0 579 578 578 578 578 578 579 579 579 579 578 578 578 578 579 579 579 579 579 579 579 579 580 580 579 579 577 577 580 580 581 581 580 580 581 581 581 581 581 581 581 581 581 581 581 582 582 582 582 583 582 582 583 583 583 583 584 584 584 584 584 584 584 584 585 585 585 585 585 585 585 585 585 586 586 586 585 585 585 588 588 588 588 589 589 589 589 589 590 590 590 590 590 590 590 590 590 590 591 591 592 592 592 592 592 593 592 592 591 591 592 592 592 591 591 592 592 592 592 592 592
0 0 0 0 0 0 0 0 0 0 0 0 0 0 0 0 0 0 0 0 0 0 0 569 569 569 569 568 567 567 569 568 568 568 568 568 568 567 567 568 568 568 568 568 567 567 568 568 568 568 567 567 567 567 567 568 568 568 568 567 566 566 567 568 0 0 0 0 0 0 570 570 569 569 570 570 569 569 569 569 569 569 569 571 571 571 571 571 570 570 570 570 570 569 569 569 570 570 571 571 571 571 571 571 571 571 570 570 570 571 571 571 572 572 572 572 572 0 0 0 572 571 570 570 0 572 571 571 571 571 572 572 572 572 571 571 571 571 0 0 0 0 0 0 0 0 0 0 0 0 0 0 0 0 0 0 0 0 0 0 0 0 0 0 0 0 0 0 0 0 0 0 0 0 0 0 0 0 0 0 0 0 0 0 0 0 0 0 0 0 0 0 0 0 0 0 0 0 0 579 579 579 579 579 579 579 579 579 579 579 579 579 579 580 580 579 579 579 580 580 580 580 580 579 579 580 581 581 582 582 581 581 581 582 582 582 581 581 581 582 582 583 583 584 584 584 584 584 584 584 584 584 584 584 584 584 584 584 585 585 585 584 584 585 585 585 585 585 585 585 585 586 586 586 586 585 585 586 589 589 589 589 589 589 590 590 590 591 591 591 591 591 592 592 592 592 592 592 593 593 593 593 593 593 593 593 593 593 593 593 593 593 591 591 592 592 592 592 592 593
0 0 0 0 0 0 0 0 0 0 0 0 0 0 0 0 0 0 0 0 0 0 0 569 569 569 569 569 569 569 570 568 568 569 569 569 570 567 567 568 568 569 569 569 568 568 568 568 568 568 568 567 567 567 567 567 567 568 568 567 566 566 567 568 571 572 0 0 572 572 570 570 569 569 570 570 570 570 570 570 571 571 571 572 571 571 571 571 572 572 571 570 570 569 569 571 571 571 572 571 571 571 571 571 571 571 571 571 571 571 571 0 572 572 572 572 572 573 0 0 572 571 570 570 570 572 571 571 571 571 572 572 572 572 571 571 572 0 0 0 0 0 0 0 0 0 0 0 0 0 0 0 0 0 0 0 0 0 0 0 0 0 0 0 0 0 0 0 0 0 0 0 0 0 0 0 0 0 0 0 0 0 0 0 0 0 0 0 0 0 0 0 0 0 0 0 0 0 0 0 0 579 579 579 580 581 581 580 580 579 579 580 580 581 580 580 580 580 580 581 581 581 581 581 581 581 582 582 582 582 582 582 582 583 582 582 582 583 583 583 583 584 584 584 584 585 585 585 584 584 585 585 585 585 585 585 585 585 585 585 585 585 585 585 585 586 586 586 586 586 586 586 587 587 587 586 586 586 589 589 590 590 590 590 590 590 591 591 591 591 591 592 592 592 593 593 594 594 593 593 593 593 593 593 594 594 593 593 593 593 593 593 591 591 592 592 593 592 592 593
0 0 0 0 0 0 0 0 0 0 0 0 0 0 0 0 0 0 0 0 0 0 0 569 569 569 569 569 569 569 570 570 569 569 569 569 570 567 567 568 568 570 570 569 569 569 569 569 568 568 568 567 567 567 567 567 567 568 568 567 566 566 569 571 571 572 571 571 571 571 571 571 570 570 571 573 573 573 575 573 573 573 0 572 572 572 572 572 572 572 571 571 571 571 571 572 571 571 572 572 572 573 574 574 572 572 571 571 571 571 571 575 572 572 572 572 572 573 573 573 573 572 571 571 572 572 571 571 571 571 572 572 572 572 572 572 0 0 0 0 0 0 0 0 0 0 0 0 0 0 0 0 0 0 0 0 0 0 0 0 0 0 0 0 0 0 0 0 0 0 0 0 0 0 0 0 0 0 0 0 0 0 0 0 0 0 0 0 0 0 0 0 0 0 0 0 0 0 0 0 0 0 580 580 581 581 581 580 580 580 580 581 582 582 582 581 581 581 581 581 581 581 581 582 583 583 583 583 583 583 583 584 584 584 583 583 583 583 583 584 584 584 584 584 584 585 585 585 585 585 585 585 585 586 586 586 586 586 586 586 586 585 585 586 586 586 587 587 587 586 586 587 588 588 588 588 588 589 590 590 590 590 590 590 590 591 591 592 592 592 592 592 593 594 594 594 594 594 594 593 593 594 594 594 594 594 595 594 594 594 593 593 593 594 594 594 593 593 594 594
0 0 0 0 0 0 0 0 0 0 0 0 0 0 0 0 0 0 0 0 0 0 0 571 570 569 569 569 569 569 571 571 571 570 570 570 570 569 569 569 570 571 571 571 570 570 569 569 568 567 567 567 567 567 567 567 568 568 568 567 567 567 570 572 573 572 571 571 571 571 572 572 572 572 572 574 574 575 0 573 573 573 573 572 572 572 572 572 572 573 573 573 573 572 572 572 574 573 573 573 572 572 574 574 576 576 571 571 572 572 574 575 575 573 572 572 573 573 573 573 573 573 573 572 572 572 572 572 572 573 573 573 574 572 572 0 0 0 0 0 0 0 0 0 0 0 0 0 0 0 0 0 0 0 0 0 0 0 0 0 0 0 0 0 0 0 0 0 0 0 0 0 0 0 0 0 0 0 0 0 0 0 0 0 0 0 0 0 0 0 0 0 0 0 0 0 0 0 0 0 0 0 580 580 581 581 581 581 581 581 581 581 582 582 583 582 582 582 582 582 581 581 581 583 583 583 583 584 584 584 584 584 584 584 584 584 584 583 583 584 585 585 585 585 585 585 585 585 585 585 585 585 585 586 587 587 587 587 587 587 588 586 586 587 587 587 588 587 587 587 588 588 588 589 589 589 589 589 591 591 591 591 591 591 591 591 591 592 593 593 593 593 593 594 594 594 594 594 594 594 594 595 594 594 595 595 595 595 594 594 595 594 594 596 596 596 594 594 595 595
0 0 0 0 0 0 0 0 0 0 0 0 0 0 0 0 0 0 0 0 0 0 0 572 570 570 570 571 571 572 571 571 571 571 570 570 570 570 570 570 571 571 570 570 571 571 571 569 568 567 567 567 567 567 572 568 568 568 568 567 567 568 570 571 572 572 572 572 572 572 572 572 572 572 573 574 575 575 575 573 573 573 573 573 572 572 573 573 573 573 572 572 573 573 573 574 573 573 573 573 572 572 573 574 575 575 573 573 573 574 574 575 575 573 573 573 573 573 573 574 574 574 574 572 572 572 572 572 572 572 575 575 574 574 575 577 0 0 0 0 0 0 0 0 0 0 0 0 0 0 0 0 0 0 0 0 0 0 0 0 0 0 0 0 0 0 0 0 0 0 0 0 0 0 0 0 0 0 0 0 0 0 0 0 0 0 0 0 0 0 0 0 0 0 0 0 0 0 0 0 0 0 580 580 581 581 582 583 582 581 581 581 582 583 583 583 583 583 583 582 581 581 582 583 583 584 584 584 584 584 584 584 584 584 585 584 584 584 584 584 585 585 585 585 585 586 586 586 586 586 585 585 586 587 588 588 587 587 588 588 588 588 587 587 587 588 588 588 588 588 588 589 589 589 589 590 590 591 591 591 591 591 592 592 592 592 592 593 593 593 593 593 594 594 594 594 594 594 594 594 595 596 597 597 597 596 596 595 595 595 596 597 597 597 597 597 597 596 596 596
0 0 0 0 0 0 0 0 0 0 0 0 0 0 0 0 0 0 0 0 0 0 0 572 571 570 570 571 572 572 572 572 572 573 570 570 571 571 572 571 571 571 570 570 571 571 571 570 570 567 567 568 569 572 572 572 570 569 568 568 568 570 570 571 572 572 572 573 572 572 572 572 573 573 574 575 575 575 575 575 573 573 573 573 573 573 573 573 573 573 572 572 573 573 573 574 573 573 573 573 573 573 573 574 575 575 576 574 574 575 575 575 575 573 573 573 573 573 574 574 574 575 574 573 572 572 573 573 573 0 575 575 575 576 576 577 0 0 0 0 0 0 0 0 0 0 0 0 0 0 0 0 0 0 0 0 0 0 0 0 0 0 0 0 0 0 0 0 0 0 0 0 0 0 0 0 0 0 0 0 0 0 0 0 0 0 0 0 0 0 0 0 0 0 0 0 0 0 0 0 0 0 0 581 581 581 582 583 582 582 582 582 583 584 584 584 584 584 584 582 581 581 583 583 583 584 584 584 585 585 585 584 584 584 585 585 585 585 585 585 585 585 586 586 586 587 586 586 586 586 586 587 587 588 588 588 588 588 588 588 588 588 588 588 588 589 589 589 589 589 589 589 589 591 591 591 591 591 592 592 592 592 592 593 593 593 593 593 593 594 594 594 594 595 595 595 595 595 596 596 596 597 597 597 597 597 596 595 595 595 596 597 598 598 598 598 598 597 597 597
0 0 0 0 0 0 0 0 0 0 0 0 0 0 0 0 0 0 0 0 0 0 0 572 572 572 572 573 573 573 573 573 573 573 572 572 572 572 572 571 571 570 570 570 571 571 573 570 570 572 572 572 573 572 572 572 571 571 570 570 570 571 571 572 572 572 573 574 572 572 572 572 573 573 574 575 575 575 575 575 574 574 574 573 573 573 573 574 574 574 575 574 574 574 574 574 574 574 574 573 573 573 574 576 575 575 576 575 575 575 575 575 575 574 574 575 574 574 575 575 575 575 575 575 575 575 577 0 577 577 577 577 577 577 577 578 0 0 0 0 0 0 0 0 0 0 0 0 0 0 0 0 0 0 0 0 0 0 0 0 0 0 0 0 0 0 0 0 0 0 0 0 0 0 0 0 0 0 0 0 0 0 0 0 0 0 0 0 0 0 0 0 0 0 0 0 0 0 0 0 0 0 0 582 582 582 583 583 583 583 582 582 583 584 584 584 584 585 584 584 582 582 584 584 584 584 584 584 585 586 586 585 584 584 585 585 585 587 587 587 586 586 587 587 587 587 586 586 586 586 586 588 588 588 588 588 588 588 588 589 589 589 589 588 588 589 589 590 590 590 590 590 590 591 591 592 592 592 593 593 593 593 593 593 593 594 594 594 594 594 594 594 595 595 595 596 595 595 597 597 597 597 597 597 597 597 596 595 595 595 597 597 598 598 598 598 598 598 598 598
0 0 0 0 0 0 0 0 0 0 0 0 0 0 0 0 0 0 0 0 0 0 0 573 573 573 573 573 573 573 573 573 573 574 573 572 572 572 573 572 571 570 570 571 571 571 571 571 573 573 573 573 573 572 572 572 571 571 571 571 571 572 572 572 572 573 573 574 574 572 572 574 575 576 576 573 573 575 575 575 575 575 575 575 575 574 574 574 574 576 576 575 574 574 574 574 574 574 574 573 573 574 575 575 576 576 576 576 576 576 576 576 575 575 575 576 575 575 577 578 578 578 578 578 0 0 0 0 577 577 577 577 578 578 578 578 0 0 0 0 0 0 0 0 0 0 0 0 0 0 0 0 0 0 0 0 0 0 0 0 0 0 0 0 0 0 0 0 0 0 0 0 0 0 0 0 0 0 0 0 0 0 0 0 0 0 0 0 0 0 0 0 0 0 0 0 0 0 0 0 0 0 0 584 584 584 584 584 585 584 584 584 585 585 585 585 585 586 585 585 584 584 585 585 585 586 585 585 586 587 587 587 585 585 585 585 586 587 588 588 588 588 588 587 587 587 587 587 587 588 588 589 589 589 588 588 589 589 589 589 589 589 589 589 589 589 591 592 592 591 591 591 591 592 592 592 592 593 594 594 594 594 594 594 594 595 595 595 595 595 595 596 596 596 597 597 597 598 597 597 597 598 598 597 597 597 597 597 597 597 598 598 598 598 598 598 598 598 598 598
0 0 0 0 0 0 0 0 0 0 0 0 0 0 0 0 0 0 0 0 0 0 0 574 574 574 574 574 574 574 574 575 574 574 573 573 573 574 574 572 571 571 571 571 572 571 571 571 574 574 574 574 573 573 573 572 571 571 572 572 572 573 573 573 573 573 573 574 575 574 574 575 576 576 576 573 573 573 573 574 576 576 575 575 575 575 575 576 576 576 576 576 575 575 574 574 575 575 575 576 576 576 576 576 576 576 576 576 576 576 576 575 575 575 575 576 576 576 577 578 578 578 578 578 577 0 0 0 0 577 577 577 578 578 0 0 0 0 0 0 0 0 0 0 0 0 0 0 0 0 0 0 0 0 0 0 0 0 0 0 0 0 0 0 0 0 0 0 0 0 0 0 0 0 0 0 0 0 0 0 0 0 0 0 0 0 0 0 0 0 0 0 0 0 0 0 0 0 0 0 0 0 0 0 584 584 584 585 586 586 585 585 585 585 585 586 586 587 586 586 585 585 586 587 587 588 587 587 587 588 588 587 586 586 586 588 588 588 588 588 588 588 588 588 587 587 587 587 588 589 589 589 589 589 589 589 589 589 589 590 590 590 590 590 590 590 592 592 592 591 591 591 591 592 593 593 593 593 595 595 595 595 594 594 594 595 596 596 596 596 596 597 597 597 597 597 597 598 597 597 598 598 598 597 597 597 597 597 598 598 598 598 598 598 598 598 598 599 599 599
0 0 0 0 0 0 0 0 0 0 0 0 0 0 0 0 0 0 0 0 0 0 0 574 574 575 575 575 575 575 575 575 575 575 574 574 574 574 574 575 571 571 572 574 574 573 571 571 574 574 574 574 574 573 573 572 572 572 573 573 575 574 574 574 574 574 575 575 575 575 575 576 576 576 576 576 573 573 573 574 576 576 575 575 576 576 576 576 576 577 578 578 576 575 575 576 576 576 576 578 576 576 576 579 576 576 576 576 576 576 576 575 575 576 576 577 577 577 577 578 579 578 577 577 577 577 580 0 0 577 577 577 578 579 0 0 0 0 0 0 0 0 0 0 0 0 0 0 0 0 0 0 0 0 0 0 0 0 0 0 0 0 0 0 0 0 0 0 0 0 0 0 0 0 0 0 0 0 0 0 0 0 0 0 0 0 0 0 0 0 0 0 0 0 0 0 0 0 0 0 0 0 0 0 584 584 585 587 586 586 586 586 586 586 586 586 587 588 588 587 587 587 587 587 588 588 587 587 588 588 588 588 588 588 588 589 589 589 589 589 589 589 588 588 588 588 589 589 589 589 589 589 590 590 590 589 589 590 590 591 591 591 591 591 591 591 592 592 593 592 592 592 592 593 593 593 594 594 595 595 595 595 595 595 595 596 596 597 597 597 597 598 597 597 598 598 598 598 598 598 598 598 598 598 598 601 600 599 598 598 598 598 599 599 598 598 599 599 599 600
0 0 0 0 0 0 0 0 0 0 0 0 0 0 0 0 0 0 0 0 0 0 0 575 575 575 575 575 575 575 575 575 575 575 575 575 575 575 575 574 574 574 574 574 574 573 573 573 574 574 575 575 574 574 574 573 573 574 574 575 575 575 575 575 575 575 576 576 576 576 576 576 576 576 576 576 576 575 575 576 576 576 575 575 576 576 576 576 576 577 577 578 578 576 576 577 578 578 578 578 578 578 579 579 579 577 576 576 576 576 576 576 577 577 577 579 579 578 578 579 579 579 577 577 577 578 580 0 0 0 578 578 0 0 0 0 0 0 0 0 0 0 0 0 0 0 0 0 0 0 0 0 0 0 0 0 0 0 0 0 0 0 0 0 0 0 0 0 0 0 0 0 0 0 0 0 0 0 0 0 0 0 0 0 0 0 0 0 0 0 0 0 0 0 0 0 0 0 0 0 0 0 0 0 0 586 586 587 586 586 586 586 586 587 587 587 588 588 588 588 588 588 588 588 588 588 588 588 588 588 588 588 588 589 590 590 589 589 589 589 589 589 589 589 589 590 590 590 590 590 590 590 590 591 591 590 590 590 591 591 592 591 591 592 592 592 592 593 593 593 593 593 593 593 593 594 595 595 596 596 596 597 597 597 597 598 597 597 597 597 598 598 599 599 599 599 599 599 599 599 600 600 600 601 601 602 601 599 599 599 599 601 601 600 600 600 600 600 600 600
0 0 0 0 0 0 0 0 0 0 0 0 0 0 0 0 0 0 0 0 0 0 0 576 576 577 577 576 576 576 575 575 575 575 575 575 575 576 576 574 574 574 574 574 574 574 574 574 574 575 576 575 575 575 575 575 575 575 575 575 575 574 574 575 575 576 576 576 576 576 576 576 577 577 577 577 576 576 576 576 577 576 576 576 576 579 579 578 578 577 577 578 578 577 577 578 578 578 579 578 577 577 578 579 579 578 578 577 576 576 576 576 582 582 580 580 580 582 582 579 579 577 577 577 578 578 580 0 0 0 578 578 0 0 0 0 0 0 0 0 0 0 0 0 0 0 0 0 0 0 0 0 0 0 0 0 0 0 0 0 0 0 0 0 0 0 0 0 0 0 0 0 0 0 0 0 0 0 0 0 0 0 0 0 0 0 0 0 0 0 0 0 0 0 0 0 0 0 0 0 0 0 0 0 0 0 587 587 587 587 587 587 587 588 588 588 588 588 588 589 589 589 589 589 589 589 588 588 589 588 588 590 591 590 590 590 590 589 589 590 591 591 590 590 591 591 591 591 591 590 590 591 591 592 592 592 592 592 592 593 593 593 593 593 593 593 593 593 594 594 594 595 595 595 595 595 596 596 596 597 597 598 598 598 598 598 598 598 598 598 599 599 600 601 600 600 600 600 600 601 601 601 601 601 601 602 602 601 601 601 601 602 602 602 602 601 601 601 600 600
0 0 0 0 0 0 0 0 0 0 0 0 0 0 0 0 0 0 0 0 0 0 0 577 577 577 578 577 576 576 575 575 575 575 575 575 576 576 576 574 574 574 574 574 575 575 574 574 575 575 575 575 575 576 576 577 577 576 576 576 575 574 574 575 575 576 576 576 576 576 576 576 577 577 577 578 577 577 577 577 577 578 578 579 579 579 579 578 578 578 579 579 579 578 578 578 578 579 579 578 577 577 578 579 579 579 579 578 577 577 577 579 579 579 579 579 580 581 582 582 579 577 577 577 578 578 580 580 0 580 580 580 582 0 0 0 0 0 0 0 0 0 0 0 0 0 0 0 0 0 0 0 0 0 0 0 0 0 0 0 0 0 0 0 0 0 0 0 0 0 0 0 0 0 0 0 0 0 0 0 0 0 0 0 0 0 0 0 0 0 0 0 0 0 0 0 0 0 0 0 0 0 0 0 0 0 587 587 588 587 587 588 588 589 589 588 588 588 589 590 590 590 590 590 590 590 589 589 590 590 590 592 592 592 591 591 590 590 590 591 591 592 592 592 592 592 592 592 592 592 592 592 592 593 593 593 593 593 593 594 595 594 594 594 593 593 593 593 594 594 594 596 596 596 595 595 596 596 597 598 598 598 599 599 599 599 599 600 600 600 600 600 601 601 601 601 601 601 601 601 601 601 602 602 602 603 603 602 602 603 603 603 602 602 602 602 602 601 601 601
0 0 0 0 0 0 0 0 0 0 0 0 0 0 0 0 0 0 0 0 0 0 0 577 577 578 578 578 577 576 576 576 576 576 578 578 578 578 578 576 575 575 576 576 577 578 577 575 575 576 575 575 577 578 578 578 578 578 577 576 576 575 575 576 576 576 576 576 579 579 577 577 578 578 578 579 579 579 578 578 578 578 578 579 579 580 580 579 579 579 579 579 579 578 578 578 579 579 580 579 578 578 578 579 580 580 580 580 580 580 582 579 579 579 579 579 580 581 581 581 581 581 0 578 578 578 580 580 0 580 580 580 582 0 0 0 0 0 0 0 0 0 0 0 0 0 0 0 0 0 0 0 0 0 0 0 0 0 0 0 0 0 0 0 0 0 0 0 0 0 0 0 0 0 0 0 0 0 0 0 0 0 0 0 0 0 0 0 0 0 0 0 0 0 0 0 0 0 0 0 0 0 0 0 0 0 588 588 590 589 589 589 589 590 590 589 589 591 591 591 591 591 591 591 591 591 591 591 591 591 591 592 593 592 591 591 592 592 592 592 592 592 592 592 593 592 592 592 592 592 592 592 593 594 594 594 594 594 594 595 595 595 595 595 594 594 596 596 596 596 596 596 596 596 596 596 597 597 598 598 599 599 599 599 599 600 600 601 601 601 601 601 602 602 602 601 601 602 602 602 602 602 602 603 603 604 604 603 603 604 603 603 602 602 603 602 602 602 601 601
0 0 0 0 0 0 0 0 0 0 0 0 0 0 0 0 0 0 0 0 0 0 0 578 578 578 579 579 578 578 578 578 578 578 579 578 578 578 578 578 578 578 577 577 578 578 578 576 576 577 575 575 576 576 576 577 578 578 577 576 576 575 575 579 577 577 577 579 579 579 578 578 579 579 579 580 580 580 579 579 579 580 580 580 580 580 580 580 580 579 579 579 579 579 579 579 580 580 580 580 580 580 580 580 580 580 580 580 580 580 582 582 579 579 579 580 580 581 581 581 0 0 0 0 583 583 583 0 0 0 581 581 583 0 0 0 0 0 0 0 0 0 0 0 0 0 0 0 0 0 0 0 0 0 0 0 0 0 0 0 0 0 0 0 0 0 0 0 0 0 0 0 0 0 0 0 0 0 0 0 0 0 0 0 0 0 0 0 0 0 0 0 0 0 0 0 0 0 0 0 0 0 0 0 0 0 588 588 590 590 590 589 589 590 590 590 591 592 592 592 592 591 591 591 591 591 592 592 592 592 592 593 593 592 592 592 592 593 593 593 593 593 592 592 593 593 593 592 592 593 593 593 593 594 595 595 595 595 595 596 596 596 596 596 595 595 596 596 597 597 597 597 597 597 597 597 597 597 598 599 600 600 600 600 600 601 601 601 602 602 602 602 602 602 602 602 602 602 602 603 604 603 603 604 604 606 606 604 604 606 603 603 602 602 603 603 602 602 602 602
0 0 0 0 0 0 0 0 0 0 0 0 0 0 0 0 0 0 0 0 0 0 0 578 578 579 580 580 579 579 579 579 579 579 579 579 579 579 579 578 578 578 577 577 578 577 577 577 577 578 575 575 576 576 576 576 577 579 579 578 577 576 576 579 579 579 579 579 581 579 579 580 579 579 579 580 580 580 580 580 580 580 580 580 580 581 581 581 580 580 580 580 580 580 580 580 580 580 581 581 581 581 581 581 581 580 580 580 580 582 583 581 579 579 579 0 583 583 583 583 0 0 0 0 583 583 583 0 0 0 0 584 584 0 0 0 0 0 0 0 0 0 0 0 0 0 0 0 0 0 0 0 0 0 0 0 0 0 0 0 0 0 0 0 0 0 0 0 0 0 0 0 0 0 0 0 0 0 0 0 0 0 0 0 0 0 0 0 0 0 0 0 0 0 0 0 0 0 0 0 0 0 0 0 0 0 588 588 590 591 591 591 591 590 590 590 591 592 592 592 592 591 591 591 591 591 592 592 593 593 593 593 593 593 593 594 594 594 594 593 593 593 593 593 593 593 593 592 592 593 593 593 594 595 596 596 596 596 596 596 596 596 596 596 596 596 597 597 597 597 597 597 597 598 599 599 598 598 599 599 600 600 600 601 601 601 601 601 602 602 602 602 602 602 602 602 602 602 603 604 606 606 606 606 606 606 606 604 604 606 604 604 604 603 603 604 604 604 604 604
0 0 0 0 0 0 0 0 0 0 0 0 0 0 0 0 0 0 0 0 0 0 0 578 578 579 581 581 579 579 579 579 580 580 579 579 579 579 580 579 579 579 577 577 578 577 577 578 578 578 578 578 577 576 576 576 577 582 580 580 578 578 578 580 579 579 579 579 581 580 580 580 579 579 579 580 579 579 581 581 581 580 580 580 581 582 582 582 582 582 582 582 582 580 580 580 580 580 581 581 581 581 581 581 581 581 581 581 582 582 583 581 579 579 0 0 0 0 0 0 0 0 0 0 0 582 582 583 0 0 0 0 0 0 0 0 0 0 0 0 0 0 0 0 0 0 0 0 0 0 0 0 0 0 0 0 0 0 0 0 0 0 0 0 0 0 0 0 0 0 0 0 0 0 0 0 0 0 0 0 0 0 0 0 0 0 0 0 0 0 0 0 0 0 0 0 0 0 0 0 0 0 0 0 0 0 0 591 591 592 592 591 591 591 591 591 591 592 593 593 593 593 592 592 592 592 593 593 593 593 593 593 593 595 595 594 594 595 595 595 594 594 594 594 595 595 595 595 595 595 596 596 596 596 596 596 596 596 596 596 596 596 596 597 597 597 598 598 598 598 598 598 598 599 600 600 600 600 601 601 600 600 601 601 602 602 602 602 602 602 603 603 603 603 603 603 603 603 604 606 606 606 606 606 606 606 606 606 606 606 606 606 604 603 603 604 604 604 606 604
0 0 0 0 0 0 0 0 0 0 0 0 0 0 0 0 0 0 0 0 0 0 0 578 578 580 581 581 579 579 579 580 581 581 580 579 579 580 581 580 580 580 578 578 579 579 579 580 580 580 580 578 578 578 579 578 578 582 580 580 580 579 579 580 580 580 580 580 581 581 581 580 579 579 580 580 579 579 581 581 581 582 582 583 583 583 583 583 583 583 583 582 582 582 582 581 581 581 581 582 581 581 583 583 583 581 581 582 583 583 583 583 584 584 0 0 0 0 0 0 0 0 0 0 0 582 582 583 0 0 0 0 0 0 0 0 0 0 0 0 0 0 0 0 0 0 0 0 0 0 0 0 0 0 0 0 0 0 0 0 0 0 0 0 0 0 0 0 0 0 0 0 0 0 0 0 0 0 0 0 0 0 0 0 0 0 0 0 0 0 0 0 0 0 0 0 0 0 0 0 0 0 0 0 0 0 592 592 592 592 592 591 591 591 592 592 592 592 593 594 594 594 593 593 592 592 593 594 594 593 593 594 594 595 595 595 595 595 595 595 595 595 595 595 595 595 596 596 596 596 597 597 597 597 597 597 597 597 597 597 597 597 597 597 597 598 598 599 598 598 598 598 599 600 600 600 600 600 601 602 602 602 602 602 603 603 603 602 602 603 603 603 603 604 603 603 604 604 606 606 606 606 607 607 607 606 606 606 606 607 607 607 606 606 606 606 606 606 606 606
0 0 0 0 0 0 0 0 0 0 0 0 0 0 0 0 0 0 0 0 0 0 0 580 580 580 581 581 581 581 581 581 582 582 581 581 581 581 581 581 581 580 579 579 579 579 579 580 580 580 583 583 582 582 582 581 581 582 582 582 581 581 581 581 581 581 581 581 581 581 581 583 583 580 580 580 580 580 582 582 582 583 583 584 584 583 583 584 583 583 583 582 582 583 582 581 581 581 582 582 582 582 583 583 583 583 583 583 583 583 583 583 584 584 0 0 0 0 0 0 0 0 0 0 0 584 584 0 0 0 0 0 0 0 0 0 0 0 0 0 0 0 0 0 0 0 0 0 0 0 0 0 0 0 0 0 0 0 0 0 0 0 0 0 0 0 0 0 0 0 0 0 0 0 0 0 0 0 0 0 0 0 0 0 0 0 0 0 0 0 0 0 0 0 0 0 0 0 0 0 0 0 0 0 0 0 592 592 592 592 594 593 593 593 593 593 593 593 593 595 595 595 595 595 593 593 594 595 595 595 595 595 595 595 595 596 596 596 596 596 596 596 596 596 597 597 597 596 596 597 597 598 597 597 597 597 597 597 597 597 597 598 598 598 598 599 599 600 600 600 600 600 600 601 601 601 601 601 602 602 603 603 603 603 603 604 604 603 603 603 604 604 604 604 604 604 604 606 606 607 607 607 607 607 607 607 606 606 607 608 608 607 607 607 607 607 607 607 608 608
0 0 0 0 0 0 0 0 0 0 0 0 0 0 0 0 0 0 0 0 0 0 0 580 580 581 582 582 581 581 581 581 582 582 582 582 582 582 582 582 582 582 582 582 579 579 580 581 582 583 583 583 582 582 582 582 582 582 582 582 582 581 581 582 582 582 582 581 580 580 582 583 583 582 582 582 581 581 582 582 582 583 583 584 584 584 584 584 584 583 583 582 582 583 583 583 583 583 583 583 582 582 584 584 584 584 584 584 584 584 583 583 584 584 585 0 0 0 0 0 0 0 0 0 0 0 0 0 0 0 0 0 0 0 0 0 0 0 0 0 0 0 0 0 0 0 0 0 0 0 0 0 0 0 0 0 0 0 0 0 0 0 0 0 0 0 0 0 0 0 0 0 0 0 0 0 0 0 0 0 0 0 0 0 0 0 0 0 0 0 0 0 0 0 0 0 0 0 0 0 0 0 0 0 0 0 592 592 593 593 594 593 593 593 594 594 594 595 595 595 595 595 595 595 594 594 594 595 595 597 597 597 596 596 596 596 596 597 597 597 597 597 597 597 597 597 598 598 598 598 598 598 598 598 598 598 598 598 598 598 598 599 599 600 600 600 600 600 601 601 601 601 601 601 601 601 601 601 603 603 604 604 604 604 604 604 606 604 604 604 606 606 606 606 606 606 606 607 607 607 607 607 607 608 608 609 607 607 610 610 610 609 608 608 607 607 608 608 609 609
0 0 0 0 0 0 0 0 0 0 0 0 0 0 0 0 0 0 0 0 0 0 0 582 582 583 583 582 581 581 581 581 581 581 582 582 582 582 583 583 583 583 583 583 582 581 581 581 582 583 583 583 582 582 582 582 582 582 582 582 582 582 582 583 585 584 584 581 580 580 582 584 584 582 582 582 581 581 583 582 582 583 583 584 584 585 585 585 585 585 584 584 584 584 584 583 583 583 584 584 584 584 584 584 584 584 585 584 584 584 583 583 584 584 585 586 0 0 0 0 0 0 0 0 0 0 0 0 0 0 0 0 0 0 0 0 0 0 0 0 0 0 0 0 0 0 0 0 0 0 0 0 0 0 0 0 0 0 0 0 0 0 0 0 0 0 0 0 0 0 0 0 0 0 0 0 0 0 0 0 0 0 0 0 0 0 0 0 0 0 0 0 0 0 0 0 0 0 0 0 0 0 0 0 0 0 592 592 594 594 595 594 594 594 595 596 596 595 595 595 595 596 596 596 595 595 595 596 596 597 597 597 597 596 596 596 597 597 597 598 598 598 597 597 597 597 598 599 598 598 598 598 598 599 599 599 599 599 599 599 599 599 600 600 600 600 600 601 601 601 601 601 601 602 602 602 602 602 603 603 604 606 606 606 606 606 606 607 607 607 607 607 607 607 607 607 608 608 608 607 607 607 607 609 609 610 609 609 610 610 611 610 609 608 608 608 609 610 610 611
0 0 0 0 0 0 0 0 0 0 0 0 0 0 0 0 0 0 0 0 0 0 0 583 583 584 584 582 581 581 582 582 581 581 582 582 582 583 583 583 583 583 583 583 583 583 582 582 583 583 583 584 583 583 583 583 584 585 583 583 583 583 583 584 585 585 585 581 581 581 583 584 585 585 583 583 584 585 584 583 583 584 584 584 584 585 586 586 585 585 585 584 584 584 584 584 584 584 584 584 584 585 586 585 585 586 585 585 585 584 584 584 584 585 585 586 0 0 0 0 0 0 0 0 0 0 0 0 0 0 0 0 0 0 0 0 0 0 0 0 0 0 0 0 0 0 0 0 0 0 0 0 0 0 0 0 0 0 0 0 0 0 0 0 0 0 0 0 0 0 0 0 0 0 0 0 0 0 0 0 0 0 0 0 0 0 0 0 0 0 0 0 0 0 0 0 0 0 0 0 0 0 0 0 0 0 592 592 594 594 595 594 594 594 595 596 596 595 595 596 596 596 597 598 597 597 597 597 597 597 597 598 598 597 597 597 597 597 597 599 598 598 598 598 598 598 599 599 599 599 599 599 599 599 599 599 600 600 599 599 599 600 600 601 601 601 601 601 601 601 602 602 602 603 604 604 604 604 604 604 606 606 606 606 606 606 607 607 607 608 607 607 608 608 608 608 609 608 608 607 607 607 608 609 610 612 611 611 611 611 611 611 610 610 610 610 610 610 611 611
0 0 0 0 0 0 0 0 0 0 0 0 0 0 0 0 0 0 0 0 0 0 0 584 584 584 584 582 582 582 583 583 584 582 582 582 582 583 584 583 583 584 584 584 583 583 583 582 582 583 583 584 583 583 583 583 585 585 584 583 583 583 583 584 585 585 585 583 583 583 584 584 583 583 585 586 586 587 584 583 583 584 584 584 585 587 587 586 585 585 585 584 584 585 585 586 585 585 585 585 585 586 586 586 586 587 587 586 585 585 585 585 585 585 586 0 0 0 0 0 0 0 0 0 0 0 0 0 0 0 0 0 0 0 0 0 0 0 0 0 0 0 0 0 0 0 0 0 0 0 0 0 0 0 0 0 0 0 0 0 0 0 0 0 0 0 0 0 0 0 0 0 0 0 0 0 0 0 0 0 0 0 0 0 0 0 0 0 0 0 0 0 0 0 0 0 0 0 0 0 0 0 0 0 0 0 592 592 594 595 595 594 594 595 596 597 597 596 596 596 596 597 597 599 599 599 598 598 598 598 598 598 598 598 598 598 599 599 599 599 599 599 599 598 598 598 599 599 599 599 599 599 599 599 600 600 600 600 600 600 600 600 600 601 601 601 601 602 602 603 603 603 604 606 606 606 606 606 606 606 606 607 607 607 607 607 607 607 608 609 609 609 609 609 609 609 610 609 609 610 609 609 610 611 611 611 611 613 611 611 611 611 611 611 610 610 610 611 611 611
0 0 0 0 0 0 0 0 0 0 0 0 0 0 0 0 0 0 0 0 0 0 0 585 585 586 585 584 584 584 585 585 585 582 582 583 584 584 585 584 584 584 584 584 583 583 583 582 582 583 583 584 584 584 583 583 585 585 584 584 585 585 585 586 586 586 587 587 586 586 586 586 583 583 586 586 586 587 587 587 587 585 585 585 587 587 587 587 587 587 587 586 586 585 585 587 587 587 587 587 587 586 586 586 586 587 587 586 586 587 585 585 585 585 587 0 0 0 0 0 0 0 0 0 0 0 0 0 0 0 0 0 0 0 0 0 0 0 0 0 0 0 0 0 0 0 0 0 0 0 0 0 0 0 0 0 0 0 0 0 0 0 0 0 0 0 0 0 0 0 0 0 0 0 0 0 0 0 0 0 0 0 0 0 0 0 0 0 0 0 0 0 0 0 0 0 0 0 0 0 0 0 0 0 0 0 596 596 596 596 596 594 594 596 596 597 597 597 596 596 596 597 598 599 599 599 598 598 598 598 599 599 599 598 598 599 600 600 600 600 600 600 600 600 599 599 600 600 600 600 600 600 600 600 600 600 601 601 600 600 601 601 601 601 601 602 602 603 603 603 603 604 604 604 604 606 606 606 607 607 607 607 607 607 608 608 608 608 609 610 610 610 610 610 610 610 610 610 610 610 610 611 611 611 612 611 611 612 611 611 611 612 612 611 611 611 611 611 611 611
0 0 0 0 0 0 0 0 0 0 0 0 0 0 0 0 0 0 0 0 0 0 587 586 586 587 585 585 585 586 586 585 585 585 584 584 585 585 586 585 585 585 584 584 583 583 583 583 583 584 584 584 584 585 584 584 585 585 585 585 585 585 585 586 586 586 587 587 587 587 587 587 586 586 587 586 586 587 586 586 587 587 587 587 587 588 588 588 588 588 588 587 587 588 588 588 587 587 588 588 588 587 587 587 588 588 588 587 587 587 587 587 587 0 0 0 0 0 0 0 0 0 0 0 0 0 0 0 0 0 0 0 0 0 0 0 0 0 0 0 0 0 0 0 0 0 0 0 0 0 0 0 0 0 0 0 0 0 0 0 0 0 0 0 0 0 0 0 0 0 0 0 0 0 0 0 0 0 0 0 0 0 0 0 0 0 0 0 0 0 0 0 0 0 0 0 0 0 0 0 0 0 0 0 0 0 596 596 596 597 597 597 597 597 597 598 598 597 597 597 597 597 598 599 599 599 599 599 600 600 601 600 600 600 600 600 601 601 601 600 600 600 600 600 601 601 600 600 600 601 601 601 601 601 601 601 601 601 602 602 602 602 602 602 602 603 603 604 604 604 604 606 606 604 604 606 606 606 607 608 608 608 608 608 609 609 609 609 609 610 610 610 610 610 610 610 610 610 610 611 611 612 612 612 613 613 614 612 612 612 613 613 613 612 612 611 611 611 612 612
0 0 0 0 0 0 0 0 0 0 0 0 0 0 0 0 0 0 0 0 0 0 587 587 587 587 585 585 585 586 587 587 587 586 586 586 586 586 587 587 587 586 585 585 584 584 585 584 584 584 584 584 584 585 584 584 585 585 585 585 586 586 586 587 587 587 587 587 588 588 588 587 587 587 587 586 586 587 586 586 588 588 588 588 588 589 589 589 589 589 588 588 588 589 589 589 588 588 588 588 588 588 587 587 588 588 588 589 590 588 587 587 587 0 0 0 0 0 0 0 0 0 0 0 0 0 0 0 0 0 0 0 0 0 0 0 0 0 0 0 0 0 0 0 0 0 0 0 0 0 0 0 0 0 0 0 0 0 0 0 0 0 0 0 0 0 0 0 0 0 0 0 0 0 0 0 0 0 0 0 0 0 0 0 0 0 0 0 0 0 0 0 0 0 0 0 0 0 0 0 0 0 0 0 0 0 596 596 597 597 598 598 598 598 600 600 600 600 598 598 599 600 600 600 599 599 600 600 600 600 601 600 600 600 600 600 601 601 601 600 600 601 601 601 601 601 601 601 601 601 602 602 603 602 602 601 601 602 603 604 603 603 603 603 603 603 603 604 604 604 606 606 606 606 606 606 606 606 608 609 609 609 609 609 609 609 609 610 610 611 611 611 611 611 611 611 612 612 612 612 612 614 614 614 614 614 614 613 613 613 614 614 614 613 613 612 612 612 613 613
0 0 0 0 0 0 0 0 0 0 0 0 0 0 0 0 0 0 0 0 0 0 587 587 587 587 587 586 586 587 587 588 587 587 586 586 586 587 587 588 587 587 586 585 585 586 586 586 586 585 585 585 585 586 584 584 585 585 586 586 587 587 588 588 588 588 588 588 588 588 589 588 588 589 589 587 587 587 587 587 589 589 589 589 589 590 591 589 588 588 588 589 589 590 589 589 588 588 588 588 589 589 589 589 588 588 589 589 590 588 588 588 590 590 0 0 0 0 0 0 0 0 0 0 0 0 0 0 0 0 0 0 0 0 0 0 0 0 0 0 0 0 0 0 0 0 0 0 0 0 0 0 0 0 0 0 0 0 0 0 0 0 0 0 0 0 0 0 0 0 0 0 0 0 0 0 0 0 0 0 0 0 0 0 0 0 0 0 0 0 0 0 0 0 0 0 0 0 0 0 0 0 0 0 0 0 597 597 597 598 599 599 599 599 600 600 600 600 600 600 600 601 601 601 600 600 600 600 600 601 601 601 601 601 601 601 602 602 602 602 602 601 601 602 602 602 602 602 603 603 603 603 603 603 602 602 602 604 604 604 604 604 604 604 604 604 604 604 604 606 606 606 606 606 606 607 607 607 609 609 609 610 610 610 610 611 611 611 611 611 611 611 611 611 611 611 612 612 612 613 613 614 615 615 615 615 614 614 614 614 614 614 614 614 614 614 613 613 613 613
0 0 0 0 0 0 0 0 0 0 0 0 0 0 0 0 0 0 0 0 0 0 589 589 588 587 587 587 587 587 587 588 587 587 587 586 586 587 587 588 587 587 586 586 586 586 587 587 586 586 586 586 586 586 586 586 587 587 587 587 587 587 588 588 588 589 589 589 589 589 589 588 588 589 590 589 588 588 588 588 589 589 589 589 589 591 591 589 588 588 588 589 589 590 589 589 589 589 590 589 589 590 590 590 590 590 590 590 590 590 590 590 590 590 591 0 0 0 0 0 0 0 0 0 0 0 0 0 0 0 0 0 0 0 0 0 0 0 0 0 0 0 0 0 0 0 0 0 0 0 0 0 0 0 0 0 0 0 0 0 0 0 0 0 0 0 0 0 0 0 0 0 0 0 0 0 0 0 0 0 0 0 0 0 0 0 0 0 0 0 0 0 0 0 0 0 0 0 0 0 0 0 0 0 0 0 598 598 598 599 599 599 599 600 600 601 601 602 602 601 601 601 602 602 602 602 602 602 601 601 601 602 602 602 602 602 602 602 602 603 603 602 602 602 603 603 603 603 603 603 604 604 604 603 603 603 603 604 604 604 604 604 604 604 604 606 606 607 606 606 606 606 606 607 607 608 608 608 609 609 609 610 610 611 611 611 611 612 611 611 612 612 612 612 612 612 613 613 613 614 614 615 616 616 618 616 614 614 614 614 614 615 616 615 615 616 616 616 616 615
0 0 0 0 0 0 0 0 0 0 0 0 0 0 0 0 0 0 0 0 0 0 589 589 588 587 587 587 587 587 588 588 587 587 588 588 588 588 587 587 587 587 587 587 587 588 588 588 587 586 586 587 587 587 587 587 588 589 588 587 587 588 589 588 588 589 589 590 590 590 589 588 588 590 590 589 588 588 589 589 590 589 589 589 589 591 591 589 589 589 591 591 590 589 589 589 589 589 591 591 590 590 591 591 591 591 591 591 591 591 591 590 590 590 591 0 0 0 0 0 0 0 0 0 0 0 0 0 0 0 0 0 0 0 0 0 0 0 0 0 0 0 0 0 0 0 0 0 0 0 0 0 0 0 0 0 0 0 0 0 0 0 0 0 0 0 0 0 0 0 0 0 0 0 0 0 0 0 0 0 0 0 0 0 0 0 0 0 0 0 0 0 0 0 0 0 0 0 0 0 0 0 0 0 0 0 600 599 599 600 600 600 600 600 601 601 602 602 602 601 601 602 603 603 603 603 603 603 602 602 602 603 602 602 602 602 602 603 603 604 603 603 603 603 603 603 604 604 604 604 604 604 604 604 604 604 604 604 606 606 606 606 606 606 608 608 608 608 608 608 608 609 609 609 610 610 610 610 611 611 612 613 612 612 612 613 613 614 614 613 613 613 614 614 615 614 614 614 614 615 615 616 618 619 618 616 615 614 614 614 615 615 616 616 618 618 618 619 618 616
0 0 0 0 0 0 0 0 0 0 0 0 0 0 0 0 0 0 0 0 0 0 590 590 588 588 587 587 587 588 588 588 588 588 588 589 588 588 587 587 587 587 587 587 587 588 588 589 588 588 588 587 587 587 588 588 589 589 588 587 587 587 589 590 589 589 590 591 591 591 589 589 591 590 590 589 589 589 589 591 591 592 592 592 591 591 591 590 590 590 591 591 591 589 589 589 589 589 591 591 591 591 591 591 591 592 592 592 592 592 591 590 590 590 0 0 0 0 0 0 0 0 0 0 0 0 0 0 0 0 0 0 0 0 0 0 0 0 0 0 0 0 0 0 0 0 0 0 0 0 0 0 0 0 0 0 0 0 0 0 0 0 0 0 0 0 0 0 0 0 0 0 0 0 0 0 0 0 0 0 0 0 0 0 0 0 0 0 0 0 0 0 0 0 0 0 0 0 0 0 0 0 0 0 0 0 601 601 602 601 601 601 601 603 603 603 603 603 602 602 603 603 603 604 604 604 603 603 603 603 604 604 606 606 606 604 604 604 604 606 604 604 604 604 604 606 606 606 606 606 606 606 606 606 607 607 607 607 607 607 608 609 608 608 608 609 609 609 610 609 609 610 610 610 610 610 610 610 611 612 612 613 613 613 613 614 614 614 614 614 614 614 614 614 615 615 615 615 615 615 616 618 618 619 618 616 616 615 615 615 616 616 618 618 618 618 619 619 619 618
0 0 0 0 0 0 0 0 0 0 0 0 0 0 0 0 0 0 0 0 0 0 590 590 589 589 587 587 588 589 589 590 590 590 590 590 589 589 589 588 588 587 587 587 588 589 589 589 589 589 589 589 589 589 589 590 590 590 590 588 587 587 589 591 591 591 591 592 592 592 593 593 593 592 590 589 589 591 591 592 592 592 592 592 592 592 592 592 592 592 593 593 593 592 591 591 591 591 592 592 592 592 592 592 592 592 594 592 592 592 591 591 592 0 0 0 0 0 0 0 0 0 0 0 0 0 0 0 0 0 0 0 0 0 0 0 0 0 0 0 0 0 0 0 0 0 0 0 0 0 0 0 0 0 0 0 0 0 0 0 0 0 0 0 0 0 0 0 0 0 0 0 0 0 0 0 0 0 0 0 0 0 0 0 0 0 0 0 0 0 0 0 0 0 0 0 0 0 0 0 0 0 0 0 0 0 601 601 603 602 602 602 603 604 604 603 603 603 602 602 604 604 604 604 604 604 604 604 603 603 604 604 606 606 606 606 606 606 606 606 606 606 604 604 606 606 606 606 607 607 606 606 606 607 607 608 608 608 608 609 609 609 609 609 609 609 610 610 610 610 610 610 610 610 610 611 611 611 612 612 613 614 613 613 614 614 614 615 615 615 615 615 615 615 615 615 615 616 616 616 618 619 619 619 618 618 618 616 616 618 618 618 618 618 618 619 619 619 620 620
0 0 0 0 0 0 0 0 0 0 0 0 0 0 0 0 0 0 0 0 0 0 591 591 590 590 588 588 588 590 590 590 590 590 590 590 590 590 589 589 590 588 588 589 589 590 590 590 590 590 590 590 590 590 590 591 591 590 590 590 590 590 591 592 592 592 593 593 593 593 593 593 594 592 592 591 591 592 593 593 593 592 592 593 593 593 592 592 592 592 593 593 593 592 592 593 593 593 592 592 592 592 592 592 594 594 594 595 0 591 591 591 592 0 0 0 0 0 0 0 0 0 0 0 0 0 0 0 0 0 0 0 0 0 0 0 0 0 0 0 0 0 0 0 0 0 0 0 0 0 0 0 0 0 0 0 0 0 0 0 0 0 0 0 0 0 0 0 0 0 0 0 0 0 0 0 0 0 0 0 0 0 0 0 0 0 0 0 0 0 0 0 0 0 0 0 0 0 0 0 0 0 0 0 0 601 601 602 604 604 604 604 604 604 604 602 602 603 602 602 606 604 604 606 606 604 604 604 603 603 606 606 606 606 606 606 606 606 606 606 607 607 606 606 606 606 607 607 607 607 607 607 607 607 608 609 609 609 609 610 609 609 609 609 609 610 610 610 610 610 610 610 611 611 611 612 612 612 613 613 613 614 614 614 614 615 615 615 615 615 616 616 616 616 616 616 616 618 618 618 619 619 619 619 619 619 619 619 619 619 620 619 619 619 619 619 619 619 620 620
0 0 0 0 0 0 0 0 0 0 0 0 0 0 0 0 0 0 0 0 0 0 592 592 591 590 588 588 588 590 591 591 591 591 591 590 590 590 590 590 591 590 590 590 590 591 591 591 591 591 592 591 591 590 590 591 591 591 590 590 591 591 592 593 593 594 593 593 593 593 593 593 592 592 592 592 595 595 595 594 593 593 593 593 593 593 592 592 594 594 594 594 594 593 593 594 594 594 593 593 594 592 592 592 594 594 595 0 0 0 0 0 0 0 0 0 0 0 0 0 0 0 0 0 0 0 0 0 0 0 0 0 0 0 0 0 0 0 0 0 0 0 0 0 0 0 0 0 0 0 0 0 0 0 0 0 0 0 0 0 0 0 0 0 0 0 0 0 0 0 0 0 0 0 0 0 0 0 0 0 0 0 0 0 0 0 0 0 0 0 0 0 0 0 0 0 0 0 0 0 0 0 0 0 0 601 601 602 604 606 606 606 604 604 604 602 602 604 604 604 606 606 606 606 606 606 606 607 603 603 606 607 607 607 607 606 606 606 606 607 607 607 607 607 607 607 608 608 608 608 607 607 607 608 609 609 609 610 610 610 609 609 609 609 609 610 612 612 612 611 611 611 612 612 613 613 613 613 613 613 613 614 614 614 615 615 615 616 616 616 618 618 618 618 618 618 618 619 619 619 619 619 619 619 619 619 619 620 620 620 620 620 620 620 619 619 620 620 621 620
0 0 0 0 0 0 0 0 0 0 0 0 0 0 0 0 0 0 0 0 0 0 593 593 592 591 591 591 591 592 592 592 591 591 591 591 591 591 593 592 592 593 592 591 591 592 591 591 592 593 594 593 593 592 592 592 591 591 592 592 592 592 593 594 594 595 594 593 593 593 593 593 592 592 592 592 595 595 595 594 594 593 593 594 593 593 594 594 595 594 594 594 594 594 595 595 595 594 594 594 594 595 594 594 594 594 595 596 0 0 0 0 0 0 0 0 0 0 0 0 0 0 0 0 0 0 0 0 0 0 0 0 0 0 0 0 0 0 0 0 0 0 0 0 0 0 0 0 0 0 0 0 0 0 0 0 0 0 0 0 0 0 0 0 0 0 0 0 0 0 0 0 0 0 0 0 0 0 0 0 0 0 0 0 0 0 0 0 0 0 0 0 0 0 0 0 0 0 0 0 0 0 0 0 0 0 604 604 606 606 606 606 604 604 606 606 606 607 606 606 606 607 607 607 607 607 607 607 606 606 609 609 608 608 608 607 607 608 608 608 608 608 608 608 608 608 609 609 609 609 608 608 608 608 609 610 610 610 610 610 610 610 610 610 610 610 612 613 613 611 611 612 613 613 613 614 614 614 614 614 614 615 615 616 616 616 616 616 618 618 618 619 619 619 619 619 619 620 620 620 620 620 620 620 620 620 620 620 621 621 621 621 621 621 621 621 621 621 621 620
0 0 0 0 0 0 0 0 0 0 0 0 0 0 0 0 0 0 0 0 0 0 0 593 593 593 592 592 593 593 593 593 593 592 592 592 591 591 593 593 593 593 593 593 592 592 592 592 593 594 594 594 594 591 591 592 591 591 593 592 592 593 593 593 594 595 595 594 594 593 593 594 592 592 592 595 595 595 595 595 594 594 594 596 595 595 595 596 595 594 594 594 594 594 595 595 595 595 595 595 595 595 595 595 595 595 595 596 596 0 0 0 0 0 0 0 0 0 0 0 0 0 0 0 0 0 0 0 0 0 0 0 0 0 0 0 0 0 0 0 0 0 0 0 0 0 0 0 0 0 0 0 0 0 0 0 0 0 0 0 0 0 0 0 0 0 0 0 0 0 0 0 0 0 0 0 0 0 0 0 0 0 0 0 0 0 0 0 0 0 0 0 0 0 0 0 0 0 0 0 0 0 0 0 0 0 604 604 606 606 607 607 606 606 607 607 607 607 607 606 606 607 607 607 607 607 607 608 609 609 609 609 608 608 608 608 608 609 609 609 608 608 608 609 609 609 609 609 610 610 609 609 609 609 610 610 610 610 610 610 610 610 610 610 610 610 613 613 614 612 612 612 613 613 614 614 614 614 615 615 615 615 616 616 616 618 618 618 618 619 619 619 619 619 620 620 621 621 621 620 620 620 621 621 621 622 622 621 621 621 621 621 622 622 622 621 621 621 621 621
0 0 0 0 0 0 0 0 0 0 0 0 0 0 0 0 0 0 0 0 0 0 0 594 594 594 593 593 593 593 594 594 594 592 592 592 592 593 594 594 594 595 594 593 592 592 592 592 593 594 594 594 594 591 591 591 591 591 593 592 592 594 593 593 593 595 595 595 594 593 593 594 593 593 593 595 595 595 595 595 595 595 595 596 595 595 596 596 595 595 595 595 595 595 595 595 595 595 595 595 596 596 596 595 595 595 596 596 596 0 0 0 0 0 0 0 0 0 0 0 0 0 0 0 0 0 0 0 0 0 0 0 0 0 0 0 0 0 0 0 0 0 0 0 0 0 0 0 0 0 0 0 0 0 0 0 0 0 0 0 0 0 0 0 0 0 0 0 0 0 0 0 0 0 0 0 0 0 0 0 0 0 0 0 0 0 0 0 0 0 0 0 0 0 0 0 0 0 0 0 0 0 0 0 0 609 604 604 606 607 607 607 607 609 608 608 608 608 607 606 606 607 607 608 608 608 608 609 609 610 610 609 609 609 609 610 610 609 609 609 609 609 609 609 610 610 610 610 611 611 610 610 610 610 610 610 610 611 611 612 611 611 611 611 613 614 614 614 614 614 615 613 613 614 614 614 615 615 616 616 616 619 619 619 619 619 619 619 619 619 619 620 620 620 620 621 621 622 622 622 622 622 622 622 622 622 623 623 623 622 622 622 622 622 623 622 622 621 621 622
0 0 0 0 0 0 0 0 0 0 0 0 0 0 0 0 0 0 0 0 0 0 0 594 594 595 595 594 594 594 595 594 594 592 592 593 593 594 594 594 594 595 594 594 592 592 593 593 593 594 594 594 594 591 591 591 592 592 594 596 597 597 594 592 592 596 596 596 596 594 594 594 594 594 597 596 595 595 596 596 596 596 596 597 597 597 596 596 596 595 595 595 595 595 596 596 596 596 596 596 597 597 598 596 596 596 596 596 598 598 0 0 0 0 0 0 0 0 0 0 0 0 0 0 0 0 0 0 0 0 0 0 0 0 0 0 0 0 0 0 0 0 0 0 0 0 0 0 0 0 0 0 0 0 0 0 0 0 0 0 0 0 0 0 0 0 0 0 0 0 0 0 0 0 0 0 0 0 0 0 0 0 0 0 0 0 0 0 0 0 0 0 0 0 0 0 0 0 0 0 0 0 0 0 0 608 607 607 607 608 608 607 607 608 608 608 608 608 608 608 608 608 608 608 608 608 608 609 609 610 610 609 609 609 610 610 610 610 610 610 610 610 610 610 611 611 611 611 611 611 611 612 611 611 611 612 612 613 613 613 613 612 612 612 613 614 614 614 614 615 615 614 614 614 615 615 616 616 618 618 619 619 619 619 619 619 620 619 619 620 620 620 621 621 621 622 622 623 623 623 623 623 623 623 623 623 623 623 623 622 622 622 622 623 623 623 623 624 623 623
0 0 0 0 0 0 0 0 0 0 0 0 0 0 0 0 0 0 0 0 0 0 0 595 595 595 595 595 595 596 595 595 595 594 594 594 594 594 594 594 595 595 595 594 594 594 593 593 594 594 594 595 594 593 593 593 594 595 595 597 598 598 594 592 592 596 596 596 596 596 596 596 596 596 597 596 596 597 597 597 597 597 597 597 597 597 597 597 597 596 596 595 595 595 596 596 597 597 597 597 597 597 598 598 598 598 598 598 598 598 599 0 0 599 599 599 0 0 0 0 0 0 0 0 0 0 0 0 0 0 0 0 0 0 0 0 0 0 0 0 0 0 0 0 0 0 0 0 0 0 0 0 0 0 0 0 0 0 0 0 0 0 0 0 0 0 0 0 0 0 0 0 0 0 0 0 0 0 0 0 0 0 0 0 0 0 0 0 0 0 0 0 0 0 0 0 0 0 0 0 0 0 0 0 0 608 607 607 607 609 609 608 608 607 607 608 608 608 608 608 609 609 609 609 608 608 608 609 609 610 610 610 609 609 610 610 610 610 611 611 611 611 611 611 611 611 611 611 612 611 611 612 611 611 612 612 612 613 613 613 613 613 613 613 613 614 614 615 615 615 615 616 616 616 616 616 618 618 619 619 620 620 619 619 619 620 620 620 620 620 621 621 622 622 622 622 623 623 623 623 624 624 624 624 624 624 624 624 624 622 622 622 622 623 623 623 624 625 625 625
0 0 0 0 0 0 0 0 0 0 0 0 0 0 0 0 0 0 0 0 0 0 0 595 595 595 595 595 596 597 595 595 595 595 595 595 596 595 595 595 595 596 596 595 595 594 593 593 594 594 595 595 594 594 593 593 594 596 598 598 598 597 596 593 593 596 596 598 597 597 597 597 598 598 597 597 597 597 597 597 597 597 597 597 597 597 597 598 598 598 597 596 596 596 597 597 598 597 597 597 597 597 599 599 599 599 598 598 598 599 599 600 600 599 599 599 0 0 0 0 0 0 0 0 0 0 0 0 0 0 0 0 0 0 0 0 0 0 0 0 0 0 0 0 0 0 0 0 0 0 0 0 0 0 0 0 0 0 0 0 0 0 0 0 0 0 0 0 0 0 0 0 0 0 0 0 0 0 0 0 0 0 0 0 0 0 0 0 0 0 0 0 0 0 0 0 0 0 0 0 0 0 0 0 0 0 607 607 608 610 612 612 607 607 607 608 609 609 609 609 609 609 610 609 608 608 609 610 610 610 611 611 610 610 610 611 611 612 612 612 612 612 612 611 611 611 612 612 613 613 613 613 613 613 613 613 613 614 614 614 614 615 616 618 616 615 615 615 615 616 616 616 616 616 616 618 618 619 620 620 620 620 620 620 620 620 621 621 621 621 622 622 623 623 623 623 623 624 624 624 624 624 624 624 624 624 624 624 624 624 624 624 623 623 623 623 624 625 627 625
0 0 0 0 0 0 0 0 0 0 0 0 0 0 0 0 0 0 0 0 0 0 598 595 595 595 595 596 596 596 596 596 596 597 597 597 597 595 595 595 596 597 597 595 595 595 595 594 594 595 595 595 596 595 594 594 595 597 598 598 598 597 597 596 596 596 596 597 597 597 597 600 598 598 598 597 597 599 598 598 598 598 598 597 597 598 598 599 599 599 599 598 598 598 598 598 598 598 598 599 599 599 599 599 599 599 599 599 599 599 599 600 600 599 599 0 0 0 0 0 0 0 0 0 0 0 0 0 0 0 0 0 0 0 0 0 0 0 0 0 0 0 0 0 0 0 0 0 0 0 0 0 0 0 0 0 0 0 0 0 0 0 0 0 0 0 0 0 0 0 0 0 0 0 0 0 0 0 0 0 0 0 0 0 0 0 0 0 0 0 0 0 0 0 0 0 0 0 0 0 0 0 0 0 0 0 607 607 609 610 613 613 608 608 608 609 611 611 611 610 610 610 610 611 610 609 609 610 610 611 611 611 610 610 611 612 612 613 613 612 612 612 612 611 611 611 612 613 613 613 613 613 614 614 614 614 614 614 614 614 615 615 618 618 618 618 616 615 615 616 616 618 618 618 618 618 619 619 620 621 621 620 620 620 621 621 622 622 622 622 622 622 623 623 623 624 624 624 624 624 624 624 624 625 625 625 625 625 625 625 625 624 624 624 624 624 624 625 627 627
0 0 0 0 0 0 0 0 0 0 0 0 0 0 0 0 0 0 0 0 0 0 598 597 596 596 596 596 596 596 596 596 596 598 598 598 598 596 596 597 597 597 596 596 596 595 595 595 595 596 596 596 598 597 597 596 596 597 599 599 598 597 597 597 597 596 596 597 597 597 600 600 598 598 598 599 599 599 599 599 599 599 598 598 598 599 599 599 599 599 599 598 598 599 599 598 598 598 598 599 599 600 600 600 601 602 600 599 599 600 600 601 600 600 600 0 0 0 0 0 0 0 0 0 0 0 0 0 0 0 0 0 0 0 0 0 0 0 0 0 0 0 0 0 0 0 0 0 0 0 0 0 0 0 0 0 0 0 0 0 0 0 0 0 0 0 0 0 0 0 0 0 0 0 0 0 0 0 0 0 0 0 0 0 0 0 0 0 0 0 0 0 0 0 0 0 0 0 0 0 0 0 0 0 0 0 608 608 609 610 612 611 610 610 610 610 612 612 613 611 611 611 612 612 610 609 609 610 611 612 611 611 613 612 612 613 613 613 613 611 611 611 614 613 612 612 613 613 614 614 614 614 614 614 614 615 615 615 615 615 616 618 619 618 618 618 616 616 618 618 618 618 618 619 619 619 619 619 621 621 621 621 621 621 621 622 623 623 623 623 623 623 623 623 624 624 624 624 624 624 624 625 627 627 628 627 627 627 627 627 627 625 625 625 624 624 625 627 628 628
0 0 0 0 0 0 0 0 0 0 0 0 0 0 0 0 0 0 0 0 0 0 598 597 596 596 596 597 597 597 597 597 597 598 598 598 599 598 598 598 598 597 596 596 596 596 596 596 596 597 597 597 598 598 597 597 597 597 599 600 598 598 600 597 597 598 598 600 600 600 600 600 600 599 599 599 600 599 599 599 599 599 599 599 600 601 600 600 598 598 599 599 599 600 599 599 599 599 599 600 600 600 600 600 601 602 600 599 599 600 600 600 600 600 600 0 0 0 0 0 0 0 0 0 0 0 0 0 0 0 0 0 0 0 0 0 0 0 0 0 0 0 0 0 0 0 0 0 0 0 0 0 0 0 0 0 0 0 0 0 0 0 0 0 0 0 0 0 0 0 0 0 0 0 0 0 0 0 0 0 0 0 0 0 0 0 0 0 0 0 0 0 0 0 0 0 0 0 0 0 0 0 0 0 0 0 608 608 609 610 612 611 610 610 610 611 612 613 613 612 612 613 613 613 612 611 611 612 612 613 613 613 613 613 613 614 614 614 614 611 611 611 614 614 613 613 614 614 614 615 614 614 615 615 616 616 616 616 615 615 616 618 619 618 618 618 618 618 618 618 618 619 619 619 619 620 620 620 622 622 623 622 622 622 622 623 623 623 624 624 624 624 625 625 624 624 624 624 625 625 627 627 628 628 628 628 627 627 627 627 628 628 628 627 625 625 625 627 628 629
0 0 0 0 0 0 0 0 0 0 0 0 0 0 0 0 0 0 0 0 0 0 598 598 598 597 597 597 598 598 598 598 598 598 598 599 598 598 598 598 598 597 597 597 597 596 596 597 597 598 598 598 599 597 597 597 597 597 598 599 599 599 599 599 599 598 598 601 601 601 600 600 600 599 599 600 600 600 600 600 600 600 600 601 601 602 601 600 598 598 599 601 600 600 599 599 599 599 600 600 601 601 601 601 602 602 601 601 601 600 600 600 600 604 604 0 603 603 603 603 603 0 0 0 0 0 0 0 0 0 0 0 0 0 0 0 0 0 0 0 0 0 0 0 0 0 0 0 0 0 0 0 0 0 0 0 0 0 0 0 0 0 0 0 0 0 0 0 0 0 0 0 0 0 0 0 0 0 0 0 0 0 0 0 0 0 0 0 0 0 0 0 0 0 0 0 0 0 0 0 0 0 0 0 0 0 608 608 609 610 612 611 611 611 612 612 613 613 613 613 613 614 614 615 614 612 612 612 613 613 613 613 614 614 614 614 614 614 614 613 613 613 614 615 614 614 614 614 614 615 615 615 616 616 618 618 618 616 616 618 618 619 619 619 619 619 619 619 619 619 619 620 620 620 621 620 620 621 622 622 623 623 623 623 623 624 624 624 624 624 625 625 625 627 625 625 625 625 627 627 628 628 628 629 629 628 628 628 628 628 629 629 628 628 628 628 628 629 629 629
0 0 0 0 0 0 0 0 0 0 0 0 0 0 0 0 0 0 0 0 0 0 599 599 598 598 599 599 599 599 599 599 599 599 598 598 598 598 598 598 598 598 598 598 598 598 598 597 597 598 600 600 598 597 597 597 597 597 598 599 599 599 599 599 599 600 602 602 601 601 601 601 602 600 600 601 600 600 600 600 600 601 601 602 602 603 602 601 601 603 603 603 600 600 600 600 600 600 600 600 602 602 602 602 602 602 601 601 601 601 601 601 604 0 604 604 603 603 603 603 603 606 0 0 0 0 0 0 0 0 0 0 0 0 0 0 0 0 0 0 0 0 0 0 0 0 0 0 0 0 0 0 0 0 0 0 0 0 0 0 0 0 0 0 0 0 0 0 0 0 0 0 0 0 0 0 0 0 0 0 0 0 0 0 0 0 0 0 0 0 0 0 0 0 0 0 0 0 0 0 0 0 0 0 0 0 610 610 611 613 613 613 612 612 613 613 614 614 614 614 614 614 614 616 614 613 613 613 613 614 614 614 614 615 615 615 615 615 615 616 618 616 616 615 615 615 615 616 616 616 616 616 616 616 618 618 618 618 618 619 619 619 620 620 620 620 620 620 620 620 621 622 621 621 621 621 621 621 623 623 624 624 624 624 624 624 624 624 625 625 627 627 628 628 627 627 627 627 628 628 629 629 629 629 629 629 629 629 629 630 630 630 629 629 630 629 629 629 629 629
0 0 0 0 0 0 0 0 0 0 0 0 0 0 0 0 0 0 0 0 0 0 599 599 598 598 599 600 600 600 600 599 599 599 598 598 599 599 599 599 599 598 598 598 598 598 598 597 597 598 600 600 598 598 598 598 598 598 598 599 601 602 603 602 602 602 602 602 602 601 601 602 602 603 603 602 602 602 601 601 601 602 602 603 604 603 603 603 603 603 603 603 604 604 600 600 600 600 600 600 602 602 602 602 602 602 601 601 603 603 603 604 604 0 604 604 603 603 603 603 604 606 0 607 606 604 604 0 0 0 0 0 0 0 0 0 0 0 0 0 0 0 0 0 0 0 0 0 0 0 0 0 0 0 0 0 0 0 0 0 0 0 0 0 0 0 0 0 0 0 0 0 0 0 0 0 0 0 0 0 0 0 0 0 0 0 0 0 0 0 0 0 0 0 0 0 0 0 0 0 0 0 0 0 0 0 612 612 613 613 613 613 613 613 613 613 614 614 614 614 614 614 614 616 615 614 614 614 615 614 614 614 614 614 615 615 615 616 616 616 616 616 616 616 616 616 618 618 618 618 618 618 618 618 618 618 619 619 619 620 620 620 621 621 621 621 621 621 621 621 622 622 622 622 622 622 622 622 624 624 624 624 624 625 625 625 625 625 627 628 628 628 628 628 628 628 628 628 629 629 629 629 629 629 629 630 630 630 630 631 630 630 629 629 631 631 630 630 629 629
0 0 0 0 0 0 0 0 0 0 0 0 0 0 0 0 0 0 0 0 0 0 600 600 600 600 601 601 601 601 601 600 600 600 599 599 599 599 600 600 601 600 599 599 599 599 599 599 599 600 600 600 599 599 599 598 598 598 599 599 602 602 603 602 602 602 603 602 602 601 601 602 602 603 603 603 603 602 602 602 602 603 603 604 604 604 604 603 603 603 603 604 604 604 604 602 602 601 601 602 602 603 603 603 603 603 604 604 604 604 604 604 604 608 604 604 604 603 603 603 604 607 607 607 606 604 604 0 0 0 0 0 0 0 0 0 0 0 0 0 0 0 0 0 0 0 0 0 0 0 0 0 0 0 0 0 0 0 0 0 0 0 0 0 0 0 0 0 0 0 0 0 0 0 0 0 0 0 0 0 0 0 0 0 0 0 0 0 0 0 0 0 0 0 0 0 0 0 0 0 0 0 0 0 0 613 612 612 614 614 614 614 614 615 615 615 615 615 614 614 614 615 615 616 615 615 615 615 615 616 615 615 614 614 615 616 616 618 616 616 616 616 616 618 618 618 618 618 619 618 618 619 619 619 619 619 619 619 619 620 620 621 622 622 623 623 623 622 622 623 623 623 622 622 622 623 625 627 627 627 627 627 628 628 628 628 628 628 628 628 629 630 630 629 629 629 629 630 630 630 631 631 631 631 631 631 630 630 631 632 632 634 632 632 634 632 631 630 630 630
0 0 0 0 0 0 0 0 0 0 0 0 0 0 0 0 0 0 0 0 0 0 600 600 600 600 601 600 600 602 602 602 601 600 599 599 600 600 601 601 601 600 600 601 600 600 600 600 600 600 600 600 601 601 602 602 599 599 599 599 602 602 603 603 603 603 604 602 602 602 603 603 603 603 603 603 603 603 603 603 603 604 604 604 604 604 604 604 604 604 604 604 604 604 604 604 604 602 602 602 603 603 603 603 603 603 604 604 604 604 604 604 0 608 608 607 606 606 604 604 604 607 607 607 607 606 606 0 0 0 0 0 0 0 0 0 0 0 0 0 0 0 0 0 0 0 0 0 0 0 0 0 0 0 0 0 0 0 0 0 0 0 0 0 0 0 0 0 0 0 0 0 0 0 0 0 0 0 0 0 0 0 0 0 0 0 0 0 0 0 0 0 0 0 0 0 0 0 0 0 0 0 0 0 0 613 613 614 615 616 616 616 616 616 616 616 616 616 615 615 615 618 618 618 615 615 616 618 618 619 618 618 618 618 618 619 619 619 619 619 619 619 619 619 619 619 620 620 620 620 620 620 621 621 621 621 621 621 621 621 622 622 622 622 623 623 623 623 623 623 623 623 622 622 623 623 627 628 628 627 627 628 628 628 629 629 629 628 628 629 629 630 630 630 630 630 631 631 632 631 631 632 632 632 632 631 631 631 631 632 634 634 632 632 634 634 632 631 631 631
0 0 0 0 0 0 0 0 0 0 0 0 0 0 0 0 0 0 0 0 0 0 603 602 602 601 601 600 600 602 602 603 602 601 601 602 602 602 602 602 602 602 602 602 602 602 602 602 602 602 602 602 602 602 602 603 602 602 603 604 604 604 604 604 604 606 608 608 603 602 602 603 604 604 604 604 606 607 607 607 606 606 604 604 604 604 604 606 606 606 606 604 604 604 606 607 609 607 604 604 604 607 606 606 606 606 606 607 607 606 606 606 608 608 608 608 608 607 607 607 608 608 610 0 0 0 0 0 0 0 0 0 0 0 0 0 0 0 0 0 0 0 0 0 0 0 0 0 0 0 0 0 0 0 0 0 0 0 0 0 0 0 0 0 0 0 0 0 0 0 0 0 0 0 0 0 0 0 0 0 0 0 0 0 0 0 0 0 0 0 0 0 0 0 0 0 0 0 0 0 0 0 0 0 622 615 615 616 616 618 618 618 618 618 618 618 618 616 616 615 615 619 618 618 616 616 618 619 619 619 619 619 619 619 619 620 619 619 619 619 620 620 619 619 620 620 620 620 620 620 620 620 622 622 622 623 623 623 622 622 623 623 623 623 624 624 623 623 623 623 624 625 627 625 624 624 627 628 628 629 629 629 629 629 629 629 629 629 629 629 630 631 631 631 631 631 632 632 632 632 632 632 632 632 632 632 631 631 631 634 634 635 634 634 634 634 634 632 632 632
0 0 0 0 0 0 0 0 0 0 0 0 0 0 0 0 0 0 0 0 0 0 603 603 602 602 602 600 600 602 602 603 602 601 601 602 602 603 603 603 603 603 603 603 603 602 602 603 603 603 603 603 603 603 603 603 603 603 603 604 603 603 604 607 608 608 608 606 603 602 602 603 604 604 606 606 608 607 607 607 606 606 606 607 607 606 606 607 607 607 607 604 604 604 607 607 608 607 607 604 604 607 606 606 606 606 607 608 608 607 607 607 607 608 608 608 608 608 611 611 609 609 610 0 0 0 0 0 0 0 0 0 0 0 0 0 0 0 0 0 0 0 0 0 0 0 0 0 0 0 0 0 0 0 0 0 0 0 0 0 0 0 0 0 0 0 0 0 0 0 0 0 0 0 0 0 0 0 0 0 0 0 0 0 0 0 0 0 0 0 0 0 0 0 0 0 0 0 0 0 0 0 0 623 622 619 618 616 616 618 619 619 619 618 618 618 618 618 618 619 619 619 619 618 618 618 619 619 619 619 619 619 620 621 620 620 620 620 620 621 620 620 620 620 620 620 621 621 621 621 621 621 622 622 622 623 623 623 623 623 623 623 624 624 625 624 624 624 624 624 625 627 627 627 624 624 627 629 629 629 629 629 629 629 630 630 630 630 630 631 631 632 632 632 632 632 632 632 634 634 634 634 634 634 634 634 634 632 632 636 637 636 635 635 635 635 634 634 634 634
0 0 0 0 0 0 0 0 0 0 0 0 0 0 0 0 0 0 0 0 0 0 604 603 603 604 604 604 603 603 603 604 603 603 603 603 603 603 603 603 603 603 604 604 604 603 603 603 603 603 603 603 604 604 604 604 606 606 606 607 603 603 604 607 608 608 608 606 606 606 603 603 606 606 608 608 608 608 607 607 606 606 606 608 609 608 608 608 608 608 607 607 606 606 608 608 608 608 608 608 608 608 607 607 607 608 608 608 608 608 608 608 608 0 608 608 608 610 611 611 609 609 610 0 0 0 0 0 0 0 0 0 0 0 0 0 0 0 0 0 0 0 0 0 0 0 0 0 0 0 0 0 0 0 0 0 0 0 0 0 0 0 0 0 0 0 0 0 0 0 0 0 0 0 0 0 0 0 0 0 0 0 0 0 0 0 0 0 0 0 0 0 0 0 0 0 0 0 0 0 0 0 0 623 623 622 619 618 618 619 619 619 619 618 618 618 619 619 619 619 619 619 619 619 619 619 619 620 619 619 620 620 620 622 620 620 620 620 620 622 620 620 621 621 621 621 622 622 622 622 622 622 622 623 623 623 623 624 624 624 625 625 625 625 625 625 625 625 627 627 627 627 627 628 627 627 628 629 629 630 630 630 630 630 630 630 630 631 631 631 632 632 632 632 632 632 634 634 634 634 634 634 634 634 634 634 634 635 635 637 637 637 636 636 636 636 636 635 635 636
0 0 0 0 0 0 0 0 0 0 0 0 0 0 0 0 0 0 0 0 0 0 606 606 606 607 607 607 606 604 604 606 606 606 604 604 604 604 604 603 603 603 604 604 604 604 604 604 604 604 604 604 606 606 607 607 608 608 608 609 607 607 608 608 608 608 608 607 607 606 606 606 607 608 608 608 608 608 608 608 608 608 608 610 609 608 608 608 608 608 608 608 608 608 608 608 609 609 609 608 608 608 608 608 608 609 609 610 610 608 608 608 608 610 609 609 609 610 610 611 609 609 610 0 0 0 0 0 0 0 0 0 0 0 0 0 0 0 0 0 0 0 0 0 0 0 0 0 0 0 0 0 0 0 0 0 0 0 0 0 0 0 0 0 0 0 0 0 0 0 0 0 0 0 0 0 0 0 0 0 0 0 0 0 0 0 0 0 0 0 0 0 0 0 0 0 0 0 0 0 0 0 0 623 623 622 619 619 619 619 619 619 620 620 620 620 620 620 620 620 619 619 619 619 619 619 620 621 620 620 620 622 622 622 622 622 622 622 622 622 621 621 621 621 622 622 623 623 623 623 623 623 623 624 624 624 624 625 625 625 627 627 627 627 627 627 627 627 627 627 627 627 627 627 628 628 628 630 630 630 631 631 631 631 631 631 632 632 632 632 632 632 632 632 632 634 634 634 634 634 634 635 635 635 636 636 637 637 637 637 637 637 637 636 636 637 637 636 636 637
0 0 0 0 0 0 0 0 0 0 0 0 0 0 0 0 0 0 0 0 0 0 607 607 607 607 607 607 607 606 606 606 606 606 607 607 607 607 607 606 604 604 607 607 607 607 606 604 604 606 606 607 607 608 608 608 608 608 609 609 608 608 608 608 608 608 608 608 608 608 608 608 609 609 609 609 609 609 609 609 608 608 609 610 610 608 608 608 608 608 608 608 609 609 609 609 609 609 609 609 609 608 608 608 608 608 610 610 610 608 608 608 610 610 610 610 610 610 610 611 611 611 612 0 0 0 0 0 0 612 612 612 614 615 0 0 0 0 0 0 0 0 0 0 0 0 0 0 0 0 0 0 0 0 0 0 0 0 0 0 0 0 0 0 0 0 0 0 0 0 0 0 0 0 0 0 0 0 0 0 0 0 0 0 0 0 0 0 0 0 0 0 0 0 0 0 0 0 0 0 0 0 0 0 0 622 619 619 619 619 620 620 621 621 621 621 621 622 622 621 619 619 619 619 619 620 621 622 622 622 622 623 623 623 623 623 623 622 622 622 621 621 622 623 623 623 625 624 624 624 624 624 624 624 624 625 625 627 627 627 627 627 627 627 627 628 628 628 628 627 627 627 627 627 628 629 629 630 631 631 632 632 632 632 632 632 632 632 634 634 632 632 632 632 632 634 636 635 635 635 635 636 636 637 637 637 637 637 637 638 637 637 637 636 636 637 637 636 636 637
0 0 0 0 0 0 0 0 0 0 0 0 0 0 0 0 0 0 0 0 0 0 608 608 607 607 608 607 607 607 607 607 607 607 607 607 607 608 608 607 607 607 607 608 608 608 607 606 606 607 607 608 608 608 609 608 608 608 609 609 610 610 608 608 609 609 609 609 608 608 608 608 609 609 609 609 609 609 609 609 609 609 610 609 609 609 609 609 609 609 609 609 610 610 609 609 609 609 609 610 610 610 612 612 613 612 612 610 610 609 609 610 610 611 611 610 610 610 610 611 612 0 0 0 0 0 0 0 0 612 612 612 614 614 0 0 0 0 0 0 0 0 0 0 0 0 0 0 0 0 0 0 0 0 0 0 0 0 0 0 0 0 0 0 0 0 0 0 0 0 0 0 0 0 0 0 0 0 0 0 0 0 0 0 0 0 0 0 0 0 0 0 0 0 0 0 0 0 0 0 0 0 0 0 0 620 619 619 620 620 620 620 621 621 621 621 621 622 622 621 620 620 620 620 620 621 622 622 622 622 622 623 623 623 623 623 623 623 623 623 622 622 623 623 625 625 625 625 625 624 624 625 627 627 627 625 625 627 627 627 628 628 628 628 628 628 628 628 628 628 627 627 627 629 629 630 630 631 632 632 632 632 632 634 634 634 634 634 634 634 634 634 634 634 634 636 636 635 635 636 636 637 637 637 637 637 637 637 638 638 638 637 637 637 638 638 638 637 637 638
0 0 0 0 0 0 0 0 0 0 0 0 0 0 0 0 0 0 0 0 0 0 608 608 608 608 609 607 607 607 607 607 608 608 608 607 607 608 608 608 607 607 607 608 608 609 608 608 608 608 608 608 608 608 608 608 608 608 609 609 610 610 610 610 609 609 609 609 608 608 608 608 609 610 610 610 610 609 609 610 611 611 610 609 609 609 610 609 609 609 609 611 611 611 611 609 609 609 609 610 610 610 612 612 613 612 612 612 612 612 611 611 611 611 611 611 611 611 611 612 613 0 0 0 0 0 0 0 0 612 612 613 614 614 0 0 0 0 0 0 0 0 0 0 0 0 0 0 0 0 0 0 0 0 0 0 0 0 0 0 0 0 0 0 0 0 0 0 0 0 0 0 0 0 0 0 0 0 0 0 0 0 0 0 0 0 0 0 0 0 0 0 0 0 0 0 0 0 0 0 0 0 0 0 0 620 620 620 621 621 622 622 622 622 622 622 622 623 623 622 621 621 622 622 622 623 624 623 623 623 623 623 623 623 623 623 624 623 623 623 623 624 624 624 625 625 625 625 625 627 627 627 627 627 627 627 627 627 627 628 628 628 629 629 629 628 628 628 628 628 628 628 629 629 630 630 631 632 634 634 634 634 634 634 635 635 635 635 635 635 635 635 635 635 635 636 637 636 636 637 637 637 638 638 638 638 638 638 638 638 638 638 638 640 638 638 638 638 638 638
0 0 0 0 0 0 0 0 0 0 0 0 0 0 0 0 0 0 0 0 0 0 608 608 608 608 609 607 607 607 607 608 608 608 608 608 608 608 608 609 608 608 608 608 609 609 608 608 609 608 608 609 608 608 608 608 608 608 609 609 610 611 611 612 611 611 611 611 608 608 609 609 609 612 612 612 609 609 609 610 610 611 611 610 610 611 611 611 611 611 612 612 612 612 612 611 611 611 611 612 611 611 612 612 613 612 612 613 613 613 612 612 612 612 612 613 612 612 612 614 614 616 616 0 0 0 0 0 0 614 614 615 615 0 0 0 0 0 0 0 0 0 0 0 0 0 0 0 0 0 0 0 0 0 0 0 0 0 0 0 0 0 0 0 0 0 0 0 0 0 0 0 0 0 0 0 0 0 0 0 0 0 0 0 0 0 0 0 0 0 0 0 0 0 0 0 0 0 0 0 0 0 0 0 622 620 620 621 622 622 623 623 623 623 623 623 623 623 623 623 622 622 623 623 623 623 624 624 624 623 623 623 623 623 624 625 625 625 624 624 624 624 625 625 627 627 627 627 627 627 627 628 628 628 628 628 628 628 628 628 628 629 630 630 630 629 629 629 630 630 630 630 630 630 631 631 632 634 634 634 634 634 634 635 636 636 636 636 635 635 636 636 636 636 636 638 638 638 638 638 638 638 638 638 638 638 638 638 641 640 640 640 640 641 640 640 640 638 638 641
0 0 0 0 0 0 0 0 0 0 0 0 0 0 0 0 0 0 0 0 0 0 609 609 609 609 609 609 609 609 609 608 608 608 608 608 608 609 609 609 608 608 608 608 609 609 609 609 609 609 609 610 608 608 608 608 608 609 609 609 610 611 612 612 612 612 611 611 608 608 609 609 612 612 612 612 609 609 609 610 610 611 612 611 611 611 612 612 612 612 612 612 613 614 613 613 612 612 612 612 611 611 612 613 613 612 612 612 615 613 613 612 612 613 613 613 613 613 613 615 615 615 614 614 0 0 0 0 616 614 614 615 615 0 0 0 0 0 0 0 0 0 0 0 0 0 0 0 0 0 0 0 0 0 0 0 0 0 0 0 0 0 0 0 0 0 0 0 0 0 0 0 0 0 0 0 0 0 0 0 0 0 0 0 0 0 0 0 0 0 0 0 0 0 0 0 0 0 0 0 0 0 0 0 621 620 620 622 622 623 623 624 624 624 624 624 624 623 623 623 623 624 624 624 625 625 625 625 625 625 623 623 624 624 624 625 625 625 625 627 625 625 627 627 627 627 627 628 628 628 628 628 628 628 629 629 630 630 629 629 629 630 630 630 630 630 631 631 631 631 631 631 631 631 631 631 634 635 635 635 634 634 635 636 636 637 637 636 636 637 637 637 637 637 638 638 638 638 638 638 640 640 640 640 640 640 641 642 642 642 642 642 642 641 641 641 641 641 641 642
0 0 0 0 0 0 0 0 0 0 0 0 0 0 0 0 0 0 0 0 0 0 610 610 610 610 610 611 611 611 609 609 609 609 610 610 610 610 610 610 608 608 609 609 609 609 609 609 609 609 609 610 609 609 610 610 610 610 610 610 611 612 612 612 612 612 612 612 610 610 610 610 612 612 613 613 612 612 611 611 611 612 613 613 612 612 614 614 612 612 613 613 613 614 613 613 613 613 613 612 612 612 613 613 614 613 613 614 615 613 613 612 612 613 613 613 615 615 615 614 614 615 614 614 0 0 0 0 616 615 615 616 616 0 0 0 0 0 0 0 0 0 0 0 0 0 0 0 0 0 0 0 0 0 0 0 0 0 0 0 0 0 0 0 0 0 0 0 0 0 0 0 0 0 0 0 0 0 0 0 0 0 0 0 0 0 0 0 0 0 0 0 0 0 0 0 0 0 0 0 0 0 0 0 621 621 621 622 623 623 624 624 624 624 625 625 624 624 624 624 624 623 623 624 625 625 625 627 628 627 627 627 625 625 627 627 627 627 627 627 627 628 628 628 628 628 628 628 628 628 628 629 629 629 630 630 630 630 630 630 630 631 631 631 631 631 631 631 632 632 632 632 632 632 632 632 635 636 636 636 635 635 636 636 636 637 637 637 637 637 637 638 638 638 638 638 638 638 640 640 641 641 641 641 641 641 642 642 642 643 643 642 642 642 642 642 642 642 642 643
0 0 0 0 0 0 0 0 0 0 0 0 0 0 0 0 0 0 0 0 0 0 611 611 611 610 610 611 611 611 610 610 610 610 610 610 611 611 610 610 609 609 610 610 611 611 610 610 610 609 609 610 609 609 610 611 611 611 610 610 611 611 612 611 611 612 612 613 613 612 610 610 613 613 613 614 612 612 611 611 611 613 613 613 613 613 615 615 613 613 613 613 613 615 613 613 614 614 614 614 614 614 614 614 613 613 613 614 615 613 613 613 613 613 613 616 615 615 615 614 614 614 614 615 616 615 615 616 616 616 616 616 618 619 0 0 0 0 0 0 0 0 0 0 0 0 0 0 0 0 0 0 0 0 0 0 0 0 0 0 0 0 0 0 0 0 0 0 0 0 0 0 0 0 0 0 0 0 0 0 0 0 0 0 0 0 0 0 0 0 0 0 0 0 0 0 0 0 0 0 0 0 0 0 0 621 621 622 623 623 624 625 625 625 625 625 625 624 624 624 624 623 623 625 625 627 627 627 628 627 627 627 627 627 627 627 627 627 628 628 628 628 629 629 629 629 629 629 629 629 629 630 630 630 630 630 630 630 631 631 631 631 631 632 631 631 632 632 632 632 632 632 632 632 634 634 635 636 636 636 636 636 636 637 637 638 638 638 638 638 638 640 640 640 640 640 640 640 641 641 642 642 642 642 642 642 642 642 642 643 643 643 643 643 643 643 643 643 643 643
0 0 0 0 0 0 0 0 0 0 0 0 0 0 0 0 0 0 0 0 0 0 611 611 611 611 611 611 611 611 611 611 611 611 611 611 611 611 611 610 610 610 610 610 611 611 611 610 610 611 611 611 612 613 612 612 612 612 612 612 611 611 612 611 611 612 612 613 614 613 613 613 613 613 613 614 612 612 612 612 612 613 613 615 615 616 616 616 615 614 614 614 614 615 615 615 615 615 615 615 615 614 614 615 613 613 613 614 615 614 614 614 614 615 615 616 615 615 615 614 614 614 614 615 616 615 615 616 616 616 616 616 618 619 0 0 0 0 0 0 0 0 0 0 0 0 0 0 0 0 0 0 0 0 0 0 0 0 0 0 0 0 0 0 0 0 0 0 0 0 0 0 0 0 0 0 0 0 0 0 0 0 0 0 0 0 0 0 0 0 0 0 0 0 0 0 0 0 0 0 0 0 0 0 0 622 622 622 624 624 625 625 625 625 627 627 625 624 624 624 624 625 625 625 627 627 627 627 628 627 627 627 628 628 628 628 628 628 628 628 629 629 629 629 629 629 629 630 630 631 631 631 631 630 630 630 630 631 631 631 632 632 634 632 632 632 632 632 632 632 632 634 634 634 634 634 636 637 637 637 637 637 637 637 638 638 638 640 640 638 638 641 641 641 641 641 641 641 642 642 642 642 642 642 642 642 642 643 643 643 643 644 643 643 643 643 643 643 643 643
0 0 0 0 0 0 0 0 0 0 0 0 0 0 0 0 0 0 0 0 0 0 612 612 612 611 611 611 611 612 612 612 612 612 612 612 612 612 612 612 612 612 612 612 612 612 611 611 611 612 612 612 612 613 613 613 613 613 612 612 611 611 612 612 613 612 612 613 614 614 614 614 613 613 613 613 613 613 613 613 613 615 615 615 616 616 616 616 616 616 615 614 614 615 615 615 615 615 615 615 615 615 616 616 615 615 618 618 616 614 614 614 614 615 615 616 615 615 616 614 614 614 614 615 618 618 618 618 616 616 616 616 616 619 0 0 0 0 0 0 0 0 0 0 0 0 0 0 0 0 0 0 0 0 0 0 0 0 0 0 0 0 0 0 0 0 0 0 0 0 0 0 0 0 0 0 0 0 0 0 0 0 0 0 0 0 0 0 0 0 0 0 0 0 0 0 0 0 0 0 0 0 0 0 623 622 622 624 625 625 627 625 625 625 627 627 627 625 625 625 625 627 627 627 627 628 628 628 627 627 627 627 629 629 629 630 628 628 628 629 629 629 629 629 629 629 629 630 631 631 631 631 631 631 631 631 631 631 631 632 632 634 635 635 635 634 634 634 634 634 634 635 635 635 636 636 637 637 637 637 637 637 637 638 638 638 640 641 641 641 641 642 642 642 641 641 642 642 642 643 643 643 643 643 643 643 643 643 643 643 643 644 644 644 644 643 643 643 643 644
0 0 0 0 0 0 0 0 0 0 0 0 0 0 0 0 0 0 0 0 0 0 612 612 612 612 612 612 612 612 612 612 612 613 613 613 613 612 612 612 612 612 612 612 612 612 612 612 612 613 613 613 613 613 613 613 613 614 612 612 612 612 612 612 613 613 613 614 614 614 614 614 614 614 613 613 613 616 614 614 614 615 615 616 616 616 616 616 616 616 616 615 615 615 616 616 616 616 616 615 615 615 616 616 615 615 618 619 619 615 615 616 616 616 616 616 618 618 622 622 615 615 615 616 619 619 619 618 616 616 616 616 616 0 0 0 0 0 0 0 0 0 0 0 0 0 0 0 0 0 0 0 0 0 0 0 0 0 0 0 0 0 0 0 0 0 0 0 0 0 0 0 0 0 0 0 0 0 0 0 0 0 0 0 0 0 0 0 0 0 0 0 0 0 0 0 0 0 0 0 0 0 0 627 623 623 624 625 627 627 627 627 627 627 627 628 628 627 627 627 628 629 628 628 628 628 628 628 627 627 627 627 629 629 629 630 629 629 630 630 630 629 629 629 629 630 630 631 631 632 632 631 631 631 631 631 631 631 631 632 634 635 635 635 635 636 636 635 635 635 635 635 635 635 636 636 637 638 638 638 638 638 638 638 638 640 641 641 641 641 642 642 642 642 642 642 643 643 643 643 643 643 643 643 643 643 643 643 643 643 643 644 646 646 647 647 646 644 644 646
0 0 0 0 0 0 0 0 0 0 0 0 0 0 0 0 0 0 0 0 0 0 612 612 613 613 613 612 612 612 612 612 613 613 613 614 614 613 613 612 612 612 612 612 613 613 612 612 613 614 614 613 613 614 614 614 614 615 614 614 613 613 615 613 613 614 614 615 616 616 614 614 615 615 618 618 616 616 616 616 616 616 616 616 618 618 616 616 616 618 618 616 616 616 616 616 616 616 616 616 616 618 618 618 618 618 618 620 619 618 618 618 616 616 616 618 618 622 622 622 621 621 621 620 620 620 620 619 616 616 616 616 0 0 0 0 0 0 0 0 0 0 0 0 0 0 0 0 0 0 0 0 0 0 0 0 0 0 0 0 0 0 0 0 0 0 0 0 0 0 0 0 0 0 0 0 0 0 0 0 0 0 0 0 0 0 0 0 0 0 0 0 0 0 0 0 0 0 0 0 0 0 0 627 624 624 625 627 628 627 627 628 628 628 629 628 628 628 628 628 630 630 629 629 628 628 629 628 628 628 628 630 630 629 629 630 629 629 630 630 630 629 629 629 630 630 631 631 631 632 632 632 632 632 632 632 632 632 632 634 634 635 635 635 636 636 636 636 636 636 636 635 635 636 636 638 638 638 638 638 640 641 641 641 641 641 642 642 642 642 642 643 643 643 643 643 643 643 643 643 643 643 644 644 644 644 644 644 644 644 644 646 646 646 647 647 647 647 647 647
0 0 0 0 0 0 0 0 0 0 0 0 0 0 0 0 0 0 0 0 0 0 613 613 613 613 613 612 612 612 612 612 613 614 614 615 615 614 613 613 613 613 613 613 614 614 613 613 614 614 614 614 614 614 615 615 615 615 614 614 614 614 616 616 616 616 616 616 616 616 614 614 615 616 619 618 616 616 616 616 616 616 616 618 618 618 616 616 616 619 620 616 616 618 618 618 618 618 618 619 619 619 618 618 618 618 619 620 620 619 618 618 618 618 618 618 621 622 622 621 621 620 620 620 621 621 621 616 616 616 618 0 0 0 0 0 0 0 0 0 0 0 0 0 0 0 0 0 0 0 0 0 0 0 0 0 0 0 0 0 0 0 0 0 0 0 0 0 0 0 0 0 0 0 0 0 0 0 0 0 0 0 0 0 0 0 0 0 0 0 0 0 0 0 0 0 0 0 0 0 0 0 0 627 627 628 628 628 630 630 630 630 630 630 630 630 630 630 630 630 631 631 631 631 630 630 630 630 630 631 631 631 631 631 631 631 631 631 632 632 632 632 632 634 632 632 632 632 632 632 632 632 634 634 635 635 635 635 636 636 636 636 636 636 636 636 636 637 637 637 637 636 636 637 640 640 640 641 641 641 642 642 642 642 642 642 642 642 643 643 643 643 643 643 643 643 643 644 644 644 644 644 644 644 644 644 646 646 646 646 646 647 647 647 647 647 647 648 648 648
0 0 0 0 0 0 0 0 0 0 0 0 0 0 0 0 0 0 0 0 0 0 614 614 613 613 614 613 613 613 613 613 613 614 614 615 615 614 613 613 613 614 614 614 614 614 615 615 615 614 614 614 614 615 615 616 615 615 615 615 615 618 619 619 618 618 618 618 618 618 616 616 618 619 619 619 616 616 618 618 618 618 618 618 618 618 619 619 620 621 620 619 619 619 618 618 618 618 620 620 621 621 619 619 619 619 619 620 620 620 620 620 620 620 620 620 621 622 622 621 621 620 620 621 621 621 621 621 621 622 0 0 0 0 0 0 0 0 0 0 0 0 0 0 0 0 0 0 0 0 0 0 0 0 0 0 0 0 0 0 0 0 0 0 0 0 0 0 0 0 0 0 0 0 0 0 0 0 0 0 0 0 0 0 0 0 0 0 0 0 0 0 0 0 0 0 0 0 0 0 0 0 0 629 629 630 630 630 631 631 631 631 631 631 631 631 631 631 631 631 631 632 632 631 631 631 630 630 631 631 631 632 632 632 632 632 632 632 632 634 634 634 635 635 635 635 634 634 634 634 635 635 636 636 635 635 636 636 636 636 636 636 636 637 636 636 637 637 637 638 637 637 637 637 640 640 641 642 642 642 642 643 643 643 643 643 643 644 644 644 646 646 646 646 646 646 646 647 647 647 647 647 647 647 647 647 648 647 647 647 647 648 647 647 647 648 648 648 649 648
0 0 0 0 0 0 0 0 0 0 0 0 0 0 0 0 0 0 0 0 0 0 615 615 615 616 616 616 616 615 615 615 615 615 615 615 615 616 616 616 616 616 615 615 615 615 616 616 616 616 615 615 616 616 616 616 616 616 616 616 616 618 619 619 619 619 619 618 618 618 618 618 619 619 620 619 618 618 618 619 619 619 619 619 618 618 619 619 621 622 620 620 620 620 619 618 618 618 621 621 622 621 620 620 620 620 621 621 621 621 621 622 622 621 621 621 622 622 622 622 621 621 621 621 621 621 621 621 623 622 622 0 0 0 0 0 0 0 0 0 0 0 0 0 0 0 0 0 0 0 0 0 0 0 0 0 0 0 0 0 0 0 0 0 0 0 0 0 0 0 0 0 0 0 0 0 0 0 0 0 0 0 0 0 0 0 0 0 0 0 0 0 0 0 0 0 0 0 0 0 0 0 0 629 629 630 630 631 631 632 632 632 631 631 631 631 631 631 631 631 632 632 634 632 631 631 630 630 631 631 631 632 632 632 632 632 634 635 635 635 635 635 636 636 636 637 636 636 636 636 636 636 636 636 636 636 636 636 637 637 637 637 637 637 637 637 637 638 638 641 640 640 638 638 641 641 641 642 643 643 643 644 644 644 646 646 646 646 646 646 647 647 646 646 646 647 647 647 647 647 647 647 647 648 648 648 648 648 648 648 648 650 649 649 648 648 649 650 650 650
0 0 0 0 0 0 0 0 0 0 0 0 0 0 0 0 0 0 0 0 0 0 615 615 616 618 618 618 618 616 616 618 616 615 615 616 616 616 616 618 616 616 615 615 616 616 618 616 616 618 616 616 618 618 616 616 616 616 618 618 619 619 620 619 619 619 619 619 619 619 619 619 619 620 620 620 620 620 620 621 621 620 620 619 619 619 620 620 621 622 622 621 621 620 620 619 619 619 621 621 622 621 621 621 622 621 621 621 622 622 622 623 622 622 622 622 622 622 622 622 622 622 622 621 621 622 622 622 623 622 622 0 0 0 0 0 0 0 0 0 0 0 0 0 0 0 0 0 0 0 0 0 0 0 0 0 0 0 0 0 0 0 0 0 0 0 0 0 0 0 0 0 0 0 0 0 0 0 0 0 0 0 0 0 0 0 0 0 0 0 0 0 0 0 0 0 0 0 0 0 0 0 0 0 631 630 630 631 632 632 632 632 632 632 632 631 631 632 632 632 632 634 634 634 634 634 634 634 634 634 634 635 635 635 635 634 634 635 635 635 636 636 637 637 637 637 637 637 636 636 637 637 637 637 637 637 637 637 637 637 638 638 638 638 638 640 640 640 641 641 641 641 642 642 642 642 642 643 644 644 644 646 646 646 646 646 647 647 647 647 647 647 647 647 648 648 648 648 648 648 648 648 648 648 648 648 648 648 647 647 648 652 649 649 649 649 650 650 650 650
0 0 0 0 0 0 0 0 0 0 0 0 0 0 0 0 0 0 0 0 0 0 616 616 618 618 618 618 618 618 618 619 618 615 615 616 618 618 618 618 618 616 616 616 616 616 618 616 616 618 619 619 619 619 618 616 616 616 618 619 619 620 620 619 619 619 619 619 620 620 620 620 620 620 620 620 620 620 621 621 621 621 621 621 620 620 621 621 621 622 622 622 622 622 622 622 621 621 621 621 622 622 622 622 622 622 621 621 622 622 622 623 622 622 622 622 622 622 622 622 623 623 623 622 622 623 623 623 624 624 624 0 0 0 0 0 0 0 0 0 0 0 0 0 0 0 0 0 0 0 0 0 0 0 0 0 0 0 0 0 0 0 0 0 0 0 0 0 0 0 0 0 0 0 0 0 0 0 0 0 0 0 0 0 0 0 0 0 0 0 0 0 0 0 0 0 0 0 0 0 0 0 0 0 631 631 631 632 632 632 632 632 632 632 632 632 632 634 634 634 634 635 635 634 634 634 634 634 634 635 635 635 635 635 636 636 636 636 636 637 637 637 637 637 637 637 637 637 637 637 637 637 637 637 637 638 638 638 638 638 638 638 640 640 641 641 641 641 642 642 642 642 643 643 643 643 643 646 646 646 646 646 646 646 646 647 647 647 647 648 648 648 647 647 648 648 649 649 649 648 648 648 648 648 649 650 650 649 647 647 648 652 652 652 649 649 650 650 650 652
0 0 0 0 0 0 0 0 0 0 0 0 0 0 0 0 0 0 0 0 0 0 619 619 620 619 619 620 620 620 620 620 618 616 616 618 618 619 619 618 618 618 618 618 619 619 619 618 618 619 620 620 619 619 618 618 618 618 619 620 620 620 620 620 620 621 619 619 620 620 620 620 620 621 621 621 621 622 622 622 622 622 621 621 621 621 621 622 622 623 623 623 623 623 623 622 622 622 622 622 622 622 622 622 622 622 622 622 622 623 623 623 623 623 623 623 623 623 623 625 624 624 623 622 622 623 623 623 625 625 625 0 0 0 0 0 0 0 0 0 0 0 0 0 0 0 0 0 0 0 0 0 0 0 0 0 0 0 0 0 0 0 0 0 0 0 0 0 0 0 0 0 0 0 0 0 0 0 0 0 0 0 0 0 0 0 0 0 0 0 0 0 0 0 0 0 0 0 0 0 0 0 0 0 632 632 632 632 632 634 634 634 634 634 634 634 634 636 635 635 635 635 635 635 636 636 636 636 636 637 636 636 636 636 637 637 637 637 637 637 637 637 637 637 637 637 637 638 637 637 638 640 640 640 640 641 641 641 640 640 640 640 641 641 641 642 642 642 643 643 642 642 643 644 644 644 644 647 647 647 647 647 647 647 647 647 647 647 648 648 648 649 648 648 648 648 649 649 650 650 650 650 650 650 650 652 650 650 650 650 652 652 652 652 649 649 650 652 652 652
0 0 0 0 0 0 0 0 0 0 0 0 0 0 0 0 0 0 0 0 0 0 620 620 620 620 620 620 620 620 620 620 620 619 619 619 619 619 620 619 619 619 619 619 620 620 620 620 620 620 620 620 620 620 620 620 620 620 620 620 620 620 621 621 621 621 619 619 620 620 620 621 621 622 622 622 622 622 622 623 622 622 622 622 622 622 623 623 623 623 623 623 623 623 623 623 623 624 623 623 623 623 624 625 625 623 623 624 624 624 624 623 623 624 624 624 624 625 625 625 625 625 623 622 622 623 624 624 625 625 624 624 0 0 0 0 0 0 0 0 0 0 0 0 0 0 0 0 0 0 0 0 0 0 0 0 0 0 0 0 0 0 0 0 0 0 0 0 0 0 0 0 0 0 0 0 0 0 0 0 0 0 0 0 0 0 0 0 0 0 0 0 0 0 0 0 0 0 0 0 0 0 0 0 634 634 634 634 634 635 636 636 635 635 635 636 636 637 636 635 635 636 636 636 636 636 636 636 636 637 636 636 637 637 637 637 637 638 638 638 638 638 638 638 638 638 638 638 637 637 640 641 641 641 641 641 641 641 641 641 640 640 641 641 642 642 642 643 644 643 642 642 644 644 646 646 646 647 648 648 648 648 648 648 648 648 648 648 648 648 648 650 650 649 649 648 648 649 650 650 652 652 650 650 650 650 650 650 652 652 652 652 652 652 649 649 650 652 652 652
0 0 0 0 0 0 0 0 0 0 0 0 0 0 0 0 0 0 0 0 0 0 620 620 620 620 620 620 621 621 621 620 620 620 620 620 620 621 621 621 620 620 620 620 621 621 621 621 621 621 621 621 621 621 621 620 620 620 620 620 621 621 622 622 622 621 621 621 621 621 621 621 621 622 623 623 624 623 623 624 623 623 623 623 623 623 623 624 623 623 623 623 623 623 623 624 624 625 625 625 624 624 624 625 625 623 623 624 624 624 624 624 624 624 625 625 625 625 625 627 627 625 625 625 625 625 625 625 625 625 624 624 0 0 0 0 0 0 0 0 0 0 0 0 0 0 0 0 0 0 0 0 0 0 0 0 0 0 0 0 0 0 0 0 0 0 0 0 0 0 0 0 0 0 0 0 0 0 0 0 0 0 0 0 0 0 0 0 0 0 0 0 0 0 0 0 0 0 0 0 0 0 0 637 637 636 636 635 635 636 636 637 636 636 636 636 636 637 637 636 636 637 637 637 637 637 637 638 637 637 637 637 638 638 640 640 640 640 640 640 640 640 640 640 640 640 640 640 640 640 641 641 642 642 642 642 642 642 641 641 642 642 642 642 642 643 643 644 646 646 646 646 646 646 646 646 646 647 648 648 648 648 648 648 649 649 650 649 644 644 638 638 650 648 638 638 641 646 650 650 652 652 650 650 643 643 652 652 652 652 652 652 652 652 628 628 630 637 637 0
0 0 0 0 0 0 0 0 0 0 0 0 0 0 0 0 0 0 0 0 0 0 620 620 620 620 621 621 621 622 622 620 620 621 621 621 621 621 621 621 621 621 620 620 621 622 622 622 621 621 621 621 621 621 621 621 621 621 621 621 622 622 623 623 622 621 621 622 622 623 624 624 624 624 624 624 624 624 624 624 624 624 624 623 623 623 623 625 624 624 624 624 624 624 624 624 625 625 627 625 624 624 625 627 627 627 627 627 625 625 625 625 625 625 627 627 627 625 625 627 627 625 625 627 625 625 625 627 627 627 625 625 0 0 0 0 0 0 0 0 0 0 0 0 0 0 0 0 0 0 0 0 0 0 0 0 0 0 0 0 0 0 0 0 0 0 0 0 0 0 0 0 0 0 0 0 0 0 0 0 0 0 0 0 0 0 0 0 0 0 0 0 0 0 0 0 0 0 0 0 0 0 0 637 637 637 637 636 636 636 636 637 637 637 637 637 637 638 637 637 637 637 637 637 638 638 638 638 638 638 638 638 638 640 640 640 640 640 640 640 641 641 641 641 641 641 641 641 641 641 642 642 641 641 642 642 642 642 641 641 643 643 644 643 643 643 643 644 646 646 646 646 646 647 646 646 647 647 648 649 649 650 650 650 650 650 637 637 644 636 634 634 635 635 636 636 636 636 635 632 632 634 634 635 637 638 638 631 631 0 0 630 630 630 625 625 628 637 637 628
0 0 0 0 0 0 0 0 0 0 0 0 0 0 0 0 0 0 0 0 0 0 620 620 621 621 621 622 622 622 623 622 622 621 621 621 621 621 622 622 622 622 621 621 622 622 622 622 622 622 622 621 621 621 621 621 621 621 622 622 622 622 623 623 622 622 622 624 624 624 624 624 624 624 624 625 625 624 624 625 625 625 625 624 624 624 624 625 624 624 625 625 625 625 625 625 627 627 628 627 625 625 627 627 627 627 627 627 627 627 627 627 627 627 627 627 627 625 625 627 628 627 627 627 627 627 627 627 628 628 628 627 627 628 629 0 0 0 0 0 0 0 0 0 0 0 0 0 0 0 0 0 0 0 0 0 0 0 0 0 0 0 0 0 0 0 0 0 0 0 0 0 0 0 0 0 0 0 0 0 0 0 0 0 0 0 0 0 0 0 0 0 0 0 0 0 0 0 0 0 0 0 0 637 637 637 637 637 637 637 637 637 637 637 637 637 637 638 637 637 637 638 638 638 638 640 640 641 641 641 638 638 638 640 641 641 640 640 640 640 641 641 641 642 641 641 641 641 641 641 641 641 638 638 641 641 641 642 641 641 643 643 644 643 643 643 643 628 628 629 630 630 630 647 631 630 630 648 625 624 624 625 627 629 630 631 632 634 634 634 632 632 634 634 632 632 630 630 630 630 630 632 632 632 630 630 630 631 631 0 622 625 625 623 623 623 624 624 623 623
0 0 0 0 0 0 0 0 0 0 0 0 0 0 0 0 0 0 0 0 0 0 621 621 621 621 621 622 622 624 624 624 624 622 622 621 621 622 622 623 623 623 622 622 622 623 623 623 622 622 623 623 623 622 622 622 622 623 623 624 624 624 624 623 623 624 625 627 627 627 625 625 625 625 625 625 625 625 625 625 627 627 627 625 625 625 625 627 627 627 627 627 627 627 627 627 627 627 628 627 627 627 627 627 627 627 627 627 627 627 627 627 628 628 628 628 628 628 628 628 628 628 628 627 627 628 629 629 630 628 628 627 627 628 629 0 0 0 0 0 0 0 0 0 0 0 0 0 0 0 0 0 0 0 0 0 0 0 0 0 0 0 0 0 0 0 0 0 0 0 0 0 0 0 0 0 0 0 0 0 0 0 0 0 0 0 0 0 0 0 0 0 0 0 0 0 0 0 0 0 0 0 0 636 636 637 637 637 637 638 638 638 637 637 637 637 637 637 637 636 636 638 638 638 640 640 640 640 637 637 637 636 636 638 641 641 640 640 640 640 641 641 641 642 641 641 631 631 632 632 624 624 627 627 630 629 628 628 628 624 624 623 623 624 625 625 627 627 627 627 624 624 628 628 630 627 627 625 625 624 624 625 625 628 628 628 630 634 628 625 625 625 624 624 625 629 628 624 624 625 625 625 628 627 627 627 625 625 625 618 622 622 622 621 621 621 621 621 618 618
0 0 0 0 0 0 0 0 0 0 0 0 0 0 0 0 0 0 0 0 0 0 622 622 622 622 623 623 623 624 624 624 624 623 623 622 622 622 622 623 623 623 623 623 623 623 623 623 623 623 624 624 624 624 624 624 624 624 625 625 624 624 625 625 625 627 627 627 627 627 627 625 625 625 625 625 625 625 627 627 627 628 628 627 627 627 627 628 628 628 627 627 628 628 628 628 628 628 628 628 627 627 627 628 627 627 628 628 628 629 628 628 629 629 629 629 629 629 629 629 629 629 629 629 628 628 629 629 630 630 630 629 629 630 631 0 0 0 0 0 0 0 0 0 0 0 0 0 0 0 0 0 0 0 0 0 0 0 0 0 0 0 0 0 0 0 0 0 0 0 0 0 0 0 0 0 0 0 0 0 0 0 0 0 0 0 0 0 0 0 0 0 0 0 0 0 0 0 0 0 0 0 0 636 636 636 635 635 637 640 640 638 637 629 628 628 628 628 627 627 625 625 627 638 640 640 640 640 637 637 637 629 622 622 623 623 623 623 641 641 642 642 642 622 622 622 625 624 624 623 623 624 624 624 624 624 627 627 623 623 622 622 623 623 624 624 625 627 627 624 622 622 623 623 628 624 624 623 623 624 623 623 623 624 624 621 621 621 622 623 624 624 623 623 623 621 621 621 621 621 623 623 616 616 620 621 621 623 623 618 618 616 615 615 615 615 615 615 616 616
0 0 0 0 0 0 0 0 0 0 0 0 0 0 0 0 0 0 0 0 0 0 623 623 624 624 624 624 624 625 624 624 624 624 624 623 623 623 623 623 624 624 624 624 624 623 623 624 624 624 625 625 625 625 625 625 625 625 625 625 625 625 625 625 627 627 627 627 627 627 627 627 627 625 625 625 625 627 628 628 628 628 628 628 627 627 628 628 628 629 628 628 628 628 628 629 629 629 629 629 629 630 630 628 628 630 630 630 630 630 630 630 630 630 631 630 630 630 630 630 630 630 630 630 630 630 630 630 630 630 630 630 630 631 630 630 0 0 0 0 0 0 0 0 0 0 0 0 0 0 0 0 0 0 0 0 0 0 0 0 0 0 0 0 0 0 0 0 0 0 0 0 0 0 0 0 0 0 0 0 0 0 0 0 0 0 0 0 0 0 0 0 0 0 0 0 0 0 0 0 0 0 0 636 636 636 630 630 631 640 640 641 627 627 625 625 624 624 624 624 623 623 621 621 621 621 623 622 622 622 624 624 622 622 622 622 622 622 622 622 622 621 620 620 620 620 620 621 621 622 623 623 621 620 619 618 618 619 622 623 621 621 621 621 621 621 622 623 618 618 618 618 618 615 615 616 616 618 620 620 618 618 619 620 620 619 619 619 620 621 620 616 616 616 615 615 616 616 616 618 618 614 614 615 615 616 618 618 612 612 611 611 612 614 614 614 613 613 616 616
0 0 0 0 0 0 0 0 0 0 0 0 0 0 0 0 0 0 0 0 0 0 625 625 624 624 624 624 624 627 627 625 624 624 624 624 624 623 623 623 624 624 624 624 624 624 624 624 624 625 625 625 625 625 625 625 625 625 625 625 625 625 628 628 628 627 627 627 627 627 628 628 628 627 627 627 627 627 628 629 629 629 629 629 629 629 629 630 630 630 630 630 629 629 629 629 629 630 630 630 630 630 630 630 630 630 630 630 630 630 630 630 631 631 631 631 631 631 630 630 630 630 631 631 630 630 631 631 631 631 631 630 630 631 630 630 0 0 0 0 0 0 0 0 0 0 0 0 0 0 0 0 0 0 0 0 0 0 0 0 0 0 0 0 0 0 0 0 0 0 0 0 0 0 0 0 0 0 0 0 0 0 0 0 0 0 0 0 0 0 0 0 0 0 0 0 0 0 0 0 0 0 0 0 622 622 622 619 618 618 618 619 621 622 622 621 621 621 621 622 620 620 620 620 619 619 619 619 621 619 619 618 618 618 620 621 621 621 621 620 620 614 614 616 618 618 618 618 618 615 615 615 615 616 616 615 614 612 612 613 613 614 615 615 615 616 615 614 613 613 614 615 615 614 613 613 613 613 614 614 614 614 615 616 615 615 615 615 615 615 614 614 613 613 613 612 612 613 612 611 611 613 613 612 612 614 616 611 611 611 610 610 612 614 614 614 611 607 604 604
0 0 0 0 0 0 0 0 0 0 0 0 0 0 0 0 0 0 0 0 0 0 625 625 625 625 625 625 625 628 628 628 627 627 625 625 625 624 624 624 624 624 624 624 624 625 625 625 625 625 627 627 627 627 627 627 627 627 627 625 625 625 628 628 628 627 627 627 628 628 629 628 628 628 628 628 629 629 629 630 630 630 630 630 629 629 629 630 630 630 630 630 630 630 630 630 631 631 631 631 630 630 631 630 630 631 631 631 631 631 631 631 632 631 631 631 631 631 631 631 631 631 631 632 631 631 631 631 631 631 631 631 631 631 631 632 0 0 0 0 0 0 0 0 0 0 0 0 0 0 0 0 0 0 0 0 0 0 0 0 0 0 0 0 0 0 0 0 0 0 0 0 0 0 0 0 0 0 0 0 0 0 0 0 0 0 0 0 0 0 0 0 0 0 0 0 0 0 0 0 0 0 0 0 620 620 618 616 616 616 616 618 619 618 616 616 616 615 615 616 615 615 616 615 615 615 615 616 618 613 613 613 613 613 609 608 608 611 611 611 611 611 611 613 616 616 614 613 613 613 611 611 612 612 612 606 606 607 608 608 610 612 612 612 612 612 612 610 610 610 609 609 610 611 611 612 610 610 610 610 610 611 612 615 608 608 611 608 607 607 607 607 610 610 609 608 608 610 609 608 607 604 604 604 606 606 607 609 610 610 610 610 612 612 612 606 606 606 604 604
0 0 0 0 0 0 0 0 0 0 0 0 0 0 0 0 0 0 0 0 0 0 625 625 625 625 627 627 627 628 628 628 628 628 627 625 625 625 625 625 625 625 625 625 625 627 627 627 627 627 628 628 628 627 627 627 628 628 628 627 627 627 627 628 629 629 628 628 629 629 629 629 629 629 629 629 630 629 629 630 630 630 630 630 630 630 630 630 631 631 631 631 631 631 631 631 632 632 632 631 631 631 631 631 631 632 631 631 632 632 632 632 634 634 632 632 632 632 632 632 632 632 634 634 632 631 631 631 631 632 631 631 631 631 631 632 0 0 0 0 0 0 0 0 0 0 0 0 0 0 0 0 0 0 0 0 0 0 0 0 0 0 0 0 0 0 0 0 0 0 0 0 0 0 0 0 0 0 0 0 0 0 0 0 0 0 0 0 0 0 0 0 0 0 0 0 0 0 0 0 0 0 0 0 610 610 610 610 611 611 610 609 609 609 608 607 607 608 607 607 608 606 606 607 607 607 606 606 606 606 608 608 608 608 607 606 603 603 606 608 608 608 608 608 604 604 606 606 603 601 601 604 604 603 603 603 603 603 603 603 603 603 600 600 601 601 601 604 604 604 604 604 604 604 604 602 602 602 602 607 607 608 602 602 603 604 604 603 603 604 604 604 607 607 606 603 602 602 603 604 603 602 602 602 602 603 604 609 610 608 601 601 601 601 0 606 606 604 604 604
0 0 0 0 0 0 0 0 0 0 0 0 0 0 0 0 0 0 0 0 0 0 627 627 627 628 628 628 628 628 628 628 629 628 628 625 625 627 627 627 627 627 627 627 627 627 627 627 627 627 628 628 628 628 628 628 628 628 629 629 629 627 627 630 629 629 630 630 630 630 630 630 630 630 631 630 630 630 630 631 630 630 630 630 631 631 631 631 631 631 631 632 632 634 632 632 632 632 632 632 631 631 631 631 631 632 632 632 632 632 632 634 634 634 634 634 634 613 612 612 634 610 610 610 610 610 610 612 612 613 613 612 612 614 631 635 0 0 0 0 0 0 0 0 0 0 0 0 0 0 0 0 0 0 0 0 0 0 0 0 0 0 0 0 0 0 0 0 0 0 0 0 0 0 0 0 0 0 0 0 0 0 0 0 0 0 0 0 0 0 0 0 0 0 0 0 0 0 0 0 0 0 0 0 608 607 607 608 606 606 607 607 607 604 604 604 604 604 604 603 603 602 602 602 602 602 601 600 598 598 601 602 602 603 601 600 598 598 594 593 593 608 608 601 600 598 598 597 597 597 598 599 597 597 597 598 599 601 600 599 598 596 596 596 597 597 597 596 596 596 596 596 596 596 596 596 596 597 597 597 598 598 597 595 594 594 594 594 597 597 601 601 594 594 595 595 595 595 596 597 597 599 600 594 594 593 593 593 592 591 591 600 600 588 588 588 604 604 604 0
0 0 0 0 0 0 0 0 0 0 0 0 0 0 0 0 0 0 0 0 0 0 628 628 628 628 628 628 628 628 628 628 629 629 629 628 628 628 628 628 628 628 628 628 629 628 628 628 628 628 628 629 629 628 628 628 629 629 629 629 629 629 630 630 630 631 631 631 631 631 631 631 631 631 631 631 631 631 631 631 631 631 631 631 631 632 632 632 632 632 632 616 615 615 611 610 610 612 612 613 612 612 612 612 631 631 613 613 613 609 609 609 606 606 606 606 608 609 610 610 609 609 609 609 609 609 609 610 611 610 610 609 609 609 609 0 0 0 0 0 0 0 0 0 0 0 0 0 0 0 0 0 0 0 0 0 0 0 0 0 0 0 0 0 0 0 0 0 0 0 0 0 0 0 0 0 0 0 0 0 0 0 0 0 0 0 0 0 0 0 0 0 0 0 0 0 0 0 0 0 0 0 600 599 599 600 597 597 599 600 600 601 599 598 598 598 597 597 597 597 597 596 596 597 598 598 597 595 595 595 595 595 595 594 594 596 596 594 593 592 591 591 592 594 596 594 593 593 593 593 594 592 592 593 594 594 596 592 592 593 593 593 593 593 593 593 594 593 593 593 593 592 591 591 593 593 593 592 592 593 593 593 594 591 591 591 590 590 591 593 592 591 591 591 591 591 591 591 591 593 594 594 588 588 589 590 590 590 588 587 587 586 586 588 588 588 586 586 586 585
0 0 0 0 0 0 0 0 0 0 0 0 0 0 0 0 0 0 0 0 0 0 629 629 629 629 628 628 629 629 629 629 629 629 629 629 629 628 628 628 628 629 629 629 629 628 628 628 628 629 629 629 629 630 630 630 630 630 630 630 631 631 632 631 631 631 632 631 631 632 632 632 634 632 632 632 606 613 613 612 612 613 613 613 612 612 634 634 634 634 612 612 615 615 611 610 610 610 610 611 611 611 610 610 610 610 611 612 610 609 609 607 606 606 606 606 607 609 609 609 606 606 606 606 606 608 608 609 609 608 607 607 607 607 607 608 0 0 0 0 0 0 0 0 0 0 0 0 0 0 0 0 0 0 0 0 0 0 0 0 0 0 0 0 0 0 0 0 0 0 0 0 0 0 0 0 0 0 0 0 0 0 0 0 0 0 0 0 0 0 0 0 0 0 0 0 0 0 0 0 0 0 597 596 596 596 596 596 594 592 591 591 592 593 594 595 594 593 593 593 593 593 593 593 593 593 593 593 593 592 592 592 591 590 590 591 591 591 590 589 589 589 589 588 588 589 589 591 588 588 588 588 589 590 591 589 588 588 588 589 589 590 590 589 589 589 589 590 590 591 590 588 588 589 588 587 586 586 587 587 587 588 587 587 588 588 588 588 588 590 589 589 589 589 589 587 587 586 586 586 585 584 584 585 585 585 586 590 584 584 584 584 584 586 588 588 586 586 582 582
0 0 0 0 0 0 0 0 0 0 0 0 0 0 0 0 0 0 0 0 0 0 630 630 630 630 630 631 631 631 630 629 629 629 629 629 612 612 611 611 613 631 630 630 629 612 611 611 611 611 611 611 611 610 610 610 610 630 630 630 631 632 634 634 634 632 607 607 608 608 608 608 635 635 608 606 606 608 611 612 611 611 611 611 610 607 607 608 608 608 607 607 609 609 608 608 608 609 609 609 609 609 608 607 606 606 607 607 607 604 604 606 604 604 603 603 603 604 604 604 603 603 603 603 603 603 603 600 600 601 600 600 601 600 600 608 0 0 0 0 0 0 0 0 0 0 0 0 0 0 0 0 0 0 0 0 0 0 0 0 0 0 0 0 0 0 0 0 0 0 0 0 0 0 0 0 0 0 0 0 0 0 0 0 0 0 0 0 0 0 0 0 0 0 0 0 0 0 0 0 0 595 595 595 594 591 591 590 590 590 591 591 591 592 592 592 591 591 591 592 591 591 590 589 589 589 590 589 589 589 590 589 588 588 586 586 588 586 586 586 586 587 586 586 585 585 585 585 585 586 586 585 585 587 591 586 586 586 586 584 584 584 584 584 585 585 585 586 586 587 585 585 584 584 585 585 584 584 585 584 584 585 585 585 584 584 584 585 585 583 582 582 582 585 586 584 584 585 583 582 581 581 581 581 581 581 580 578 578 579 579 581 582 586 586 567 576 576 576 582
0 0 0 0 0 0 0 0 0 0 0 0 0 0 0 0 0 0 0 0 0 0 630 630 630 611 611 611 611 634 631 630 629 629 629 608 608 609 608 608 610 609 609 610 610 610 610 610 610 609 609 610 609 609 609 609 610 607 606 606 607 607 607 604 603 603 604 607 607 608 608 608 606 606 606 604 604 604 604 604 604 604 604 604 606 604 604 604 604 604 604 604 603 603 604 604 606 603 602 602 603 603 604 604 603 603 602 601 599 599 600 601 601 601 600 600 600 599 599 599 599 600 602 596 595 595 597 598 598 597 597 597 597 597 597 597 597 0 0 0 0 0 0 0 0 0 0 0 0 0 0 0 0 0 0 0 0 0 0 0 0 0 0 0 0 0 0 0 0 0 0 0 0 0 0 0 0 0 0 0 0 0 0 0 0 0 0 0 0 0 0 0 0 0 0 0 0 0 0 0 0 595 595 586 586 586 586 588 588 588 589 589 589 588 585 585 586 587 588 589 589 588 587 587 586 582 581 581 581 581 584 587 585 585 584 584 584 584 583 583 583 583 583 582 582 582 582 582 583 582 581 581 582 582 582 582 582 583 583 581 581 581 581 581 581 582 582 580 579 579 580 580 580 579 579 581 582 581 581 581 582 582 583 583 582 581 581 580 580 580 577 577 577 579 580 580 575 575 576 575 575 577 577 578 579 579 578 575 574 574 576 576 577 577 567 567 567 570 570 571
0 0 0 0 0 0 0 0 0 0 0 0 0 0 0 0 0 0 0 0 0 0 0 630 630 611 610 610 610 610 610 610 607 606 606 606 607 607 608 608 608 607 607 607 607 608 608 608 608 608 608 606 606 606 607 607 607 603 603 604 606 606 606 604 603 603 603 602 602 602 602 602 602 602 601 601 601 601 602 602 602 603 602 602 602 602 601 601 599 599 600 599 599 600 600 600 602 597 597 597 599 601 601 601 600 600 599 598 596 596 598 597 596 596 596 596 596 596 595 595 595 594 594 594 592 592 590 590 592 593 593 594 595 594 593 593 597 0 0 0 0 0 0 0 0 0 0 0 0 0 0 0 0 0 0 0 0 0 0 0 0 0 0 0 0 0 0 0 0 0 0 0 0 0 0 0 0 0 0 0 0 0 0 0 0 0 0 0 0 0 0 0 0 0 0 0 0 0 0 0 0 0 0 584 584 584 584 583 583 582 582 584 584 582 582 582 581 581 583 583 578 577 577 582 583 580 579 579 579 579 581 583 583 582 582 581 580 580 581 581 581 581 581 580 580 579 579 579 578 578 577 577 577 577 577 577 577 579 579 579 579 578 578 577 577 576 574 574 575 575 576 577 578 577 577 578 578 577 577 578 577 577 583 577 577 577 577 576 576 576 575 575 576 576 576 572 571 571 572 573 573 573 574 575 577 577 574 574 574 574 575 576 577 568 568 567 567 568 569 569
0 0 0 0 0 0 0 0 0 0 0 0 0 0 0 0 0 0 0 0 0 0 603 603 603 603 607 607 607 607 606 602 602 603 603 603 603 603 604 604 606 604 602 602 601 601 604 604 606 604 603 601 601 601 600 600 602 602 602 600 600 600 602 602 601 601 600 600 598 598 598 598 598 599 599 599 600 600 598 598 598 598 598 598 598 599 598 597 597 596 595 594 594 595 593 593 596 596 595 595 596 596 596 596 595 591 587 587 593 593 594 594 594 594 593 593 592 592 593 593 592 592 592 590 589 588 587 587 588 589 590 587 587 584 584 584 585 0 0 0 0 0 0 0 0 0 0 0 0 0 0 0 0 0 0 0 0 0 0 0 0 0 0 0 0 0 0 0 0 0 0 0 0 0 0 0 0 0 0 0 0 0 0 0 0 0 0 0 0 0 0 0 0 0 0 0 0 0 0 0 0 0 0 581 581 581 579 578 578 578 578 581 581 580 579 579 578 578 579 577 577 574 574 577 569 569 577 577 577 577 576 576 575 575 577 577 577 580 577 577 578 577 577 574 574 574 574 576 575 575 574 574 574 574 575 573 573 573 573 576 576 574 573 572 572 572 572 572 572 572 573 573 574 577 566 566 567 571 573 574 574 569 569 569 569 570 570 570 569 569 569 570 570 570 569 569 570 570 570 570 571 571 567 567 577 577 574 574 574 574 575 576 576 566 566 566 567 567 568 569
0 0 0 0 0 0 0 0 0 0 0 0 0 0 0 0 0 0 0 0 0 0 601 601 600 598 598 599 600 602 601 601 600 600 600 600 600 600 600 602 602 599 599 599 598 597 596 594 594 596 595 595 598 598 598 597 592 592 594 595 595 595 595 597 597 595 595 594 594 594 593 593 593 592 592 593 598 598 598 596 592 592 592 592 594 593 593 593 593 592 592 592 592 590 588 588 588 589 592 593 593 593 593 585 585 586 585 585 590 588 588 589 589 587 587 588 588 588 588 590 586 584 584 584 585 585 585 585 585 584 582 582 581 581 583 584 585 0 0 0 0 0 0 0 0 0 0 0 0 0 0 0 0 0 0 0 0 0 0 0 0 0 0 0 0 0 0 0 0 0 0 0 0 0 0 0 0 0 0 0 0 0 0 0 0 0 0 0 0 0 0 0 0 0 0 0 0 0 0 0 0 0 571 571 574 577 575 575 576 576 576 576 574 574 574 574 573 573 573 572 572 571 571 568 568 568 568 573 575 570 570 569 569 569 570 577 577 570 570 571 570 565 565 568 570 571 569 569 569 571 572 572 571 570 570 568 568 568 568 568 569 566 566 566 566 569 569 570 569 569 569 568 566 565 565 565 566 566 569 569 567 567 567 567 567 566 566 565 565 565 567 567 567 567 567 567 568 568 567 567 565 564 564 565 565 565 565 575 575 575 564 564 564 565 565 565 567 567 568 0
0 0 0 0 0 0 0 0 0 0 0 0 0 0 0 0 0 0 0 0 0 0 599 598 596 596 596 598 599 601 600 599 598 598 597 597 595 595 597 597 601 597 596 596 595 594 593 592 592 592 592 593 595 596 594 594 591 591 591 593 592 592 592 593 593 592 592 590 589 588 588 590 590 591 590 589 587 586 586 587 588 589 588 588 587 587 587 591 591 591 590 590 589 586 585 585 586 585 585 584 583 583 583 584 584 584 584 584 584 584 584 584 584 583 583 583 583 583 582 581 581 580 580 580 583 583 583 582 581 580 580 580 580 580 580 581 584 0 0 0 0 0 0 0 0 0 0 0 0 0 0 0 0 0 0 0 0 0 0 0 0 0 0 0 0 0 0 0 0 0 0 0 0 0 0 0 0 0 0 0 0 0 0 0 0 0 0 0 0 0 0 0 0 0 0 0 0 0 0 0 0 570 569 569 570 569 569 569 571 572 570 570 571 571 572 571 571 569 569 568 567 567 567 566 566 568 568 565 565 567 567 566 566 567 566 566 565 565 566 565 565 565 565 565 565 565 565 564 564 565 565 565 565 564 564 565 565 565 567 565 565 565 565 565 565 564 564 566 567 567 565 565 564 564 565 565 564 564 564 564 564 565 566 566 566 564 562 562 563 564 564 565 564 564 564 564 565 565 563 563 561 561 561 562 562 564 564 558 558 558 559 560 560 565 565 565 567 558 558 556
0 0 0 0 0 0 0 0 0 0 0 0 0 0 0 0 0 0 0 0 0 0 599 590 590 591 593 594 586 586 590 590 592 592 592 593 592 591 588 587 587 588 589 590 588 588 588 590 590 590 590 590 589 589 587 587 587 586 586 587 586 586 586 585 584 584 585 587 587 586 586 586 588 589 588 587 586 585 584 584 584 585 587 586 584 584 585 588 587 587 587 586 583 582 582 582 582 582 582 579 579 580 581 581 582 580 580 578 578 578 579 580 580 579 577 577 577 576 576 577 576 576 576 577 578 580 581 581 577 577 577 577 577 576 576 575 575 0 0 0 0 0 0 0 0 0 0 0 0 0 0 0 0 0 0 0 0 0 0 0 0 0 0 0 0 0 0 0 0 0 0 0 0 0 0 0 0 0 0 0 0 0 0 0 0 0 0 0 0 0 0 0 0 0 0 0 0 0 0 0 0 568 568 568 567 566 566 566 567 566 566 567 567 568 568 567 567 565 565 565 565 565 565 565 565 565 565 565 564 564 565 565 565 565 565 565 563 563 563 563 564 562 562 562 562 562 562 562 562 562 562 562 562 562 562 562 562 562 561 561 562 562 564 563 562 561 559 558 558 558 558 560 561 562 562 559 559 560 560 561 561 561 563 565 562 560 560 561 563 563 562 560 560 560 560 558 558 558 558 558 559 559 559 559 559 558 554 554 556 556 558 559 559 565 566 548 548 551 551 552
0 0 0 0 0 0 0 0 0 0 0 0 0 0 0 0 0 0 0 0 0 0 0 587 587 590 587 587 586 586 588 588 589 587 587 588 586 586 586 586 586 586 587 587 587 586 586 586 586 586 588 587 586 585 583 583 583 583 583 582 582 582 582 583 582 581 580 580 583 583 584 582 581 581 582 584 584 583 583 583 583 584 577 577 575 575 585 588 587 587 579 579 579 578 578 578 578 577 576 576 576 577 578 578 577 576 576 576 576 576 576 576 577 576 575 575 574 574 574 572 572 572 572 573 574 576 575 575 574 574 574 574 573 573 571 571 573 0 0 0 0 0 0 0 0 0 0 0 0 0 0 0 0 0 0 0 0 0 0 0 0 0 0 0 0 0 0 0 0 0 0 0 0 0 0 0 0 0 0 0 0 0 0 0 0 0 0 0 0 0 0 0 0 0 0 0 0 0 0 0 562 562 562 563 563 563 564 565 565 565 563 563 562 562 563 564 563 560 559 559 561 561 563 563 564 564 563 561 561 561 561 561 561 561 565 558 558 558 560 561 562 560 560 559 559 559 560 560 558 558 558 558 559 559 559 559 558 558 558 558 558 558 558 557 557 557 556 556 556 556 556 555 554 554 554 555 555 555 556 558 558 559 558 558 558 558 558 559 561 563 559 558 558 558 557 554 554 554 555 556 557 556 555 555 554 554 553 553 554 554 553 552 550 550 545 545 547 548 549 550
0 0 0 0 0 0 0 0 0 0 0 0 0 0 0 0 0 0 0 0 0 0 0 584 584 585 585 585 585 586 586 588 587 584 581 581 582 583 583 584 584 584 587 586 586 584 584 583 583 581 579 579 579 581 580 580 580 580 580 579 577 577 577 577 578 578 578 578 580 575 575 574 574 576 576 576 574 574 576 580 579 576 576 575 575 572 572 571 571 571 572 572 572 572 573 574 574 574 573 573 573 573 573 573 571 571 570 570 572 572 572 572 572 573 572 572 570 569 569 568 568 570 570 567 566 566 566 567 567 567 566 566 567 567 567 565 565 565 0 0 0 0 0 0 0 0 0 0 0 0 0 0 0 0 0 0 0 0 0 0 0 0 0 0 0 0 0 0 0 0 0 0 0 0 0 0 0 0 0 0 0 0 0 0 0 0 0 0 0 0 0 0 0 0 0 0 0 0 0 561 559 559 559 559 559 560 561 561 561 561 561 561 560 559 559 559 559 558 558 558 558 558 558 557 557 557 557 557 556 556 555 555 556 556 555 555 555 555 556 559 562 554 554 554 554 554 554 555 555 555 556 554 554 554 554 554 554 554 554 554 554 554 554 554 554 554 554 554 554 553 553 551 551 553 553 554 554 554 554 554 554 554 553 553 551 550 550 550 550 550 559 553 553 552 551 550 550 550 552 553 554 552 552 552 552 552 551 551 551 549 549 549 549 544 544 545 546 546 547 548
0 0 0 0 0 0 0 0 0 0 0 0 0 0 0 0 0 0 0 0 0 0 0 582 581 581 581 581 581 581 576 575 575 575 576 576 579 581 582 582 579 576 576 576 576 576 580 581 581 581 575 575 576 575 575 576 576 577 576 574 572 572 573 574 575 575 576 578 579 573 573 572 572 572 572 572 572 572 572 573 574 574 574 571 571 571 570 569 569 570 570 570 570 570 570 571 570 569 568 568 570 571 570 570 568 568 567 567 568 568 568 569 569 569 569 568 566 565 565 565 566 568 567 565 561 561 563 564 564 565 565 565 565 565 563 563 563 563 563 565 0 0 0 0 0 0 0 0 0 0 0 0 0 0 0 0 0 0 0 0 0 0 0 0 0 0 0 0 0 0 0 0 0 0 0 0 0 0 0 0 0 0 0 0 0 0 0 0 0 0 0 0 0 0 0 0 0 0 0 560 556 556 556 556 556 556 554 554 556 558 559 559 555 555 554 554 554 554 554 554 554 554 552 552 553 553 554 554 554 554 554 553 553 554 554 554 554 554 551 550 550 551 552 552 552 551 551 551 551 553 552 552 551 551 551 551 551 551 551 551 551 551 551 551 551 551 550 550 550 549 549 548 548 549 550 553 553 549 549 549 549 550 551 550 548 548 548 548 548 548 547 547 547 550 549 549 549 548 546 545 545 545 545 546 546 546 546 545 545 545 546 546 543 543 544 546 546 546 546 546
0 0 0 0 0 0 0 0 0 0 0 0 0 0 0 0 0 0 0 0 0 0 0 579 577 577 576 576 577 576 575 575 574 574 574 575 575 572 572 572 575 574 574 574 574 574 574 577 570 570 571 571 571 573 573 570 570 571 571 571 571 571 573 573 574 569 568 568 577 570 570 570 569 569 569 570 570 571 569 569 566 566 567 567 567 568 568 567 567 568 569 568 567 565 565 565 565 566 565 565 565 565 566 566 566 565 564 564 565 565 565 564 564 569 564 564 563 563 562 562 563 568 561 561 561 561 562 562 562 560 560 560 559 559 559 559 561 562 562 565 0 0 0 0 0 0 0 0 0 0 0 0 0 0 0 0 0 0 0 0 0 0 0 0 0 0 0 0 0 0 0 0 0 0 0 0 0 0 0 0 0 0 0 0 0 0 0 0 0 0 0 0 0 0 0 0 0 0 0 560 553 553 553 553 552 552 552 552 551 551 551 559 551 551 551 551 550 550 551 553 552 550 548 548 549 550 550 550 550 550 550 551 549 549 551 551 549 547 547 545 545 546 548 549 549 549 548 548 549 553 546 546 546 546 547 547 547 546 545 545 546 546 547 546 546 546 546 546 547 546 546 546 546 546 546 546 544 544 545 546 547 547 547 546 546 546 546 546 546 546 545 545 545 547 547 547 547 546 546 544 544 544 544 544 544 542 542 543 542 542 541 541 541 540 540 542 545 544 542 540
0 0 0 0 0 0 0 0 0 0 0 0 0 0 0 0 0 0 0 0 0 0 0 574 574 574 574 573 573 574 574 573 572 571 571 573 571 567 567 567 569 571 572 572 571 571 568 568 568 568 568 569 568 567 567 568 568 568 566 566 566 567 573 565 565 565 566 566 566 566 567 565 565 565 565 563 563 564 565 565 565 564 564 565 565 565 565 564 564 564 564 564 564 565 565 564 564 563 563 563 563 561 559 559 560 560 562 561 561 562 562 559 557 557 557 559 560 560 558 557 556 556 556 557 557 558 560 560 558 556 554 554 554 554 554 554 553 553 562 0 0 0 0 0 0 0 0 0 0 0 0 0 0 0 0 0 0 0 0 0 0 0 0 0 0 0 0 0 0 0 0 0 0 0 0 0 0 0 0 0 0 0 0 0 0 0 0 0 0 0 0 0 0 0 0 0 0 0 0 0 550 550 550 551 550 550 551 551 549 547 547 546 546 548 548 548 549 549 549 549 547 546 546 546 546 546 546 545 545 545 546 546 544 544 546 546 545 544 544 543 543 544 543 543 543 549 544 544 542 542 542 542 542 543 542 541 541 543 543 543 544 543 543 542 542 544 545 546 546 543 541 541 543 542 542 543 543 544 544 545 545 544 544 543 543 544 545 545 545 544 541 541 540 540 540 539 539 541 541 540 540 541 540 539 538 538 538 537 537 538 538 538 538 538 539 542 545 544 535 534
0 0 0 0 0 0 0 0 0 0 0 0 0 0 0 0 0 0 0 0 0 0 0 572 571 571 571 569 567 565 564 564 567 569 569 565 565 564 564 565 565 567 570 566 566 566 565 565 565 564 564 565 564 564 565 565 565 562 562 563 563 562 562 563 563 564 563 563 562 561 561 562 562 562 562 562 562 562 563 564 565 559 559 561 561 561 562 562 562 561 561 559 559 559 560 559 558 558 559 559 557 557 557 556 556 557 557 560 559 559 554 554 554 554 554 554 554 555 555 555 555 554 554 554 554 554 560 560 551 551 551 552 553 550 550 550 550 550 550 0 0 0 0 0 0 0 0 0 0 0 0 0 0 0 0 0 0 0 0 0 0 0 0 0 0 0 0 0 0 0 0 0 0 0 0 0 0 0 0 0 0 0 0 0 0 0 0 0 0 0 0 0 0 0 0 0 0 0 0 0 545 545 545 544 544 544 544 545 544 544 541 541 543 546 546 545 545 544 544 549 542 542 543 543 541 541 541 541 540 540 540 541 542 542 544 544 545 538 538 540 540 540 539 539 540 540 540 540 539 539 539 540 540 540 540 538 538 539 540 540 538 538 539 540 540 542 543 544 538 538 538 539 539 540 540 540 540 543 544 538 538 538 538 538 539 540 540 540 545 540 540 540 539 536 536 537 536 536 536 536 537 537 537 537 536 536 534 534 534 534 534 535 535 535 539 539 529 534 534 534
0 0 0 0 0 0 0 0 0 0 0 0 0 0 0 0 0 0 0 0 0 0 0 565 565 565 566 565 565 564 562 562 563 564 565 565 562 562 562 561 560 560 560 560 562 560 560 560 560 560 559 559 559 559 563 563 562 560 560 560 560 558 558 558 560 561 559 559 559 558 558 557 557 559 559 560 560 560 557 554 554 555 555 555 555 555 555 556 559 559 554 553 552 552 550 550 550 550 547 547 548 551 553 553 551 550 548 548 549 549 549 549 549 549 549 549 549 552 546 546 544 544 546 546 546 546 546 546 546 546 546 546 545 545 546 546 546 546 547 0 0 0 0 0 0 0 0 0 0 0 0 0 0 0 0 0 0 0 0 0 0 0 0 0 0 0 0 0 0 0 0 0 0 0 0 0 0 0 0 0 0 0 0 0 0 0 0 0 0 0 0 0 0 0 0 0 0 0 540 540 539 539 538 537 537 537 538 537 536 536 536 536 536 536 536 535 534 534 534 534 538 535 535 535 535 536 536 536 534 534 534 534 535 534 534 533 533 533 533 533 533 533 534 536 538 534 532 532 533 534 534 534 533 533 533 533 535 536 536 535 534 534 534 535 537 540 534 534 534 535 536 536 536 536 537 535 534 534 534 534 535 536 536 537 537 537 534 534 529 529 529 529 531 533 534 534 534 534 534 534 534 534 534 534 534 534 533 533 533 532 532 533 533 535 535 535 529 529 529 529
0 0 0 0 0 0 0 0 0 0 0 0 0 0 0 0 0 0 0 0 0 0 0 561 561 562 561 559 559 559 559 561 562 562 556 556 556 558 559 558 558 558 558 558 558 558 558 559 558 558 556 556 555 555 554 554 555 556 558 551 551 552 552 552 553 553 553 551 551 552 552 551 549 549 549 549 549 549 549 549 548 548 548 548 548 548 546 546 546 547 548 549 548 548 546 546 546 546 546 546 544 544 543 543 543 544 545 545 544 544 546 545 545 546 546 546 546 543 543 543 543 542 542 542 543 545 545 545 542 542 540 540 541 540 540 546 540 540 547 0 0 0 0 0 0 0 0 0 0 0 0 0 0 0 0 0 0 0 0 0 0 0 0 0 0 0 0 0 0 0 0 0 0 0 0 0 0 0 0 0 0 0 0 0 0 0 0 0 0 0 0 0 0 0 0 0 0 0 540 530 530 532 533 534 534 535 537 537 534 534 534 534 534 534 534 534 534 534 533 531 531 531 531 532 532 533 533 533 532 532 532 531 530 530 530 530 530 530 530 530 530 530 532 532 529 529 530 530 531 531 530 529 529 529 529 530 530 530 530 530 528 528 529 529 529 529 530 530 529 529 529 529 529 528 528 529 529 532 530 530 529 529 528 528 528 534 532 530 529 529 529 529 529 531 531 533 533 530 530 530 532 532 530 529 529 529 531 531 531 531 531 531 531 531 521 521 529 529 528 528
0 0 0 0 0 0 0 0 0 0 0 0 0 0 0 0 0 0 0 0 0 0 0 556 556 554 554 554 554 557 557 557 556 554 554 551 551 551 551 551 552 552 551 551 551 554 554 558 556 548 548 550 550 550 548 548 546 545 545 546 548 549 549 548 548 548 546 546 548 548 549 546 546 548 548 548 548 546 546 546 546 546 545 545 545 543 543 543 543 546 546 546 545 545 544 544 545 545 545 543 543 543 540 540 540 541 542 542 541 541 541 541 541 541 541 542 541 541 541 541 541 539 539 539 540 540 545 536 536 537 538 539 539 538 538 538 538 538 540 0 0 0 0 0 0 0 0 0 0 0 0 0 0 0 0 0 0 0 0 0 0 0 0 0 0 0 0 0 0 0 0 0 0 0 0 0 0 0 0 0 0 0 0 0 0 0 0 0 0 0 0 0 0 0 0 0 0 0 0 529 529 529 530 530 531 531 531 531 531 531 531 530 529 529 531 532 529 529 528 528 528 529 529 530 529 529 529 529 529 529 529 529 529 528 528 528 528 528 528 528 529 529 527 526 525 525 525 526 527 528 526 526 527 527 527 527 527 527 527 526 525 525 526 526 526 526 526 526 527 526 526 526 526 526 526 526 526 525 525 525 526 527 527 525 525 525 526 526 527 526 525 525 525 525 525 525 525 524 522 522 522 523 523 523 523 523 524 528 529 531 531 531 531 531 521 521 521 521 522 523
0 0 0 0 0 0 0 0 0 0 0 0 0 0 0 0 0 0 0 0 0 0 0 556 549 549 550 550 548 546 546 546 546 548 549 549 549 549 548 548 548 548 548 547 545 544 544 544 545 545 545 546 544 544 543 542 542 543 544 545 546 548 545 543 543 545 545 546 543 543 540 540 540 545 543 543 541 541 543 544 544 543 543 543 543 541 540 540 540 541 543 541 538 538 538 544 540 540 540 540 540 536 536 537 539 540 540 539 539 540 540 540 540 541 541 542 532 532 532 532 536 536 534 534 534 534 534 534 534 535 535 536 536 536 535 535 535 536 536 0 0 0 0 0 0 0 0 0 0 0 0 0 0 0 0 0 0 0 0 0 0 0 0 0 0 0 0 0 0 0 0 0 0 0 0 0 0 0 0 0 0 0 0 0 0 0 0 0 0 0 0 0 0 0 0 0 0 0 0 528 528 529 529 529 529 529 525 525 525 525 525 527 527 528 528 529 526 525 525 525 525 525 525 526 526 526 526 529 525 525 525 525 525 526 527 526 525 523 523 523 523 524 524 525 524 524 524 524 524 523 523 524 524 524 525 523 523 523 522 522 523 524 523 523 523 523 523 522 522 524 524 524 523 523 522 521 521 521 521 521 524 526 526 525 521 521 524 524 527 519 519 521 521 521 523 522 522 521 520 520 521 521 521 521 521 520 514 514 515 515 514 511 507 521 521 521 517 517 517 518
0 0 0 0 0 0 0 0 0 0 0 0 0 0 0 0 0 0 0 0 0 0 0 0 546 546 546 546 545 545 545 545 546 546 546 543 542 542 544 545 546 546 546 544 544 542 541 541 542 542 542 542 541 541 541 541 541 542 543 539 538 538 539 540 540 537 537 539 540 540 539 539 537 537 537 537 539 539 540 540 540 540 539 539 539 539 539 539 539 541 536 536 535 534 533 533 533 533 534 538 534 534 535 536 537 539 539 536 535 534 534 535 532 532 532 531 531 532 532 532 532 532 532 533 533 533 534 533 532 532 532 531 529 529 530 530 532 529 526 526 0 0 0 0 0 0 0 0 0 0 0 0 0 0 0 0 0 0 0 0 0 0 0 0 0 0 0 0 0 0 0 0 0 0 0 0 0 0 0 0 0 0 0 0 0 0 0 0 0 0 0 0 0 0 0 0 0 0 523 523 525 525 525 527 526 523 522 522 522 523 523 525 526 528 528 524 523 523 522 521 521 521 521 523 523 524 526 521 521 521 521 521 521 521 521 521 521 521 521 521 521 521 521 519 519 520 520 520 521 520 520 518 518 519 519 519 518 518 518 518 523 520 520 520 520 520 519 518 518 519 520 519 519 517 517 517 517 517 518 518 517 517 517 517 518 518 517 517 517 518 518 518 518 518 515 515 516 516 516 516 515 515 515 516 516 517 514 514 514 514 514 511 507 507 512 512 512 516 516 517
0 0 0 0 0 0 0 0 0 0 0 0 0 0 0 0 0 0 0 0 0 0 0 0 544 544 542 542 543 542 542 542 543 541 540 540 541 540 540 540 540 540 541 541 541 540 540 540 540 540 541 541 540 540 538 538 536 536 535 535 535 536 537 538 536 536 536 536 536 537 537 537 536 535 535 535 535 536 535 535 534 534 536 536 534 533 533 534 534 532 532 532 532 532 532 531 531 531 532 531 531 532 532 532 535 527 527 529 529 531 529 529 529 529 529 529 529 529 529 529 529 529 529 529 528 528 528 529 529 529 529 529 529 528 528 528 527 526 526 526 526 0 0 0 0 0 0 0 0 0 0 0 0 0 0 0 0 0 0 0 0 0 0 0 0 0 0 0 0 0 0 0 0 0 0 0 0 0 0 0 0 0 0 0 0 0 0 0 0 0 0 0 0 0 0 0 0 521 520 520 521 521 521 527 518 518 518 520 520 521 520 520 520 517 517 518 518 518 518 517 517 517 517 517 517 517 517 517 518 518 518 519 519 519 517 517 519 519 519 520 519 519 516 516 517 517 518 518 518 517 517 517 517 517 516 516 517 517 517 517 517 517 517 519 519 517 516 516 516 515 515 516 516 515 515 516 517 517 515 515 515 515 516 516 516 516 515 515 516 517 517 515 513 513 512 512 512 514 514 514 514 514 514 514 514 513 513 512 512 512 511 511 507 507 507 511 509 509 512 513
0 0 0 0 0 0 0 0 0 0 0 0 0 0 0 0 0 0 0 0 0 0 0 0 542 542 540 540 540 540 540 540 540 540 540 540 540 538 536 535 535 535 538 539 538 538 537 537 539 540 540 538 538 536 535 535 533 533 532 532 532 534 534 536 535 535 535 534 534 534 534 534 534 534 534 533 533 534 534 534 533 533 530 530 530 531 531 531 531 529 529 529 529 530 530 529 529 529 529 529 529 529 527 527 527 527 527 528 528 527 527 527 528 528 528 528 528 528 528 527 527 527 527 527 525 525 525 525 525 524 524 524 524 524 525 524 524 525 525 525 525 0 0 0 0 0 0 0 0 0 0 0 0 0 0 0 0 0 0 0 0 0 0 0 0 0 0 0 0 0 0 0 0 0 0 0 0 0 0 0 0 0 0 0 0 0 0 0 0 0 0 0 0 0 0 0 517 517 517 517 517 514 514 516 517 517 517 516 516 517 515 515 515 514 514 515 515 517 514 514 514 515 516 516 515 515 515 514 514 514 515 515 516 517 517 515 515 514 514 514 514 514 515 515 515 515 516 515 514 514 514 514 514 513 512 512 514 515 515 512 512 512 513 514 514 513 513 513 514 513 513 514 514 514 514 514 514 511 511 511 514 514 515 515 515 514 514 514 512 511 511 512 511 511 511 511 511 511 512 512 512 512 511 511 511 508 508 511 512 512 511 511 507 507 507 507 507 507 507 506
0 0 0 0 0 0 0 0 0 0 0 0 0 0 0 0 0 0 0 0 0 0 0 0 529 529 532 534 534 536 537 538 537 537 538 538 536 534 534 534 534 534 534 539 538 538 535 529 529 529 530 530 530 532 531 530 529 529 529 529 530 531 529 529 535 535 533 532 531 531 530 529 529 530 528 526 526 527 529 530 529 526 526 527 528 529 529 529 528 527 527 528 528 528 528 528 528 528 529 528 527 527 526 526 526 526 526 525 525 525 524 522 522 522 525 525 525 524 522 522 522 522 523 525 523 523 522 521 521 521 521 521 521 521 521 520 520 520 521 525 525 0 0 0 0 0 0 0 0 0 0 0 0 0 0 0 0 0 0 0 0 0 0 0 0 0 0 0 0 0 0 0 0 0 0 0 0 0 0 0 0 0 0 0 0 0 0 0 0 0 0 0 0 0 0 0 517 517 514 514 514 514 514 515 515 514 514 514 514 514 514 514 514 513 513 513 513 514 513 513 513 514 514 514 513 513 512 511 511 511 511 512 512 512 510 510 511 511 511 509 508 508 508 515 515 515 508 508 514 514 511 511 508 508 509 509 509 511 510 510 511 510 510 508 508 510 509 509 509 509 510 508 508 508 510 511 508 508 508 509 511 511 511 515 507 507 510 510 509 509 509 510 508 508 508 508 509 507 507 506 506 505 504 504 504 504 506 511 0 0 0 0 507 507 507 506 505 505 505 504
0 0 0 0 0 0 0 0 0 0 0 0 0 0 0 0 0 0 0 0 0 0 0 0 529 529 529 529 530 534 526 526 529 529 529 530 529 529 530 531 531 529 526 526 526 526 528 529 529 529 529 529 530 526 526 527 527 528 528 529 529 529 525 525 525 525 525 532 528 527 525 525 525 525 523 523 523 523 523 524 524 525 524 524 525 528 527 527 525 525 525 525 525 524 522 522 522 520 519 519 520 523 525 525 525 525 525 523 522 522 521 518 518 519 523 523 523 523 520 519 519 519 520 520 521 521 520 519 519 518 518 519 517 517 517 517 517 517 518 525 0 0 0 0 0 0 0 0 0 0 0 0 0 0 0 0 0 0 0 0 0 0 0 0 0 0 0 0 0 0 0 0 0 0 0 0 0 0 0 0 0 0 0 0 0 0 0 0 0 0 0 0 0 0 0 0 517 517 514 514 514 514 514 514 513 512 511 511 511 509 509 511 510 510 510 510 511 511 511 511 512 512 514 514 509 509 509 509 510 510 510 511 508 508 507 507 508 509 508 507 506 506 506 505 505 505 505 506 508 507 507 507 506 506 507 507 507 507 505 505 507 507 507 506 506 506 506 506 507 507 507 507 507 507 507 505 505 505 505 507 507 504 503 503 503 503 504 506 507 507 507 507 504 504 503 503 505 504 504 504 504 503 503 503 503 503 503 503 503 0 0 0 0 504 0 504 504 502 500 500
0 0 0 0 0 0 0 0 0 0 0 0 0 0 0 0 0 0 0 0 0 0 0 0 528 527 526 526 525 525 525 525 525 527 527 526 525 525 527 527 527 526 525 525 525 525 525 526 526 527 526 526 526 525 525 525 525 525 526 527 527 528 525 525 525 524 522 522 522 522 522 521 521 521 521 521 521 521 521 521 522 523 523 522 522 520 520 519 519 519 518 518 518 519 520 520 519 518 517 517 519 520 523 523 525 525 517 517 518 515 515 517 517 517 517 516 516 516 515 515 516 513 513 520 521 521 520 517 517 517 516 516 514 514 514 515 515 515 518 518 0 0 0 0 0 0 0 0 0 0 0 0 0 0 0 0 0 0 0 0 0 0 0 0 0 0 0 0 0 0 0 0 0 0 0 0 0 0 0 0 0 0 0 0 0 0 0 0 0 0 0 0 0 0 0 0 0 507 507 508 509 508 508 508 508 509 509 508 508 505 505 506 507 507 508 508 508 507 507 506 506 512 506 506 505 505 505 506 506 507 503 503 506 505 505 505 504 504 504 504 504 504 504 504 504 504 504 503 503 504 504 504 505 505 505 504 504 505 504 503 503 503 504 504 504 504 504 504 504 502 502 504 504 504 503 503 503 503 503 504 504 503 502 502 501 501 502 502 502 504 502 502 502 502 502 502 502 501 501 500 500 500 501 501 502 503 503 503 503 0 0 0 0 0 504 504 504 502 500 500
0 0 0 0 0 0 0 0 0 0 0 0 0 0 0 0 0 0 0 0 0 0 0 0 525 525 525 524 524 522 522 523 524 524 525 525 525 525 525 523 523 524 523 523 524 524 525 525 522 522 522 521 521 524 522 522 523 521 519 517 516 516 517 520 520 520 518 518 520 521 521 520 519 519 520 519 519 519 519 519 520 521 521 521 522 520 517 517 517 517 517 517 517 517 516 516 517 517 516 515 515 515 523 512 512 513 514 514 514 514 514 514 514 515 514 513 513 513 513 513 512 512 512 511 511 511 511 511 511 511 511 512 512 512 511 511 510 510 510 511 511 511 0 0 0 0 0 0 0 0 0 0 0 0 0 0 0 0 0 0 0 0 0 0 0 0 0 0 0 0 0 0 0 0 0 0 0 0 0 0 0 0 0 0 0 0 0 0 0 0 0 0 0 0 0 0 0 507 507 508 509 508 504 504 504 505 505 504 504 504 504 504 504 505 505 505 503 503 502 502 503 503 502 502 503 503 503 502 502 502 502 502 502 504 504 504 504 503 502 502 502 502 502 502 502 502 502 502 500 500 502 504 504 504 504 503 502 502 501 500 500 501 502 502 502 504 504 502 501 501 500 500 500 499 499 500 501 502 499 499 500 501 500 500 498 498 499 499 499 499 499 499 499 500 499 499 499 497 497 497 497 497 498 498 498 503 503 503 486 0 0 0 0 0 486 491 491 491 491 491
0 0 0 0 0 0 0 0 0 0 0 0 0 0 0 0 0 0 0 0 0 0 0 0 521 521 521 521 521 521 521 521 522 522 522 522 522 525 523 521 520 520 520 520 520 520 519 519 519 519 519 519 519 517 517 520 518 518 516 516 516 515 515 514 514 514 514 516 518 519 518 517 517 517 517 517 517 517 518 518 518 513 512 512 513 514 514 514 515 514 514 515 515 515 514 514 514 514 515 513 511 511 511 511 511 513 513 513 513 513 512 512 513 511 510 510 510 510 510 510 509 509 509 508 508 508 508 508 508 509 510 510 510 508 508 508 507 507 507 507 507 511 0 0 0 0 0 0 0 0 0 0 0 0 0 0 0 0 0 0 0 0 0 0 0 0 0 0 0 0 0 0 0 0 0 0 0 0 0 0 0 0 0 0 0 0 0 0 0 0 0 0 0 0 499 499 501 501 502 502 502 502 502 502 502 502 502 501 501 502 502 502 502 499 499 498 498 499 499 500 502 502 501 500 500 500 497 497 498 500 500 501 496 496 498 496 496 499 499 499 499 499 499 499 499 499 499 499 498 498 499 501 501 499 499 499 499 498 498 497 497 497 498 499 497 496 496 497 497 499 498 498 497 497 497 498 497 497 496 496 496 497 497 497 496 496 496 496 497 497 495 495 498 497 497 497 496 494 494 494 494 495 496 496 496 496 492 0 0 0 0 0 0 0 486 0 490 490 490 490
0 0 0 0 0 0 0 0 0 0 0 0 0 0 0 0 0 0 0 0 0 0 0 0 517 517 517 517 519 519 519 519 519 518 518 516 516 522 516 516 516 517 517 517 517 517 514 514 515 515 516 516 517 515 515 516 516 516 515 515 515 515 515 511 511 511 513 513 511 511 511 511 511 514 512 512 513 513 513 518 508 508 509 511 512 513 513 513 507 507 508 508 510 511 511 511 511 511 509 507 507 509 509 510 510 510 510 508 508 508 509 508 507 507 507 507 507 507 507 507 507 507 507 507 507 507 507 507 507 507 507 509 507 506 504 504 505 505 503 503 505 507 0 0 0 0 0 0 0 0 0 0 0 0 0 0 0 0 0 0 0 0 0 0 0 0 0 0 0 0 0 0 0 0 0 0 0 0 0 0 0 0 0 0 0 0 0 0 0 0 0 0 0 496 496 496 496 497 497 496 496 498 500 500 500 500 499 499 499 499 498 497 497 497 498 497 497 497 497 497 496 496 496 496 497 496 495 495 495 499 496 496 494 494 494 494 494 495 496 496 496 496 496 495 494 494 496 496 496 496 496 496 494 494 496 496 497 494 494 495 495 496 496 496 493 493 494 493 493 493 493 494 494 495 494 494 494 494 494 494 494 494 494 494 494 494 495 494 493 491 491 492 492 492 494 494 494 493 492 492 493 494 495 494 493 492 492 492 486 486 486 485 485 486 486 485 490 490 488 488
0 0 0 0 0 0 0 0 0 0 0 0 0 0 0 0 0 0 0 0 0 0 0 0 517 514 514 514 514 514 514 514 514 515 516 516 516 513 513 514 514 514 514 515 513 513 513 513 513 513 514 515 515 513 513 514 514 510 510 511 515 515 514 510 510 511 511 511 511 510 509 509 508 508 509 510 511 509 508 507 507 508 509 510 511 512 511 505 505 505 505 505 507 507 507 507 507 507 507 506 506 507 507 506 506 504 504 505 506 505 505 504 504 505 506 506 504 504 504 504 504 504 504 504 505 506 507 504 502 502 502 509 507 506 502 502 504 502 502 502 503 507 0 0 0 0 0 0 0 0 0 0 0 0 0 0 0 0 0 0 0 0 0 0 0 0 0 0 0 0 0 0 0 0 0 0 0 0 0 0 0 0 0 0 0 0 0 0 0 0 0 0 0 496 496 495 495 495 495 496 496 498 500 500 494 494 495 496 496 496 496 496 496 496 496 496 496 496 495 494 494 494 494 495 493 492 492 493 493 492 492 492 493 493 493 492 492 493 493 493 493 493 493 492 492 492 492 492 492 494 496 491 491 491 491 491 491 491 492 494 493 493 491 491 491 491 491 491 491 491 491 491 492 491 491 491 491 492 492 492 492 492 492 491 491 491 491 491 489 489 489 489 489 489 492 491 491 491 491 491 491 489 489 489 489 489 492 492 485 485 485 485 485 485 485 485 482 482 482 483
0 0 0 0 0 0 0 0 0 0 0 0 0 0 0 0 0 0 0 0 0 0 0 0 0 511 511 510 510 510 511 511 512 511 510 509 509 509 510 511 512 513 513 510 510 510 510 510 510 510 510 509 509 507 507 507 504 504 507 507 507 507 506 506 507 508 509 508 508 507 506 506 507 507 507 507 506 505 505 506 506 508 507 505 504 504 504 504 504 504 504 504 504 504 504 504 503 503 503 504 504 504 504 500 500 502 501 500 500 501 502 502 503 504 503 503 501 501 502 502 502 502 502 502 499 499 499 499 502 502 502 496 496 496 496 496 496 497 498 498 503 0 0 0 0 0 0 0 0 0 0 0 0 0 0 0 0 0 0 0 0 0 0 0 0 0 0 0 0 0 0 0 0 0 0 0 0 0 0 0 0 0 0 0 0 0 0 0 0 0 0 0 0 496 494 493 493 494 494 494 494 493 493 491 491 492 492 493 493 494 494 496 496 491 491 493 496 494 491 491 491 491 491 490 490 491 491 491 491 489 489 489 489 490 492 492 491 491 491 490 490 491 490 490 491 491 491 490 488 488 488 488 489 489 489 489 489 489 489 489 489 489 489 489 489 490 490 490 490 490 490 490 490 489 489 489 490 490 491 490 489 489 489 489 489 489 489 489 486 486 486 486 486 486 486 486 486 487 486 486 487 487 487 487 488 489 489 484 483 483 483 483 484 484 484 482 481 481 482 482
0 0 0 0 0 0 0 0 0 0 0 0 0 0 0 0 0 0 0 0 0 0 0 0 0 509 509 507 507 507 507 507 509 509 509 508 508 507 507 507 508 511 511 507 507 506 505 505 505 506 507 506 506 505 505 503 503 504 504 504 504 505 505 505 507 505 505 504 504 504 504 504 505 506 507 502 502 503 503 503 502 502 502 502 501 501 501 501 502 502 502 502 502 502 502 501 501 501 501 501 504 504 499 499 499 499 499 499 498 498 499 500 500 499 499 499 499 499 499 499 500 501 502 498 497 497 496 496 496 496 496 495 495 495 496 496 496 496 496 496 494 494 0 0 0 0 0 0 0 0 0 0 0 0 0 0 0 0 0 0 0 0 0 0 0 0 0 0 0 0 0 0 0 0 0 0 0 0 0 0 0 0 0 0 0 0 0 0 0 0 0 0 0 492 492 491 491 492 490 489 489 489 493 491 490 490 488 488 489 489 489 489 489 488 488 488 488 494 491 491 489 489 489 488 488 489 491 491 486 486 487 487 487 488 489 489 489 489 488 487 487 486 485 485 488 491 491 486 486 487 487 487 487 487 487 487 487 487 489 489 487 487 487 489 487 487 487 487 487 490 490 485 484 484 485 485 485 488 487 487 486 486 486 486 486 486 486 485 483 483 484 484 484 484 484 484 485 485 484 484 483 483 484 484 481 481 482 482 482 481 480 480 482 484 482 480 480 480 480 481
0 0 0 0 0 0 0 0 0 0 0 0 0 0 0 0 0 0 0 0 0 0 0 0 0 504 504 504 504 505 505 505 506 506 507 507 505 505 504 504 504 504 504 505 506 504 503 503 503 504 505 502 502 502 502 502 502 502 502 502 503 503 504 502 502 502 502 502 502 502 502 503 503 498 498 498 499 499 499 499 499 499 498 498 499 499 499 499 499 499 499 499 499 499 499 499 499 499 498 497 497 497 499 499 499 499 498 496 496 496 497 497 498 497 497 499 496 496 495 495 493 492 491 491 492 494 494 494 494 494 494 494 493 493 494 494 494 494 494 494 493 493 0 0 0 0 0 0 0 0 0 0 0 0 0 0 0 0 0 0 0 0 0 0 0 0 0 0 0 0 0 0 0 0 0 0 0 0 0 0 0 0 0 0 0 0 0 0 0 0 0 0 0 491 491 491 491 488 488 488 488 488 488 491 490 487 487 487 487 487 487 487 487 487 485 485 485 484 484 485 485 486 487 486 486 489 489 484 484 484 485 485 485 485 489 483 483 483 484 484 484 483 483 484 484 484 484 485 486 486 484 484 484 484 484 485 485 485 485 483 482 482 483 483 483 483 483 483 483 483 484 483 483 484 484 484 484 482 482 482 482 484 483 483 484 484 484 483 482 482 482 482 482 481 481 482 484 484 483 482 482 478 478 480 480 480 480 480 481 481 480 480 482 484 480 479 479 480 480 481
0 0 0 0 0 0 0 0 0 0 0 0 0 0 0 0 0 0 0 0 0 0 0 0 0 501 501 502 502 503 503 502 502 503 507 506 502 502 503 503 504 503 503 503 503 502 502 501 501 499 499 499 499 499 500 500 500 500 500 500 500 500 500 497 497 499 498 498 496 496 497 497 497 497 497 498 498 499 499 498 497 497 496 496 496 496 496 496 496 496 496 496 494 494 494 497 496 496 495 494 494 494 494 499 499 488 488 490 490 490 489 489 489 489 496 496 491 490 489 489 490 490 490 490 490 492 487 487 487 488 489 490 486 486 486 486 486 487 487 489 492 492 0 0 0 0 0 0 0 0 0 0 0 0 0 0 0 0 0 0 0 0 0 0 0 0 0 0 0 0 0 0 0 0 0 0 0 0 0 0 0 0 0 0 0 0 0 0 0 0 0 0 0 482 482 481 481 481 482 482 487 488 488 484 480 480 480 480 480 487 487 480 480 480 480 480 480 480 480 480 480 481 477 477 478 478 478 479 480 480 479 479 479 479 479 480 480 480 480 481 482 482 482 482 482 482 483 484 486 486 482 482 484 482 478 477 477 480 480 481 480 480 480 480 480 480 481 481 480 480 484 480 480 480 480 480 478 478 478 478 480 480 480 480 480 480 480 480 480 480 480 480 480 480 480 476 476 477 483 478 477 477 477 478 478 478 478 480 481 472 472 472 472 472 480 479 479 479 472 471
0 0 0 0 0 0 0 0 0 0 0 0 0 0 0 0 0 0 0 0 0 0 0 0 0 500 500 499 499 501 499 499 499 496 496 496 496 499 500 502 502 502 497 497 497 497 498 499 499 499 497 497 498 498 498 499 499 499 499 499 499 497 497 496 496 496 496 496 496 496 496 495 494 494 494 491 491 498 487 487 488 491 491 491 489 489 488 488 491 491 489 489 490 490 490 487 487 487 488 488 489 489 489 486 484 484 485 487 487 487 486 485 484 484 484 484 485 485 485 487 489 489 481 481 482 483 484 484 485 484 484 484 484 485 486 486 486 486 487 487 492 492 0 0 0 0 0 0 0 0 0 0 0 0 0 0 0 0 0 0 0 0 0 0 0 0 0 0 0 0 0 0 0 0 0 0 0 0 0 0 0 0 0 0 0 0 0 0 0 0 0 0 0 482 481 478 478 477 477 482 487 478 478 477 477 477 478 478 478 477 476 476 478 478 478 478 477 477 478 478 477 476 476 476 476 476 476 476 475 475 476 477 477 478 478 478 476 475 475 478 476 476 476 476 476 475 474 474 474 474 474 474 474 474 474 476 476 476 476 476 477 477 476 476 477 476 476 477 476 476 477 478 478 479 478 478 477 477 476 476 476 478 478 478 476 476 477 476 476 478 478 478 477 477 477 474 474 474 474 472 472 474 475 475 474 473 472 472 472 471 471 472 472 472 472 469 469 471 471 470
0 0 0 0 0 0 0 0 0 0 0 0 0 0 0 0 0 0 0 0 0 0 0 0 0 497 495 495 494 494 494 494 494 494 494 495 495 496 496 496 492 492 494 494 495 495 496 496 490 490 491 494 494 494 494 489 489 487 487 489 489 489 489 488 488 489 490 492 492 488 487 487 487 487 487 488 487 486 486 487 488 489 489 488 487 487 485 484 484 485 485 486 488 489 485 485 485 486 486 488 484 484 484 484 484 483 483 484 484 485 485 484 483 483 481 481 484 484 484 484 484 482 481 481 482 482 482 483 483 483 483 483 483 484 486 486 486 486 487 479 479 479 0 0 0 0 0 0 0 0 0 0 0 0 0 0 0 0 0 0 0 0 0 0 0 0 0 0 0 0 0 0 0 0 0 0 0 0 0 0 0 0 0 0 0 0 0 0 0 0 0 0 0 0 481 476 476 475 475 475 475 476 476 474 474 475 476 476 475 474 474 474 474 474 474 475 475 475 475 474 474 474 474 474 474 474 474 474 474 474 474 475 476 476 474 474 474 474 473 473 473 473 474 474 475 472 472 472 472 473 473 473 473 473 474 474 474 473 473 473 474 474 474 474 474 474 474 473 473 474 473 470 470 470 470 472 472 473 472 472 472 472 472 472 472 473 474 476 476 476 475 475 474 470 470 470 471 472 473 472 472 472 472 472 472 472 471 471 471 470 470 471 471 471 471 469 469 468 468 468
0 0 0 0 0 0 0 0 0 0 0 0 0 0 0 0 0 0 0 0 0 0 0 0 0 492 492 492 491 491 492 492 492 493 493 494 494 492 489 489 489 489 491 488 488 488 488 488 489 489 489 489 489 489 489 488 486 485 485 487 487 487 487 486 486 485 485 484 484 484 484 485 485 485 485 486 484 484 484 485 487 487 487 486 486 484 484 482 482 483 483 483 482 482 482 483 484 484 484 482 482 482 482 482 482 482 482 483 482 482 483 483 482 482 480 480 480 482 482 479 478 478 480 480 480 480 480 480 481 482 480 478 478 478 477 476 476 476 476 476 476 476 0 0 0 0 0 0 0 0 0 0 0 0 0 0 0 0 0 0 0 0 0 0 0 0 0 0 0 0 0 0 0 0 0 0 0 0 0 0 0 0 0 0 0 0 0 0 0 0 0 0 0 0 0 474 474 474 474 474 474 472 472 472 473 473 473 474 474 473 472 472 472 472 472 472 473 474 472 472 472 471 471 472 472 474 474 471 471 471 471 472 473 476 474 470 470 470 471 472 472 472 474 474 475 470 470 471 471 471 471 471 471 473 474 472 470 470 470 469 469 474 472 472 472 472 472 472 472 473 469 468 468 468 468 468 468 469 469 468 468 470 470 470 470 472 467 467 467 467 467 468 468 469 468 468 468 467 467 467 470 470 468 468 468 469 469 470 468 468 468 468 469 469 469 465 465 467 466 466
0 0 0 0 0 0 0 0 0 0 0 0 0 0 0 0 0 0 0 0 0 0 0 0 0 491 491 491 490 489 489 488 487 487 487 488 488 487 485 484 484 486 487 486 485 485 484 484 485 485 485 486 486 486 484 484 484 484 484 484 484 485 483 483 483 484 484 484 484 484 484 484 484 484 484 484 483 482 482 482 487 487 487 486 484 482 481 481 481 482 482 481 480 480 480 480 482 479 479 479 480 480 480 480 481 481 481 481 480 480 481 483 482 478 478 478 478 477 476 476 476 476 475 474 474 474 474 475 479 479 479 476 476 476 476 476 476 476 475 475 475 475 476 0 0 0 0 0 0 0 0 0 0 0 0 0 0 0 0 0 0 0 0 0 0 0 0 0 0 0 0 0 0 0 0 0 0 0 0 0 0 0 0 0 0 0 0 0 0 0 0 0 0 0 468 468 474 472 472 470 470 470 470 471 470 470 470 470 472 472 471 471 470 470 470 470 471 471 471 470 470 470 470 469 468 468 468 468 469 468 468 467 467 468 467 467 467 467 468 472 472 472 474 474 474 468 468 468 468 468 468 468 468 468 468 468 467 467 467 465 465 466 472 472 472 463 463 464 472 473 468 467 467 467 467 467 466 465 465 465 465 467 467 466 464 464 464 464 465 465 465 465 465 465 464 464 465 463 463 463 463 463 464 464 464 465 465 470 463 463 462 462 462 462 462 465 464 464 463 463
0 0 0 0 0 0 0 0 0 0 0 0 0 0 0 0 0 0 0 0 0 0 0 0 0 487 487 491 490 489 483 483 484 483 483 484 484 484 484 484 484 484 484 484 483 482 482 482 482 482 482 483 482 482 482 482 482 482 482 482 484 485 481 481 481 482 481 481 482 482 483 483 483 482 482 481 480 480 480 479 478 478 478 479 484 476 476 479 476 476 478 478 478 478 478 478 476 476 478 478 478 478 479 479 481 481 476 476 478 478 481 481 475 474 474 475 474 474 474 474 475 475 473 473 473 473 473 473 473 474 474 474 474 474 474 474 474 474 474 474 474 474 474 0 0 0 0 0 0 0 0 0 0 0 0 0 0 0 0 0 0 0 0 0 0 0 0 0 0 0 0 0 0 0 0 0 0 0 0 0 0 0 0 0 0 0 0 0 0 0 0 0 0 0 467 467 468 468 469 468 468 468 468 468 468 468 468 468 472 472 469 469 468 468 468 468 471 471 471 470 470 470 470 467 467 467 467 467 467 467 466 466 466 466 466 465 464 464 463 463 463 463 458 468 468 468 467 467 466 465 465 465 465 463 463 468 463 463 465 463 463 463 463 464 463 463 463 462 462 462 468 465 465 465 465 464 463 463 462 462 463 467 461 461 462 463 463 463 462 462 465 462 462 462 462 463 463 463 462 462 462 462 462 462 463 464 464 463 462 462 458 458 459 459 459 465 464 462 460 460
0 0 0 0 0 0 0 0 0 0 0 0 0 0 0 0 0 0 0 0 0 0 0 0 0 480 480 480 480 480 480 480 482 482 482 484 484 484 482 482 482 481 480 480 480 480 480 480 478 478 478 478 479 478 477 476 476 476 476 477 477 477 477 478 480 480 478 478 474 474 476 476 476 477 476 476 476 476 476 476 476 476 475 475 474 474 474 474 474 474 476 476 476 478 478 474 474 474 473 472 472 473 474 470 470 470 473 474 478 478 478 475 475 472 472 471 471 472 472 472 475 475 472 472 472 472 472 472 472 472 471 470 470 470 470 472 473 473 472 471 471 469 469 465 465 0 0 0 0 0 0 0 0 0 0 0 0 0 0 0 0 0 0 0 0 0 0 0 0 0 0 0 0 0 0 0 0 0 0 0 0 0 0 0 0 0 0 0 0 0 0 0 0 0 466 466 466 465 465 465 465 466 467 468 465 465 466 466 466 460 460 460 462 464 464 463 463 463 463 463 458 467 467 467 467 462 462 462 464 465 464 464 464 464 464 463 463 463 463 463 463 463 458 460 460 465 465 465 464 463 463 462 462 462 462 461 461 461 462 463 463 463 460 459 459 461 462 461 461 461 461 461 463 462 462 462 462 462 462 462 461 461 461 461 461 462 462 461 461 460 460 460 461 461 462 462 462 460 460 458 458 457 457 458 458 457 457 463 462 459 458 458 456 456 457 457 455 455 455 457
0 0 0 0 0 0 0 0 0 0 0 0 0 0 0 0 0 0 0 0 0 0 0 0 0 478 478 478 478 477 477 478 478 479 476 476 475 475 476 480 479 479 478 478 478 478 478 476 476 476 476 476 476 476 476 475 475 474 474 475 476 476 476 476 476 478 476 475 474 474 474 474 475 475 475 474 474 475 474 474 476 474 474 472 472 472 472 472 472 472 472 472 472 472 472 472 472 472 472 472 472 470 470 470 470 470 471 474 474 469 469 469 469 470 470 470 470 470 469 469 469 472 472 472 470 470 469 468 467 467 467 467 467 468 468 468 467 467 465 465 466 466 465 464 464 0 0 0 0 0 0 0 0 0 0 0 0 0 0 0 0 0 0 0 0 0 0 0 0 0 0 0 0 0 0 0 0 0 0 0 0 0 0 0 0 0 0 0 0 0 0 0 0 0 463 463 463 463 463 463 463 464 467 467 463 462 462 463 463 460 460 460 461 464 464 463 463 463 463 0 458 458 460 460 460 459 459 459 458 458 460 461 461 461 461 461 461 460 460 460 457 457 458 460 460 463 463 460 460 463 463 459 459 460 460 459 459 459 459 459 459 457 457 458 458 459 460 461 459 459 459 459 458 458 459 459 460 460 461 459 458 458 458 458 460 460 460 457 457 457 457 457 459 458 455 455 455 455 457 457 457 457 457 457 457 456 456 456 456 456 454 454 452 452 457 453 453 453 453 454
0 0 0 0 0 0 0 0 0 0 0 0 0 0 0 0 0 0 0 0 0 0 0 0 0 478 476 476 476 476 476 476 476 475 474 474 474 474 475 475 476 475 475 474 474 475 474 474 474 474 474 474 474 473 473 474 474 474 473 473 474 475 475 475 469 469 472 472 472 472 473 473 474 474 473 473 471 470 470 471 470 470 469 469 469 469 469 469 470 470 470 470 470 470 469 469 470 470 470 470 468 468 468 468 469 469 469 468 468 467 467 467 467 467 467 467 467 467 467 465 465 465 465 467 467 468 468 468 466 466 466 466 466 466 467 468 463 463 463 463 463 464 464 464 464 0 0 0 0 0 0 0 0 0 0 0 0 0 0 0 0 0 0 0 0 0 0 0 0 0 0 0 0 0 0 0 0 0 0 0 0 0 0 0 0 0 0 0 0 0 0 0 0 0 461 461 460 460 461 460 458 458 458 458 459 460 460 463 463 459 459 459 459 459 459 459 455 455 455 455 458 458 458 458 458 458 458 457 457 457 457 457 457 457 457 458 458 457 457 457 457 457 457 460 460 457 457 457 457 457 457 457 457 457 457 457 457 457 457 457 457 456 456 456 456 456 456 461 455 455 456 458 458 455 454 454 454 460 461 459 457 457 455 455 455 454 453 453 455 455 455 457 459 454 454 454 454 454 454 454 454 454 455 455 457 456 456 456 452 452 451 451 451 451 451 451 450 450 452 451
0 0 0 0 0 0 0 0 0 0 0 0 0 0 0 0 0 0 0 0 0 0 0 0 0 478 473 473 474 473 471 471 472 472 472 473 472 472 474 474 474 473 473 473 473 472 472 472 472 472 470 470 470 470 470 470 470 470 469 469 469 468 468 468 468 468 468 469 470 471 470 470 470 470 470 470 469 469 470 470 470 470 469 468 468 468 467 467 468 468 468 468 468 467 467 467 467 466 466 467 466 466 468 468 469 469 469 463 463 464 465 465 465 465 465 465 466 465 465 464 464 465 465 467 467 468 468 468 463 463 463 464 466 466 467 467 462 462 462 463 463 463 463 462 462 0 0 0 0 0 0 0 0 0 0 0 0 0 0 0 0 0 0 0 0 0 0 0 0 0 0 0 0 0 0 0 0 0 0 0 0 0 0 0 0 0 0 0 0 0 0 0 0 0 457 457 457 457 457 457 457 457 457 457 457 460 460 463 463 459 459 459 459 459 459 455 455 455 455 455 455 455 455 456 456 456 456 456 455 455 456 455 455 455 455 455 455 455 455 456 456 456 457 457 457 457 457 454 454 454 454 454 455 456 456 456 455 455 456 454 454 454 454 454 454 454 454 452 452 452 452 452 452 452 452 452 452 451 450 450 450 452 452 452 452 451 451 451 452 453 454 454 451 451 451 451 452 451 451 451 451 450 450 450 450 448 446 446 446 446 448 448 448 448 448 447 447 448 448 451
0 0 0 0 0 0 0 0 0 0 0 0 0 0 0 0 0 0 0 0 0 0 0 0 0 0 472 471 471 472 470 470 470 470 471 470 470 469 469 469 470 470 470 470 471 470 470 470 470 470 469 468 468 468 467 467 467 467 467 467 467 467 467 467 467 467 468 468 468 468 468 468 468 467 466 466 466 467 466 465 464 464 464 467 466 466 466 466 467 467 467 465 465 465 466 466 465 465 465 464 464 465 465 465 460 461 461 461 461 461 463 463 463 463 463 463 463 463 463 462 462 462 461 461 462 460 460 460 459 459 462 463 463 463 461 461 461 461 462 462 460 460 460 460 460 0 0 0 0 0 0 0 0 0 0 0 0 0 0 0 0 0 0 0 0 0 0 0 0 0 0 0 0 0 0 0 0 0 0 0 0 0 0 0 0 0 0 0 0 0 0 0 0 0 455 455 455 455 454 454 456 456 456 456 455 455 455 451 453 453 453 452 452 453 452 452 452 452 453 453 453 452 452 454 454 454 454 452 452 452 456 455 455 453 453 453 452 452 452 452 454 456 456 452 452 452 451 451 451 451 452 452 453 452 452 452 452 452 452 452 452 454 452 452 452 452 452 450 450 451 451 451 451 451 451 451 451 451 450 450 450 450 451 451 450 450 450 450 450 451 445 445 447 448 448 449 450 450 449 449 448 447 447 447 447 448 446 446 446 446 447 447 447 446 446 446 446 447 447 445
0 0 0 0 0 0 0 0 0 0 0 0 0 0 0 0 0 0 0 0 0 0 0 0 0 0 472 463 463 466 467 467 469 469 469 466 465 465 465 465 465 466 466 466 466 466 467 467 467 467 468 468 468 465 465 465 465 465 465 465 466 466 466 465 465 465 465 463 463 462 462 462 465 465 464 464 465 463 463 463 463 463 463 463 463 463 463 463 463 463 463 463 465 460 460 461 462 462 465 460 460 461 461 0 460 460 460 460 460 460 460 460 460 460 461 460 460 460 460 460 460 460 456 456 456 458 458 458 458 458 460 460 460 0 455 461 461 461 462 462 460 456 456 460 460 0 0 0 0 0 0 0 0 0 0 0 0 0 0 0 0 0 0 0 0 0 0 0 0 0 0 0 0 0 0 0 0 0 0 0 0 0 0 0 0 0 0 0 0 0 0 0 0 451 451 452 452 452 453 452 452 452 452 452 455 450 450 451 451 451 452 451 451 452 451 451 451 451 451 451 451 452 452 453 452 451 451 451 451 450 449 449 449 449 450 450 450 451 451 451 454 454 445 452 452 451 449 449 449 449 449 450 449 449 449 448 446 446 449 451 451 454 449 449 451 449 449 447 447 448 449 449 449 449 449 449 449 449 449 449 449 449 449 449 449 449 448 448 448 448 445 445 446 446 446 446 447 447 448 447 446 446 446 446 446 446 446 445 445 445 445 447 447 444 443 443 444 446 447 445
0 0 0 0 0 0 0 0 0 0 0 0 0 0 0 0 0 0 0 0 0 0 0 0 0 0 463 463 463 463 463 465 469 469 463 463 463 463 463 463 464 465 465 465 465 465 463 463 462 462 462 462 463 464 464 463 463 463 463 464 463 463 463 463 462 462 463 462 461 460 460 461 461 461 461 461 465 459 459 459 460 461 461 462 460 460 461 461 461 461 460 460 460 460 458 458 458 458 458 458 458 461 461 457 458 458 458 458 458 457 457 458 457 457 458 460 460 457 457 458 456 456 455 455 455 457 457 457 457 457 457 460 460 454 455 455 455 455 455 454 454 454 454 454 0 0 0 0 0 0 0 0 0 0 0 0 0 0 0 0 0 0 0 0 0 0 0 0 0 0 0 0 0 0 0 0 0 0 0 0 0 0 0 0 0 0 0 0 0 0 0 0 0 450 450 450 450 451 451 451 450 450 450 452 448 448 449 449 449 451 451 451 451 449 449 451 449 449 449 449 449 449 449 449 449 449 449 449 449 449 449 449 449 449 448 448 448 449 449 449 449 445 445 445 447 447 447 448 448 448 448 448 447 447 448 447 446 446 447 447 447 447 449 448 448 447 446 446 446 446 449 445 445 446 446 446 446 445 445 445 445 445 449 448 446 444 444 446 446 446 445 445 445 445 445 445 445 446 445 445 443 443 443 444 445 446 446 445 445 445 445 440 440 443 442 442 442 446 446 445
0 0 0 0 0 0 0 0 0 0 0 0 0 0 0 0 0 0 0 0 0 0 0 0 0 0 460 460 462 462 462 460 460 460 460 461 461 462 462 462 462 463 465 461 461 460 460 460 461 461 461 460 460 460 460 460 460 460 462 460 460 460 460 460 460 460 460 460 460 460 460 460 457 457 458 458 458 458 458 458 458 458 456 455 455 455 455 456 456 456 456 458 457 456 456 455 454 454 455 456 457 457 457 457 458 458 458 457 456 456 456 456 455 455 455 455 455 455 455 455 454 454 454 454 454 453 453 454 457 457 457 457 454 454 454 453 453 455 455 454 452 451 451 450 450 451 0 0 0 0 0 0 0 0 0 0 0 0 0 0 0 0 0 0 0 0 0 0 0 0 0 0 0 0 0 0 0 0 0 0 0 0 0 0 0 0 0 0 0 0 0 0 446 446 446 447 448 451 447 447 448 448 449 449 446 446 447 447 447 451 446 446 446 446 449 451 449 449 449 446 446 446 449 449 449 446 446 449 449 449 449 449 443 443 443 444 448 449 449 449 445 444 444 444 444 444 445 445 445 446 446 445 445 445 444 444 445 445 445 445 447 447 447 444 444 444 444 444 445 444 443 443 443 444 445 444 444 444 444 444 444 442 442 442 442 442 442 441 441 444 444 444 444 444 441 441 440 438 438 438 440 441 441 444 445 445 436 437 437 437 438 438 438 437 437 439 440 438 438 438
0 0 0 0 0 0 0 0 0 0 0 0 0 0 0 0 0 0 0 0 0 0 0 0 0 0 460 460 460 462 460 460 459 459 459 460 460 460 460 460 458 458 458 459 459 458 457 457 459 459 458 458 458 458 458 458 458 458 458 458 460 459 459 458 458 458 457 457 456 456 457 455 455 456 456 457 457 457 457 456 456 456 455 454 454 454 454 454 453 453 454 455 454 454 454 454 454 453 452 452 452 452 457 457 450 452 452 452 454 454 453 453 453 453 453 455 455 455 455 450 450 452 452 452 451 451 450 449 449 449 449 449 449 449 449 449 449 449 449 449 449 449 449 449 449 449 0 0 0 0 0 0 0 0 0 0 0 0 0 0 0 0 0 0 0 0 0 0 0 0 0 0 0 0 0 0 0 0 0 0 0 0 0 0 0 0 0 0 0 0 0 444 444 445 445 446 446 445 445 445 448 448 449 449 446 445 445 445 444 444 444 445 444 444 444 444 444 445 445 445 445 446 446 442 442 442 442 442 442 444 442 442 442 442 442 442 442 442 442 442 442 442 442 442 444 444 444 443 443 443 443 442 442 442 443 443 443 445 445 445 445 442 442 441 441 441 441 442 442 442 442 442 442 442 442 444 444 441 441 441 440 440 440 441 441 441 442 438 438 438 438 440 440 440 439 439 438 437 437 437 437 440 439 437 437 437 436 436 436 436 436 437 436 436 435 435 436 436 438 438
0 0 0 0 0 0 0 0 0 0 0 0 0 0 0 0 0 0 0 0 0 0 0 0 0 0 458 458 460 462 460 460 458 457 457 457 458 458 458 457 457 457 457 455 455 455 455 455 455 457 457 457 456 456 457 456 456 455 455 454 454 459 459 458 457 457 456 455 455 455 454 454 454 454 454 455 455 455 455 455 455 455 455 454 454 453 452 452 452 452 452 452 452 452 452 452 452 452 451 450 450 450 450 450 450 449 449 449 449 454 453 451 450 450 449 449 449 448 448 448 448 448 448 449 450 449 448 448 448 448 448 448 448 446 446 447 448 448 449 449 448 448 448 448 448 448 0 0 0 0 0 0 0 0 0 0 0 0 0 0 0 0 0 0 0 0 0 0 0 0 0 0 0 0 0 0 0 0 0 0 0 0 0 0 0 0 0 0 0 0 0 444 444 444 444 444 444 444 445 445 445 440 440 442 442 442 442 442 442 442 442 443 443 444 444 0 0 0 442 442 442 442 442 441 441 441 441 441 441 442 442 442 441 441 442 442 442 436 436 442 442 442 442 442 444 444 441 441 438 438 440 440 441 442 443 443 443 440 438 438 438 439 442 440 440 440 440 440 440 440 440 440 441 441 440 439 439 440 440 440 438 438 438 438 441 440 440 437 437 438 438 440 436 436 437 438 436 436 436 436 436 436 436 436 436 437 434 434 435 435 433 433 436 435 435 435 436 432 432 432
0 0 0 0 0 0 0 0 0 0 0 0 0 0 0 0 0 0 0 0 0 0 0 0 0 0 458 458 458 452 452 452 453 453 457 457 458 458 458 454 454 454 454 454 454 454 454 453 453 453 455 455 454 453 452 452 453 454 454 450 450 450 452 452 457 457 454 452 451 451 452 452 453 453 446 446 452 452 452 454 455 455 451 451 452 451 451 451 451 451 450 450 452 452 449 449 449 449 450 448 448 448 449 448 448 448 448 448 448 448 448 451 450 447 447 448 448 448 448 448 445 445 445 445 446 446 446 447 447 448 448 448 448 445 445 445 445 445 445 446 446 446 447 448 448 448 0 0 0 0 0 0 0 0 0 0 0 0 0 0 0 0 0 0 0 0 0 0 0 0 0 0 0 0 0 0 0 0 0 0 0 0 0 0 0 0 0 0 0 438 438 439 440 441 442 442 440 440 438 438 440 440 440 440 440 440 440 440 440 439 439 440 440 440 440 437 437 438 440 440 440 440 436 441 441 440 440 440 440 440 440 440 439 439 442 442 436 436 436 435 436 436 436 436 436 437 437 437 437 437 438 438 438 442 442 435 437 437 437 436 436 437 437 437 438 438 438 437 437 437 437 436 436 436 437 437 437 440 440 437 437 437 437 437 435 435 434 434 436 436 433 435 435 435 435 434 434 434 434 433 433 433 433 433 434 434 434 432 432 432 430 430 430 431 433 432 432 431 431 431
0 0 0 0 0 0 0 0 0 0 0 0 0 0 0 0 0 0 0 0 0 0 0 0 0 0 0 0 450 450 450 451 451 451 450 449 449 450 450 451 451 451 452 452 453 452 451 451 451 452 452 452 451 451 450 450 451 452 451 450 450 450 450 450 450 449 449 450 449 449 450 450 446 446 446 446 446 447 446 446 455 455 447 447 449 449 449 448 448 445 445 445 445 446 449 449 449 449 446 446 446 446 446 445 445 446 446 446 446 448 448 448 446 446 446 446 444 442 442 443 444 444 444 444 444 444 444 445 445 448 448 443 443 443 443 444 442 441 440 440 441 446 447 448 0 0 0 0 0 0 0 0 0 0 0 0 0 0 0 0 0 0 0 0 0 0 0 0 0 0 0 0 0 0 0 0 0 0 0 0 0 0 0 0 0 0 0 0 0 438 438 437 437 437 438 438 440 440 438 438 438 439 435 435 436 438 438 440 437 437 437 436 436 436 436 437 437 438 439 439 440 440 436 436 435 435 436 437 437 437 437 437 439 439 435 435 435 435 435 435 436 436 0 0 436 436 436 436 436 436 437 436 436 434 434 435 435 436 436 435 435 435 435 435 436 435 435 435 435 434 434 434 434 435 435 436 437 432 432 433 433 434 434 436 432 432 432 432 432 432 433 433 433 431 431 431 432 432 432 431 431 431 431 431 431 434 434 431 431 431 430 430 430 430 433 432 432 431 430 430
0 0 0 0 0 0 0 0 0 0 0 0 0 0 0 0 0 0 0 0 0 0 0 0 0 0 0 448 448 449 449 450 450 449 449 448 448 448 448 448 448 449 449 451 449 448 448 448 448 448 447 447 448 448 448 449 451 452 451 450 449 448 448 447 446 446 446 446 448 448 450 446 446 446 446 446 446 446 445 444 444 446 445 445 444 444 447 446 445 444 444 444 443 443 443 443 443 444 444 444 445 445 444 442 442 445 440 440 444 444 444 0 444 444 444 438 438 440 441 441 441 442 443 443 442 442 444 445 440 438 438 440 441 442 442 442 440 440 439 438 437 437 437 0 0 0 0 0 0 0 0 0 0 0 0 0 0 0 0 0 0 0 0 0 0 0 0 0 0 0 0 0 0 0 0 0 0 0 0 0 0 0 0 0 0 0 0 0 0 0 438 435 435 434 433 433 433 433 433 433 433 433 433 433 433 434 435 434 433 433 433 433 433 433 433 433 433 431 431 432 432 427 432 432 432 433 433 432 431 431 431 431 433 431 431 432 434 434 434 433 433 433 429 429 435 435 435 434 434 434 433 433 433 433 433 433 435 435 435 434 433 433 433 433 435 435 435 431 431 431 432 432 432 433 432 431 431 431 431 432 432 432 434 430 430 431 431 431 430 430 430 430 430 430 430 430 432 431 430 430 430 429 429 429 429 424 424 431 431 431 430 430 429 429 429 423 425 425 425 426
0 0 0 0 0 0 0 0 0 0 0 0 0 0 0 0 0 0 0 0 0 0 0 0 0 0 0 445 445 445 447 447 446 446 446 446 446 445 445 446 447 447 448 445 445 446 446 446 446 446 445 445 446 446 448 448 451 451 444 444 444 444 444 444 444 444 444 445 445 444 444 444 444 444 445 445 445 442 442 442 443 444 444 443 441 440 439 439 440 441 442 443 440 440 441 440 440 441 441 444 444 440 439 439 438 437 437 437 444 444 444 435 437 437 437 437 437 436 436 437 437 437 438 443 442 442 442 440 440 438 438 440 440 442 442 442 440 440 439 436 436 437 437 0 0 0 0 0 0 0 0 0 0 0 0 0 0 0 0 0 0 0 0 0 0 0 0 0 0 0 0 0 0 0 0 0 0 0 0 0 0 0 0 0 0 0 0 0 0 0 0 435 435 432 432 432 432 432 432 432 432 430 430 431 431 432 435 434 432 431 431 431 430 430 431 431 431 431 429 427 427 427 427 432 432 433 429 429 429 428 428 429 429 429 430 430 434 429 429 430 429 429 429 429 429 429 429 429 429 429 429 429 429 430 431 431 431 431 431 431 432 432 432 433 429 429 431 431 431 431 431 431 431 431 430 429 429 430 429 429 427 427 428 429 429 430 430 430 429 429 429 429 429 427 427 429 429 431 427 427 427 427 427 425 423 423 423 423 423 423 430 430 424 424 423 423 425 424 424 425
0 0 0 0 0 0 0 0 0 0 0 0 0 0 0 0 0 0 0 0 0 0 0 0 0 0 0 442 442 442 442 442 442 444 444 444 444 444 444 444 444 444 443 443 444 444 444 444 443 443 443 443 444 444 444 441 441 441 442 442 442 442 442 442 442 443 443 440 440 440 440 440 439 439 438 438 438 439 439 439 439 439 439 438 438 439 439 439 439 440 442 443 438 437 437 438 438 438 441 444 444 440 435 435 436 437 437 436 436 435 435 435 436 436 436 436 436 435 435 436 436 435 435 435 435 435 433 431 431 431 432 440 440 440 0 0 0 0 0 436 436 0 0 0 0 0 0 0 0 0 0 0 0 0 0 0 0 0 0 0 0 0 0 0 0 0 0 0 0 0 0 0 0 0 0 0 0 0 0 0 0 0 0 0 0 0 0 0 0 0 0 0 432 432 430 430 431 431 431 432 432 429 429 429 429 432 428 428 428 431 431 428 427 427 428 427 427 431 427 427 427 427 427 427 424 424 426 426 427 427 427 428 429 429 430 430 430 429 429 430 427 427 427 427 427 428 428 427 427 427 427 427 426 426 425 425 425 426 426 431 431 431 426 426 426 427 427 427 427 430 430 427 427 427 427 427 427 427 426 426 426 425 425 426 427 427 428 429 427 427 424 424 424 425 425 426 426 423 423 423 424 424 423 423 422 421 421 421 421 421 422 422 422 421 421 422 422 423 424 425
0 0 0 0 0 0 0 0 0 0 0 0 0 0 0 0 0 0 0 0 0 0 0 0 0 0 0 441 441 440 440 441 441 441 443 443 441 441 441 442 442 440 440 442 442 442 441 441 441 441 441 439 439 439 440 439 439 439 439 440 440 439 439 438 438 437 437 437 437 437 437 438 437 437 437 437 437 437 437 437 437 437 436 436 436 435 435 439 439 440 440 438 438 435 435 438 438 438 438 432 433 433 433 433 435 436 437 436 435 435 433 433 433 436 432 432 433 433 434 434 432 432 432 432 433 433 432 431 431 431 431 430 430 430 0 0 0 0 0 0 0 0 0 0 0 0 0 0 0 0 0 0 0 0 0 0 0 0 0 0 0 0 0 0 0 0 0 0 0 0 0 0 0 0 0 0 0 0 0 0 0 0 0 0 0 0 0 0 0 0 0 425 425 425 427 426 426 426 427 427 427 426 426 427 427 426 426 426 426 426 428 428 426 426 425 425 425 425 427 427 426 426 426 426 424 424 426 426 426 426 426 428 428 426 425 425 425 423 423 424 424 427 425 425 425 425 426 425 425 425 425 426 426 426 424 424 424 425 426 426 431 431 424 424 424 424 427 427 427 430 430 427 424 424 424 425 425 425 425 424 424 422 422 423 423 423 423 423 423 423 423 423 423 423 422 421 421 421 423 422 422 422 422 422 422 421 421 421 421 421 422 422 422 420 420 421 422 423 0 0
0 0 0 0 0 0 0 0 0 0 0 0 0 0 0 0 0 0 0 0 0 0 0 0 0 0 0 437 437 440 440 440 440 440 440 440 438 437 437 437 437 437 438 437 436 435 435 436 435 435 434 434 435 435 437 437 438 439 439 440 438 437 437 435 434 434 434 436 436 436 435 435 435 436 436 436 435 435 435 435 434 434 434 434 436 433 431 431 431 430 429 432 432 432 433 433 433 430 430 432 432 432 431 431 432 436 437 436 435 435 432 432 430 430 429 429 430 432 432 432 432 431 431 431 432 431 431 430 430 430 430 429 429 429 0 0 0 0 0 0 0 0 0 0 0 0 0 0 0 0 0 0 0 0 0 0 0 0 0 0 0 0 0 0 0 0 0 0 0 0 0 0 0 0 0 0 0 0 0 0 0 0 0 0 0 0 0 0 0 0 0 423 423 423 425 425 425 425 425 427 427 426 426 423 423 425 425 424 424 423 423 424 425 425 425 424 423 423 423 423 426 426 426 426 422 422 422 423 423 423 425 425 425 423 423 423 423 423 423 422 422 422 425 424 424 424 423 423 423 423 423 422 422 422 424 424 424 423 422 422 422 424 424 422 422 421 421 420 420 422 420 420 421 421 421 421 425 425 425 424 424 421 421 421 421 421 419 419 418 418 418 419 418 418 418 418 418 419 420 420 420 420 419 419 420 420 420 421 421 421 422 422 422 420 420 421 421 0 0 0
0 0 0 0 0 0 0 0 0 0 0 0 0 0 0 0 0 0 0 0 0 0 0 0 0 0 0 431 431 431 432 432 433 434 432 432 435 435 435 436 437 437 438 437 433 433 434 435 434 433 433 433 433 433 437 437 438 433 433 433 438 431 431 431 431 432 432 433 433 433 432 431 431 433 434 434 432 432 432 432 432 432 432 432 432 432 431 431 430 430 429 429 429 431 431 430 430 430 430 430 431 431 431 431 432 432 432 426 426 432 432 428 428 429 428 428 427 427 428 432 432 431 431 431 431 431 431 429 429 428 428 427 427 427 427 427 0 0 0 0 0 0 0 0 0 0 0 0 0 0 0 0 0 0 0 0 0 0 0 0 0 0 0 0 0 0 0 0 0 0 0 0 0 0 0 0 0 0 0 0 0 0 0 0 0 0 0 0 0 423 423 423 422 422 422 424 424 425 425 0 0 422 421 421 421 421 425 420 420 421 421 421 421 425 425 422 421 421 421 421 421 421 421 421 420 420 420 421 421 421 425 425 425 423 423 423 420 420 421 421 421 421 421 424 424 424 423 423 421 421 421 420 420 421 421 418 419 419 419 419 421 421 418 418 419 421 421 419 418 418 419 418 418 419 419 421 421 417 417 417 418 418 418 418 419 419 418 418 417 417 417 417 417 416 416 416 415 415 418 415 415 416 416 416 418 420 420 421 421 422 422 422 422 409 409 409 0 0 0 0
0 0 0 0 0 0 0 0 0 0 0 0 0 0 0 0 0 0 0 0 0 0 0 0 0 0 0 430 430 430 431 431 432 431 431 431 433 433 433 432 431 431 431 431 433 433 433 432 432 431 431 432 432 432 432 430 430 430 431 431 431 430 430 430 430 430 431 433 429 429 430 430 430 430 430 430 430 430 430 430 429 429 428 428 428 428 428 430 430 430 427 427 428 431 431 430 430 429 429 427 427 426 426 426 426 426 424 426 426 425 425 426 426 428 427 427 426 426 426 424 424 424 424 431 431 431 429 429 429 428 428 426 426 426 427 0 0 0 0 0 0 0 0 0 0 0 0 0 0 0 0 0 0 0 0 0 0 0 0 0 0 0 0 0 0 0 0 0 0 0 0 0 0 0 0 0 0 0 0 0 0 0 0 0 0 0 0 0 0 423 423 420 420 421 421 422 424 0 0 0 0 421 420 420 420 420 420 420 418 418 420 420 420 420 422 422 419 419 420 420 420 419 419 421 420 420 418 418 419 420 420 420 420 420 420 419 419 419 421 418 418 418 418 416 418 418 418 418 418 418 419 420 419 418 418 418 418 418 419 419 421 416 416 416 417 416 416 416 418 418 418 417 417 417 416 416 416 416 416 416 416 415 415 416 416 416 416 416 416 416 415 415 415 415 415 414 414 414 418 415 415 414 413 413 418 418 410 410 412 412 412 412 409 409 409 409 410 410 0 0
0 0 0 0 0 0 0 0 0 0 0 0 0 0 0 0 0 0 0 0 0 0 0 0 0 0 0 429 429 429 431 430 430 430 430 430 430 430 430 430 430 430 430 430 430 433 433 431 430 430 430 431 431 432 430 429 429 429 429 430 430 430 430 430 430 430 430 427 427 429 429 429 430 428 428 428 430 430 429 429 429 428 428 427 427 427 427 424 424 425 425 426 426 426 426 429 0 429 429 424 424 425 425 425 425 423 424 424 424 423 423 424 424 428 427 425 425 425 424 423 422 422 422 422 422 423 423 422 422 421 421 421 421 420 420 0 0 0 0 0 0 0 0 0 0 0 0 0 0 0 0 0 0 0 0 0 0 0 0 0 0 0 0 0 0 0 0 0 0 0 0 0 0 0 0 0 0 0 0 0 0 0 0 0 0 0 0 0 0 414 418 418 418 421 421 422 0 0 0 0 0 421 420 420 420 420 420 416 416 417 417 416 416 416 416 416 416 416 418 418 418 417 417 418 418 418 416 416 416 415 415 420 420 420 413 416 416 416 416 416 416 416 416 416 415 415 415 416 416 416 419 420 419 416 416 416 416 418 419 419 414 414 416 416 415 415 415 416 416 415 413 413 414 414 415 415 414 414 414 412 412 412 413 414 416 413 413 416 416 416 412 412 412 413 413 414 414 414 414 408 411 411 411 411 409 409 410 410 410 410 410 409 408 408 408 409 409 409 409 409
0 0 0 0 0 0 0 0 0 0 0 0 0 0 0 0 0 0 0 0 0 0 0 0 0 0 0 425 425 425 425 425 425 426 427 427 427 428 428 428 426 426 430 430 430 426 425 425 430 429 426 426 428 432 430 428 428 428 428 429 427 427 429 430 430 426 425 425 426 425 425 426 426 426 426 426 426 427 427 425 424 424 424 424 427 423 423 423 424 424 425 425 426 426 0 0 421 422 422 422 423 423 423 425 425 423 423 423 422 422 423 423 424 424 424 424 424 424 422 422 422 422 422 422 422 421 421 421 421 421 420 420 420 420 420 0 0 0 0 0 419 419 0 0 0 0 0 0 0 0 0 0 0 0 0 0 0 0 0 0 0 0 0 0 0 0 0 0 0 0 0 0 0 0 0 0 0 0 0 0 0 0 0 0 0 414 413 413 414 414 415 415 416 0 0 0 0 0 0 0 0 0 0 0 0 0 414 414 414 415 415 416 415 414 414 414 415 415 415 416 416 416 416 416 416 415 415 415 415 415 413 413 413 413 413 414 414 414 414 415 414 413 413 413 414 414 414 415 415 413 413 413 413 414 414 414 416 416 411 413 413 413 413 414 413 413 414 414 413 411 411 411 411 411 413 415 414 414 411 411 411 411 413 410 410 410 409 409 409 410 410 410 410 411 413 413 408 408 408 408 410 410 407 406 406 407 408 408 408 408 410 409 407 407 407 409 409 409 409 409
0 0 0 0 0 0 0 0 0 0 0 0 0 0 0 0 0 0 0 0 0 0 0 0 0 0 0 423 423 424 424 424 425 426 426 426 426 426 425 425 425 423 423 424 423 423 424 424 424 429 426 424 423 423 424 424 424 425 428 429 425 424 424 424 423 423 424 424 424 424 424 424 424 424 424 425 425 424 423 423 422 422 421 420 420 420 420 421 423 424 425 425 425 425 0 0 421 421 421 422 422 422 421 421 0 0 423 423 420 420 420 421 421 421 424 424 424 420 419 419 420 420 420 422 422 419 419 419 420 420 420 420 419 418 418 417 416 416 416 416 417 418 0 0 0 0 0 0 0 0 0 0 0 0 0 0 0 0 0 0 0 0 0 0 0 0 0 0 0 0 0 0 0 0 0 0 0 0 0 0 0 0 0 0 412 412 412 413 414 414 414 414 416 0 0 0 0 0 0 0 0 0 0 0 0 0 412 412 412 412 412 416 415 413 412 412 412 412 412 416 416 416 416 416 416 415 414 414 415 415 411 411 412 411 411 410 410 414 414 410 410 412 412 412 410 410 411 411 412 412 411 411 412 412 412 412 412 409 411 411 411 410 410 414 412 412 412 412 410 410 410 410 410 408 408 409 409 409 410 409 409 409 409 409 409 408 408 407 407 410 410 408 408 411 411 406 406 406 405 405 404 404 405 405 405 406 406 407 407 408 408 406 406 406 406 409 409 409 409 408
0 0 0 0 0 0 0 0 0 0 0 0 0 0 0 0 0 0 0 0 0 0 0 0 0 0 0 422 422 423 423 424 424 426 425 425 425 425 425 424 424 422 422 422 422 422 423 423 423 422 422 422 423 422 422 422 422 425 425 422 422 422 423 422 422 422 422 423 422 422 422 422 422 423 423 424 423 423 423 423 422 422 420 420 420 420 420 421 421 421 422 422 416 0 0 0 421 421 420 420 422 419 419 420 420 420 420 420 420 420 420 421 421 421 414 414 416 418 418 418 419 420 420 420 413 419 419 419 420 420 420 420 417 416 416 416 415 415 415 416 416 416 0 0 0 0 0 0 0 0 0 0 0 0 0 0 0 0 0 0 0 0 0 0 0 0 0 0 0 0 0 0 0 0 0 0 0 0 0 0 0 0 412 412 412 412 412 412 413 413 413 414 416 0 0 0 0 0 0 0 0 0 0 0 0 0 411 411 411 411 411 411 411 413 410 410 410 410 410 410 409 409 409 409 408 414 414 414 415 415 410 410 410 410 409 409 409 409 409 409 409 410 410 410 409 409 409 409 409 410 410 410 410 411 412 412 412 409 409 409 409 409 409 409 409 412 412 412 409 407 407 408 407 407 408 408 408 408 407 407 407 407 407 407 407 407 407 406 405 405 405 405 405 405 405 405 405 405 403 403 403 403 403 404 404 404 404 405 405 405 406 406 406 406 406 0 0 0 0 408
0 0 0 0 0 0 0 0 0 0 0 0 0 0 0 0 0 0 0 0 0 0 0 0 0 0 0 422 420 420 420 418 418 420 425 421 421 425 420 420 420 420 420 420 419 419 420 419 419 419 419 420 420 420 420 420 419 419 420 419 419 420 420 421 422 422 421 421 422 422 422 422 422 423 416 416 416 417 417 415 419 419 419 419 420 420 420 420 418 418 416 416 0 414 414 414 0 420 420 420 416 416 418 419 0 0 0 407 0 0 0 414 414 414 414 414 415 418 418 418 419 420 412 412 413 414 414 414 414 414 413 413 414 414 414 414 413 413 413 414 414 416 0 0 0 0 0 0 0 0 0 0 0 0 0 0 0 0 0 0 0 0 0 0 0 0 0 0 0 0 0 0 0 0 0 0 0 0 0 0 0 0 410 410 411 412 412 412 412 413 413 0 0 0 0 0 0 0 0 0 0 0 0 0 0 0 411 410 410 410 410 410 410 410 409 409 409 409 409 409 409 409 409 408 408 407 407 407 407 407 408 408 408 410 409 409 409 409 408 408 409 408 408 407 407 407 407 407 407 407 408 409 409 409 409 404 404 409 409 409 408 408 408 408 408 408 405 406 406 405 405 405 405 406 406 408 408 408 404 404 405 406 406 406 406 406 406 406 405 404 404 404 404 405 405 404 404 405 402 402 403 403 403 403 403 403 404 405 405 405 400 400 400 0 0 0 0 0 0 0
0 0 0 0 0 0 0 0 0 0 0 0 0 0 0 0 0 0 0 0 0 0 0 0 0 0 0 0 420 420 420 415 415 418 418 418 419 419 418 418 417 417 417 417 418 418 419 418 418 419 419 418 418 418 418 416 416 416 417 418 418 418 418 419 422 422 420 420 417 417 422 422 416 416 416 416 416 416 416 415 415 416 416 417 420 420 414 414 414 414 414 414 414 414 414 414 414 413 413 413 414 415 418 419 419 0 0 0 0 0 0 0 0 413 413 413 412 412 418 418 419 410 410 412 413 413 414 414 414 414 412 412 412 412 412 412 412 412 412 412 414 0 0 0 0 0 0 0 0 0 0 0 0 0 0 0 0 0 0 0 0 0 0 0 0 0 0 0 0 0 0 0 0 0 0 0 0 0 0 408 408 408 409 409 409 410 411 412 412 0 0 0 0 0 0 0 0 0 0 0 0 0 0 0 0 0 411 410 410 410 410 410 410 410 408 408 409 409 408 407 407 407 407 407 406 406 406 406 407 407 407 407 407 407 406 405 405 405 407 407 407 407 406 405 405 405 405 405 406 407 408 406 405 405 405 404 404 404 403 406 406 406 406 405 405 405 405 405 404 404 404 404 404 405 404 404 404 403 402 402 404 404 404 404 403 403 403 403 403 403 403 403 404 403 403 399 399 399 400 400 402 402 402 400 399 399 398 398 399 400 400 0 0 0 0 0 0 0 0 0
0 0 0 0 0 0 0 0 0 0 0 0 0 0 0 0 0 0 0 0 0 0 0 0 0 0 0 0 0 411 413 413 413 415 416 415 415 415 415 416 415 415 416 416 416 417 418 417 416 416 417 416 416 415 415 416 416 416 416 417 417 418 418 419 419 420 420 414 414 414 414 414 414 414 414 415 415 412 412 412 414 415 415 411 411 413 413 413 413 413 413 413 411 411 412 412 413 412 412 412 412 412 412 412 412 408 407 407 0 0 0 0 0 0 410 410 410 411 409 409 409 409 409 412 413 413 414 414 408 409 409 409 409 409 410 411 411 411 411 412 412 0 0 0 0 0 0 0 0 0 0 0 0 0 0 0 0 0 0 0 0 0 0 0 0 0 0 0 0 0 0 0 0 0 0 0 0 0 407 407 407 408 408 408 408 410 411 0 0 0 0 0 0 0 0 0 0 0 0 0 0 0 0 0 0 0 0 0 0 0 0 0 0 0 408 408 0 409 406 406 405 405 407 405 405 405 405 405 407 406 406 406 405 403 403 404 404 404 405 404 403 402 402 403 404 404 404 405 405 405 405 406 404 404 404 404 404 404 403 403 403 403 401 401 402 402 403 403 401 401 401 402 402 403 404 400 400 400 401 401 402 402 400 400 401 401 401 402 402 403 403 403 404 398 398 398 398 398 399 399 402 396 396 396 396 397 397 398 398 400 400 0 0 0 0 0 0 0 0 0
0 0 0 0 0 0 0 0 0 0 0 0 0 0 0 0 0 0 0 0 0 0 0 0 0 0 0 0 411 411 411 411 413 415 416 414 414 414 413 413 415 415 415 415 414 413 413 413 414 414 414 413 413 413 413 414 415 415 415 416 417 418 418 419 419 413 413 413 413 413 413 413 413 413 413 413 413 411 411 411 412 413 412 411 411 411 411 411 411 411 411 413 410 410 410 410 412 412 411 411 411 410 410 411 409 408 407 407 410 410 0 407 407 407 409 409 409 409 409 408 408 408 408 408 408 408 406 408 408 408 408 408 408 408 410 411 411 408 407 407 408 408 408 0 0 0 0 0 0 0 0 0 0 0 0 0 0 0 0 0 0 0 0 0 0 0 0 0 0 0 0 0 0 0 0 0 0 0 407 407 407 408 408 408 408 0 0 0 0 0 0 0 0 0 0 0 0 0 0 0 0 0 0 0 0 0 0 0 0 0 0 0 0 0 0 0 0 0 406 406 405 402 402 402 403 404 404 405 402 402 402 402 402 402 402 404 401 401 402 401 401 401 402 403 403 403 403 405 400 400 400 402 402 402 402 404 404 397 402 402 402 402 401 400 400 402 403 400 400 400 400 401 400 399 399 399 399 400 400 400 400 400 400 398 398 398 399 402 402 402 396 396 396 396 396 397 397 397 395 395 394 394 394 394 395 396 396 395 394 394 394 0 0 393 393 393 393 0 0 0
0 0 0 0 0 0 0 0 0 0 0 0 0 0 0 0 0 0 0 0 0 0 0 0 0 0 0 0 410 410 410 410 410 409 414 414 411 411 411 411 411 415 415 412 412 412 412 411 411 412 411 411 412 412 412 414 411 410 410 416 416 408 411 411 411 411 411 411 412 412 410 410 410 410 411 411 412 410 410 408 408 409 410 411 411 411 411 411 407 407 408 408 408 409 408 408 408 408 407 407 407 409 409 407 407 406 406 406 407 408 0 0 407 407 407 407 407 409 407 407 407 407 406 406 406 404 406 406 405 405 406 407 406 406 406 404 404 404 406 406 408 408 408 0 0 0 0 0 0 0 0 0 0 0 0 0 0 0 0 0 0 0 0 0 0 0 0 0 0 0 0 0 0 0 0 0 0 0 0 0 0 0 0 0 0 0 0 0 0 0 0 0 0 0 0 0 0 0 0 0 0 0 0 0 0 0 0 0 0 0 0 0 0 0 0 0 0 0 0 0 402 402 401 401 403 404 404 404 400 399 399 400 401 401 401 404 401 401 402 400 400 400 401 403 403 399 398 398 399 399 400 400 402 402 398 398 397 397 398 398 402 402 402 398 398 399 399 398 398 400 400 399 398 398 398 397 397 395 395 395 395 396 395 395 396 398 399 399 393 393 394 394 395 395 395 397 393 393 393 393 393 393 393 393 394 396 391 391 392 393 393 0 0 393 393 393 393 393 393 0
0 0 0 0 0 0 0 0 0 0 0 0 0 0 0 0 0 0 0 0 0 0 0 0 0 0 0 0 409 409 409 409 409 409 405 408 408 408 408 411 410 409 409 409 410 409 409 408 408 410 410 410 411 411 412 409 409 409 409 408 408 408 409 409 411 410 410 410 409 409 409 409 408 408 408 408 408 409 409 408 407 407 409 411 411 411 406 406 406 406 406 406 406 407 406 406 407 407 407 406 406 406 406 406 406 405 405 405 406 408 408 407 407 406 406 406 406 406 405 405 405 407 406 406 406 404 404 404 404 404 404 402 402 406 403 403 402 402 406 406 406 0 0 0 0 0 0 0 0 0 0 0 0 0 0 0 0 0 0 0 0 0 0 0 0 0 0 0 0 0 0 0 0 0 0 0 0 0 0 0 0 0 0 0 0 0 0 0 0 0 0 0 0 0 0 0 0 0 0 0 0 0 0 0 0 0 0 0 0 0 0 0 0 0 0 0 0 0 0 0 398 398 398 398 398 395 397 397 397 398 398 397 397 401 401 401 396 398 398 398 399 398 398 398 397 397 397 398 398 398 400 400 400 397 397 397 397 397 397 397 397 393 398 398 398 399 395 395 395 396 396 396 397 397 396 395 394 394 394 394 394 394 395 395 396 398 398 391 391 391 391 393 390 390 391 391 391 391 391 391 391 391 390 390 390 390 390 391 391 391 392 0 0 393 393 393 393 393 393 393
0 0 0 0 0 0 0 0 0 0 0 0 0 0 0 0 0 0 0 0 0 0 0 0 0 0 0 0 408 407 407 407 406 405 405 407 407 408 408 408 410 406 406 408 408 408 407 407 407 407 408 409 409 409 408 408 408 407 407 407 407 407 409 409 409 409 409 408 408 407 407 407 406 406 407 407 407 407 409 407 405 405 405 405 403 403 404 404 405 406 406 406 405 405 405 406 405 405 405 406 406 405 405 405 404 404 404 404 406 406 400 407 407 406 406 406 406 406 405 405 405 0 0 0 402 402 402 402 402 402 404 401 401 401 403 403 400 400 400 400 402 402 0 0 0 0 0 0 0 0 0 0 0 0 0 0 0 0 0 0 0 0 0 0 0 0 0 0 0 0 0 0 0 0 0 0 0 0 0 0 0 0 0 0 0 0 0 0 0 0 0 0 0 0 0 0 0 0 0 0 0 0 0 0 0 0 0 0 0 0 0 0 0 0 0 0 0 0 0 0 397 397 396 395 395 395 394 394 396 396 397 396 396 396 396 396 396 396 396 396 397 397 397 397 397 396 396 396 397 396 394 394 394 395 396 396 396 396 396 396 393 393 393 393 393 393 393 393 394 393 393 393 394 394 394 393 393 393 393 393 393 393 0 393 391 391 390 390 390 390 390 389 389 390 390 389 389 389 389 389 390 390 389 389 389 389 390 390 391 391 392 0 0 0 393 393 393 393 393 393
0 0 0 0 0 0 0 0 0 0 0 0 0 0 0 0 0 0 0 0 0 0 0 0 0 0 0 0 404 404 404 404 404 404 405 406 407 407 407 404 404 404 404 404 405 406 406 406 405 404 404 406 409 409 407 407 407 405 405 405 405 406 406 406 406 406 404 404 406 407 407 406 405 405 405 405 404 404 404 404 404 405 405 405 402 402 403 403 404 406 405 405 404 404 404 404 404 402 401 401 402 402 402 402 403 404 404 404 404 400 400 401 401 398 398 399 399 399 399 0 0 0 0 0 401 401 402 400 399 399 399 399 400 0 0 400 400 399 399 400 401 402 0 0 0 0 0 0 0 0 0 0 0 0 0 0 0 0 0 0 0 0 0 0 0 0 0 0 0 0 0 0 0 0 0 0 0 0 0 0 0 0 0 0 0 0 0 0 0 0 0 0 0 0 0 0 0 0 0 0 0 0 0 0 0 0 0 0 0 0 0 0 0 0 0 0 0 0 0 0 397 397 394 394 394 394 393 393 396 396 397 394 394 395 395 395 395 395 395 395 397 397 394 394 393 393 393 393 393 394 393 393 394 394 395 396 395 395 394 393 393 393 393 393 393 393 393 393 393 392 392 392 392 392 392 392 392 392 391 390 390 393 0 0 0 391 390 389 389 389 389 389 389 389 388 386 386 387 387 387 387 389 389 389 389 389 390 390 0 0 0 0 0 0 0 0 0 393 393 0
0 0 0 0 0 0 0 0 0 0 0 0 0 0 0 0 0 0 0 0 0 0 0 0 0 0 0 0 401 401 403 403 403 402 402 401 401 401 402 402 403 403 403 403 403 400 400 401 404 403 403 404 0 0 407 407 403 403 404 404 405 406 406 406 406 406 402 402 403 403 404 403 403 403 403 403 403 403 402 402 401 400 400 400 400 402 402 402 402 406 401 401 402 402 403 403 404 401 400 400 401 400 400 401 403 400 400 398 398 398 398 398 398 398 398 398 398 398 399 0 0 0 0 0 401 401 398 398 398 398 399 399 400 0 0 0 398 398 398 399 401 0 0 0 0 0 0 0 0 0 0 0 0 0 0 0 0 0 0 0 0 0 0 0 0 0 0 0 0 0 0 0 0 0 0 0 0 0 0 0 0 0 0 0 0 0 0 0 0 0 0 0 0 0 0 0 0 0 0 0 0 0 0 0 0 0 0 0 0 0 0 0 0 0 0 0 0 0 0 0 0 397 393 393 393 393 393 393 396 396 0 394 394 392 392 392 392 391 391 392 392 392 393 393 393 392 392 392 392 392 392 392 393 394 395 0 395 395 394 393 392 392 393 393 0 0 392 392 391 390 390 391 392 392 389 389 389 389 389 389 390 0 0 0 0 391 390 388 388 388 388 387 387 387 385 384 384 385 385 385 385 389 385 385 389 0 0 0 0 0 0 0 0 0 0 0 0 0 0 0
0 0 0 0 0 0 0 0 0 0 0 0 0 0 0 0 0 0 0 0 0 0 0 0 0 0 0 0 401 398 398 398 398 400 400 400 400 400 402 402 403 403 402 402 401 400 400 400 402 402 403 404 0 0 0 400 400 401 402 402 405 406 0 406 406 400 400 401 401 401 401 401 402 402 402 402 402 400 400 400 399 398 398 398 398 400 400 400 398 398 398 398 398 400 403 403 400 399 398 398 399 399 399 401 0 400 396 396 397 397 398 398 398 398 398 398 398 398 399 0 0 0 0 0 0 0 398 398 398 398 0 0 0 0 0 0 398 398 398 399 0 0 0 0 0 0 0 0 0 0 0 0 0 0 0 0 0 0 0 0 0 0 0 0 0 0 0 0 0 0 0 0 0 0 0 0 0 0 0 0 0 0 0 0 0 0 0 0 0 0 0 0 0 0 0 0 0 0 0 0 0 0 0 0 0 0 0 0 0 0 0 0 0 0 0 0 0 0 0 0 0 0 393 393 393 393 393 393 0 0 0 0 0 392 392 392 391 390 390 391 391 0 393 392 392 391 391 389 389 392 392 392 393 0 0 0 0 0 0 0 392 392 0 0 0 0 392 388 387 387 388 388 388 388 388 388 388 387 387 387 0 0 0 0 0 0 0 388 388 388 388 385 384 384 383 383 383 385 384 384 383 382 382 383 384 0 0 0 0 0 0 0 0 0 0 0 0 0 0 0
0 0 0 0 0 0 0 0 0 0 0 0 0 0 0 0 0 0 0 0 0 0 0 0 0 0 0 0 0 398 398 398 398 400 400 400 400 400 404 403 403 403 402 402 401 400 400 400 402 402 403 0 0 0 0 400 400 401 402 402 0 0 0 0 0 400 400 401 401 401 401 401 402 402 402 402 402 400 400 400 399 398 398 398 398 400 400 400 398 398 398 398 398 400 0 0 400 399 398 398 399 399 399 0 0 0 396 396 397 397 398 398 0 0 0 0 0 0 0 0 0 0 0 0 0 0 0 0 0 0 0 0 0 0 0 0 0 0 0 0 0 0 0 0 0 0 0 0 0 0 0 0 0 0 0 0 0 0 0 0 0 0 0 0 0 0 0 0 0 0 0 0 0 0 0 0 0 0 0 0 0 0 0 0 0 0 0 0 0 0 0 0 0 0 0 0 0 0 0 0 0 0 0 0 0 0 0 0 0 0 0 0 0 0 0 0 0 0 0 0 0 0 0 0 0 0 0 0 0 0 0 0 0 392 392 392 391 390 390 391 391 0 0 392 392 391 391 389 389 0 0 0 0 0 0 0 0 0 0 0 0 0 0 0 0 0 0 388 387 387 388 388 388 388 388 388 388 387 387 387 0 0 0 0 0 0 0 0 0 0 0 385 384 384 383 383 383 385 384 384 383 382 382 383 384 0 0 0 0 0 0 0 0 0 0 0 0 0 0 0
0 0 0 0 0 0 0 0 0 0 0 0 0 0 0 0 0 0 0 0 0 0 0 0 0 0 0 0 0 0 0 0 0 0 0 0 0 0 0 0 0 0 0 0 0 0 0 0 0 0 0 0 0 0 0 0 0 0 0 0 0 0 0 0 0 0 0 0 0 0 0 0 0 0 0 0 0 0 0 0 0 0 0 0 0 0 0 0 0 0 0 0 0 0 0 0 0 0 0 0 0 0 0 0 0 0 0 0 0 0 0 0 0 0 0 0 0 0 0 0 0 0 0 0 0 0 0 0 0 0 0 0 0 0 0 0 0 0 0 0 0 0 0 0 0 0 0 0 0 0 0 0 0 0 0 0 0 0 0 0 0 0 0 0 0 0 0 0 0 0 0 0 0 0 0 0 0 0 0 0 0 0 0 0 0 0 0 0 0 0 0 0 0 0 0 0 0 0 0 0 0 0 0 0 0 0 0 0 0 0 0 0 0 0 0 0 0 0 0 0 0 0 0 0 0 0 0 0 0 0 0 0 0 0 0 0 0 0 0 0 0 0 0 0 0 0 0 0 0 0 0 0 0 0 0 0 0 0 0 0 0 0 0 0 0 0 0 0 0 0 0 0 0 0 0 0 0 0 0 0 0 0 0 0 0 0 0 0 0 0 0 0 0 0 0 0 0 0 0 0 0 0 0 0 0 0 0 0 0 0 0 0 0 0 0 0 0 0 0 0
0 0 0 0 0 0 0 0 0 0 0 0 0 0 0 0 0 0 0 0 0 0 0 0 0 0 0 0 0 0 0 0 0 0 0 0 0 0 0 0 0 0 0 0 0 0 0 0 0 0 0 0 0 0 0 0 0 0 0 0 0 0 0 0 0 0 0 0 0 0 0 0 0 0 0 0 0 0 0 0 0 0 0 0 0 0 0 0 0 0 0 0 0 0 0 0 0 0 0 0 0 0 0 0 0 0 0 0 0 0 0 0 0 0 0 0 0 0 0 0 0 0 0 0 0 0 0 0 0 0 0 0 0 0 0 0 0 0 0 0 0 0 0 0 0 0 0 0 0 0 0 0 0 0 0 0 0 0 0 0 0 0 0 0 0 0 0 0 0 0 0 0 0 0 0 0 0 0 0 0 0 0 0 0 0 0 0 0 0 0 0 0 0 0 0 0 0 0 0 0 0 0 0 0 0 0 0 0 0 0 0 0 0 0 0 0 0 0 0 0 0 0 0 0 0 0 0 0 0 0 0 0 0 0 0 0 0 0 0 0 0 0 0 0 0 0 0 0 0 0 0 0 0 0 0 0 0 0 0 0 0 0 0 0 0 0 0 0 0 0 0 0 0 0 0 0 0 0 0 0 0 0 0 0 0 0 0 0 0 0 0 0 0 0 0 0 0 0 0 0 0 0 0 0 0 0 0 0 0 0 0 0 0 0 0 0 0 0 0 0
0 0 0 0 0 0 0 0 0 0 0 0 0 0 0 0 0 0 0 0 0 0 0 0 0 0 0 0 0 0 0 0 0 0 0 0 0 0 0 0 0 0 0 0 0 0 0 0 0 0 0 0 0 0 0 0 0 0 0 0 0 0 0 0 0 0 0 0 0 0 0 0 0 0 0 0 0 0 0 0 0 0 0 0 0 0 0 0 0 0 0 0 0 0 0 0 0 0 0 0 0 0 0 0 0 0 0 0 0 0 0 0 0 0 0 0 0 0 0 0 0 0 0 0 0 0 0 0 0 0 0 0 0 0 0 0 0 0 0 0 0 0 0 0 0 0 0 0 0 0 0 0 0 0 0 0 0 0 0 0 0 0 0 0 0 0 0 0 0 0 0 0 0 0 0 0 0 0 0 0 0 0 0 0 0 0 0 0 0 0 0 0 0 0 0 0 0 0 0 0 0 0 0 0 0 0 0 0 0 0 0 0 0 0 0 0 0 0 0 0 0 0 0 0 0 0 0 0 0 0 0 0 0 0 0 0 0 0 0 0 0 0 0 0 0 0 0 0 0 0 0 0 0 0 0 0 0 0 0 0 0 0 0 0 0 0 0 0 0 0 0 0 0 0 0 0 0 0 0 0 0 0 0 0 0 0 0 0 0 0 0 0 0 0 0 0 0 0 0 0 0 0 0 0 0 0 0 0 0 0 0 0 0 0 0 0 0 0 0 0
0 0 0 0 0 0 0 0 0 0 0 0 0 0 0 0 0 0 0 0 0 0 0 0 0 0 0 0 0 0 0 0 0 0 0 0 0 0 0 0 0 0 0 0 0 0 0 0 0 0 0 0 0 0 0 0 0 0 0 0 0 0 0 0 0 0 0 0 0 0 0 0 0 0 0 0 0 0 0 0 0 0 0 0 0 0 0 0 0 0 0 0 0 0 0 0 0 0 0 0 0 0 0 0 0 0 0 0 0 0 0 0 0 0 0 0 0 0 0 0 0 0 0 0 0 0 0 0 0 0 0 0 0 0 0 0 0 0 0 0 0 0 0 0 0 0 0 0 0 0 0 0 0 0 0 0 0 0 0 0 0 0 0 0 0 0 0 0 0 0 0 0 0 0 0 0 0 0 0 0 0 0 0 0 0 0 0 0 0 0 0 0 0 0 0 0 0 0 0 0 0 0 0 0 0 0 0 0 0 0 0 0 0 0 0 0 0 0 0 0 0 0 0 0 0 0 0 0 0 0 0 0 0 0 0 0 0 0 0 0 0 0 0 0 0 0 0 0 0 0 0 0 0 0 0 0 0 0 0 0 0 0 0 0 0 0 0 0 0 0 0 0 0 0 0 0 0 0 0 0 0 0 0 0 0 0 0 0 0 0 0 0 0 0 0 0 0 0 0 0 0 0 0 0 0 0 0 0 0 0 0 0 0 0 0 0 0 0 0 0
0 0 0 0 0 0 0 0 0 0 0 0 0 0 0 0 0 0 0 0 0 0 0 0 0 0 0 0 0 0 0 0 0 0 0 0 0 0 0 0 0 0 0 0 0 0 0 0 0 0 0 0 0 0 0 0 0 0 0 0 0 0 0 0 0 0 0 0 0 0 0 0 0 0 0 0 0 0 0 0 0 0 0 0 0 0 0 0 0 0 0 0 0 0 0 0 0 0 0 0 0 0 0 0 0 0 0 0 0 0 0 0 0 0 0 0 0 0 0 0 0 0 0 0 0 0 0 0 0 0 0 0 0 0 0 0 0 0 0 0 0 0 0 0 0 0 0 0 0 0 0 0 0 0 0 0 0 0 0 0 0 0 0 0 0 0 0 0 0 0 0 0 0 0 0 0 0 0 0 0 0 0 0 0 0 0 0 0 0 0 0 0 0 0 0 0 0 0 0 0 0 0 0 0 0 0 0 0 0 0 0 0 0 0 0 0 0 0 0 0 0 0 0 0 0 0 0 0 0 0 0 0 0 0 0 0 0 0 0 0 0 0 0 0 0 0 0 0 0 0 0 0 0 0 0 0 0 0 0 0 0 0 0 0 0 0 0 0 0 0 0 0 0 0 0 0 0 0 0 0 0 0 0 0 0 0 0 0 0 0 0 0 0 0 0 0 0 0 0 0 0 0 0 0 0 0 0 0 0 0 0 0 0 0 0 0 0 0 0 0
0 0 0 0 0 0 0 0 0 0 0 0 0 0 0 0 0 0 0 0 0 0 0 0 0 0 0 0 0 0 0 0 0 0 0 0 0 0 0 0 0 0 0 0 0 0 0 0 0 0 0 0 0 0 0 0 0 0 0 0 0 0 0 0 0 0 0 0 0 0 0 0 0 0 0 0 0 0 0 0 0 0 0 0 0 0 0 0 0 0 0 0 0 0 0 0 0 0 0 0 0 0 0 0 0 0 0 0 0 0 0 0 0 0 0 0 0 0 0 0 0 0 0 0 0 0 0 0 0 0 0 0 0 0 0 0 0 0 0 0 0 0 0 0 0 0 0 0 0 0 0 0 0 0 0 0 0 0 0 0 0 0 0 0 0 0 0 0 0 0 0 0 0 0 0 0 0 0 0 0 0 0 0 0 0 0 0 0 0 0 0 0 0 0 0 0 0 0 0 0 0 0 0 0 0 0 0 0 0 0 0 0 0 0 0 0 0 0 0 0 0 0 0 0 0 0 0 0 0 0 0 0 0 0 0 0 0 0 0 0 0 0 0 0 0 0 0 0 0 0 0 0 0 0 0 0 0 0 0 0 0 0 0 0 0 0 0 0 0 0 0 0 0 0 0 0 0 0 0 0 0 0 0 0 0 0 0 0 0 0 0 0 0 0 0 0 0 0 0 0 0 0 0 0 0 0 0 0 0 0 0 0 0 0 0 0 0 0 0 0
