0 0 0 0 0 0 0 0 0 0 0 0 0 0 0 0 0 0 0 0 0 0 0 0 0 0 0 0 0 0 0 0 0 0 0 0 0 0 0 0 0 0 0 0 0 0 0 0 0 0 0 0 0 0 0 0 0 0 0 0 0 0 0 0 0 0 0 0 0 0 0 0 0 0 0 0 0 0 0 0 0 0 0 0 0 0 0 0 0 0 0 0 0 0 0 0 0 0 0 0 0 0 0 0 0 0 0 0 0 0 0 0 0 0 0 0 0 0 0 0 0 0 0 0 0 0 0 0 0 0 0 0 0 0 0 0 0 0 0 0 0 0 0 0 0 0 0 0 0 0 0 0 0 0 0 0 0 0 0 0 0 0 0 0 0 0 0 0 0 0 0 0 0 0 0 0 0 0 0 0 0 0 0 0 0 0 0 0 0 0 0 0 0 0 0 0 0 0 0 0 0 0 0 0 0 0 0 0 0 0 0 0 0 0 0 0 0 0 0 0 0 0 0 0 0 0 0 0 0 0 0 0 0 0 0 0 0 0 0 0 0 0 0 0 0 0 0 0 0 0 0 0 0 0 0 0 0 0 0 0 0 0 0 0 0 0 0 0 0 0 0 0 0 0 0 0 0 0 0 0 0 0 0 0 0 0 0 0 0 0 0 0 0 0 0 0 0 0 0 0 0 0 0 0 0 0 0 0 0 0 0 0 0 0 0 0 0 0 0 0
0 0 0 0 0 0 0 0 0 0 0 0 0 0 0 0 0 0 0 0 0 0 0 0 0 0 0 0 0 0 0 0 0 0 0 0 0 0 0 0 0 0 0 0 0 0 0 0 0 0 0 0 0 0 0 0 0 0 0 0 0 0 0 0 0 0 0 0 0 0 0 0 0 0 0 0 0 0 0 0 0 0 0 0 0 0 0 0 0 0 0 0 0 0 0 0 0 0 0 0 0 0 0 0 0 0 0 0 0 0 0 0 0 0 0 0 0 0 0 0 0 0 0 0 0 0 0 0 0 0 0 0 0 0 0 0 0 0 0 0 0 0 0 0 0 0 0 0 0 0 0 0 0 0 0 0 0 0 0 0 0 0 0 0 0 0 0 0 0 0 0 0 0 0 0 0 0 0 0 0 0 0 0 0 0 0 0 0 0 0 0 0 0 0 0 0 0 0 0 0 0 0 0 0 0 0 0 0 0 0 0 0 0 0 0 0 0 0 0 0 0 0 0 0 0 0 0 0 0 0 0 0 0 0 0 0 0 0 0 0 0 0 0 0 0 0 0 0 0 0 0 0 0 0 0 0 0 0 0 0 0 0 0 0 0 0 0 0 0 0 0 0 0 0 0 0 0 0 0 0 0 0 0 0 0 0 0 0 0 0 0 0 0 0 0 0 0 0 0 0 0 0 0 0 0 0 0 0 0 0 0 0 0 0 0 0 0 0 0 0
0 0 0 0 0 0 0 0 0 0 0 0 0 0 0 0 0 0 0 0 0 0 0 0 0 0 0 0 0 0 0 0 0 0 0 0 0 0 0 0 0 0 0 0 0 0 0 0 0 0 0 0 0 0 0 0 0 0 0 0 0 0 0 0 0 0 0 0 0 0 0 0 0 0 0 0 0 0 0 0 0 0 0 0 0 0 0 0 0 0 0 0 0 0 0 0 0 0 0 0 0 0 0 0 0 0 0 0 0 0 0 0 0 0 0 0 0 0 0 0 0 0 0 0 0 0 0 0 0 0 0 0 0 0 0 0 0 0 0 0 0 0 0 0 0 0 0 0 0 0 0 0 0 0 0 0 0 0 0 0 0 0 0 0 0 0 0 0 0 0 0 0 0 0 0 0 0 0 0 0 0 0 0 0 0 0 0 0 0 0 0 0 0 0 0 0 0 0 0 0 0 0 0 0 0 0 0 0 0 0 0 0 0 0 0 0 0 0 0 0 0 0 0 0 0 0 0 0 0 0 0 0 0 0 0 0 0 0 0 0 0 0 0 0 0 0 0 0 0 0 0 0 0 0 0 0 0 0 0 0 0 0 0 0 0 0 0 0 0 0 0 0 0 0 0 0 0 0 0 0 0 0 0 0 0 0 0 0 0 0 0 0 0 0 0 0 0 0 0 0 0 0 0 0 0 0 0 0 0 0 0 0 0 0 0 0 0 0 0 0
0 0 0 0 0 0 0 0 0 0 0 0 0 0 0 0 0 0 0 0 0 0 0 0 0 0 0 0 0 0 0 0 0 0 0 0 0 0 0 0 0 0 0 0 0 0 0 0 0 0 0 0 0 0 0 0 0 0 0 0 0 0 0 0 0 0 0 0 0 0 0 0 0 0 0 0 0 0 0 0 0 0 0 0 0 0 0 0 0 0 0 0 0 0 0 0 0 0 0 0 0 0 0 0 0 0 0 0 0 0 0 0 0 0 0 0 0 0 0 0 0 0 0 0 0 0 0 0 0 0 0 0 0 0 0 0 0 0 0 0 0 0 0 0 0 0 0 0 0 0 0 0 0 0 0 0 0 0 0 0 0 0 0 0 0 0 0 0 0 0 0 0 0 0 0 0 0 0 0 0 0 0 0 0 0 0 0 0 0 0 0 0 0 0 0 0 0 0 0 0 0 0 0 0 0 0 0 0 0 0 0 0 0 0 0 0 0 0 0 0 0 0 0 0 0 0 0 0 0 0 0 0 0 0 0 0 0 0 0 0 0 0 0 0 0 0 0 0 0 0 0 0 0 0 0 0 0 0 0 0 0 0 0 0 0 0 0 0 0 0 0 0 0 0 0 0 0 0 0 0 0 0 0 0 0 0 0 0 0 0 0 0 0 0 0 0 0 0 0 0 0 0 0 0 0 0 0 0 0 0 0 0 0 0 0 0 0 0 0 0
0 0 0 0 0 0 0 0 0 0 0 0 0 0 0 0 0 0 0 0 0 0 0 0 0 0 0 0 0 0 0 0 0 0 0 0 0 0 0 0 0 0 0 0 0 0 0 0 0 0 0 0 0 0 0 0 0 0 0 0 0 0 0 0 0 0 0 0 0 0 0 0 0 0 0 0 0 0 0 0 0 0 0 0 0 0 0 0 0 0 0 0 0 0 0 0 0 0 0 0 0 0 0 0 0 0 0 0 0 0 0 0 0 0 0 0 0 0 0 0 0 0 0 0 0 0 0 0 0 0 0 0 0 0 0 0 0 0 0 0 0 0 0 0 0 0 0 0 0 0 0 0 0 0 0 0 0 0 0 0 0 0 0 0 0 0 0 0 0 0 0 0 0 0 0 0 0 0 0 0 0 0 0 0 0 0 0 0 0 0 0 0 0 0 0 0 0 0 0 0 0 0 0 0 0 0 0 0 0 0 0 0 0 0 0 0 0 0 0 0 0 0 0 0 0 0 0 0 0 0 0 0 0 0 0 0 0 0 0 0 0 0 0 0 0 0 0 0 0 0 0 0 0 0 0 0 0 0 0 0 0 0 0 0 0 0 0 0 0 0 0 0 0 0 0 0 0 0 0 0 0 0 0 0 0 0 0 0 0 0 0 0 0 0 0 0 0 0 0 0 0 0 0 0 0 0 0 0 0 0 0 0 0 0 0 0 0 0 0 0
0 0 0 0 0 0 0 0 0 0 0 0 0 0 0 0 0 0 0 0 0 0 0 0 520 520 521 521 521 521 521 524 524 525 525 524 524 525 525 525 525 525 525 525 525 525 527 527 528 528 529 529 528 528 528 528 528 529 529 529 529 529 529 529 528 528 529 529 529 529 529 529 529 529 529 529 529 529 529 529 528 528 529 529 528 528 528 529 529 529 529 529 529 529 529 529 529 529 529 529 528 527 527 528 528 529 529 529 529 529 529 529 529 529 529 529 529 529 529 529 529 530 530 529 529 529 529 529 529 529 529 529 529 529 529 529 529 529 529 529 529 529 529 529 529 529 529 529 529 529 529 529 529 529 529 528 528 529 529 529 529 529 529 529 529 529 529 529 529 529 529 529 530 530 530 531 531 531 530 530 529 529 529 530 531 532 531 531 532 532 531 531 531 531 531 531 532 532 532 531 531 532 532 532 533 532 532 531 531 531 531 532 532 532 533 532 532 531 531 533 533 533 533 533 534 534 534 534 534 534 533 533 534 534 534 534 534 534 534 534 534 534 534 535 535 535 535 535 535 535 534 534 534 535 535 535 535 535 535 535 535 535 535 536 536 536 536 536 536 535 534 534 534 535 536 536 536 537 537 536 535 535 535 536 535 535 535 535 534 534 534 534 534 534 534 534 534 534 533 531 531 531 531 532 531 531 531 532 533 533 533 534 534 533 533 534 534 535 536 540
0 0 0 0 0 0 0 0 0 0 0 0 0 0 0 0 0 0 0 0 0 0 0 0 520 520 521 521 521 521 521 524 524 525 525 524 524 525 525 525 525 525 525 525 525 525 527 527 528 528 528 528 528 528 528 528 528 529 529 529 529 529 529 529 528 528 529 529 529 529 529 529 529 529 529 529 529 529 529 529 528 528 529 529 528 528 528 529 529 529 529 529 529 529 529 529 529 529 529 529 528 527 527 528 528 529 529 529 529 529 529 529 529 529 529 529 529 529 529 529 529 530 530 529 529 529 529 529 529 529 529 529 529 529 529 529 529 529 529 529 529 529 529 529 529 529 529 529 529 529 529 529 529 529 529 528 528 529 529 529 529 529 529 529 529 529 529 529 529 529 529 529 530 530 530 531 531 531 530 530 529 529 529 530 531 532 531 531 532 532 531 531 531 531 531 531 532 532 532 531 531 532 531 531 533 532 532 531 531 531 531 532 532 532 533 532 532 531 531 533 533 533 533 533 534 534 534 534 534 534 533 533 534 534 534 534 534 534 534 534 534 534 534 535 535 535 535 535 535 535 534 534 534 535 535 535 535 535 535 535 535 535 535 536 536 536 536 536 536 535 534 534 534 535 536 536 536 537 537 536 535 535 535 536 535 535 535 535 534 534 534 534 534 534 534 534 534 534 533 531 531 531 531 532 531 531 531 532 533 533 533 534 534 533 533 534 534 535 536 540
0 0 0 0 0 0 0 0 0 0 0 0 0 0 0 0 0 0 0 0 0 0 0 0 521 521 521 522 522 524 525 525 525 525 525 525 525 525 525 526 526 526 526 526 526 526 527 528 528 528 528 528 528 528 529 529 529 529 529 529 529 529 529 529 529 529 529 529 529 529 529 529 529 529 529 529 529 529 530 529 529 529 529 529 528 528 529 529 529 529 529 529 529 529 529 529 529 529 529 529 529 528 528 529 529 529 529 529 529 529 529 529 529 529 529 529 529 529 530 529 529 530 530 530 529 529 529 529 529 529 529 529 529 529 529 529 529 529 529 529 529 529 529 529 529 529 529 529 529 529 529 529 529 529 529 529 529 529 529 530 529 529 530 530 530 530 530 529 529 530 530 531 532 532 532 532 532 531 530 530 530 531 531 532 532 532 532 532 533 533 532 532 532 532 532 532 532 533 533 533 533 533 531 531 533 533 533 532 532 532 532 533 533 533 533 533 533 533 533 534 534 534 533 533 534 534 534 534 534 534 534 534 534 534 535 535 535 534 534 535 535 535 535 535 536 535 535 535 535 536 536 536 535 535 535 536 536 536 536 535 535 535 535 536 536 536 536 536 537 536 536 535 535 536 536 536 536 537 537 537 536 536 536 537 536 536 536 536 535 534 534 534 535 535 535 534 534 534 534 532 532 532 532 533 532 532 532 533 533 534 534 534 534 534 534 534 537 537 538 540
0 0 0 0 0 0 0 0 0 0 0 0 0 0 0 0 0 0 0 0 0 0 0 0 522 522 523 524 525 525 525 525 525 525 525 525 525 525 526 527 527 527 527 528 527 527 528 529 529 529 529 529 529 529 529 529 530 530 530 529 529 529 529 529 529 529 529 529 530 529 529 530 531 530 530 530 530 530 530 530 530 530 529 529 529 529 529 529 529 529 529 529 529 529 529 529 529 529 529 529 529 529 529 529 529 529 529 529 529 529 529 529 529 529 529 529 530 529 529 529 529 530 530 531 529 529 530 529 529 530 530 530 530 530 530 530 530 529 529 529 529 530 530 530 529 529 529 529 530 530 530 529 529 529 529 529 529 529 529 530 529 529 530 530 531 531 531 530 530 530 530 531 533 533 533 532 532 532 531 531 532 533 533 533 533 533 533 533 533 533 533 533 533 533 533 533 533 533 533 533 533 533 533 533 533 533 533 534 534 534 534 534 533 533 534 533 533 534 534 534 534 534 534 534 534 535 535 534 534 534 535 535 535 535 535 535 535 535 535 535 535 536 536 536 536 536 536 536 536 536 536 536 536 536 536 537 537 537 537 536 536 536 536 536 536 536 536 536 537 537 538 537 537 536 536 537 537 538 538 537 537 537 537 537 537 537 537 537 536 535 534 534 536 536 535 535 534 534 534 533 533 533 533 534 533 533 534 534 534 534 534 535 535 535 535 536 537 538 539 540
0 0 0 0 0 0 0 0 0 0 0 0 0 0 0 0 0 0 0 0 0 0 0 0 522 522 523 524 526 525 525 525 525 525 526 526 526 527 527 528 528 528 528 528 528 528 529 529 529 529 529 529 529 529 529 530 531 531 531 529 529 530 530 530 530 530 530 530 531 531 531 531 532 531 531 530 530 531 531 531 531 531 531 529 529 529 529 529 530 530 530 530 529 529 529 529 530 530 530 530 530 530 531 530 530 530 529 529 529 529 529 529 529 530 530 530 530 529 529 529 529 530 530 532 532 531 531 531 531 531 531 530 530 530 530 531 530 530 530 529 529 532 531 531 530 530 530 530 532 530 530 529 529 531 530 530 530 530 530 530 531 531 531 531 531 531 532 531 531 531 531 532 534 534 534 533 533 532 532 532 533 534 533 533 533 533 533 533 533 533 533 533 533 534 534 534 533 533 533 533 534 534 534 534 534 534 534 534 534 535 535 534 534 534 534 534 534 534 534 535 535 534 534 534 535 536 536 535 535 535 535 535 536 536 536 536 536 536 536 536 536 536 536 537 537 537 537 537 537 537 537 537 536 536 536 537 537 538 537 537 537 537 537 537 537 537 537 537 538 538 538 537 537 537 537 538 538 538 538 538 538 538 538 538 538 538 537 537 537 536 536 536 536 537 537 536 536 534 534 534 534 535 534 534 534 534 534 535 535 536 537 536 536 535 535 536 537 540 540 0
0 0 0 0 0 0 0 0 0 0 0 0 0 0 0 0 0 0 0 0 0 0 0 0 523 523 524 526 527 526 526 526 527 527 527 527 527 528 528 528 528 528 528 528 529 529 530 530 530 529 529 529 529 530 531 531 531 531 531 530 530 530 530 530 530 530 530 531 531 531 531 532 532 532 532 531 531 531 531 532 532 532 532 530 530 530 530 530 530 531 530 530 530 530 530 530 531 530 530 530 530 530 530 530 530 530 530 530 530 530 530 531 531 532 531 531 530 530 529 529 529 531 532 532 532 531 531 531 531 532 532 531 531 531 531 531 531 530 530 531 531 532 532 532 532 532 531 531 532 530 530 530 530 531 530 530 530 531 532 532 532 532 532 532 532 532 532 532 532 532 532 533 534 534 534 533 533 533 532 532 533 534 534 534 534 534 534 534 534 533 533 534 534 534 534 534 533 533 534 534 534 534 534 534 534 534 534 534 535 535 535 534 534 534 534 534 534 534 534 535 535 535 535 535 535 536 536 536 536 536 536 537 536 536 536 536 536 536 536 537 537 537 537 537 537 537 537 538 538 538 537 537 537 537 537 538 538 538 538 538 538 538 538 539 539 538 538 538 539 539 539 538 538 538 538 538 539 539 538 538 539 539 538 538 538 538 538 538 538 538 537 537 537 537 537 537 537 536 536 536 536 537 537 534 534 534 534 535 536 537 537 537 537 537 537 537 538 540 541 0
0 0 0 0 0 0 0 0 0 0 0 0 0 0 0 0 0 0 0 0 0 0 0 0 524 524 525 527 528 528 528 528 528 528 528 528 528 530 529 529 529 529 529 529 530 530 531 531 531 532 531 530 530 530 531 531 531 531 531 530 530 531 531 531 530 530 530 531 531 531 531 533 533 533 532 531 531 531 531 532 532 533 532 532 532 532 532 532 532 532 532 531 531 531 530 530 531 531 531 531 531 531 530 530 530 530 531 531 531 532 532 532 532 532 531 531 531 531 530 530 530 532 532 532 532 531 531 532 532 533 533 531 531 532 532 532 532 531 531 532 532 533 533 533 533 532 532 533 532 532 532 531 531 531 531 531 532 533 533 533 532 532 533 533 533 532 532 533 533 533 533 534 534 534 534 534 534 534 534 534 534 534 534 534 534 534 534 534 534 534 534 534 534 534 534 534 534 534 534 534 534 534 534 534 534 534 535 535 535 535 535 534 534 534 534 534 534 534 534 535 536 536 536 536 537 537 537 537 537 537 537 537 537 537 536 536 537 537 537 537 537 537 537 538 538 538 538 539 538 538 538 537 537 538 539 539 539 539 539 539 539 539 539 539 539 539 539 539 540 540 540 538 538 539 539 539 540 540 539 539 540 539 538 538 538 539 539 539 539 539 538 538 538 538 538 538 538 537 537 537 537 538 538 537 537 535 535 536 537 537 538 537 537 537 537 538 538 540 541 543
0 0 0 0 0 0 0 0 0 0 0 0 0 0 0 0 0 0 0 0 0 0 0 0 525 525 527 528 529 529 529 529 529 529 529 529 529 530 530 530 529 529 529 529 530 531 531 532 532 532 531 531 531 531 531 532 532 532 532 531 531 531 531 531 531 531 531 532 532 532 532 533 533 533 533 532 532 532 532 532 533 533 533 533 533 533 532 532 532 532 533 532 532 532 531 531 531 531 531 531 531 531 531 531 531 531 532 532 532 532 532 532 533 532 532 532 532 532 533 532 532 533 532 532 532 532 533 533 533 534 534 533 533 533 532 532 532 533 532 532 533 533 533 533 533 532 532 533 533 533 533 533 533 532 532 532 532 533 533 533 533 533 533 533 533 532 532 533 533 533 534 534 535 534 534 534 534 534 534 534 534 534 534 534 534 534 534 534 534 534 534 534 534 534 534 534 534 534 534 534 534 534 534 534 534 534 536 536 535 535 535 534 534 535 534 534 534 534 534 535 536 536 536 536 537 537 537 537 537 538 538 537 537 537 537 537 537 538 537 537 539 539 539 539 539 539 539 539 539 539 539 540 539 539 540 540 540 540 539 539 540 540 540 540 540 540 540 540 540 540 540 540 540 540 540 540 540 540 540 540 540 540 540 540 540 540 540 540 540 540 540 540 540 540 540 539 539 538 538 539 539 539 538 538 538 538 538 537 537 537 538 538 537 537 538 541 541 542 542 543
0 0 0 0 0 0 0 0 0 0 0 0 0 0 0 0 0 0 0 0 0 0 0 0 526 526 528 529 529 530 529 529 529 529 529 529 529 530 530 530 530 530 531 531 531 531 532 532 532 532 532 532 532 532 532 534 533 533 533 533 533 532 532 532 532 532 532 532 533 532 532 533 533 533 534 533 533 533 533 533 533 533 533 533 533 533 532 532 533 533 533 532 532 533 532 532 532 532 532 532 532 532 531 531 532 532 533 533 533 533 533 533 533 532 532 532 532 533 533 533 533 533 532 532 532 532 533 533 533 534 534 534 533 533 533 533 533 532 532 533 533 533 533 533 533 533 533 533 533 533 533 533 533 532 532 532 532 533 534 533 533 533 533 533 534 532 532 533 533 534 534 535 535 535 534 534 0 534 534 534 534 534 534 535 535 535 535 535 534 534 534 535 535 535 535 535 535 535 535 535 534 534 534 534 535 536 536 536 535 535 535 534 534 536 536 537 537 536 536 536 536 536 536 536 537 537 538 538 538 538 538 538 537 537 537 537 538 538 539 539 539 539 539 539 538 538 539 539 540 540 540 540 540 540 540 540 540 540 540 540 540 540 540 540 540 540 540 540 540 540 540 540 540 541 540 540 540 540 541 541 540 540 540 541 541 541 541 540 540 540 540 540 540 540 540 540 540 540 540 540 540 539 539 539 539 539 539 539 539 540 540 540 540 538 538 541 541 542 542 543
0 0 0 0 0 0 0 0 0 0 0 0 0 0 0 0 0 0 0 0 0 0 0 0 527 527 529 529 529 530 530 530 529 529 529 529 530 530 530 531 532 532 532 533 532 532 532 533 532 532 532 532 533 533 533 534 533 533 533 533 533 533 533 533 532 532 532 532 533 533 533 534 533 533 534 534 534 534 534 534 534 534 533 533 533 533 533 533 533 533 533 532 532 533 532 532 532 532 533 533 533 533 532 532 533 533 533 534 533 533 533 533 533 532 532 532 532 533 533 533 534 534 534 534 533 533 533 533 533 534 534 534 534 534 534 534 534 532 532 534 534 534 533 533 533 533 533 533 533 533 534 534 0 0 0 0 533 533 534 534 533 533 534 534 534 533 533 533 533 533 0 0 0 0 0 0 0 0 0 0 534 534 534 536 536 536 536 536 535 535 535 535 535 536 536 536 536 536 536 536 536 536 536 536 536 536 536 536 536 536 536 536 536 536 536 537 538 538 537 537 538 538 537 537 538 538 539 539 539 539 539 538 538 538 539 540 540 540 540 540 540 540 540 539 538 538 539 539 540 540 540 540 540 540 540 540 540 540 540 541 540 540 540 540 540 540 540 540 540 540 540 541 541 542 541 541 542 542 542 542 542 541 541 542 542 541 541 541 541 542 541 541 541 541 541 541 541 540 540 540 540 540 540 540 540 540 540 540 540 540 540 540 540 540 541 542 542 543 543 544
0 0 0 0 0 0 0 0 0 0 0 0 0 0 0 0 0 0 0 0 0 0 0 0 528 528 529 529 530 531 531 530 529 529 529 530 530 531 531 532 532 533 533 533 533 533 533 533 533 533 532 532 534 534 534 534 534 534 534 534 534 534 534 533 533 533 533 534 534 534 534 534 533 533 534 534 534 534 534 534 534 534 534 534 534 534 533 533 533 533 533 533 533 533 533 533 533 533 533 533 533 533 533 533 533 534 534 534 534 534 533 533 533 533 533 533 533 534 534 534 534 535 534 534 534 534 534 534 534 534 534 534 534 534 534 535 534 534 534 534 534 534 533 533 533 0 0 0 0 0 0 0 0 0 0 0 0 0 0 0 0 0 0 0 535 534 534 534 533 533 0 0 0 0 0 0 0 0 0 0 0 537 537 537 536 536 536 536 536 536 536 536 536 536 536 536 536 537 536 536 536 536 537 538 536 536 536 537 537 537 537 537 537 537 537 539 539 539 538 538 539 539 539 539 539 540 539 539 539 539 539 539 539 539 540 540 540 540 540 540 540 540 540 540 540 540 540 540 540 540 540 540 540 540 540 540 541 541 541 541 541 541 541 541 541 541 541 541 542 542 541 541 541 543 543 543 544 544 544 544 543 542 542 542 542 542 542 542 542 542 542 542 541 541 541 541 541 541 541 541 541 541 540 540 540 540 540 540 540 540 540 541 541 541 543 543 543 544 544 544
0 0 0 0 0 0 0 0 0 0 0 0 0 0 0 0 0 0 0 0 0 0 0 0 529 529 529 530 531 531 532 531 530 530 530 530 530 531 531 532 534 533 533 533 533 533 534 534 534 534 533 533 534 534 534 534 534 534 534 534 534 534 534 534 533 533 534 534 534 534 534 534 534 534 534 534 535 535 534 534 534 534 534 534 534 534 534 533 533 534 534 534 534 533 533 533 533 533 533 533 534 534 534 534 534 534 534 534 534 534 534 534 534 534 534 534 534 534 534 534 535 535 535 535 534 534 534 534 534 535 535 535 535 535 535 535 534 534 534 534 537 538 538 0 0 0 0 0 0 0 0 0 0 0 0 0 0 0 0 0 0 0 0 0 0 0 0 0 0 0 0 0 0 0 0 0 0 0 0 0 0 540 539 539 537 537 537 537 537 537 537 537 537 537 537 536 536 537 537 537 537 537 538 538 537 537 537 537 537 537 538 538 538 538 538 539 539 539 539 539 540 539 539 539 540 540 540 540 540 540 540 540 540 540 540 540 540 540 540 540 540 540 540 540 540 540 540 540 541 541 541 541 541 540 540 542 542 542 542 542 542 542 542 542 542 542 542 543 543 542 541 541 542 544 544 544 544 544 544 544 544 545 545 544 544 544 543 543 543 543 543 543 543 542 542 542 542 542 541 541 541 541 540 540 540 540 540 540 540 540 540 541 542 542 543 543 543 543 544 544
0 0 0 0 0 0 0 0 0 0 0 0 0 0 0 0 0 0 0 0 0 0 0 0 530 530 531 531 532 532 533 532 532 531 531 532 532 532 532 533 534 533 533 533 533 533 534 534 534 534 534 534 534 534 534 534 534 534 534 534 534 534 534 534 534 534 534 534 534 535 535 535 534 534 534 535 535 535 535 534 534 535 534 534 534 534 534 533 533 535 535 534 534 534 534 534 534 534 534 534 534 534 534 534 534 534 534 534 534 534 534 534 534 534 534 534 535 535 535 535 535 535 535 535 534 534 534 534 534 535 535 535 536 536 536 536 535 535 536 536 537 538 539 0 0 0 0 0 0 0 0 0 0 0 0 0 0 0 0 0 0 0 0 0 0 0 0 0 0 0 0 0 0 0 0 0 0 0 0 0 0 540 539 539 538 538 537 537 537 537 538 539 539 538 537 537 537 537 538 538 538 538 537 537 537 537 539 537 537 538 538 538 540 540 540 540 539 539 539 539 540 540 540 540 540 540 540 540 540 540 540 540 540 540 540 541 541 540 540 541 541 541 540 540 540 540 541 541 541 541 542 542 542 543 543 544 544 543 543 543 543 543 544 544 543 543 544 544 544 543 542 542 543 544 544 545 545 545 545 545 545 545 546 545 545 544 544 543 543 543 543 543 544 543 543 542 542 542 543 543 543 543 541 541 541 541 541 541 541 541 542 543 543 543 543 543 543 543 544 544
0 0 0 0 0 0 0 0 0 0 0 0 0 0 0 0 0 0 0 0 0 0 0 0 531 531 532 532 533 533 533 534 534 534 534 534 534 534 534 534 534 534 534 534 534 534 535 535 535 534 534 534 534 534 534 534 534 534 535 534 534 534 534 534 534 535 535 535 535 535 535 536 536 536 536 536 536 536 536 536 535 535 535 535 535 535 535 535 535 535 535 535 534 534 534 534 534 534 534 534 534 534 534 534 534 534 534 535 535 534 534 534 534 534 534 534 536 536 536 536 536 535 535 535 534 534 535 535 535 536 536 536 536 536 536 537 537 537 536 536 538 538 538 0 0 0 0 0 0 0 0 0 0 0 0 0 0 0 0 0 0 0 0 0 0 0 0 0 0 0 0 0 0 0 0 0 0 0 0 0 0 540 540 539 539 539 537 537 539 539 539 540 540 539 538 537 537 538 539 539 538 538 537 537 538 539 540 540 540 540 540 540 540 540 540 540 540 540 540 540 540 540 540 540 540 540 540 540 540 540 540 540 540 540 541 541 542 540 540 541 541 542 541 541 541 541 542 542 542 542 543 543 543 543 544 544 544 544 544 544 544 544 544 545 545 544 544 545 544 544 543 543 543 545 545 545 546 545 545 545 545 546 546 546 546 545 545 545 544 544 544 544 545 544 544 544 543 543 544 544 544 544 541 541 541 541 542 541 541 541 543 544 544 544 544 544 544 544 544 544
0 0 0 0 0 0 0 0 0 0 0 0 0 0 0 0 0 0 0 0 0 0 0 0 532 532 533 534 534 534 534 534 534 534 534 534 534 534 534 534 534 534 537 535 535 535 536 536 536 535 535 534 534 534 534 534 534 534 536 535 535 534 534 535 535 536 536 536 536 535 535 535 536 536 536 537 536 536 536 536 535 535 535 535 535 535 535 535 535 535 535 535 535 534 534 535 536 534 534 535 535 535 535 534 534 535 537 537 535 535 535 535 535 535 535 535 536 537 536 536 536 536 536 536 536 535 535 536 536 537 536 536 536 536 536 537 537 537 537 537 538 538 538 0 0 0 0 0 0 0 0 0 0 0 0 0 0 0 0 0 0 0 0 0 0 0 0 0 0 0 0 0 0 0 0 0 0 0 0 0 0 0 540 540 540 540 538 538 539 539 540 540 540 540 539 538 538 539 539 540 540 538 537 537 538 539 540 540 540 540 540 540 540 540 540 540 540 540 540 540 540 540 540 540 540 540 541 541 540 540 541 541 542 542 542 542 543 543 543 543 543 543 543 543 542 542 542 542 542 543 543 543 544 544 545 545 544 544 544 545 546 546 546 546 546 545 545 546 546 544 544 544 545 546 546 546 546 546 545 545 545 546 546 546 546 546 546 546 545 545 545 545 545 546 545 545 544 544 544 544 545 544 542 542 542 542 543 543 543 543 544 544 544 545 545 545 544 544 545 545
0 0 0 0 0 0 0 0 0 0 0 0 0 0 0 0 0 0 0 0 0 0 0 534 534 534 534 534 534 534 534 534 534 534 535 535 535 535 535 535 535 536 537 537 536 536 536 537 537 536 535 535 538 538 537 537 537 537 538 536 536 535 535 536 536 537 537 536 536 535 535 535 536 536 536 538 536 536 537 537 537 536 536 537 536 536 536 536 536 536 536 536 535 535 535 536 536 536 536 536 536 536 536 536 536 537 537 537 536 536 535 535 535 535 535 535 536 537 536 536 536 536 536 536 537 536 536 537 537 537 537 537 536 536 536 538 538 538 538 538 538 538 538 0 0 0 0 0 0 0 0 0 0 0 0 0 0 0 0 0 0 0 0 0 0 0 0 0 0 0 0 0 0 0 0 0 0 0 0 0 0 0 540 540 540 540 539 539 539 539 540 540 540 540 539 539 539 539 539 540 540 540 538 538 540 540 540 540 540 540 540 540 540 540 540 540 540 540 541 541 541 541 541 541 541 541 542 542 542 542 543 543 543 543 543 543 543 543 543 543 544 544 544 543 542 542 542 542 543 544 544 545 545 546 546 545 545 545 545 545 546 546 546 546 546 545 545 546 546 546 546 546 546 546 547 547 547 547 546 546 546 546 546 547 547 546 546 546 546 546 546 546 546 546 546 546 545 545 545 545 545 544 544 544 544 544 544 544 544 544 545 545 546 546 546 545 545 545 546 546
0 0 0 0 0 0 0 0 0 0 0 0 0 0 0 0 0 0 0 0 0 0 0 534 534 534 534 534 534 535 535 535 535 535 535 535 535 536 537 537 537 537 537 537 537 538 538 538 538 537 537 537 538 538 538 538 537 537 538 537 537 535 535 537 537 537 537 537 537 537 535 535 536 536 538 538 537 537 537 537 537 536 536 537 537 537 538 537 536 536 536 536 536 535 535 536 537 538 537 536 536 536 537 536 536 538 538 538 536 536 536 535 535 535 535 536 537 537 537 537 537 537 537 538 538 538 538 537 537 538 538 538 538 537 537 539 539 539 539 539 539 539 0 0 0 0 0 0 0 0 0 0 0 0 0 0 0 0 0 0 0 0 0 0 0 0 0 0 0 0 0 0 0 0 0 0 0 0 0 0 0 0 540 540 540 540 540 540 540 540 540 540 540 540 540 540 540 540 540 540 540 540 540 540 540 540 542 542 541 541 540 540 540 540 540 540 540 541 542 542 542 542 542 542 542 543 543 543 543 543 544 544 544 544 544 544 544 544 544 545 545 544 544 544 543 543 543 543 543 544 544 545 546 546 546 546 545 545 546 546 546 546 546 546 546 546 546 546 546 546 546 546 547 547 547 547 547 547 547 546 546 547 547 548 548 547 547 547 547 547 547 546 546 547 547 547 547 546 546 545 545 545 544 544 544 544 544 544 545 545 545 545 546 546 547 547 546 546 546 546
0 0 0 0 0 0 0 0 0 0 0 0 0 0 0 0 0 0 0 0 0 0 0 535 535 534 534 535 535 535 536 536 535 535 536 537 537 538 538 538 538 537 537 537 537 538 538 538 538 538 537 537 538 538 538 538 537 537 538 538 538 537 537 538 538 538 538 537 537 537 537 538 538 538 539 539 539 539 539 539 539 537 537 538 539 539 539 539 539 538 538 538 537 537 538 537 537 538 538 539 539 539 539 537 537 538 538 538 537 537 537 537 536 536 536 536 539 539 538 538 539 538 538 539 539 538 538 538 538 539 539 539 539 538 538 539 539 539 539 539 540 540 542 0 0 0 0 0 0 0 0 0 0 0 0 0 0 0 0 0 0 0 0 0 0 0 0 0 0 0 0 0 0 0 0 0 0 0 0 0 0 0 0 540 540 540 540 540 540 541 541 541 540 540 540 540 540 540 541 541 541 541 540 540 541 541 542 542 542 541 541 541 541 541 540 540 541 541 542 542 542 542 543 543 543 543 543 543 544 544 544 544 544 544 544 544 544 544 544 545 545 545 545 545 544 544 546 544 544 544 545 546 546 546 546 546 546 546 546 546 546 547 547 546 546 546 546 546 547 547 548 547 547 548 548 548 548 548 548 547 547 547 547 547 548 547 547 547 547 547 547 546 546 547 548 548 548 547 546 545 545 546 546 545 545 545 545 545 545 546 546 546 546 546 547 548 548 547 547 548
0 0 0 0 0 0 0 0 0 0 0 0 0 0 0 0 0 0 0 0 0 0 0 536 535 535 535 537 537 537 537 537 538 538 538 538 538 538 538 538 538 539 539 539 538 538 539 539 539 539 538 538 538 538 538 538 539 539 539 539 539 539 539 539 539 539 539 539 538 538 538 539 539 539 540 539 539 539 539 539 539 537 537 539 539 540 540 540 540 539 539 539 539 539 539 538 538 538 539 539 539 539 539 539 539 539 538 538 539 539 539 538 538 537 537 539 540 540 540 540 540 540 540 539 539 539 539 539 540 540 540 540 540 540 540 540 540 540 540 540 540 542 542 0 0 0 0 0 0 0 0 0 0 0 0 0 0 0 0 0 0 0 0 0 0 0 0 0 0 0 0 0 0 0 0 0 0 0 0 0 0 0 0 540 540 540 541 542 542 542 541 541 541 541 541 542 542 542 542 542 542 541 541 542 542 542 543 543 543 542 542 541 541 542 541 541 542 542 542 543 543 543 543 543 544 544 544 544 544 544 544 544 544 544 544 545 545 545 545 545 545 545 545 546 546 546 546 544 544 545 546 546 546 546 546 546 546 547 547 547 547 547 547 546 546 546 546 546 547 547 548 548 548 549 549 548 548 549 549 548 548 547 547 547 548 548 548 548 548 548 548 548 548 548 548 548 548 548 547 545 545 547 546 546 546 546 546 546 546 546 546 546 546 547 548 548 548 548 548 549
0 0 0 0 0 0 0 0 0 0 0 0 0 0 0 0 0 0 0 0 0 0 0 537 536 536 537 538 538 538 538 538 538 539 540 539 539 539 539 539 539 539 539 540 539 539 540 540 540 540 538 538 538 539 539 539 540 540 540 540 539 539 539 539 539 539 539 539 539 538 538 539 540 540 540 539 539 540 539 539 540 540 540 540 540 541 540 540 540 539 539 539 539 539 539 539 539 540 540 540 539 539 540 539 539 539 538 538 539 540 540 539 539 539 539 540 540 540 540 540 540 540 540 540 540 541 540 540 540 540 540 540 540 540 540 540 540 540 540 541 541 542 542 0 0 0 0 0 0 0 0 0 0 0 0 0 0 0 0 0 0 0 0 0 0 0 0 0 0 0 0 0 0 0 0 0 0 0 0 0 0 0 0 542 541 541 542 542 543 543 542 542 542 542 542 542 542 542 542 542 542 543 543 543 542 542 543 543 543 542 542 541 541 542 543 543 544 544 544 544 544 544 544 544 545 545 545 545 545 544 544 544 545 545 545 545 545 545 546 546 546 546 546 546 546 546 546 546 546 546 547 547 547 546 546 547 547 548 548 548 548 547 547 547 547 547 547 547 548 548 549 549 549 549 549 549 549 549 549 549 549 548 548 549 549 549 549 549 549 548 548 548 548 548 548 548 548 548 547 547 547 548 547 547 547 546 546 546 547 547 547 547 547 548 548 548 549 550 550 551
0 0 0 0 0 0 0 0 0 0 0 0 0 0 0 0 0 0 0 0 0 0 0 538 537 537 538 538 538 538 538 538 538 539 539 540 540 540 540 539 539 540 541 541 540 540 540 540 540 540 539 539 539 539 540 540 540 540 540 540 540 540 540 540 540 540 540 540 540 539 539 540 540 540 540 539 539 540 540 540 540 541 541 540 540 541 541 541 540 540 540 540 540 540 540 540 540 540 540 540 540 540 540 540 540 540 539 539 540 540 540 540 540 540 540 540 540 540 540 540 540 540 540 540 540 541 540 540 541 540 540 540 540 540 540 540 540 540 541 541 542 542 542 0 0 0 0 0 0 0 0 0 0 0 0 0 0 0 0 0 0 0 0 0 0 0 0 0 0 0 0 0 0 0 0 0 0 0 0 0 0 0 543 543 543 543 543 543 543 543 542 542 542 542 543 543 543 543 543 543 543 544 544 544 543 543 543 543 543 543 543 543 543 543 544 544 545 545 545 546 546 545 545 546 546 546 546 545 545 545 545 545 545 545 546 546 546 546 546 546 546 546 546 546 546 546 546 547 547 547 547 547 547 547 547 547 547 549 549 549 549 548 548 548 547 547 548 548 549 549 549 549 549 550 550 550 550 551 550 550 550 549 549 549 549 550 550 550 550 550 548 548 549 548 548 548 548 548 548 548 548 548 548 548 548 547 547 548 548 548 549 548 548 548 549 549 549 550 551 551
0 0 0 0 0 0 0 0 0 0 0 0 0 0 0 0 0 0 0 0 0 0 0 539 538 538 538 539 539 539 539 539 539 539 539 540 540 540 540 540 540 541 541 541 541 541 540 540 540 540 539 539 539 540 540 540 540 540 540 540 540 540 541 540 540 540 540 540 540 539 539 540 540 540 540 540 540 540 540 540 540 541 541 541 541 542 542 542 541 540 540 540 540 540 541 541 541 541 540 540 540 540 540 540 540 540 540 540 540 540 541 540 540 541 541 541 541 542 542 541 541 541 541 540 540 541 542 542 542 541 541 541 540 540 540 541 540 540 541 541 542 543 543 0 0 0 0 0 0 0 0 0 0 0 0 0 0 0 0 0 0 0 0 0 0 0 0 0 0 0 0 0 0 0 0 0 0 0 0 0 0 546 543 543 545 544 544 544 544 543 543 543 543 543 544 545 544 544 544 544 544 544 544 544 544 545 544 544 544 544 544 544 544 544 545 545 546 546 546 546 546 545 545 546 546 546 546 546 546 546 546 546 546 546 546 546 547 547 547 547 546 546 546 546 547 547 547 547 548 548 549 548 548 549 549 548 548 549 549 549 549 549 549 549 549 549 548 548 549 550 550 550 550 551 550 550 551 551 551 551 551 551 551 551 551 551 551 551 551 551 551 549 549 549 549 550 549 549 549 549 548 548 549 548 548 548 549 549 549 549 550 549 549 549 549 549 549 550 551 551
0 0 0 0 0 0 0 0 0 0 0 0 0 0 0 0 0 0 0 0 0 0 0 539 539 538 538 539 539 539 539 539 539 539 539 540 541 541 541 540 540 541 541 542 541 541 541 541 541 541 542 540 540 540 540 540 540 540 540 540 540 541 541 540 540 540 540 540 540 540 540 540 540 540 541 540 540 540 540 540 541 541 541 541 542 542 542 542 541 541 540 540 540 540 541 541 541 541 540 540 540 540 540 541 541 541 541 541 541 541 542 541 541 541 541 541 541 542 542 541 541 541 541 542 542 542 542 542 542 541 541 541 540 540 541 541 541 541 541 541 542 543 543 0 0 0 0 0 0 0 0 0 0 0 0 0 0 0 0 0 0 0 0 0 0 0 0 0 0 0 0 0 0 0 0 0 0 0 0 0 0 546 545 545 546 544 544 544 545 544 544 544 544 544 544 545 545 545 545 545 544 544 546 545 545 545 544 544 545 545 545 545 545 546 546 546 546 546 546 546 546 546 546 546 546 547 547 546 546 546 546 546 546 546 547 547 547 547 547 547 547 547 547 547 547 548 548 548 549 549 549 548 548 549 549 550 550 550 550 549 549 549 550 550 550 550 549 549 550 550 550 551 551 552 552 551 551 551 552 552 552 552 552 552 552 552 551 551 552 551 551 550 549 549 549 550 549 549 549 549 550 551 551 549 549 550 550 550 550 550 550 549 549 550 549 549 550 550 551 551
0 0 0 0 0 0 0 0 0 0 0 0 0 0 0 0 0 0 0 0 0 0 0 539 539 539 539 539 540 540 540 540 539 539 539 540 541 541 541 540 540 541 542 542 542 541 541 541 541 541 542 541 541 541 541 541 541 541 541 540 540 541 541 541 540 540 542 542 542 540 540 541 542 542 542 541 541 541 541 542 542 542 541 541 542 542 542 542 542 542 541 541 541 541 542 542 542 542 541 541 542 542 542 541 541 542 542 542 541 541 542 541 541 541 541 541 541 542 542 541 541 541 543 542 542 542 542 542 543 543 542 542 542 541 541 541 541 542 542 542 543 543 543 0 0 0 0 0 0 0 0 0 0 0 0 0 0 0 0 0 0 0 0 0 0 0 0 0 0 0 0 0 0 0 0 0 0 0 0 0 0 546 545 545 546 544 544 545 545 545 545 545 545 544 544 545 545 545 545 545 544 544 546 546 546 546 546 546 545 545 546 546 546 546 546 546 547 546 546 546 546 546 546 546 547 547 547 547 547 547 547 547 547 547 547 548 548 548 547 547 547 547 548 548 548 549 549 549 550 550 550 549 549 550 550 550 550 551 551 550 550 550 550 551 550 550 549 549 550 551 551 551 551 552 552 552 552 553 553 553 552 552 552 552 552 552 552 552 552 552 552 551 551 550 550 551 551 551 551 551 552 551 551 550 550 551 551 551 551 552 552 552 551 551 551 551 552 552 552 552
0 0 0 0 0 0 0 0 0 0 0 0 0 0 0 0 0 0 0 0 0 0 0 540 540 539 539 540 540 540 541 541 541 540 540 541 541 541 541 541 541 542 542 542 541 541 541 541 541 541 542 542 542 542 542 542 542 541 541 541 541 541 541 541 540 540 542 542 542 541 541 543 543 543 543 543 542 542 542 543 543 542 541 541 542 542 542 542 542 542 541 541 542 542 542 542 542 542 542 542 542 542 542 542 542 542 542 542 541 541 542 543 543 542 542 542 542 542 543 542 542 542 543 543 543 543 543 543 543 543 543 543 544 543 543 542 542 543 543 543 543 544 544 0 0 0 0 0 0 0 0 0 0 0 0 0 0 0 0 0 0 0 0 0 0 0 0 0 0 0 0 0 0 0 0 0 0 0 0 0 0 546 545 545 546 546 546 545 545 545 546 546 546 544 544 545 546 546 546 546 546 547 546 546 546 546 546 546 546 546 546 546 546 546 546 546 547 547 547 546 546 546 546 547 547 547 547 547 547 547 547 547 547 548 548 548 548 548 547 547 548 548 548 549 549 550 550 550 550 550 550 550 550 550 550 550 551 552 551 551 551 551 551 551 550 550 551 551 551 551 551 551 552 552 552 553 553 554 553 553 553 553 553 553 553 553 553 553 553 553 552 552 552 551 551 552 554 554 552 552 552 553 553 552 551 551 551 551 551 553 554 553 552 552 552 552 552 554 554 554
0 0 0 0 0 0 0 0 0 0 0 0 0 0 0 0 0 0 0 0 0 0 0 540 540 540 540 540 541 541 542 542 543 542 542 541 541 541 541 541 541 542 542 542 541 541 541 542 542 542 542 542 542 542 543 543 543 543 542 542 541 541 541 541 541 541 543 543 543 542 542 544 543 543 543 543 543 543 543 543 543 543 542 542 542 542 542 543 543 543 543 543 543 543 543 543 542 542 542 542 542 543 543 542 542 542 542 543 542 542 543 543 543 542 542 543 543 543 543 542 542 544 544 543 543 543 543 543 543 543 543 543 545 545 545 544 543 543 544 544 544 544 544 545 546 0 0 0 0 0 0 0 0 0 0 0 0 0 0 0 0 0 0 0 0 0 0 0 0 0 0 0 0 0 0 0 0 0 0 0 0 546 545 545 546 546 546 546 546 546 546 546 546 545 545 545 546 546 546 546 546 548 547 547 547 546 546 546 546 546 546 546 546 546 547 547 547 547 547 547 547 547 547 547 547 548 548 548 548 548 548 548 548 548 548 549 548 548 549 549 549 549 550 549 549 550 550 550 550 550 550 551 550 550 550 551 551 551 551 551 551 551 551 552 552 552 551 551 551 554 553 553 553 553 554 554 554 554 554 554 554 553 553 553 553 553 554 554 553 553 553 553 553 552 552 552 554 554 554 554 554 554 554 553 552 552 552 552 553 554 554 553 553 553 553 554 554 554 554 554
0 0 0 0 0 0 0 0 0 0 0 0 0 0 0 0 0 0 0 0 0 0 0 540 540 541 541 541 541 541 542 542 543 543 543 542 541 541 542 542 542 544 544 542 541 541 541 542 542 542 542 542 542 542 543 543 543 543 542 542 542 542 542 542 542 542 543 544 543 542 542 544 544 544 544 544 544 543 543 545 544 544 542 542 542 543 543 543 543 543 543 543 543 543 544 543 542 542 542 542 543 543 543 542 542 542 543 543 543 543 543 544 544 544 545 545 544 544 544 543 543 544 544 544 544 543 543 543 543 543 544 546 546 545 545 545 544 544 543 543 544 544 544 545 546 0 0 0 0 0 0 0 0 0 0 0 0 0 0 0 0 0 0 0 0 0 0 0 0 0 0 0 0 0 0 0 0 0 0 0 0 546 546 546 546 546 546 546 546 546 546 546 547 546 546 547 547 547 547 547 547 547 547 547 547 547 546 546 546 546 546 547 547 547 547 547 547 548 548 548 548 548 548 549 549 549 549 549 549 549 549 549 549 548 548 549 549 549 550 550 549 549 550 550 550 550 551 550 550 551 551 552 551 551 551 551 551 551 552 552 552 552 553 553 553 553 552 552 553 554 554 554 554 554 554 554 554 554 554 554 554 554 554 554 554 554 554 554 554 554 554 554 554 554 553 553 554 554 554 554 554 554 554 554 553 553 553 553 554 554 554 554 554 554 554 554 553 553 554 554
0 0 0 0 0 0 0 0 0 0 0 0 0 0 0 0 0 0 0 0 0 0 0 541 541 543 544 544 544 544 544 544 543 543 543 543 542 542 543 543 544 544 545 543 542 542 542 542 542 542 542 542 543 543 544 543 543 543 543 543 543 543 543 543 543 543 543 544 544 542 542 544 544 544 544 544 544 545 545 545 544 544 543 543 543 544 544 544 543 543 543 543 543 544 544 544 543 543 542 542 543 543 546 544 544 544 544 543 543 544 544 544 544 544 545 546 546 545 545 544 544 545 544 544 544 544 544 544 544 544 544 546 546 546 546 545 545 545 543 543 546 546 546 546 547 0 0 0 0 0 0 0 0 0 0 0 0 0 0 0 0 0 0 0 0 0 0 0 0 0 0 0 0 0 0 0 0 0 0 0 0 546 546 546 546 547 547 547 546 546 547 547 547 546 546 547 548 548 547 547 547 547 548 548 548 547 546 546 547 547 547 548 547 547 547 547 547 548 548 548 548 548 549 550 550 550 550 550 550 550 550 550 550 550 550 550 550 550 550 550 550 550 551 551 551 552 551 551 551 551 551 552 552 552 552 552 552 553 553 553 553 553 554 553 553 553 553 553 554 554 554 554 554 555 556 556 555 555 555 555 555 555 555 555 555 555 555 555 554 554 554 555 554 554 554 554 554 554 554 554 554 554 554 554 554 554 554 554 554 554 554 554 554 554 554 554 553 553 554 554
0 0 0 0 0 0 0 0 0 0 0 0 0 0 0 0 0 0 0 0 0 0 0 543 543 544 544 544 544 544 545 544 544 544 544 543 543 543 543 543 544 544 545 544 543 542 542 543 543 543 543 544 544 544 545 543 543 543 543 543 544 544 544 544 544 544 544 544 544 543 543 544 544 544 544 544 544 545 545 546 545 545 545 544 544 545 545 545 545 545 545 544 544 545 545 544 544 543 543 543 543 546 546 546 544 544 544 543 543 544 545 545 545 545 546 546 546 545 545 544 544 545 545 545 545 545 546 545 545 545 545 545 545 545 545 545 545 545 543 543 546 546 546 546 0 0 0 0 0 0 0 0 0 0 0 0 0 0 0 0 0 0 0 0 0 0 0 0 0 0 0 0 0 0 0 0 0 0 0 0 0 546 546 546 547 547 547 547 547 547 547 547 547 547 547 548 548 548 547 547 547 548 549 547 547 548 547 547 547 548 549 549 548 548 548 548 548 549 549 548 548 549 550 551 551 551 551 550 550 551 551 551 551 551 551 551 551 551 551 551 551 551 551 551 551 552 552 552 551 551 552 553 553 553 553 553 553 553 553 553 553 553 554 554 554 554 554 554 554 554 554 554 555 555 556 556 555 555 555 555 555 555 555 555 556 556 556 556 556 556 556 556 555 555 555 555 555 555 555 555 555 554 554 554 554 554 555 555 555 555 555 555 555 555 554 554 554 554 555 555
0 0 0 0 0 0 0 0 0 0 0 0 0 0 0 0 0 0 0 0 0 0 0 544 544 544 544 544 544 545 546 546 545 545 545 545 545 544 544 545 545 545 545 545 545 545 545 545 545 544 544 544 544 544 545 544 543 543 543 545 545 545 545 545 545 545 545 545 545 544 544 545 545 546 546 545 545 546 546 546 546 546 546 546 546 546 546 546 545 545 545 544 544 545 545 544 544 545 544 544 544 545 546 546 545 544 544 544 544 544 545 545 545 545 546 546 546 545 545 544 544 545 545 546 546 546 546 546 546 546 546 545 545 545 545 545 545 548 546 546 546 546 548 548 0 0 0 0 0 0 0 0 0 0 0 0 0 0 0 0 0 0 0 0 0 0 0 0 0 0 0 0 0 0 0 0 0 0 0 0 0 547 547 548 548 548 548 548 547 547 548 548 548 548 548 548 549 549 549 549 548 548 549 547 547 549 547 547 548 548 549 549 549 549 549 548 548 549 549 551 550 550 551 551 551 551 551 551 551 551 551 551 551 551 551 551 551 551 551 551 551 551 551 551 552 553 553 553 552 552 552 553 554 554 554 554 554 554 554 554 554 554 554 554 554 554 554 554 554 554 554 554 555 555 556 556 556 555 555 555 555 556 556 556 557 557 557 557 557 557 557 556 555 555 555 556 557 557 557 557 557 557 556 555 555 555 556 556 555 555 555 555 555 557 556 555 555 555 557 557
0 0 0 0 0 0 0 0 0 0 0 0 0 0 0 0 0 0 0 0 0 0 0 545 544 544 544 545 545 545 546 546 546 546 545 545 545 544 544 545 545 545 545 545 545 546 545 545 545 545 545 545 545 545 546 546 544 544 545 545 546 546 546 545 545 545 546 545 545 544 544 546 546 546 546 545 545 546 546 546 546 546 546 546 546 546 546 546 546 545 545 545 545 545 545 546 546 546 546 546 545 545 546 546 546 545 545 545 545 545 546 546 546 546 546 546 546 546 546 546 546 546 546 546 546 546 546 546 546 546 546 546 546 545 545 546 546 548 546 546 546 546 547 547 0 0 0 0 0 0 0 0 0 0 0 0 0 0 0 0 0 0 0 0 0 0 0 0 0 0 0 0 0 0 0 0 0 0 0 0 0 548 548 548 549 549 549 549 549 548 548 548 548 548 548 548 549 549 549 549 548 548 549 549 549 549 547 547 548 548 549 550 550 550 549 548 548 549 549 551 551 551 551 551 551 551 551 551 551 551 551 551 551 551 552 552 552 552 552 552 552 552 553 553 553 553 553 554 553 553 554 554 554 554 554 554 554 554 554 554 554 554 554 554 554 555 555 555 556 556 556 556 556 557 556 556 556 556 556 556 556 557 557 558 558 558 558 558 558 558 558 557 557 557 557 558 558 558 558 558 558 558 558 555 555 555 557 557 557 556 555 555 555 557 557 555 555 556 558 558
0 0 0 0 0 0 0 0 0 0 0 0 0 0 0 0 0 0 0 0 0 0 0 545 544 544 544 545 545 546 546 546 546 546 546 546 546 545 545 546 546 546 546 546 546 546 546 546 546 546 546 546 546 547 547 547 546 546 546 546 546 546 546 545 545 546 546 545 545 544 544 544 546 546 546 546 546 546 546 546 546 546 546 546 546 546 546 546 546 546 546 546 546 546 546 546 546 546 546 546 546 546 546 546 546 545 545 546 546 546 547 548 547 546 546 546 546 546 547 547 548 546 546 546 546 546 546 546 546 547 547 547 546 545 545 546 546 549 547 547 546 546 547 547 554 554 0 0 0 0 0 0 0 0 0 0 0 0 0 0 0 0 0 0 0 0 0 0 0 0 0 0 0 0 0 0 0 0 0 0 0 549 549 549 550 549 549 550 550 549 549 549 549 549 549 549 550 550 549 549 550 550 550 550 550 550 550 549 549 549 550 551 550 550 550 549 549 549 549 551 551 551 551 551 551 551 551 552 552 552 552 552 551 551 553 553 553 554 554 553 553 554 554 554 554 554 554 554 554 554 554 554 554 554 554 555 555 555 555 554 554 554 554 555 556 556 556 556 556 556 556 556 557 557 557 557 557 557 558 559 559 559 559 559 559 559 559 559 559 559 559 558 558 558 558 559 559 559 559 559 559 558 558 558 558 558 558 558 557 556 556 556 556 558 558 557 557 558 559 559
0 0 0 0 0 0 0 0 0 0 0 0 0 0 0 0 0 0 0 0 0 0 0 545 545 544 544 545 546 546 546 546 546 546 546 546 547 545 545 546 546 546 546 546 546 546 546 546 546 546 546 546 547 548 548 548 546 546 546 547 546 546 546 546 546 546 546 546 546 546 546 546 548 547 547 547 546 546 546 546 546 546 546 546 546 546 546 546 546 546 546 546 546 546 546 546 546 547 547 547 546 546 546 546 546 546 546 546 546 547 547 548 547 546 546 547 546 546 547 547 548 547 547 547 546 546 546 546 546 547 547 547 546 546 546 547 548 549 547 547 546 546 548 550 552 554 0 0 0 0 0 0 0 0 0 0 0 0 0 0 0 0 0 0 0 0 0 0 0 0 0 0 0 0 0 0 0 0 0 0 0 549 549 550 550 551 550 550 551 550 550 550 550 550 549 549 550 550 550 550 550 551 550 550 550 550 551 550 550 551 551 552 552 552 551 550 550 550 551 552 552 551 551 551 551 551 551 552 552 552 552 552 552 553 553 553 553 554 554 554 554 554 554 554 554 554 554 554 554 554 554 554 554 555 555 555 555 555 555 555 555 555 556 556 556 556 556 556 557 558 557 557 558 558 559 559 559 559 559 559 559 559 559 560 560 560 560 560 560 560 560 559 559 560 560 560 560 559 559 559 559 559 559 560 560 559 558 558 558 558 559 559 559 559 559 559 559 560 560 560
0 0 0 0 0 0 0 0 0 0 0 0 0 0 0 0 0 0 0 0 0 0 0 545 545 545 545 546 546 546 546 547 547 547 546 546 548 545 545 546 546 547 546 546 547 546 546 546 546 546 547 547 547 548 548 548 546 546 546 547 546 546 546 546 546 546 546 546 546 546 546 548 547 547 547 547 546 546 546 546 546 546 546 546 546 546 547 546 546 547 547 547 547 546 546 547 547 547 546 546 546 546 546 546 549 546 546 546 546 547 548 549 547 547 547 547 547 547 547 547 548 548 548 548 546 546 546 546 546 548 548 548 548 547 547 548 548 549 547 547 548 548 549 551 552 554 0 0 0 0 0 0 0 0 0 0 0 0 0 0 0 0 0 0 0 0 0 0 0 0 0 0 0 0 0 0 0 0 0 0 0 550 550 550 551 552 551 551 551 551 550 550 550 550 550 550 550 550 551 551 551 551 551 551 551 551 551 551 551 552 552 553 552 552 551 551 551 551 551 552 552 551 551 552 551 551 552 552 552 553 553 553 553 554 553 553 553 554 554 554 554 554 554 554 554 554 554 554 554 554 554 555 555 555 556 556 556 557 557 557 557 557 557 557 558 558 558 558 558 558 558 559 559 559 559 559 560 560 560 561 560 560 560 560 560 560 560 560 560 560 561 561 561 561 561 561 560 560 560 560 560 559 559 560 560 560 559 559 559 559 560 559 559 559 560 560 561 561 562 561
0 0 0 0 0 0 0 0 0 0 0 0 0 0 0 0 0 0 0 0 0 0 0 546 546 546 546 546 546 547 547 548 548 548 548 548 547 546 546 547 547 547 547 547 548 548 548 547 547 547 547 548 548 548 548 548 546 546 546 546 546 546 546 546 546 546 546 546 546 546 547 547 547 547 547 547 547 546 546 547 546 546 547 547 548 548 548 547 547 547 547 547 547 548 547 547 547 547 546 546 548 547 547 549 549 548 547 547 547 547 549 549 546 546 547 547 548 549 548 548 548 549 549 549 549 547 547 548 548 549 548 548 549 549 549 548 548 549 549 549 550 550 551 553 553 554 0 0 0 0 0 0 0 0 0 0 0 0 0 0 0 0 0 0 0 0 0 0 0 0 0 0 0 0 0 0 0 0 0 0 0 552 551 551 552 552 551 551 551 551 551 550 550 550 550 550 551 551 551 551 552 553 553 551 551 551 551 552 552 553 554 553 552 552 552 552 553 552 552 552 552 552 552 552 552 552 552 552 553 554 554 554 554 554 554 554 554 554 554 554 554 554 554 554 554 555 555 555 556 557 557 557 557 557 557 557 558 558 557 557 557 558 558 558 558 559 559 559 559 559 559 560 559 559 559 559 561 561 561 561 562 561 561 561 561 561 562 561 561 561 562 561 561 561 561 561 560 560 561 561 561 561 561 561 561 560 560 560 560 560 561 562 561 560 560 561 561 562 562 562
0 0 0 0 0 0 0 0 0 0 0 0 0 0 0 0 0 0 0 0 0 0 0 547 547 547 549 549 549 549 548 548 548 549 548 548 547 547 548 548 549 549 549 549 549 549 549 549 548 548 548 548 548 548 549 548 547 546 546 546 546 546 546 546 546 546 547 546 546 548 547 547 547 547 548 548 548 546 546 547 546 546 548 548 548 548 548 547 547 547 547 547 548 548 547 547 549 549 549 548 548 548 548 549 549 548 548 549 549 549 550 550 546 546 547 547 548 549 548 548 548 548 549 549 549 548 548 548 550 550 549 549 549 549 549 549 549 549 549 549 550 550 552 553 553 554 0 0 0 0 0 0 0 0 0 0 0 0 0 0 0 0 0 0 0 0 0 0 0 0 0 0 0 0 0 0 0 0 0 0 0 552 551 551 553 553 552 552 552 551 551 551 551 552 551 551 551 551 551 552 553 553 553 553 553 553 553 553 554 554 554 552 552 552 553 553 554 554 554 554 554 554 553 553 552 552 552 554 554 554 554 554 554 555 555 555 556 555 555 555 555 555 555 556 556 556 557 556 556 557 557 558 557 557 558 558 558 559 559 559 559 559 559 559 559 559 560 560 560 560 560 561 561 562 561 561 561 561 561 561 562 562 562 562 562 562 562 562 562 562 562 562 562 562 562 562 561 561 562 562 563 563 562 562 561 561 561 561 561 562 562 562 562 561 561 561 562 562 562 562
0 0 0 0 0 0 0 0 0 0 0 0 0 0 0 0 0 0 0 0 0 0 0 547 547 547 550 550 550 549 549 549 549 549 549 549 549 549 549 549 550 549 549 550 550 550 550 549 549 549 549 549 549 549 549 548 548 547 547 547 550 551 551 548 547 547 548 548 548 549 549 549 548 548 549 548 548 547 547 547 548 548 550 550 550 550 550 549 547 547 547 547 548 548 547 547 549 549 549 549 549 549 549 549 549 548 548 549 549 549 550 550 549 549 548 548 549 549 548 548 548 548 549 549 549 549 549 549 550 550 549 549 549 549 549 550 550 550 550 550 551 551 552 553 0 0 0 0 0 0 0 0 0 0 0 0 0 0 0 0 0 0 0 0 0 0 0 0 0 0 0 0 0 0 0 0 0 0 0 0 0 552 552 553 554 553 553 553 552 552 552 552 552 552 551 551 551 551 551 553 553 553 554 553 553 553 554 554 554 554 554 552 552 554 554 554 554 554 555 554 554 554 554 554 554 554 554 554 554 554 554 555 555 556 556 556 557 555 555 556 555 555 556 556 557 557 557 557 557 557 558 558 558 558 558 558 558 559 560 560 560 560 560 560 560 560 560 561 560 560 560 561 562 562 561 561 561 562 562 562 563 563 563 562 562 562 562 562 562 562 563 562 562 562 562 562 562 562 563 563 563 563 562 562 561 561 561 561 562 562 563 562 562 561 561 561 562 562 562 562
0 0 0 0 0 0 0 0 0 0 0 0 0 0 0 0 0 0 0 0 0 0 0 551 549 549 552 551 551 550 550 550 550 550 550 549 549 549 549 550 550 550 550 551 551 551 552 549 549 549 549 550 550 550 550 549 549 547 547 548 550 551 551 549 548 548 549 549 550 551 551 551 551 550 550 550 550 549 549 549 550 550 551 551 551 551 551 552 550 550 549 549 549 549 548 548 549 549 549 549 549 549 549 549 549 549 549 549 549 550 550 550 550 549 549 550 550 549 549 548 548 548 549 549 550 550 550 552 552 550 549 549 549 550 550 550 551 551 550 550 551 551 552 553 0 0 0 0 0 0 0 0 0 0 0 0 0 0 0 0 0 0 0 0 0 0 0 0 0 0 0 0 0 0 0 0 0 0 0 0 0 552 552 554 554 553 553 554 554 554 554 554 554 554 554 554 554 554 554 554 554 554 554 554 554 554 554 554 554 554 555 556 554 554 554 554 555 555 555 555 555 555 554 554 554 554 554 554 555 555 555 555 555 557 557 557 557 557 557 557 556 556 556 556 557 557 557 558 558 558 558 559 559 559 559 559 559 560 560 560 560 560 560 560 561 561 561 561 561 561 561 561 562 562 561 561 562 562 562 563 563 563 563 563 563 563 563 563 563 563 563 563 562 562 562 562 563 563 563 563 563 563 563 562 562 561 561 562 562 563 563 563 563 562 562 562 563 563 563 563
0 0 0 0 0 0 0 0 0 0 0 0 0 0 0 0 0 0 0 0 0 0 0 552 551 551 552 552 552 551 551 550 550 550 549 549 549 549 549 550 551 551 551 552 551 551 551 550 550 550 550 550 550 550 550 550 550 550 550 552 551 551 550 549 548 548 549 550 550 551 551 552 552 551 551 549 549 550 550 550 550 551 551 551 551 551 551 552 552 551 551 550 550 550 550 550 550 551 550 550 550 550 550 550 550 550 550 550 551 551 551 551 551 549 549 551 552 552 552 552 550 550 550 550 553 553 552 552 552 550 550 549 549 550 551 552 553 553 553 553 552 552 553 553 0 0 0 0 0 0 0 0 0 0 0 0 0 0 0 0 0 0 0 0 0 0 0 0 0 0 0 0 0 0 0 0 0 0 0 0 0 554 554 554 554 554 554 554 554 554 554 554 554 554 554 554 554 554 554 554 554 554 554 554 555 554 554 554 554 555 556 556 554 554 554 555 555 555 555 555 555 555 554 554 555 554 554 555 556 556 556 556 556 557 557 557 557 557 557 557 557 557 557 557 557 558 558 558 559 559 559 559 559 560 560 560 560 560 560 560 560 561 561 561 561 562 561 561 561 561 561 561 562 562 562 562 562 562 563 563 563 563 563 563 563 564 563 563 564 564 564 563 563 563 564 564 565 564 564 563 563 563 564 563 563 563 563 563 563 563 563 563 563 563 564 564 564 564 564 564
0 0 0 0 0 0 0 0 0 0 0 0 0 0 0 0 0 0 0 0 0 0 0 552 552 552 552 552 552 552 552 552 552 553 553 553 550 550 550 550 551 551 551 551 551 551 551 551 551 552 552 551 550 550 550 550 550 550 550 552 552 551 550 550 550 550 550 551 551 551 551 552 552 551 551 549 549 550 551 552 551 551 551 551 551 552 552 553 552 552 552 552 551 551 551 550 550 551 550 550 551 550 550 551 551 551 550 550 550 552 552 553 552 550 550 551 552 552 552 552 551 551 551 553 553 553 552 552 552 551 551 551 551 552 553 553 553 554 552 552 552 552 553 553 556 0 0 0 0 0 0 0 0 0 0 0 0 0 0 0 0 0 0 0 0 0 0 0 0 0 0 0 0 0 0 0 0 0 0 0 0 554 554 554 554 554 554 554 554 554 554 555 555 555 554 554 555 555 555 554 554 555 554 554 555 555 555 555 555 555 556 556 555 555 555 555 556 556 556 556 556 556 555 555 555 555 556 556 557 557 557 557 557 557 557 557 557 557 557 557 557 558 558 558 559 559 559 559 560 560 560 560 560 560 560 561 561 561 561 561 561 561 561 562 562 562 561 561 561 561 562 562 563 563 562 562 563 563 563 564 564 564 564 564 564 565 564 564 565 565 565 565 565 565 565 565 565 565 565 564 564 564 564 564 565 564 564 564 564 564 563 563 564 564 565 565 565 565 565 565
0 0 0 0 0 0 0 0 0 0 0 0 0 0 0 0 0 0 0 0 0 0 0 553 552 550 550 550 550 551 552 552 552 552 552 553 553 551 551 551 551 551 551 551 551 551 552 552 553 553 552 552 552 550 550 551 551 551 553 553 551 551 552 552 551 551 552 552 552 551 551 553 553 553 552 552 552 552 552 552 552 552 552 552 553 553 553 553 553 552 552 552 552 552 552 552 552 551 550 550 552 552 552 551 551 552 552 552 554 554 554 553 552 551 551 553 553 553 552 552 552 552 553 553 552 552 553 553 553 552 552 553 553 553 554 554 554 554 552 552 552 553 554 555 555 0 0 0 0 0 0 0 0 0 0 0 0 0 0 0 0 0 0 0 0 0 0 0 0 0 0 0 0 0 0 0 0 0 0 0 0 554 554 554 554 554 554 554 554 554 554 555 555 555 554 554 555 555 555 554 554 555 555 555 555 555 555 555 556 556 556 557 557 556 556 556 556 556 557 556 556 557 556 556 557 557 557 557 558 558 558 558 557 557 557 557 557 557 558 558 558 558 559 559 559 559 559 559 560 560 560 561 561 561 561 562 562 562 562 562 562 562 562 562 562 562 562 562 562 562 562 562 563 564 564 564 564 564 564 565 565 564 564 565 565 565 565 565 565 565 565 565 565 565 565 565 565 565 565 565 565 565 565 565 565 565 565 565 564 564 564 564 565 565 565 565 565 565 565 565
0 0 0 0 0 0 0 0 0 0 0 0 0 0 0 0 0 0 0 0 0 0 0 553 552 550 550 550 550 551 552 552 552 552 552 553 553 553 551 551 551 552 552 552 551 551 552 553 553 553 552 552 552 550 550 551 551 553 553 554 551 551 552 552 552 552 552 552 552 551 551 553 553 553 553 553 553 553 553 553 553 553 553 553 554 553 553 554 553 552 552 552 553 553 553 552 552 552 552 552 553 553 553 553 553 552 552 552 554 554 554 554 552 551 551 553 553 553 553 553 553 553 553 554 552 552 553 553 554 554 553 553 553 553 554 554 554 554 553 552 552 553 554 555 555 0 0 0 0 0 0 0 0 0 0 0 0 0 0 0 0 0 0 0 0 0 0 0 0 0 0 0 0 0 0 0 0 0 0 0 0 0 556 556 556 556 555 555 555 555 555 555 555 555 555 555 555 555 555 555 556 556 556 556 556 556 556 556 556 557 557 557 557 557 556 556 557 557 557 557 557 558 557 557 558 558 558 558 558 558 558 558 558 559 558 558 557 557 558 558 559 560 560 560 560 559 559 560 561 561 561 561 561 562 562 562 562 562 562 562 562 562 562 562 562 562 562 562 562 563 563 563 564 565 565 565 565 565 565 565 565 565 565 565 565 565 565 565 565 565 565 565 565 566 565 565 565 565 566 566 566 565 565 565 565 565 565 565 565 565 565 565 565 565 566 565 565 565 565 565
0 0 0 0 0 0 0 0 0 0 0 0 0 0 0 0 0 0 0 0 0 0 0 554 553 553 553 551 551 553 553 553 553 553 553 554 554 554 552 552 552 553 552 552 552 552 553 554 554 554 554 554 553 553 553 553 554 554 554 554 551 551 553 553 553 553 552 552 552 552 552 553 553 553 553 553 554 554 554 554 554 554 554 554 554 554 554 554 553 553 552 552 553 553 553 553 553 553 553 553 553 553 553 554 554 554 554 554 554 554 554 554 553 553 554 554 554 554 553 553 553 554 554 554 552 552 553 553 554 554 554 554 554 554 554 554 554 554 554 554 554 554 555 555 555 0 0 0 0 0 0 0 0 0 0 0 0 0 0 0 0 0 0 0 0 0 0 0 0 0 0 0 0 0 0 0 0 0 0 0 0 556 556 556 557 557 556 555 555 555 555 556 556 556 556 556 556 556 557 557 557 557 557 557 557 557 557 557 557 557 557 557 557 557 557 557 558 558 558 557 557 558 558 558 559 558 558 558 558 558 559 559 560 560 560 560 558 558 559 559 560 560 561 561 561 560 560 561 561 561 562 562 562 562 562 562 562 562 562 562 562 562 563 563 563 563 563 563 563 564 564 564 565 565 565 565 565 565 565 566 566 566 565 565 565 565 566 566 566 566 566 566 566 566 566 566 566 566 566 566 566 565 565 566 566 565 565 565 565 565 565 566 566 566 566 566 566 566 566 566
0 0 0 0 0 0 0 0 0 0 0 0 0 0 0 0 0 0 0 0 0 0 0 554 554 553 553 553 553 554 554 554 554 554 554 554 554 554 552 552 552 553 554 554 553 553 554 554 554 554 554 554 554 554 554 554 554 554 554 554 551 551 553 554 554 553 552 552 552 552 552 553 554 554 554 554 554 554 554 554 554 554 554 554 556 554 554 554 554 553 553 553 553 553 553 554 554 554 554 554 554 554 554 554 554 554 554 554 554 554 554 554 553 553 554 554 554 554 554 554 554 554 554 555 555 554 554 554 555 554 554 554 556 555 555 554 554 554 554 556 556 556 556 555 555 0 0 0 0 0 0 0 0 0 0 0 0 0 0 0 0 0 0 0 0 0 0 0 0 0 0 0 0 0 0 0 0 0 0 0 0 556 556 556 557 558 558 556 556 556 556 556 556 556 557 557 557 557 558 558 558 557 557 558 557 557 557 557 557 558 558 558 557 557 558 558 558 558 558 558 558 558 558 559 559 558 558 558 558 559 559 559 560 560 560 560 560 559 559 559 560 560 561 561 561 561 561 561 562 562 563 563 563 563 563 563 563 563 563 564 564 564 564 564 565 563 563 563 564 565 565 565 565 565 565 565 566 566 566 566 566 566 566 566 566 566 567 567 567 567 567 566 566 567 567 567 567 567 568 567 567 566 566 566 566 565 565 565 565 565 566 566 566 567 567 567 566 566 566 566
0 0 0 0 0 0 0 0 0 0 0 0 0 0 0 0 0 0 0 0 0 0 0 554 554 554 554 554 554 554 554 554 554 554 554 554 554 555 553 553 553 554 555 555 554 554 554 554 554 554 554 554 554 554 554 555 554 554 554 554 552 552 554 554 554 554 554 555 554 554 554 554 554 554 554 554 554 554 554 554 554 554 554 556 556 557 557 557 557 554 554 553 553 553 553 554 554 554 554 554 554 554 554 554 554 554 554 554 554 554 554 554 554 554 554 554 554 554 554 554 554 554 555 555 555 555 555 555 555 556 556 557 556 556 556 556 556 557 0 556 556 556 556 556 559 0 0 0 0 0 0 0 0 0 0 0 0 0 0 0 0 0 0 0 0 0 0 0 0 0 0 0 0 0 0 0 0 0 0 0 558 557 557 557 558 559 558 557 557 556 556 557 557 557 557 557 557 558 558 559 559 559 558 558 558 558 558 557 557 558 558 558 558 558 559 559 559 558 558 558 558 558 559 560 559 559 558 558 559 559 560 560 561 561 561 561 561 560 560 560 561 561 561 561 561 561 561 562 563 563 563 564 564 565 564 564 564 564 564 565 565 565 565 565 565 564 564 564 564 565 565 565 566 566 566 566 566 567 567 567 568 567 567 567 567 568 568 568 567 567 567 566 566 568 568 568 568 569 569 568 567 567 568 568 567 566 566 567 567 567 567 567 567 567 567 567 567 567 568 569
0 0 0 0 0 0 0 0 0 0 0 0 0 0 0 0 0 0 0 0 0 0 0 555 554 554 554 554 554 554 554 554 554 554 554 555 555 555 555 555 555 555 555 555 554 554 554 554 555 555 555 554 554 554 555 556 555 555 554 554 554 554 555 555 555 555 555 0 0 554 554 554 554 554 554 555 555 554 554 554 555 555 555 557 557 557 557 557 557 554 554 554 554 554 555 555 555 554 554 554 554 554 554 554 554 554 555 555 554 554 554 554 554 554 554 554 555 555 556 554 554 554 554 554 556 555 555 555 556 556 557 557 556 556 556 556 0 557 557 557 557 557 557 557 558 558 0 0 0 0 0 0 0 0 0 0 0 0 0 0 0 0 0 0 0 0 0 0 0 0 0 0 0 0 0 0 0 0 0 0 558 558 558 558 559 560 560 558 558 557 557 558 558 558 558 558 558 558 559 559 559 559 558 558 558 558 558 558 558 559 559 559 559 559 559 559 559 559 559 559 559 560 560 560 559 559 559 559 560 560 560 560 561 561 561 562 562 562 562 561 561 561 562 562 562 562 562 563 564 564 564 564 565 565 564 564 564 564 565 565 565 565 565 565 565 565 565 565 565 565 566 566 566 566 567 567 567 567 567 568 568 568 568 568 568 568 568 569 569 569 568 567 567 568 569 569 569 569 569 569 568 568 569 569 568 567 567 567 567 567 568 568 568 568 568 568 568 568 568 569
0 0 0 0 0 0 0 0 0 0 0 0 0 0 0 0 0 0 0 0 0 0 0 555 554 554 554 554 555 555 555 555 554 554 554 555 555 556 556 555 555 555 555 555 555 554 554 555 554 554 555 554 554 555 555 556 556 554 554 554 554 555 557 557 555 555 555 556 556 556 556 554 554 554 555 555 555 555 554 554 555 555 555 557 557 557 557 557 557 555 555 555 556 556 556 556 556 555 555 555 555 555 555 555 555 556 556 557 554 554 555 555 556 555 554 554 556 556 556 554 554 555 554 554 556 555 555 556 557 557 557 557 556 556 557 557 556 557 557 557 557 557 557 557 558 558 0 0 0 0 0 0 0 0 0 0 0 0 0 0 0 0 0 0 0 0 0 0 0 0 0 0 0 0 0 0 0 0 0 0 560 559 559 559 559 561 560 559 558 558 559 559 559 560 559 559 560 560 560 561 560 560 559 559 559 559 559 559 559 560 560 560 560 560 559 559 559 559 560 560 561 560 560 560 559 559 560 560 561 562 561 561 561 562 563 563 563 562 562 563 563 563 563 563 564 563 563 564 564 564 564 565 565 565 565 565 565 565 565 565 565 565 565 565 565 565 565 565 565 566 566 566 567 567 568 568 568 568 568 568 569 569 569 569 569 569 569 569 569 569 569 569 569 569 570 570 570 570 570 569 569 569 569 569 569 570 569 569 568 568 568 568 569 569 569 568 568 570 570 571
0 0 0 0 0 0 0 0 0 0 0 0 0 0 0 0 0 0 0 0 0 0 0 555 555 555 555 555 556 556 556 555 554 554 554 555 556 556 556 555 555 556 555 555 555 554 554 555 554 554 555 555 555 555 555 556 556 554 554 554 554 555 557 557 555 554 554 556 556 557 557 557 555 555 555 556 556 556 556 555 555 557 557 558 557 557 557 557 557 556 556 556 557 556 556 556 556 556 556 556 556 556 556 556 556 557 557 557 555 555 555 555 556 555 555 556 556 557 557 557 557 557 556 556 556 555 555 556 557 556 556 557 556 556 557 559 556 556 557 557 557 557 558 559 560 560 0 0 0 0 0 0 0 0 0 0 0 0 0 0 0 0 0 0 0 0 0 0 0 0 0 0 0 0 0 0 0 0 0 0 0 560 560 560 560 561 560 560 559 559 560 560 560 560 559 559 560 560 561 561 561 561 560 560 560 560 560 560 560 561 561 561 560 560 560 560 560 560 561 561 562 561 561 560 560 560 561 561 562 562 562 562 562 562 564 564 564 562 562 563 563 564 564 564 564 563 563 564 564 564 565 565 565 565 565 565 565 565 565 565 565 565 566 565 565 565 565 565 566 566 566 566 567 568 569 569 569 569 569 569 569 570 570 570 569 569 569 569 569 570 570 570 570 570 570 570 571 570 570 570 570 570 570 570 570 570 570 569 569 569 568 568 569 569 569 569 569 570 571 571
0 0 0 0 0 0 0 0 0 0 0 0 0 0 0 0 0 0 0 0 0 0 0 556 556 556 556 556 557 557 557 557 554 554 555 556 556 557 557 556 556 556 556 556 556 555 555 556 556 556 557 556 556 556 556 556 557 557 556 554 554 556 557 557 556 554 554 554 555 557 557 559 555 555 556 556 556 556 558 558 557 557 557 558 557 556 556 556 556 557 557 557 558 557 557 557 557 557 556 556 556 557 556 556 556 557 557 557 556 556 556 556 556 556 556 556 557 557 557 557 557 557 557 557 556 556 556 557 557 556 556 557 557 558 558 557 556 556 557 557 557 558 558 559 560 559 559 0 0 0 0 0 0 0 0 0 0 0 0 0 0 0 0 0 0 0 0 0 0 0 0 0 0 0 0 0 0 0 0 0 0 561 560 560 560 561 561 561 561 561 561 561 561 561 560 560 561 561 561 561 561 561 561 561 561 561 561 561 561 561 561 561 560 560 561 561 561 561 562 562 562 561 561 562 562 562 563 563 563 564 563 563 563 564 565 565 564 562 562 564 564 565 565 565 564 564 564 565 565 565 565 565 565 565 565 566 566 566 566 566 566 566 566 566 566 566 566 566 567 567 567 567 568 569 569 569 569 569 569 570 570 570 571 571 570 570 570 570 570 571 571 571 571 571 571 572 571 571 571 571 571 571 570 570 570 570 571 570 570 570 569 569 571 571 571 571 571 573 572 572
0 0 0 0 0 0 0 0 0 0 0 0 0 0 0 0 0 0 0 0 0 0 0 556 556 556 556 556 558 557 557 557 555 555 555 557 558 557 557 556 556 557 557 556 556 556 556 558 558 558 559 559 558 558 558 559 559 557 557 556 556 556 557 557 558 554 554 554 555 556 556 559 556 556 557 557 557 557 558 558 557 557 557 558 557 556 556 556 556 557 557 558 559 557 557 557 557 557 557 557 557 557 557 557 558 557 557 557 558 558 557 557 557 557 557 557 557 558 558 558 557 557 557 557 557 557 558 558 558 557 557 557 557 558 558 557 557 557 557 557 557 558 558 560 560 558 558 0 0 0 0 0 0 0 0 0 0 0 0 0 0 0 0 0 0 0 0 0 0 0 0 0 0 0 0 0 0 0 0 0 0 561 561 561 561 562 562 562 562 562 562 562 562 562 561 561 561 561 561 561 561 562 562 562 562 561 561 561 561 561 562 562 562 562 562 562 563 563 563 562 562 562 562 563 563 563 564 564 564 564 563 563 564 565 565 565 564 563 563 564 564 565 565 565 565 565 565 565 565 565 565 565 565 566 566 566 567 567 567 567 567 567 568 567 567 567 567 567 567 568 568 568 569 570 570 570 569 569 570 570 570 571 572 572 572 571 571 571 571 571 571 571 571 571 572 572 572 572 572 572 571 571 570 570 571 571 572 572 572 572 572 572 573 573 572 572 572 573 572 572
0 0 0 0 0 0 0 0 0 0 0 0 0 0 0 0 0 0 0 0 0 0 0 557 557 557 558 558 559 558 558 557 556 556 556 557 558 557 557 557 557 557 557 556 556 557 558 559 559 559 559 559 559 559 559 559 559 558 558 556 556 556 557 557 558 557 557 555 555 556 556 559 557 557 560 559 559 559 559 559 559 559 559 558 558 557 557 557 557 557 559 559 559 557 557 558 558 558 557 557 558 558 558 558 558 557 557 557 558 559 559 557 557 557 558 558 558 558 558 558 557 557 557 561 561 558 558 558 558 557 557 558 558 558 558 558 558 557 557 558 558 559 559 560 560 558 558 562 0 0 0 0 0 0 0 0 0 0 0 0 0 0 0 0 0 0 0 0 0 0 0 0 0 0 0 0 0 0 0 0 0 561 561 561 561 562 562 563 563 563 563 563 562 562 562 561 561 561 561 561 561 562 562 563 562 561 561 561 561 561 562 562 564 564 563 563 564 564 562 562 562 563 563 564 564 565 565 565 564 564 564 564 564 565 565 565 565 564 564 565 565 565 565 565 565 565 565 565 565 565 565 566 566 566 567 567 568 567 567 567 567 567 568 568 568 568 567 567 568 568 568 569 570 571 571 570 570 570 570 571 571 572 572 572 572 572 572 573 573 572 572 572 572 572 573 573 573 573 573 573 573 572 572 572 572 572 573 573 573 573 573 573 574 574 573 573 573 574 574 574
0 0 0 0 0 0 0 0 0 0 0 0 0 0 0 0 0 0 0 0 0 0 0 557 557 558 558 559 559 559 558 557 557 556 556 557 558 559 558 558 559 558 557 556 556 557 558 559 559 559 559 559 559 559 559 558 558 559 559 558 558 558 558 558 558 557 557 558 558 559 559 560 557 557 560 559 559 559 559 560 559 559 559 559 559 559 558 558 558 558 559 559 559 559 559 559 559 559 560 559 559 559 559 559 559 558 557 557 558 559 559 558 558 558 559 559 559 558 558 558 558 558 559 559 560 559 559 559 558 558 558 558 559 559 559 558 558 559 559 559 559 559 559 562 563 560 560 562 0 0 0 0 0 0 0 0 0 0 0 0 0 0 0 0 0 0 0 0 0 0 0 0 0 0 0 0 0 0 0 0 0 561 561 562 562 563 563 563 563 563 563 563 563 563 563 562 562 562 562 562 562 563 563 564 563 562 562 561 561 562 563 563 564 564 564 564 564 564 562 562 562 563 563 564 564 565 565 565 565 565 565 565 565 565 565 565 565 565 565 565 565 565 565 565 565 565 566 566 566 566 566 566 566 567 567 568 568 568 568 568 568 568 568 568 568 568 568 569 569 569 569 570 571 571 571 571 570 570 571 572 572 573 572 572 572 572 573 573 573 573 573 573 573 573 573 573 573 573 573 574 574 573 573 573 573 573 573 573 573 573 573 574 574 574 574 574 574 574 574 574
0 0 0 0 0 0 0 0 0 0 0 0 0 0 0 0 0 0 0 0 0 0 0 559 559 559 559 559 559 559 559 558 557 557 557 557 557 559 560 560 560 558 557 557 557 557 558 559 559 558 558 558 558 559 558 558 558 559 559 558 558 558 559 559 559 558 558 559 559 560 560 561 561 561 560 560 559 559 560 560 559 559 560 560 560 561 560 560 560 560 559 559 559 559 559 559 560 560 561 560 560 560 560 560 560 560 559 559 559 559 560 560 560 560 561 561 560 558 558 558 558 559 558 558 559 559 559 559 559 560 559 559 559 559 559 558 558 559 560 560 561 561 561 562 563 561 561 563 0 0 0 0 0 0 0 0 0 0 0 0 0 0 0 0 0 0 0 0 0 0 0 0 0 0 0 0 0 0 0 0 0 561 561 563 563 564 564 564 563 563 563 563 564 564 563 562 562 562 562 562 562 563 564 564 564 563 563 562 562 563 564 565 565 564 564 564 565 565 563 563 563 564 564 565 565 565 565 565 565 565 565 565 565 565 565 565 565 565 565 565 565 565 566 566 566 566 566 566 567 568 568 567 567 567 568 568 569 569 568 568 568 568 568 568 568 569 570 570 570 570 571 571 572 572 572 572 573 573 573 573 573 574 573 573 573 573 573 573 573 573 573 574 574 574 574 574 574 574 574 575 575 574 574 574 574 574 574 574 573 573 573 574 574 574 574 574 574 575 575 575
0 0 0 0 0 0 0 0 0 0 0 0 0 0 0 0 0 0 0 0 0 0 0 562 562 560 560 559 559 559 559 559 559 557 557 557 557 559 560 560 560 560 558 558 558 558 559 560 559 558 558 558 558 559 558 558 559 560 559 559 559 559 559 559 559 559 559 560 560 560 561 561 561 564 564 561 561 561 560 560 560 560 561 561 561 560 560 561 561 561 559 559 559 560 560 560 560 560 560 560 560 560 560 560 560 561 559 559 559 559 560 560 560 561 561 562 561 561 559 558 558 559 558 558 559 561 561 560 560 560 559 559 560 560 560 560 560 561 560 560 561 561 561 562 563 563 565 565 0 0 0 0 0 0 0 0 0 0 0 0 0 0 0 0 0 0 0 0 0 0 0 0 0 0 0 0 0 0 0 0 0 561 561 563 563 564 564 564 564 564 564 564 564 564 564 565 565 564 564 563 563 564 564 564 564 564 565 564 564 565 565 565 565 565 565 565 565 565 565 564 564 565 565 565 565 565 565 565 567 566 566 566 566 565 565 565 566 567 566 566 566 566 567 567 566 566 567 567 567 568 568 568 568 568 568 569 569 569 570 570 571 571 571 570 570 571 571 571 571 571 572 572 573 573 573 573 573 574 574 574 574 574 574 573 573 574 573 573 574 573 573 574 574 575 575 575 575 575 575 575 575 575 575 575 575 575 575 575 574 574 574 574 574 575 575 575 575 576 576 577
0 0 0 0 0 0 0 0 0 0 0 0 0 0 0 0 0 0 0 0 0 0 0 562 562 562 561 560 560 561 562 562 562 561 560 557 557 561 562 562 560 560 559 559 559 560 560 560 559 558 558 558 559 559 558 558 559 560 560 560 560 560 560 560 559 559 560 560 560 561 561 561 564 564 0 564 562 562 561 560 560 561 561 561 561 560 560 561 561 562 560 560 560 560 560 561 561 561 561 564 560 560 560 561 561 561 561 559 559 559 560 561 561 561 561 562 562 561 561 561 561 559 559 560 561 561 561 561 560 560 561 561 561 561 563 561 561 561 561 561 562 562 562 563 564 0 0 0 0 0 0 0 0 0 0 0 0 0 0 0 0 0 0 0 0 0 0 0 0 0 0 0 0 0 0 0 0 0 0 0 0 562 562 563 564 565 565 565 565 565 565 565 565 564 564 565 565 565 565 564 564 564 565 565 565 565 565 565 565 565 565 565 565 565 565 565 565 565 565 565 565 565 565 565 566 567 567 567 567 567 567 567 567 567 567 568 568 568 568 568 568 568 568 568 569 569 569 569 569 570 570 569 569 569 569 570 570 570 572 571 571 572 572 572 571 571 571 572 572 572 572 572 573 573 573 573 574 574 575 575 575 574 574 574 574 575 574 574 574 574 574 574 575 575 576 576 576 576 576 576 577 577 577 576 576 576 576 576 576 576 576 576 576 576 576 576 576 576 577 577
0 0 0 0 0 0 0 0 0 0 0 0 0 0 0 0 0 0 0 0 0 0 0 563 563 562 561 561 561 561 562 562 562 561 560 560 560 562 562 562 561 561 560 560 561 562 563 563 562 562 563 563 561 560 559 559 559 561 561 561 560 560 563 563 560 560 560 560 560 561 561 563 564 564 564 564 564 562 561 561 561 561 561 561 561 561 561 561 561 563 562 561 560 560 561 561 561 563 564 564 562 562 562 561 561 561 565 561 561 561 561 561 561 561 561 561 562 562 562 562 564 561 561 561 561 561 561 561 561 561 561 561 562 562 563 562 562 562 564 562 562 562 562 563 564 0 0 0 0 0 0 0 0 0 0 0 0 0 0 0 0 0 0 0 0 0 0 0 0 0 0 0 0 0 0 0 0 0 0 0 0 562 562 564 565 565 565 565 565 565 565 565 565 565 565 565 565 565 565 564 564 565 565 565 565 565 565 565 565 565 565 565 565 566 566 566 566 566 567 567 567 567 567 567 568 567 567 567 567 567 567 568 568 568 568 568 568 568 569 568 568 568 568 568 569 569 569 569 570 570 571 571 572 572 570 570 571 571 573 572 572 572 572 572 572 572 573 573 573 573 573 573 574 574 574 574 574 575 575 575 575 575 575 575 575 575 576 576 576 576 575 575 575 575 576 576 576 577 577 577 578 578 577 576 576 577 578 577 577 577 577 577 577 577 577 577 577 577 577 577
0 0 0 0 0 0 0 0 0 0 0 0 0 0 0 0 0 0 0 0 0 0 0 563 563 562 562 561 561 562 562 562 562 562 562 561 561 562 562 562 563 563 563 562 562 563 563 563 563 563 563 563 563 563 562 562 561 561 561 561 561 562 562 562 563 563 562 561 561 561 561 563 564 564 0 0 564 564 564 563 563 563 563 563 564 563 563 563 563 563 562 562 561 561 561 561 561 563 564 564 562 562 562 561 561 561 565 565 562 561 561 561 561 561 561 561 562 562 562 563 564 562 562 564 564 564 563 562 561 561 561 561 562 562 563 562 562 562 563 563 564 564 564 564 564 0 0 0 0 0 0 0 0 0 0 0 0 0 0 0 0 0 0 0 0 0 0 0 0 0 0 0 0 0 0 0 0 0 0 0 562 562 565 565 566 566 566 566 566 566 566 566 567 566 566 566 567 567 566 566 565 565 565 566 567 567 566 566 566 566 566 566 566 568 568 567 567 567 568 568 568 568 568 568 568 568 568 568 568 568 568 569 569 568 568 568 568 569 569 569 569 569 569 569 570 570 570 570 570 571 572 572 572 572 572 573 573 573 573 573 573 572 572 572 572 572 573 573 573 573 573 573 574 574 574 574 575 576 576 576 576 576 576 576 576 576 576 577 577 577 577 577 577 577 577 577 577 577 577 577 578 578 577 577 577 578 578 578 578 578 578 578 577 577 577 577 578 578 578 578
0 0 0 0 0 0 0 0 0 0 0 0 0 0 0 0 0 0 0 0 0 0 0 563 563 562 562 563 563 563 564 563 563 562 562 562 562 563 563 563 563 563 563 564 564 563 563 564 563 563 563 563 563 563 563 563 561 561 561 561 561 562 562 562 563 563 563 563 563 561 561 564 564 564 0 0 565 565 565 564 564 564 564 564 564 564 564 564 565 565 562 562 562 565 564 564 564 564 564 564 564 564 563 562 562 564 565 565 564 563 563 563 563 564 564 564 564 564 564 564 564 565 565 564 564 565 565 564 564 563 562 562 563 563 563 564 564 564 563 563 564 564 564 565 0 0 0 0 0 0 0 0 0 0 0 0 0 0 0 0 0 0 0 0 0 0 0 0 0 0 0 0 0 0 0 0 0 0 0 0 562 562 565 565 566 566 566 566 567 567 567 567 568 568 567 567 567 567 567 567 566 566 567 567 567 567 567 567 567 568 568 568 568 568 568 568 568 568 568 569 569 569 569 569 569 568 568 568 568 569 569 569 569 569 569 569 569 570 570 570 570 570 570 571 571 571 571 571 571 571 572 572 572 573 573 573 573 573 573 573 573 573 573 573 573 573 573 573 574 574 574 574 575 575 575 576 576 577 576 576 577 577 577 577 577 577 577 578 578 578 578 578 578 578 578 578 578 578 578 578 579 579 578 578 578 578 579 578 578 578 578 578 578 577 577 577 578 578 578 578
0 0 0 0 0 0 0 0 0 0 0 0 0 0 0 0 0 0 0 0 0 0 0 563 563 563 564 565 565 565 564 564 564 563 563 563 563 563 563 563 564 564 564 564 564 564 564 564 563 563 564 564 564 563 563 563 563 563 563 563 563 563 563 563 563 563 564 564 564 563 563 564 564 564 564 565 565 565 565 565 565 565 565 565 565 565 565 565 565 565 565 565 565 565 565 565 565 565 565 565 565 565 564 563 563 564 565 565 564 564 564 564 564 565 565 565 565 565 565 564 564 565 565 564 564 565 565 565 565 564 564 564 564 564 564 564 564 564 564 564 565 565 565 566 0 0 0 0 0 0 0 0 0 0 0 0 0 0 0 0 0 0 0 0 0 0 0 0 0 0 0 0 0 0 0 0 0 0 0 0 0 0 565 565 566 566 566 567 567 568 568 568 568 568 568 568 568 568 568 568 568 568 568 568 568 568 568 568 568 569 569 568 568 569 569 569 569 569 569 570 571 571 572 570 570 568 568 569 569 569 570 570 570 569 569 570 570 570 570 570 571 572 572 572 572 571 571 572 572 572 572 573 573 573 573 573 573 573 574 574 574 574 573 573 574 574 575 574 574 575 575 575 576 576 576 577 577 577 576 576 577 577 578 578 578 578 578 578 578 578 578 578 578 578 578 578 578 579 579 579 580 579 578 578 578 579 579 579 579 579 579 578 578 578 578 578 580 580 580 580
0 0 0 0 0 0 0 0 0 0 0 0 0 0 0 0 0 0 0 0 0 0 0 563 563 563 564 565 565 565 565 565 565 565 565 565 565 564 564 564 565 565 565 565 564 564 564 564 564 564 564 564 564 564 565 565 564 563 563 564 564 563 563 563 563 563 564 564 565 564 564 564 564 564 0 0 565 565 565 565 565 565 565 565 565 565 565 565 565 565 565 565 565 565 565 565 565 565 565 565 565 565 564 564 564 564 565 565 565 565 565 565 565 565 565 566 565 565 565 565 565 565 565 565 565 565 565 565 565 565 565 565 565 565 565 565 564 564 564 564 566 566 566 567 0 0 0 0 0 0 0 0 0 0 0 0 0 0 0 0 0 0 0 0 0 0 0 0 0 0 0 0 0 0 0 0 0 0 0 0 0 0 0 569 568 568 568 568 568 568 568 568 568 568 568 568 568 568 568 568 568 568 569 569 568 568 568 568 568 569 569 568 568 569 570 570 569 569 569 570 571 571 572 571 571 570 570 570 570 571 570 570 572 570 570 571 571 571 572 572 572 572 572 572 572 573 573 573 573 573 573 573 573 573 573 573 573 574 574 574 574 575 574 574 575 575 575 575 575 576 576 576 576 576 576 577 577 577 577 577 577 578 578 579 579 579 579 579 579 579 579 579 579 579 579 580 580 580 580 580 580 580 580 580 580 580 580 580 580 579 579 579 579 579 579 579 580 581 581 581
0 0 0 0 0 0 0 0 0 0 0 0 0 0 0 0 0 0 0 0 0 0 0 564 564 564 565 565 565 565 565 565 565 565 565 565 565 565 565 565 564 564 565 565 565 564 564 565 564 564 564 564 564 565 565 565 565 564 564 564 564 564 563 563 563 563 564 564 565 565 565 565 567 568 568 0 565 565 565 565 566 565 565 565 565 565 565 565 565 565 565 565 565 565 565 565 565 565 565 565 565 566 566 565 565 565 565 565 565 565 565 565 565 566 566 566 565 565 565 565 565 566 565 565 565 565 565 565 565 565 565 565 565 566 566 565 565 565 565 565 567 567 567 567 0 0 0 0 0 0 0 0 0 0 0 0 0 0 0 0 0 0 0 0 0 0 0 0 0 0 0 0 0 0 0 0 0 0 0 0 0 0 572 569 569 568 568 568 568 568 568 568 569 569 568 568 569 569 569 569 569 570 570 569 569 569 569 569 569 570 569 569 570 570 571 570 570 570 570 571 572 572 572 571 571 571 571 570 570 571 571 571 572 572 572 573 572 572 573 573 573 572 572 573 573 573 573 573 573 573 573 574 575 575 575 574 574 575 575 575 576 576 576 576 576 576 576 576 576 576 576 577 577 577 577 577 578 578 578 578 578 579 579 579 580 580 580 580 580 580 580 580 580 580 580 580 581 581 581 581 581 581 581 581 582 582 581 581 581 581 581 580 580 580 580 580 580 581 581 581
0 0 0 0 0 0 0 0 0 0 0 0 0 0 0 0 0 0 0 0 0 0 0 565 565 565 565 565 565 565 565 565 565 565 566 565 565 566 566 565 564 564 565 565 565 564 564 565 564 564 565 565 565 566 565 565 565 565 564 564 565 566 566 565 564 564 563 563 565 565 567 567 567 568 568 565 565 565 565 565 566 565 565 565 565 565 565 565 565 565 566 566 566 565 565 565 565 565 565 567 566 566 566 566 566 566 565 565 565 565 565 567 567 567 567 566 566 566 566 566 0 566 565 565 565 565 565 565 565 565 565 565 565 567 566 565 565 565 565 565 567 567 567 567 568 568 0 0 0 0 0 0 0 0 0 0 0 0 0 0 0 0 0 0 0 0 0 0 0 0 0 0 0 0 0 0 0 0 0 0 0 572 572 571 570 570 569 569 569 569 569 569 569 570 570 570 570 569 569 569 570 570 570 569 569 570 569 569 570 570 571 571 571 571 571 571 571 572 572 572 572 572 572 572 572 572 572 571 571 572 572 572 574 573 573 573 573 573 573 573 573 573 573 574 574 573 573 574 574 575 575 575 575 576 575 575 575 575 575 576 576 577 577 577 578 578 578 577 577 577 577 577 578 578 578 578 578 579 579 579 579 579 580 580 581 581 581 581 581 581 581 581 581 581 581 581 581 581 581 581 582 581 581 582 582 582 582 582 582 582 582 582 582 582 582 582 582 581 581 581
0 0 0 0 0 0 0 0 0 0 0 0 0 0 0 0 0 0 0 0 0 0 0 566 565 565 565 566 566 566 565 565 566 566 566 565 565 566 566 566 565 565 565 565 565 564 564 565 566 566 566 566 567 566 566 566 566 565 565 565 565 565 565 565 565 564 563 563 565 565 567 567 567 565 565 565 565 565 566 566 566 566 566 565 565 566 566 565 565 565 566 566 566 566 566 566 566 566 567 567 567 566 566 567 566 566 566 566 566 567 568 567 567 567 567 0 570 569 569 569 569 565 565 565 566 566 566 565 565 565 565 565 567 567 567 566 566 566 566 567 567 567 567 567 568 568 0 0 0 0 0 0 0 0 0 0 0 0 0 0 0 0 0 0 0 0 0 0 0 0 0 0 0 0 0 0 0 0 0 0 0 572 572 572 571 571 571 571 571 570 570 570 570 571 570 570 571 569 569 571 571 571 571 571 571 571 570 570 571 572 573 572 572 572 572 572 572 572 572 572 572 572 572 572 572 573 572 572 572 573 573 574 574 573 573 573 573 574 574 573 573 574 574 574 574 575 574 574 575 576 576 576 576 576 576 576 576 576 576 577 577 577 577 577 578 578 578 578 577 577 577 577 578 580 579 579 580 580 580 580 581 581 581 581 581 581 582 582 582 581 581 581 581 581 582 582 582 582 582 582 583 583 583 583 584 583 583 582 582 582 582 583 582 582 582 582 582 582 582 581
0 0 0 0 0 0 0 0 0 0 0 0 0 0 0 0 0 0 0 0 0 0 0 566 565 565 566 566 566 567 566 566 567 566 566 566 566 566 566 566 566 566 565 565 565 565 565 565 566 566 567 567 567 567 566 566 567 567 566 565 565 565 565 565 565 565 564 564 565 566 568 567 567 565 565 565 565 565 566 567 567 567 567 566 566 567 568 567 567 567 567 567 567 567 567 567 567 567 567 567 567 567 567 568 567 567 567 567 567 567 568 567 567 567 567 570 570 569 569 569 569 569 567 567 567 566 566 566 566 567 567 567 567 567 567 567 567 567 567 567 567 567 567 567 569 576 576 0 0 0 0 0 0 0 0 0 0 0 0 0 0 0 0 0 0 0 0 0 0 0 0 0 0 0 0 0 0 0 0 0 0 572 572 573 571 571 571 571 571 571 571 571 571 572 572 572 572 570 570 571 572 572 572 572 571 571 572 572 572 573 574 573 573 572 572 572 572 572 573 573 572 572 572 572 573 573 573 573 573 574 574 574 574 573 573 574 574 574 574 574 574 575 575 575 575 575 575 575 576 576 576 576 576 576 577 577 577 577 577 577 577 577 577 577 578 578 579 579 578 578 578 579 580 580 580 580 580 581 581 581 582 582 582 582 581 581 582 582 582 582 582 582 582 582 582 582 583 583 583 583 584 583 583 584 583 583 584 583 583 583 583 583 582 582 582 582 583 583 583 583
0 0 0 0 0 0 0 0 0 0 0 0 0 0 0 0 0 0 0 0 0 0 0 568 567 566 566 566 567 567 567 567 568 568 567 567 567 567 567 567 567 567 567 566 566 566 566 566 567 567 567 567 567 567 567 567 568 567 566 565 565 566 566 566 567 567 567 565 565 566 568 567 567 565 565 565 565 565 567 567 567 567 568 567 567 568 568 567 567 567 568 568 568 567 567 567 567 567 567 567 567 567 567 568 568 568 567 567 567 567 568 568 568 569 570 570 570 570 569 569 569 0 0 567 567 567 568 567 567 567 567 567 567 568 568 569 569 567 567 567 567 567 568 568 569 573 575 0 0 0 0 0 0 0 0 0 0 0 0 0 0 0 0 0 0 0 0 0 0 0 0 0 0 0 0 0 0 0 0 0 0 573 573 573 573 572 572 572 572 572 571 571 571 572 572 572 572 570 570 571 573 572 572 572 572 572 572 572 572 574 575 574 574 573 573 573 573 573 573 573 573 574 573 573 573 573 574 573 573 575 574 574 574 574 574 575 575 575 576 575 575 575 576 576 576 576 576 576 576 576 577 576 576 577 577 577 577 577 578 578 578 579 579 579 579 579 579 579 579 579 579 580 581 581 581 581 581 581 581 582 583 583 583 582 582 582 582 583 583 582 582 582 582 582 583 583 584 584 585 585 585 585 585 585 583 583 584 583 583 583 583 583 583 582 582 583 583 584 584 583
0 0 0 0 0 0 0 0 0 0 0 0 0 0 0 0 0 0 0 0 0 0 0 569 567 567 567 568 568 568 566 566 568 568 569 568 568 568 568 568 568 569 569 568 567 567 566 566 567 567 567 567 567 567 567 567 568 567 567 566 566 565 565 566 567 569 570 570 566 566 568 568 568 568 568 568 569 569 569 569 568 568 568 568 568 570 568 567 567 568 569 569 568 568 568 568 568 568 568 568 568 567 567 568 568 568 568 568 568 568 568 568 568 569 570 570 570 570 569 569 569 571 570 569 568 568 568 568 569 569 569 570 570 571 571 571 571 570 569 568 568 568 568 569 571 573 574 0 0 0 0 0 0 0 0 0 0 0 0 0 0 0 0 0 0 0 0 0 0 0 0 0 0 0 0 0 0 0 0 0 0 0 573 573 573 572 572 572 572 572 572 572 572 573 573 573 573 573 573 573 572 572 572 573 572 572 572 572 573 574 575 575 575 574 574 574 573 573 574 574 574 574 574 574 574 575 575 575 575 575 575 575 576 575 575 576 576 576 576 576 576 576 576 577 577 577 577 577 577 577 577 577 577 577 577 577 578 578 578 578 579 579 579 579 579 579 579 579 580 580 581 581 581 581 581 581 581 581 581 583 583 584 584 583 583 583 583 583 584 584 584 584 584 584 584 584 585 585 585 585 585 585 585 585 584 584 585 584 584 583 583 583 583 583 583 583 584 585 586 584
0 0 0 0 0 0 0 0 0 0 0 0 0 0 0 0 0 0 0 0 0 0 0 569 567 567 567 568 568 568 566 566 568 568 569 568 568 568 568 568 569 569 569 569 568 568 567 567 567 567 568 568 567 567 567 567 568 568 567 566 566 565 565 566 569 569 570 570 566 566 569 569 570 570 570 571 569 569 569 569 569 568 568 568 569 570 570 568 568 569 569 569 569 569 569 568 568 569 569 569 569 568 568 569 569 569 569 569 569 569 569 569 569 569 570 571 571 571 569 569 571 571 570 569 569 568 568 568 569 569 570 570 571 571 571 571 571 571 569 568 568 568 569 574 573 573 574 0 0 0 0 0 0 0 0 0 0 0 0 0 0 0 0 0 0 0 0 0 0 0 0 0 0 0 0 0 0 0 0 0 0 0 573 573 573 572 572 572 572 572 573 573 573 573 573 574 574 575 573 573 572 572 572 574 573 573 573 573 574 574 575 575 575 575 575 575 574 574 574 575 575 575 575 575 576 576 576 576 576 576 575 575 576 577 577 578 577 577 576 576 577 577 577 577 578 579 578 578 578 578 578 578 578 578 578 578 579 579 579 580 580 579 579 580 580 580 580 580 581 581 581 582 582 582 582 582 582 582 582 583 583 584 584 585 585 585 585 585 585 584 584 585 585 585 585 585 585 585 585 585 585 585 585 585 585 585 585 585 585 584 584 584 584 584 584 585 586 586 586 585
0 0 0 0 0 0 0 0 0 0 0 0 0 0 0 0 0 0 0 0 0 0 0 571 570 569 569 569 568 568 567 567 568 568 569 569 569 569 568 568 569 569 569 569 569 569 569 569 569 569 569 569 568 568 568 567 567 568 567 566 566 0 0 570 570 570 567 567 567 568 569 569 570 570 571 571 572 570 570 570 570 570 570 570 571 571 570 570 569 569 569 570 570 571 570 569 569 570 570 570 570 569 569 569 570 570 570 570 570 570 570 570 569 569 570 571 571 571 571 571 571 571 570 569 569 570 569 569 570 570 571 571 571 570 570 571 572 571 569 569 569 570 570 574 575 0 0 0 0 0 0 0 0 0 0 0 0 0 0 0 0 0 0 0 0 0 0 0 0 0 0 0 0 0 0 0 0 0 0 0 0 0 0 574 574 574 574 573 573 575 574 573 573 574 574 575 575 575 575 575 575 574 574 575 576 576 576 576 575 575 575 575 576 576 576 576 577 576 576 576 576 576 576 576 577 577 577 577 577 576 576 576 576 577 577 578 577 577 577 577 577 578 578 578 579 579 579 579 579 578 578 578 578 578 579 579 579 579 579 580 580 580 580 580 580 581 581 581 581 581 582 582 583 583 582 582 582 583 583 584 584 585 585 585 585 586 585 585 585 585 585 585 585 586 586 586 586 586 586 586 586 586 586 586 586 586 586 586 586 585 585 585 585 585 585 586 586 586 586 585
0 0 0 0 0 0 0 0 0 0 0 0 0 0 0 0 0 0 0 0 0 0 0 571 569 569 570 570 569 569 568 568 568 568 569 569 569 570 569 569 570 570 570 570 569 569 569 569 570 570 570 570 569 569 569 567 567 568 568 0 0 0 568 0 567 567 567 567 567 570 571 571 571 571 571 572 572 0 572 572 572 571 571 571 572 572 572 572 570 570 571 571 571 571 570 569 569 570 570 571 571 571 571 571 571 571 571 571 571 571 571 571 571 571 571 571 571 571 571 571 571 571 571 571 571 570 570 570 570 570 572 572 0 570 570 571 571 572 571 571 571 572 572 574 575 0 0 0 0 0 0 0 0 0 0 0 0 0 0 0 0 0 0 0 0 0 0 0 0 0 0 0 0 0 0 0 0 0 0 0 0 0 0 574 574 574 574 574 574 575 574 574 575 575 575 575 575 575 576 577 576 576 575 575 576 576 576 576 576 576 576 576 576 576 577 577 577 577 577 577 577 577 577 577 578 578 577 577 577 576 576 577 579 579 578 578 577 577 577 578 579 579 579 580 580 580 580 579 579 579 579 580 580 580 581 581 581 580 580 581 581 580 580 580 580 581 581 581 581 581 582 583 583 584 583 583 583 583 583 584 585 585 585 586 586 586 586 586 585 585 586 586 586 586 586 586 586 586 586 586 587 587 587 586 586 586 586 587 587 586 586 586 586 587 587 587 587 588 587 587
0 0 0 0 0 0 0 0 0 0 0 0 0 0 0 0 0 0 0 0 0 0 0 571 569 569 570 571 571 571 569 569 568 568 569 570 570 570 569 569 570 570 570 571 570 570 570 571 571 571 571 571 571 570 570 568 568 568 568 0 0 0 0 0 0 569 569 569 569 570 572 571 571 571 571 572 572 574 573 572 572 572 572 573 573 573 572 572 572 573 572 572 572 571 571 571 571 571 572 572 572 571 571 572 571 571 571 572 572 572 571 571 572 571 571 571 571 572 572 571 571 571 571 571 571 571 571 571 571 571 571 570 570 570 570 571 571 572 572 572 572 572 572 575 576 0 0 0 0 0 0 0 0 0 0 0 0 0 0 0 0 0 0 0 0 0 0 0 0 0 0 0 0 0 0 0 0 0 0 0 0 0 0 575 575 576 576 576 576 576 576 576 576 575 575 575 576 576 576 577 577 577 577 577 577 576 576 577 577 577 577 577 577 577 577 577 577 577 577 577 577 577 578 578 578 578 577 577 577 577 577 579 579 579 578 578 579 579 579 579 579 580 580 580 580 580 580 580 580 580 580 580 581 581 581 581 581 581 581 582 582 581 580 580 581 581 582 582 582 582 583 583 584 585 585 585 585 584 584 585 585 586 586 586 586 586 586 586 586 586 586 587 586 586 586 586 586 588 588 589 589 589 589 589 589 588 588 588 588 588 587 587 588 587 587 587 587 588 589 589
0 0 0 0 0 0 0 0 0 0 0 0 0 0 0 0 0 0 0 0 0 0 0 571 570 570 571 571 571 571 570 570 570 570 570 570 570 570 569 569 570 570 570 571 570 570 571 572 571 571 571 571 571 571 571 569 569 570 570 570 0 0 0 0 574 569 569 569 570 570 572 572 572 572 572 572 572 574 573 573 573 573 574 574 574 573 572 572 572 573 573 573 572 571 571 571 571 572 572 572 572 572 572 573 573 571 571 571 571 573 573 573 573 572 571 571 571 573 573 572 572 572 572 572 572 572 572 572 0 572 0 0 0 572 572 571 571 573 573 572 572 573 573 575 0 0 0 0 0 0 0 0 0 0 0 0 0 0 0 0 0 0 0 0 0 0 0 0 0 0 0 0 0 0 0 0 0 0 0 0 0 0 0 576 576 576 576 577 577 577 577 577 577 576 576 576 576 576 577 577 577 577 578 577 577 577 577 577 577 578 578 578 577 577 578 577 577 578 578 578 578 578 579 579 579 579 579 579 580 579 579 580 580 579 579 579 579 579 579 580 580 580 580 580 580 580 580 580 580 581 581 581 581 581 581 581 581 581 581 583 583 583 581 581 582 582 584 583 583 583 583 583 585 585 585 586 585 585 585 585 586 586 586 586 586 587 587 588 588 588 589 588 588 588 588 588 589 589 589 589 589 590 590 590 590 590 589 589 589 589 590 589 589 588 588 588 588 589 589 590
0 0 0 0 0 0 0 0 0 0 0 0 0 0 0 0 0 0 0 0 0 0 0 572 571 571 571 572 572 573 570 570 570 570 571 571 571 571 571 571 571 571 571 571 571 572 572 572 571 571 571 571 571 572 571 571 571 574 574 574 0 574 574 0 574 574 571 571 569 569 573 573 573 572 572 572 572 574 573 573 573 574 574 574 574 573 572 572 573 574 573 573 572 572 571 571 572 572 572 572 572 572 572 574 574 572 572 572 0 574 574 574 574 572 572 572 572 576 573 573 572 572 572 572 572 573 573 573 0 0 0 0 572 572 572 572 572 572 572 573 573 574 576 0 0 0 0 0 0 0 0 0 0 0 0 0 0 0 0 0 0 0 0 0 0 0 0 0 0 0 0 0 0 0 0 0 0 0 0 0 0 0 0 0 0 577 577 577 577 577 578 578 578 577 577 577 577 577 577 578 579 579 579 578 578 578 578 579 579 578 578 578 578 578 579 577 577 578 578 578 579 579 580 580 580 580 580 580 580 580 580 580 580 580 579 579 580 580 580 580 580 580 580 581 581 581 581 581 581 581 581 581 581 581 581 582 582 582 582 584 584 584 584 584 584 585 585 584 584 584 584 584 585 585 585 586 586 586 586 587 587 587 587 587 587 588 588 589 589 589 589 589 589 589 589 589 589 589 590 590 590 590 590 590 590 590 590 590 590 590 590 590 590 589 589 589 589 590 590 591
0 0 0 0 0 0 0 0 0 0 0 0 0 0 0 0 0 0 0 0 0 0 0 572 572 572 573 573 573 573 571 571 570 570 572 572 572 572 572 571 571 572 572 572 572 572 572 572 571 571 571 571 573 572 572 572 574 574 574 0 0 0 574 573 573 574 572 572 569 569 569 575 572 572 572 573 575 575 575 573 573 574 574 574 573 573 573 573 573 575 575 575 572 572 573 573 573 573 573 573 573 573 574 575 575 575 575 575 575 574 574 574 574 573 573 573 574 576 576 573 572 572 572 572 573 573 573 575 0 0 0 0 0 576 575 575 572 572 572 572 574 576 576 0 0 0 0 0 0 0 0 0 0 0 0 0 0 0 0 0 0 0 0 0 0 0 0 0 0 0 0 0 0 0 0 0 0 0 0 0 0 0 0 0 0 577 577 579 579 579 579 580 580 578 577 577 578 578 579 579 579 579 578 578 579 579 579 580 580 580 579 579 580 580 580 580 580 579 579 579 579 580 581 581 581 580 580 580 581 581 582 581 581 581 581 581 581 581 581 581 581 582 582 583 583 583 583 583 583 583 582 582 583 584 584 584 584 584 584 584 584 585 585 585 585 585 585 585 585 585 585 585 586 586 587 587 587 587 588 588 588 588 588 588 588 588 589 589 589 589 589 589 590 590 590 590 590 590 590 590 590 590 590 590 591 591 590 590 591 591 591 591 591 590 589 589 589 590 591 591
0 0 0 0 0 0 0 0 0 0 0 0 0 0 0 0 0 0 0 0 0 0 0 573 573 573 573 573 573 574 573 573 573 573 575 575 575 575 575 575 575 574 574 574 574 574 574 574 574 574 574 574 574 572 572 572 574 574 574 574 575 0 574 573 573 574 574 574 574 574 575 575 572 572 574 574 575 575 576 573 573 575 574 574 573 573 573 574 578 575 575 575 575 575 574 574 574 574 574 573 573 574 575 575 575 575 575 575 575 575 574 574 574 573 573 574 574 575 575 575 575 575 574 574 574 574 575 576 0 0 577 0 576 576 575 575 575 572 572 572 574 576 577 0 0 0 0 0 0 0 0 0 0 0 0 0 0 0 0 0 0 0 0 0 0 0 0 0 0 0 0 0 0 0 0 0 0 0 0 0 0 0 0 0 0 579 579 579 579 580 580 580 580 580 580 579 579 579 580 580 579 579 578 578 579 579 580 580 580 581 581 581 581 581 581 581 580 580 580 579 579 580 581 581 581 581 582 582 582 582 583 582 582 583 583 583 583 584 583 582 582 583 583 584 583 583 584 583 583 583 583 583 584 584 584 585 585 584 584 585 585 585 586 586 586 585 585 585 585 585 585 585 587 587 587 587 587 588 588 589 589 589 589 589 589 589 590 590 590 589 589 590 590 591 590 590 590 590 590 590 591 592 592 592 592 592 591 591 592 592 592 592 591 590 589 589 590 591 592 592
0 0 0 0 0 0 0 0 0 0 0 0 0 0 0 0 0 0 0 0 0 0 0 573 573 574 574 574 574 574 574 574 574 574 575 575 575 575 575 575 575 575 575 575 575 574 574 574 574 575 574 574 574 572 572 572 573 574 574 575 575 573 573 573 573 573 573 575 575 575 575 576 576 576 576 576 576 576 576 576 576 576 574 574 575 575 576 577 577 576 576 576 576 576 575 575 575 574 574 575 575 576 576 576 576 578 576 576 575 575 575 576 576 573 573 574 574 575 575 575 575 575 575 575 575 575 576 576 0 0 577 577 576 576 575 575 575 573 573 574 575 577 578 0 0 0 0 0 0 0 0 0 0 0 0 0 0 0 0 0 0 0 0 0 0 0 0 0 0 0 0 0 0 0 0 0 0 0 0 0 0 0 0 0 0 0 0 580 580 580 579 579 579 581 581 581 580 580 581 581 580 580 580 580 580 580 581 581 581 581 581 581 581 581 581 581 581 581 581 581 581 581 581 581 581 581 582 582 582 583 583 584 584 584 584 584 584 584 584 584 584 584 584 584 584 584 584 584 584 584 584 584 585 585 585 585 585 585 585 585 586 586 586 586 586 585 585 585 586 587 587 587 588 588 588 589 589 589 589 589 590 590 590 590 590 590 590 590 590 590 590 590 590 591 591 591 590 590 591 591 592 593 593 593 592 592 593 593 593 593 593 593 591 591 590 590 590 591 592 592
0 0 0 0 0 0 0 0 0 0 0 0 0 0 0 0 0 0 0 0 0 0 0 575 575 574 574 574 574 574 575 575 575 575 575 575 575 576 575 575 575 576 575 575 575 574 574 574 575 575 574 574 574 572 572 572 573 574 574 575 575 573 573 573 573 573 575 575 575 575 0 0 578 578 577 577 577 576 576 576 577 577 575 575 575 575 576 577 577 576 576 576 577 576 575 575 575 575 575 575 575 576 576 576 578 578 576 576 576 576 576 576 576 576 576 575 575 575 575 575 578 578 577 577 576 576 576 576 0 579 577 577 577 577 576 576 576 576 576 576 0 0 0 0 0 0 0 0 0 0 0 0 0 0 0 0 0 0 0 0 0 0 0 0 0 0 0 0 0 0 0 0 0 0 0 0 0 0 0 0 0 0 0 0 0 0 0 0 580 580 579 579 579 581 581 582 582 582 582 582 581 581 581 580 580 581 581 581 581 581 581 582 582 583 582 582 582 582 582 582 582 582 582 582 582 582 582 582 582 583 583 584 584 584 584 584 585 585 584 584 584 584 584 584 584 584 584 584 584 585 584 584 585 586 586 586 586 586 586 586 586 586 587 587 587 586 586 586 587 587 587 588 589 589 589 590 590 590 590 590 590 590 591 591 590 590 591 591 591 591 591 592 592 593 593 592 592 592 592 592 593 593 593 593 593 593 593 593 593 593 593 593 591 591 591 591 592 592 593 593
0 0 0 0 0 0 0 0 0 0 0 0 0 0 0 0 0 0 0 0 0 0 0 577 577 577 575 575 575 575 576 576 577 577 577 576 575 574 574 575 576 576 576 576 576 575 575 575 575 575 575 574 574 574 574 574 574 574 575 575 575 575 574 574 574 574 575 575 575 575 0 579 578 578 578 577 577 576 576 576 576 579 578 576 576 576 577 577 577 578 577 577 577 577 576 576 577 576 576 576 576 577 577 577 578 578 576 576 576 576 576 577 577 579 579 579 579 579 579 578 580 580 578 577 576 576 576 576 0 579 579 577 577 579 577 577 577 578 577 577 0 0 0 0 0 0 0 0 0 0 0 0 0 0 0 0 0 0 0 0 0 0 0 0 0 0 0 0 0 0 0 0 0 0 0 0 0 0 0 0 0 0 0 0 0 0 0 0 0 580 580 580 580 581 581 582 582 582 582 583 583 582 582 581 581 582 582 583 582 582 582 582 582 583 583 583 583 583 584 584 583 583 583 583 583 583 583 583 583 584 584 584 584 584 584 585 585 585 584 584 584 584 585 585 585 585 585 585 585 585 585 585 586 586 587 587 587 587 587 587 586 586 587 588 588 588 588 588 588 588 588 588 590 590 590 590 590 590 590 590 590 591 591 591 591 591 592 592 592 593 593 593 593 593 593 593 593 593 593 593 594 594 594 594 594 593 593 593 593 593 594 594 593 593 593 593 593 593 593 593
0 0 0 0 0 0 0 0 0 0 0 0 0 0 0 0 0 0 0 0 0 0 0 578 577 577 577 577 576 576 577 578 578 578 577 576 575 574 574 575 576 576 576 575 575 575 575 575 575 575 575 575 576 576 576 575 575 575 575 575 575 575 574 574 574 574 575 575 575 575 579 579 579 579 578 578 578 577 577 576 576 576 578 577 577 578 578 578 578 578 578 578 577 577 578 577 577 577 577 578 578 578 578 579 579 578 577 577 576 576 576 577 577 579 579 579 579 579 579 578 578 578 578 578 578 578 579 579 579 579 579 577 577 579 577 577 578 579 580 0 0 0 0 0 0 0 0 0 0 0 0 0 0 0 0 0 0 0 0 0 0 0 0 0 0 0 0 0 0 0 0 0 0 0 0 0 0 0 0 0 0 0 0 0 0 0 0 0 0 0 0 581 581 582 583 582 582 582 582 584 584 585 584 583 583 584 584 584 583 583 583 583 583 583 583 584 584 584 584 584 584 584 584 584 584 583 583 583 583 584 584 584 585 584 584 585 585 585 584 584 584 584 585 585 585 585 585 585 585 585 585 585 586 586 587 588 588 588 588 588 587 587 588 588 588 588 588 589 589 589 589 589 590 591 590 590 591 591 591 591 591 591 592 592 592 592 592 593 593 593 593 593 593 594 594 594 594 594 594 594 594 594 594 594 595 594 594 594 594 594 594 594 593 593 593 593 594 594 593 593
0 0 0 0 0 0 0 0 0 0 0 0 0 0 0 0 0 0 0 0 0 0 0 578 578 578 578 578 578 578 578 578 578 578 578 577 577 576 576 576 576 577 577 575 575 575 575 576 576 576 576 576 575 575 576 575 575 578 576 575 575 575 575 574 574 575 575 575 575 575 579 579 579 579 579 579 578 577 577 576 576 576 579 579 579 579 579 578 578 578 578 578 578 578 578 578 578 579 578 578 578 578 578 579 579 579 578 578 577 576 576 576 580 579 579 579 579 579 579 578 578 578 578 578 578 579 579 579 579 579 579 579 580 579 578 578 578 579 0 0 0 0 0 0 0 0 0 0 0 0 0 0 0 0 0 0 0 0 0 0 0 0 0 0 0 0 0 0 0 0 0 0 0 0 0 0 0 0 0 0 0 0 0 0 0 0 0 0 0 0 0 0 584 584 583 583 583 583 583 584 585 585 585 584 584 585 585 585 585 584 584 583 583 584 584 584 584 584 584 585 584 584 584 584 584 585 585 585 585 585 585 585 585 586 586 586 586 585 585 586 587 587 587 586 586 586 586 586 586 586 586 586 586 587 588 589 589 589 589 589 589 588 588 588 588 589 589 589 589 589 589 589 591 591 590 590 591 592 592 591 591 591 592 592 593 593 593 593 594 594 594 594 594 594 594 594 594 594 594 594 594 595 595 596 595 594 594 594 594 594 594 594 594 593 593 593 594 594 594 594
0 0 0 0 0 0 0 0 0 0 0 0 0 0 0 0 0 0 0 0 0 0 0 578 578 578 578 578 579 578 578 579 578 578 578 578 578 576 576 576 577 578 578 575 575 575 575 578 577 577 577 576 575 575 575 575 576 578 576 576 577 577 575 575 575 575 575 575 575 579 579 579 579 579 579 579 578 578 578 579 579 579 579 579 579 579 580 580 579 579 579 578 578 578 578 578 578 579 579 579 579 579 579 579 579 579 579 579 579 579 579 579 580 580 579 579 579 579 580 580 578 578 579 580 580 580 580 579 579 578 578 580 580 581 579 579 579 0 0 0 0 0 0 0 0 0 0 0 0 0 0 0 0 0 0 0 0 0 0 0 0 0 0 0 0 0 0 0 0 0 0 0 0 0 0 0 0 0 0 0 0 0 0 0 0 0 0 0 0 0 0 0 0 584 584 584 584 584 584 584 585 585 585 584 584 585 585 585 585 585 584 584 584 585 585 585 585 585 585 585 585 585 585 585 585 586 586 586 587 586 585 585 586 586 586 586 587 587 587 587 587 588 588 588 588 588 588 588 588 587 587 587 587 588 589 589 589 589 589 589 589 588 588 589 589 589 589 590 590 590 590 590 591 591 591 591 592 592 592 593 592 592 593 593 593 593 593 594 594 594 594 594 594 595 596 596 596 596 596 596 596 596 596 596 596 595 595 594 594 594 594 594 594 593 593 594 594 594 594 594
0 0 0 0 0 0 0 0 0 0 0 0 0 0 0 0 0 0 0 0 0 0 0 578 578 579 579 579 580 579 579 580 579 579 579 579 579 579 578 578 578 578 578 577 577 577 577 578 577 577 577 576 576 576 575 575 578 578 578 577 577 577 577 577 577 577 577 577 578 579 580 580 580 579 579 579 579 579 579 579 582 580 580 580 580 580 580 580 580 579 579 578 578 578 579 579 579 580 580 580 580 580 580 580 580 580 579 579 579 579 579 580 580 580 580 580 580 580 580 580 578 578 579 580 580 579 579 579 579 578 578 580 580 581 581 581 0 0 0 0 0 0 0 0 0 0 0 0 0 0 0 0 0 0 0 0 0 0 0 0 0 0 0 0 0 0 0 0 0 0 0 0 0 0 0 0 0 0 0 0 0 0 0 0 0 0 0 0 0 0 0 0 0 0 585 584 584 584 584 584 585 585 586 586 586 586 586 585 585 585 585 585 585 586 586 586 586 585 585 586 585 585 585 586 586 587 587 587 588 588 588 588 588 588 587 587 587 587 588 588 588 588 589 589 589 589 589 588 588 588 588 588 588 589 590 590 589 589 589 589 589 588 588 589 589 589 590 591 591 591 591 591 592 592 592 593 593 593 594 593 593 593 593 593 594 594 594 594 594 594 594 594 595 596 597 597 597 597 597 596 596 596 596 596 596 596 596 596 596 595 595 595 595 595 595 595 595 595 595 595
0 0 0 0 0 0 0 0 0 0 0 0 0 0 0 0 0 0 0 0 0 0 0 578 578 579 579 580 581 579 579 580 579 579 579 579 579 579 579 579 579 579 579 577 577 577 578 578 577 577 577 576 576 576 575 575 579 578 578 577 577 578 578 579 579 579 577 577 578 579 580 580 580 580 580 581 582 582 582 0 582 582 580 580 580 580 581 581 581 581 582 579 579 579 580 580 580 580 580 581 580 580 580 580 580 580 580 580 580 580 580 580 583 581 580 580 580 580 580 580 580 580 581 581 580 579 579 579 580 580 581 581 582 582 582 582 0 0 0 0 0 0 0 0 0 0 0 0 0 0 0 0 0 0 0 0 0 0 0 0 0 0 0 0 0 0 0 0 0 0 0 0 0 0 0 0 0 0 0 0 0 0 0 0 0 0 0 0 0 0 0 0 0 0 0 585 585 585 585 585 585 585 587 585 585 586 587 587 586 586 585 585 586 587 587 586 586 587 587 587 586 585 585 586 588 588 588 588 588 588 588 588 588 588 588 588 588 588 588 588 588 589 589 589 589 589 589 589 589 589 589 589 589 590 590 590 590 591 590 590 590 589 589 590 590 590 591 591 591 591 592 592 593 593 593 593 593 593 594 594 593 593 594 594 594 594 594 594 595 595 595 595 595 596 597 597 598 597 597 597 597 597 597 597 597 597 597 598 597 596 596 596 596 597 597 597 596 596 596 596
0 0 0 0 0 0 0 0 0 0 0 0 0 0 0 0 0 0 0 0 0 0 0 580 580 579 579 581 581 580 580 580 579 579 580 580 580 579 579 579 580 580 580 579 579 579 579 578 578 577 577 577 577 578 578 578 579 578 578 577 577 578 578 579 579 579 579 579 579 580 580 580 580 580 580 581 582 582 582 582 582 582 581 581 581 581 581 581 581 581 581 582 580 580 581 581 581 581 581 581 581 581 580 580 580 0 581 581 581 581 581 582 582 581 581 581 581 581 581 580 580 581 581 582 580 580 579 579 580 580 582 582 582 582 582 0 0 0 0 0 0 0 0 0 0 0 0 0 0 0 0 0 0 0 0 0 0 0 0 0 0 0 0 0 0 0 0 0 0 0 0 0 0 0 0 0 0 0 0 0 0 0 0 0 0 0 0 0 0 0 0 0 0 0 0 585 585 586 587 586 586 587 587 585 585 586 587 588 587 587 585 585 587 587 587 587 587 587 587 587 586 586 586 588 588 589 588 588 589 589 589 588 588 588 588 589 588 588 588 589 589 589 589 589 589 590 590 590 590 590 589 589 590 591 591 591 591 591 591 591 591 590 590 590 590 592 592 592 592 592 592 593 593 594 594 594 594 594 594 594 594 594 595 595 595 595 595 595 596 596 596 596 596 596 597 597 598 598 598 597 597 598 598 598 598 598 598 598 597 596 596 597 599 598 598 598 596 596 596 596
0 0 0 0 0 0 0 0 0 0 0 0 0 0 0 0 0 0 0 0 0 0 0 580 580 579 579 581 581 581 581 581 579 579 580 580 580 580 580 580 580 580 580 579 579 579 579 579 579 578 578 578 578 579 579 580 581 581 580 578 578 578 578 579 579 580 580 580 579 579 580 580 580 581 581 582 582 582 582 582 582 582 581 581 581 581 581 581 581 581 581 581 581 582 582 582 581 581 581 581 581 581 581 581 583 583 582 582 582 582 582 582 582 581 581 581 581 581 581 581 581 581 581 582 581 581 579 579 580 580 582 582 582 582 583 0 0 0 0 0 0 0 0 0 0 0 0 0 0 0 0 0 0 0 0 0 0 0 0 0 0 0 0 0 0 0 0 0 0 0 0 0 0 0 0 0 0 0 0 0 0 0 0 0 0 0 0 0 0 0 0 0 0 0 0 0 587 587 588 588 588 588 588 588 588 588 588 588 588 588 587 587 588 588 588 588 588 589 588 587 586 586 587 588 588 589 589 589 589 589 590 590 589 588 588 589 589 589 589 589 589 590 590 590 590 590 590 590 590 590 590 591 591 591 591 591 591 591 591 591 591 591 591 592 592 592 592 592 593 593 593 593 594 594 594 594 594 595 595 595 595 595 595 596 596 597 597 597 597 597 597 597 597 597 597 597 598 598 598 598 598 598 599 598 598 599 598 598 597 597 597 599 600 599 599 598 596 596 597 597
0 0 0 0 0 0 0 0 0 0 0 0 0 0 0 0 0 0 0 0 0 0 0 582 582 581 581 581 582 582 582 582 582 582 581 580 580 580 581 581 579 579 580 580 581 581 580 579 579 579 579 579 580 580 580 581 581 581 580 579 579 579 579 580 580 580 581 580 579 579 580 580 581 582 582 583 582 582 582 582 582 582 582 582 583 582 582 582 581 581 581 581 581 582 582 582 582 582 582 582 581 581 582 583 583 583 583 582 582 582 582 582 582 581 581 581 582 583 582 582 582 580 580 582 582 583 580 580 581 581 583 583 583 583 584 0 0 0 0 0 0 0 0 0 0 0 0 0 0 0 0 0 0 0 0 0 0 0 0 0 0 0 0 0 0 0 0 0 0 0 0 0 0 0 0 0 0 0 0 0 0 0 0 0 0 0 0 0 0 0 0 0 0 0 0 0 590 589 589 588 588 588 588 588 588 589 589 589 588 588 588 588 589 589 589 588 588 589 589 588 587 587 589 589 589 589 589 589 589 591 591 591 589 589 589 590 591 591 591 591 591 591 591 591 590 590 591 591 591 591 591 591 592 592 592 592 592 592 592 592 592 592 592 592 592 592 592 592 593 593 593 594 595 595 595 595 596 596 597 597 596 596 596 596 597 597 597 597 597 597 597 597 597 597 598 598 598 598 598 598 598 599 599 600 600 600 598 598 598 598 599 600 600 600 599 599 599 600 599 599
0 0 0 0 0 0 0 0 0 0 0 0 0 0 0 0 0 0 0 0 0 0 0 582 582 581 581 581 582 582 583 582 582 582 582 582 582 582 582 582 579 579 580 580 581 581 580 580 580 580 580 580 580 581 581 581 581 581 580 579 579 580 580 580 580 581 582 580 580 580 581 581 583 582 582 582 582 583 582 582 582 582 583 583 583 582 582 582 582 582 582 583 583 583 583 583 582 582 582 582 582 582 583 583 583 584 583 583 583 583 583 583 582 582 583 583 583 584 583 583 585 580 580 580 585 584 584 584 583 583 583 583 0 0 0 0 0 0 0 0 0 0 0 0 0 0 0 0 0 0 0 0 0 0 0 0 0 0 0 0 0 0 0 0 0 0 0 0 0 0 0 0 0 0 0 0 0 0 0 0 0 0 0 0 0 0 0 0 0 0 0 0 0 0 0 0 0 589 589 588 588 589 589 589 589 590 590 590 589 589 589 589 589 589 589 589 589 590 589 589 589 589 590 591 591 591 590 590 591 592 592 592 590 590 590 591 591 592 592 592 592 592 592 592 591 591 591 591 592 592 592 592 592 592 592 592 592 592 593 592 592 592 592 592 592 593 593 593 593 593 594 594 595 596 596 596 597 597 597 598 598 597 597 597 598 598 598 598 598 598 598 598 598 599 599 599 599 600 600 600 600 600 600 600 600 600 599 599 599 600 600 600 600 600 600 600 600 601 601 601
0 0 0 0 0 0 0 0 0 0 0 0 0 0 0 0 0 0 0 0 0 0 0 583 583 583 583 583 583 583 583 583 583 583 583 583 582 582 583 582 580 580 580 581 581 581 580 580 581 582 583 581 581 581 581 582 582 582 582 582 582 581 581 581 581 581 583 583 581 581 582 582 583 582 582 582 582 583 583 583 583 583 584 584 584 583 583 583 583 583 583 583 583 583 583 583 583 583 583 582 582 583 584 584 583 583 583 583 583 583 583 583 582 582 583 583 583 584 584 584 585 586 585 585 585 584 584 584 0 0 583 583 0 0 0 0 0 0 0 0 0 0 0 0 0 0 0 0 0 0 0 0 0 0 0 0 0 0 0 0 0 0 0 0 0 0 0 0 0 0 0 0 0 0 0 0 0 0 0 0 0 0 0 0 0 0 0 0 0 0 0 0 0 0 0 0 0 0 0 588 588 589 589 590 590 590 590 590 591 591 590 590 591 590 590 590 590 591 591 590 590 591 591 592 592 592 592 592 592 592 592 592 592 592 592 592 592 592 593 593 592 592 592 592 592 592 592 592 592 592 593 593 593 593 593 593 593 593 593 593 593 593 593 593 593 593 594 594 594 594 594 594 596 597 597 597 598 598 598 598 598 598 598 598 598 599 599 599 599 599 599 599 599 599 599 600 600 600 600 601 601 601 601 601 601 600 600 600 600 601 601 601 601 602 601 601 601 601 601 601
0 0 0 0 0 0 0 0 0 0 0 0 0 0 0 0 0 0 0 0 0 0 0 583 583 583 584 583 583 583 584 584 585 584 584 584 583 583 584 584 585 581 581 581 581 582 580 580 581 583 583 583 582 582 582 583 583 582 582 582 582 582 582 582 581 581 583 583 582 582 583 583 584 583 583 584 584 584 583 583 584 584 584 584 584 583 583 583 583 583 583 583 583 583 583 584 584 583 583 583 583 584 584 584 583 583 583 583 584 584 584 583 582 582 584 584 585 584 584 584 585 586 584 584 584 584 584 584 0 0 0 0 0 0 0 0 0 0 0 0 0 0 0 0 0 0 0 0 0 0 0 0 0 0 0 0 0 0 0 0 0 0 0 0 0 0 0 0 0 0 0 0 0 0 0 0 0 0 0 0 0 0 0 0 0 0 0 0 0 0 0 0 0 0 0 0 0 0 0 589 589 589 589 590 591 589 589 590 591 591 591 591 591 592 591 591 591 592 592 592 592 592 592 592 592 592 592 592 592 593 592 592 593 593 593 593 593 593 593 593 593 592 592 593 593 593 592 592 592 592 593 593 593 593 593 593 593 593 594 594 594 594 594 594 594 594 595 595 596 596 596 596 597 597 598 598 598 598 598 598 598 598 598 598 599 599 599 600 600 600 600 600 600 599 599 600 600 600 601 601 601 601 601 601 601 602 601 601 601 601 601 601 601 602 602 602 602 602 602 602
0 0 0 0 0 0 0 0 0 0 0 0 0 0 0 0 0 0 0 0 0 0 0 583 583 583 584 584 584 584 585 586 586 585 584 584 584 584 585 585 584 582 582 582 582 582 582 582 583 584 584 583 582 582 583 583 583 583 583 583 583 582 582 582 582 582 583 583 583 583 584 584 584 584 584 585 585 584 584 584 584 584 584 584 584 584 584 584 584 584 584 584 584 584 584 584 584 584 584 584 584 584 586 584 584 584 583 583 584 584 584 584 584 584 585 585 585 585 585 585 587 587 584 584 584 584 584 584 0 0 0 0 0 0 0 0 0 0 0 0 0 0 0 0 0 0 0 0 0 0 0 0 0 0 0 0 0 0 0 0 0 0 0 0 0 0 0 0 0 0 0 0 0 0 0 0 0 0 0 0 0 0 0 0 0 0 0 0 0 0 0 0 0 0 0 0 0 0 0 590 590 591 591 590 590 589 589 590 591 591 591 591 591 592 592 591 591 592 592 592 592 593 593 593 593 593 593 592 592 593 593 593 593 593 593 593 593 593 593 593 593 593 593 593 594 594 594 594 594 594 594 594 594 594 594 594 594 594 595 595 596 594 594 595 595 595 596 596 596 596 596 596 597 597 598 598 599 599 599 598 598 599 599 600 600 600 600 601 601 601 601 601 601 601 601 601 601 601 602 602 602 602 602 602 602 603 602 602 601 601 602 602 602 602 602 602 602 602 602 602
0 0 0 0 0 0 0 0 0 0 0 0 0 0 0 0 0 0 0 0 0 0 588 584 584 585 585 586 586 586 586 586 586 586 585 584 584 584 585 584 583 583 583 583 583 582 582 582 584 584 583 583 583 583 583 584 584 585 584 584 583 583 584 584 583 583 583 584 584 584 584 584 584 585 585 586 585 584 584 584 585 585 586 585 585 585 586 584 584 584 584 585 586 586 585 585 585 585 585 585 585 586 586 584 584 584 584 584 585 584 584 584 584 584 585 585 585 585 585 586 587 587 585 585 585 585 586 587 587 587 0 0 0 0 0 0 0 0 0 0 0 0 0 0 0 0 0 0 0 0 0 0 0 0 0 0 0 0 0 0 0 0 0 0 0 0 0 0 0 0 0 0 0 0 0 0 0 0 0 0 0 0 0 0 0 0 0 0 0 0 0 0 0 0 0 0 0 0 0 592 591 591 591 590 590 591 590 590 593 592 592 592 592 593 593 592 592 593 593 593 593 594 594 595 594 594 593 593 593 593 593 594 594 594 594 594 594 594 594 594 594 593 593 594 595 594 594 594 594 594 595 595 595 595 595 596 596 596 597 597 597 597 597 596 596 596 597 598 598 598 598 599 599 599 599 600 600 600 600 600 600 601 601 601 600 600 601 601 601 601 601 601 602 602 602 602 602 602 602 604 604 603 603 603 603 603 604 604 603 602 602 602 602 603 604 604 604 603 603 603
0 0 0 0 0 0 0 0 0 0 0 0 0 0 0 0 0 0 0 0 0 0 588 587 587 587 587 587 586 586 586 587 586 586 586 584 584 584 585 584 583 583 583 583 584 582 582 583 584 584 583 583 583 583 585 586 586 585 584 584 583 583 584 584 584 583 583 584 584 584 584 584 584 585 586 586 586 585 585 585 586 586 586 585 585 585 586 585 585 585 585 585 586 586 586 586 586 586 586 586 586 586 586 586 586 586 586 586 587 585 585 585 586 586 586 586 586 0 0 0 587 585 585 585 585 585 586 587 587 587 588 0 0 0 0 0 0 0 0 0 0 0 0 0 0 0 0 0 0 0 0 0 0 0 0 0 0 0 0 0 0 0 0 0 0 0 0 0 0 0 0 0 0 0 0 0 0 0 0 0 0 0 0 0 0 0 0 0 0 0 0 0 0 0 0 0 0 0 0 593 592 592 593 591 591 592 592 592 593 592 592 592 592 593 593 593 593 593 594 594 594 596 596 596 595 595 595 594 594 594 594 596 596 596 595 595 595 595 596 596 596 596 596 596 596 596 596 596 596 596 596 596 596 596 596 597 597 597 598 598 598 597 597 597 597 597 599 599 599 599 599 600 600 600 600 600 601 601 601 601 601 601 601 602 602 602 602 602 602 602 602 602 602 603 603 603 603 603 603 604 604 604 604 604 604 606 606 606 606 604 604 604 604 604 604 604 604 604 603 603
0 0 0 0 0 0 0 0 0 0 0 0 0 0 0 0 0 0 0 0 0 0 588 588 588 588 587 587 587 587 587 587 586 586 587 587 587 589 586 586 585 585 584 584 584 585 585 584 584 584 585 585 585 586 587 587 587 587 586 586 585 585 585 585 586 584 584 585 586 586 586 585 585 587 587 587 588 587 587 586 586 587 587 587 587 587 587 587 587 587 587 587 587 587 586 586 587 587 587 587 586 586 586 586 587 587 587 587 587 587 587 587 587 587 586 586 586 0 0 0 0 585 585 585 585 585 587 587 587 588 588 0 0 0 0 0 0 0 0 0 0 0 0 0 0 0 0 0 0 0 0 0 0 0 0 0 0 0 0 0 0 0 0 0 0 0 0 0 0 0 0 0 0 0 0 0 0 0 0 0 0 0 0 0 0 0 0 0 0 0 0 0 0 0 0 0 0 0 0 596 593 593 594 595 595 595 595 595 596 593 593 594 594 594 594 594 595 595 595 595 595 596 596 596 596 596 595 595 595 595 596 596 596 596 596 596 597 597 596 596 596 596 596 596 596 596 596 596 596 596 596 596 596 597 597 598 598 598 598 599 599 599 598 598 599 600 600 600 600 600 600 601 601 601 601 601 601 601 601 602 602 602 602 602 602 602 602 602 603 603 603 603 604 604 604 604 604 604 604 606 606 604 604 606 606 606 606 606 606 606 606 606 606 606 606 606 604 604 604 604
0 0 0 0 0 0 0 0 0 0 0 0 0 0 0 0 0 0 0 0 0 0 588 588 588 588 587 587 587 587 587 587 587 587 587 587 587 587 587 587 587 586 584 584 585 586 585 584 584 584 585 586 586 587 586 586 586 587 586 586 585 585 585 585 586 586 586 586 586 586 587 587 587 587 587 588 588 588 587 587 588 588 588 587 587 587 588 588 588 588 587 587 587 587 588 588 587 587 588 588 588 587 587 588 588 588 588 588 588 588 589 0 591 0 0 0 0 0 0 0 0 0 0 0 589 588 588 589 589 589 0 0 0 0 0 0 0 0 0 0 0 0 0 0 0 0 0 0 0 0 0 0 0 0 0 0 0 0 0 0 0 0 0 0 0 0 0 0 0 0 0 0 0 0 0 0 0 0 0 0 0 0 0 0 0 0 0 0 0 0 0 0 0 0 0 0 0 0 0 596 594 594 594 595 595 596 596 596 596 593 593 594 594 594 594 594 596 596 596 596 596 596 596 595 595 595 596 596 597 596 596 596 596 596 596 597 597 597 597 597 597 597 597 596 596 596 597 597 597 597 596 596 596 597 598 598 598 599 599 599 600 600 600 600 600 600 600 600 600 600 600 601 601 601 601 601 602 602 602 602 602 602 602 603 604 603 603 604 604 606 606 606 606 606 606 606 606 606 606 606 607 606 606 606 606 607 607 607 607 607 606 606 606 606 606 606 604 604 604 604
0 0 0 0 0 0 0 0 0 0 0 0 0 0 0 0 0 0 0 0 0 0 588 588 588 588 588 588 588 588 588 587 587 587 587 587 587 587 588 588 587 586 585 585 585 586 584 584 584 586 586 587 587 587 586 586 586 587 587 587 587 587 586 586 586 586 586 587 587 587 588 588 588 587 587 588 588 588 588 588 589 589 589 588 588 588 590 588 588 588 587 587 588 588 588 588 588 588 588 589 588 588 588 588 588 588 588 588 588 589 589 591 0 0 0 0 0 0 0 0 0 0 0 0 590 590 590 590 591 0 0 0 0 0 0 0 0 0 0 0 0 0 0 0 0 0 0 0 0 0 0 0 0 0 0 0 0 0 0 0 0 0 0 0 0 0 0 0 0 0 0 0 0 0 0 0 0 0 0 0 0 0 0 0 0 0 0 0 0 0 0 0 0 0 0 0 0 0 0 0 594 594 595 595 595 596 596 596 597 596 596 596 596 597 597 597 597 597 596 596 596 596 596 595 595 595 596 596 597 597 597 597 597 597 597 598 598 598 597 597 597 597 597 597 597 597 597 597 597 597 597 597 597 598 599 599 599 599 599 600 600 600 600 600 600 600 600 600 600 601 601 602 602 602 602 602 602 602 602 602 602 602 603 603 604 604 604 606 606 606 606 607 607 607 606 606 606 606 606 606 608 608 608 607 607 607 607 608 607 607 607 607 607 606 606 606 604 604 606 607
0 0 0 0 0 0 0 0 0 0 0 0 0 0 0 0 0 0 0 0 0 0 588 588 588 589 589 589 588 588 590 590 589 589 589 587 587 588 589 589 589 587 587 586 586 586 584 584 584 586 587 587 587 587 586 586 587 587 588 587 587 587 587 586 586 586 586 587 587 587 588 588 590 588 588 588 589 589 589 589 589 589 589 589 589 590 590 590 589 589 589 589 589 588 588 588 588 588 589 589 589 589 589 589 589 589 588 588 589 589 591 591 591 0 0 0 0 0 0 0 0 0 0 0 0 590 590 591 592 0 0 0 0 0 0 0 0 0 0 0 0 0 0 0 0 0 0 0 0 0 0 0 0 0 0 0 0 0 0 0 0 0 0 0 0 0 0 0 0 0 0 0 0 0 0 0 0 0 0 0 0 0 0 0 0 0 0 0 0 0 0 0 0 0 0 0 0 0 0 0 596 595 595 595 595 596 596 596 597 596 596 597 597 598 596 596 597 597 597 597 597 597 597 596 596 596 597 598 598 597 597 597 597 598 598 599 599 599 599 598 598 598 598 598 597 597 598 598 599 599 600 600 600 599 599 600 600 600 600 600 600 600 600 601 601 601 602 602 601 601 602 602 603 603 602 602 603 603 603 603 603 603 604 604 606 604 604 606 606 607 607 607 607 607 607 607 607 607 607 607 608 608 608 608 608 608 608 608 608 608 607 607 607 607 607 607 606 606 607 608
0 0 0 0 0 0 0 0 0 0 0 0 0 0 0 0 0 0 0 0 0 0 589 589 589 590 590 590 590 590 590 590 590 590 589 588 588 589 590 590 589 587 587 587 587 587 587 586 586 587 587 587 587 587 587 587 587 588 588 588 589 588 588 586 586 586 589 588 588 588 588 590 590 589 588 588 589 589 589 589 589 589 591 591 591 589 589 591 591 591 590 590 590 589 589 589 589 589 590 590 590 590 590 590 590 589 589 589 589 590 591 591 591 591 0 0 0 0 0 0 0 0 0 0 591 590 590 591 592 0 0 0 0 0 0 0 0 0 0 0 0 0 0 0 0 0 0 0 0 0 0 0 0 0 0 0 0 0 0 0 0 0 0 0 0 0 0 0 0 0 0 0 0 0 0 0 0 0 0 0 0 0 0 0 0 0 0 0 0 0 0 0 0 0 0 0 0 0 0 0 596 596 597 598 598 598 597 597 597 596 596 597 597 598 596 596 597 597 598 597 597 598 598 597 597 597 598 598 598 597 597 598 598 598 598 599 599 599 599 599 599 598 598 598 598 598 600 600 600 600 600 600 600 600 600 600 600 600 600 600 600 600 601 601 601 601 602 602 602 602 602 603 603 604 603 603 603 604 604 604 604 604 606 606 606 606 606 606 607 607 607 607 607 607 607 607 608 608 609 609 609 609 609 609 609 608 608 608 608 608 608 608 608 607 607 607 607 607 609 609
0 0 0 0 0 0 0 0 0 0 0 0 0 0 0 0 0 0 0 0 0 0 590 590 590 590 591 591 590 590 590 590 590 590 589 588 588 589 590 590 589 588 588 588 587 587 587 587 587 587 587 587 588 588 588 589 588 588 588 588 589 588 588 588 588 589 589 589 589 589 590 591 591 589 588 588 589 589 590 590 590 591 591 591 591 589 589 591 591 591 591 591 591 590 590 590 589 589 590 590 591 590 590 590 590 590 589 589 590 591 591 591 591 591 0 0 591 591 592 0 0 0 0 0 591 591 592 592 0 0 0 0 0 0 0 0 0 0 0 0 0 0 0 0 0 0 0 0 0 0 0 0 0 0 0 0 0 0 0 0 0 0 0 0 0 0 0 0 0 0 0 0 0 0 0 0 0 0 0 0 0 0 0 0 0 0 0 0 0 0 0 0 0 0 0 0 0 0 0 0 596 596 597 598 598 598 598 598 598 598 598 599 599 599 598 598 599 600 600 600 600 599 599 598 597 597 599 600 600 600 599 599 599 599 599 600 600 600 600 600 600 600 600 600 600 600 601 600 600 601 601 601 601 601 601 601 601 601 601 601 601 601 601 602 602 602 603 603 604 604 604 604 604 606 606 606 606 606 606 606 606 606 607 607 607 607 607 607 607 607 608 608 608 608 608 608 608 609 609 610 610 610 610 610 610 609 609 609 609 610 610 611 609 609 608 608 608 609 609 610
0 0 0 0 0 0 0 0 0 0 0 0 0 0 0 0 0 0 0 0 0 0 591 591 591 591 592 591 591 590 590 590 591 590 590 590 590 590 591 591 591 589 589 588 587 587 590 590 591 593 593 590 589 589 590 590 590 590 590 589 589 588 588 588 588 589 589 589 589 590 590 592 592 590 590 590 591 591 590 590 590 591 591 591 592 591 591 592 592 592 591 591 591 590 590 591 591 591 591 591 591 591 591 591 591 591 591 591 592 592 592 592 592 592 592 592 591 591 591 592 0 0 592 592 591 591 591 592 0 0 0 0 0 0 0 0 0 0 0 0 0 0 0 0 0 0 0 0 0 0 0 0 0 0 0 0 0 0 0 0 0 0 0 0 0 0 0 0 0 0 0 0 0 0 0 0 0 0 0 0 0 0 0 0 0 0 0 0 0 0 0 0 0 0 0 0 0 0 0 0 597 597 598 598 598 598 598 598 598 599 599 599 599 599 599 599 599 600 600 600 600 600 599 599 598 598 599 600 600 600 601 601 600 600 600 600 600 601 601 601 600 600 600 601 601 601 601 601 601 601 601 602 601 601 601 601 601 601 601 602 602 602 603 603 603 604 604 604 604 604 604 606 606 607 607 607 607 607 607 607 607 607 607 607 607 607 607 608 608 608 608 608 608 608 608 608 609 610 610 610 610 610 610 610 610 610 610 610 610 611 611 612 611 610 609 609 609 609 610 610
0 0 0 0 0 0 0 0 0 0 0 0 0 0 0 0 0 0 0 0 0 0 591 591 592 592 593 592 592 590 590 590 591 590 590 590 591 591 592 591 591 590 590 590 590 590 589 589 589 590 590 590 590 590 590 590 590 590 590 589 589 590 590 591 591 591 591 591 590 590 591 593 593 590 590 590 591 591 590 590 590 592 593 593 593 592 592 593 593 593 592 592 592 591 591 591 591 591 592 591 591 592 591 591 591 591 593 593 592 592 592 592 592 592 592 592 592 591 591 592 0 593 592 592 591 591 591 592 594 0 0 0 0 0 0 0 0 0 0 0 0 0 0 0 0 0 0 0 0 0 0 0 0 0 0 0 0 0 0 0 0 0 0 0 0 0 0 0 0 0 0 0 0 0 0 0 0 0 0 0 0 0 0 0 0 0 0 0 0 0 0 0 0 0 0 0 0 0 0 0 0 599 599 599 600 600 599 599 600 599 599 599 599 600 599 599 600 600 600 600 600 600 600 600 600 600 600 600 600 601 601 601 600 600 600 600 600 601 601 601 601 602 602 601 601 601 602 602 602 602 602 602 602 602 602 602 602 602 602 603 603 603 603 604 604 604 604 604 606 606 606 607 607 607 607 607 607 607 607 607 607 608 607 607 608 608 609 609 610 610 609 609 609 609 610 610 610 610 610 611 611 611 611 611 611 611 611 611 612 612 612 613 612 611 610 610 610 610 610 611
0 0 0 0 0 0 0 0 0 0 0 0 0 0 0 0 0 0 0 0 0 0 592 592 593 593 593 592 592 591 591 591 591 591 591 591 591 591 593 593 591 590 590 591 590 590 589 589 589 590 590 592 592 592 592 592 592 591 591 589 589 590 591 592 592 592 591 591 591 591 592 593 593 591 591 591 594 594 591 591 592 593 594 593 593 592 592 593 593 594 594 593 592 591 591 592 592 592 592 592 592 592 593 593 593 593 593 593 593 593 593 592 592 592 592 594 592 592 592 592 593 593 593 593 593 592 592 594 594 0 0 0 0 0 0 0 0 0 0 0 0 0 0 0 0 0 0 0 0 0 0 0 0 0 0 0 0 0 0 0 0 0 0 0 0 0 0 0 0 0 0 0 0 0 0 0 0 0 0 0 0 0 0 0 0 0 0 0 0 0 0 0 0 0 0 0 0 0 0 0 0 601 600 600 600 600 599 599 600 600 600 599 599 600 600 600 600 600 600 600 600 600 601 601 601 601 601 601 601 601 601 601 600 600 600 600 600 601 603 602 602 602 602 602 602 602 603 603 603 603 603 603 602 602 602 602 602 603 603 603 603 603 604 604 604 604 604 604 606 606 606 607 607 607 607 608 608 609 609 608 608 609 608 608 608 609 610 610 610 610 610 610 610 610 610 610 610 610 611 611 611 611 612 612 612 611 611 611 612 612 613 613 613 613 611 611 611 611 611 613
0 0 0 0 0 0 0 0 0 0 0 0 0 0 0 0 0 0 0 0 0 0 593 593 594 593 593 592 592 593 593 593 594 594 591 591 592 592 593 593 593 591 591 591 592 592 593 590 590 590 590 592 592 592 592 592 592 593 592 591 590 590 591 593 593 594 594 594 591 591 593 593 594 591 591 593 593 595 594 593 593 595 594 594 595 594 594 594 594 594 594 594 592 591 591 592 592 593 593 593 593 593 593 593 593 593 593 593 593 593 593 592 592 593 593 594 594 594 594 594 594 595 594 593 593 592 592 594 0 0 0 0 0 0 0 0 0 0 0 0 0 0 0 0 0 0 0 0 0 0 0 0 0 0 0 0 0 0 0 0 0 0 0 0 0 0 0 0 0 0 0 0 0 0 0 0 0 0 0 0 0 0 0 0 0 0 0 0 0 0 0 0 0 0 0 0 0 0 0 0 0 601 601 600 600 600 600 600 601 600 600 600 600 600 601 601 601 601 601 600 600 600 601 602 601 601 603 603 603 603 601 601 603 600 600 603 602 602 603 603 603 602 602 602 602 602 603 603 603 603 603 603 602 602 602 602 603 603 603 603 603 603 604 604 604 604 604 606 606 606 607 608 607 607 607 610 610 610 610 609 609 609 609 609 610 610 610 610 610 610 610 611 611 611 611 611 611 611 611 612 612 612 614 614 614 612 612 614 612 612 613 613 614 614 613 612 612 613 613 614
0 0 0 0 0 0 0 0 0 0 0 0 0 0 0 0 0 0 0 0 0 0 594 594 594 594 594 594 594 594 594 595 594 594 593 593 593 593 594 594 593 591 591 592 593 593 594 593 593 591 591 593 593 592 592 593 593 593 593 593 593 593 594 594 594 594 594 594 593 593 593 593 595 592 592 593 593 595 595 595 596 595 595 595 595 595 594 594 594 594 594 595 595 593 593 593 593 594 594 594 594 594 594 594 595 595 595 595 594 593 593 592 592 592 592 597 595 595 594 594 593 593 594 594 594 594 594 0 0 0 0 0 0 0 0 0 0 0 0 0 0 0 0 0 0 0 0 0 0 0 0 0 0 0 0 0 0 0 0 0 0 0 0 0 0 0 0 0 0 0 0 0 0 0 0 0 0 0 0 0 0 0 0 0 0 0 0 0 0 0 0 0 0 0 0 0 0 0 0 0 0 601 601 602 602 601 601 601 602 602 601 600 600 600 601 601 602 602 601 601 600 600 602 603 602 602 603 603 603 603 603 603 603 604 603 603 602 602 603 604 604 604 604 604 604 604 604 604 604 604 604 603 603 603 603 603 604 604 604 604 604 604 604 604 604 606 606 606 608 608 608 608 608 609 610 610 610 610 610 610 610 610 610 610 610 611 611 611 611 611 611 611 612 612 612 612 612 612 612 612 612 613 614 614 614 612 612 614 614 614 614 614 614 614 614 613 613 614 614 614
0 0 0 0 0 0 0 0 0 0 0 0 0 0 0 0 0 0 0 0 0 0 595 594 594 594 594 594 595 595 595 595 595 594 594 592 592 593 594 594 593 592 592 593 594 594 594 593 593 592 592 593 594 594 594 594 594 594 594 593 593 593 594 594 594 594 594 594 594 594 594 594 595 595 595 595 595 595 595 595 597 597 596 595 595 595 595 595 594 594 596 596 596 595 595 594 594 595 595 594 594 595 595 595 595 595 595 595 594 594 595 595 595 595 597 0 0 595 595 595 593 593 594 595 0 0 0 0 0 0 0 0 0 0 0 0 0 0 0 0 0 0 0 0 0 0 0 0 0 0 0 0 0 0 0 0 0 0 0 0 0 0 0 0 0 0 0 0 0 0 0 0 0 0 0 0 0 0 0 0 0 0 0 0 0 0 0 0 0 0 0 0 0 0 0 0 0 0 0 0 0 602 602 602 602 601 601 601 602 602 602 602 601 601 602 602 602 602 602 601 601 601 603 603 603 603 603 603 604 604 604 606 606 606 604 604 604 604 604 604 604 604 606 606 606 604 604 604 604 604 606 604 604 604 604 604 606 606 606 606 606 606 606 606 606 606 606 608 608 608 609 609 610 610 610 610 610 610 610 610 610 610 611 611 612 612 611 611 611 612 612 612 612 612 612 612 612 614 613 613 614 614 614 614 614 614 614 614 614 614 614 614 614 614 614 614 614 614 614 614
0 0 0 0 0 0 0 0 0 0 0 0 0 0 0 0 0 0 0 0 0 0 596 594 594 595 595 595 595 595 596 596 596 595 595 592 592 594 594 594 593 593 594 594 594 594 594 593 593 592 592 593 594 594 595 594 594 594 594 593 593 593 594 595 595 595 594 594 594 594 595 595 595 596 596 596 595 595 596 596 597 597 596 596 596 596 595 595 594 594 597 597 597 596 596 596 596 596 596 595 595 595 595 595 595 595 595 595 596 596 596 595 595 597 597 597 0 595 595 595 594 594 595 0 0 0 0 0 0 0 0 0 0 0 0 0 0 0 0 0 0 0 0 0 0 0 0 0 0 0 0 0 0 0 0 0 0 0 0 0 0 0 0 0 0 0 0 0 0 0 0 0 0 0 0 0 0 0 0 0 0 0 0 0 0 0 0 0 0 0 0 0 0 0 0 0 0 0 0 0 0 0 602 602 602 601 601 602 602 602 603 603 602 602 603 603 603 604 604 603 603 603 603 604 603 603 604 604 604 606 606 606 606 606 604 604 606 606 606 606 606 606 606 606 607 606 606 606 606 606 606 606 606 606 606 606 606 606 607 607 606 606 606 606 606 607 607 609 609 609 609 610 610 611 611 611 611 610 610 611 611 611 611 612 613 612 612 612 612 612 613 613 613 613 614 614 614 615 615 615 615 615 615 615 615 615 615 615 615 615 615 615 615 615 615 615 615 615 615 615
0 0 0 0 0 0 0 0 0 0 0 0 0 0 0 0 0 0 0 0 0 0 596 594 594 596 595 595 595 595 595 596 595 595 595 594 594 594 594 595 595 595 595 595 595 595 595 595 595 593 593 594 595 596 597 596 595 594 594 594 594 594 595 595 595 595 595 595 595 595 595 595 595 596 596 598 595 595 596 596 597 597 597 596 596 596 595 595 596 596 597 597 597 597 596 596 596 596 596 596 596 596 597 596 596 596 596 596 596 597 597 596 596 597 597 597 598 596 596 596 595 595 595 0 0 0 0 0 0 0 0 0 0 0 0 0 0 0 0 0 0 0 0 0 0 0 0 0 0 0 0 0 0 0 0 0 0 0 0 0 0 0 0 0 0 0 0 0 0 0 0 0 0 0 0 0 0 0 0 0 0 0 0 0 0 0 0 0 0 0 0 0 0 0 0 0 0 0 0 0 0 0 602 602 602 602 602 603 603 603 603 603 604 604 604 604 604 606 606 604 604 604 604 604 606 604 604 606 606 606 607 607 607 607 606 606 606 607 607 607 607 607 607 607 607 607 608 608 607 607 607 607 607 607 607 607 607 607 609 608 607 607 607 606 606 609 609 609 609 609 610 610 611 611 611 611 611 611 611 611 612 613 613 614 614 613 613 613 613 613 614 614 614 614 614 614 615 615 615 615 615 615 616 616 618 616 616 615 615 615 615 615 615 615 616 616 615 615 615 615
0 0 0 0 0 0 0 0 0 0 0 0 0 0 0 0 0 0 0 0 0 0 596 595 595 595 595 595 595 595 595 596 595 595 596 595 595 595 595 596 595 595 595 595 596 596 596 596 596 594 594 595 596 596 597 596 595 595 593 593 594 594 595 595 595 596 596 596 596 596 597 596 596 596 597 598 598 596 596 596 597 597 597 597 596 596 597 596 596 596 597 597 597 597 597 597 597 597 597 597 597 597 598 597 597 596 596 596 596 597 597 597 598 597 597 597 598 598 597 596 596 596 596 597 0 0 0 0 0 0 0 0 0 0 0 0 0 0 0 0 0 0 0 0 0 0 0 0 0 0 0 0 0 0 0 0 0 0 0 0 0 0 0 0 0 0 0 0 0 0 0 0 0 0 0 0 0 0 0 0 0 0 0 0 0 0 0 0 0 0 0 0 0 0 0 0 0 0 0 0 0 0 0 602 602 602 602 603 603 604 604 604 604 604 606 606 606 607 607 606 606 606 606 606 606 606 606 606 606 607 607 608 608 608 607 607 607 608 608 608 608 607 607 608 608 608 608 608 608 608 608 608 608 607 607 607 608 608 609 608 608 607 607 608 609 610 610 610 610 610 610 612 612 612 612 612 612 612 612 612 612 613 614 614 614 614 614 614 614 614 614 615 615 615 615 615 615 616 616 616 616 616 618 619 620 619 619 616 616 616 616 618 618 618 618 618 616 616 616 616
0 0 0 0 0 0 0 0 0 0 0 0 0 0 0 0 0 0 0 0 0 0 597 596 596 595 595 596 596 596 596 597 596 596 597 597 597 597 596 596 595 595 596 596 596 596 596 597 597 597 597 597 597 597 597 597 595 595 593 593 594 596 596 596 596 596 596 597 596 596 597 597 597 598 598 598 598 596 596 597 598 597 597 597 596 596 597 597 597 597 598 598 598 597 596 596 597 597 597 598 598 598 599 598 597 597 597 597 598 598 598 598 598 598 598 599 599 598 597 597 597 596 596 597 598 0 0 0 0 0 0 0 0 0 0 0 0 0 0 0 0 0 0 0 0 0 0 0 0 0 0 0 0 0 0 0 0 0 0 0 0 0 0 0 0 0 0 0 0 0 0 0 0 0 0 0 0 0 0 0 0 0 0 0 0 0 0 0 0 0 0 0 0 0 0 0 0 0 0 0 0 0 0 606 604 604 604 603 603 604 604 604 606 606 607 607 607 607 607 607 606 606 607 607 608 607 606 606 606 607 608 609 609 608 607 607 607 608 608 608 608 608 608 608 608 609 609 609 609 609 609 609 609 609 609 609 610 610 610 610 610 609 609 609 610 611 612 612 612 612 612 614 614 614 614 614 614 614 614 614 615 615 615 615 615 615 615 615 615 615 615 616 616 618 618 618 619 619 619 619 619 619 620 620 620 620 619 616 616 618 618 618 619 619 620 619 619 619 618 618
0 0 0 0 0 0 0 0 0 0 0 0 0 0 0 0 0 0 0 0 0 0 599 599 599 597 597 596 596 596 596 597 596 596 598 598 598 597 597 596 596 596 596 596 596 596 596 597 597 598 598 597 597 597 597 598 596 596 595 594 594 596 597 597 597 596 596 597 598 598 598 598 598 598 598 598 598 597 597 599 599 599 598 598 599 599 599 598 598 598 598 598 598 597 596 596 597 597 597 598 598 598 599 599 598 598 598 600 599 599 599 599 598 598 598 599 599 599 599 599 598 597 597 597 598 0 0 0 0 0 0 0 0 0 0 0 0 0 0 0 0 0 0 0 0 0 0 0 0 0 0 0 0 0 0 0 0 0 0 0 0 0 0 0 0 0 0 0 0 0 0 0 0 0 0 0 0 0 0 0 0 0 0 0 0 0 0 0 0 0 0 0 0 0 0 0 0 0 0 0 0 603 603 604 606 607 607 607 607 607 607 607 607 608 609 609 609 608 608 608 608 608 608 608 609 608 608 608 608 608 609 609 609 609 609 609 609 609 609 609 609 609 609 609 609 609 609 610 610 610 610 610 610 610 610 610 611 611 611 611 611 611 610 610 610 611 613 613 613 613 613 614 614 614 614 614 615 615 615 615 615 616 616 616 616 616 616 616 616 616 618 618 618 618 618 619 619 620 619 619 620 620 620 621 620 620 619 618 618 619 619 619 620 620 620 619 619 619 619 619
0 0 0 0 0 0 0 0 0 0 0 0 0 0 0 0 0 0 0 0 0 0 600 599 599 599 598 598 598 598 598 598 598 598 598 598 598 598 598 598 598 597 597 597 597 598 598 598 598 598 598 598 598 598 598 599 599 598 597 596 596 597 597 599 599 599 599 598 598 599 600 600 600 600 599 599 600 600 601 601 600 600 600 600 600 599 599 599 599 599 600 600 600 598 598 598 598 598 598 599 599 599 600 600 599 599 600 600 600 600 600 600 0 600 600 600 600 600 600 0 0 0 0 0 0 0 0 0 0 0 0 0 0 0 0 0 0 0 0 0 0 0 0 0 0 0 0 0 0 0 0 0 0 0 0 0 0 0 0 0 0 0 0 0 0 0 0 0 0 0 0 0 0 0 0 0 0 0 0 0 0 0 0 0 0 0 0 0 0 0 0 0 0 0 0 0 0 0 0 0 0 603 603 604 606 607 607 609 609 609 608 608 609 609 609 609 609 608 608 608 608 609 609 609 609 609 609 609 608 608 609 610 610 610 610 610 610 610 609 609 610 610 610 609 609 610 610 610 610 610 610 610 610 610 610 611 611 611 612 612 612 611 611 611 613 613 613 613 613 613 613 615 615 615 615 615 615 615 615 616 616 618 618 618 618 616 616 618 618 618 619 619 619 619 619 619 619 620 620 620 620 621 621 622 620 620 620 620 620 620 620 620 620 620 620 620 620 620 620 620
0 0 0 0 0 0 0 0 0 0 0 0 0 0 0 0 0 0 0 0 0 0 601 600 599 599 599 599 599 598 598 598 599 599 599 599 598 598 598 598 599 598 598 598 598 599 599 599 598 598 599 599 599 599 599 599 599 598 598 598 598 598 599 600 600 600 600 600 600 601 600 600 600 602 602 601 601 601 602 602 602 601 601 601 601 600 599 599 599 599 600 600 600 600 600 600 600 600 600 600 600 601 601 601 600 600 600 600 600 600 600 0 0 0 600 600 600 600 600 0 0 0 0 0 0 0 0 0 0 0 0 0 0 0 0 0 0 0 0 0 0 0 0 0 0 0 0 0 0 0 0 0 0 0 0 0 0 0 0 0 0 0 0 0 0 0 0 0 0 0 0 0 0 0 0 0 0 0 0 0 0 0 0 0 0 0 0 0 0 0 0 0 0 0 0 0 0 0 0 0 0 603 603 604 606 607 607 609 610 611 610 609 609 609 609 609 609 608 608 608 608 609 610 609 609 609 609 609 609 609 610 611 611 610 610 610 610 610 610 610 610 610 610 610 610 610 610 610 611 611 611 610 610 610 611 611 611 612 612 612 612 612 612 612 613 613 613 613 613 614 614 615 615 615 615 615 616 616 616 616 616 618 619 618 618 618 618 619 619 619 620 619 619 619 619 620 620 620 620 620 620 621 622 622 622 622 621 621 621 621 622 622 621 621 620 620 620 620 620 620
0 0 0 0 0 0 0 0 0 0 0 0 0 0 0 0 0 0 0 0 0 0 601 600 600 599 599 599 599 598 598 598 599 599 599 599 599 599 599 599 600 599 599 599 599 599 600 600 600 600 600 600 600 599 599 600 599 599 599 599 599 599 600 600 600 600 600 601 601 601 600 600 601 602 602 602 602 602 603 603 603 602 601 601 601 600 600 600 600 600 601 601 601 601 601 601 601 600 600 601 601 601 601 601 601 601 601 600 600 0 0 0 0 0 0 0 0 0 0 0 0 0 0 0 0 0 0 0 0 0 0 0 0 0 0 0 0 0 0 0 0 0 0 0 0 0 0 0 0 0 0 0 0 0 0 0 0 0 0 0 0 0 0 0 0 0 0 0 0 0 0 0 0 0 0 0 0 0 0 0 0 0 0 0 0 0 0 0 0 0 0 0 0 0 0 0 0 0 0 0 0 0 0 610 610 610 610 610 611 611 611 610 609 609 609 609 609 609 609 609 609 610 611 610 610 611 612 610 610 610 611 612 611 611 611 610 610 611 611 611 611 611 611 611 611 611 611 611 612 611 611 611 611 611 611 612 612 612 613 613 613 613 613 613 613 614 614 614 614 614 615 616 616 616 618 618 618 616 616 616 616 618 619 619 619 619 619 620 620 620 620 620 620 620 620 620 621 621 622 622 622 622 622 622 622 622 622 622 623 623 623 623 623 622 622 620 620 622 623 622
0 0 0 0 0 0 0 0 0 0 0 0 0 0 0 0 0 0 0 0 0 0 602 601 601 599 599 599 599 599 600 600 600 600 601 600 600 599 599 600 601 601 601 599 599 600 600 600 600 601 601 601 600 600 600 600 600 600 600 601 601 601 601 601 601 600 600 601 601 601 601 601 602 603 603 603 603 603 603 603 604 602 602 602 601 601 600 600 600 601 601 602 602 602 602 602 602 601 601 601 601 602 602 602 602 601 601 601 0 0 0 0 0 0 0 0 0 0 0 0 0 0 0 0 0 0 0 0 0 0 0 0 0 0 0 0 0 0 0 0 0 0 0 0 0 0 0 0 0 0 0 0 0 0 0 0 0 0 0 0 0 0 0 0 0 0 0 0 0 0 0 0 0 0 0 0 0 0 0 0 0 0 0 0 0 0 0 0 0 0 0 0 0 0 0 0 0 0 0 0 0 0 0 0 0 611 611 611 611 611 611 610 609 609 610 610 610 610 610 610 610 611 611 611 611 612 612 612 612 612 613 612 612 612 611 610 610 612 612 613 612 612 612 611 611 611 611 611 612 613 612 612 612 612 612 613 613 613 613 613 613 613 613 613 613 614 614 614 614 614 616 618 618 618 618 618 619 618 618 618 618 619 619 619 620 620 620 620 620 620 620 620 620 621 621 621 621 621 622 623 622 622 623 623 623 623 623 623 624 624 624 623 623 623 623 622 622 623 623 623
0 0 0 0 0 0 0 0 0 0 0 0 0 0 0 0 0 0 0 0 0 0 602 602 602 601 600 600 601 601 601 602 602 601 601 601 600 599 599 600 602 602 601 601 601 601 601 601 601 601 602 602 602 602 601 601 600 600 601 601 602 602 602 602 602 602 602 601 601 601 601 601 602 603 603 604 603 603 604 604 604 604 603 603 602 602 601 601 602 602 602 602 602 602 602 602 603 603 603 602 602 602 602 602 602 602 602 603 603 0 0 0 0 0 0 0 0 0 0 0 0 0 0 0 0 0 0 0 0 0 0 0 0 0 0 0 0 0 0 0 0 0 0 0 0 0 0 0 0 0 0 0 0 0 0 0 0 0 0 0 0 0 0 0 0 0 0 0 0 0 0 0 0 0 0 0 0 0 0 0 0 0 0 0 0 0 0 0 0 0 0 0 0 0 0 0 0 0 0 0 0 0 0 0 613 611 611 611 611 612 612 611 610 610 610 611 612 612 611 610 610 612 612 612 612 612 613 613 613 613 613 612 612 612 612 612 612 613 613 613 613 613 613 612 611 611 612 612 613 613 614 613 613 613 613 613 613 613 613 613 613 613 613 613 614 614 614 614 615 615 618 619 619 619 619 619 619 619 619 619 619 619 620 620 620 620 620 621 621 621 621 621 621 621 621 622 622 623 623 623 623 623 623 624 624 624 624 625 625 625 624 623 623 624 624 622 622 623 624 624
0 0 0 0 0 0 0 0 0 0 0 0 0 0 0 0 0 0 0 0 0 0 603 603 603 603 601 601 601 601 602 602 602 601 601 601 601 601 601 602 602 603 602 602 601 601 601 601 601 602 602 602 602 602 601 601 600 600 601 602 602 603 601 601 602 602 602 602 601 601 602 602 603 603 603 603 603 603 604 604 604 604 604 607 603 603 602 602 603 603 603 603 602 602 602 602 603 603 603 603 603 603 602 602 602 603 603 603 603 0 0 0 0 0 0 0 0 0 0 0 0 0 0 0 0 0 0 0 0 0 0 0 0 0 0 0 0 0 0 0 0 0 0 0 0 0 0 0 0 0 0 0 0 0 0 0 0 0 0 0 0 0 0 0 0 0 0 0 0 0 0 0 0 0 0 0 0 0 0 0 0 0 0 0 0 0 0 0 0 0 0 0 0 0 0 0 0 0 0 0 0 0 611 611 613 613 611 611 611 612 611 611 611 611 611 612 612 612 612 611 611 612 612 612 613 613 613 613 613 613 613 613 613 613 613 613 613 613 614 614 614 614 613 613 613 613 613 613 614 614 615 614 614 614 614 614 614 614 614 614 614 614 614 614 615 616 616 616 618 618 619 620 620 619 619 620 620 620 620 619 619 620 620 621 621 621 621 621 622 622 622 622 622 623 623 623 623 624 624 624 624 624 624 624 624 624 625 627 627 627 625 624 624 624 624 623 623 623 624 624
0 0 0 0 0 0 0 0 0 0 0 0 0 0 0 0 0 0 0 0 0 0 603 603 603 603 603 603 603 603 603 603 602 602 602 602 602 602 602 602 603 603 603 603 602 602 601 601 602 602 602 602 601 601 601 601 601 601 602 604 604 602 601 601 602 602 603 603 602 602 603 603 604 604 604 603 603 604 604 604 606 606 607 607 606 604 604 604 606 606 604 603 603 603 604 604 604 604 604 603 603 604 603 603 604 604 604 604 604 604 604 0 0 0 0 0 0 0 0 0 0 0 0 0 0 0 0 0 0 0 0 0 0 0 0 0 0 0 0 0 0 0 0 0 0 0 0 0 0 0 0 0 0 0 0 0 0 0 0 0 0 0 0 0 0 0 0 0 0 0 0 0 0 0 0 0 0 0 0 0 0 0 0 0 0 0 0 0 0 0 0 0 0 0 0 0 0 0 0 0 0 612 611 611 613 613 612 612 612 612 611 611 611 611 611 612 612 612 613 613 613 613 613 613 613 613 613 614 613 613 613 613 613 614 614 614 613 613 614 614 614 614 614 614 614 614 614 614 614 615 615 616 616 616 615 615 616 616 616 616 615 615 615 615 616 616 616 616 618 619 619 620 620 620 620 620 621 621 621 621 621 621 621 621 621 622 622 622 622 622 622 623 623 623 624 624 624 624 624 624 625 625 625 625 625 625 627 627 628 627 627 625 624 624 624 624 624 624 625 625
0 0 0 0 0 0 0 0 0 0 0 0 0 0 0 0 0 0 0 0 0 0 604 604 604 603 603 603 604 604 604 604 603 603 603 603 603 603 603 603 603 603 603 604 603 603 603 602 602 603 603 603 601 601 603 603 603 602 602 606 604 602 602 602 602 602 604 603 603 604 604 604 606 606 606 604 604 604 604 607 607 607 607 606 606 606 604 604 607 607 606 604 603 603 604 604 604 604 604 604 604 604 604 604 604 606 606 606 607 604 604 0 0 0 0 0 0 0 0 0 0 0 0 0 0 0 0 0 0 0 0 0 0 0 0 0 0 0 0 0 0 0 0 0 0 0 0 0 0 0 0 0 0 0 0 0 0 0 0 0 0 0 0 0 0 0 0 0 0 0 0 0 0 0 0 0 0 0 0 0 0 0 0 0 0 0 0 0 0 0 0 0 0 0 0 0 0 0 0 612 612 612 612 613 614 614 613 613 613 613 613 612 612 611 611 612 613 613 613 613 614 614 614 614 612 612 614 614 614 613 613 613 613 614 614 614 614 614 614 614 615 615 614 614 614 614 614 614 614 615 616 616 616 616 616 616 618 618 618 618 618 618 618 618 618 618 618 618 619 619 619 620 620 620 620 620 621 622 622 622 622 623 623 622 622 623 623 623 623 623 624 624 624 624 624 624 624 624 625 625 625 627 625 625 627 627 628 628 628 628 627 625 625 625 625 625 625 627 628 628
0 0 0 0 0 0 0 0 0 0 0 0 0 0 0 0 0 0 0 0 0 0 606 604 604 603 603 603 606 606 606 604 604 604 603 603 603 603 603 604 604 606 606 604 603 603 603 603 603 603 603 606 603 603 604 603 603 604 604 607 606 606 603 603 602 602 604 604 604 606 606 606 606 606 606 606 606 606 606 608 608 608 607 606 606 606 607 608 608 608 608 606 604 604 606 607 606 604 604 604 604 604 604 604 606 606 607 607 607 607 607 0 0 0 0 0 0 0 0 0 0 0 0 0 0 0 0 0 0 0 0 0 0 0 0 0 0 0 0 0 0 0 0 0 0 0 0 0 0 0 0 0 0 0 0 0 0 0 0 0 0 0 0 0 0 0 0 0 0 0 0 0 0 0 0 0 0 0 0 0 0 0 0 0 0 0 0 0 0 0 0 0 0 0 0 0 0 0 0 611 611 612 613 613 614 614 615 615 616 616 618 613 613 612 612 613 613 613 613 613 614 614 614 614 612 612 614 614 614 614 614 615 615 614 614 614 614 614 615 616 616 616 615 615 614 614 616 615 615 616 616 618 618 618 618 618 618 619 619 619 619 619 619 619 619 619 619 619 619 619 619 621 621 621 621 622 622 623 623 623 623 623 623 623 623 623 624 624 624 624 624 624 625 625 627 627 625 625 627 627 627 628 628 628 628 629 628 628 628 628 628 628 627 627 627 625 625 628 628 628
0 0 0 0 0 0 0 0 0 0 0 0 0 0 0 0 0 0 0 0 0 0 607 606 606 606 606 606 607 607 607 606 606 606 606 606 606 603 603 606 606 606 606 606 606 604 603 603 603 603 606 606 606 604 604 604 604 606 607 607 607 607 607 604 604 604 607 604 604 606 606 608 608 608 606 606 607 608 608 608 608 608 607 607 607 608 608 608 607 607 608 607 606 606 607 607 606 606 606 606 606 607 606 606 607 607 607 607 608 608 608 0 0 0 0 0 0 0 0 0 0 0 0 0 0 0 0 0 0 0 0 0 0 0 0 0 0 0 0 0 0 0 0 0 0 0 0 0 0 0 0 0 0 0 0 0 0 0 0 0 0 0 0 0 0 0 0 0 0 0 0 0 0 0 0 0 0 0 0 0 0 0 0 0 0 0 0 0 0 0 0 0 0 0 0 0 0 0 0 611 611 612 613 614 614 614 614 614 616 616 618 618 614 613 613 614 614 615 615 615 615 616 616 616 613 613 614 614 615 615 616 616 616 614 614 618 618 618 618 618 616 616 615 615 614 614 616 616 616 618 618 618 619 619 619 619 619 619 619 619 619 619 620 620 620 620 620 620 620 619 619 621 622 622 622 623 623 623 623 624 624 623 623 623 624 624 624 625 625 624 624 625 625 625 627 627 627 627 627 628 628 628 628 628 629 629 628 628 628 628 628 628 628 628 628 627 627 628 628 629
0 0 0 0 0 0 0 0 0 0 0 0 0 0 0 0 0 0 0 0 0 0 608 608 607 607 606 606 607 607 607 607 606 606 606 606 606 606 606 606 606 607 607 607 606 606 604 604 604 604 606 606 606 607 607 606 606 606 607 608 608 607 604 604 604 606 607 606 606 606 607 608 608 609 608 608 608 608 608 608 608 608 608 608 608 608 608 608 607 607 608 608 608 608 608 608 607 606 606 607 608 608 608 608 608 608 607 607 608 608 608 0 0 0 0 0 0 0 0 0 0 0 609 609 0 0 0 0 0 0 0 0 0 0 0 0 0 0 0 0 0 0 0 0 0 0 0 0 0 0 0 0 0 0 0 0 0 0 0 0 0 0 0 0 0 0 0 0 0 0 0 0 0 0 0 0 0 0 0 0 0 0 0 0 0 0 0 0 0 0 0 0 0 0 0 0 0 0 0 611 611 612 613 614 614 614 614 614 616 619 619 616 616 616 616 616 618 618 616 616 616 616 616 616 613 613 614 614 615 616 618 618 618 616 616 619 619 618 618 618 618 618 618 618 616 616 618 618 618 619 618 618 619 619 619 619 620 620 620 620 620 620 620 620 620 621 621 621 621 621 621 623 623 623 623 623 623 623 624 624 624 624 624 624 624 625 625 625 625 625 625 627 627 627 628 628 628 628 628 628 628 628 628 629 629 629 629 629 629 629 629 629 629 628 628 628 628 628 629 629
0 0 0 0 0 0 0 0 0 0 0 0 0 0 0 0 0 0 0 0 0 0 608 608 607 607 606 606 607 607 607 607 607 607 607 607 607 607 607 607 607 607 607 607 606 606 606 606 606 606 607 607 607 607 607 606 606 607 608 609 609 604 604 604 606 606 608 608 608 608 608 608 608 610 608 608 609 609 609 608 608 608 608 608 609 609 610 609 608 608 608 608 609 609 608 608 608 608 608 608 609 609 609 609 609 609 608 608 608 608 609 0 0 0 0 0 0 0 0 0 0 609 609 609 0 0 0 0 0 0 0 0 0 0 0 0 0 0 0 0 0 0 0 0 0 0 0 0 0 0 0 0 0 0 0 0 0 0 0 0 0 0 0 0 0 0 0 0 0 0 0 0 0 0 0 0 0 0 0 0 0 0 0 0 0 0 0 0 0 0 0 0 0 0 0 0 0 0 0 612 612 613 614 615 616 616 616 616 618 619 619 616 616 616 616 616 618 618 618 618 618 618 618 618 615 615 615 615 618 618 619 619 619 619 619 619 620 619 619 618 618 619 619 619 619 619 618 618 618 619 619 619 619 620 620 620 620 620 620 620 620 621 621 620 620 621 621 621 621 621 622 623 623 624 624 624 624 624 624 625 625 625 625 625 625 627 627 627 627 627 627 628 628 628 628 628 628 628 628 629 629 629 629 629 630 630 630 629 629 630 630 630 629 629 629 628 628 628 629 629
0 0 0 0 0 0 0 0 0 0 0 0 0 0 0 0 0 0 0 0 0 0 609 609 608 608 608 608 608 607 607 608 608 608 608 608 608 607 607 607 607 607 607 608 607 607 608 608 608 608 609 608 608 608 607 607 607 607 608 608 608 604 604 606 607 607 609 609 608 608 608 609 610 610 609 609 609 609 609 608 608 609 609 609 609 609 610 609 608 608 608 608 608 608 608 608 608 609 609 609 609 610 610 610 610 610 610 609 609 609 611 0 0 0 0 0 0 610 610 610 609 609 609 609 0 0 0 0 0 0 0 0 0 0 0 0 0 0 0 0 0 0 0 0 0 0 0 0 0 0 0 0 0 0 0 0 0 0 0 0 0 0 0 0 0 0 0 0 0 0 0 0 0 0 0 0 0 0 0 0 0 0 0 0 0 0 0 0 0 0 0 0 0 0 0 0 0 0 0 612 612 613 614 616 616 616 616 616 619 619 619 616 616 618 618 618 619 619 619 618 618 619 619 619 618 616 616 616 618 619 620 620 619 619 619 619 620 619 619 618 618 619 620 620 619 619 618 618 619 619 619 619 620 620 620 621 621 621 621 621 621 622 622 621 621 622 622 622 622 622 622 624 624 624 625 625 625 625 625 627 627 627 627 627 627 627 627 628 628 628 628 628 628 629 628 628 629 629 629 629 629 630 630 630 631 631 630 629 629 631 631 631 630 630 630 629 629 629 629 629
0 0 0 0 0 0 0 0 0 0 0 0 0 0 0 0 0 0 0 0 0 0 610 610 608 608 608 608 608 608 608 608 608 608 608 608 608 608 608 608 608 608 608 608 608 608 608 609 609 609 609 609 609 609 608 608 607 607 608 608 608 607 607 607 607 607 609 609 608 608 609 611 611 610 609 609 610 610 610 609 609 609 609 610 610 610 611 610 609 609 609 609 608 608 608 608 608 609 609 609 610 610 610 610 610 610 610 609 609 611 611 0 0 0 0 0 0 610 610 610 609 609 609 613 612 612 0 0 0 0 0 0 0 0 0 0 0 0 0 0 0 0 0 0 0 0 0 0 0 0 0 0 0 0 0 0 0 0 0 0 0 0 0 0 0 0 0 0 0 0 0 0 0 0 0 0 0 0 0 0 0 0 0 0 0 0 0 0 0 0 0 0 0 0 0 0 0 0 0 0 613 613 615 616 618 618 618 619 619 619 619 619 618 618 618 618 619 619 619 619 619 620 620 621 619 618 618 618 619 619 620 620 619 619 619 620 620 619 619 619 621 621 620 620 620 619 619 619 620 621 621 621 621 621 621 621 622 622 622 622 622 622 623 623 623 622 622 623 623 623 625 627 627 627 627 627 627 627 627 628 628 628 628 628 628 628 628 628 629 629 629 629 629 629 629 629 629 629 630 630 631 631 631 631 631 631 632 631 631 632 632 632 632 632 632 631 631 630 630 630
0 0 0 0 0 0 0 0 0 0 0 0 0 0 0 0 0 0 0 0 0 0 610 609 608 608 608 608 608 608 609 609 609 609 609 610 610 609 609 609 609 609 610 609 609 609 609 609 610 610 610 610 610 610 609 609 608 608 608 609 609 610 608 608 610 610 610 610 609 609 610 610 610 611 610 610 611 611 610 610 610 610 610 611 611 611 611 611 611 610 609 609 613 613 609 609 609 609 610 610 611 611 611 611 611 611 611 611 611 612 612 613 0 0 0 612 612 611 611 611 610 610 610 612 612 612 612 613 613 614 614 0 0 0 0 0 0 0 0 0 0 0 0 0 0 0 0 0 0 0 0 0 0 0 0 0 0 0 0 0 0 0 0 0 0 0 0 0 0 0 0 0 0 0 0 0 0 0 0 0 0 0 0 0 0 0 0 0 0 0 0 0 0 0 0 0 0 0 0 0 615 615 618 619 619 619 619 619 619 619 619 619 618 618 618 618 619 619 620 619 619 621 621 622 621 620 620 621 620 620 620 620 620 619 619 620 620 620 620 620 620 620 620 621 621 621 621 621 621 621 621 621 622 622 623 623 623 623 623 623 623 623 623 624 623 623 623 623 623 624 625 628 628 628 628 627 627 627 627 628 628 629 629 629 629 629 629 629 629 629 629 629 629 629 630 630 630 631 631 631 631 632 632 632 632 632 632 632 632 632 632 632 634 634 634 632 632 631 631 631
0 0 0 0 0 0 0 0 0 0 0 0 0 0 0 0 0 0 0 0 0 0 611 609 609 609 609 611 611 611 610 610 610 610 609 609 611 610 609 609 610 610 610 610 609 609 609 609 610 610 610 610 610 610 610 612 608 608 608 609 609 611 610 610 611 611 611 611 611 611 611 610 610 612 612 612 612 611 610 610 610 612 612 612 612 612 612 611 611 612 612 613 613 614 614 610 610 611 611 611 612 611 611 611 611 611 612 612 612 612 612 613 0 0 0 612 612 611 611 611 611 611 611 612 612 612 612 613 613 614 614 615 0 0 0 0 0 0 0 0 0 0 0 0 0 0 0 0 0 0 0 0 0 0 0 0 0 0 0 0 0 0 0 0 0 0 0 0 0 0 0 0 0 0 0 0 0 0 0 0 0 0 0 0 0 0 0 0 0 0 0 0 0 0 0 0 0 0 0 0 619 619 620 620 620 619 619 619 619 619 619 620 620 620 619 619 620 620 620 620 620 621 621 622 621 620 620 621 621 620 620 620 620 620 620 620 621 621 621 620 620 620 620 621 621 622 622 622 622 622 622 622 623 623 623 623 623 623 623 623 623 624 625 625 625 625 625 627 627 627 627 628 628 628 628 628 629 629 630 630 630 630 630 630 630 630 630 630 630 631 631 631 631 632 632 632 634 632 632 632 632 634 634 634 634 634 634 634 635 635 635 635 635 636 636 634 634 632 632 632
0 0 0 0 0 0 0 0 0 0 0 0 0 0 0 0 0 0 0 0 0 0 611 611 611 609 609 611 611 612 612 612 611 611 609 609 611 610 609 609 610 610 610 610 610 610 610 610 610 610 611 610 610 611 612 612 611 611 611 610 610 611 611 611 611 611 611 611 611 611 611 613 613 613 612 612 612 612 611 611 611 612 612 613 613 613 612 612 612 612 613 613 613 613 613 614 614 613 612 612 612 612 611 611 611 611 612 612 612 613 613 614 614 0 613 613 612 612 612 612 612 612 613 614 614 614 613 613 613 614 614 615 0 0 0 0 0 0 0 0 0 0 0 0 0 0 0 0 0 0 0 0 0 0 0 0 0 0 0 0 0 0 0 0 0 0 0 0 0 0 0 0 0 0 0 0 0 0 0 0 0 0 0 0 0 0 0 0 0 0 0 0 0 0 0 0 0 0 0 0 619 619 620 621 621 621 621 620 620 620 620 620 620 620 620 620 621 620 620 620 620 621 621 623 621 621 622 622 622 622 622 622 622 622 622 623 623 623 623 623 623 623 623 623 622 622 623 623 623 623 623 623 624 624 624 624 624 625 625 625 625 625 627 627 627 627 627 627 627 627 627 628 629 629 629 629 629 629 630 631 631 630 630 630 631 631 631 631 631 632 632 632 634 634 634 634 634 634 632 632 632 634 635 635 635 635 634 634 635 635 635 635 636 636 636 635 634 634 634 634
0 0 0 0 0 0 0 0 0 0 0 0 0 0 0 0 0 0 0 0 0 0 613 612 612 613 612 612 612 612 613 613 612 612 612 611 611 612 612 612 611 611 611 611 611 611 611 612 611 611 612 612 612 612 612 612 613 612 612 612 613 611 611 611 611 611 613 613 613 612 612 612 613 614 613 613 614 614 613 613 613 613 614 615 614 614 613 613 613 613 613 613 613 613 613 614 614 615 615 614 614 614 614 614 614 614 614 614 614 614 615 615 615 0 613 613 613 613 613 613 613 613 613 613 615 615 614 614 614 615 615 616 0 0 0 0 0 0 0 0 0 0 0 0 0 0 0 0 0 0 0 0 0 0 0 0 0 0 0 0 0 0 0 0 0 0 0 0 0 0 0 0 0 0 0 0 0 0 0 0 0 0 0 0 0 0 0 0 0 0 0 0 0 0 0 0 0 0 0 0 619 619 620 622 622 622 622 622 622 622 621 621 621 621 621 622 622 621 621 621 621 621 621 623 622 622 622 622 623 623 623 623 623 623 623 624 624 623 623 623 623 623 623 624 623 623 624 623 623 624 624 624 624 624 624 625 627 627 627 627 627 627 627 627 627 628 628 628 627 627 628 630 630 629 629 629 630 630 631 631 632 631 631 631 631 631 632 632 632 632 632 634 635 635 634 634 634 634 634 634 634 635 635 635 635 635 635 635 636 636 636 636 636 637 636 635 635 635 635 635
0 0 0 0 0 0 0 0 0 0 0 0 0 0 0 0 0 0 0 0 0 0 614 613 613 614 613 613 613 613 613 614 613 612 612 612 612 612 612 613 613 613 613 613 613 613 613 612 612 612 612 612 612 614 614 613 613 612 612 612 613 612 612 612 612 612 613 613 613 612 612 612 614 615 615 615 615 615 614 614 614 614 614 615 615 615 614 614 615 615 615 614 614 614 614 614 614 614 614 615 615 615 615 615 615 614 614 615 615 615 615 615 615 616 614 614 614 614 614 614 614 614 616 616 616 615 615 615 615 615 616 618 0 0 0 0 0 0 0 0 0 0 0 0 0 0 0 0 0 0 0 0 0 0 0 0 0 0 0 0 0 0 0 0 0 0 0 0 0 0 0 0 0 0 0 0 0 0 0 0 0 0 0 0 0 0 0 0 0 0 0 0 0 0 0 0 0 0 0 0 620 620 621 622 623 623 622 622 622 623 623 623 624 623 623 623 622 622 621 621 621 621 622 623 622 622 623 623 623 623 624 624 624 624 625 624 624 624 624 624 624 624 624 624 623 623 624 624 624 625 624 624 625 625 625 627 627 627 627 627 628 628 628 628 628 629 628 628 628 628 628 630 630 630 629 629 631 631 632 632 632 631 631 631 632 632 632 634 634 634 634 634 634 635 635 635 635 634 634 634 635 635 636 636 636 636 636 636 637 637 637 637 637 637 637 637 636 636 636 636
0 0 0 0 0 0 0 0 0 0 0 0 0 0 0 0 0 0 0 0 0 0 615 614 614 614 614 614 614 613 613 614 614 614 613 613 612 612 612 614 614 614 614 614 614 612 612 612 612 612 612 612 612 614 614 615 614 613 613 613 614 613 613 613 612 612 615 613 613 615 613 613 615 616 616 616 615 615 615 615 614 614 614 616 615 615 615 615 615 615 615 615 614 614 614 614 614 614 614 616 616 616 616 616 616 616 616 616 616 615 615 615 616 616 616 614 614 614 614 614 614 614 616 616 616 616 616 616 616 616 616 618 0 0 0 0 0 0 0 0 0 0 0 0 0 0 0 0 0 0 0 0 0 0 0 0 0 0 0 0 0 0 0 0 0 0 0 0 0 0 0 0 0 0 0 0 0 0 0 0 0 0 0 0 0 0 0 0 0 0 0 0 0 0 0 0 0 0 0 0 622 621 621 622 623 623 622 622 623 624 624 624 624 623 623 623 623 622 622 622 622 622 623 623 623 623 623 623 624 624 624 624 624 624 627 624 624 624 624 624 624 624 624 624 624 624 625 625 625 627 627 627 627 627 627 628 628 628 628 628 628 628 629 629 629 630 629 629 628 628 630 630 631 631 631 631 631 632 632 634 634 632 632 632 632 634 634 634 634 634 634 634 634 635 635 635 635 635 635 636 636 637 637 637 637 637 637 637 637 638 638 637 637 637 637 638 638 637 637 637
0 0 0 0 0 0 0 0 0 0 0 0 0 0 0 0 0 0 0 0 0 0 616 615 615 615 615 615 615 615 615 615 615 615 614 613 613 613 613 614 614 615 614 614 615 612 612 613 612 612 614 613 613 614 614 615 615 615 614 614 615 615 615 615 615 615 615 613 613 615 614 614 616 616 616 616 616 616 615 615 615 615 616 618 618 618 616 616 616 616 616 616 616 616 615 615 615 615 615 616 616 616 616 616 616 616 616 618 619 616 616 616 616 616 618 616 616 615 615 615 615 615 616 616 616 616 616 618 618 618 618 619 0 0 0 0 0 0 0 0 0 0 0 0 0 0 0 0 0 0 0 0 0 0 0 0 0 0 0 0 0 0 0 0 0 0 0 0 0 0 0 0 0 0 0 0 0 0 0 0 0 0 0 0 0 0 0 0 0 0 0 0 0 0 0 0 0 0 0 0 622 622 623 623 624 623 623 624 624 624 624 624 625 625 625 627 625 625 624 623 623 623 624 623 623 623 624 624 625 624 624 625 627 627 627 627 627 625 625 625 625 625 625 627 624 624 625 625 627 627 627 627 627 628 628 628 628 629 629 629 629 629 630 630 630 630 630 630 630 631 630 630 632 631 631 632 632 634 634 634 634 634 634 634 635 635 635 635 635 635 635 635 635 636 636 636 636 636 636 637 637 637 638 637 637 637 637 637 638 638 638 638 638 638 638 638 640 638 638 638
0 0 0 0 0 0 0 0 0 0 0 0 0 0 0 0 0 0 0 0 0 0 616 616 615 615 615 616 616 615 615 615 615 615 616 616 616 615 615 615 615 615 615 615 615 614 614 615 614 614 615 615 615 614 614 616 616 616 616 616 616 615 615 616 615 615 616 614 614 615 615 615 616 616 616 616 616 616 616 616 618 616 616 618 618 618 618 616 616 616 616 616 616 616 616 616 616 616 616 616 616 616 616 616 616 616 616 618 618 618 616 616 618 618 618 618 620 618 616 616 615 615 616 616 616 616 619 619 619 619 619 620 0 0 0 0 0 0 0 0 0 0 0 0 0 0 0 0 0 0 0 0 0 0 0 0 0 0 0 0 0 0 0 0 0 0 0 0 0 0 0 0 0 0 0 0 0 0 0 0 0 0 0 0 0 0 0 0 0 0 0 0 0 0 0 0 0 0 0 0 622 622 623 624 627 623 623 624 624 624 625 625 625 627 627 627 627 627 627 627 623 623 624 624 624 625 627 627 627 627 625 625 627 628 627 627 627 625 625 627 627 628 628 628 627 627 627 627 627 628 628 628 628 629 629 629 629 630 630 630 630 630 630 631 631 630 630 631 631 632 632 632 632 632 632 634 634 634 634 634 634 635 635 636 636 636 636 636 636 636 635 635 635 636 636 637 637 637 637 637 638 638 638 638 637 637 637 637 638 638 640 640 640 640 640 640 640 640 640 640
0 0 0 0 0 0 0 0 0 0 0 0 0 0 0 0 0 0 0 0 0 0 618 618 616 616 616 618 618 618 615 615 615 615 616 616 616 616 616 616 616 616 616 616 616 614 614 615 614 614 615 615 616 616 616 616 616 618 618 618 618 616 616 616 616 616 616 618 616 616 616 616 618 618 618 618 618 618 618 618 618 618 619 619 619 619 618 618 618 618 618 618 618 619 618 616 616 616 616 618 618 619 618 618 618 618 618 618 618 618 618 618 618 619 619 619 620 618 618 618 618 619 616 616 616 616 619 619 619 619 619 620 0 0 0 0 0 0 0 0 0 0 0 0 0 0 0 0 0 0 0 0 0 0 0 0 0 0 0 0 0 0 0 0 0 0 0 0 0 0 0 0 0 0 0 0 0 0 0 0 0 0 0 0 0 0 0 0 0 0 0 0 0 0 0 0 0 0 0 0 0 623 623 624 627 625 625 625 625 625 627 627 627 627 627 627 627 628 628 628 624 624 625 627 627 627 627 627 627 627 625 625 627 628 627 627 627 627 627 627 627 628 629 629 628 628 628 628 628 628 628 629 629 630 630 629 629 630 630 630 631 631 631 631 631 631 631 632 632 632 632 634 634 634 634 634 634 635 635 635 635 635 636 637 638 637 637 637 637 637 637 637 637 637 637 637 637 638 638 638 638 638 640 640 638 638 638 638 638 640 640 641 640 640 640 640 640 641 641 641
0 0 0 0 0 0 0 0 0 0 0 0 0 0 0 0 0 0 0 0 0 0 618 618 618 618 618 619 619 619 616 616 616 616 618 618 616 616 616 616 616 616 616 616 616 616 616 616 615 615 616 616 616 616 616 616 616 618 618 618 618 616 616 616 616 618 618 618 616 616 616 618 619 619 620 619 619 618 618 618 619 619 620 619 619 619 619 618 618 618 618 619 619 620 619 618 618 616 616 618 618 619 618 618 618 618 618 618 618 618 619 619 619 619 619 619 620 619 619 620 619 619 618 618 618 618 620 619 619 620 621 0 0 0 0 0 0 0 0 0 0 0 0 0 0 0 0 0 0 0 0 0 0 0 0 0 0 0 0 0 0 0 0 0 0 0 0 0 0 0 0 0 0 0 0 0 0 0 0 0 0 0 0 0 0 0 0 0 0 0 0 0 0 0 0 0 0 0 0 0 0 624 624 627 627 627 627 628 627 627 627 627 627 627 627 627 627 628 628 627 625 625 627 627 628 629 629 628 628 627 627 627 628 628 628 628 628 628 628 628 628 629 629 629 629 629 629 629 629 629 630 630 630 630 630 629 629 630 630 631 631 632 632 632 631 631 631 632 632 634 634 635 634 634 634 634 635 635 636 636 636 636 636 637 638 638 638 638 637 637 638 638 638 638 638 638 638 638 638 640 640 641 640 640 640 640 640 640 640 640 641 641 641 641 642 641 641 642 642 642
0 0 0 0 0 0 0 0 0 0 0 0 0 0 0 0 0 0 0 0 0 0 619 619 619 619 619 620 619 619 618 616 616 618 618 618 618 618 618 619 618 618 616 616 616 616 616 616 616 616 618 618 616 616 616 616 616 618 618 619 619 619 619 619 619 620 620 620 618 618 618 618 619 620 621 619 619 618 618 618 619 619 620 619 619 620 620 620 619 619 620 620 620 621 621 620 618 618 618 620 620 620 619 619 618 618 618 618 618 618 620 620 620 620 621 620 620 620 620 620 622 621 620 620 619 619 620 620 620 621 622 622 0 0 0 0 0 0 0 0 0 0 0 0 0 0 0 0 0 0 0 0 0 0 0 0 0 0 0 0 0 0 0 0 0 0 0 0 0 0 0 0 0 0 0 0 0 0 0 0 0 0 0 0 0 0 0 0 0 0 0 0 0 0 0 0 0 0 0 0 628 624 624 627 627 628 628 628 628 628 628 628 628 628 628 628 628 629 630 627 627 628 628 628 628 629 629 629 628 628 628 628 628 628 628 629 629 628 628 629 629 629 629 629 630 630 630 630 630 630 631 631 631 631 631 631 631 631 631 631 632 632 632 632 632 632 632 632 634 634 634 635 635 635 635 635 636 636 636 636 636 637 637 638 638 638 638 638 638 638 640 640 640 640 640 640 640 640 640 641 641 642 641 641 641 641 641 642 642 642 642 643 642 642 643 642 642 642 643 643
0 0 0 0 0 0 0 0 0 0 0 0 0 0 0 0 0 0 0 0 0 0 619 619 620 620 620 620 620 620 619 618 618 619 619 618 618 618 618 619 619 618 618 618 618 618 618 616 616 616 618 618 616 616 616 616 616 618 618 619 619 619 616 616 620 620 620 620 618 618 618 618 620 620 621 619 619 618 618 618 619 619 620 620 620 621 621 621 619 619 620 621 621 621 621 621 621 621 621 621 621 620 620 621 621 619 619 619 621 621 621 621 621 621 621 621 621 621 621 622 622 622 620 620 620 620 620 620 620 621 622 622 0 0 0 0 0 0 0 0 0 0 0 0 0 0 0 0 0 0 0 0 0 0 0 0 0 0 0 0 0 0 0 0 0 0 0 0 0 0 0 0 0 0 0 0 0 0 0 0 0 0 0 0 0 0 0 0 0 0 0 0 0 0 0 0 0 0 0 0 627 625 625 627 627 628 628 628 628 628 629 628 628 628 629 629 629 629 630 628 628 628 629 629 630 630 630 630 630 630 629 629 629 629 629 629 629 629 629 629 629 629 630 630 631 631 631 631 631 631 631 631 631 631 631 632 632 632 632 632 632 634 634 634 634 634 634 634 634 635 635 636 636 636 636 637 637 637 637 637 637 637 637 638 638 638 638 640 640 640 640 640 640 641 641 641 641 641 642 642 642 642 642 642 642 642 642 643 643 644 643 643 642 642 643 643 643 643 643 643
0 0 0 0 0 0 0 0 0 0 0 0 0 0 0 0 0 0 0 0 0 0 620 620 620 620 620 620 620 620 620 620 620 620 620 619 619 619 619 619 620 618 618 619 619 619 619 619 619 619 619 619 619 619 619 619 619 619 619 620 620 620 616 616 620 620 620 620 619 619 619 619 621 621 621 621 621 621 621 621 621 621 621 621 621 621 622 622 621 621 621 621 621 621 621 621 622 621 621 621 621 621 621 621 621 620 620 620 621 622 621 621 621 621 622 621 621 621 621 622 622 622 620 620 620 620 621 621 622 622 624 624 0 0 0 0 0 0 0 0 0 0 0 0 0 0 0 0 0 0 0 0 0 0 0 0 0 0 0 0 0 0 0 0 0 0 0 0 0 0 0 0 0 0 0 0 0 0 0 0 0 0 0 0 0 0 0 0 0 0 0 0 0 0 0 0 0 0 0 0 627 627 627 628 628 629 628 628 629 629 629 629 628 628 629 630 629 629 630 629 629 629 629 629 630 630 630 630 631 631 631 631 631 630 630 630 629 629 630 630 630 630 631 632 632 632 631 631 631 632 632 632 632 632 632 634 634 634 634 634 635 635 635 635 635 635 635 635 635 635 636 637 637 638 637 637 637 638 638 638 637 637 638 638 638 640 640 641 641 641 641 641 641 642 642 642 642 642 642 642 643 643 643 642 642 642 643 644 644 646 646 643 643 643 644 644 644 644 644 644
0 0 0 0 0 0 0 0 0 0 0 0 0 0 0 0 0 0 0 0 0 0 621 621 621 620 620 620 620 620 621 620 620 620 620 620 620 621 620 620 619 619 619 620 620 620 620 620 620 620 619 619 619 619 620 620 620 620 620 621 621 620 620 620 619 619 621 620 620 620 620 620 621 621 622 621 621 621 621 621 621 621 621 621 621 621 622 623 622 621 621 622 622 622 622 622 622 622 622 622 621 621 621 622 622 621 621 621 623 622 621 621 621 622 622 622 622 622 623 622 622 622 621 621 621 621 621 621 622 623 625 625 629 0 0 0 0 0 0 0 0 0 0 0 0 0 0 0 0 0 0 0 0 0 0 0 0 0 0 0 0 0 0 0 0 0 0 0 0 0 0 0 0 0 0 0 0 0 0 0 0 0 0 0 0 0 0 0 0 0 0 0 0 0 0 0 0 0 0 0 629 628 628 629 629 629 629 629 629 629 629 629 630 630 630 630 629 629 630 630 629 629 629 630 630 630 630 631 631 631 631 631 630 630 630 630 630 630 631 631 631 632 632 632 634 632 632 632 632 634 632 632 634 634 634 635 635 635 635 635 635 635 635 635 635 635 635 636 636 636 636 638 638 638 638 638 638 638 638 638 638 638 638 638 640 641 641 641 641 641 642 642 642 642 642 642 642 642 642 643 643 643 643 643 643 643 643 644 644 646 647 644 644 644 646 646 646 646 646 644
0 0 0 0 0 0 0 0 0 0 0 0 0 0 0 0 0 0 0 0 0 0 622 621 621 621 621 621 621 621 621 621 621 621 621 621 621 621 620 620 619 619 619 620 620 621 621 620 620 620 620 620 621 621 621 621 621 621 621 621 621 620 620 620 619 619 621 621 621 622 622 622 622 622 622 621 621 621 621 622 622 621 621 622 622 624 624 624 624 622 622 623 623 623 623 623 624 624 623 622 622 622 622 622 622 621 621 622 623 623 622 622 622 623 623 623 623 623 624 625 622 622 621 621 622 622 622 623 623 624 625 627 628 0 0 0 0 0 0 0 0 0 0 0 0 0 0 0 0 0 0 0 0 0 0 0 0 0 0 0 0 0 0 0 0 0 0 0 0 0 0 0 0 0 0 0 0 0 0 0 0 0 0 0 0 0 0 0 0 0 0 0 0 0 0 0 0 0 0 631 629 629 630 630 630 630 629 629 629 629 630 631 631 630 630 631 629 629 630 630 629 629 630 630 630 631 631 631 631 631 631 631 630 630 631 631 631 631 632 632 632 632 632 632 632 634 634 634 634 635 635 635 635 635 635 635 635 635 635 636 636 636 637 636 636 636 636 636 637 637 637 638 638 638 638 638 640 641 640 640 640 638 638 640 641 641 642 642 642 642 642 643 643 643 643 643 643 643 643 644 644 644 644 644 644 644 644 644 644 646 647 647 646 646 646 646 646 646 646 646
0 0 0 0 0 0 0 0 0 0 0 0 0 0 0 0 0 0 0 0 0 0 622 621 621 621 621 622 622 622 621 621 621 621 621 622 622 622 621 621 621 621 621 621 621 622 621 621 621 621 621 621 621 621 622 622 622 621 621 621 623 622 621 621 621 621 621 621 622 622 624 622 622 622 622 622 622 621 621 623 623 622 622 623 623 624 624 624 624 623 623 623 623 624 624 624 624 624 623 623 622 622 622 622 623 623 623 624 624 623 622 622 622 623 623 623 623 623 624 624 623 623 622 622 622 623 623 624 624 624 625 627 628 632 0 0 0 0 0 0 0 0 0 0 0 0 0 0 0 0 0 0 0 0 0 0 0 0 0 0 0 0 0 0 0 0 0 0 0 0 0 0 0 0 0 0 0 0 0 0 0 0 0 0 0 0 0 0 0 0 0 0 0 0 0 0 0 0 0 631 630 630 631 631 631 630 630 630 629 629 631 631 631 630 630 632 631 631 631 631 631 631 631 631 631 631 632 631 631 631 631 632 631 631 632 632 631 631 632 632 632 632 632 632 632 634 634 634 635 635 635 635 635 635 636 636 635 635 636 636 636 637 637 637 637 637 637 637 637 637 637 640 640 640 640 640 641 641 641 641 641 640 640 642 642 642 642 642 643 643 643 644 644 644 644 644 644 644 644 646 646 646 646 646 646 647 647 646 646 646 646 647 647 646 646 646 646 646 647 647
0 0 0 0 0 0 0 0 0 0 0 0 0 0 0 0 0 0 0 0 0 0 623 623 623 623 623 622 622 622 621 621 622 621 621 623 623 623 622 622 621 621 621 621 621 622 622 622 622 622 622 622 622 622 622 622 622 623 623 623 623 622 622 622 621 621 622 622 622 624 623 623 623 623 622 622 622 622 625 623 623 623 623 624 624 624 625 625 625 624 624 624 624 624 624 624 625 625 624 624 623 623 623 623 623 624 625 625 625 624 624 624 624 624 625 625 625 627 627 627 627 625 625 625 625 627 625 625 624 624 625 627 629 632 0 0 0 0 0 0 0 0 0 0 0 0 0 0 0 0 0 0 0 0 0 0 0 0 0 0 0 0 0 0 0 0 0 0 0 0 0 0 0 0 0 0 0 0 0 0 0 0 0 0 0 0 0 0 0 0 0 0 0 0 0 0 0 0 0 631 631 631 631 631 631 631 631 631 631 631 632 632 632 630 630 635 631 631 631 631 632 635 635 634 632 632 632 632 632 632 632 632 631 631 632 632 632 632 634 634 634 634 632 632 634 634 634 634 635 635 635 635 635 635 636 636 636 636 636 636 637 637 637 637 638 638 638 638 638 638 638 640 640 640 640 641 642 642 642 642 642 642 642 642 642 642 642 642 643 643 643 644 646 646 644 644 644 646 646 647 647 647 647 647 647 647 647 646 646 646 646 647 647 647 648 647 647 648 648 648
0 0 0 0 0 0 0 0 0 0 0 0 0 0 0 0 0 0 0 0 0 0 623 623 623 623 624 623 623 623 622 622 622 622 622 623 623 623 623 623 623 622 622 622 622 622 622 622 623 622 622 622 622 623 623 622 622 624 624 624 624 623 623 622 622 623 623 623 623 625 623 623 624 624 624 623 623 624 625 625 625 625 625 625 625 625 625 625 625 625 627 627 625 625 625 625 625 625 625 624 624 624 625 625 625 627 625 625 625 625 625 625 625 625 625 625 627 627 627 627 627 627 627 627 627 627 627 625 624 624 625 627 629 0 0 0 0 0 0 0 0 0 0 0 0 0 0 0 0 0 0 0 0 0 0 0 0 0 0 0 0 0 0 0 0 0 0 0 0 0 0 0 0 0 0 0 0 0 0 0 0 0 0 0 0 0 0 0 0 0 0 0 0 0 0 0 0 0 632 631 631 631 631 632 632 632 632 632 631 631 634 632 632 631 631 635 632 632 632 632 635 635 635 635 634 634 635 632 632 632 632 634 635 635 635 635 634 634 634 634 635 635 634 634 635 635 635 635 635 636 636 636 636 636 636 637 637 637 637 637 637 637 637 637 638 640 640 638 638 640 640 640 641 641 642 642 642 643 643 643 643 643 643 643 643 643 643 643 643 644 644 646 646 647 647 647 647 647 647 647 647 647 647 647 647 647 647 647 647 647 647 648 647 647 648 648 648 648 648 648
0 0 0 0 0 0 0 0 0 0 0 0 0 0 0 0 0 0 0 0 0 0 623 623 623 623 624 623 623 623 623 623 623 623 624 624 624 624 624 624 624 624 624 623 622 622 622 622 622 623 623 623 623 623 623 622 622 624 624 624 625 624 624 624 624 624 624 624 624 625 625 625 625 625 625 625 624 624 625 625 625 625 625 625 627 625 625 625 627 627 628 628 627 627 627 627 627 625 625 625 625 627 627 625 625 627 625 625 625 625 625 625 625 629 627 627 627 627 627 627 627 627 628 630 630 628 627 627 625 625 627 627 0 0 0 0 0 0 0 0 0 0 0 0 0 0 0 0 0 0 0 0 0 0 0 0 0 0 0 0 0 0 0 0 0 0 0 0 0 0 0 0 0 0 0 0 0 0 0 0 0 0 0 0 0 0 0 0 0 0 0 0 0 0 0 0 0 0 632 632 632 632 634 634 635 635 635 636 636 636 635 634 634 635 635 636 635 635 635 635 636 636 636 636 635 635 635 635 636 634 634 636 636 636 636 636 636 636 636 636 637 637 637 637 637 637 636 636 636 636 636 636 637 638 638 638 638 638 640 640 640 640 640 640 640 641 641 641 641 641 642 642 642 642 643 643 644 644 643 643 644 644 646 644 643 643 643 643 644 646 646 646 647 647 647 647 647 647 648 648 648 648 648 647 647 648 648 647 647 647 647 648 648 648 648 648 648 649 649 649
0 0 0 0 0 0 0 0 0 0 0 0 0 0 0 0 0 0 0 0 0 0 623 623 623 623 625 624 624 623 623 623 623 624 624 624 624 624 624 624 624 624 624 624 622 622 623 622 622 623 623 624 624 624 624 624 624 624 624 625 625 625 627 625 625 624 624 625 625 628 625 625 627 627 627 627 627 627 627 627 627 627 627 627 627 627 627 627 628 629 630 630 628 628 627 627 627 627 627 627 627 627 629 629 628 628 627 627 627 627 627 627 627 629 629 629 628 627 627 627 628 628 629 630 630 629 629 628 627 627 0 0 0 0 0 0 0 0 0 0 0 0 0 0 0 0 0 0 0 0 0 0 0 0 0 0 0 0 0 0 0 0 0 0 0 0 0 0 0 0 0 0 0 0 0 0 0 0 0 0 0 0 0 0 0 0 0 0 0 0 0 0 0 0 0 0 0 0 632 632 632 632 634 635 636 636 636 636 636 636 636 636 636 636 636 636 636 636 636 636 636 636 636 636 636 636 635 635 636 636 636 637 636 636 637 637 637 637 637 638 638 638 638 638 638 638 637 637 637 637 637 637 638 638 638 640 640 640 640 640 641 641 641 641 641 641 642 642 642 642 642 643 642 642 643 643 646 644 644 644 646 646 647 647 647 647 648 648 648 648 648 648 648 648 648 648 648 648 648 648 648 648 648 649 649 650 650 650 650 650 650 649 649 649 649 649 649 650 650 649
0 0 0 0 0 0 0 0 0 0 0 0 0 0 0 0 0 0 0 0 0 0 625 625 624 624 625 625 625 625 625 624 624 624 624 625 625 625 625 625 627 627 627 625 624 624 624 624 624 624 624 625 625 625 625 625 625 625 625 625 625 625 627 625 625 625 625 627 627 630 628 627 627 627 629 628 627 627 627 627 627 628 628 628 628 628 628 629 629 630 630 630 628 628 628 628 628 629 629 630 629 629 629 629 629 629 628 628 628 628 628 628 628 629 630 630 630 630 629 629 629 629 630 630 630 629 629 629 628 628 0 0 0 0 0 0 0 0 0 0 0 0 0 0 0 0 0 0 0 0 0 0 0 0 0 0 0 0 0 0 0 0 0 0 0 0 0 0 0 0 0 0 0 0 0 0 0 0 0 0 0 0 0 0 0 0 0 0 0 0 0 0 0 0 0 0 0 0 0 634 634 634 635 636 636 636 636 637 637 637 637 636 636 637 637 637 636 636 636 636 636 637 637 637 637 637 638 638 637 636 636 637 637 637 638 638 638 638 638 638 638 638 638 638 640 641 641 638 638 638 638 640 641 641 641 640 640 640 641 641 642 641 641 641 641 642 643 643 643 643 643 643 643 643 643 646 646 647 647 647 647 647 648 648 648 648 648 648 648 648 648 648 648 648 649 649 649 649 649 648 648 649 649 650 650 650 650 650 650 650 652 652 652 652 650 650 652 652 652 650
0 0 0 0 0 0 0 0 0 0 0 0 0 0 0 0 0 0 0 0 0 0 628 627 625 625 627 627 625 625 625 624 624 625 625 625 627 627 627 627 627 627 627 627 627 625 625 625 625 625 625 627 627 627 625 625 625 625 625 625 625 625 627 627 627 625 625 627 628 630 629 629 629 629 629 629 629 628 628 628 629 629 629 629 628 628 629 630 630 630 630 630 630 629 629 629 629 630 629 629 630 630 630 630 630 629 629 629 629 629 630 630 630 630 630 630 630 630 630 630 630 630 631 631 630 630 630 630 630 630 631 0 0 0 0 0 0 0 0 0 0 0 0 0 0 0 0 0 0 0 0 0 0 0 0 0 0 0 0 0 0 0 0 0 0 0 0 0 0 0 0 0 0 0 0 0 0 0 0 0 0 0 0 0 0 0 0 0 0 0 0 0 0 0 0 0 0 0 0 637 635 635 636 636 636 636 636 637 637 637 637 637 638 638 637 637 637 636 636 636 637 638 638 638 638 640 638 638 637 637 637 638 638 638 640 640 640 640 638 638 640 640 640 641 641 642 641 641 641 641 641 642 642 642 642 642 642 642 642 642 642 642 642 642 642 644 644 644 643 643 644 646 646 646 646 647 647 647 647 647 647 648 648 648 649 649 649 649 649 649 650 650 650 650 650 650 650 650 650 650 650 650 650 650 652 652 652 650 650 652 652 652 652 652 652 652 652 652 652 652
0 0 0 0 0 0 0 0 0 0 0 0 0 0 0 0 0 0 0 0 0 0 628 627 627 628 627 627 627 627 627 625 625 625 625 627 628 628 628 628 627 627 627 627 628 628 628 627 627 627 627 628 628 628 625 625 625 625 625 627 627 627 628 628 628 627 627 628 628 630 630 629 629 630 630 629 629 629 629 630 630 630 630 630 630 630 630 630 630 631 631 631 631 630 630 630 630 630 629 629 630 630 630 630 630 629 629 630 630 630 630 630 630 630 630 630 630 630 630 630 632 634 632 631 630 630 631 631 631 631 631 0 0 0 0 0 0 0 0 0 0 0 0 0 0 0 0 0 0 0 0 0 0 0 0 0 0 0 0 0 0 0 0 0 0 0 0 0 0 0 0 0 0 0 0 0 0 0 0 0 0 0 0 0 0 0 0 0 0 0 0 0 0 0 0 0 0 0 0 637 637 638 637 637 637 637 637 637 637 637 638 638 638 638 638 638 638 637 637 638 640 640 638 638 638 640 638 638 638 638 638 641 640 640 640 640 641 641 640 640 640 640 640 641 641 642 641 641 641 641 641 642 642 642 642 642 642 642 642 642 642 642 642 643 644 644 644 644 644 644 644 647 647 647 647 647 647 647 648 648 648 648 649 649 649 649 650 650 650 650 650 650 650 650 652 652 652 652 652 652 650 650 650 650 652 652 652 652 652 652 653 653 654 653 652 652 652 652 652 653
0 0 0 0 0 0 0 0 0 0 0 0 0 0 0 0 0 0 0 0 0 0 630 629 629 629 629 629 628 628 628 627 627 627 627 628 629 629 629 628 628 628 628 628 629 629 629 629 629 629 629 629 629 629 625 625 627 627 627 627 627 628 628 628 629 628 628 628 628 630 630 630 630 631 631 630 630 630 630 630 630 631 630 630 630 630 631 631 631 631 632 632 631 631 631 631 631 630 630 630 631 631 631 631 631 631 631 631 631 631 631 631 631 631 631 631 631 630 630 631 634 634 630 630 630 630 631 631 631 631 631 632 0 0 0 0 0 0 0 0 0 0 0 0 0 0 0 0 0 0 0 0 0 0 0 0 0 0 0 0 0 0 0 0 0 0 0 0 0 0 0 0 0 0 0 0 0 0 0 0 0 0 0 0 0 0 0 0 0 0 0 0 0 0 0 0 0 0 0 640 640 640 640 638 638 638 638 638 638 638 638 638 638 638 638 638 640 640 640 640 640 640 640 640 640 641 641 641 641 641 641 641 641 641 642 642 642 642 641 641 641 641 641 642 642 642 642 642 642 642 643 643 643 643 643 644 643 643 643 643 643 643 643 644 644 646 646 646 646 646 646 647 647 648 648 648 648 648 649 649 649 649 649 649 649 650 650 650 650 650 652 652 652 652 653 653 652 652 653 653 653 652 652 652 653 653 654 652 652 653 653 654 654 653 653 653 653 653 653 653
0 0 0 0 0 0 0 0 0 0 0 0 0 0 0 0 0 0 0 0 0 0 630 630 630 630 629 629 629 630 629 629 629 629 628 628 629 629 629 628 628 628 628 629 629 630 630 630 630 630 630 629 629 629 629 629 630 630 629 629 629 629 629 629 629 628 628 628 628 630 630 631 631 631 631 631 631 631 631 631 631 631 630 630 631 631 631 631 631 631 632 634 632 632 632 631 631 631 631 631 631 631 631 631 631 635 634 634 632 632 632 631 631 631 631 632 631 631 631 635 635 634 630 630 631 631 631 631 631 631 632 632 0 0 0 0 0 0 0 0 0 0 0 0 0 0 0 0 0 0 0 0 0 0 0 0 0 0 0 0 0 0 0 0 0 0 0 0 0 0 0 0 0 0 0 0 0 0 0 0 0 0 0 0 0 0 0 0 0 0 0 0 0 0 0 0 0 0 0 640 640 640 640 641 640 638 638 640 640 640 641 641 640 640 640 640 640 641 641 640 640 640 641 641 641 641 641 641 641 641 641 641 641 641 642 642 642 642 642 642 642 642 642 643 643 643 642 642 643 643 643 644 644 644 644 646 646 644 644 643 643 643 644 644 646 646 646 646 646 646 646 647 648 648 649 649 649 649 650 650 650 650 650 650 650 652 652 652 652 652 652 652 652 653 653 653 653 653 653 653 654 653 653 653 653 653 655 655 655 653 653 654 654 654 653 653 653 653 653 655
0 0 0 0 0 0 0 0 0 0 0 0 0 0 0 0 0 0 0 0 0 0 631 630 630 630 630 630 630 630 629 629 629 629 629 629 629 629 630 630 630 629 629 629 630 630 630 631 631 630 630 630 630 630 630 630 631 631 630 629 629 630 630 630 630 630 630 629 629 630 630 631 631 631 632 632 632 632 632 632 632 634 632 631 631 632 632 632 632 632 632 634 634 634 632 632 631 631 631 634 631 631 632 632 634 635 635 635 632 632 632 631 631 632 632 634 632 631 631 634 635 635 634 634 632 632 632 632 632 632 634 634 0 0 0 0 0 0 0 0 0 0 0 0 0 0 0 0 0 0 0 0 0 0 0 0 0 0 0 0 0 0 0 0 0 0 0 0 0 0 0 0 0 0 0 0 0 0 0 0 0 0 0 0 0 0 0 0 0 0 0 0 0 0 0 0 0 0 0 641 641 640 640 641 641 641 641 641 641 641 641 642 641 641 641 640 640 641 641 641 641 641 641 641 641 642 642 642 642 642 642 643 642 642 643 643 643 643 643 643 643 643 643 643 643 644 643 643 644 644 644 644 646 646 646 646 646 646 644 644 644 644 646 646 646 647 647 647 648 648 648 648 649 650 650 649 649 650 650 652 652 652 652 652 653 653 653 653 653 653 653 653 653 653 654 654 653 653 653 654 655 654 654 653 653 654 657 657 657 654 653 653 655 655 652 652 653 654 655 657
0 0 0 0 0 0 0 0 0 0 0 0 0 0 0 0 0 0 0 0 0 0 631 630 630 630 630 630 631 632 632 629 629 630 630 630 630 630 630 630 630 630 630 630 631 631 631 631 631 631 631 631 630 630 631 631 632 632 631 631 631 630 630 631 631 631 630 630 630 632 632 632 631 631 634 634 634 632 632 632 634 634 634 631 631 632 632 632 632 632 634 634 634 634 634 632 632 635 635 635 634 634 634 634 635 636 636 636 636 636 636 632 632 634 634 634 634 632 632 634 635 635 634 634 634 632 632 632 632 632 634 635 0 0 0 0 0 0 0 0 0 0 0 0 0 0 0 0 0 0 0 0 0 0 0 0 0 0 0 0 0 0 0 0 0 0 0 0 0 0 0 0 0 0 0 0 0 0 0 0 0 0 0 0 0 0 0 0 0 0 0 0 0 0 0 0 0 0 0 641 641 640 640 641 641 641 642 642 642 642 642 642 642 642 642 641 641 641 641 641 641 642 642 642 643 642 642 643 642 642 643 643 643 643 643 643 643 643 644 644 644 644 644 644 644 644 644 644 644 646 646 646 646 646 646 646 646 646 646 646 647 647 647 647 647 648 648 648 648 648 648 649 652 650 650 650 652 650 650 652 652 652 652 652 653 653 653 653 653 653 652 652 653 654 654 655 655 655 655 654 653 652 652 652 652 654 658 658 658 658 653 653 655 655 652 652 653 654 657 641
0 0 0 0 0 0 0 0 0 0 0 0 0 0 0 0 0 0 0 0 0 0 631 631 631 631 631 631 632 634 634 634 634 634 631 631 630 630 631 631 631 632 631 631 631 632 632 632 632 631 631 631 630 630 631 632 632 632 632 632 632 631 631 632 632 632 631 631 632 634 634 634 632 632 634 634 634 634 634 635 635 635 635 634 634 635 634 634 634 634 634 635 635 635 635 634 634 635 635 636 634 634 635 635 636 636 635 635 636 636 636 634 634 635 635 635 634 634 635 636 635 635 635 635 635 635 635 635 635 635 635 636 0 0 0 0 0 0 0 0 0 0 0 0 0 0 0 0 0 0 0 0 0 0 0 0 0 0 0 0 0 0 0 0 0 0 0 0 0 0 0 0 0 0 0 0 0 0 0 0 0 0 0 0 0 0 0 0 0 0 0 0 0 0 0 0 0 0 0 641 641 642 642 642 642 642 642 642 642 642 642 643 642 642 643 642 642 641 641 642 642 642 642 642 643 643 643 643 643 643 644 644 644 644 644 644 644 644 644 644 646 646 646 646 646 646 646 646 646 647 646 646 646 647 647 647 647 647 647 647 647 647 648 646 646 647 647 647 647 647 647 649 650 652 652 650 649 648 647 647 650 652 652 642 642 642 643 648 653 653 646 646 652 654 655 655 657 657 657 654 640 640 644 647 648 648 648 637 637 637 628 657 657 657 657 657 657 629 636 636
0 0 0 0 0 0 0 0 0 0 0 0 0 0 0 0 0 0 0 0 0 0 634 632 631 631 631 631 634 634 634 634 634 634 632 631 631 631 632 632 632 632 632 632 632 632 634 632 632 632 632 632 632 632 634 634 634 634 634 634 634 634 632 632 632 632 632 632 632 635 635 635 634 634 634 634 634 634 634 635 636 636 636 636 635 635 635 635 635 635 635 635 635 635 635 635 635 635 635 636 636 635 635 636 636 636 635 635 636 636 636 635 635 635 635 635 636 636 636 636 636 636 635 635 635 635 636 636 636 636 636 636 0 0 0 0 0 0 0 0 0 0 0 0 0 0 0 0 0 0 0 0 0 0 0 0 0 0 0 0 0 0 0 0 0 0 0 0 0 0 0 0 0 0 0 0 0 0 0 0 0 0 0 0 0 0 0 0 0 0 0 0 0 0 0 0 0 0 641 641 642 642 643 643 642 642 642 642 642 643 643 644 643 643 643 643 643 642 642 642 642 643 643 643 644 644 644 646 646 646 646 646 646 644 644 646 644 644 646 646 646 647 647 646 646 646 646 647 647 647 646 646 646 646 646 647 647 647 647 647 644 644 637 637 637 637 641 642 644 644 644 649 650 652 652 643 641 640 638 638 638 637 637 638 638 638 640 648 648 634 634 635 635 635 635 640 640 637 637 636 636 637 642 643 641 636 636 637 637 637 628 628 628 628 628 628 628 629 629 629
0 0 0 0 0 0 0 0 0 0 0 0 0 0 0 0 0 0 0 0 0 0 634 632 632 634 634 634 634 634 634 634 634 634 634 632 632 632 634 632 632 634 632 632 632 632 634 634 634 634 634 634 634 634 634 634 634 634 634 635 635 634 632 632 634 634 634 634 634 636 636 636 636 636 635 635 635 635 635 636 636 636 636 636 636 636 636 636 636 636 636 636 636 636 636 636 636 636 636 636 636 636 636 636 636 636 637 637 636 636 637 636 636 636 636 636 637 637 637 637 637 637 636 636 636 636 636 636 636 636 637 637 0 0 0 0 0 0 0 0 0 0 0 0 0 0 0 0 0 0 0 0 0 0 0 0 0 0 0 0 0 0 0 0 0 0 0 0 0 0 0 0 0 0 0 0 0 0 0 0 0 0 0 0 0 0 0 0 0 0 0 0 0 0 0 0 0 0 641 641 642 644 646 646 643 643 643 643 643 644 644 644 644 644 644 646 646 644 644 644 644 646 646 646 646 646 646 646 644 644 646 646 646 644 644 644 644 644 646 646 646 647 647 647 647 647 647 647 647 647 632 632 634 634 635 647 647 647 647 634 634 634 634 634 634 635 635 637 641 637 636 630 629 629 630 630 635 636 636 636 636 635 635 635 635 636 635 634 632 632 634 634 634 632 632 634 635 634 634 634 635 635 629 629 629 629 634 631 631 631 628 628 628 628 628 628 628 628 625 625
0 0 0 0 0 0 0 0 0 0 0 0 0 0 0 0 0 0 0 0 0 0 635 635 635 634 634 634 634 634 634 634 635 634 634 635 634 634 634 634 634 634 634 634 634 634 634 634 635 635 635 635 635 635 635 635 635 635 635 635 635 635 634 634 634 634 634 635 635 636 636 636 636 636 635 635 635 635 636 636 637 637 636 636 636 637 637 637 637 637 637 637 637 637 636 636 636 636 636 636 637 637 637 637 637 637 637 637 636 636 637 636 636 637 637 637 638 637 637 637 637 638 638 638 637 637 637 637 637 637 637 637 0 0 0 0 0 0 0 0 0 0 0 0 0 0 0 0 0 0 0 0 0 0 0 0 0 0 0 0 0 0 0 0 0 0 0 0 0 0 0 0 0 0 0 0 0 0 0 0 0 0 0 0 0 0 0 0 0 0 0 0 0 0 0 0 0 0 0 644 644 644 646 646 642 642 642 642 642 644 643 642 642 642 644 646 646 646 644 644 644 646 646 646 646 646 646 646 644 644 647 647 647 631 631 631 631 632 632 646 648 629 629 629 629 629 629 629 629 629 629 630 631 631 630 628 628 628 628 628 629 629 630 631 631 631 628 628 630 630 631 630 629 629 629 630 634 634 634 631 629 629 630 631 631 631 630 630 630 631 630 630 630 629 629 629 629 629 629 630 631 629 627 627 627 627 627 625 624 624 625 625 624 622 622 622 628 623 623 623
0 0 0 0 0 0 0 0 0 0 0 0 0 0 0 0 0 0 0 0 0 0 636 635 635 635 635 635 635 635 635 635 635 635 635 635 635 635 634 634 634 634 634 634 634 634 635 635 635 635 635 635 635 635 635 635 635 635 635 636 636 635 635 635 635 635 635 636 636 637 637 637 637 636 636 636 636 636 637 637 637 637 637 637 638 638 638 638 638 638 638 638 638 638 637 637 637 637 637 638 638 638 638 638 638 640 640 640 638 638 638 638 638 638 638 638 638 640 638 638 638 638 638 638 638 638 638 640 640 640 640 640 0 0 0 0 0 0 0 0 0 0 0 0 0 0 0 0 0 0 0 0 0 0 0 0 0 0 0 0 0 0 0 0 0 0 0 0 0 0 0 0 0 0 0 0 0 0 0 0 0 0 0 0 0 0 0 0 0 0 0 0 0 0 0 0 0 0 0 632 632 632 646 646 642 642 642 642 642 644 643 642 642 642 627 627 628 628 628 628 644 646 647 647 627 627 627 628 629 627 627 627 627 627 629 630 630 630 630 628 627 627 627 627 628 629 629 628 628 628 627 624 624 627 628 627 624 623 623 624 625 625 627 627 627 627 627 627 625 625 625 628 629 628 627 627 634 634 625 625 625 625 627 627 623 623 624 627 627 628 627 627 627 625 625 627 627 624 623 621 621 624 625 625 624 620 620 620 622 624 623 621 621 620 619 619 619 619 619 619
0 0 0 0 0 0 0 0 0 0 0 0 0 0 0 0 0 0 0 0 0 0 636 635 635 636 636 635 635 635 635 637 635 635 636 637 637 636 635 635 634 634 634 635 635 635 635 635 636 636 636 636 636 636 635 635 635 635 635 636 637 637 637 637 637 635 635 636 636 637 637 637 637 638 638 638 638 638 638 638 638 638 638 638 640 640 640 640 640 640 640 640 640 640 640 638 638 638 638 638 640 640 640 640 640 640 640 640 640 640 640 640 640 638 638 640 640 640 640 640 640 640 640 640 638 638 640 640 640 640 640 640 641 0 0 0 0 0 0 0 0 0 0 0 0 0 0 0 0 0 0 0 0 0 0 0 0 0 0 0 0 0 0 0 0 0 0 0 0 0 0 0 0 0 0 0 0 0 0 0 0 0 0 0 0 0 0 0 0 0 0 0 0 0 0 0 0 630 629 629 630 629 627 627 627 627 628 628 628 628 628 628 627 625 625 627 628 628 627 627 623 623 624 624 624 624 624 627 628 627 623 623 623 623 623 619 619 621 627 623 623 623 624 625 627 627 625 625 625 624 623 622 622 622 622 622 620 619 619 619 620 622 623 622 622 619 619 619 621 622 622 623 622 622 622 622 622 622 620 620 622 622 623 620 620 620 620 621 622 619 619 620 622 622 622 620 620 620 620 619 618 618 618 618 619 619 619 619 619 619 623 621 621 620 618 614 614 615 616 618
0 0 0 0 0 0 0 0 0 0 0 0 0 0 0 0 0 0 0 0 0 0 637 636 636 637 637 637 637 637 637 637 636 636 637 637 637 637 636 636 636 636 636 636 636 636 636 636 636 636 637 637 637 636 636 636 636 637 637 637 637 638 638 638 638 637 637 637 637 637 637 638 638 638 638 638 640 638 638 638 638 640 640 640 641 641 641 641 641 641 641 641 640 640 640 640 640 640 640 640 640 640 640 640 640 640 640 640 641 641 641 641 641 640 640 640 640 641 641 641 641 641 641 641 641 640 640 640 640 640 640 624 624 0 0 0 0 0 0 0 0 0 0 0 0 0 0 0 0 0 0 0 0 0 0 0 0 0 0 0 0 0 0 0 0 0 0 0 0 0 0 0 0 0 0 0 0 0 0 0 0 0 0 0 0 0 0 0 0 0 0 0 0 0 0 0 0 630 629 616 616 618 616 616 619 619 619 619 619 619 620 620 619 619 619 618 618 619 618 618 616 616 616 616 616 616 615 615 616 616 618 618 618 618 618 616 614 613 613 614 616 616 616 615 615 615 615 616 615 613 613 613 614 614 613 613 614 614 614 614 613 613 614 614 613 613 613 615 615 616 615 615 618 619 619 616 615 615 616 616 616 615 615 615 616 616 615 615 614 614 615 618 619 619 619 615 615 615 618 616 614 613 612 612 612 613 615 615 616 619 619 608 618 618 618 612 612 615 615 610
0 0 0 0 0 0 0 0 0 0 0 0 0 0 0 0 0 0 0 0 0 0 638 638 638 637 637 638 637 637 637 637 638 637 637 637 637 637 637 637 637 637 637 637 637 637 637 637 637 637 637 637 637 636 636 636 637 637 638 638 638 638 640 640 638 638 637 637 638 640 640 640 640 640 640 640 640 640 640 640 640 640 640 640 641 641 641 641 641 641 641 641 641 641 641 640 640 640 641 641 640 640 640 641 641 641 641 641 641 641 622 622 641 641 641 641 641 641 641 641 620 619 618 618 618 618 618 619 621 621 621 622 623 623 0 0 0 0 0 0 0 0 0 0 0 0 0 0 0 0 0 0 0 0 0 0 0 0 0 0 0 0 0 0 0 0 0 0 0 0 0 0 0 0 0 0 0 0 0 0 0 0 0 0 0 0 0 0 0 0 0 0 0 0 0 0 0 630 630 613 613 614 614 614 614 614 614 615 616 615 615 614 614 614 613 612 612 613 612 612 612 612 612 613 613 611 611 608 607 607 610 612 612 612 612 612 611 610 609 608 608 608 610 610 613 610 610 611 611 610 610 607 607 607 607 608 611 611 611 610 610 610 606 606 609 609 609 608 607 607 608 609 609 607 607 607 608 609 608 608 608 609 609 609 608 607 607 607 607 608 610 611 619 604 604 604 606 606 606 607 607 609 610 610 606 602 602 603 604 606 608 608 595 595 612 612 606 606 607 607
0 0 0 0 0 0 0 0 0 0 0 0 0 0 0 0 0 0 0 0 0 0 638 638 638 638 638 638 637 637 637 637 638 638 638 638 638 638 638 638 638 638 638 638 638 638 638 638 638 638 638 638 638 638 638 638 638 638 638 638 638 638 637 637 640 640 638 638 638 640 640 640 640 640 641 641 641 641 641 640 640 640 623 623 623 622 621 621 642 641 641 642 621 620 620 619 618 618 620 620 620 619 619 641 641 622 622 622 622 619 619 619 621 613 613 613 615 616 618 618 618 618 616 616 615 615 616 619 619 619 620 620 620 622 0 0 0 0 0 0 0 0 0 0 0 0 0 0 0 0 0 0 0 0 0 0 0 0 0 0 0 0 0 0 0 0 0 0 0 0 0 0 0 0 0 0 0 0 0 0 0 0 0 0 0 0 0 0 0 0 0 0 0 0 0 0 0 0 611 611 611 613 613 612 610 610 610 610 610 610 610 609 609 609 609 609 607 607 607 608 608 609 607 606 606 606 606 606 604 604 604 604 606 606 606 606 604 604 604 603 603 603 603 604 607 607 601 601 604 607 606 604 604 604 604 604 601 601 601 601 602 602 602 602 601 601 602 604 604 604 604 604 603 603 604 606 606 603 603 603 604 606 606 602 601 601 601 601 601 600 600 601 600 600 602 602 602 603 604 602 602 601 600 600 600 600 600 601 602 606 606 595 595 595 591 606 606 606 606 604
0 0 0 0 0 0 0 0 0 0 0 0 0 0 0 0 0 0 0 0 0 0 637 637 638 638 638 638 638 638 638 638 638 638 640 640 640 638 638 638 638 638 638 638 640 638 622 621 621 638 638 638 620 620 620 641 641 638 638 638 638 638 637 637 622 622 622 620 620 621 622 641 621 621 620 619 619 620 620 620 620 620 620 621 621 620 620 614 614 618 621 621 621 620 620 619 618 618 619 619 618 618 618 618 618 619 619 616 616 616 616 619 613 612 612 612 614 614 615 614 614 613 613 613 613 613 613 613 614 614 615 615 615 622 0 0 0 0 0 0 0 0 0 0 0 0 0 0 0 0 0 0 0 0 0 0 0 0 0 0 0 0 0 0 0 0 0 0 0 0 0 0 0 0 0 0 0 0 0 0 0 0 0 0 0 0 0 0 0 0 0 0 0 0 0 0 0 606 606 609 609 607 606 606 606 606 606 607 607 600 600 600 601 604 606 604 603 603 603 603 603 603 602 601 601 602 602 603 602 602 601 601 600 600 600 601 601 601 600 600 600 600 600 598 598 598 600 599 598 598 597 597 597 601 600 599 598 598 598 598 599 599 600 600 599 599 599 599 600 600 600 600 599 599 600 599 597 597 598 598 600 598 598 599 599 598 598 598 598 598 597 597 598 599 600 598 598 598 598 598 598 597 595 595 595 596 596 597 602 594 594 594 594 594 591 591 591 607 606 604
0 0 0 0 0 0 0 0 0 0 0 0 0 0 0 0 0 0 0 0 0 0 637 637 638 621 620 620 620 640 640 640 638 620 619 619 619 619 619 619 620 618 616 615 615 616 618 618 618 618 618 619 620 619 618 618 618 618 618 613 613 613 613 613 613 618 620 619 619 619 619 619 619 619 619 618 618 618 619 619 619 618 618 620 620 620 613 613 613 614 616 616 616 616 616 614 614 615 615 616 618 615 612 612 613 613 613 614 614 610 610 610 610 611 612 612 612 612 610 610 610 610 610 611 610 610 610 610 610 609 609 609 609 0 0 0 0 0 0 0 0 0 0 0 0 0 0 0 0 0 0 0 0 0 0 0 0 0 0 0 0 0 0 0 0 0 0 0 0 0 0 0 0 0 0 0 0 0 0 0 0 0 0 0 0 0 0 0 0 0 0 0 0 0 0 0 601 600 600 599 599 600 601 601 602 601 601 598 598 598 599 599 600 601 602 600 600 600 599 599 600 600 600 598 598 600 600 600 598 598 598 599 598 598 597 597 598 596 596 596 596 596 597 596 596 596 596 596 596 596 595 595 596 596 596 596 596 596 596 597 594 594 593 593 594 596 596 596 597 597 597 597 597 594 594 595 595 595 595 596 596 596 596 596 595 594 594 594 594 595 593 593 593 595 596 596 595 595 596 594 591 591 592 592 593 593 593 594 594 594 590 590 590 590 590 590 590 590 590 0
0 0 0 0 0 0 0 0 0 0 0 0 0 0 0 0 0 0 0 0 0 0 616 616 616 618 618 618 616 616 618 618 616 616 616 616 616 615 615 615 616 615 615 615 615 615 616 616 616 615 615 616 616 616 616 615 615 615 614 612 612 612 612 611 610 609 609 610 612 612 612 612 610 610 615 616 610 610 610 612 612 612 613 613 613 612 612 611 611 611 609 609 610 610 611 611 612 612 606 606 607 609 610 610 611 611 612 609 609 608 608 608 608 608 608 608 607 606 606 606 606 607 607 607 607 604 604 606 606 606 606 606 606 606 0 0 0 0 0 0 0 0 0 0 0 0 0 0 0 0 0 0 0 0 0 0 0 0 0 0 0 0 0 0 0 0 0 0 0 0 0 0 0 0 0 0 0 0 0 0 0 0 0 0 0 0 0 0 0 0 0 0 0 0 0 0 601 600 597 597 598 598 598 597 596 596 595 595 596 596 597 597 597 599 593 593 593 593 596 596 597 596 596 594 593 593 593 593 594 593 593 596 593 593 594 595 593 593 593 593 593 593 591 590 590 590 592 592 592 590 590 589 589 590 592 592 593 593 593 591 591 590 589 589 590 590 591 592 591 591 591 590 590 590 590 592 593 593 591 591 592 593 594 594 593 592 592 590 590 590 588 588 589 591 592 592 592 586 586 586 586 586 589 589 591 591 591 593 593 589 589 589 590 590 590 590 581 581 582 582
0 0 0 0 0 0 0 0 0 0 0 0 0 0 0 0 0 0 0 0 0 0 615 615 615 615 616 616 616 615 614 613 613 613 615 615 613 613 612 612 612 614 614 611 611 612 612 613 613 612 612 610 610 610 610 612 612 612 612 611 611 611 611 610 609 608 608 607 607 608 608 608 609 609 608 607 607 607 608 608 608 609 609 609 609 609 609 610 607 606 604 604 604 604 606 606 604 604 604 604 606 607 608 608 601 601 607 607 607 604 604 603 602 602 602 602 602 602 603 603 603 604 603 603 603 602 600 600 601 602 602 600 597 596 596 0 0 0 0 0 0 0 0 0 0 0 0 0 0 0 0 0 0 0 0 0 0 0 0 0 0 0 0 0 0 0 0 0 0 0 0 0 0 0 0 0 0 0 0 0 0 0 0 0 0 0 0 0 0 0 0 0 0 0 0 0 0 0 594 594 596 596 596 593 593 593 593 593 593 592 592 592 592 592 591 591 591 592 594 589 589 591 585 585 592 592 589 589 589 589 589 589 589 589 589 589 589 590 590 590 591 591 589 588 588 588 589 590 590 589 588 587 587 587 588 588 589 590 590 589 588 588 588 588 588 588 585 585 585 586 586 588 589 589 589 590 589 589 588 588 589 588 588 594 588 588 588 587 587 586 586 586 586 586 587 583 583 583 583 584 584 584 586 586 587 591 591 593 593 589 589 589 592 592 580 580 580 580 580 580
0 0 0 0 0 0 0 0 0 0 0 0 0 0 0 0 0 0 0 0 0 0 610 610 610 612 612 612 612 612 612 610 610 610 609 609 609 609 609 609 609 609 608 608 608 608 610 610 610 609 609 608 608 608 607 607 607 607 607 607 608 608 607 607 607 607 606 603 603 603 603 604 606 606 604 604 604 604 604 603 603 603 604 606 606 607 607 607 603 602 601 601 602 602 600 600 601 601 602 602 602 603 602 601 600 600 598 598 607 600 598 598 599 599 600 600 600 599 599 600 600 601 598 596 596 593 593 595 596 596 596 596 595 594 593 593 0 0 0 0 0 0 0 0 0 0 0 0 0 0 0 0 0 0 0 0 0 0 0 0 0 0 0 0 0 0 0 0 0 0 0 0 0 0 0 0 0 0 0 0 0 0 0 0 0 0 0 0 0 0 0 0 0 0 0 0 0 0 592 592 596 596 596 587 587 590 589 588 587 587 587 589 589 589 588 588 588 588 589 589 585 585 585 585 587 587 586 586 586 586 586 585 585 585 585 586 585 585 585 585 588 587 587 584 584 584 584 584 584 584 585 585 585 585 585 584 581 581 584 587 586 585 584 584 584 584 583 583 583 582 582 583 585 588 589 582 582 582 583 584 583 579 579 580 580 580 581 581 581 580 580 582 582 582 581 581 581 580 580 581 582 582 582 578 578 578 578 566 566 569 569 569 569 577 578 578 578 579 579 579
0 0 0 0 0 0 0 0 0 0 0 0 0 0 0 0 0 0 0 0 0 0 604 604 606 606 606 606 606 607 604 604 604 604 606 604 604 607 607 607 608 606 604 604 603 603 603 601 601 607 607 606 606 604 602 601 599 599 600 599 599 599 599 601 602 602 601 599 599 599 599 597 597 597 598 599 601 601 600 600 599 599 599 602 603 606 596 596 596 597 598 598 598 598 598 597 597 597 598 599 599 597 597 598 597 595 594 594 594 592 592 592 594 594 597 598 596 596 597 598 592 592 592 591 591 592 592 592 591 591 589 589 589 591 592 592 595 0 0 0 0 0 0 0 0 0 0 0 0 0 0 0 0 0 0 0 0 0 0 0 0 0 0 0 0 0 0 0 0 0 0 0 0 0 0 0 0 0 0 0 0 0 0 0 0 0 0 0 0 0 0 0 0 0 0 0 0 578 577 577 579 579 580 582 582 585 584 584 584 584 585 587 585 583 583 582 582 583 584 580 580 581 581 576 576 579 579 582 583 581 581 581 579 579 580 580 581 580 580 578 577 577 577 580 580 580 581 580 580 581 581 581 583 583 582 581 576 576 577 577 580 579 579 577 577 577 579 579 580 580 580 581 579 577 577 577 577 580 581 580 580 578 578 578 578 578 577 575 575 576 577 578 578 578 578 578 579 579 578 578 578 575 575 575 576 576 566 566 566 569 569 569 569 577 577 577 578 576 576 574
0 0 0 0 0 0 0 0 0 0 0 0 0 0 0 0 0 0 0 0 0 0 602 602 602 603 603 603 603 603 600 600 601 601 602 602 601 601 602 604 600 599 599 601 600 599 598 598 597 597 598 600 601 601 596 596 597 597 597 598 599 596 595 591 591 597 597 597 597 597 594 594 595 595 596 595 594 592 592 592 596 596 593 593 592 592 593 594 594 595 595 595 596 594 594 593 593 592 592 589 588 587 587 589 589 590 590 591 589 589 590 591 591 590 590 590 591 587 587 588 587 587 588 588 588 589 590 590 588 588 587 587 588 589 591 592 595 0 0 0 0 0 0 0 0 0 0 0 0 0 0 0 0 0 0 0 0 0 0 0 0 0 0 0 0 0 0 0 0 0 0 0 0 0 0 0 0 0 0 0 0 0 0 0 0 0 0 0 0 0 0 0 0 0 0 580 579 578 577 577 578 579 580 580 580 580 580 580 580 580 581 581 581 581 581 580 580 579 577 577 577 577 578 573 573 577 577 578 577 577 577 577 577 577 577 577 577 577 576 575 575 574 574 574 574 575 575 575 575 574 574 575 575 575 573 573 574 574 574 575 575 575 575 575 574 574 574 575 577 577 575 574 574 575 576 576 576 575 575 575 574 574 576 577 576 574 574 573 573 573 574 574 575 574 574 575 576 576 576 576 574 572 572 572 572 572 566 566 566 569 569 569 569 569 577 577 578 576 570 570
0 0 0 0 0 0 0 0 0 0 0 0 0 0 0 0 0 0 0 0 0 0 602 597 597 596 596 599 597 596 596 597 597 597 596 596 596 595 593 592 592 593 595 594 592 592 593 595 595 594 594 594 593 592 592 592 593 593 595 594 594 591 591 590 590 590 591 591 591 591 593 593 593 593 592 592 592 591 590 589 589 591 591 591 591 591 592 592 591 590 590 591 590 589 588 588 590 591 588 587 587 586 586 587 588 587 587 586 586 586 586 587 586 586 586 585 585 585 584 584 584 584 584 584 585 587 588 586 584 584 584 584 585 584 584 586 0 0 0 0 0 0 0 0 0 0 0 0 0 0 0 0 0 0 0 0 0 0 0 0 0 0 0 0 0 0 0 0 0 0 0 0 0 0 0 0 0 0 0 0 0 0 0 0 0 0 0 0 0 0 0 0 0 0 584 580 578 576 576 576 577 577 577 576 576 574 574 576 577 578 577 577 578 578 578 578 576 576 575 575 573 573 575 573 573 573 573 572 572 572 573 573 573 573 573 574 576 574 574 573 573 572 572 572 572 572 572 572 570 570 570 571 571 572 571 571 572 572 572 572 571 571 572 572 572 571 571 571 569 569 569 570 572 573 574 570 569 569 569 570 571 571 572 572 571 571 571 572 572 573 570 570 571 571 570 570 567 567 568 568 568 569 569 569 566 566 565 565 565 566 566 566 567 567 567 578 578 578 564 564
0 0 0 0 0 0 0 0 0 0 0 0 0 0 0 0 0 0 0 0 0 0 0 591 591 592 592 592 593 593 594 594 594 594 594 593 593 591 591 590 590 590 591 591 591 591 591 591 591 592 593 593 590 589 589 589 590 590 590 589 585 585 585 587 586 586 585 585 586 587 588 589 588 588 588 588 589 588 588 588 588 589 589 589 590 591 592 587 586 586 586 586 586 587 586 586 585 584 583 583 583 583 583 584 585 584 584 583 583 583 583 582 582 583 581 581 582 582 583 582 581 581 582 582 583 584 588 581 581 580 579 579 579 579 580 583 0 0 0 0 0 0 0 0 0 0 0 0 0 0 0 0 0 0 0 0 0 0 0 0 0 0 0 0 0 0 0 0 0 0 0 0 0 0 0 0 0 0 0 0 0 0 0 0 0 0 0 0 0 0 0 0 0 0 584 583 571 571 573 576 576 575 575 574 574 573 573 573 574 575 570 569 569 569 569 570 571 568 568 568 569 570 571 571 572 572 570 569 569 569 569 568 568 566 566 574 565 565 569 569 571 569 567 567 567 569 568 568 567 567 566 566 567 569 569 569 569 567 567 567 567 567 567 566 566 566 565 565 565 565 565 566 566 566 566 566 566 566 566 568 567 567 566 566 567 563 563 570 570 571 568 568 568 568 568 564 564 564 564 564 565 566 566 565 565 565 565 565 564 563 563 564 564 565 565 554 560 560 560 560
0 0 0 0 0 0 0 0 0 0 0 0 0 0 0 0 0 0 0 0 0 0 0 590 590 589 589 588 588 589 590 592 592 592 593 589 589 589 589 589 589 589 589 589 589 589 589 588 588 588 587 584 584 584 586 586 587 585 585 580 580 580 582 585 584 583 583 583 583 583 582 582 583 584 585 584 584 584 584 586 586 586 584 583 581 579 577 577 580 578 578 578 578 579 580 581 581 580 580 580 580 578 578 578 578 578 577 577 577 577 578 578 578 578 577 577 577 577 577 577 581 579 578 576 575 574 574 575 576 576 576 576 576 576 578 583 0 0 0 0 0 0 0 0 0 0 0 0 0 0 0 0 0 0 0 0 0 0 0 0 0 0 0 0 0 0 0 0 0 0 0 0 0 0 0 0 0 0 0 0 0 0 0 0 0 0 0 0 0 0 0 0 0 0 0 566 566 566 566 569 565 565 566 567 568 569 570 570 571 570 568 566 566 566 566 566 567 565 565 566 567 567 567 567 566 565 565 566 565 565 565 565 565 565 565 565 565 565 565 565 567 564 564 563 563 563 563 563 565 565 565 565 563 563 563 563 564 563 563 564 564 565 565 565 565 565 563 563 562 562 562 562 563 563 564 564 565 565 565 565 565 565 565 565 564 562 560 560 559 559 561 564 564 563 563 562 562 561 561 562 562 563 563 563 564 564 560 560 559 559 560 560 560 554 554 554 556 556 558 555
0 0 0 0 0 0 0 0 0 0 0 0 0 0 0 0 0 0 0 0 0 0 0 587 587 587 586 586 586 586 586 582 582 582 582 582 583 586 587 586 583 579 579 581 582 582 583 583 585 584 581 581 581 580 580 580 582 583 583 579 578 578 579 579 582 582 582 581 580 580 581 581 582 580 580 580 580 580 578 578 574 574 575 578 578 578 577 577 577 576 576 576 575 575 575 575 576 576 575 575 576 575 575 575 575 575 575 574 573 573 573 574 576 576 576 574 573 572 572 572 572 579 574 572 569 569 569 568 568 571 571 571 570 569 569 0 0 0 0 0 0 0 0 0 0 0 0 0 0 0 0 0 0 0 0 0 0 0 0 0 0 0 0 0 0 0 0 0 0 0 0 0 0 0 0 0 0 0 0 0 0 0 0 0 0 0 0 0 0 0 0 0 0 0 562 562 563 565 565 565 565 565 565 565 565 566 566 564 564 564 564 566 565 565 563 562 562 562 562 562 563 564 562 560 559 559 561 563 563 563 563 563 562 562 562 562 563 563 562 562 561 561 561 561 561 561 561 561 562 562 562 562 561 561 561 559 559 559 559 560 560 562 561 561 561 561 560 559 559 559 558 558 559 559 560 561 562 562 558 558 560 560 561 562 561 557 557 558 558 558 558 558 558 560 560 560 560 559 559 556 555 555 555 556 557 557 556 555 555 557 558 557 554 554 554 554 555 555 555 554
0 0 0 0 0 0 0 0 0 0 0 0 0 0 0 0 0 0 0 0 0 0 0 582 580 580 580 580 582 582 581 580 579 579 579 579 579 579 575 575 579 578 578 578 578 578 580 581 580 578 578 579 579 578 578 574 574 575 575 575 576 576 578 578 578 574 574 574 573 573 574 580 582 575 575 576 576 573 573 574 568 568 571 572 572 575 575 575 574 574 574 574 573 572 571 571 571 571 572 571 569 569 571 570 570 571 571 571 571 571 571 570 569 569 568 568 570 569 569 567 567 568 569 569 568 568 568 567 567 566 566 566 566 566 566 566 0 0 0 0 0 0 0 0 0 0 0 0 0 0 0 0 0 0 0 0 0 0 0 0 0 0 0 0 0 0 0 0 0 0 0 0 0 0 0 0 0 0 0 0 0 0 0 0 0 0 0 0 0 0 0 0 0 0 561 561 562 563 563 562 562 562 562 562 563 562 562 560 560 561 561 566 558 558 558 558 559 559 559 559 559 559 557 557 557 557 557 563 560 560 559 559 556 556 559 559 558 555 554 551 551 552 557 558 558 558 558 558 558 557 557 557 555 555 556 557 557 556 554 554 554 555 558 558 555 555 555 555 557 557 557 557 558 558 557 557 556 556 556 556 556 557 558 558 555 554 554 555 555 555 554 554 555 557 557 558 558 557 557 554 554 554 554 554 554 554 554 554 554 554 552 552 552 552 552 552 552 552 553 554
0 0 0 0 0 0 0 0 0 0 0 0 0 0 0 0 0 0 0 0 0 0 0 578 578 577 577 577 578 578 578 578 578 578 577 577 575 574 572 572 574 576 576 576 574 574 575 574 574 572 572 573 574 574 574 573 573 573 571 571 571 572 575 571 570 570 570 569 569 570 571 569 568 568 568 568 569 570 570 569 568 568 568 568 570 570 570 570 570 570 570 569 569 569 569 568 568 568 568 568 567 567 566 566 566 566 567 568 569 570 570 567 567 567 567 567 567 566 565 564 564 563 563 564 564 564 565 565 564 561 561 564 564 564 564 565 0 0 0 0 0 0 0 0 0 0 0 0 0 0 0 0 0 0 0 0 0 0 0 0 0 0 0 0 0 0 0 0 0 0 0 0 0 0 0 0 0 0 0 0 0 0 0 0 0 0 0 0 0 0 0 0 0 0 561 561 561 561 558 558 558 558 558 559 559 559 559 558 558 556 556 556 555 555 556 556 557 557 557 557 557 556 554 554 554 554 554 554 554 554 554 554 553 553 553 554 554 554 554 551 551 552 551 551 552 554 553 553 554 557 554 552 552 551 551 551 552 553 552 552 552 553 558 553 553 553 554 554 555 554 554 554 555 554 554 554 554 555 555 555 553 553 552 551 551 552 552 552 554 554 554 553 551 550 550 550 550 551 551 551 551 551 553 551 550 550 551 551 551 550 549 549 551 551 548 547 547 550 553 0
0 0 0 0 0 0 0 0 0 0 0 0 0 0 0 0 0 0 0 0 0 0 0 575 575 574 574 572 572 572 573 573 573 573 574 574 571 571 570 570 571 573 573 574 569 569 569 569 570 571 571 570 570 570 571 571 571 570 567 567 567 566 566 566 566 567 567 566 566 567 567 566 565 565 567 567 568 568 568 567 566 565 565 566 566 566 565 565 565 566 565 565 565 566 566 565 565 565 565 563 563 562 562 563 564 564 565 567 568 568 562 561 561 561 560 560 560 561 561 561 561 561 561 561 560 560 560 559 559 559 560 560 560 563 563 564 0 0 0 0 0 0 0 0 0 0 0 0 0 0 0 0 0 0 0 0 0 0 0 0 0 0 0 0 0 0 0 0 0 0 0 0 0 0 0 0 0 0 0 0 0 0 0 0 0 0 0 0 0 0 0 0 0 0 550 550 552 555 554 554 554 554 554 554 554 553 552 552 554 552 552 551 551 553 553 553 553 553 551 551 551 551 551 551 551 551 550 550 549 548 548 548 549 550 551 552 554 551 551 550 550 550 547 547 547 549 549 549 554 547 547 548 548 548 547 547 548 549 549 549 549 547 546 546 547 549 551 552 555 554 546 546 547 549 550 551 551 554 555 547 547 547 548 548 548 548 549 546 546 550 551 549 546 545 545 546 546 546 546 546 546 546 545 545 546 546 547 547 547 546 546 544 544 543 541 541 545 550 0 0
0 0 0 0 0 0 0 0 0 0 0 0 0 0 0 0 0 0 0 0 0 0 0 568 568 568 570 571 571 567 566 566 567 567 568 568 568 568 568 567 564 564 564 564 565 565 565 565 564 564 565 565 565 565 565 571 571 561 561 563 563 563 563 563 564 564 564 564 564 564 565 565 565 565 565 565 565 563 561 561 562 562 562 564 564 564 564 563 563 563 562 562 557 556 554 554 559 559 554 554 555 557 558 559 558 555 553 553 554 554 554 555 555 555 555 555 555 554 551 551 551 551 551 552 552 552 553 553 553 553 553 553 553 553 553 564 0 0 0 0 0 0 0 0 0 0 0 0 0 0 0 0 0 0 0 0 0 0 0 0 0 0 0 0 0 0 0 0 0 0 0 0 0 0 0 0 0 0 0 0 0 0 0 0 0 0 0 0 0 0 0 0 0 0 548 548 548 545 545 546 546 544 544 545 546 546 546 546 545 545 545 544 544 544 544 544 544 543 543 543 542 542 544 544 544 544 544 544 544 543 543 543 543 544 544 541 540 540 541 541 541 543 543 544 544 546 546 540 540 540 543 543 543 541 541 541 546 546 546 546 544 544 544 544 545 546 545 544 543 543 544 544 545 546 546 546 545 545 545 545 545 546 546 546 546 546 545 543 543 540 540 539 539 542 544 545 544 543 543 543 543 543 543 543 544 544 545 547 541 541 541 542 542 543 541 541 545 0 0 0
0 0 0 0 0 0 0 0 0 0 0 0 0 0 0 0 0 0 0 0 0 0 0 566 565 565 565 564 564 564 564 565 565 565 565 560 560 564 565 564 563 563 563 563 563 563 563 563 563 563 562 562 561 560 560 559 559 559 559 558 558 556 555 555 556 556 557 556 556 554 554 554 556 555 555 555 555 556 556 557 559 557 554 554 554 554 554 554 554 554 554 554 553 553 553 553 553 552 552 552 552 557 557 547 547 550 551 551 551 551 551 554 554 553 553 553 552 549 549 549 548 548 549 549 549 550 551 552 550 549 549 548 546 546 547 0 0 0 0 0 0 0 0 0 0 0 0 0 0 0 0 0 0 0 0 0 0 0 0 0 0 0 0 0 0 0 0 0 0 0 0 0 0 0 0 0 0 0 0 0 0 0 0 0 0 0 0 0 0 0 0 0 0 543 542 541 541 541 541 542 542 540 540 540 541 542 545 543 542 542 542 542 542 542 543 543 543 540 540 540 540 540 540 540 540 540 541 541 540 540 540 540 540 540 539 539 539 539 540 539 539 540 540 541 542 546 540 540 540 540 541 543 543 538 538 538 538 538 539 540 538 538 539 539 539 539 540 540 540 540 538 538 538 539 539 539 540 540 541 540 539 538 538 538 538 538 542 541 540 539 539 539 539 540 541 541 540 540 540 540 541 541 541 541 540 540 540 539 539 538 538 542 542 542 542 528 528 538 538 538
0 0 0 0 0 0 0 0 0 0 0 0 0 0 0 0 0 0 0 0 0 0 0 560 560 561 560 560 559 559 561 562 562 558 558 556 556 555 555 556 557 556 556 556 556 557 558 558 556 556 555 555 555 555 555 559 549 549 553 554 554 553 553 554 554 554 554 553 551 551 551 551 553 553 554 554 554 554 551 550 549 549 551 551 552 552 552 552 551 550 550 550 550 550 550 550 550 549 549 547 546 545 545 546 546 546 547 549 549 547 547 547 547 548 553 547 547 547 547 546 546 545 545 546 546 546 544 544 544 544 544 545 546 546 546 0 0 0 0 0 0 0 0 0 0 0 0 0 0 0 0 0 0 0 0 0 0 0 0 0 0 0 0 0 0 0 0 0 0 0 0 0 0 0 0 0 0 0 0 0 0 0 0 0 0 0 0 0 0 0 0 0 0 540 539 539 539 539 539 539 537 537 537 537 538 539 540 540 540 540 539 539 539 538 538 540 540 538 536 536 536 538 538 538 537 537 537 537 537 537 537 536 536 536 536 536 536 536 537 536 536 536 536 535 535 534 534 534 534 537 541 534 534 535 535 535 535 534 534 535 535 534 534 534 536 536 537 536 534 534 534 535 536 537 537 537 537 537 537 537 537 536 535 535 534 534 534 535 535 537 534 534 534 534 534 534 534 534 532 531 531 532 533 533 534 534 535 535 535 534 534 534 531 531 0 525 528 528 528 531
0 0 0 0 0 0 0 0 0 0 0 0 0 0 0 0 0 0 0 0 0 0 0 555 553 553 554 554 554 553 552 551 550 550 552 554 554 554 552 551 551 552 552 550 549 549 549 549 553 553 552 550 550 549 549 547 547 547 549 551 551 552 551 551 551 549 549 549 548 548 548 546 546 546 546 549 549 549 549 549 548 548 548 548 549 546 546 545 545 545 547 548 548 549 547 547 546 546 545 545 544 544 543 543 545 546 546 546 546 546 546 546 546 546 546 546 547 540 540 540 540 543 542 542 541 541 541 541 541 541 541 541 543 543 543 541 541 0 0 0 0 0 0 0 0 0 0 0 0 0 0 0 0 0 0 0 0 0 0 0 0 0 0 0 0 0 0 0 0 0 0 0 0 0 0 0 0 0 0 0 0 0 0 0 0 0 0 0 0 0 0 0 0 534 534 535 537 537 537 537 536 536 536 536 536 536 534 534 535 535 536 535 535 535 535 536 534 533 533 534 534 533 533 533 534 534 535 534 534 534 534 533 533 533 533 534 533 532 531 531 531 531 531 532 532 532 531 531 530 530 530 530 531 532 532 532 532 531 531 530 530 531 532 531 531 531 530 530 531 532 533 533 534 535 535 529 528 528 529 529 530 532 534 534 533 533 533 533 534 530 530 530 530 531 531 531 531 530 530 529 529 529 529 529 530 530 531 535 535 534 531 531 531 521 521 525 525 525 526 527
0 0 0 0 0 0 0 0 0 0 0 0 0 0 0 0 0 0 0 0 0 0 0 555 552 551 551 551 551 550 548 548 548 548 549 549 549 549 549 548 548 549 549 549 547 546 546 545 545 546 546 547 546 546 546 546 546 546 546 546 548 546 546 544 544 544 543 543 544 546 546 546 545 543 543 543 543 543 545 545 546 543 543 543 545 543 543 543 543 544 544 544 540 540 540 540 540 540 540 541 541 542 542 542 544 545 545 540 540 540 541 546 546 539 539 546 538 538 538 538 540 540 540 540 540 540 540 540 540 539 539 539 538 538 537 537 537 538 0 0 0 0 0 0 0 0 0 0 0 0 0 0 0 0 0 0 0 0 0 0 0 0 0 0 0 0 0 0 0 0 0 0 0 0 0 0 0 0 0 0 0 0 0 0 0 0 0 0 0 0 0 0 0 534 533 533 534 537 537 533 533 533 533 534 534 533 530 530 532 532 532 533 533 535 535 536 534 530 530 531 530 530 530 530 530 531 532 529 529 529 529 530 530 530 530 529 529 529 530 530 529 529 529 527 527 528 528 529 529 528 528 528 528 528 528 528 527 527 527 528 528 529 529 529 529 529 529 529 529 529 529 529 529 529 527 527 527 527 527 528 527 527 525 525 526 526 526 528 527 527 528 528 528 529 530 528 526 525 525 525 525 525 525 525 525 527 527 526 526 525 525 526 526 521 521 521 521 521 522 526
0 0 0 0 0 0 0 0 0 0 0 0 0 0 0 0 0 0 0 0 0 0 0 0 548 547 545 545 546 546 546 546 546 546 546 546 546 546 546 546 545 545 545 546 546 545 545 545 545 546 546 546 546 546 546 543 542 541 540 540 540 540 541 542 541 541 541 541 541 542 543 543 543 541 540 540 540 540 540 540 540 540 541 541 542 541 541 541 541 536 536 536 536 536 536 537 537 537 538 538 538 538 537 537 541 534 534 534 536 535 535 535 534 534 535 535 535 536 536 535 535 535 536 536 534 534 534 534 534 535 536 535 535 535 534 534 534 534 536 0 0 0 0 0 0 0 0 0 0 0 0 0 0 0 0 0 0 0 0 0 0 0 0 0 0 0 0 0 0 0 0 0 0 0 0 0 0 0 0 0 0 0 0 0 0 0 0 0 0 0 0 525 525 528 528 527 525 525 525 525 529 530 530 534 534 527 527 528 528 529 527 527 526 526 526 526 525 525 525 524 524 525 526 526 526 526 526 526 526 526 527 527 527 527 527 527 527 528 529 529 529 528 527 525 525 526 526 527 527 525 525 526 526 526 525 525 525 525 525 526 525 525 526 526 527 525 525 525 525 525 525 525 525 525 525 525 525 525 526 526 526 525 525 525 524 524 524 524 525 525 525 524 523 523 521 521 522 523 524 524 523 523 522 522 522 522 522 525 524 524 521 521 515 515 521 520 520 519 518 518
0 0 0 0 0 0 0 0 0 0 0 0 0 0 0 0 0 0 0 0 0 0 0 0 542 542 542 542 542 543 543 543 544 545 545 544 544 542 542 543 542 542 542 542 542 542 540 540 543 544 539 539 543 543 540 540 538 538 538 538 538 539 539 539 539 539 539 538 538 538 538 540 539 539 539 539 539 539 539 539 539 539 538 537 537 536 536 536 535 535 535 535 535 535 535 535 535 535 536 536 536 536 535 534 533 533 533 533 533 533 532 532 532 533 533 533 534 534 534 534 532 532 532 533 533 532 532 532 532 532 530 530 529 529 531 532 532 530 530 0 0 0 0 0 0 0 0 0 0 0 0 0 0 0 0 0 0 0 0 0 0 0 0 0 0 0 0 0 0 0 0 0 0 0 0 0 0 0 0 0 0 0 0 0 0 0 0 0 0 0 0 523 523 524 526 526 525 525 525 525 525 523 523 523 523 523 523 523 523 524 523 523 523 523 524 524 524 523 522 521 521 523 523 523 524 524 523 523 523 524 524 524 524 525 524 523 523 524 524 525 524 524 524 524 523 523 526 527 523 523 523 524 521 521 521 521 522 523 523 525 525 525 524 524 525 519 519 520 521 521 521 520 520 521 521 521 523 524 521 521 522 522 523 523 522 522 522 521 520 519 519 520 521 521 520 520 520 520 520 518 518 520 520 521 521 521 521 525 524 524 515 515 515 515 518 518 517 517 516 515
0 0 0 0 0 0 0 0 0 0 0 0 0 0 0 0 0 0 0 0 0 0 0 0 539 538 538 539 540 540 541 541 541 541 540 540 539 539 539 539 540 540 533 533 534 533 533 533 533 534 535 535 535 535 535 534 534 534 535 535 537 535 534 534 534 534 535 535 534 534 536 536 537 535 533 533 533 533 535 536 535 535 534 534 534 534 534 534 534 534 534 533 533 533 533 533 533 534 532 532 534 532 532 531 531 532 532 532 531 531 530 529 529 529 529 530 529 529 526 526 527 528 529 530 529 529 528 527 527 526 526 526 527 527 527 526 526 527 529 0 0 0 0 0 0 0 0 0 0 0 0 0 0 0 0 0 0 0 0 0 0 0 0 0 0 0 0 0 0 0 0 0 0 0 0 0 0 0 0 0 0 0 0 0 0 0 0 0 0 0 0 522 522 522 524 524 523 523 523 522 521 521 522 522 522 521 521 521 521 521 521 521 522 521 521 521 521 521 521 521 521 521 521 522 521 519 519 520 519 519 519 519 520 521 520 520 520 520 519 517 517 516 516 524 523 523 523 517 517 519 519 518 518 517 517 518 517 517 517 517 518 518 524 517 515 515 517 517 517 518 519 517 517 517 517 519 519 520 520 520 520 520 520 515 515 517 519 517 517 517 517 517 517 517 518 518 518 518 517 517 516 515 514 513 513 512 512 513 513 515 515 515 515 515 518 516 514 514 515 514
0 0 0 0 0 0 0 0 0 0 0 0 0 0 0 0 0 0 0 0 0 0 0 0 534 534 534 535 537 538 539 541 541 537 535 535 536 537 535 534 534 534 532 532 533 532 532 532 532 532 532 533 534 532 531 531 532 532 533 534 534 534 533 533 532 532 532 533 530 530 529 529 531 530 530 530 529 529 535 535 533 529 529 529 529 534 533 533 533 527 527 530 529 529 529 529 529 528 528 525 525 526 527 529 529 531 531 529 529 528 526 525 525 525 526 527 529 529 525 525 524 524 526 526 526 525 525 525 525 525 525 525 524 523 523 523 523 525 525 0 0 0 0 0 0 0 0 0 0 0 0 0 0 0 0 0 0 0 0 0 0 0 0 0 0 0 0 0 0 0 0 0 0 0 0 0 0 0 0 0 0 0 0 0 0 0 0 0 0 0 0 521 521 521 519 518 518 520 521 521 521 521 521 521 521 519 519 519 518 518 520 521 519 518 518 518 519 519 519 518 518 519 521 517 517 517 516 516 517 517 517 517 517 521 517 516 516 516 514 514 514 514 514 514 514 514 514 514 514 514 514 514 514 515 515 514 514 516 515 515 516 514 514 514 514 514 514 514 514 514 515 514 514 515 517 515 515 515 515 517 516 515 512 512 512 514 514 514 514 514 515 515 513 512 512 512 512 512 514 514 514 513 512 512 511 511 511 511 512 0 512 512 516 0 516 516 511 511 509 509
0 0 0 0 0 0 0 0 0 0 0 0 0 0 0 0 0 0 0 0 0 0 0 0 532 532 532 532 532 529 529 529 529 530 530 530 529 529 530 531 531 531 531 531 532 531 531 530 530 530 530 530 531 530 529 529 529 530 530 530 530 531 529 529 528 527 526 526 526 527 528 525 524 524 526 527 526 524 524 524 525 527 527 527 527 527 523 523 523 523 524 525 525 525 526 526 525 523 523 523 524 525 526 526 528 522 521 521 524 524 523 522 522 524 524 523 523 522 521 521 521 522 521 521 526 521 521 522 522 523 522 521 521 520 520 520 521 523 525 513 513 514 0 0 0 0 0 0 0 0 0 0 0 0 0 0 0 0 0 0 0 0 0 0 0 0 0 0 0 0 0 0 0 0 0 0 0 0 0 0 0 0 0 0 0 0 0 0 0 0 0 521 521 521 517 516 516 516 517 517 517 520 517 517 517 517 517 516 513 511 511 512 514 514 516 516 515 512 512 514 515 519 519 514 514 514 514 514 512 512 514 512 512 512 512 512 513 513 513 511 511 511 511 511 511 511 511 511 512 512 512 513 514 514 512 512 513 512 512 511 511 511 512 512 513 513 512 512 512 511 511 511 513 513 512 512 512 512 512 514 514 513 511 511 511 511 511 512 511 511 511 511 511 511 511 509 509 509 509 511 511 511 511 511 511 511 510 510 512 512 0 0 0 0 511 511 511 511 508 507
0 0 0 0 0 0 0 0 0 0 0 0 0 0 0 0 0 0 0 0 0 0 0 0 529 529 529 529 527 526 526 526 527 528 529 529 529 529 529 529 529 529 529 529 529 529 529 529 528 526 525 525 525 526 527 527 528 528 525 525 524 524 524 525 525 523 522 522 524 523 523 523 523 523 524 525 523 523 523 523 524 524 525 524 524 522 522 522 522 523 523 523 523 523 522 522 522 521 521 521 520 520 520 519 519 520 520 520 520 520 520 520 520 520 518 518 519 519 519 520 519 517 517 517 517 517 517 518 518 517 517 518 518 518 517 517 517 514 514 513 513 514 514 0 0 0 0 0 0 0 0 0 0 0 0 0 0 0 0 0 0 0 0 0 0 0 0 0 0 0 0 0 0 0 0 0 0 0 0 0 0 0 0 0 0 0 0 0 0 0 0 511 511 512 513 513 512 512 514 517 517 511 511 511 511 511 511 511 511 511 511 511 512 512 511 511 511 511 510 510 511 511 511 511 511 511 511 510 510 510 510 510 511 511 511 511 511 510 510 510 510 509 509 509 509 509 511 511 511 511 510 510 511 511 511 511 511 510 508 507 507 508 510 510 511 511 511 511 510 509 508 508 508 508 509 510 510 510 507 507 507 508 509 508 508 507 507 509 508 508 508 507 507 507 508 508 508 507 505 505 506 506 507 507 507 507 510 510 510 510 0 0 0 0 0 497 497 500 500 499
0 0 0 0 0 0 0 0 0 0 0 0 0 0 0 0 0 0 0 0 0 0 0 0 526 526 526 525 525 525 525 525 526 526 526 526 526 528 526 526 526 525 525 525 525 525 526 526 525 525 525 524 524 525 525 525 525 525 524 523 522 522 519 519 519 520 520 520 521 520 520 520 521 521 521 521 521 521 522 522 521 520 520 519 518 518 518 518 521 521 522 521 521 520 519 519 519 519 520 519 517 517 517 517 518 519 519 520 519 519 518 517 516 516 516 516 517 516 516 515 514 514 514 514 514 515 515 516 516 515 515 515 516 515 515 515 516 513 513 513 513 514 514 0 0 0 0 0 0 0 0 0 0 0 0 0 0 0 0 0 0 0 0 0 0 0 0 0 0 0 0 0 0 0 0 0 0 0 0 0 0 0 0 0 0 0 0 0 0 510 508 508 509 508 508 509 509 509 509 508 508 508 508 509 509 510 508 508 508 508 508 509 508 508 507 507 507 507 507 507 507 507 507 507 507 507 507 507 507 507 508 508 508 507 507 504 504 505 505 506 507 507 507 507 507 507 507 507 507 507 507 508 509 507 506 506 507 506 505 504 504 506 507 507 507 505 505 505 505 506 506 506 506 507 507 507 507 507 505 505 505 505 506 506 506 505 505 507 507 507 507 506 506 506 506 506 506 505 502 502 504 504 505 505 504 504 504 499 499 499 0 0 494 494 494 497 497 497 497 498
0 0 0 0 0 0 0 0 0 0 0 0 0 0 0 0 0 0 0 0 0 0 0 0 523 521 521 521 523 524 525 524 522 521 520 520 520 521 524 524 525 521 521 522 521 521 519 519 519 521 521 522 522 522 522 523 521 521 520 520 519 519 518 517 517 517 517 517 517 516 516 517 517 517 517 517 517 517 517 518 516 516 517 517 517 517 517 517 514 514 514 514 514 516 514 514 514 514 514 516 516 516 516 517 517 517 519 520 519 519 514 513 512 512 511 511 514 514 513 513 513 513 513 513 513 515 515 514 511 511 511 512 513 513 513 513 514 513 513 513 513 514 0 0 0 0 0 0 0 0 0 0 0 0 0 0 0 0 0 0 0 0 0 0 0 0 0 0 0 0 0 0 0 0 0 0 0 0 0 0 0 0 0 0 0 0 0 0 0 510 508 506 506 506 506 507 507 507 507 506 506 506 507 507 507 507 506 506 506 506 506 505 505 505 505 506 506 505 504 504 504 504 504 504 504 504 503 503 504 504 505 505 502 502 502 502 502 503 504 504 504 503 503 504 504 503 503 503 504 505 506 502 502 502 502 504 502 502 502 502 502 504 504 504 502 502 502 502 502 502 503 504 504 504 503 503 502 502 502 503 504 504 504 504 503 503 502 502 502 501 500 500 501 502 502 501 501 500 500 501 502 503 504 502 500 499 499 499 499 0 0 494 494 494 494 495 495 496 495 495
0 0 0 0 0 0 0 0 0 0 0 0 0 0 0 0 0 0 0 0 0 0 0 0 519 518 518 518 520 521 521 517 517 517 518 518 519 518 518 517 517 519 519 519 518 516 516 516 516 516 517 520 521 522 511 511 514 516 516 516 517 517 516 515 514 514 514 513 513 513 513 514 514 514 514 514 515 515 514 514 514 514 514 517 517 516 515 514 512 512 512 512 512 513 512 512 511 511 511 511 511 510 509 509 511 511 511 511 510 510 510 510 510 510 510 510 509 509 510 510 511 511 511 508 508 508 507 507 508 508 509 510 512 512 513 507 507 513 513 514 514 515 519 0 0 0 0 0 0 0 0 0 0 0 0 0 0 0 0 0 0 0 0 0 0 0 0 0 0 0 0 0 0 0 0 0 0 0 0 0 0 0 0 0 0 0 0 0 0 0 0 506 505 505 505 504 504 502 502 502 504 504 507 507 502 502 502 504 504 504 503 503 503 502 502 503 503 503 502 502 501 501 501 501 499 499 499 500 501 502 501 501 500 500 500 500 500 501 502 502 501 501 501 500 500 500 500 500 502 505 506 502 499 499 499 499 499 499 499 499 499 500 500 500 501 501 499 499 499 499 500 501 502 502 501 499 499 500 500 501 501 501 502 501 501 500 499 499 499 499 499 499 499 499 499 499 499 499 499 499 499 499 497 496 496 497 497 496 496 496 496 493 493 494 494 494 494 491 491 491
0 0 0 0 0 0 0 0 0 0 0 0 0 0 0 0 0 0 0 0 0 0 0 0 516 515 515 516 514 514 514 514 514 515 516 516 516 516 516 516 516 517 517 519 513 513 513 514 514 514 514 513 513 512 511 511 512 512 514 513 513 511 511 512 512 512 512 511 511 511 511 511 512 513 513 513 512 512 512 512 512 512 512 515 515 513 511 510 510 510 508 508 510 510 510 510 508 508 508 508 508 509 509 505 505 506 506 507 507 507 507 507 508 508 507 507 507 507 507 507 508 508 507 507 506 506 505 505 506 506 507 510 502 502 503 504 503 502 502 502 519 519 519 0 0 0 0 0 0 0 0 0 0 0 0 0 0 0 0 0 0 0 0 0 0 0 0 0 0 0 0 0 0 0 0 0 0 0 0 0 0 0 0 0 0 0 0 0 0 0 0 0 505 499 499 499 499 499 500 500 500 502 502 499 499 499 499 500 500 501 501 500 499 498 498 498 499 500 500 500 499 499 499 499 499 499 499 499 499 495 495 496 496 499 499 499 499 498 498 498 498 498 498 498 499 499 499 499 502 502 496 496 496 496 496 497 497 497 498 498 497 496 496 496 496 496 499 498 498 498 499 501 502 496 496 497 498 499 499 499 498 497 497 497 497 498 497 497 494 494 496 496 495 494 494 494 494 496 492 492 493 496 496 496 496 495 494 494 494 494 491 491 491 491 491 491 491 491 491 491
0 0 0 0 0 0 0 0 0 0 0 0 0 0 0 0 0 0 0 0 0 0 0 0 516 511 511 512 511 511 511 511 512 512 513 513 513 513 513 513 514 512 511 511 511 511 511 511 511 511 512 511 511 509 509 509 509 509 510 510 510 509 509 510 509 508 508 508 508 507 507 507 510 511 511 508 508 507 507 510 510 511 504 504 504 506 506 507 507 506 506 507 507 507 507 507 505 505 506 506 507 506 505 504 504 504 504 504 504 504 504 505 506 506 504 504 504 504 504 506 506 507 506 505 503 503 503 503 504 504 502 501 500 500 501 502 502 501 501 501 501 0 0 0 0 0 0 0 0 0 0 0 0 0 0 0 0 0 0 0 0 0 0 0 0 0 0 0 0 0 0 0 0 0 0 0 0 0 0 0 0 0 0 0 0 0 0 0 0 0 0 498 498 497 497 498 498 499 499 500 496 496 496 498 498 498 498 496 496 496 496 496 496 496 496 496 496 496 500 500 498 498 496 496 496 496 496 494 494 494 494 494 496 496 496 496 496 496 496 496 496 496 494 494 494 494 493 493 494 494 494 494 495 495 494 494 494 494 494 494 494 493 493 494 494 494 495 496 496 498 499 492 491 491 493 494 494 494 494 494 494 494 494 494 494 495 495 492 491 491 494 494 494 493 493 494 494 494 492 492 492 494 496 496 491 491 491 491 491 489 489 489 489 491 490 490 489 489 489 489
0 0 0 0 0 0 0 0 0 0 0 0 0 0 0 0 0 0 0 0 0 0 0 0 0 507 507 509 510 510 510 511 510 510 511 509 509 509 508 508 508 509 509 510 511 508 507 507 508 509 511 511 507 507 507 506 506 506 506 507 507 507 508 507 507 505 505 506 505 505 505 506 507 507 504 504 504 505 504 504 503 502 502 504 504 504 504 504 503 503 504 504 504 505 504 504 504 504 504 504 504 504 504 504 504 504 503 502 502 502 502 502 503 501 501 501 501 499 499 499 498 496 496 496 496 499 499 500 499 499 499 499 499 499 499 499 499 499 499 499 499 0 0 0 0 0 0 0 0 0 0 0 0 0 0 0 0 0 0 0 0 0 0 0 0 0 0 0 0 0 0 0 0 0 0 0 0 0 0 0 0 0 0 0 0 0 0 0 0 0 0 496 496 496 496 496 496 498 494 494 494 494 494 498 498 494 494 494 494 494 494 496 496 495 495 492 492 492 492 492 493 493 493 492 492 496 496 492 492 492 492 492 493 491 491 491 491 491 491 492 492 492 492 492 491 491 492 493 493 493 492 491 491 491 491 492 493 491 491 492 491 491 491 491 491 491 491 491 491 489 489 490 490 491 491 491 492 492 491 491 491 491 491 492 492 491 491 491 490 490 490 490 489 489 489 489 491 491 491 491 491 494 487 487 487 488 488 488 489 484 484 489 489 490 489 488 488 489 489 489
0 0 0 0 0 0 0 0 0 0 0 0 0 0 0 0 0 0 0 0 0 0 0 0 0 504 504 505 506 508 508 507 507 507 507 507 507 507 507 507 507 508 508 509 511 505 505 505 505 505 506 506 504 504 504 504 504 504 504 504 504 504 504 502 502 502 502 502 502 502 502 502 502 502 502 502 502 504 502 502 502 502 502 502 502 503 499 499 500 501 501 500 500 500 500 500 501 502 501 501 501 500 499 499 500 502 499 495 495 494 494 493 493 495 496 496 495 494 494 494 495 495 495 495 495 492 492 493 493 494 494 494 495 492 492 492 492 492 492 492 497 0 0 0 0 0 0 0 0 0 0 0 0 0 0 0 0 0 0 0 0 0 0 0 0 0 0 0 0 0 0 0 0 0 0 0 0 0 0 0 0 0 0 0 0 0 0 0 0 0 0 496 496 495 494 494 496 488 488 489 487 487 488 488 489 486 486 487 487 487 482 482 485 485 486 486 486 486 487 487 487 487 487 486 486 486 486 486 488 488 487 487 487 487 487 487 489 489 489 488 488 489 489 489 489 489 490 493 493 493 490 489 489 489 488 488 488 488 488 489 490 490 489 489 488 488 489 489 489 487 487 489 489 489 489 489 489 488 488 489 489 489 488 487 487 486 486 490 487 487 489 489 488 488 487 487 491 487 487 486 485 484 484 486 486 486 484 484 482 482 482 482 482 490 489 488 488 488 489 489
0 0 0 0 0 0 0 0 0 0 0 0 0 0 0 0 0 0 0 0 0 0 0 0 0 504 504 504 504 504 502 502 502 502 502 502 502 502 504 505 506 497 497 498 498 499 501 503 502 500 500 502 503 503 504 504 504 503 503 502 502 502 502 501 501 501 500 500 500 500 499 499 499 499 499 496 496 496 494 494 494 494 496 496 496 495 495 495 496 496 495 495 495 495 494 493 493 493 493 493 493 495 492 491 490 490 491 491 492 492 492 492 491 491 492 490 490 491 492 492 493 493 493 492 490 490 490 491 491 490 490 490 490 490 491 490 490 491 491 491 491 0 0 0 0 0 0 0 0 0 0 0 0 0 0 0 0 0 0 0 0 0 0 0 0 0 0 0 0 0 0 0 0 0 0 0 0 0 0 0 0 0 0 0 0 0 0 0 0 0 0 0 495 495 484 484 484 485 485 486 485 485 485 483 483 483 484 484 484 483 482 482 484 485 484 484 484 484 484 484 484 484 484 484 484 484 483 483 483 482 482 484 484 484 482 482 482 483 484 484 484 484 484 484 484 483 482 482 482 482 480 480 482 482 482 482 484 484 483 483 483 483 484 484 486 486 485 485 485 484 484 486 487 488 487 487 487 487 487 486 486 486 485 484 484 484 484 490 485 485 486 486 485 485 482 482 482 482 483 482 482 482 483 484 483 482 482 481 481 481 481 482 482 482 482 475 475 476 0 0
0 0 0 0 0 0 0 0 0 0 0 0 0 0 0 0 0 0 0 0 0 0 0 0 0 501 501 501 498 497 497 499 499 499 499 499 499 501 499 499 496 496 497 497 498 498 499 499 499 499 497 497 498 498 493 492 492 493 493 494 493 493 494 494 494 494 494 495 496 497 491 491 491 491 493 493 493 493 493 493 493 494 494 493 493 492 491 488 488 489 490 490 493 493 491 491 491 490 490 490 490 491 490 489 489 488 488 489 489 490 490 490 489 489 488 488 489 489 489 491 491 489 487 487 488 488 489 489 489 488 488 489 489 488 488 488 488 489 489 491 491 0 0 0 0 0 0 0 0 0 0 0 0 0 0 0 0 0 0 0 0 0 0 0 0 0 0 0 0 0 0 0 0 0 0 0 0 0 0 0 0 0 0 0 0 0 0 0 0 0 483 483 482 482 482 483 483 482 482 482 482 482 482 482 482 482 482 483 482 482 481 481 480 480 480 480 480 480 482 482 482 480 480 482 482 482 482 481 480 480 480 482 482 482 481 481 481 481 480 480 480 480 481 482 482 483 480 480 480 480 480 480 480 480 481 481 482 483 482 482 482 482 482 482 482 481 481 480 480 482 482 480 478 478 478 479 480 480 480 480 480 480 480 480 481 481 481 481 485 484 484 484 483 483 478 478 480 480 482 482 481 481 480 480 480 480 480 480 480 481 480 480 480 480 480 475 475 476 476 475
0 0 0 0 0 0 0 0 0 0 0 0 0 0 0 0 0 0 0 0 0 0 0 0 0 498 497 497 495 495 496 497 497 498 497 497 498 493 493 493 494 495 495 496 495 495 494 494 494 493 493 493 492 492 491 491 491 490 490 490 491 491 491 491 491 489 489 489 489 489 489 489 489 489 490 490 491 491 491 491 492 492 491 490 490 489 489 487 487 487 488 488 489 489 489 489 489 489 489 489 488 487 487 488 488 487 487 488 489 489 489 489 488 488 486 486 486 486 487 487 484 484 484 484 484 484 487 487 487 484 483 483 484 485 486 486 482 482 482 482 0 0 0 0 0 0 0 0 0 0 0 0 0 0 0 0 0 0 0 0 0 0 0 0 0 0 0 0 0 0 0 0 0 0 0 0 0 0 0 0 0 0 0 0 0 0 0 0 0 0 480 480 480 480 480 482 482 482 482 481 480 480 480 480 480 480 480 480 480 480 480 480 480 479 479 479 479 479 478 478 478 478 478 482 482 482 482 477 477 478 479 479 480 479 478 478 481 477 477 478 478 479 479 482 477 477 477 478 478 478 478 478 478 478 481 477 477 477 477 480 479 479 479 480 480 480 479 479 479 480 479 478 477 476 476 476 477 477 477 477 477 477 478 478 478 476 474 474 474 474 476 476 476 476 477 477 476 476 474 474 474 479 478 478 478 478 478 478 478 477 477 477 477 478 478 475 474 474 474 473
0 0 0 0 0 0 0 0 0 0 0 0 0 0 0 0 0 0 0 0 0 0 0 0 0 493 493 494 494 494 494 493 491 491 493 494 490 490 491 490 490 492 492 492 492 492 491 489 489 490 490 490 491 491 490 489 489 489 489 489 489 488 487 487 487 487 487 487 487 487 487 487 487 489 488 488 488 488 488 489 489 492 491 489 489 485 485 485 486 487 487 487 484 484 484 484 484 485 484 484 484 485 485 486 485 484 484 485 485 486 487 487 481 481 482 484 484 482 481 481 482 482 483 481 481 480 480 480 481 482 482 482 482 482 481 481 481 480 480 480 480 0 0 0 0 0 0 0 0 0 0 0 0 0 0 0 0 0 0 0 0 0 0 0 0 0 0 0 0 0 0 0 0 0 0 0 0 0 0 0 0 0 0 0 0 0 0 0 0 0 478 478 478 478 479 478 478 476 476 477 477 476 476 478 478 477 477 477 477 478 478 478 478 478 478 478 478 477 475 475 476 476 476 476 472 474 474 474 476 476 475 474 474 474 475 474 474 474 474 476 476 479 479 479 477 477 476 476 475 475 476 475 475 476 476 475 475 474 474 474 472 472 472 475 474 472 472 472 472 480 479 478 474 474 475 475 476 472 472 473 473 475 478 474 474 473 472 472 472 472 472 472 472 472 473 472 472 472 471 470 470 471 472 472 472 474 477 478 478 477 477 477 469 468 468 470 474 473 472 472
0 0 0 0 0 0 0 0 0 0 0 0 0 0 0 0 0 0 0 0 0 0 0 0 0 491 491 491 491 488 488 487 487 487 487 487 487 488 490 489 489 489 489 489 487 486 486 486 486 486 487 487 486 484 484 484 485 487 486 486 486 485 485 485 485 485 485 485 485 485 486 486 486 487 487 487 486 486 487 483 483 482 482 483 489 484 484 484 484 482 482 482 482 483 483 483 482 482 482 482 482 482 483 484 484 484 481 481 484 484 487 478 478 480 480 481 482 480 479 479 480 481 479 478 478 478 478 479 479 479 480 480 480 480 480 480 480 480 480 480 480 0 0 0 0 0 0 0 0 0 0 0 0 0 0 0 0 0 0 0 0 0 0 0 0 0 0 0 0 0 0 0 0 0 0 0 0 0 0 0 0 0 0 0 0 0 0 0 0 473 473 476 476 476 479 474 474 475 475 475 474 474 474 475 476 476 475 475 476 478 478 478 476 476 476 476 476 473 473 473 476 476 476 476 472 472 472 473 474 473 473 472 472 473 472 472 472 472 472 473 476 476 476 466 474 474 474 474 474 474 474 472 472 471 471 471 472 471 471 472 472 471 471 472 472 470 470 471 470 470 470 470 473 473 473 473 472 472 472 472 472 475 469 469 470 470 471 470 470 470 470 470 470 470 470 470 470 470 470 470 470 470 470 470 470 467 467 467 467 468 468 467 467 467 467 467 467 467 470 468
0 0 0 0 0 0 0 0 0 0 0 0 0 0 0 0 0 0 0 0 0 0 0 0 0 484 484 485 484 484 484 484 486 486 486 486 486 487 487 487 486 485 485 484 484 484 484 484 484 483 482 482 483 483 483 484 483 483 484 483 483 483 483 483 483 482 482 483 482 482 482 482 482 482 483 482 482 481 480 480 480 480 480 480 479 479 480 479 479 479 479 479 480 482 482 481 480 479 479 478 478 480 483 484 478 478 478 479 480 484 484 477 477 478 478 478 476 476 477 477 478 478 478 478 478 478 477 477 478 478 478 478 478 477 477 477 478 478 478 476 476 0 0 0 0 0 0 0 0 0 0 0 0 0 0 0 0 0 0 0 0 0 0 0 0 0 0 0 0 0 0 0 0 0 0 0 0 0 0 0 0 0 0 0 0 0 0 0 0 470 470 475 475 475 472 472 471 471 471 470 470 472 474 474 476 476 473 473 476 476 476 476 476 476 476 476 476 470 470 473 473 473 465 472 472 472 470 470 470 470 470 470 470 470 471 470 470 470 468 468 468 465 465 466 468 473 473 473 474 474 470 470 468 468 468 468 468 468 468 467 467 470 467 467 467 467 469 469 468 468 467 467 468 470 470 470 470 470 470 470 469 469 468 468 468 468 469 469 469 468 468 468 469 469 469 470 468 467 467 467 467 466 465 465 465 465 465 465 462 463 463 463 464 464 465 463 463 463 463 463
0 0 0 0 0 0 0 0 0 0 0 0 0 0 0 0 0 0 0 0 0 0 0 0 0 482 482 481 481 483 482 482 483 483 483 482 482 481 481 484 484 482 482 482 482 482 483 483 481 481 480 480 480 480 481 481 482 482 482 481 480 480 480 480 480 480 480 479 479 478 478 478 478 479 479 478 478 478 478 478 478 478 478 476 476 476 476 476 477 477 476 476 477 477 477 477 477 478 477 476 476 474 474 474 474 477 478 479 480 474 474 474 476 476 475 475 475 475 476 476 476 478 477 476 476 475 474 474 474 474 478 473 473 473 474 474 474 475 471 471 476 0 0 0 0 0 0 0 0 0 0 0 0 0 0 0 0 0 0 0 0 0 0 0 0 0 0 0 0 0 0 0 0 0 0 0 0 0 0 0 0 0 0 0 0 0 0 0 0 469 468 468 469 469 469 470 468 468 469 469 469 470 474 474 474 473 473 473 473 473 0 460 462 463 462 470 470 470 470 470 465 465 0 465 466 466 466 466 466 466 467 467 467 467 468 468 468 468 467 467 465 465 465 466 468 468 473 473 474 474 467 467 467 467 467 467 467 467 467 466 466 466 465 465 465 466 467 467 466 466 466 466 465 465 465 467 467 468 468 468 468 468 465 465 467 467 467 465 465 465 465 465 466 467 469 463 462 462 463 464 464 464 464 464 464 464 464 462 462 462 462 462 462 462 463 463 463 462 462 462
0 0 0 0 0 0 0 0 0 0 0 0 0 0 0 0 0 0 0 0 0 0 0 0 0 481 479 478 478 479 480 480 480 478 478 479 480 480 480 480 480 481 479 479 479 480 480 480 478 478 478 478 478 478 478 478 479 479 479 480 478 478 478 478 476 476 478 478 478 477 477 477 477 478 478 476 476 476 476 476 477 477 477 475 475 474 474 474 474 474 474 474 474 474 474 474 474 474 474 473 472 472 473 474 474 474 476 479 473 473 473 473 473 472 472 472 472 472 473 474 474 474 474 476 473 473 472 472 472 472 472 472 472 473 473 473 469 468 468 470 470 0 0 0 0 0 0 0 0 0 0 0 0 0 0 0 0 0 0 0 0 0 0 0 0 0 0 0 0 0 0 0 0 0 0 0 0 0 0 0 0 0 0 0 0 0 0 0 0 467 466 466 467 469 465 465 465 466 468 468 467 463 463 463 463 463 463 458 458 460 460 460 462 463 462 462 462 462 465 465 465 465 462 465 465 465 465 465 464 464 464 464 464 465 465 465 466 465 464 464 464 464 464 466 468 468 465 465 465 465 464 464 465 465 465 465 465 465 465 465 464 463 463 463 463 464 463 463 463 463 464 464 463 463 463 464 465 466 467 467 462 462 462 462 462 461 461 462 463 463 463 465 465 467 462 461 461 461 462 462 462 462 463 463 463 463 464 462 459 459 459 459 459 459 462 463 463 462 461 461
0 0 0 0 0 0 0 0 0 0 0 0 0 0 0 0 0 0 0 0 0 0 0 0 0 478 478 478 478 478 478 476 476 476 476 477 478 478 478 480 479 479 477 477 477 476 476 476 476 476 474 474 474 474 474 474 474 474 474 474 476 476 476 475 474 474 474 474 474 475 474 473 473 474 474 474 474 474 474 475 476 476 476 475 474 474 473 473 473 472 472 472 472 472 473 473 472 472 472 471 471 471 471 471 474 474 476 476 470 470 471 470 470 470 470 470 470 470 471 471 472 474 474 474 473 473 470 470 469 469 469 472 472 473 473 473 468 468 468 468 468 0 0 0 0 0 0 0 0 0 0 0 0 0 0 0 0 0 0 0 0 0 0 0 0 0 0 0 0 0 0 0 0 0 0 0 0 0 0 0 0 0 0 0 0 0 0 0 463 463 463 463 463 463 463 463 463 463 463 462 462 462 462 462 463 463 463 458 458 460 460 460 462 463 462 462 462 462 462 464 465 465 462 462 463 463 463 463 462 462 463 462 462 462 462 463 463 463 463 463 463 463 463 463 461 465 465 460 460 460 460 462 462 463 463 463 462 462 463 463 462 462 462 462 461 461 461 461 460 460 461 460 460 460 460 461 460 460 459 459 459 460 460 460 459 459 459 459 459 460 462 460 457 457 458 459 459 459 459 459 459 460 458 458 462 463 463 457 457 457 457 457 457 455 455 455 455 455 455 457
0 0 0 0 0 0 0 0 0 0 0 0 0 0 0 0 0 0 0 0 0 0 0 0 0 478 473 473 473 474 474 474 474 475 475 475 475 475 474 474 473 472 472 474 474 474 474 474 474 473 472 472 472 471 471 472 472 472 472 472 472 470 470 470 470 470 470 470 471 473 472 472 472 472 471 471 471 472 472 472 469 469 470 472 472 472 472 470 470 469 469 469 469 469 471 471 470 470 470 469 468 468 468 468 468 468 466 466 466 466 468 468 468 468 468 468 468 468 468 471 472 472 465 465 465 465 465 465 469 469 469 465 465 458 468 468 468 468 467 467 467 0 0 0 0 0 0 0 0 0 0 0 0 0 0 0 0 0 0 0 0 0 0 0 0 0 0 0 0 0 0 0 0 0 0 0 0 0 0 0 0 0 0 0 0 0 0 0 463 461 461 461 460 459 459 460 460 462 460 460 461 461 461 461 460 460 461 458 458 458 458 459 460 461 459 459 459 459 462 464 464 459 459 462 461 461 462 461 461 461 463 462 461 461 461 460 460 460 459 459 460 463 463 463 461 459 459 457 457 458 458 459 460 460 463 460 460 459 458 458 458 459 459 460 459 459 458 458 458 458 458 458 458 459 458 458 458 458 458 458 458 458 459 458 458 458 458 458 458 458 457 455 455 455 455 457 457 457 457 457 457 455 455 455 454 454 454 455 455 455 455 455 455 454 454 454 454 454 454 454
0 0 0 0 0 0 0 0 0 0 0 0 0 0 0 0 0 0 0 0 0 0 0 0 0 0 472 471 470 470 470 470 472 474 472 470 470 470 470 472 469 469 470 470 470 471 471 471 471 471 471 471 470 470 470 469 469 470 470 470 470 470 470 470 468 468 468 467 467 467 467 467 468 469 469 469 469 468 468 469 468 468 468 468 468 468 468 468 468 468 467 467 469 469 465 465 470 468 468 468 467 466 466 465 465 465 464 464 465 465 465 465 463 463 465 464 464 464 464 464 465 465 463 463 463 463 463 463 464 465 465 465 465 458 459 460 460 467 467 463 463 463 0 0 0 0 0 0 0 0 0 0 0 0 0 0 0 0 0 0 0 0 0 0 0 0 0 0 0 0 0 0 0 0 0 0 0 0 0 0 0 0 0 0 0 0 0 0 459 459 459 459 458 458 458 458 458 458 459 459 460 459 459 458 457 455 455 456 457 457 458 458 458 458 458 458 457 457 457 457 457 457 459 459 458 458 457 457 457 457 457 456 456 461 457 457 457 458 457 457 457 457 452 461 461 457 457 456 456 456 457 457 457 457 457 458 458 457 456 456 457 457 459 457 457 458 457 456 455 455 455 455 455 457 457 457 457 457 457 457 457 457 457 458 457 457 456 455 455 455 454 454 454 454 454 455 455 456 456 455 454 454 452 452 454 454 453 452 452 454 454 454 454 454 452 452 452 452 453 454
0 0 0 0 0 0 0 0 0 0 0 0 0 0 0 0 0 0 0 0 0 0 0 0 0 0 469 469 467 467 468 468 471 471 469 468 468 468 468 468 468 468 469 470 470 470 468 468 468 468 467 467 465 465 465 467 467 466 466 468 468 468 468 468 467 467 467 465 465 465 465 465 467 467 467 467 466 465 464 463 463 464 464 466 465 465 463 463 464 464 464 464 464 463 463 463 463 463 463 463 463 463 463 464 463 463 464 463 463 463 463 462 462 462 462 462 462 462 462 462 461 461 460 460 461 462 462 462 462 462 463 459 458 458 459 460 460 460 461 461 461 460 460 0 0 0 0 0 0 0 0 0 0 0 0 0 0 0 0 0 0 0 0 0 0 0 0 0 0 0 0 0 0 0 0 0 0 0 0 0 0 0 0 0 0 0 0 454 454 457 457 457 457 457 457 457 457 457 458 457 456 456 457 458 455 454 454 455 455 455 457 456 456 457 456 456 455 454 454 455 456 456 457 457 458 458 457 457 457 454 454 454 454 454 455 455 455 455 455 453 452 452 452 452 454 454 454 454 454 454 455 454 454 454 454 455 455 454 454 455 455 455 455 457 457 458 454 454 454 454 454 453 452 452 453 453 454 454 454 454 454 454 454 458 457 454 452 452 454 454 454 454 454 453 453 454 453 453 452 451 451 450 450 451 451 451 453 452 452 454 454 454 454 451 451 451 451 451 449 449
0 0 0 0 0 0 0 0 0 0 0 0 0 0 0 0 0 0 0 0 0 0 0 0 0 0 465 465 465 465 466 466 466 465 465 465 465 467 467 467 467 467 467 467 467 467 467 465 464 464 465 465 465 465 465 464 464 465 465 466 465 465 465 465 465 465 465 465 465 465 463 463 462 462 463 464 463 463 463 463 463 463 462 460 460 465 463 463 460 460 462 462 461 461 462 461 461 461 460 460 462 462 462 463 463 462 462 461 461 462 461 461 461 460 460 460 460 460 461 460 460 459 459 458 458 458 458 458 459 457 456 456 457 457 458 458 458 460 460 460 458 458 455 455 0 0 0 0 0 0 0 0 0 0 0 0 0 0 0 0 0 0 0 0 0 0 0 0 0 0 0 0 0 0 0 0 0 0 0 0 0 0 0 0 0 0 0 453 453 454 454 456 457 452 452 454 454 454 454 454 454 454 457 451 451 451 453 454 454 454 454 452 452 452 452 452 453 453 454 453 452 452 457 457 448 448 448 448 454 454 454 452 452 452 455 452 452 455 455 451 451 451 451 451 451 452 452 452 452 452 452 452 450 450 451 451 451 452 452 453 453 455 455 448 451 451 451 451 452 452 452 451 450 450 451 452 452 451 451 452 451 451 449 449 450 449 449 450 451 451 452 450 450 451 450 450 449 449 449 449 445 445 448 448 448 447 447 444 444 444 444 444 446 447 446 444 444 445 445 447
0 0 0 0 0 0 0 0 0 0 0 0 0 0 0 0 0 0 0 0 0 0 0 0 0 0 463 463 464 465 465 465 463 463 463 464 465 465 465 464 463 463 463 463 461 461 463 463 462 462 462 462 462 463 462 462 462 463 463 463 463 462 462 462 462 462 463 463 463 461 461 460 460 460 461 462 462 461 461 461 461 460 460 458 458 457 457 458 458 458 458 459 459 458 458 458 458 457 456 456 457 462 462 463 458 458 458 458 458 459 461 461 459 458 458 458 458 458 457 456 456 455 455 455 457 457 457 457 455 455 454 454 455 456 456 456 455 455 455 455 455 455 455 455 0 0 0 0 0 0 0 0 0 0 0 0 0 0 0 0 0 0 0 0 0 0 0 0 0 0 0 0 0 0 0 0 0 0 0 0 0 0 0 0 0 0 0 450 449 449 451 450 450 451 451 451 450 450 451 451 452 452 452 450 450 451 452 453 452 452 451 451 450 450 450 451 453 453 453 450 449 449 449 449 448 448 448 448 448 449 449 452 452 452 449 449 450 450 449 449 449 450 449 449 451 451 451 450 449 449 449 449 449 448 448 448 448 449 449 453 453 453 448 448 448 448 448 448 449 449 449 449 449 449 449 448 448 449 449 449 448 448 448 448 448 448 448 449 450 451 446 446 447 448 447 447 447 447 446 445 445 445 445 444 444 445 444 444 444 444 444 444 444 443 443 443 443 444 445 446
0 0 0 0 0 0 0 0 0 0 0 0 0 0 0 0 0 0 0 0 0 0 0 0 0 0 462 462 464 465 465 465 462 462 462 463 463 465 460 460 460 459 459 460 460 460 460 460 460 461 462 462 462 460 460 460 460 460 463 463 463 460 460 461 460 460 461 458 458 457 457 457 457 457 459 458 458 458 458 459 459 460 460 458 458 457 456 456 456 456 456 457 457 457 457 457 456 455 455 455 455 454 454 454 454 454 454 454 454 454 454 454 454 454 454 458 458 458 457 455 454 453 453 454 454 454 455 454 454 454 454 453 453 454 454 454 453 453 454 453 453 454 454 455 0 0 0 0 0 0 0 0 0 0 0 0 0 0 0 0 0 0 0 0 0 0 0 0 0 0 0 0 0 0 0 0 0 0 0 0 0 0 0 0 0 0 448 448 448 448 449 449 449 450 451 450 449 449 449 449 451 452 452 448 448 448 448 449 449 449 449 449 449 449 449 449 449 448 448 448 449 448 448 448 446 446 447 447 448 449 449 448 448 448 448 448 450 450 449 449 449 447 447 449 451 451 451 450 445 445 446 449 449 448 448 448 448 446 446 445 445 445 447 447 446 446 447 447 448 448 447 447 447 447 447 447 447 447 447 446 445 445 445 445 445 446 446 443 443 444 444 444 447 444 444 445 445 444 442 442 443 443 443 443 443 443 442 442 442 441 441 442 441 441 442 442 442 442 443 446
0 0 0 0 0 0 0 0 0 0 0 0 0 0 0 0 0 0 0 0 0 0 0 0 0 0 459 459 459 454 457 457 457 458 458 463 463 463 460 457 456 456 457 458 459 459 458 458 458 458 458 458 458 458 457 456 456 457 456 454 454 455 460 460 460 460 461 457 457 455 455 455 456 456 456 455 455 455 455 457 457 456 456 456 456 455 455 455 455 455 455 454 454 454 454 454 454 455 455 454 454 454 452 452 452 452 453 453 453 453 453 453 452 452 451 451 452 453 454 454 451 451 451 452 452 453 453 454 453 453 452 452 452 452 451 450 450 450 449 449 449 451 454 0 0 0 0 0 0 0 0 0 0 0 0 0 0 0 0 0 0 0 0 0 0 0 0 0 0 0 0 0 0 0 0 0 0 0 0 0 0 0 0 0 0 0 446 446 446 447 447 448 447 447 446 446 446 446 446 447 446 446 446 446 445 445 446 447 447 446 446 446 446 446 446 449 449 448 448 446 446 447 448 448 446 445 445 446 447 448 449 448 446 446 446 442 442 442 442 444 445 445 445 444 444 444 442 444 444 444 444 444 445 445 446 444 444 444 444 444 444 443 443 445 445 444 444 443 442 442 442 442 443 443 443 444 445 445 444 444 444 444 445 442 442 443 442 442 442 442 442 440 440 441 442 442 441 441 441 441 441 441 441 441 442 442 442 439 439 441 439 439 440 440 440 440 440 440 440 440
0 0 0 0 0 0 0 0 0 0 0 0 0 0 0 0 0 0 0 0 0 0 0 0 0 0 456 456 456 454 454 454 455 455 455 455 454 454 455 454 454 454 455 454 454 455 455 455 455 456 457 455 455 454 454 454 454 455 455 454 454 454 454 453 453 452 452 453 453 453 454 454 454 452 452 452 452 452 452 451 451 451 452 452 451 451 452 451 451 452 451 451 451 451 450 450 451 455 452 452 451 451 451 450 450 451 451 451 451 451 451 453 451 450 450 449 448 446 446 446 447 449 450 450 449 449 449 451 452 451 451 450 449 447 447 448 448 446 446 448 448 446 446 0 0 0 0 0 0 0 0 0 0 0 0 0 0 0 0 0 0 0 0 0 0 0 0 0 0 0 0 0 0 0 0 0 0 0 0 0 435 435 0 0 441 441 442 443 442 441 441 441 443 442 442 443 446 446 446 443 443 444 444 445 444 444 444 444 447 444 444 442 442 443 443 443 438 445 445 445 446 447 447 441 441 441 441 442 442 444 444 444 446 446 446 441 441 441 442 442 444 444 444 443 443 442 442 442 442 442 442 442 442 443 442 442 442 442 442 443 442 442 442 442 440 440 442 441 441 442 442 442 442 442 442 442 441 441 441 441 441 441 441 440 440 440 440 440 440 440 441 440 440 440 439 438 438 438 438 440 439 439 438 438 438 437 437 439 439 437 437 437 437 437 440 440 440 440 438 438
0 0 0 0 0 0 0 0 0 0 0 0 0 0 0 0 0 0 0 0 0 0 0 0 0 0 456 456 452 452 452 452 452 453 453 452 452 452 452 452 452 453 453 453 453 453 453 453 452 452 452 452 452 452 452 453 453 453 453 449 449 452 452 452 451 451 451 451 451 451 452 451 451 451 451 451 451 450 450 449 449 449 448 447 447 449 449 449 448 448 448 449 449 448 448 449 448 448 448 448 448 448 448 448 448 445 445 445 446 445 445 445 445 445 445 445 445 445 445 445 446 444 444 444 444 447 449 451 452 444 444 444 445 445 445 445 445 445 445 444 444 444 444 444 0 0 0 0 0 0 0 0 0 0 0 0 0 0 0 0 0 0 0 0 0 0 0 0 0 0 0 0 0 0 0 0 0 0 0 0 435 435 438 438 439 440 441 440 440 440 440 440 441 440 440 440 440 439 439 440 440 438 438 438 438 442 442 442 438 438 438 438 438 438 438 438 438 438 438 440 446 440 438 438 438 440 440 441 441 438 438 438 438 439 439 439 439 440 440 440 444 444 444 443 443 441 441 440 440 440 440 440 440 441 441 441 442 441 441 441 441 440 440 440 438 438 438 438 439 440 440 440 441 441 441 441 440 440 439 439 440 440 440 440 438 438 438 438 437 437 437 437 437 437 437 437 437 437 437 437 437 437 436 436 436 436 436 436 437 437 436 436 436 435 432 432 432 432 432 433
0 0 0 0 0 0 0 0 0 0 0 0 0 0 0 0 0 0 0 0 0 0 0 0 0 0 448 448 449 451 450 450 449 449 449 449 450 450 451 451 451 451 451 451 451 450 450 451 451 451 451 451 451 451 451 451 453 453 453 448 448 448 449 450 449 449 449 449 449 448 448 448 448 448 449 450 451 449 448 448 448 448 446 446 445 445 445 444 444 445 446 446 444 444 445 445 445 445 448 448 448 448 448 442 442 443 444 444 442 442 443 444 444 442 442 442 441 441 443 443 443 443 441 441 444 447 447 437 444 444 443 443 445 445 445 445 445 445 445 442 442 442 442 444 438 438 441 0 0 0 0 0 0 0 0 0 0 0 0 0 0 0 0 0 0 0 0 0 0 0 0 0 0 0 0 0 0 0 0 433 433 434 435 436 436 438 440 438 438 438 439 439 439 440 437 437 438 438 438 438 439 438 438 437 436 436 436 436 436 437 437 437 437 437 437 437 437 437 437 440 431 431 438 438 438 440 440 434 434 434 434 434 435 435 436 436 436 435 435 435 435 436 436 436 435 435 435 435 436 436 436 436 436 438 439 441 441 441 441 438 438 437 437 438 437 437 437 437 438 438 438 438 438 438 441 441 440 437 437 436 436 436 435 435 435 436 436 436 436 436 435 435 434 434 435 436 436 437 437 436 435 435 434 434 434 434 430 430 430 430 436 436 432 432 431 431 432 432 432 433
0 0 0 0 0 0 0 0 0 0 0 0 0 0 0 0 0 0 0 0 0 0 0 0 0 0 447 447 448 448 448 448 448 448 448 448 448 448 448 449 448 448 449 449 449 449 448 447 447 448 448 448 447 447 448 448 453 446 446 446 446 445 444 444 445 445 444 444 445 445 445 445 444 444 443 443 444 444 445 446 447 446 443 443 442 442 443 444 444 445 445 444 442 442 441 441 441 441 442 448 448 448 440 440 440 440 442 442 441 441 441 444 443 441 440 440 440 440 440 441 441 441 439 439 439 440 440 437 437 437 443 443 443 437 437 437 437 436 436 437 441 441 439 438 438 438 439 0 0 0 0 0 0 0 0 0 0 0 0 0 0 0 0 0 0 0 0 0 0 0 0 0 0 0 0 0 0 0 0 433 433 433 435 434 434 438 434 434 436 438 439 439 439 439 436 436 436 437 438 438 439 439 439 434 434 433 433 433 434 434 436 436 435 435 435 433 433 434 434 434 431 431 432 433 433 433 433 433 433 433 433 433 435 435 435 436 436 434 432 432 435 436 435 435 435 435 434 434 433 433 434 434 435 431 431 432 432 432 438 438 438 437 437 433 433 433 433 433 433 433 437 437 433 433 434 435 435 434 433 433 433 433 433 433 433 433 434 434 433 433 433 431 431 432 432 436 436 436 432 432 431 431 432 432 431 430 429 429 429 429 429 429 430 430 430 430 431 431 432 433
0 0 0 0 0 0 0 0 0 0 0 0 0 0 0 0 0 0 0 0 0 0 0 0 0 0 447 445 445 443 443 444 444 446 446 446 446 446 446 446 446 445 444 444 445 446 445 445 445 445 443 443 444 444 443 442 441 441 441 441 443 443 444 442 441 441 441 441 442 442 442 443 443 443 442 442 442 441 440 440 440 440 440 440 440 440 440 441 441 445 445 444 441 438 438 440 440 440 441 441 437 438 438 438 439 439 442 441 441 437 437 444 443 437 437 437 437 437 437 437 437 437 437 438 438 438 438 436 436 436 436 433 436 436 436 436 436 436 435 435 441 441 437 437 437 437 439 0 0 0 0 0 0 0 0 0 0 0 0 0 0 0 0 0 0 0 0 0 0 0 0 0 0 0 0 0 0 0 0 432 432 433 433 433 433 433 433 433 436 436 431 427 436 436 436 432 432 433 433 438 429 429 430 431 432 432 432 433 433 433 436 436 435 433 433 432 432 430 430 430 432 432 432 433 433 429 432 432 432 432 432 432 0 435 435 0 0 431 431 431 431 435 435 435 431 431 432 432 432 432 432 431 431 431 431 431 431 431 431 431 437 437 431 431 431 431 431 433 433 429 429 430 430 430 430 433 433 432 432 432 431 431 430 430 430 430 430 431 431 431 430 430 430 430 429 428 428 428 428 430 430 430 430 429 429 428 428 429 428 427 427 427 430 427 427 429 431 431 431 0
0 0 0 0 0 0 0 0 0 0 0 0 0 0 0 0 0 0 0 0 0 0 0 0 0 0 0 442 441 441 441 442 443 445 445 445 444 444 443 443 442 442 442 441 441 441 441 441 441 441 441 441 442 442 442 441 440 440 440 440 441 440 439 439 439 439 439 440 440 441 441 443 437 437 438 439 440 439 438 438 438 438 438 438 438 438 438 437 437 437 432 437 437 437 437 438 440 440 441 441 437 437 436 436 437 437 442 435 435 435 435 435 435 435 435 435 435 435 435 436 436 436 436 437 437 437 438 435 434 434 433 433 433 435 435 435 435 435 435 431 431 432 433 433 434 434 0 0 0 0 0 0 0 0 0 0 0 0 0 0 0 0 0 0 0 0 0 0 0 0 0 0 0 0 0 0 0 429 429 431 431 432 430 430 431 432 432 431 431 431 431 427 427 427 431 431 431 432 432 432 429 429 430 430 430 430 431 431 430 429 429 429 429 433 433 432 429 429 429 429 432 432 432 429 429 429 427 427 429 429 429 432 0 432 0 427 0 427 427 431 431 428 428 428 429 429 429 430 429 429 429 429 428 428 429 431 431 431 431 425 425 431 431 431 430 427 427 427 427 427 428 428 428 428 428 433 433 432 432 432 429 428 427 427 427 427 427 426 426 425 425 425 425 425 425 425 425 426 427 427 427 426 424 424 425 428 427 427 427 427 427 427 427 427 426 426 427 424 424 424
0 0 0 0 0 0 0 0 0 0 0 0 0 0 0 0 0 0 0 0 0 0 0 0 0 0 0 437 437 437 437 436 436 438 438 438 438 438 438 443 442 442 442 439 437 437 439 439 439 437 437 437 435 435 442 441 438 438 438 438 438 440 436 436 436 437 437 437 437 438 441 436 436 436 436 436 436 436 436 437 437 436 436 436 436 437 436 436 436 436 432 432 433 435 436 437 433 433 433 435 435 437 436 436 437 437 437 433 433 433 435 432 432 432 433 433 434 433 432 432 432 436 436 437 437 437 437 435 433 433 433 432 432 432 433 434 434 435 432 431 431 432 433 433 434 434 0 0 0 0 0 0 0 0 0 0 0 0 0 0 0 0 0 0 0 0 0 0 0 0 424 424 426 426 427 427 428 428 429 429 430 430 429 429 430 432 432 431 429 429 429 427 427 427 427 427 429 432 432 432 426 426 427 427 427 427 431 427 427 427 427 427 427 427 427 428 428 426 426 427 427 425 425 425 425 426 426 426 426 427 429 429 429 0 0 0 426 426 426 426 426 426 426 427 427 427 425 425 429 429 427 427 427 427 428 428 425 425 425 425 425 425 431 431 425 425 425 424 424 426 426 426 425 425 425 425 425 423 423 423 424 425 425 425 425 425 425 425 425 424 424 424 424 424 424 424 423 423 426 422 422 423 422 422 423 424 427 427 427 427 427 427 427 426 426 426 422 422 423 424
0 0 0 0 0 0 0 0 0 0 0 0 0 0 0 0 0 0 0 0 0 0 0 0 0 0 0 436 435 435 435 435 435 435 435 435 437 438 435 435 435 434 434 435 436 436 437 436 436 436 436 435 435 435 435 436 436 435 435 435 435 434 434 434 434 435 435 436 436 438 433 433 433 434 434 434 433 433 435 435 436 435 435 434 434 435 435 435 431 431 431 432 432 433 435 437 432 432 432 434 432 432 431 431 431 430 430 433 432 432 432 431 431 432 432 432 431 431 431 431 430 430 430 427 427 427 427 433 433 432 432 430 430 431 433 434 434 430 430 430 430 431 433 433 433 426 0 0 0 0 0 0 0 0 0 0 0 0 0 0 0 0 0 0 0 0 0 0 0 424 424 424 425 426 426 427 427 427 427 427 428 428 428 428 430 430 423 424 424 424 425 425 426 426 426 427 429 429 423 426 426 426 427 426 425 425 425 426 426 426 426 426 426 426 426 424 424 424 425 425 425 425 425 425 425 425 424 424 425 425 425 425 0 0 0 0 426 426 426 425 424 424 425 426 427 424 423 423 424 424 424 425 425 425 424 424 424 424 424 425 425 0 423 423 423 423 423 423 423 423 423 422 422 424 424 424 423 423 423 423 423 423 423 423 423 421 421 422 423 423 423 424 423 423 422 422 421 421 426 422 421 421 420 418 418 424 424 427 427 419 419 419 415 415 415 421 421 421 422 423
0 0 0 0 0 0 0 0 0 0 0 0 0 0 0 0 0 0 0 0 0 0 0 0 0 0 0 430 430 430 430 431 432 433 433 433 433 436 431 431 433 434 434 434 435 435 433 433 433 433 434 433 433 434 434 433 432 432 433 433 433 432 432 433 433 434 434 435 435 432 432 432 432 432 432 432 432 432 432 433 436 435 432 432 434 435 435 429 429 429 430 430 431 433 435 430 430 430 429 429 429 429 429 429 428 428 429 430 430 429 428 428 430 432 430 430 430 430 430 429 429 427 427 427 427 427 427 426 426 426 427 427 427 427 427 424 430 430 430 430 430 431 431 424 424 426 426 426 426 426 424 424 0 0 0 0 0 0 0 0 0 0 0 0 0 0 0 0 0 424 424 424 424 425 425 426 426 426 426 426 424 424 428 428 428 428 423 423 423 424 424 424 425 425 425 427 427 423 423 423 426 426 426 425 424 424 424 423 423 423 423 426 426 426 422 422 423 423 423 423 424 424 424 424 424 425 424 421 421 421 421 420 0 419 0 0 0 423 423 423 423 423 423 426 422 422 422 422 422 422 424 425 425 425 422 422 423 423 424 424 418 418 422 422 421 421 421 421 422 421 421 420 420 421 422 422 422 422 422 422 423 419 419 423 423 420 420 421 423 423 418 416 416 419 419 422 421 421 421 417 417 417 417 417 416 416 416 416 417 417 413 413 414 414 414 415 418 418 415 415
0 0 0 0 0 0 0 0 0 0 0 0 0 0 0 0 0 0 0 0 0 0 0 0 0 0 0 429 429 429 429 429 430 430 431 430 430 430 430 430 431 432 432 434 435 432 432 432 433 432 432 431 431 433 434 433 430 430 432 432 431 431 431 431 431 430 430 429 429 429 430 430 431 430 430 431 431 431 430 427 427 427 427 428 428 426 426 426 428 429 429 430 430 430 427 427 426 426 427 427 427 428 428 428 427 427 427 426 426 426 426 427 427 427 428 428 428 428 428 427 427 427 427 427 426 426 426 425 425 425 426 426 426 426 424 424 424 424 430 430 424 424 424 424 424 424 424 425 425 424 423 422 422 423 423 423 0 0 0 421 421 423 423 423 422 422 423 0 0 424 422 422 422 422 423 424 424 424 424 423 423 422 422 422 418 418 420 420 420 422 421 421 425 425 425 420 420 421 421 421 422 422 423 423 422 422 422 423 423 423 423 423 421 421 421 421 421 421 421 421 422 421 421 421 421 421 421 421 421 421 420 420 419 419 0 416 0 417 423 423 422 422 420 420 420 421 421 421 421 420 420 419 419 419 420 421 421 418 418 418 418 418 418 419 419 419 419 420 420 420 419 419 419 419 422 422 422 422 422 422 422 418 417 417 416 416 417 419 419 416 416 416 415 415 419 419 413 413 413 413 417 416 415 415 413 413 413 413 413 413 413 413 413 413 414 414 414 413 413 414
0 0 0 0 0 0 0 0 0 0 0 0 0 0 0 0 0 0 0 0 0 0 0 0 0 0 0 427 427 427 428 429 429 429 429 429 429 429 429 429 429 427 427 426 426 426 427 428 428 428 428 428 429 428 428 428 428 429 429 429 427 427 430 429 428 428 428 428 428 427 427 427 427 427 429 430 430 430 426 426 426 426 426 425 425 425 425 425 427 428 429 430 430 424 424 425 425 425 426 426 426 426 426 428 426 426 426 425 424 424 425 425 425 425 428 426 425 424 424 424 425 426 426 427 426 426 424 424 424 424 425 426 424 424 424 423 422 422 422 421 421 424 424 424 424 423 423 423 423 422 422 421 421 422 422 422 0 420 420 419 419 419 419 419 421 421 423 0 0 420 420 421 422 422 421 420 420 421 421 421 421 421 421 421 418 418 418 418 419 420 420 421 421 421 420 420 420 420 420 421 419 419 419 419 419 420 420 419 419 419 417 417 420 420 420 421 420 420 419 419 418 418 419 421 421 421 420 420 420 419 419 419 418 418 416 416 417 417 419 419 422 418 418 418 417 417 418 419 419 419 419 418 418 418 419 419 418 418 418 416 416 416 416 416 416 418 418 419 418 418 417 417 416 415 415 415 415 416 416 416 416 415 415 415 415 415 415 414 414 414 414 414 414 415 415 412 412 412 412 412 412 411 411 411 411 411 412 411 411 412 412 412 412 413 412 412 411 411 412 413
0 0 0 0 0 0 0 0 0 0 0 0 0 0 0 0 0 0 0 0 0 0 0 0 0 0 0 425 425 427 427 427 427 426 426 427 427 427 426 426 427 427 426 426 425 425 426 426 428 427 427 427 427 427 427 426 426 429 426 426 426 424 424 425 426 426 426 426 424 424 425 425 425 426 427 429 430 430 425 425 426 425 424 424 424 424 424 425 425 427 428 425 424 424 424 424 424 424 424 425 425 424 424 424 426 426 426 425 423 423 423 423 424 424 426 426 423 422 422 422 422 426 426 426 420 421 421 421 423 424 425 425 424 422 422 422 421 421 420 420 420 420 425 424 424 422 422 420 420 420 420 420 421 421 420 420 419 419 419 419 418 418 419 419 420 420 420 416 418 418 418 419 420 420 419 419 418 418 419 419 420 419 419 416 416 416 418 418 419 420 420 421 0 0 420 420 420 420 420 421 418 418 418 418 418 420 420 418 418 417 417 0 0 420 420 420 420 420 419 418 416 416 416 417 417 420 420 420 420 416 416 416 416 416 416 416 415 415 415 415 415 416 416 415 415 415 415 416 416 418 418 418 417 417 419 419 418 418 418 415 415 416 415 415 415 415 416 419 418 414 414 415 413 413 414 414 414 414 414 413 413 413 414 414 414 414 413 411 411 411 411 412 411 411 410 410 410 409 409 409 409 409 410 409 409 410 410 410 410 410 412 409 409 412 412 412 411 411 411 412
0 0 0 0 0 0 0 0 0 0 0 0 0 0 0 0 0 0 0 0 0 0 0 0 0 0 0 423 423 425 426 423 422 422 423 424 425 425 425 424 424 424 424 425 425 424 424 424 424 424 424 425 427 422 422 422 422 422 422 425 424 424 424 424 425 426 426 422 422 423 424 424 425 424 421 421 422 422 422 425 425 422 422 422 422 424 423 423 421 421 421 421 422 422 422 421 421 421 422 425 425 424 424 425 425 425 420 420 420 420 420 420 421 421 420 420 420 420 420 422 422 422 418 420 420 420 419 419 419 418 418 419 418 418 418 418 418 418 418 418 418 420 420 414 422 422 422 418 418 419 419 418 418 421 418 417 417 417 418 419 418 418 418 418 419 420 420 416 416 416 416 416 416 415 415 416 417 418 418 418 419 417 417 416 416 416 417 417 419 0 0 0 0 0 414 414 414 414 414 414 414 418 418 418 418 420 420 418 418 416 416 0 0 0 0 0 0 414 414 414 415 414 414 414 414 414 412 412 414 414 414 414 414 414 414 415 414 414 414 414 414 415 414 414 413 413 413 412 412 413 413 414 415 414 414 414 414 413 413 413 413 413 414 414 414 413 412 412 412 411 411 412 412 412 412 413 414 414 414 411 411 412 412 412 412 412 411 410 410 410 409 409 410 410 410 410 410 409 409 409 409 409 409 409 409 409 409 409 409 409 409 409 409 409 412 412 411 411 411 412
0 0 0 0 0 0 0 0 0 0 0 0 0 0 0 0 0 0 0 0 0 0 0 0 0 0 0 422 422 425 421 421 421 422 423 423 423 422 422 422 423 423 422 422 423 423 423 423 421 421 422 422 422 422 421 421 421 421 421 421 421 421 421 424 425 426 422 422 422 420 420 423 420 420 420 420 421 421 418 418 419 419 421 421 419 419 419 421 420 420 420 420 420 420 420 420 420 420 419 418 418 418 425 425 425 415 418 418 418 418 418 418 421 421 420 420 420 420 417 416 416 416 418 418 419 419 418 418 417 417 416 416 417 417 417 418 418 418 418 418 418 414 414 414 414 413 418 418 418 416 414 414 414 414 418 417 416 415 415 419 418 418 418 418 419 419 415 415 415 415 414 414 414 414 414 414 415 416 416 412 412 413 414 415 415 416 417 417 0 0 0 0 0 0 413 413 413 413 413 414 414 0 0 0 0 0 0 0 0 416 416 0 0 0 0 0 0 412 411 411 411 414 414 414 414 412 412 412 412 412 412 412 412 412 410 410 410 410 412 412 412 412 412 411 411 411 411 411 412 412 412 410 410 410 410 410 409 411 411 411 411 410 410 412 411 411 410 410 410 410 409 409 410 411 411 413 409 409 409 409 409 410 411 411 411 409 409 409 409 409 409 409 409 409 409 410 410 409 407 407 408 408 408 408 406 406 406 406 406 406 408 408 407 407 407 407 407 0 0 0
0 0 0 0 0 0 0 0 0 0 0 0 0 0 0 0 0 0 0 0 0 0 0 0 0 0 0 422 422 422 421 419 419 421 423 423 423 420 420 422 423 420 420 420 421 421 421 420 420 420 421 421 421 420 420 420 420 420 421 421 421 420 420 420 420 422 422 420 419 419 419 418 418 418 418 419 419 419 418 418 418 419 420 419 419 418 418 418 418 418 419 416 416 416 417 417 419 418 418 417 417 417 416 416 416 415 415 416 416 418 416 416 416 412 412 412 416 416 416 414 414 414 418 418 419 419 418 415 415 415 415 415 415 414 414 416 416 416 415 414 413 413 413 413 413 413 418 418 413 413 413 413 412 412 413 413 416 415 412 412 412 412 412 411 410 413 413 413 412 412 412 413 412 412 410 410 413 414 416 412 412 412 413 415 415 415 0 0 0 0 0 0 0 0 413 413 413 413 413 0 0 0 0 0 0 0 0 0 0 0 0 0 0 0 0 0 0 411 410 410 410 410 408 408 412 412 410 410 412 411 411 410 409 409 409 409 409 409 410 409 409 409 409 409 410 410 410 410 411 411 412 410 409 409 409 409 409 411 411 409 409 409 409 409 409 409 409 410 410 410 408 408 408 409 407 406 406 407 408 408 409 409 409 409 408 408 408 409 409 409 409 409 409 405 405 405 404 404 404 407 408 404 404 405 405 405 404 404 403 403 408 408 407 407 407 0 0 0 0 0
0 0 0 0 0 0 0 0 0 0 0 0 0 0 0 0 0 0 0 0 0 0 0 0 0 0 0 0 415 414 414 415 419 421 421 416 416 416 415 414 414 416 418 418 419 419 419 419 419 418 418 418 418 418 419 419 419 420 420 421 421 420 420 420 415 416 416 416 419 418 416 416 417 416 416 418 418 418 417 417 417 418 418 418 418 417 416 416 416 416 416 415 415 415 416 416 415 415 415 415 415 416 415 415 415 415 415 412 412 412 416 416 412 412 412 412 411 413 413 413 413 413 413 413 413 413 413 413 413 413 413 413 413 413 413 416 416 416 412 412 412 412 412 413 413 413 413 413 413 413 411 411 411 409 409 409 409 411 411 411 411 411 412 411 410 410 413 412 411 410 410 409 409 410 409 409 409 409 409 410 410 410 410 410 410 410 0 0 0 0 0 0 0 0 0 0 0 0 0 0 0 0 0 0 0 0 0 0 0 0 0 0 0 0 0 0 0 411 409 408 408 408 408 408 408 408 410 410 410 408 408 407 407 408 407 407 407 407 408 408 408 408 408 408 409 409 409 409 411 406 406 407 407 407 407 407 407 404 408 408 408 409 409 407 407 408 409 410 410 406 406 407 408 406 406 406 406 407 407 407 407 406 406 407 407 408 408 408 399 399 401 401 401 401 402 402 402 402 401 401 400 400 400 400 401 403 402 402 401 401 400 400 400 398 399 399 399 0 0 0
0 0 0 0 0 0 0 0 0 0 0 0 0 0 0 0 0 0 0 0 0 0 0 0 0 0 0 0 414 414 414 413 413 413 415 415 414 414 415 414 414 415 416 415 415 417 416 416 415 415 415 415 415 415 416 416 414 413 413 414 414 412 415 415 415 415 415 415 415 416 416 414 414 414 414 414 414 414 414 413 413 412 412 412 415 415 414 413 412 412 412 412 413 414 415 414 413 413 412 411 410 410 410 411 411 411 411 411 411 412 411 410 410 410 411 411 411 411 411 412 412 412 412 412 412 0 410 410 410 411 413 413 411 411 412 412 412 412 412 412 411 411 411 412 413 413 406 409 409 409 409 410 409 409 409 409 409 409 409 409 410 410 412 411 410 410 407 407 408 408 407 407 408 408 408 408 408 408 408 408 408 409 409 409 409 410 0 0 0 0 0 0 0 0 0 0 0 0 0 0 0 0 0 0 0 0 0 0 0 0 0 0 0 0 0 0 0 0 409 408 406 406 406 406 408 408 403 404 406 406 405 405 406 406 407 407 407 407 406 406 407 407 406 406 407 406 406 405 405 405 405 406 406 406 405 405 404 404 404 408 408 409 409 405 405 405 405 405 406 406 406 406 405 404 404 404 404 404 403 403 403 402 401 401 407 407 398 398 399 399 399 400 400 400 400 402 402 400 399 399 399 398 398 398 398 403 402 400 400 400 400 398 398 398 399 399 399 399 399 399
0 0 0 0 0 0 0 0 0 0 0 0 0 0 0 0 0 0 0 0 0 0 0 0 0 0 0 0 413 413 413 412 410 410 410 413 412 412 413 413 413 412 411 411 413 413 413 414 413 413 413 413 414 414 414 413 413 412 412 413 412 412 413 412 412 414 414 413 412 411 411 411 412 413 413 413 413 413 413 412 412 412 412 412 413 413 410 410 410 410 411 411 411 414 410 410 410 410 410 410 409 409 409 410 409 409 409 409 410 411 410 410 410 410 410 411 410 410 410 410 410 410 412 412 412 406 409 409 408 408 408 411 411 411 412 412 0 0 412 412 411 411 411 412 412 406 406 408 408 406 406 408 408 408 408 408 408 409 409 409 410 410 0 0 0 0 407 407 407 407 406 406 406 406 406 407 408 408 408 408 408 409 409 409 409 0 0 0 0 0 0 0 0 0 0 0 0 0 0 0 0 0 0 0 0 0 0 0 0 0 0 0 0 0 0 0 0 0 0 0 406 404 403 403 403 403 403 404 404 404 404 404 404 404 404 404 401 406 406 404 404 405 404 404 404 404 405 404 404 405 405 405 405 405 404 404 403 403 404 404 404 404 405 405 405 405 405 405 402 402 402 402 402 402 402 402 401 401 401 401 401 401 401 401 401 398 398 398 398 398 398 398 399 397 397 398 398 398 398 398 398 398 398 397 397 398 398 398 399 399 398 398 398 398 399 399 398 398 398 399
0 0 0 0 0 0 0 0 0 0 0 0 0 0 0 0 0 0 0 0 0 0 0 0 0 0 0 0 413 412 412 411 409 409 409 409 409 410 411 411 412 412 410 410 410 410 411 411 411 412 412 412 411 411 412 412 412 411 411 412 411 411 412 412 412 413 412 412 411 411 411 411 411 411 411 411 412 412 412 410 409 409 409 409 413 409 409 409 409 409 410 409 409 409 409 409 409 409 409 408 408 409 409 409 409 408 408 408 408 411 410 410 409 409 409 411 410 410 410 410 410 410 0 0 406 406 406 407 407 407 407 403 403 403 403 0 0 0 0 0 0 0 0 406 406 406 406 407 404 404 406 407 408 408 408 406 406 0 0 405 405 405 0 0 0 0 408 407 407 406 406 405 405 405 405 405 405 405 406 408 408 408 399 0 0 0 0 0 0 0 0 0 0 0 0 0 0 0 0 0 0 0 0 0 0 0 0 0 0 0 0 0 0 0 0 0 0 0 0 0 0 403 403 401 401 402 400 400 403 402 402 403 401 401 401 400 401 401 401 401 402 404 404 403 403 401 401 402 402 402 402 401 401 401 401 402 402 402 403 404 400 400 400 400 400 398 398 402 402 402 399 399 399 399 400 400 400 400 400 400 399 399 401 398 398 398 398 397 397 398 398 398 396 396 396 397 397 397 396 396 396 396 396 396 396 396 398 398 399 399 398 397 397 393 393 393 398 398 398 398
0 0 0 0 0 0 0 0 0 0 0 0 0 0 0 0 0 0 0 0 0 0 0 0 0 0 0 0 413 407 407 408 408 408 408 408 408 409 408 408 412 408 408 408 408 409 409 409 409 409 409 409 409 409 412 412 409 409 409 409 409 409 409 409 410 410 410 409 409 410 410 410 409 409 409 409 407 407 408 408 408 408 409 409 406 406 407 408 408 408 408 408 408 407 407 407 408 407 407 407 407 407 407 408 407 407 407 407 408 0 410 410 409 409 409 0 0 0 0 0 0 0 0 0 404 404 405 407 404 403 403 403 403 403 403 404 0 0 0 0 0 0 0 399 404 404 402 402 402 402 401 401 408 0 0 406 406 0 0 405 405 405 0 0 0 0 0 407 407 400 400 399 399 404 404 403 402 400 399 398 398 399 399 401 0 0 0 0 0 0 0 0 0 0 0 0 0 0 0 0 0 0 0 0 0 0 0 0 0 0 0 0 0 0 0 0 0 0 0 0 0 401 400 400 400 400 398 398 403 401 401 403 399 399 399 400 400 400 400 399 399 404 402 399 399 398 398 398 399 400 400 400 400 400 400 401 401 402 399 399 399 399 399 0 0 398 398 395 398 398 398 398 398 398 398 399 399 399 399 398 398 398 0 398 398 397 397 396 396 398 395 395 395 395 395 397 392 392 393 393 393 394 394 394 394 396 0 0 0 0 0 394 393 393 393 393 393 397 397 398
0 0 0 0 0 0 0 0 0 0 0 0 0 0 0 0 0 0 0 0 0 0 0 0 0 0 0 0 405 405 406 406 407 407 407 407 407 406 406 406 406 406 407 407 407 407 407 407 407 407 408 409 409 409 0 0 407 407 408 408 408 409 409 409 410 410 410 407 407 407 408 408 408 407 406 406 406 406 407 407 408 408 405 405 405 405 406 406 406 406 405 405 406 405 405 405 405 404 403 403 404 405 406 406 406 406 405 405 0 0 0 0 0 0 0 0 0 0 0 0 0 0 0 0 403 403 404 403 403 402 401 400 400 403 403 404 0 0 0 0 0 0 399 399 399 398 398 400 401 400 400 400 0 0 0 0 0 0 0 0 0 0 0 0 0 0 0 0 0 399 399 398 398 398 398 403 402 399 398 398 397 397 398 401 0 0 0 0 0 0 0 0 0 0 0 0 0 0 0 0 0 0 0 0 0 0 0 0 0 0 0 0 0 0 0 0 0 0 0 0 0 397 395 395 397 398 398 398 398 399 399 399 398 398 398 398 398 398 398 398 398 397 397 398 398 398 398 398 398 398 400 400 399 399 400 401 401 0 398 398 398 398 398 0 0 398 398 395 395 396 396 396 397 398 398 396 396 397 397 396 396 398 0 0 0 397 397 396 396 0 393 393 393 393 393 391 390 390 391 392 392 393 393 393 394 0 0 0 0 0 0 393 393 393 392 391 391 390 389 389
0 0 0 0 0 0 0 0 0 0 0 0 0 0 0 0 0 0 0 0 0 0 0 0 0 0 0 0 403 403 403 403 404 404 406 406 406 405 405 405 405 405 406 406 406 406 406 406 406 406 406 0 0 0 0 0 405 405 406 406 408 409 0 0 0 0 405 405 406 406 406 406 406 405 405 404 404 404 404 403 402 402 402 402 402 404 405 404 404 404 404 404 404 404 404 404 404 403 403 403 403 402 402 406 406 406 405 405 0 0 0 0 0 0 0 0 0 0 0 0 0 0 0 0 403 403 404 403 403 402 401 400 400 0 0 0 0 0 0 0 0 0 399 399 399 398 398 400 401 400 400 400 0 0 0 0 0 0 0 0 0 0 0 0 0 0 0 0 0 399 399 398 398 398 398 0 0 399 398 398 397 397 398 0 0 0 0 0 0 0 0 0 0 0 0 0 0 0 0 0 0 0 0 0 0 0 0 0 0 0 0 0 0 0 0 0 0 0 0 0 0 397 395 395 397 398 398 398 398 399 399 399 397 397 397 397 398 398 397 397 397 396 396 398 397 397 397 397 397 398 0 0 399 399 0 0 0 0 398 398 398 398 398 0 0 398 394 394 393 393 393 394 394 394 394 393 393 393 393 393 393 0 0 0 0 0 0 0 0 0 393 393 390 390 390 390 390 390 390 391 391 389 388 388 389 0 0 0 0 0 0 393 393 393 392 390 390 388 388 388
0 0 0 0 0 0 0 0 0 0 0 0 0 0 0 0 0 0 0 0 0 0 0 0 0 0 0 0 403 403 403 403 404 404 406 406 406 405 405 405 405 405 406 406 406 406 406 406 406 406 406 0 0 0 0 0 405 405 406 406 0 0 0 0 0 0 405 405 406 406 406 406 406 405 405 404 404 404 404 403 402 402 402 402 402 404 405 404 404 404 404 404 404 404 404 404 404 403 403 403 403 402 402 0 0 0 0 0 0 0 0 0 0 0 0 0 0 0 0 0 0 0 0 0 0 0 0 0 0 0 0 0 0 0 0 0 0 0 0 0 0 0 0 0 0 0 0 0 0 0 0 0 0 0 0 0 0 0 0 0 0 0 0 0 0 0 0 0 0 0 0 0 0 0 0 0 0 0 0 0 0 0 0 0 0 0 0 0 0 0 0 0 0 0 0 0 0 0 0 0 0 0 0 0 0 0 0 0 0 0 0 0 0 0 0 0 0 0 0 0 0 0 0 0 0 0 0 0 0 0 0 0 397 397 397 397 398 398 397 397 397 396 396 0 397 397 397 397 397 0 0 0 0 0 0 0 0 0 0 0 0 0 0 0 0 0 394 394 393 393 393 394 394 394 394 393 393 393 393 393 393 0 0 0 0 0 0 0 0 0 0 0 390 390 390 390 390 390 390 391 391 389 388 388 389 0 0 0 0 0 0 393 393 0 392 390 390 388 388 388
0 0 0 0 0 0 0 0 0 0 0 0 0 0 0 0 0 0 0 0 0 0 0 0 0 0 0 0 0 0 0 0 0 0 0 0 0 0 0 0 0 0 0 0 0 0 0 0 0 0 0 0 0 0 0 0 0 0 0 0 0 0 0 0 0 0 0 0 0 0 0 0 0 0 0 0 0 0 0 0 0 0 0 0 0 0 0 0 0 0 0 0 0 0 0 0 0 0 0 0 0 0 0 0 0 0 0 0 0 0 0 0 0 0 0 0 0 0 0 0 0 0 0 0 0 0 0 0 0 0 0 0 0 0 0 0 0 0 0 0 0 0 0 0 0 0 0 0 0 0 0 0 0 0 0 0 0 0 0 0 0 0 0 0 0 0 0 0 0 0 0 0 0 0 0 0 0 0 0 0 0 0 0 0 0 0 0 0 0 0 0 0 0 0 0 0 0 0 0 0 0 0 0 0 0 0 0 0 0 0 0 0 0 0 0 0 0 0 0 0 0 0 0 0 0 0 0 0 0 0 0 0 0 0 0 0 0 0 0 0 0 0 0 0 0 0 0 0 0 0 0 0 0 0 0 0 0 0 0 0 0 0 0 0 0 0 0 0 0 0 0 0 0 0 0 0 0 0 0 0 0 0 0 0 0 0 0 0 0 0 0 0 0 0 0 0 0 0 0 0 0 0 0 0 0 0 0 0 0 0 0 0 0 0 0 0 0 0 0 0
0 0 0 0 0 0 0 0 0 0 0 0 0 0 0 0 0 0 0 0 0 0 0 0 0 0 0 0 0 0 0 0 0 0 0 0 0 0 0 0 0 0 0 0 0 0 0 0 0 0 0 0 0 0 0 0 0 0 0 0 0 0 0 0 0 0 0 0 0 0 0 0 0 0 0 0 0 0 0 0 0 0 0 0 0 0 0 0 0 0 0 0 0 0 0 0 0 0 0 0 0 0 0 0 0 0 0 0 0 0 0 0 0 0 0 0 0 0 0 0 0 0 0 0 0 0 0 0 0 0 0 0 0 0 0 0 0 0 0 0 0 0 0 0 0 0 0 0 0 0 0 0 0 0 0 0 0 0 0 0 0 0 0 0 0 0 0 0 0 0 0 0 0 0 0 0 0 0 0 0 0 0 0 0 0 0 0 0 0 0 0 0 0 0 0 0 0 0 0 0 0 0 0 0 0 0 0 0 0 0 0 0 0 0 0 0 0 0 0 0 0 0 0 0 0 0 0 0 0 0 0 0 0 0 0 0 0 0 0 0 0 0 0 0 0 0 0 0 0 0 0 0 0 0 0 0 0 0 0 0 0 0 0 0 0 0 0 0 0 0 0 0 0 0 0 0 0 0 0 0 0 0 0 0 0 0 0 0 0 0 0 0 0 0 0 0 0 0 0 0 0 0 0 0 0 0 0 0 0 0 0 0 0 0 0 0 0 0 0 0
0 0 0 0 0 0 0 0 0 0 0 0 0 0 0 0 0 0 0 0 0 0 0 0 0 0 0 0 0 0 0 0 0 0 0 0 0 0 0 0 0 0 0 0 0 0 0 0 0 0 0 0 0 0 0 0 0 0 0 0 0 0 0 0 0 0 0 0 0 0 0 0 0 0 0 0 0 0 0 0 0 0 0 0 0 0 0 0 0 0 0 0 0 0 0 0 0 0 0 0 0 0 0 0 0 0 0 0 0 0 0 0 0 0 0 0 0 0 0 0 0 0 0 0 0 0 0 0 0 0 0 0 0 0 0 0 0 0 0 0 0 0 0 0 0 0 0 0 0 0 0 0 0 0 0 0 0 0 0 0 0 0 0 0 0 0 0 0 0 0 0 0 0 0 0 0 0 0 0 0 0 0 0 0 0 0 0 0 0 0 0 0 0 0 0 0 0 0 0 0 0 0 0 0 0 0 0 0 0 0 0 0 0 0 0 0 0 0 0 0 0 0 0 0 0 0 0 0 0 0 0 0 0 0 0 0 0 0 0 0 0 0 0 0 0 0 0 0 0 0 0 0 0 0 0 0 0 0 0 0 0 0 0 0 0 0 0 0 0 0 0 0 0 0 0 0 0 0 0 0 0 0 0 0 0 0 0 0 0 0 0 0 0 0 0 0 0 0 0 0 0 0 0 0 0 0 0 0 0 0 0 0 0 0 0 0 0 0 0 0
0 0 0 0 0 0 0 0 0 0 0 0 0 0 0 0 0 0 0 0 0 0 0 0 0 0 0 0 0 0 0 0 0 0 0 0 0 0 0 0 0 0 0 0 0 0 0 0 0 0 0 0 0 0 0 0 0 0 0 0 0 0 0 0 0 0 0 0 0 0 0 0 0 0 0 0 0 0 0 0 0 0 0 0 0 0 0 0 0 0 0 0 0 0 0 0 0 0 0 0 0 0 0 0 0 0 0 0 0 0 0 0 0 0 0 0 0 0 0 0 0 0 0 0 0 0 0 0 0 0 0 0 0 0 0 0 0 0 0 0 0 0 0 0 0 0 0 0 0 0 0 0 0 0 0 0 0 0 0 0 0 0 0 0 0 0 0 0 0 0 0 0 0 0 0 0 0 0 0 0 0 0 0 0 0 0 0 0 0 0 0 0 0 0 0 0 0 0 0 0 0 0 0 0 0 0 0 0 0 0 0 0 0 0 0 0 0 0 0 0 0 0 0 0 0 0 0 0 0 0 0 0 0 0 0 0 0 0 0 0 0 0 0 0 0 0 0 0 0 0 0 0 0 0 0 0 0 0 0 0 0 0 0 0 0 0 0 0 0 0 0 0 0 0 0 0 0 0 0 0 0 0 0 0 0 0 0 0 0 0 0 0 0 0 0 0 0 0 0 0 0 0 0 0 0 0 0 0 0 0 0 0 0 0 0 0 0 0 0 0
0 0 0 0 0 0 0 0 0 0 0 0 0 0 0 0 0 0 0 0 0 0 0 0 0 0 0 0 0 0 0 0 0 0 0 0 0 0 0 0 0 0 0 0 0 0 0 0 0 0 0 0 0 0 0 0 0 0 0 0 0 0 0 0 0 0 0 0 0 0 0 0 0 0 0 0 0 0 0 0 0 0 0 0 0 0 0 0 0 0 0 0 0 0 0 0 0 0 0 0 0 0 0 0 0 0 0 0 0 0 0 0 0 0 0 0 0 0 0 0 0 0 0 0 0 0 0 0 0 0 0 0 0 0 0 0 0 0 0 0 0 0 0 0 0 0 0 0 0 0 0 0 0 0 0 0 0 0 0 0 0 0 0 0 0 0 0 0 0 0 0 0 0 0 0 0 0 0 0 0 0 0 0 0 0 0 0 0 0 0 0 0 0 0 0 0 0 0 0 0 0 0 0 0 0 0 0 0 0 0 0 0 0 0 0 0 0 0 0 0 0 0 0 0 0 0 0 0 0 0 0 0 0 0 0 0 0 0 0 0 0 0 0 0 0 0 0 0 0 0 0 0 0 0 0 0 0 0 0 0 0 0 0 0 0 0 0 0 0 0 0 0 0 0 0 0 0 0 0 0 0 0 0 0 0 0 0 0 0 0 0 0 0 0 0 0 0 0 0 0 0 0 0 0 0 0 0 0 0 0 0 0 0 0 0 0 0 0 0 0
0 0 0 0 0 0 0 0 0 0 0 0 0 0 0 0 0 0 0 0 0 0 0 0 0 0 0 0 0 0 0 0 0 0 0 0 0 0 0 0 0 0 0 0 0 0 0 0 0 0 0 0 0 0 0 0 0 0 0 0 0 0 0 0 0 0 0 0 0 0 0 0 0 0 0 0 0 0 0 0 0 0 0 0 0 0 0 0 0 0 0 0 0 0 0 0 0 0 0 0 0 0 0 0 0 0 0 0 0 0 0 0 0 0 0 0 0 0 0 0 0 0 0 0 0 0 0 0 0 0 0 0 0 0 0 0 0 0 0 0 0 0 0 0 0 0 0 0 0 0 0 0 0 0 0 0 0 0 0 0 0 0 0 0 0 0 0 0 0 0 0 0 0 0 0 0 0 0 0 0 0 0 0 0 0 0 0 0 0 0 0 0 0 0 0 0 0 0 0 0 0 0 0 0 0 0 0 0 0 0 0 0 0 0 0 0 0 0 0 0 0 0 0 0 0 0 0 0 0 0 0 0 0 0 0 0 0 0 0 0 0 0 0 0 0 0 0 0 0 0 0 0 0 0 0 0 0 0 0 0 0 0 0 0 0 0 0 0 0 0 0 0 0 0 0 0 0 0 0 0 0 0 0 0 0 0 0 0 0 0 0 0 0 0 0 0 0 0 0 0 0 0 0 0 0 0 0 0 0 0 0 0 0 0 0 0 0 0 0 0
