0 0 0 0 0 0 0 0 0 0 0 0 0 0 0 0 0 0 0 0 0 0 0 0 0 0 0 0 0 0 0 0 0 0 0 0 0 0 0 0 0 0 0 0 0 0 0 0 0 0 0 0 0 0 0 0 0 0 0 0 0 0 0 0 0 0 0 0 0 0 0 0 0 0 0 0 0 0 0 0 0 0 0 0 0 0 0 0 0 0 0 0 0 0 0 0 0 0 0 0 0 0 0 0 0 0 0 0 0 0 0 0 0 0 0 0 0 0 0 0 0 0 0 0 0 0 0 0 0 0 0 0 0 0 0 0 0 0 0 0 0 0 0 0 0 0 0 0 0 0 0 0 0 0 0 0 0 0 0 0 0 0 0 0 0 0 0 0 0 0 0 0 0 0 0 0 0 0 0 0 0 0 0 0 0 0 0 0 0 0 0 0 0 0 0 0 0 0 0 0 0 0 0 0 0 0 0 0 0 0 0 0 0 0 0 0 0 0 0 0 0 0 0 0 0 0 0 0 0 0 0 0 0 0 0 0 0 0 0 0 0 0 0 0 0 0 0 0 0 0 0 0 0 0 0 0 0 0 0 0 0 0 0 0 0 0 0 0 0 0 0 0 0 0 0 0 0 0 0 0 0 0 0 0 0 0 0 0 0 0 0 0 0 0 0 0 0 0 0 0 0 0 0 0 0 0 0 0 0 0 0 0 0 0 0 0 0 0 0 0
0 0 0 0 0 0 0 0 0 0 0 0 0 0 0 0 0 0 0 0 0 0 0 0 0 0 0 0 0 0 0 0 0 0 0 0 0 0 0 0 0 0 0 0 0 0 0 0 0 0 0 0 0 0 0 0 0 0 0 0 0 0 0 0 0 0 0 0 0 0 0 0 0 0 0 0 0 0 0 0 0 0 0 0 0 0 0 0 0 0 0 0 0 0 0 0 0 0 0 0 0 0 0 0 0 0 0 0 0 0 0 0 0 0 0 0 0 0 0 0 0 0 0 0 0 0 0 0 0 0 0 0 0 0 0 0 0 0 0 0 0 0 0 0 0 0 0 0 0 0 0 0 0 0 0 0 0 0 0 0 0 0 0 0 0 0 0 0 0 0 0 0 0 0 0 0 0 0 0 0 0 0 0 0 0 0 0 0 0 0 0 0 0 0 0 0 0 0 0 0 0 0 0 0 0 0 0 0 0 0 0 0 0 0 0 0 0 0 0 0 0 0 0 0 0 0 0 0 0 0 0 0 0 0 0 0 0 0 0 0 0 0 0 0 0 0 0 0 0 0 0 0 0 0 0 0 0 0 0 0 0 0 0 0 0 0 0 0 0 0 0 0 0 0 0 0 0 0 0 0 0 0 0 0 0 0 0 0 0 0 0 0 0 0 0 0 0 0 0 0 0 0 0 0 0 0 0 0 0 0 0 0 0 0 0 0 0 0 0 0
0 0 0 0 0 0 0 0 0 0 0 0 0 0 0 0 0 0 0 0 0 0 0 0 0 0 0 0 0 0 0 0 0 0 0 0 0 0 0 0 0 0 0 0 0 0 0 0 0 0 0 0 0 0 0 0 0 0 0 0 0 0 0 0 0 0 0 0 0 0 0 0 0 0 0 0 0 0 0 0 0 0 0 0 0 0 0 0 0 0 0 0 0 0 0 0 0 0 0 0 0 0 0 0 0 0 0 0 0 0 0 0 0 0 0 0 0 0 0 0 0 0 0 0 0 0 0 0 0 0 0 0 0 0 0 0 0 0 0 0 0 0 0 0 0 0 0 0 0 0 0 0 0 0 0 0 0 0 0 0 0 0 0 0 0 0 0 0 0 0 0 0 0 0 0 0 0 0 0 0 0 0 0 0 0 0 0 0 0 0 0 0 0 0 0 0 0 0 0 0 0 0 0 0 0 0 0 0 0 0 0 0 0 0 0 0 0 0 0 0 0 0 0 0 0 0 0 0 0 0 0 0 0 0 0 0 0 0 0 0 0 0 0 0 0 0 0 0 0 0 0 0 0 0 0 0 0 0 0 0 0 0 0 0 0 0 0 0 0 0 0 0 0 0 0 0 0 0 0 0 0 0 0 0 0 0 0 0 0 0 0 0 0 0 0 0 0 0 0 0 0 0 0 0 0 0 0 0 0 0 0 0 0 0 0 0 0 0 0 0
0 0 0 0 0 0 0 0 0 0 0 0 0 0 0 0 0 0 0 0 0 0 0 0 0 0 0 0 0 0 0 0 0 0 0 0 0 0 0 0 0 0 0 0 0 0 0 0 0 0 0 0 0 0 0 0 0 0 0 0 0 0 0 0 0 0 0 0 0 0 0 0 0 0 0 0 0 0 0 0 0 0 0 0 0 0 0 0 0 0 0 0 0 0 0 0 0 0 0 0 0 0 0 0 0 0 0 0 0 0 0 0 0 0 0 0 0 0 0 0 0 0 0 0 0 0 0 0 0 0 0 0 0 0 0 0 0 0 0 0 0 0 0 0 0 0 0 0 0 0 0 0 0 0 0 0 0 0 0 0 0 0 0 0 0 0 0 0 0 0 0 0 0 0 0 0 0 0 0 0 0 0 0 0 0 0 0 0 0 0 0 0 0 0 0 0 0 0 0 0 0 0 0 0 0 0 0 0 0 0 0 0 0 0 0 0 0 0 0 0 0 0 0 0 0 0 0 0 0 0 0 0 0 0 0 0 0 0 0 0 0 0 0 0 0 0 0 0 0 0 0 0 0 0 0 0 0 0 0 0 0 0 0 0 0 0 0 0 0 0 0 0 0 0 0 0 0 0 0 0 0 0 0 0 0 0 0 0 0 0 0 0 0 0 0 0 0 0 0 0 0 0 0 0 0 0 0 0 0 0 0 0 0 0 0 0 0 0 0 0
0 0 0 0 0 0 0 0 0 0 0 0 0 0 0 0 0 0 0 0 0 0 0 0 0 0 0 0 0 0 0 0 0 0 0 0 0 0 0 0 0 0 0 0 0 0 0 0 0 0 0 0 0 0 0 0 0 0 0 0 0 0 0 0 0 0 0 0 0 0 0 0 0 0 0 0 0 0 0 0 0 0 0 0 0 0 0 0 0 0 0 0 0 0 0 0 0 0 0 0 0 0 0 0 0 0 0 0 0 0 0 0 0 0 0 0 0 0 0 0 0 0 0 0 0 0 0 0 0 0 0 0 0 0 0 0 0 0 0 0 0 0 0 0 0 0 0 0 0 0 0 0 0 0 0 0 0 0 0 0 0 0 0 0 0 0 0 0 0 0 0 0 0 0 0 0 0 0 0 0 0 0 0 0 0 0 0 0 0 0 0 0 0 0 0 0 0 0 0 0 0 0 0 0 0 0 0 0 0 0 0 0 0 0 0 0 0 0 0 0 0 0 0 0 0 0 0 0 0 0 0 0 0 0 0 0 0 0 0 0 0 0 0 0 0 0 0 0 0 0 0 0 0 0 0 0 0 0 0 0 0 0 0 0 0 0 0 0 0 0 0 0 0 0 0 0 0 0 0 0 0 0 0 0 0 0 0 0 0 0 0 0 0 0 0 0 0 0 0 0 0 0 0 0 0 0 0 0 0 0 0 0 0 0 0 0 0 0 0 0
0 0 0 0 0 0 0 0 0 0 0 0 0 0 0 0 0 0 0 0 0 0 0 525 525 525 525 525 524 524 525 526 528 528 528 528 528 529 529 529 529 529 529 529 529 529 529 529 529 530 531 530 530 530 529 529 529 529 530 530 530 529 529 529 529 529 530 530 530 532 532 532 532 531 531 531 531 531 530 529 529 529 529 529 529 529 529 529 529 529 529 529 529 529 529 529 529 529 529 529 528 527 527 528 528 529 529 528 528 529 529 528 527 527 526 526 528 529 529 527 527 527 527 528 527 527 529 528 528 527 527 527 528 528 528 528 527 526 525 525 526 526 526 527 526 526 526 526 527 527 527 526 525 525 525 525 526 526 526 525 525 526 526 525 525 525 525 525 525 525 525 526 526 526 526 526 526 526 525 525 525 525 525 526 527 526 526 526 526 526 525 525 525 525 525 525 526 526 526 526 526 526 525 525 525 525 526 525 525 525 526 526 526 526 527 527 527 526 526 526 526 526 526 526 527 527 527 526 525 525 525 525 526 526 526 527 527 527 527 527 527 527 527 527 527 527 527 526 526 526 526 526 527 527 527 526 526 526 525 525 526 526 526 527 526 526 525 525 526 526 525 525 525 525 525 525 525 525 525 525 525 525 525 525 525 525 525 525 525 525 525 523 523 522 522 522 522 522 521 521 521 521 521 521 521 521 521 521 521 521 521 521 521 522 522 521 521 523 523 523
0 0 0 0 0 0 0 0 0 0 0 0 0 0 0 0 0 0 0 0 0 0 0 525 525 525 525 525 524 524 525 526 528 528 528 528 528 529 529 529 529 529 529 529 529 529 529 529 529 530 531 530 530 530 529 529 529 529 530 530 530 529 529 529 529 529 530 530 530 532 532 532 532 531 531 531 531 531 530 529 529 529 529 529 529 529 529 529 529 529 529 529 529 529 529 529 529 529 529 529 528 527 527 528 528 529 529 528 528 529 529 528 527 527 526 526 528 529 529 527 527 527 527 527 526 526 528 528 528 527 527 527 528 528 528 527 527 526 525 525 526 526 526 527 526 526 526 526 527 527 527 526 525 525 525 525 526 526 526 525 525 526 526 525 525 525 525 525 525 525 525 526 526 526 526 526 526 526 525 525 525 525 525 526 527 526 526 526 526 526 525 525 525 525 525 525 526 526 526 526 526 526 525 525 525 525 526 525 525 525 526 526 526 526 527 527 527 526 526 526 526 525 525 526 527 527 527 526 525 525 525 525 526 526 526 527 527 527 527 527 527 526 526 526 527 527 527 526 526 526 526 526 527 527 527 526 526 526 525 525 526 526 526 527 526 526 525 525 526 526 525 525 525 525 525 525 525 525 525 525 525 525 525 525 525 525 525 525 525 525 525 523 523 522 522 522 522 522 521 521 521 521 521 521 521 521 521 521 521 521 521 521 521 522 522 521 521 523 523 523
0 0 0 0 0 0 0 0 0 0 0 0 0 0 0 0 0 0 0 0 0 0 0 525 525 525 525 526 527 526 526 527 528 528 528 529 529 529 529 529 529 530 529 529 529 529 529 529 529 530 531 531 531 531 531 531 530 530 531 531 531 530 530 530 530 530 531 531 531 532 532 532 532 532 532 532 531 531 530 529 529 531 531 530 529 529 529 529 529 529 529 529 529 529 529 529 528 528 529 529 529 528 528 529 529 529 529 529 529 529 529 529 528 528 528 528 529 529 529 528 528 528 528 527 526 526 528 528 528 528 528 528 529 529 528 527 527 526 526 526 527 526 526 528 528 528 528 528 528 528 527 526 525 525 525 526 526 527 526 526 526 526 526 526 526 526 526 526 526 526 528 528 527 527 527 526 526 526 526 526 526 526 526 526 527 527 527 527 527 526 526 526 526 526 526 526 526 526 526 526 526 527 526 526 526 526 526 526 526 526 526 527 527 527 527 527 527 527 527 527 526 525 525 526 527 527 527 527 526 526 526 526 526 526 526 527 527 527 527 527 527 526 526 526 527 528 528 526 526 526 527 527 527 527 527 527 527 526 526 526 526 526 526 527 526 526 525 525 527 527 527 525 525 525 525 525 526 526 526 525 525 525 525 525 526 525 525 525 525 525 525 524 524 522 522 522 522 523 522 521 521 521 521 521 521 521 521 521 521 521 521 521 521 523 523 522 522 525 525 525
0 0 0 0 0 0 0 0 0 0 0 0 0 0 0 0 0 0 0 0 0 0 0 526 526 526 527 527 528 529 529 529 529 529 529 529 529 529 530 530 530 531 531 531 530 530 530 530 530 531 531 531 531 531 531 531 531 531 532 532 532 532 531 531 531 531 531 532 532 533 533 533 532 532 532 532 532 532 532 532 532 532 531 530 529 529 529 529 529 529 529 530 529 529 529 529 528 528 529 529 529 528 528 529 529 529 529 529 529 529 529 529 529 529 529 529 529 529 529 528 528 528 528 528 527 527 528 528 528 529 529 529 529 529 529 529 527 527 527 527 527 527 527 529 529 529 529 529 528 528 527 527 525 525 525 526 526 527 526 526 526 527 527 527 527 528 528 528 528 528 528 528 528 527 527 526 526 526 526 526 526 527 527 527 527 527 527 527 527 527 526 526 526 526 526 526 527 526 526 527 527 527 526 526 527 527 527 527 527 528 528 527 527 527 527 527 527 527 528 528 527 526 526 526 527 527 528 527 527 527 527 527 527 527 528 528 528 528 528 529 527 527 527 527 527 528 528 527 527 527 527 528 527 527 528 528 528 527 527 527 527 527 527 527 527 527 526 526 527 527 528 527 526 526 526 526 526 526 527 527 527 527 527 527 526 526 526 525 525 525 525 524 524 525 525 524 524 524 522 521 521 521 521 521 521 522 522 521 521 521 522 522 522 523 523 523 525 525 525 526
0 0 0 0 0 0 0 0 0 0 0 0 0 0 0 0 0 0 0 0 0 0 0 0 526 526 528 529 529 529 529 529 529 529 529 529 529 530 530 530 531 531 531 532 531 531 532 533 533 532 531 531 531 531 531 531 532 532 533 532 532 532 532 532 532 532 533 534 534 533 533 533 533 533 533 532 532 532 532 532 533 533 532 531 530 530 531 529 529 530 530 530 530 530 530 529 529 529 529 530 530 530 530 529 529 529 529 529 529 529 529 529 529 529 529 529 529 529 529 528 528 529 529 529 529 529 529 529 529 529 529 529 529 529 529 529 528 527 527 529 529 529 529 529 529 529 529 529 528 528 528 528 527 527 527 527 528 527 526 526 526 527 528 527 527 527 527 528 528 528 528 528 528 527 527 526 526 526 526 527 527 527 527 528 527 527 528 528 528 527 527 527 526 526 526 525 525 526 526 527 527 527 527 527 527 527 527 528 528 529 529 527 527 527 527 528 528 528 528 528 528 528 527 527 527 527 528 528 528 528 528 529 529 529 529 529 529 529 529 529 528 528 528 528 529 529 529 528 528 528 528 528 528 528 528 528 528 527 527 527 528 528 528 528 528 528 527 527 527 528 529 529 527 527 527 527 527 527 527 527 527 528 528 528 527 527 527 525 525 525 525 525 526 526 526 525 525 524 523 523 522 522 522 522 522 522 523 523 523 524 525 524 524 524 524 524 526 526 526 527
0 0 0 0 0 0 0 0 0 0 0 0 0 0 0 0 0 0 0 0 0 0 0 0 528 528 529 529 529 530 530 531 531 530 530 530 530 531 531 531 531 532 532 532 532 532 533 534 534 533 532 532 532 532 532 532 533 534 534 532 532 532 533 532 532 533 534 534 534 533 533 533 533 533 533 533 533 533 533 533 533 533 533 532 532 531 531 530 530 530 530 530 531 531 530 530 530 530 530 531 531 530 530 530 530 530 529 529 529 529 529 529 530 530 531 531 530 529 529 529 529 530 530 529 529 529 529 529 529 529 529 529 529 529 529 529 529 529 529 529 529 529 529 529 529 529 529 529 529 528 528 528 528 528 529 529 529 529 529 529 529 529 528 528 528 527 527 528 529 528 528 528 528 527 527 0 0 0 0 0 527 527 527 527 528 528 529 529 529 529 528 528 0 527 526 525 525 0 0 527 527 527 528 528 528 528 528 529 529 529 529 527 527 527 527 528 528 528 528 529 528 528 528 528 528 528 528 528 528 529 529 529 529 529 529 529 529 529 529 529 529 528 528 529 529 529 529 529 529 529 529 529 528 528 529 528 528 529 529 529 529 529 529 529 528 528 528 528 529 529 528 528 528 527 527 527 527 527 528 528 528 528 528 528 527 527 527 527 527 526 526 526 526 526 526 525 525 525 525 524 524 525 525 524 524 524 524 525 525 526 525 525 525 525 524 524 527 527 0 0
0 0 0 0 0 0 0 0 0 0 0 0 0 0 0 0 0 0 0 0 0 0 0 0 529 529 529 530 531 531 531 531 532 531 531 531 531 531 531 531 532 533 532 532 533 533 534 534 534 535 534 534 532 532 533 533 533 534 534 532 532 532 533 533 533 533 534 534 534 534 534 534 533 533 533 533 533 533 533 533 533 533 533 533 533 533 532 531 531 532 532 532 532 532 531 531 531 531 531 532 532 531 530 530 530 530 529 529 529 529 529 529 531 531 531 531 531 531 530 530 530 530 530 529 529 529 529 529 530 530 530 529 529 529 529 529 529 529 529 529 529 529 529 529 529 529 529 529 529 529 529 529 528 528 529 529 529 529 531 531 529 529 529 529 0 529 529 530 530 0 0 0 0 0 0 0 0 0 0 0 0 0 527 527 0 0 0 0 0 0 0 0 0 0 0 0 0 0 0 0 0 529 529 529 529 529 529 529 529 529 529 528 528 528 528 529 529 529 529 529 529 529 529 529 529 529 529 529 529 530 530 529 529 529 529 529 529 529 529 529 529 529 529 529 529 529 529 529 529 529 529 529 529 529 529 529 529 529 529 529 530 530 529 529 529 529 529 529 530 530 528 528 529 528 528 528 527 527 529 529 529 529 529 528 528 528 528 528 528 527 527 527 527 527 527 527 526 526 526 525 525 525 525 525 525 525 525 525 527 526 526 525 525 525 525 525 527 527 0 0
0 0 0 0 0 0 0 0 0 0 0 0 0 0 0 0 0 0 0 0 0 0 0 0 530 530 531 531 532 532 532 532 532 532 532 532 532 532 532 532 533 533 533 533 534 534 534 534 535 535 535 534 533 533 534 534 534 535 534 534 534 534 534 534 534 534 534 534 535 534 534 534 534 534 534 533 533 533 533 533 533 533 533 533 534 534 533 532 532 532 532 532 532 532 531 531 531 531 531 532 532 531 531 531 531 531 529 529 529 530 531 531 532 531 531 531 531 531 532 531 531 532 532 530 530 530 530 530 530 530 530 530 530 530 530 530 530 529 529 529 529 529 529 529 529 529 529 529 529 529 529 529 529 529 529 529 529 529 531 531 532 532 532 0 0 0 0 0 0 0 0 0 0 0 0 0 0 0 0 0 0 0 0 0 0 0 0 0 0 0 0 0 0 0 0 0 0 0 0 0 0 0 529 529 529 529 529 529 529 529 528 528 529 529 529 529 529 529 529 529 529 529 529 529 529 529 529 529 529 530 530 530 529 529 529 529 529 529 529 530 530 530 529 529 529 529 529 529 529 529 530 529 529 529 529 529 529 529 529 529 530 530 530 530 530 529 529 529 530 530 530 529 529 529 529 529 529 529 529 529 529 529 529 529 529 529 529 529 529 529 528 528 529 528 528 527 527 527 527 527 528 527 527 527 527 527 526 526 527 527 526 526 526 526 526 526 527 528 528 0
0 0 0 0 0 0 0 0 0 0 0 0 0 0 0 0 0 0 0 0 0 0 0 0 531 531 531 531 532 533 533 533 533 533 533 533 533 533 533 533 534 533 533 534 534 534 535 535 535 535 535 534 534 534 535 535 535 535 534 534 534 534 534 534 534 534 534 534 535 534 534 534 534 534 535 534 534 534 534 534 534 534 533 533 534 534 533 533 533 533 533 533 533 533 532 532 532 532 532 532 532 532 531 531 531 532 533 533 531 531 532 532 532 531 531 531 531 531 532 532 532 532 532 530 530 530 530 530 530 530 530 530 531 531 531 531 531 529 529 529 529 530 531 531 530 529 529 529 529 529 529 529 529 529 529 529 529 529 531 531 532 533 0 0 0 0 0 0 0 0 0 0 0 0 0 0 0 0 0 0 0 0 0 0 0 0 0 0 0 0 0 0 0 0 0 0 0 0 0 0 0 0 529 529 529 529 529 530 530 529 528 528 529 529 529 530 530 530 530 530 529 529 529 529 530 530 530 530 530 531 530 530 530 529 529 529 529 529 529 530 530 530 530 530 530 530 530 530 530 530 530 530 530 529 529 530 530 530 530 530 531 531 531 530 530 530 530 530 530 531 531 531 530 530 530 530 529 529 530 530 530 530 530 531 531 530 530 529 529 529 529 529 529 529 529 528 528 528 528 528 528 528 527 527 527 527 526 526 527 527 527 526 526 526 527 527 528 528 528 0
0 0 0 0 0 0 0 0 0 0 0 0 0 0 0 0 0 0 0 0 0 0 0 0 531 531 531 532 532 533 533 534 533 533 533 533 533 534 534 534 534 534 535 534 534 535 536 535 535 535 535 535 535 535 535 535 535 535 535 535 534 534 534 534 534 534 534 534 535 535 535 536 535 535 535 535 534 534 534 534 534 534 534 534 534 534 533 533 533 533 533 533 533 533 533 533 533 533 533 533 533 533 532 532 532 532 533 533 532 532 532 532 532 532 532 531 531 532 532 532 532 533 532 532 530 530 531 530 530 531 531 531 531 532 532 531 531 529 529 529 529 531 532 532 530 529 529 529 530 530 529 529 529 529 531 529 529 529 531 532 533 0 0 0 0 0 0 0 0 0 0 0 0 0 0 0 0 0 0 0 0 0 0 0 0 0 0 0 0 0 0 0 0 0 0 0 0 0 0 0 0 0 529 529 529 530 530 531 530 530 529 529 530 530 530 530 530 531 531 531 530 530 530 530 531 531 531 531 531 531 531 530 530 530 530 530 530 530 530 531 531 532 532 532 530 530 531 531 531 531 532 531 531 530 530 530 530 530 531 531 531 531 532 531 531 532 531 531 531 531 532 532 531 531 530 530 531 531 533 532 531 531 531 531 531 530 530 531 531 530 530 529 529 529 529 529 529 529 528 528 529 529 528 528 528 528 527 527 527 527 527 527 527 528 528 529 529 529 529 530
0 0 0 0 0 0 0 0 0 0 0 0 0 0 0 0 0 0 0 0 0 0 0 0 531 531 532 532 533 533 534 534 534 534 534 534 534 534 534 535 535 535 535 535 535 536 536 536 536 536 535 535 536 536 536 535 535 535 535 535 535 535 534 534 534 534 534 535 535 536 536 536 535 535 535 535 535 534 534 534 534 534 534 534 534 534 533 533 533 533 533 533 533 534 533 533 533 533 533 533 533 533 533 533 533 534 534 534 533 532 532 532 533 533 533 533 532 532 532 532 533 534 533 533 530 530 531 530 530 531 531 532 533 532 532 532 532 532 530 530 530 532 533 533 530 530 530 530 531 532 531 531 531 531 531 529 529 530 533 535 535 0 0 0 0 0 0 0 0 0 0 0 0 0 0 0 0 0 0 0 0 0 0 0 0 0 0 0 0 0 0 0 0 0 0 0 0 0 0 0 0 0 0 529 529 530 531 531 531 531 530 530 530 530 531 532 532 532 532 531 531 532 531 531 531 531 532 531 531 531 531 531 531 531 532 532 532 531 531 532 532 533 532 532 532 532 532 532 533 533 533 532 532 532 532 532 532 532 532 532 532 532 532 532 532 532 532 533 533 533 533 533 533 533 533 533 532 532 534 533 533 532 532 531 531 530 530 531 531 531 531 530 530 530 529 529 529 529 529 529 529 529 529 528 528 528 527 527 527 528 528 529 529 528 528 529 530 530 530 530
0 0 0 0 0 0 0 0 0 0 0 0 0 0 0 0 0 0 0 0 0 0 0 0 532 532 532 532 534 534 535 535 535 535 534 534 534 534 534 535 536 537 537 536 536 536 536 536 536 536 537 537 538 538 536 535 535 535 536 536 536 535 535 535 535 535 536 536 536 536 536 537 536 536 536 536 536 535 534 534 534 534 534 534 534 534 534 534 534 534 534 534 534 534 534 534 534 534 534 534 534 534 534 534 534 534 534 534 533 533 533 533 533 533 534 534 533 533 533 533 533 534 534 534 534 533 533 532 532 532 532 533 533 532 532 532 532 532 530 530 531 533 533 534 531 531 531 531 532 532 532 532 532 532 531 530 530 531 533 534 0 0 0 0 0 0 0 0 0 0 0 0 0 0 0 0 0 0 0 0 0 0 0 0 0 0 0 0 0 0 0 0 0 0 0 0 0 0 0 0 0 0 0 529 529 530 531 532 531 531 531 531 531 531 532 532 532 533 533 533 533 533 532 532 531 531 532 532 532 532 532 532 532 532 533 533 532 531 531 532 532 533 533 533 532 532 533 533 533 533 533 533 533 533 533 533 533 533 533 533 533 534 534 533 533 533 533 534 534 533 533 534 534 534 534 534 533 533 534 534 534 534 534 533 532 531 531 532 532 532 532 532 531 531 531 530 530 529 529 529 530 529 529 529 528 528 528 528 528 529 529 529 529 530 530 530 530 530 530 531
0 0 0 0 0 0 0 0 0 0 0 0 0 0 0 0 0 0 0 0 0 0 0 0 533 532 532 534 537 537 537 537 537 536 536 535 535 535 535 536 537 537 537 536 536 536 538 538 537 537 537 536 536 538 536 535 535 535 536 537 536 535 535 535 535 536 536 536 536 537 537 538 537 536 536 536 536 536 536 535 535 535 535 535 534 534 534 534 534 534 534 534 534 534 534 534 534 534 534 534 534 534 534 534 534 534 534 534 534 534 533 533 534 533 533 534 534 534 534 534 534 534 534 534 534 533 533 533 533 533 534 534 534 533 533 534 534 533 532 532 533 534 534 534 533 533 533 532 532 533 532 532 532 532 531 531 532 532 533 534 534 536 0 0 0 0 0 0 0 0 0 0 0 0 0 0 0 0 0 0 0 0 0 0 0 0 0 0 0 0 0 0 0 0 0 0 0 0 0 0 0 0 532 531 531 531 532 532 532 531 531 533 533 533 534 533 533 533 533 533 533 533 533 532 532 532 532 532 532 532 532 532 533 533 533 533 533 533 533 533 533 533 534 534 533 533 533 533 533 533 534 534 534 534 534 534 534 534 534 534 534 534 534 534 534 533 533 534 534 534 534 534 534 534 534 534 534 534 534 534 534 534 534 534 534 534 533 533 532 532 532 532 533 534 533 531 531 530 530 530 531 530 530 529 529 529 529 529 529 529 531 530 530 530 530 530 530 530 531 531
0 0 0 0 0 0 0 0 0 0 0 0 0 0 0 0 0 0 0 0 0 0 0 535 534 534 534 536 538 538 538 538 539 538 538 538 538 538 539 538 538 538 538 537 537 538 538 538 538 538 537 536 536 537 538 535 535 535 536 537 537 535 535 535 535 536 537 538 538 539 539 539 538 538 538 537 537 537 537 536 536 536 536 536 535 535 535 535 535 535 535 535 535 535 535 535 535 534 534 534 535 535 534 534 535 535 535 536 534 534 534 534 534 533 533 534 534 535 535 534 534 534 534 534 534 534 534 534 534 534 535 534 534 533 533 534 534 534 534 534 534 534 534 535 534 534 534 534 533 533 533 533 534 534 532 532 532 533 534 534 534 536 0 0 0 0 0 0 0 0 0 0 0 0 0 0 0 0 0 0 0 0 0 0 0 0 0 0 0 0 0 0 0 0 0 0 0 0 0 0 0 0 532 532 532 532 533 533 533 533 533 533 533 534 534 533 533 534 533 533 534 533 533 532 532 533 533 533 533 533 533 533 533 534 534 534 534 533 533 533 533 533 534 534 534 534 534 534 534 534 534 534 534 534 534 535 535 535 534 534 534 534 535 535 534 534 535 535 535 534 534 534 534 534 534 535 535 535 534 534 534 534 534 535 534 534 534 534 534 533 533 533 534 534 534 534 532 531 531 531 532 531 530 530 530 530 530 530 530 530 531 531 531 531 531 531 531 531 531 531
0 0 0 0 0 0 0 0 0 0 0 0 0 0 0 0 0 0 0 0 0 0 0 535 534 534 537 538 538 538 538 539 539 538 538 538 538 539 540 539 539 539 540 540 540 539 539 539 539 539 538 537 537 537 538 539 540 539 539 538 537 536 536 536 536 538 538 538 539 539 539 539 538 538 539 538 538 538 538 537 537 536 536 537 536 536 536 536 536 537 537 536 535 535 535 535 536 535 534 534 535 535 534 534 535 535 535 536 535 535 536 535 535 534 534 534 534 534 534 534 534 534 534 534 534 534 535 535 535 535 535 535 534 534 534 535 535 535 535 534 534 534 534 535 535 534 534 534 533 533 534 534 534 534 533 533 533 534 534 534 536 537 0 0 0 0 0 0 0 0 0 0 0 0 0 0 0 0 0 0 0 0 0 0 0 0 0 0 0 0 0 0 0 0 0 0 0 0 0 0 0 0 532 532 533 533 533 534 533 533 533 534 534 534 534 533 533 533 534 534 534 534 534 533 533 533 534 534 534 534 534 534 534 535 535 535 535 534 534 535 535 534 534 534 534 534 534 534 534 534 534 534 535 535 535 536 536 536 535 535 535 536 536 536 535 535 536 536 536 535 535 535 535 535 535 535 535 535 535 534 534 535 535 535 536 535 535 534 534 534 534 534 534 534 534 534 532 532 532 532 533 532 531 531 531 531 531 531 531 531 532 532 532 532 532 532 532 533 533 533
0 0 0 0 0 0 0 0 0 0 0 0 0 0 0 0 0 0 0 0 0 0 0 536 536 536 538 539 538 538 539 539 539 539 539 539 540 540 540 540 540 540 540 540 540 539 539 539 539 539 539 539 539 539 539 540 540 540 540 538 538 538 538 538 538 540 539 539 540 539 539 539 538 538 540 540 539 538 538 538 538 537 537 538 537 536 536 536 536 537 538 537 536 536 536 536 536 535 535 536 536 536 536 536 536 536 536 536 535 535 536 535 535 534 534 534 534 534 534 534 535 535 535 535 535 536 536 535 535 536 536 535 534 534 534 535 535 535 535 535 534 534 535 535 535 534 534 534 534 534 534 534 534 534 534 533 533 534 534 535 537 538 0 0 0 0 0 0 0 0 0 0 0 0 0 0 0 0 0 0 0 0 0 0 0 0 0 0 0 0 0 0 0 0 0 0 0 0 0 0 0 0 533 533 534 534 534 534 534 534 534 534 534 534 534 533 533 533 534 534 534 534 534 534 534 535 535 535 535 535 535 535 535 535 535 535 535 536 536 535 535 535 535 535 535 535 535 535 535 535 536 536 536 536 536 536 536 536 536 536 536 537 537 536 536 536 536 536 536 535 535 535 536 536 536 536 536 536 537 536 536 535 535 536 536 536 536 536 534 534 534 534 534 535 535 535 534 533 533 533 533 533 533 532 531 531 532 532 532 532 533 533 533 533 533 534 534 534 534 534
0 0 0 0 0 0 0 0 0 0 0 0 0 0 0 0 0 0 0 0 0 0 0 537 537 539 539 540 540 540 540 540 540 540 540 540 540 540 540 540 540 540 540 540 540 540 540 540 540 540 539 539 539 539 540 540 540 540 540 539 539 539 539 539 539 540 540 540 540 540 540 540 540 540 540 540 540 540 539 538 538 538 538 538 537 537 537 537 537 538 538 537 537 536 536 536 536 536 536 536 536 536 537 537 537 536 536 536 536 536 536 535 535 535 535 535 535 534 534 534 535 535 535 535 536 536 536 536 536 536 536 536 535 535 535 536 536 536 535 535 535 535 535 535 535 534 534 534 534 534 535 535 535 534 534 534 534 534 535 536 536 538 0 0 0 0 0 0 0 0 0 0 0 0 0 0 0 0 0 0 0 0 0 0 0 0 0 0 0 0 0 0 0 0 0 0 0 0 0 0 0 0 0 534 534 535 536 534 534 535 535 535 535 535 534 534 534 534 534 535 535 535 535 535 536 536 536 536 535 535 536 536 536 536 536 536 536 536 536 536 536 536 536 536 536 536 536 536 536 536 536 537 537 537 537 536 536 536 536 536 536 537 537 537 537 536 536 536 536 536 536 536 536 536 536 536 536 536 537 536 536 536 537 537 537 536 536 536 535 535 536 534 534 536 536 536 534 534 534 534 534 534 534 533 532 532 533 533 533 533 533 534 534 534 534 534 534 534 534 534
0 0 0 0 0 0 0 0 0 0 0 0 0 0 0 0 0 0 0 0 0 0 0 537 537 539 539 540 540 540 540 540 541 541 541 541 541 541 541 540 540 540 540 540 540 540 540 540 540 540 540 540 540 540 540 540 540 540 540 540 540 540 540 541 541 541 541 541 540 540 540 540 541 540 540 540 540 540 540 540 539 538 538 539 539 539 539 538 538 539 539 539 538 538 537 537 538 538 539 539 538 538 538 537 537 536 536 536 537 537 537 537 536 536 537 535 535 535 536 536 536 535 535 535 536 536 536 536 536 536 536 536 535 535 535 536 536 536 536 536 536 536 536 536 536 536 536 536 535 535 536 536 536 535 535 535 535 535 535 536 536 0 0 0 0 0 0 0 0 0 0 0 0 0 0 0 0 0 0 0 0 0 0 0 0 0 0 0 0 0 0 0 0 0 0 0 0 0 0 0 0 0 0 535 535 536 536 536 536 536 535 535 535 535 534 534 534 534 534 536 535 535 535 535 537 536 536 536 536 536 536 536 537 538 536 536 536 536 536 537 537 536 536 537 537 537 536 536 536 536 536 537 537 537 537 537 537 537 537 537 537 538 537 537 537 537 537 537 537 537 537 537 537 537 537 537 537 538 538 537 537 537 538 538 537 537 537 537 536 536 536 535 535 537 537 537 536 536 534 534 534 534 534 534 533 533 533 533 534 534 534 534 534 534 534 535 534 534 534 534
0 0 0 0 0 0 0 0 0 0 0 0 0 0 0 0 0 0 0 0 0 0 0 538 538 539 539 540 540 540 541 541 541 541 541 541 542 541 541 541 541 541 541 541 540 540 541 541 541 541 541 541 541 541 540 540 540 540 540 540 540 541 542 542 541 541 541 541 540 540 540 540 541 541 541 540 540 540 540 540 539 539 539 539 539 540 540 540 540 540 539 539 539 539 539 539 539 539 539 539 538 538 538 538 538 538 538 538 539 539 539 538 537 537 537 536 536 537 538 538 538 538 538 537 536 536 538 538 537 537 537 537 537 537 537 538 539 539 539 538 537 537 536 536 536 536 536 538 536 536 537 537 537 537 536 536 536 536 536 537 537 538 0 0 0 0 0 0 0 0 0 0 0 0 0 0 0 0 0 0 0 0 0 0 0 0 0 0 0 0 0 0 0 0 0 0 0 0 0 0 0 0 0 535 535 536 537 536 536 536 536 536 536 536 537 534 534 534 535 536 536 536 536 536 537 537 536 536 536 536 536 537 537 538 537 536 536 537 537 537 537 537 537 537 537 537 537 537 537 537 537 538 538 538 538 538 538 538 538 538 538 538 537 537 537 537 537 538 538 538 539 537 537 537 538 538 539 539 538 538 537 537 538 538 538 538 538 537 537 537 537 537 537 537 537 537 537 536 535 534 534 534 534 534 534 534 534 534 534 534 534 534 534 536 536 537 537 537 534 534
0 0 0 0 0 0 0 0 0 0 0 0 0 0 0 0 0 0 0 0 0 0 0 541 541 541 541 541 541 542 542 542 542 542 542 542 542 542 542 542 542 542 542 542 541 541 542 542 542 541 541 541 541 541 541 541 541 541 541 541 541 541 541 542 541 541 541 541 541 540 540 540 541 541 541 540 540 541 540 540 540 540 540 541 541 541 541 540 540 540 540 540 539 539 539 540 540 540 540 539 538 538 539 538 538 539 538 538 539 539 539 538 538 539 539 537 537 539 539 539 539 539 539 540 540 540 539 538 538 538 538 538 538 538 538 538 539 539 539 538 537 537 537 537 537 537 537 538 537 537 537 537 537 537 537 537 537 537 537 537 538 538 539 0 0 0 0 0 0 0 0 0 0 0 0 0 0 0 0 0 0 0 0 0 0 0 0 0 0 0 0 0 0 0 0 0 0 0 0 0 0 0 0 537 537 537 537 537 537 536 536 536 536 536 537 537 537 536 536 537 537 537 537 537 538 538 537 537 536 536 536 537 538 538 538 537 537 538 538 538 538 538 538 538 538 537 537 538 538 538 538 538 539 539 539 539 539 539 539 539 538 538 538 538 538 538 538 539 538 538 539 537 537 538 538 538 540 540 538 538 538 538 539 539 539 538 538 538 537 537 537 537 537 537 538 538 537 537 537 535 535 535 534 534 534 534 534 534 534 535 535 535 535 536 536 537 537 538 539 539
0 0 0 0 0 0 0 0 0 0 0 0 0 0 0 0 0 0 0 0 0 0 0 542 541 541 541 541 541 542 542 542 542 542 543 543 543 543 543 543 543 543 544 544 543 543 542 542 544 542 541 541 541 542 543 543 543 542 541 541 541 541 541 542 542 542 542 541 541 541 541 541 541 541 542 541 541 541 540 540 540 541 541 541 541 542 541 541 541 540 540 540 540 540 540 540 541 540 540 540 539 539 539 539 540 539 539 539 540 540 540 539 539 540 540 540 540 540 540 539 539 540 540 540 540 540 539 539 539 539 539 539 539 538 538 539 539 539 539 539 538 538 537 537 537 538 538 539 539 539 538 537 537 537 537 537 537 538 538 538 539 539 539 540 0 0 0 0 0 0 0 0 0 0 0 0 0 0 0 0 0 0 0 0 0 0 0 0 0 0 0 0 0 0 0 0 0 0 0 0 0 0 0 538 538 538 537 537 537 536 536 537 537 537 537 537 537 537 537 539 539 538 538 538 539 539 537 537 537 537 537 537 538 538 539 539 539 539 539 539 539 539 539 539 539 539 539 539 539 539 539 539 539 540 539 539 540 540 540 540 540 540 539 539 539 539 540 540 539 539 539 539 539 539 539 539 540 540 540 540 539 539 539 539 539 539 539 539 539 539 538 538 538 538 538 538 538 537 537 537 537 537 535 535 535 535 536 536 536 537 537 537 537 537 537 537 537 538 538 539
0 0 0 0 0 0 0 0 0 0 0 0 0 0 0 0 0 0 0 0 0 0 0 542 541 541 541 542 543 543 542 542 542 543 544 543 543 544 544 544 544 544 545 546 544 544 543 543 544 543 543 541 541 542 543 543 543 543 543 543 542 542 542 542 542 542 542 542 542 542 542 542 542 542 542 542 541 541 541 541 542 542 541 541 541 542 542 542 542 541 540 540 540 540 540 541 541 541 540 540 540 540 540 540 540 540 540 540 540 540 540 540 541 542 541 541 540 540 540 540 540 540 540 540 540 540 540 540 540 540 540 540 540 539 539 539 539 539 539 539 539 539 537 537 537 538 538 539 539 539 538 538 539 539 538 538 538 539 538 538 539 539 539 540 538 538 0 0 0 0 0 0 0 0 0 0 0 0 0 0 0 0 0 0 0 0 0 0 0 0 0 0 0 0 0 0 0 0 0 0 0 0 0 540 539 539 539 537 537 537 537 537 538 538 539 539 539 539 539 539 539 538 538 538 539 539 539 538 538 538 538 538 538 539 539 540 540 540 540 540 540 539 539 539 539 539 539 540 540 540 540 540 540 540 540 540 540 540 540 540 540 540 540 540 540 540 540 540 540 540 540 540 540 539 539 540 540 540 540 540 540 540 540 540 540 540 540 540 540 540 539 539 540 538 538 539 538 537 537 537 537 537 536 536 537 537 537 537 537 538 538 538 537 537 537 537 537 538 538 539
0 0 0 0 0 0 0 0 0 0 0 0 0 0 0 0 0 0 0 0 0 0 0 543 543 544 543 543 543 543 542 542 543 543 544 543 543 545 545 546 545 545 546 546 544 544 543 543 544 544 545 542 542 542 543 543 543 543 543 544 544 542 542 542 542 542 543 543 543 543 543 543 542 542 542 543 543 542 542 542 542 542 542 542 541 541 541 542 542 541 540 540 540 540 541 542 542 541 540 540 540 541 541 541 541 541 540 540 540 540 541 541 542 541 541 541 541 541 540 540 540 540 540 540 540 540 540 540 540 540 540 540 540 540 540 540 540 540 539 539 540 540 539 538 538 538 538 540 539 539 538 538 538 538 539 540 540 540 539 539 539 539 539 540 538 538 0 0 0 0 0 0 0 0 0 0 0 0 0 0 0 0 0 0 0 0 0 0 0 0 0 0 0 0 0 0 0 0 0 0 0 0 540 540 539 539 540 537 537 538 538 538 539 539 540 540 540 540 540 540 540 538 538 538 540 540 539 539 539 539 539 539 540 540 540 540 540 540 540 540 540 540 540 540 540 540 540 540 540 540 540 540 540 540 540 540 540 540 540 540 540 540 540 540 540 540 540 540 540 541 540 540 540 540 540 540 540 540 540 541 541 541 541 540 540 540 540 540 540 540 540 540 540 540 540 540 538 537 537 538 538 538 538 538 538 538 538 538 538 538 538 538 538 537 537 538 538 538 538 539
0 0 0 0 0 0 0 0 0 0 0 0 0 0 0 0 0 0 0 0 0 0 0 545 545 545 544 544 543 543 543 543 543 544 544 545 545 545 546 546 546 546 546 546 546 544 543 543 544 545 545 543 543 543 543 543 543 543 545 545 544 542 542 542 542 543 544 545 545 544 544 545 543 543 543 543 544 545 545 545 542 542 542 542 541 541 541 542 543 542 540 540 540 540 541 542 542 542 542 541 541 541 541 541 541 541 541 541 541 541 541 541 542 541 541 541 541 541 540 540 540 540 540 540 540 540 540 540 540 540 540 540 540 540 540 540 540 540 540 540 540 540 540 539 539 539 539 540 539 539 539 539 538 538 539 540 540 541 540 540 540 541 0 0 0 0 0 0 0 0 0 0 0 0 0 0 0 0 0 0 0 0 0 0 0 0 0 0 0 0 0 0 0 0 0 0 0 0 0 0 0 0 540 540 540 540 540 539 539 539 538 538 539 540 540 540 540 540 540 540 540 538 538 538 540 540 540 540 540 540 540 540 540 540 540 540 540 540 540 540 540 540 540 540 540 540 540 540 540 540 540 540 540 540 540 540 540 540 540 541 540 540 541 542 542 543 542 542 542 541 541 541 540 540 540 541 541 541 541 541 542 542 541 541 541 541 541 541 541 541 540 540 540 540 540 541 540 540 539 539 539 538 538 538 539 539 539 539 539 539 539 539 538 538 538 538 539 540 540 540
0 0 0 0 0 0 0 0 0 0 0 0 0 0 0 0 0 0 0 0 0 0 0 545 545 545 544 544 543 543 544 544 544 544 544 545 545 546 546 546 546 546 546 546 546 544 544 544 545 545 545 544 544 544 543 543 543 543 545 545 545 544 544 543 543 544 545 545 545 544 544 546 545 545 544 544 544 545 546 545 543 542 542 542 541 541 542 542 542 543 542 542 542 542 543 543 542 542 542 541 541 541 541 541 541 541 541 541 541 541 541 542 542 542 542 542 542 542 542 541 541 541 540 540 540 540 540 541 541 541 541 541 541 541 541 540 540 540 540 540 540 540 540 540 540 540 540 541 540 540 540 540 539 539 540 540 540 542 541 541 541 541 0 0 0 0 0 0 0 0 0 0 0 0 0 0 0 0 0 0 0 0 0 0 0 0 0 0 0 0 0 0 0 0 0 0 0 0 0 0 0 0 540 540 540 540 540 540 540 540 540 540 540 540 540 540 540 540 540 540 540 539 539 539 540 540 540 540 540 540 540 540 540 540 540 540 540 540 540 540 540 540 540 541 540 540 540 540 540 540 540 540 540 540 540 540 540 540 541 541 541 541 541 543 543 543 542 542 542 541 541 541 541 541 541 541 542 542 542 542 542 542 542 541 541 542 542 542 542 542 542 541 541 541 541 542 542 540 540 540 540 540 540 540 540 540 540 540 540 540 540 539 538 538 538 538 539 540 540 540
0 0 0 0 0 0 0 0 0 0 0 0 0 0 0 0 0 0 0 0 0 0 0 546 546 546 545 544 544 544 545 546 546 546 546 545 545 546 546 546 546 546 546 546 546 545 544 544 546 545 544 544 545 545 545 544 543 543 545 545 545 544 544 545 545 546 546 545 545 544 544 546 546 545 544 544 544 546 546 546 544 543 543 543 543 542 542 542 542 543 543 543 543 544 544 543 543 543 542 542 542 542 542 542 542 542 542 542 542 542 542 543 543 542 542 543 542 542 542 542 542 544 543 542 542 541 541 541 541 541 541 541 542 542 542 542 541 541 541 541 542 541 541 542 541 541 542 542 540 540 540 541 540 540 540 540 540 542 541 541 542 542 543 0 0 0 0 0 0 0 0 0 0 0 0 0 0 0 0 0 0 0 0 0 0 0 0 0 0 0 0 0 0 0 0 0 0 0 0 0 0 0 541 540 540 540 540 540 540 540 540 540 540 540 540 540 541 540 540 540 540 540 540 540 540 541 540 540 540 540 540 540 540 540 540 541 540 540 540 540 541 541 541 541 541 541 540 540 540 540 540 541 541 541 541 542 542 542 542 542 541 541 543 544 544 543 542 542 543 543 542 542 542 542 543 542 542 543 543 543 542 542 542 542 542 542 542 543 543 543 543 542 542 541 541 542 542 541 541 540 540 541 540 540 540 540 540 541 540 540 540 540 540 540 540 540 540 540 541 541
0 0 0 0 0 0 0 0 0 0 0 0 0 0 0 0 0 0 0 0 0 0 0 546 546 546 546 545 545 545 545 546 546 547 547 547 546 546 546 546 546 546 547 546 546 545 545 545 546 545 544 544 545 545 545 544 544 545 546 546 546 546 545 545 546 546 546 546 546 545 545 546 546 546 546 545 545 546 545 545 544 544 543 543 543 544 544 543 543 543 543 543 543 544 544 544 543 543 543 543 543 543 544 542 542 542 542 542 542 542 543 543 543 543 543 544 544 543 543 542 542 544 543 543 543 542 542 542 541 541 542 542 543 543 543 542 541 541 542 542 542 542 542 542 542 542 542 543 542 542 542 542 542 542 542 541 541 542 542 542 542 543 543 0 0 0 0 0 0 0 0 0 0 0 0 0 0 0 0 0 0 0 0 0 0 0 0 0 0 0 0 0 0 0 0 0 0 0 0 0 0 0 541 541 541 541 541 541 541 540 540 540 540 540 541 541 541 542 541 541 540 540 540 541 541 541 540 540 540 540 540 541 541 540 540 541 541 541 541 542 542 542 542 542 542 541 540 540 541 541 541 541 541 542 543 544 544 543 543 543 542 542 543 543 543 543 543 543 544 543 543 543 543 543 543 543 543 543 544 544 543 543 544 543 543 544 544 544 544 544 544 543 543 542 542 543 543 542 542 541 541 541 542 541 541 541 541 541 540 540 540 540 540 540 540 540 540 540 541 541
0 0 0 0 0 0 0 0 0 0 0 0 0 0 0 0 0 0 0 0 0 0 0 546 546 547 547 546 546 546 546 546 547 547 547 548 547 547 547 547 546 546 547 546 546 546 545 545 546 545 545 545 545 545 546 546 546 546 546 546 546 546 546 546 546 546 546 546 546 545 545 546 546 546 546 546 546 546 545 545 545 545 544 544 545 545 545 544 543 543 543 543 543 544 544 544 544 544 544 543 543 544 544 544 544 542 542 543 543 543 543 543 544 544 544 545 545 545 545 543 543 544 543 543 543 543 542 542 542 542 542 542 543 543 543 542 542 542 542 542 543 543 543 543 542 542 543 543 542 542 542 542 542 542 542 542 542 542 542 542 543 543 544 0 0 0 0 0 0 0 0 0 0 0 0 0 0 0 0 0 0 0 0 0 0 0 0 0 0 0 0 0 0 0 0 0 0 0 0 0 0 0 541 541 541 541 541 541 542 542 541 541 540 540 541 541 542 542 541 541 540 540 541 542 542 542 540 540 541 541 541 542 542 541 541 541 542 542 543 543 543 542 542 542 542 542 542 541 541 541 543 543 543 543 544 544 544 544 543 543 542 542 543 543 543 543 543 543 544 544 544 544 544 544 544 544 544 545 545 545 545 545 545 545 545 545 545 545 545 545 545 545 544 544 543 543 544 543 543 542 542 542 542 543 543 542 541 541 541 541 541 542 542 542 541 541 541 542 542 543
0 0 0 0 0 0 0 0 0 0 0 0 0 0 0 0 0 0 0 0 0 0 0 546 546 547 547 547 547 548 548 548 548 548 548 548 548 547 547 548 548 547 547 546 546 546 546 546 546 546 546 546 546 546 546 546 546 546 546 546 546 546 546 546 546 546 547 546 546 545 545 546 546 547 546 546 546 546 546 546 546 546 546 546 545 545 546 545 545 545 545 545 545 546 546 546 545 545 544 543 543 544 544 544 544 542 542 543 543 543 544 544 544 545 545 545 545 545 545 543 543 543 544 544 544 543 542 542 543 542 542 543 544 544 543 543 543 543 543 543 544 543 543 544 543 543 543 543 543 543 543 542 542 543 542 542 542 542 543 543 543 543 545 0 0 0 0 0 0 0 0 0 0 0 0 0 0 0 0 0 0 0 0 0 0 0 0 0 0 0 0 0 0 0 0 0 0 0 0 0 0 0 542 541 541 541 541 541 542 542 541 541 541 540 540 541 541 543 542 542 541 541 542 543 543 543 541 541 542 542 542 543 543 543 543 543 543 543 543 543 543 543 542 542 543 542 542 542 542 542 543 544 544 545 544 544 545 544 544 544 544 544 544 544 544 544 544 545 545 545 544 544 544 544 544 544 544 546 545 545 546 546 546 546 545 545 545 545 545 546 546 546 545 544 544 544 544 544 544 543 543 543 543 544 544 544 543 543 542 542 542 543 543 543 543 542 542 543 543 543
0 0 0 0 0 0 0 0 0 0 0 0 0 0 0 0 0 0 0 0 0 0 0 548 548 548 548 548 548 549 550 549 549 548 548 549 549 549 549 548 548 548 548 547 547 546 546 546 546 546 546 546 547 547 547 546 546 546 546 546 546 546 546 546 546 547 547 547 546 546 546 546 547 548 546 546 546 546 546 546 546 546 546 546 546 546 546 546 546 545 545 545 545 546 546 546 546 546 544 543 543 544 544 545 545 544 544 543 543 543 544 544 545 545 545 545 546 545 545 543 543 543 544 544 544 543 543 544 544 545 545 544 544 544 544 544 544 545 543 543 544 544 544 544 543 543 543 543 543 543 544 544 545 543 543 543 542 542 543 543 543 545 545 0 0 0 0 0 0 0 0 0 0 0 0 0 0 0 0 0 0 0 0 0 0 0 0 0 0 0 0 0 0 0 0 0 0 0 0 0 0 0 544 541 541 541 542 542 541 541 541 541 542 540 540 541 541 543 544 544 542 542 543 543 544 543 543 543 542 542 542 543 543 544 544 544 544 544 544 544 543 543 543 543 543 543 543 543 543 543 544 545 545 545 545 545 545 545 545 545 545 545 544 544 544 544 544 545 545 546 545 545 545 545 545 545 545 546 546 546 546 546 546 546 546 546 546 546 546 546 546 546 545 545 544 544 545 545 546 546 545 544 544 544 544 545 545 544 544 543 543 544 544 544 544 544 544 544 544 544
0 0 0 0 0 0 0 0 0 0 0 0 0 0 0 0 0 0 0 0 0 0 0 548 548 548 548 548 549 550 550 549 549 549 549 549 549 549 549 549 548 548 548 548 548 548 547 546 546 546 546 547 547 548 547 546 546 546 546 546 547 547 547 546 546 547 548 546 546 546 546 546 547 549 546 546 546 546 547 547 547 546 546 546 546 546 546 546 546 546 546 546 546 546 546 546 546 546 546 546 544 544 545 545 546 546 545 544 544 545 546 546 545 545 545 546 546 546 546 544 544 544 544 544 543 543 543 544 544 545 545 545 545 544 544 545 545 546 545 545 544 544 544 544 543 543 543 543 543 543 545 545 545 544 544 544 543 543 544 544 544 546 0 0 0 0 0 0 0 0 0 0 0 0 0 0 0 0 0 0 0 0 0 0 0 0 0 0 0 0 0 0 0 0 0 0 0 0 0 0 0 0 543 543 544 544 542 542 541 541 542 542 543 541 541 542 542 543 544 544 544 544 543 543 544 543 543 543 543 544 544 544 544 544 544 544 544 544 544 544 543 543 544 544 543 543 544 544 544 544 544 545 546 546 545 545 546 546 546 546 545 545 546 546 546 546 546 546 546 546 546 546 546 546 546 546 546 546 546 546 546 547 547 547 547 546 546 547 547 547 547 546 546 546 546 546 546 546 546 546 546 546 546 545 545 545 545 544 544 544 544 544 544 544 544 545 545 545 545 546
0 0 0 0 0 0 0 0 0 0 0 0 0 0 0 0 0 0 0 0 0 0 0 548 548 548 548 548 549 549 549 550 550 550 549 549 550 549 549 550 549 549 549 549 549 549 548 548 548 548 548 548 548 549 549 547 546 546 547 548 548 548 547 546 546 547 548 546 546 546 546 547 547 549 547 546 546 546 547 547 547 547 547 547 547 547 546 546 547 546 546 546 546 546 546 546 546 547 547 547 545 545 546 546 546 546 546 546 546 546 546 546 546 546 546 546 546 546 546 546 546 545 544 544 543 543 543 543 544 545 546 546 546 545 545 545 545 546 546 545 544 544 545 545 545 545 543 543 543 544 545 545 545 545 545 546 544 544 544 544 544 546 546 0 0 0 0 0 0 0 0 0 0 0 0 0 0 0 0 0 0 0 0 0 0 0 0 0 0 0 0 0 0 0 0 0 0 0 0 0 0 0 543 543 546 545 543 543 542 542 543 544 544 543 543 543 543 543 544 544 544 544 543 543 544 544 545 546 545 544 544 545 544 544 544 544 544 544 545 544 544 545 545 545 545 545 545 544 544 545 545 545 546 546 546 546 546 546 546 546 546 546 546 546 546 546 546 546 546 546 546 546 546 546 546 546 546 547 547 548 548 548 548 548 548 548 548 548 547 547 548 547 547 547 547 546 546 547 547 547 547 547 546 546 546 546 546 545 545 544 544 545 545 545 545 545 545 545 546 546
0 0 0 0 0 0 0 0 0 0 0 0 0 0 0 0 0 0 0 0 0 0 0 549 549 549 549 549 550 549 549 550 550 550 550 550 551 549 549 550 551 551 550 550 550 550 548 548 548 548 548 548 548 549 549 549 548 548 548 550 549 549 548 548 548 548 548 549 549 549 550 549 549 548 548 546 546 546 547 547 547 547 547 547 548 548 547 547 547 546 546 547 547 546 546 546 547 548 548 548 546 546 546 546 546 546 546 546 546 546 546 547 546 546 546 546 546 546 546 546 546 546 546 545 543 543 543 543 545 546 546 546 546 546 546 546 546 546 546 546 545 545 546 546 546 545 543 543 543 544 546 546 546 546 546 546 545 544 544 544 544 546 546 0 0 0 0 0 0 0 0 0 0 0 0 0 0 0 0 0 0 0 0 0 0 0 0 0 0 0 0 0 0 0 0 0 0 0 0 0 0 544 544 546 545 545 545 544 544 544 545 545 545 545 544 544 544 545 545 545 545 544 544 545 545 545 545 546 545 545 545 545 545 545 545 545 545 545 545 545 545 546 546 546 546 545 545 545 545 546 546 546 546 546 546 546 546 546 546 546 546 546 546 546 546 546 546 547 547 549 549 547 547 547 547 547 547 548 548 548 548 548 548 548 548 548 548 548 548 548 548 548 548 548 548 548 547 547 547 547 547 547 547 547 547 546 546 546 546 546 546 546 546 546 546 546 546 546 546 547
0 0 0 0 0 0 0 0 0 0 0 0 0 0 0 0 0 0 0 0 0 0 0 549 549 549 549 549 550 550 551 551 550 550 551 551 552 549 549 550 552 552 551 551 551 551 550 550 550 550 550 549 549 550 550 550 549 549 550 551 550 550 549 548 548 548 548 550 550 550 551 549 549 548 548 548 549 548 548 549 547 547 548 548 548 548 549 548 548 548 547 547 547 547 546 546 547 548 548 548 547 547 547 548 548 548 546 546 546 546 547 547 546 546 548 549 549 546 546 546 546 548 547 547 545 545 547 546 546 546 546 546 546 546 546 546 546 546 546 546 545 545 546 546 546 546 545 545 545 545 546 546 547 546 546 546 546 546 546 545 545 546 546 549 0 0 0 0 0 0 0 0 0 0 0 0 0 0 0 0 0 0 0 0 0 0 0 0 0 0 0 0 0 0 0 0 0 0 0 0 0 544 544 546 545 545 546 545 545 546 546 545 545 545 544 544 545 545 545 545 545 544 544 545 545 545 545 546 546 546 546 545 545 545 545 545 546 546 546 546 546 546 546 546 546 546 546 546 546 546 546 546 546 546 546 547 547 546 546 546 546 546 547 547 547 547 547 549 549 549 549 547 547 548 548 548 548 549 549 549 549 549 549 548 548 548 548 548 548 549 549 549 549 549 549 548 548 548 548 548 548 547 547 547 547 547 547 547 547 547 547 547 546 546 546 546 546 547 547 547
0 0 0 0 0 0 0 0 0 0 0 0 0 0 0 0 0 0 0 0 0 0 0 552 550 550 551 551 551 552 552 552 552 552 552 552 552 550 550 552 552 552 551 551 552 552 551 551 551 551 551 550 550 550 550 550 549 549 550 551 550 550 548 548 549 549 550 550 550 551 552 549 549 549 549 549 549 549 550 550 547 547 549 549 549 549 549 549 548 548 548 548 548 548 547 547 547 548 548 548 547 547 548 548 548 548 546 546 546 546 548 548 546 546 546 548 549 547 546 546 547 548 548 548 549 547 547 546 546 546 546 546 546 546 546 546 546 546 546 548 546 546 546 546 546 547 546 546 546 546 546 546 548 547 547 547 546 546 546 547 548 549 549 549 550 0 0 0 0 0 0 0 0 0 0 0 0 0 0 0 0 0 0 0 0 0 0 0 0 0 0 0 0 0 0 0 0 0 0 0 0 544 544 546 546 546 546 546 546 546 546 545 545 545 545 545 546 546 546 545 545 545 545 545 545 545 545 546 546 546 546 546 546 546 546 546 546 546 546 546 546 546 546 547 547 547 547 547 547 547 548 547 547 547 547 548 549 547 547 547 547 547 548 548 548 549 549 549 549 549 549 549 549 549 549 548 548 550 550 550 550 550 550 550 549 549 549 549 549 550 550 549 549 549 549 548 548 548 548 548 548 548 547 547 547 547 548 548 548 547 547 547 547 547 547 547 547 548 548 547
0 0 0 0 0 0 0 0 0 0 0 0 0 0 0 0 0 0 0 0 0 0 0 553 552 552 553 552 552 553 553 553 553 553 552 552 552 552 552 552 552 552 552 552 552 552 552 552 552 551 551 550 550 550 550 551 550 550 550 550 550 550 548 548 549 549 550 550 551 552 552 549 549 549 549 549 549 550 550 550 549 549 549 550 549 549 549 549 548 548 549 549 549 548 548 548 549 549 549 549 549 550 550 550 549 548 548 547 547 547 548 548 546 546 546 548 549 548 547 547 547 547 547 547 548 548 548 546 546 547 547 546 546 546 546 546 546 546 547 549 547 547 546 546 546 547 546 546 546 546 548 548 548 548 547 547 547 547 547 547 548 549 549 549 550 0 0 0 0 0 0 0 0 0 0 0 0 0 0 0 0 0 0 0 0 0 0 0 0 0 0 0 0 0 0 0 0 0 0 0 0 544 544 546 546 546 546 546 546 546 546 546 546 546 546 546 546 546 546 546 546 546 546 546 546 546 546 546 546 546 546 547 547 547 546 546 547 547 547 546 546 547 547 548 548 547 547 547 548 548 548 548 548 548 548 548 548 549 550 550 550 549 549 549 549 549 549 550 550 550 550 550 550 550 550 549 549 551 551 551 550 550 550 550 549 549 549 549 550 551 551 550 550 550 550 550 549 549 550 550 550 548 548 548 548 548 549 549 549 549 549 549 548 548 548 548 548 548 548 548
0 0 0 0 0 0 0 0 0 0 0 0 0 0 0 0 0 0 0 0 0 0 0 554 552 552 553 553 553 554 553 553 553 553 553 554 554 554 554 553 553 552 552 552 553 553 553 553 552 551 551 552 552 552 552 553 553 551 550 550 551 552 551 551 551 551 551 551 551 552 552 551 550 550 550 550 550 550 550 550 550 550 550 551 550 550 550 550 549 549 549 549 549 550 549 549 549 550 550 550 550 550 550 550 549 548 548 547 547 548 549 549 548 548 549 549 549 548 548 548 548 547 547 547 548 548 548 550 548 547 547 546 546 546 546 547 547 547 548 550 550 550 548 547 547 547 547 546 546 546 548 548 548 549 547 547 547 547 547 547 548 549 549 548 548 0 0 0 0 0 0 0 0 0 0 0 0 0 0 0 0 0 0 0 0 0 0 0 0 0 0 0 0 0 0 0 0 0 0 0 549 544 544 546 546 546 546 546 546 546 547 546 546 546 546 546 546 547 547 546 546 547 547 547 546 546 546 547 547 547 547 547 547 548 546 546 547 547 547 547 547 547 547 548 548 548 548 548 548 548 549 549 549 548 548 548 548 549 550 550 550 550 550 550 550 550 550 550 550 550 550 550 551 550 550 550 550 551 551 551 551 551 550 550 550 550 550 550 551 551 551 551 551 551 550 550 550 550 550 550 550 549 548 548 548 548 549 550 551 550 549 549 549 548 548 548 548 549 549 549
0 0 0 0 0 0 0 0 0 0 0 0 0 0 0 0 0 0 0 0 0 0 0 554 554 554 555 554 554 554 553 553 553 553 554 554 554 554 554 553 553 553 553 553 553 554 554 553 552 552 553 552 552 553 553 553 553 551 550 550 551 552 552 551 551 553 553 553 553 553 553 553 552 551 551 551 551 551 550 550 551 551 552 553 552 552 552 552 552 552 550 550 551 551 550 550 550 551 551 550 550 550 550 550 550 549 549 549 548 548 549 549 549 547 547 548 548 549 548 548 548 548 549 549 549 548 548 550 549 547 547 547 547 548 548 549 549 549 549 550 550 550 548 548 547 547 547 546 546 546 549 549 549 550 549 549 547 547 547 548 548 549 549 548 548 0 0 0 0 0 0 0 0 0 0 0 0 0 0 0 0 0 0 0 0 0 0 0 0 0 0 0 0 0 0 0 0 0 0 0 549 547 547 548 547 547 547 547 547 547 549 547 547 546 546 547 547 547 547 547 547 547 547 547 546 546 546 547 547 547 547 547 547 549 546 546 547 549 548 548 548 548 548 548 549 549 550 550 550 549 549 549 549 550 549 549 549 550 550 550 551 550 550 551 551 551 551 550 550 551 551 551 551 550 550 550 550 552 552 552 552 552 552 551 551 551 551 551 552 552 552 551 551 551 550 550 551 551 551 551 551 551 550 549 548 548 549 550 551 551 550 550 549 549 549 549 550 550 550 551
0 0 0 0 0 0 0 0 0 0 0 0 0 0 0 0 0 0 0 0 0 0 0 555 555 555 555 554 554 554 554 554 554 554 555 555 554 554 554 554 553 553 553 553 554 554 554 554 554 554 553 553 553 553 553 553 553 552 550 550 551 552 553 552 552 554 554 554 554 554 554 554 552 551 551 551 551 551 550 550 551 552 552 553 552 552 553 553 553 553 552 551 551 551 551 552 552 552 552 552 551 550 550 550 550 550 550 550 550 550 550 550 550 547 547 548 548 549 550 550 549 549 549 549 553 550 550 550 550 549 549 548 548 550 549 549 550 552 552 552 551 550 550 548 548 548 548 548 548 549 549 550 550 550 550 550 550 549 549 549 549 550 550 548 548 0 0 0 0 0 0 0 0 0 0 0 0 0 0 0 0 0 0 0 0 0 0 0 0 0 0 0 0 0 0 0 0 0 0 550 550 548 548 549 549 549 548 548 548 548 549 547 547 547 547 547 547 547 547 547 547 548 547 547 547 547 547 549 549 549 549 549 549 549 547 547 548 549 549 549 549 549 549 550 549 549 550 551 550 550 550 550 550 550 550 550 551 551 551 551 551 550 550 551 551 551 551 551 551 551 551 551 551 551 550 550 551 552 553 553 553 553 552 552 552 552 552 552 552 552 552 552 552 552 552 552 552 552 552 552 552 551 551 551 550 550 551 551 551 551 550 550 549 549 549 549 550 550 552 552
0 0 0 0 0 0 0 0 0 0 0 0 0 0 0 0 0 0 0 0 0 0 0 556 555 555 555 555 554 554 554 554 554 556 556 556 555 554 554 554 554 554 554 554 554 554 554 554 554 554 554 554 553 553 554 552 552 552 550 550 551 552 552 553 553 554 554 554 554 554 554 554 554 552 552 552 552 552 552 552 553 552 552 553 553 553 553 553 553 553 553 553 551 551 551 552 552 552 551 551 552 551 551 551 551 550 550 550 551 551 552 550 550 548 548 549 549 550 550 552 553 553 553 553 553 553 550 550 551 551 550 549 549 550 550 550 550 550 550 551 551 551 551 550 550 550 548 548 548 549 549 550 550 551 552 550 550 549 549 549 550 550 550 549 549 0 0 0 0 0 0 0 0 0 0 0 0 0 0 0 0 0 0 0 0 0 0 0 0 0 0 0 0 0 0 0 0 0 0 550 550 549 549 550 550 550 549 548 548 549 549 547 547 547 547 547 548 548 548 548 548 548 548 548 548 548 549 550 549 549 549 549 549 550 550 549 549 549 550 550 550 551 551 551 551 550 550 551 551 551 551 551 551 551 551 551 551 551 551 551 551 551 551 552 551 551 551 551 551 551 551 551 551 551 551 551 552 552 553 553 554 553 553 553 552 552 553 553 553 553 553 552 552 552 553 553 553 553 552 552 552 552 552 552 552 552 552 552 552 551 551 551 551 550 550 551 551 552 552 552
0 0 0 0 0 0 0 0 0 0 0 0 0 0 0 0 0 0 0 0 0 0 0 555 555 555 554 554 554 554 554 554 555 556 556 556 555 555 555 554 554 554 554 554 554 554 554 554 555 556 556 555 554 553 552 552 552 552 555 552 552 552 552 553 554 554 554 554 554 554 554 554 554 554 553 553 553 553 553 553 553 554 554 554 554 553 553 554 554 553 553 553 552 552 552 552 552 552 551 551 553 552 552 552 552 551 551 551 551 553 553 551 550 549 549 550 551 551 551 552 553 553 553 553 550 550 551 551 552 551 551 552 553 553 551 551 550 550 550 551 551 551 551 552 551 551 550 550 550 550 550 550 550 551 552 553 551 550 550 550 550 550 551 0 0 0 0 0 0 0 0 0 0 0 0 0 0 0 0 0 0 0 0 0 0 0 0 0 0 0 0 0 0 0 0 0 0 0 0 0 549 549 549 550 550 550 550 550 549 549 549 548 548 549 549 549 549 549 549 549 549 549 550 550 550 550 550 551 551 551 550 550 550 550 550 549 549 550 551 551 551 551 551 551 551 551 551 551 551 551 552 551 551 551 552 552 552 551 551 551 552 551 551 553 553 553 553 552 551 551 551 551 551 551 552 552 552 553 554 554 554 554 554 554 553 553 553 554 554 554 553 553 553 553 554 554 554 554 553 553 552 552 552 553 553 553 553 552 552 552 552 552 552 552 552 553 553 554 553 553
0 0 0 0 0 0 0 0 0 0 0 0 0 0 0 0 0 0 0 0 0 0 0 555 555 555 554 554 554 554 554 554 555 556 556 556 556 555 555 555 554 554 554 554 555 555 555 556 556 556 556 555 555 553 552 552 552 555 555 553 553 554 554 554 554 555 555 554 554 554 554 554 554 554 554 554 554 554 554 554 554 554 554 554 554 553 553 554 553 553 553 553 553 553 553 553 553 553 553 553 553 553 553 553 553 552 552 554 554 554 554 553 550 550 551 551 552 552 552 553 553 553 553 553 550 550 551 551 552 552 551 551 552 552 552 552 552 551 551 551 551 551 551 552 553 553 551 551 552 552 551 550 550 551 552 551 551 550 550 550 551 551 553 0 0 0 0 0 0 0 0 0 0 0 0 0 0 0 0 0 0 0 0 0 0 0 0 0 0 0 0 0 0 0 0 0 0 0 0 0 549 549 549 550 551 551 551 550 550 550 550 550 550 550 549 549 550 550 549 549 551 551 551 551 551 551 551 551 551 551 550 550 550 551 551 550 550 550 551 551 551 551 551 551 552 551 551 552 552 552 553 552 552 552 552 552 552 552 552 552 552 552 552 554 554 554 554 553 553 551 551 552 552 553 553 553 554 554 554 554 554 554 554 554 554 554 554 554 554 554 554 553 553 554 554 554 554 554 554 553 553 553 553 553 553 553 553 553 553 553 553 553 553 553 553 553 554 554 554 554
0 0 0 0 0 0 0 0 0 0 0 0 0 0 0 0 0 0 0 0 0 0 0 558 557 556 555 555 555 555 555 555 555 557 557 556 556 555 555 555 555 555 555 555 556 556 556 556 556 557 557 556 556 555 555 556 555 555 555 554 554 555 555 555 556 556 555 554 554 554 554 554 554 554 554 554 555 555 556 555 555 554 554 554 554 555 554 554 553 553 553 553 553 554 554 554 554 554 553 553 553 553 553 554 554 554 554 554 554 554 553 553 551 551 553 554 554 552 552 553 553 553 553 554 554 554 552 552 553 552 551 551 552 552 552 552 552 551 551 551 553 553 552 552 553 553 552 552 552 553 552 552 551 551 552 551 551 550 550 550 551 551 553 0 0 0 0 0 0 0 0 0 0 0 0 0 0 0 0 0 0 0 0 0 0 0 0 0 0 0 0 0 0 0 0 0 0 0 0 0 549 549 550 551 551 551 551 550 550 550 550 551 551 551 550 550 551 551 551 551 551 552 552 552 552 551 551 551 551 551 552 552 552 552 551 551 551 551 551 551 552 552 552 552 552 552 552 553 553 553 553 552 552 552 553 553 553 553 553 553 554 554 554 554 554 554 554 553 553 553 553 554 554 554 554 554 554 554 555 555 555 555 555 555 554 554 554 554 555 554 554 554 554 554 554 554 554 554 554 553 553 553 554 554 554 554 554 554 554 554 554 554 554 554 554 554 554 554 554 554
0 0 0 0 0 0 0 0 0 0 0 0 0 0 0 0 0 0 0 0 0 0 0 558 557 557 556 556 556 558 558 557 557 557 557 557 556 556 555 555 555 556 556 556 556 556 557 557 557 557 557 557 556 556 556 557 556 556 553 553 555 555 555 556 557 557 556 554 554 554 554 555 555 555 555 555 556 557 556 556 556 554 554 554 555 555 555 556 553 553 553 553 553 554 554 554 554 554 553 553 553 553 553 554 554 554 554 554 554 554 553 553 552 552 554 554 554 554 554 554 554 554 554 554 554 554 553 553 553 554 553 553 553 553 553 553 553 553 553 553 553 553 553 553 553 553 553 553 553 553 554 554 553 553 553 552 551 551 550 550 552 553 554 0 0 0 0 0 0 0 0 0 0 0 0 0 0 0 0 0 0 0 0 0 0 0 0 0 0 0 0 0 0 0 0 0 0 0 0 0 549 549 553 553 552 552 551 551 551 551 551 552 551 551 552 552 552 551 551 551 551 552 552 552 553 552 552 552 551 551 552 552 553 553 553 552 552 551 551 551 552 552 552 553 552 552 552 553 554 554 554 553 553 553 553 553 554 554 554 554 554 554 554 554 554 554 554 554 554 554 554 554 554 554 554 554 554 555 555 556 556 556 555 555 555 555 555 555 555 555 555 555 555 555 555 555 555 554 554 554 554 554 554 554 554 554 554 554 554 554 554 554 554 554 554 554 554 554 554 554
0 0 0 0 0 0 0 0 0 0 0 0 0 0 0 0 0 0 0 0 0 0 0 559 559 559 557 557 558 558 559 557 557 557 558 558 558 556 556 556 556 557 558 558 558 558 558 558 557 557 557 557 557 556 556 558 556 556 553 553 555 555 556 556 558 557 556 556 556 555 555 556 556 556 557 557 557 557 556 556 556 555 555 556 555 555 556 556 557 555 554 553 553 554 554 554 554 554 554 553 553 554 554 554 554 554 554 554 554 554 554 554 554 555 554 554 554 554 554 554 554 554 554 554 555 554 554 553 553 554 554 554 554 554 553 553 553 553 0 554 554 554 554 553 553 553 553 553 553 553 554 554 553 553 553 554 554 553 553 553 553 554 556 0 0 0 0 0 0 0 0 0 0 0 0 0 0 0 0 0 0 0 0 0 0 0 0 0 0 0 0 0 0 0 0 0 0 0 0 0 549 549 553 553 552 552 551 551 551 552 552 553 553 552 552 552 552 551 551 552 552 553 553 553 553 553 552 552 551 551 552 553 553 553 553 552 552 551 551 551 552 554 553 553 552 552 552 554 554 554 554 554 554 554 554 554 554 554 554 554 554 554 555 555 554 554 554 554 554 554 555 554 554 554 554 554 555 556 556 557 557 557 556 556 556 556 556 556 556 556 556 556 556 556 556 556 556 556 555 555 555 555 555 555 555 554 554 554 554 554 554 554 554 554 554 554 555 555 556 556
0 0 0 0 0 0 0 0 0 0 0 0 0 0 0 0 0 0 0 0 0 0 0 561 561 561 559 559 558 558 559 559 559 559 559 559 558 558 558 557 557 558 558 558 558 558 558 558 558 558 559 559 557 557 558 558 558 558 557 557 556 556 556 556 558 555 555 555 556 556 557 556 556 557 557 557 558 557 556 556 556 556 556 557 557 557 556 556 557 555 555 555 554 554 554 555 555 556 555 554 554 554 554 555 555 555 555 555 554 554 554 554 554 554 553 553 554 554 555 554 554 554 554 554 555 554 554 554 554 554 554 554 554 554 554 554 554 0 555 555 554 554 554 554 553 553 553 553 553 553 554 554 554 553 553 554 554 554 554 554 554 554 556 557 0 0 0 0 0 0 0 0 0 0 0 0 0 0 0 0 0 0 0 0 0 0 0 0 0 0 0 0 0 0 0 0 0 0 0 0 551 551 553 553 552 552 551 551 551 552 552 553 553 553 553 552 552 552 552 552 552 553 553 552 552 553 553 553 552 552 553 553 553 553 553 553 554 553 552 552 554 554 554 554 552 552 554 554 554 554 554 554 554 555 554 554 554 554 554 554 554 555 555 555 555 555 554 554 555 555 556 556 556 556 555 555 556 557 557 557 557 557 557 557 557 557 557 557 557 557 557 557 557 557 557 557 557 557 557 557 557 556 556 556 555 555 555 555 555 555 555 555 555 555 555 555 555 555 556 556
0 0 0 0 0 0 0 0 0 0 0 0 0 0 0 0 0 0 0 0 0 0 0 562 560 560 559 559 559 559 560 560 560 559 559 559 559 559 559 559 559 559 559 559 559 559 559 559 559 558 558 559 558 558 558 558 558 559 559 556 556 559 556 556 557 555 555 555 560 558 558 557 557 557 557 558 558 557 556 556 556 556 557 558 557 557 556 556 557 557 556 556 557 555 555 555 555 556 555 555 555 555 555 556 556 557 555 555 554 554 554 554 555 554 553 553 554 554 556 554 554 554 554 554 554 554 554 554 554 555 555 554 554 555 555 555 556 556 555 555 555 556 556 555 555 554 554 554 554 554 554 554 554 554 554 554 554 554 554 554 554 554 556 557 0 0 0 0 0 0 0 0 0 0 0 0 0 0 0 0 0 0 0 0 0 0 0 0 0 0 0 0 0 0 0 0 0 0 0 0 551 551 553 553 553 553 552 552 552 552 554 554 554 553 553 553 553 553 553 554 554 554 553 552 552 553 553 554 554 553 553 553 553 553 554 554 554 554 554 554 554 554 554 554 554 554 554 554 554 554 554 554 555 555 555 554 554 555 555 555 555 556 556 556 556 556 556 555 555 556 556 557 557 557 557 556 556 557 557 557 557 557 557 557 558 558 558 558 558 558 558 558 558 558 558 558 558 558 558 558 557 557 557 556 556 556 556 556 556 556 555 555 556 556 555 555 556 557 558 557
0 0 0 0 0 0 0 0 0 0 0 0 0 0 0 0 0 0 0 0 0 0 0 562 560 560 560 559 559 560 560 560 560 559 559 559 559 559 559 559 559 560 559 559 559 559 559 559 559 558 558 559 559 558 558 558 558 559 559 556 556 558 556 556 557 556 556 560 560 560 559 559 558 557 557 558 558 558 557 557 557 557 558 558 558 557 557 557 557 557 557 557 558 557 556 556 556 557 556 556 557 557 557 557 557 557 557 557 554 554 554 554 555 555 554 554 555 555 556 556 556 555 554 554 554 554 554 555 555 555 555 554 554 555 555 555 556 556 556 555 555 556 556 555 555 554 554 554 555 555 556 554 554 554 554 554 554 554 554 554 554 554 556 557 0 0 0 0 0 0 0 0 0 0 0 0 0 0 0 0 0 0 0 0 0 0 0 0 0 0 0 0 0 0 0 0 0 0 0 0 554 554 554 554 553 553 553 553 553 554 554 554 554 553 553 553 553 553 554 555 554 554 554 554 554 554 554 554 554 553 553 554 554 554 554 555 554 554 554 554 554 554 554 554 554 554 554 554 555 554 554 555 555 555 555 554 554 555 555 555 556 556 556 556 556 556 557 557 557 557 557 557 557 557 557 557 557 558 558 558 559 559 559 559 559 559 559 558 558 558 558 559 559 559 559 559 559 558 558 558 558 558 558 557 557 557 557 557 557 557 556 556 557 557 557 558 558 558 558 558
0 0 0 0 0 0 0 0 0 0 0 0 0 0 0 0 0 0 0 0 0 0 0 561 561 561 560 560 560 561 561 561 561 560 560 560 560 560 560 559 559 560 560 560 560 560 560 560 561 558 558 560 560 558 558 558 561 561 559 556 556 558 556 556 560 558 558 560 560 560 560 556 556 557 558 558 558 558 558 560 559 559 559 559 559 558 557 557 558 557 557 557 558 557 557 557 556 556 557 557 557 557 557 557 557 557 556 556 556 555 555 555 555 555 555 555 556 556 556 556 556 556 556 556 555 554 554 555 555 555 555 555 555 555 555 555 555 555 555 556 556 555 555 555 555 554 554 555 555 555 556 555 554 554 554 555 555 555 554 554 554 555 557 558 0 0 0 0 0 0 0 0 0 0 0 0 0 0 0 0 0 0 0 0 0 0 0 0 0 0 0 0 0 0 0 0 0 0 0 0 554 554 554 554 554 554 554 554 554 554 554 554 554 554 554 554 554 554 555 555 555 555 554 554 554 554 554 554 554 554 554 554 554 555 556 554 554 554 554 554 554 554 554 555 555 555 555 555 555 555 555 555 556 555 555 556 556 556 556 556 556 557 557 557 557 557 558 557 557 557 557 557 558 558 558 557 557 558 558 559 559 559 560 560 560 559 559 559 559 559 559 559 559 559 559 559 559 559 559 559 559 559 559 559 558 558 558 558 558 558 557 557 558 559 559 559 559 559 559 559
0 0 0 0 0 0 0 0 0 0 0 0 0 0 0 0 0 0 0 0 0 0 0 561 561 561 561 561 561 561 561 561 560 560 560 560 560 563 562 560 560 560 560 560 561 561 561 562 562 559 559 561 561 561 561 563 562 561 559 556 556 558 556 556 559 558 558 560 560 560 560 556 556 557 557 559 559 559 560 560 560 560 560 560 559 558 557 557 558 558 558 558 558 558 558 557 556 556 557 557 558 558 558 558 558 557 556 556 559 559 556 556 556 556 556 556 556 556 556 557 556 556 556 557 557 556 556 556 556 556 556 556 556 556 556 555 555 555 555 556 556 555 555 556 556 555 555 555 556 556 556 555 555 555 556 556 556 557 557 554 554 555 0 0 0 0 0 0 0 0 0 0 0 0 0 0 0 0 0 0 0 0 0 0 0 0 0 0 0 0 0 0 0 0 0 0 0 0 0 0 554 554 554 554 554 554 554 554 554 554 554 554 554 554 554 555 555 556 555 555 555 555 554 554 554 554 557 556 555 555 554 554 555 556 556 554 554 554 555 555 555 556 556 556 556 557 556 556 556 555 555 556 557 556 556 557 557 557 558 557 557 558 558 558 558 558 557 557 557 557 557 557 558 558 558 558 558 559 559 559 559 560 560 560 561 560 560 559 559 559 559 560 559 559 560 560 561 560 559 559 559 559 559 559 559 559 559 559 558 558 559 560 560 559 559 560 560 560 559 559
0 0 0 0 0 0 0 0 0 0 0 0 0 0 0 0 0 0 0 0 0 0 0 562 561 561 562 562 563 563 562 562 560 560 560 560 560 563 562 560 560 561 561 561 561 561 562 563 563 559 559 562 562 562 563 563 562 561 559 557 557 558 557 557 559 560 560 560 560 560 560 560 557 557 557 560 560 560 560 560 563 562 562 561 561 560 559 559 559 559 559 559 559 558 558 558 559 559 559 559 558 558 558 558 558 557 557 557 558 558 558 558 557 557 557 557 557 557 557 557 556 556 556 557 557 557 557 556 556 556 556 556 556 556 556 556 556 556 556 556 556 557 556 556 556 556 556 556 556 556 557 557 556 556 557 556 556 557 559 556 556 557 0 0 0 0 0 0 0 0 0 0 0 0 0 0 0 0 0 0 0 0 0 0 0 0 0 0 0 0 0 0 0 0 0 0 0 0 0 0 0 554 554 554 555 554 554 554 554 554 555 556 555 555 556 556 556 556 554 554 555 555 556 556 556 556 557 556 556 555 555 555 556 556 556 555 555 555 555 556 556 556 556 556 556 557 557 557 557 556 556 557 557 557 557 558 558 558 558 557 557 558 558 558 558 557 557 557 557 558 557 557 558 559 559 559 559 559 559 559 559 560 560 561 561 561 561 561 561 560 560 560 560 562 562 562 562 562 561 560 560 560 560 560 560 561 561 560 559 559 559 560 560 560 560 560 560 560 560 560
0 0 0 0 0 0 0 0 0 0 0 0 0 0 0 0 0 0 0 0 0 0 0 562 562 563 563 564 563 563 564 562 561 561 561 562 563 563 562 562 562 562 562 561 561 561 562 563 563 563 563 562 562 563 560 560 560 560 560 560 560 560 560 561 561 560 560 561 561 561 561 561 558 558 558 560 560 560 560 562 563 563 564 563 561 560 559 559 559 559 560 559 559 559 559 559 560 560 560 559 558 558 559 559 559 559 557 557 558 558 559 558 558 558 558 557 557 557 557 557 557 557 558 558 558 558 558 557 557 556 556 556 557 557 557 556 556 556 556 557 557 557 557 557 557 557 556 556 557 557 557 558 557 557 557 557 557 558 559 558 558 558 0 0 0 0 0 0 0 0 0 0 0 0 0 0 0 0 0 0 0 0 0 0 0 0 0 0 0 0 0 0 0 0 0 0 0 0 0 0 0 555 555 555 556 555 554 554 554 555 556 556 555 555 556 556 556 556 554 554 555 555 556 556 556 556 557 557 557 556 555 555 556 556 557 556 556 556 556 556 557 557 557 557 558 557 557 557 557 558 558 558 558 558 558 558 558 558 558 558 558 558 558 558 558 557 557 557 558 558 558 558 558 560 559 559 559 560 560 561 561 561 561 561 561 561 561 561 561 562 563 563 563 562 562 562 562 562 562 562 561 560 560 560 561 562 562 562 562 561 561 560 560 561 561 561 561 561 561 560
0 0 0 0 0 0 0 0 0 0 0 0 0 0 0 0 0 0 0 0 0 0 0 563 563 563 563 563 563 563 563 563 562 562 562 562 563 564 563 563 563 564 563 562 562 562 563 563 563 563 563 562 562 563 560 560 560 560 560 561 562 560 560 562 562 561 561 562 562 561 561 0 561 561 561 561 561 561 561 561 562 563 563 562 561 560 560 560 561 561 561 560 560 560 560 560 561 561 562 560 560 560 560 560 560 560 558 558 558 558 559 559 559 559 559 558 558 558 558 557 557 557 557 557 558 558 559 557 557 557 557 557 558 557 557 556 556 556 557 557 557 558 558 558 558 559 559 559 559 559 559 559 558 558 557 557 558 559 559 558 558 559 560 0 0 0 0 0 0 0 0 0 0 0 0 0 0 0 0 0 0 0 0 0 0 0 0 0 0 0 0 0 0 0 0 0 0 0 0 0 0 557 557 557 557 556 555 555 555 556 558 558 555 555 556 557 557 556 555 555 556 556 557 557 557 557 558 558 557 557 556 556 557 557 557 557 557 557 557 557 558 559 558 558 558 557 557 557 558 558 558 558 558 558 559 559 559 559 559 559 559 559 559 558 558 558 558 558 558 559 560 561 561 561 561 561 561 563 563 563 562 562 562 562 562 562 561 561 562 562 563 563 563 563 563 562 562 562 563 563 563 562 562 562 562 562 563 563 563 561 561 561 561 562 562 562 562 562 561 561
0 0 0 0 0 0 0 0 0 0 0 0 0 0 0 0 0 0 0 0 0 0 0 564 564 564 564 563 563 563 563 564 564 563 562 562 563 564 563 563 564 564 563 563 563 564 564 565 564 564 564 563 563 563 561 561 562 562 562 562 562 562 563 562 562 562 562 562 563 564 564 564 0 0 0 563 562 562 561 561 562 563 563 562 561 561 561 561 562 562 561 560 560 560 560 560 561 562 562 560 560 560 560 560 560 561 558 558 558 558 559 560 560 561 561 562 560 560 559 557 557 557 557 557 558 558 559 559 559 559 557 557 557 561 561 561 561 558 558 557 557 558 558 558 558 560 560 0 558 558 558 559 559 559 559 560 560 559 559 558 558 559 560 0 0 0 0 0 0 0 0 0 0 0 0 0 0 0 0 0 0 0 0 0 0 0 0 0 0 0 0 0 0 0 0 0 0 0 0 0 0 557 557 557 557 557 557 557 557 558 558 558 557 557 558 558 558 557 556 556 557 557 558 558 558 558 559 559 558 558 557 557 558 558 558 558 558 558 558 558 558 559 559 559 558 558 558 558 559 560 560 560 560 560 560 561 561 560 560 560 560 560 560 561 561 561 561 562 561 561 561 561 561 561 561 562 562 563 563 563 563 563 563 563 562 562 563 563 563 563 563 563 563 563 563 563 563 563 563 563 563 563 563 563 563 563 563 563 563 562 562 562 562 562 563 563 562 562 562 562
0 0 0 0 0 0 0 0 0 0 0 0 0 0 0 0 0 0 0 0 0 0 0 566 566 566 565 565 565 565 565 565 565 565 565 564 564 565 565 565 564 564 563 563 563 564 564 565 564 564 564 563 563 563 561 561 562 563 563 563 563 563 564 564 564 563 563 563 563 564 564 567 567 565 564 563 563 563 561 561 562 563 563 562 561 561 561 562 563 563 563 562 561 561 561 561 562 562 562 560 560 560 561 561 561 562 564 564 559 559 559 560 560 561 562 561 561 561 560 560 560 559 559 559 560 560 559 559 559 560 560 560 561 561 561 561 561 560 560 560 560 560 559 559 559 560 560 561 558 558 558 558 559 559 559 560 560 559 559 560 560 560 560 0 0 0 0 0 0 0 0 0 0 0 0 0 0 0 0 0 0 0 0 0 0 0 0 0 0 0 0 0 0 0 0 0 0 0 0 0 558 558 558 558 558 558 558 558 558 559 558 558 557 557 558 558 558 558 557 557 558 558 559 559 559 560 560 560 559 559 558 558 558 559 559 560 560 560 560 560 560 560 560 560 560 560 560 561 561 562 561 561 561 561 561 562 561 561 561 561 561 561 561 562 562 561 561 562 562 562 562 562 562 562 562 562 563 565 565 565 564 564 564 564 563 563 564 564 563 563 563 564 564 564 564 564 564 564 564 564 565 565 564 564 564 564 564 565 565 564 563 563 563 563 563 563 563 563 563 563
0 0 0 0 0 0 0 0 0 0 0 0 0 0 0 0 0 0 0 0 0 0 0 566 566 566 565 565 565 565 565 565 565 565 565 564 564 565 565 565 565 564 564 564 564 565 565 566 565 565 565 565 564 564 563 563 563 563 563 563 563 563 564 564 564 563 563 563 563 564 564 567 567 565 564 564 563 563 564 563 563 563 563 562 562 561 561 563 563 564 564 562 561 561 562 562 562 563 564 564 562 562 561 561 561 562 562 560 560 560 560 561 561 561 561 561 561 561 561 560 560 561 560 560 560 560 559 559 559 560 561 561 561 561 561 561 561 560 560 560 560 560 559 559 559 560 561 561 560 559 558 558 559 560 560 561 560 560 561 560 560 561 0 0 0 0 0 0 0 0 0 0 0 0 0 0 0 0 0 0 0 0 0 0 0 0 0 0 0 0 0 0 0 0 0 0 0 0 0 0 558 558 558 558 558 558 559 559 559 559 559 559 559 559 559 559 559 559 559 560 560 561 561 561 561 560 560 560 560 560 560 560 560 560 560 560 560 561 560 560 560 561 560 560 561 561 561 561 562 562 562 562 562 561 561 562 562 562 562 562 562 562 562 562 562 562 562 563 563 563 563 563 562 562 562 562 563 565 565 565 565 565 565 565 565 565 565 565 564 564 564 564 564 565 565 565 565 565 565 565 565 565 565 565 565 565 565 565 565 565 564 564 563 563 563 563 563 563 563 563
0 0 0 0 0 0 0 0 0 0 0 0 0 0 0 0 0 0 0 0 0 0 0 567 567 566 566 567 565 565 566 566 566 566 566 565 565 565 565 565 565 565 565 565 565 566 566 566 566 565 565 565 565 565 565 565 564 563 563 563 564 564 564 564 564 565 564 564 564 565 565 567 567 565 564 564 564 565 564 564 564 564 565 564 564 564 564 564 565 564 564 564 561 561 562 562 563 564 564 564 562 562 561 561 561 562 564 564 562 561 561 561 561 562 561 561 561 561 561 562 562 562 561 561 561 561 562 561 561 561 561 561 561 561 561 561 561 560 560 560 561 561 561 561 561 561 561 561 560 559 558 558 559 560 560 561 561 561 560 560 560 562 0 0 0 0 0 0 0 0 0 0 0 0 0 0 0 0 0 0 0 0 0 0 0 0 0 0 0 0 0 0 0 0 0 0 0 0 0 0 559 559 560 561 561 561 560 560 561 560 560 560 560 560 559 559 560 559 559 562 562 562 561 561 561 561 561 561 561 561 561 561 562 561 561 561 561 561 561 561 561 561 561 562 562 562 562 562 563 563 563 563 562 562 563 563 564 564 563 563 562 562 562 562 562 562 563 563 563 563 564 564 563 563 563 564 564 565 565 565 565 565 565 565 565 565 565 565 565 565 565 565 565 565 565 565 565 565 565 565 565 565 565 565 565 565 565 565 565 565 565 565 564 563 563 565 565 565 564 564
0 0 0 0 0 0 0 0 0 0 0 0 0 0 0 0 0 0 0 0 0 0 0 567 567 566 566 567 567 567 567 567 567 567 566 565 565 565 565 566 566 566 566 566 566 567 567 566 566 566 566 566 566 566 566 566 564 563 563 563 564 564 564 564 565 565 565 565 567 565 565 565 565 567 567 567 567 565 565 565 565 565 565 565 565 565 565 565 565 565 564 564 565 565 565 564 564 565 564 564 564 564 565 563 563 563 564 564 564 563 563 563 564 563 562 562 563 563 563 564 563 563 563 563 563 562 562 562 562 561 561 561 561 561 562 562 562 561 561 561 562 562 561 561 561 562 562 563 564 564 562 561 561 561 561 562 562 561 560 560 560 0 0 0 0 0 0 0 0 0 0 0 0 0 0 0 0 0 0 0 0 0 0 0 0 0 0 0 0 0 0 0 0 0 0 0 0 0 0 0 560 560 561 562 562 562 561 561 562 562 562 562 562 561 560 560 561 561 561 562 562 562 561 561 561 561 561 562 561 561 562 562 562 562 561 561 562 562 562 562 562 562 562 563 563 563 562 562 563 563 563 563 563 563 563 563 564 564 563 563 563 562 562 564 563 563 565 564 564 564 564 564 564 564 565 565 565 565 565 565 565 565 565 565 565 565 565 565 565 565 566 566 566 566 566 566 566 566 566 566 566 566 566 566 566 566 565 565 565 565 565 565 565 565 565 565 565 565 565 565
0 0 0 0 0 0 0 0 0 0 0 0 0 0 0 0 0 0 0 0 0 0 0 567 567 566 566 568 568 569 569 568 567 567 567 566 566 567 566 566 567 567 567 567 567 567 567 567 566 566 566 566 566 567 566 566 565 565 565 565 565 565 565 565 565 565 567 567 567 565 565 565 567 567 0 565 565 565 565 565 565 565 565 565 565 565 565 565 565 565 565 565 565 565 565 565 565 565 565 565 565 565 565 564 564 565 565 565 565 564 564 564 564 564 564 564 565 565 565 564 563 563 563 563 563 563 563 563 563 562 562 562 562 562 562 562 562 562 562 562 563 563 562 561 561 562 562 563 564 564 563 563 562 562 563 561 561 562 562 562 562 562 0 0 0 0 0 0 0 0 0 0 0 0 0 0 0 0 0 0 0 0 0 0 0 0 0 0 0 0 0 0 0 0 0 0 0 0 0 0 560 560 561 562 562 562 562 562 562 562 562 562 562 562 562 562 562 562 562 564 564 564 563 562 562 562 562 562 562 562 562 562 563 563 562 562 562 562 562 562 562 562 564 564 564 563 563 563 563 563 564 564 564 564 563 563 564 565 565 565 565 564 564 565 565 565 565 564 564 565 565 565 565 565 565 565 565 565 565 565 565 566 566 566 566 566 566 566 566 566 566 566 566 566 566 566 566 566 566 566 566 566 566 566 566 566 565 565 565 565 565 565 565 566 566 566 566 566 566 566
0 0 0 0 0 0 0 0 0 0 0 0 0 0 0 0 0 0 0 0 0 0 0 567 567 566 566 568 568 570 570 569 568 568 568 567 567 568 568 568 568 568 567 567 567 567 567 567 567 567 567 567 567 567 566 566 567 566 566 567 567 566 565 565 565 566 567 567 567 565 565 565 567 567 0 0 566 566 566 566 566 565 565 565 565 565 565 565 565 565 565 565 565 566 565 565 565 565 565 565 565 566 565 565 565 565 565 565 565 565 565 565 565 565 565 565 565 565 565 565 564 564 563 563 564 563 563 563 563 564 564 563 563 563 563 563 563 563 563 563 564 564 562 562 562 562 562 563 564 564 563 563 563 563 563 561 561 562 562 562 562 562 0 0 0 0 0 0 0 0 0 0 0 0 0 0 0 0 0 0 0 0 0 0 0 0 0 0 0 0 0 0 0 0 0 0 0 0 0 0 560 560 561 562 563 562 562 562 562 563 563 562 562 562 563 563 563 563 563 564 564 564 563 563 563 563 563 563 563 563 563 563 563 563 563 563 563 564 564 564 562 562 564 564 564 564 564 564 564 564 564 564 564 564 564 564 565 565 565 565 565 565 565 565 565 565 565 565 565 565 565 565 565 565 565 565 565 566 566 566 566 566 567 567 566 566 566 566 566 566 567 567 567 567 567 568 568 567 567 567 567 567 567 567 567 566 566 565 565 565 565 566 566 568 567 567 566 566 566 566
0 0 0 0 0 0 0 0 0 0 0 0 0 0 0 0 0 0 0 0 0 0 0 568 568 568 568 569 569 570 570 569 568 568 568 568 568 568 569 568 567 567 568 568 568 567 567 567 567 567 567 567 567 567 567 567 567 567 567 567 567 566 565 565 565 566 567 567 568 567 567 569 569 568 0 0 568 568 567 567 567 566 566 566 566 567 565 565 565 565 565 566 566 566 565 565 565 565 565 565 565 566 565 565 565 566 565 565 565 565 565 565 565 565 565 565 565 565 565 565 565 566 565 565 565 564 564 564 564 564 565 564 564 564 564 564 564 564 564 564 565 565 565 564 564 563 563 564 564 565 564 564 564 564 564 563 563 563 563 563 562 562 568 568 0 0 0 0 0 0 0 0 0 0 0 0 0 0 0 0 0 0 0 0 0 0 0 0 0 0 0 0 0 0 0 0 0 0 0 0 0 562 562 563 563 563 563 563 563 564 564 563 563 564 564 564 564 564 564 564 564 564 564 563 563 563 563 564 563 563 564 564 564 564 565 565 565 565 564 564 563 563 564 564 565 565 565 565 565 565 565 565 565 565 565 565 565 565 565 565 565 565 565 565 565 565 565 565 565 565 565 565 565 565 566 566 566 566 566 566 566 567 568 568 567 567 567 567 567 567 568 568 568 568 568 568 568 568 568 568 568 568 568 568 568 567 566 566 566 566 566 567 567 568 567 567 567 567 567 566
0 0 0 0 0 0 0 0 0 0 0 0 0 0 0 0 0 0 0 0 0 0 0 570 570 569 569 569 569 570 570 570 569 568 568 569 569 569 569 568 567 567 569 569 569 567 567 567 567 567 568 569 569 569 569 569 569 569 568 567 567 567 567 566 566 567 567 567 567 568 569 568 568 568 568 568 568 568 567 567 568 566 566 567 567 567 567 565 565 566 566 566 566 566 566 566 566 565 565 567 567 567 566 566 567 567 566 565 565 565 565 565 565 565 565 565 565 565 565 565 565 566 565 565 565 565 565 565 564 564 565 565 565 565 565 565 564 564 564 564 565 565 565 564 564 564 564 564 564 565 565 565 565 564 564 564 564 564 564 564 564 564 568 568 0 0 0 0 0 0 0 0 0 0 0 0 0 0 0 0 0 0 0 0 0 0 0 0 0 0 0 0 0 0 0 0 0 0 0 0 0 0 563 563 564 563 563 563 563 565 565 565 565 565 565 565 565 565 565 565 564 564 564 564 564 564 564 564 564 564 565 565 565 565 565 565 565 565 565 565 564 564 565 565 565 565 565 565 565 565 565 566 565 565 565 565 565 565 565 565 565 566 566 566 566 566 566 566 565 565 565 565 565 566 566 567 567 568 567 567 567 568 568 568 568 568 569 568 568 568 569 569 569 570 569 569 569 569 569 569 569 569 569 569 568 568 567 567 568 568 568 569 569 568 568 568 567 567 567 566
0 0 0 0 0 0 0 0 0 0 0 0 0 0 0 0 0 0 0 0 0 0 0 570 570 570 570 570 570 570 570 570 571 570 570 570 570 570 569 569 568 568 569 569 569 568 568 569 569 569 569 570 570 569 569 569 569 569 569 568 568 568 568 567 567 567 567 567 567 568 569 568 568 570 568 568 568 568 568 568 568 567 567 567 567 568 569 565 565 566 567 566 566 567 568 567 567 567 567 567 567 567 567 567 567 567 566 566 566 568 567 566 566 567 567 568 565 565 565 565 567 567 567 565 565 565 565 565 565 565 565 565 565 566 566 565 565 565 565 565 565 565 565 565 565 565 565 565 565 565 565 565 565 565 565 565 565 565 565 565 565 566 568 568 0 0 0 0 0 0 0 0 0 0 0 0 0 0 0 0 0 0 0 0 0 0 0 0 0 0 0 0 0 0 0 0 0 0 0 0 0 565 564 564 565 564 564 565 565 566 566 566 565 565 565 565 565 565 565 565 564 564 565 565 565 565 565 565 565 565 565 565 565 565 565 565 565 565 565 565 565 565 565 565 565 565 565 565 565 565 565 566 565 565 566 566 566 565 565 566 566 567 567 567 567 567 567 567 566 566 566 566 566 567 567 567 568 569 569 569 569 569 569 569 569 569 569 569 569 569 569 569 569 570 570 570 570 570 570 570 570 570 570 570 569 569 568 568 568 569 569 569 569 569 569 569 569 569 569 569
0 0 0 0 0 0 0 0 0 0 0 0 0 0 0 0 0 0 0 0 0 0 0 571 571 570 570 573 571 571 571 571 573 570 570 570 570 570 569 569 570 571 572 570 570 569 569 569 569 569 569 568 568 569 569 570 570 570 570 568 568 568 568 568 568 568 567 567 567 569 570 568 568 568 568 568 568 568 569 569 568 568 568 567 567 569 570 568 567 567 568 568 568 568 568 568 568 567 567 567 567 567 567 568 567 567 567 567 567 568 567 566 566 567 568 568 568 565 565 565 568 568 0 565 565 565 565 565 565 566 566 566 566 567 567 566 565 565 565 565 565 565 565 564 564 565 565 565 565 566 566 566 566 566 566 566 565 565 565 565 566 567 0 0 0 0 0 0 0 0 0 0 0 0 0 0 0 0 0 0 0 0 0 0 0 0 0 0 0 0 0 0 0 0 0 0 0 0 0 0 0 565 565 565 565 565 566 566 566 566 566 566 565 565 565 565 565 565 565 565 565 565 565 565 565 565 565 565 565 566 566 566 565 565 565 565 565 565 565 565 565 565 565 566 566 565 565 565 566 566 566 566 566 566 567 567 568 567 567 566 566 567 567 567 568 568 568 567 566 566 566 567 567 568 568 568 568 569 569 570 570 570 569 569 569 569 570 570 570 570 570 570 570 570 570 570 570 570 570 570 570 570 570 570 570 570 569 569 569 569 569 569 569 570 569 569 569 569 569 569
0 0 0 0 0 0 0 0 0 0 0 0 0 0 0 0 0 0 0 0 0 0 0 571 571 571 571 574 573 573 572 572 573 572 572 571 570 570 571 571 571 572 571 571 570 570 570 570 570 569 569 568 568 569 569 570 571 570 570 569 569 570 570 570 571 571 571 568 568 569 569 568 568 568 568 568 569 569 570 571 570 570 569 569 569 570 569 568 568 568 568 568 569 569 569 569 569 568 568 568 568 567 567 568 567 567 567 567 568 568 568 568 568 568 568 568 568 567 567 567 568 568 0 566 566 566 566 565 565 566 566 566 567 567 568 568 568 566 565 565 565 565 565 564 564 565 565 566 566 566 566 566 0 568 566 566 566 566 566 566 567 568 0 0 0 0 0 0 0 0 0 0 0 0 0 0 0 0 0 0 0 0 0 0 0 0 0 0 0 0 0 0 0 0 0 0 0 0 0 0 0 0 565 565 565 566 566 566 566 567 567 567 567 566 566 565 565 565 565 565 565 565 566 565 565 565 565 565 565 566 566 566 566 566 566 566 566 566 566 565 565 565 566 566 567 567 566 566 566 567 567 567 567 567 567 568 568 568 568 568 568 568 568 568 568 568 569 569 567 567 567 567 568 569 569 569 569 570 570 570 571 571 570 570 570 570 570 571 571 571 570 570 570 571 571 571 572 572 572 572 572 572 572 571 571 570 570 570 570 570 569 569 569 570 569 569 569 570 570 570
0 0 0 0 0 0 0 0 0 0 0 0 0 0 0 0 0 0 0 0 0 0 0 574 574 572 572 574 573 573 572 572 573 573 572 572 571 571 571 572 572 573 571 571 570 570 570 571 570 570 569 569 569 570 570 571 571 571 571 570 570 570 570 0 570 574 574 570 570 570 569 568 568 569 568 568 570 569 569 570 570 570 569 569 570 571 569 568 568 568 569 569 570 569 569 569 569 568 568 568 568 567 567 568 568 568 568 568 568 568 568 568 568 569 569 568 568 567 567 567 568 568 571 571 566 566 566 566 566 566 566 567 567 567 568 568 568 568 567 566 566 567 567 565 565 565 565 566 566 566 566 566 566 568 568 567 567 567 567 567 567 0 0 0 0 0 0 0 0 0 0 0 0 0 0 0 0 0 0 0 0 0 0 0 0 0 0 0 0 0 0 0 0 0 0 0 0 0 0 0 0 0 565 565 565 566 567 567 567 568 567 567 567 567 567 566 565 565 566 566 566 566 566 567 567 566 565 565 565 566 566 566 567 567 567 568 568 567 567 566 566 567 567 567 568 568 567 567 567 568 567 567 567 567 568 568 568 568 568 568 568 569 569 569 569 569 569 570 569 569 569 569 569 569 569 569 569 571 571 571 571 571 571 571 571 571 572 572 572 572 572 572 572 572 572 572 572 572 572 572 573 573 573 572 572 571 571 571 570 570 569 569 569 570 570 570 570 571 572 572
0 0 0 0 0 0 0 0 0 0 0 0 0 0 0 0 0 0 0 0 0 0 0 574 574 575 575 575 574 574 573 573 573 573 573 573 571 571 571 572 572 573 572 572 571 570 570 571 571 571 571 571 570 570 570 571 571 571 571 571 571 571 571 571 0 0 574 574 571 571 571 570 570 572 572 572 569 569 569 570 570 570 571 571 571 572 571 569 569 569 570 570 570 571 571 570 570 571 570 569 569 568 568 569 569 569 568 568 568 568 569 569 569 569 569 569 569 568 567 567 568 571 571 571 568 0 569 567 567 568 568 568 568 0 568 568 568 569 567 566 566 567 568 568 566 565 565 567 566 566 566 566 566 567 568 568 568 567 567 567 567 0 0 0 0 0 0 0 0 0 0 0 0 0 0 0 0 0 0 0 0 0 0 0 0 0 0 0 0 0 0 0 0 0 0 0 0 0 0 0 0 0 566 566 567 568 568 568 568 568 567 567 567 567 567 566 566 566 566 566 567 567 567 567 567 568 568 567 567 566 566 567 568 568 568 568 568 568 568 568 568 568 568 568 568 568 568 568 568 568 568 568 568 568 568 569 568 568 568 568 569 570 570 569 569 570 570 570 569 569 570 570 570 570 570 570 570 572 572 572 572 572 573 573 572 572 573 573 573 573 573 573 573 573 573 572 572 572 573 573 573 573 573 572 572 573 573 573 570 570 570 570 570 571 571 571 571 571 572 572
0 0 0 0 0 0 0 0 0 0 0 0 0 0 0 0 0 0 0 0 0 0 0 576 576 575 575 576 574 574 574 574 574 573 573 573 572 572 572 572 572 573 573 573 571 571 571 573 572 572 571 571 572 571 571 571 571 571 571 572 572 572 0 0 0 0 574 574 573 573 571 571 571 572 572 573 573 573 572 572 572 571 571 571 572 572 571 571 570 570 570 570 570 571 570 570 570 571 571 571 571 569 569 570 569 569 570 569 569 570 570 570 569 569 569 569 569 569 568 568 569 569 568 568 0 0 569 569 568 568 568 568 568 568 568 568 568 569 567 567 567 568 568 568 567 567 567 567 566 566 566 566 566 567 568 568 568 568 568 569 569 570 0 0 0 0 0 0 0 0 0 0 0 0 0 0 0 0 0 0 0 0 0 0 0 0 0 0 0 0 0 0 0 0 0 0 0 0 0 0 0 0 568 568 568 569 569 569 569 569 568 568 568 568 568 568 567 567 567 567 568 568 568 568 568 569 569 567 567 566 566 567 568 568 569 569 568 568 568 568 568 568 568 569 569 569 569 569 569 569 569 569 569 569 569 570 569 569 569 569 569 571 570 570 570 571 571 571 570 570 571 571 572 571 570 570 571 572 573 573 573 573 573 573 573 573 573 573 573 573 574 574 574 573 573 573 573 573 573 573 574 574 573 573 573 573 573 573 572 570 570 570 572 573 573 572 572 572 572 572
0 0 0 0 0 0 0 0 0 0 0 0 0 0 0 0 0 0 0 0 0 0 0 577 577 576 576 575 574 574 575 575 574 573 573 573 573 573 574 574 574 574 574 573 573 573 574 574 575 574 574 574 574 573 572 572 572 572 571 571 0 0 571 0 0 573 573 573 574 574 573 572 572 573 573 573 573 575 0 572 572 572 572 572 573 573 572 572 571 571 571 571 571 571 570 570 570 571 571 572 572 570 570 570 570 569 569 570 570 571 571 571 570 570 570 570 570 569 569 569 570 569 568 568 0 0 0 0 0 0 0 0 0 568 568 569 569 569 568 568 569 570 569 567 567 568 568 569 567 567 567 568 568 568 568 568 568 569 569 569 570 570 0 0 0 0 0 0 0 0 0 0 0 0 0 0 0 0 0 0 0 0 0 0 0 0 0 0 0 0 0 0 0 0 0 0 0 0 0 0 0 0 568 568 568 569 569 569 570 569 569 569 569 569 569 569 569 568 568 568 569 569 569 569 569 569 570 569 569 568 568 569 569 569 569 569 569 569 569 569 569 569 569 569 570 570 569 569 569 569 569 569 570 570 570 571 570 570 570 570 570 571 571 571 571 571 571 571 570 570 571 572 572 572 571 571 572 573 573 573 573 573 573 573 573 573 573 573 573 574 574 574 574 574 574 573 573 573 574 574 574 574 574 574 573 573 573 573 572 570 570 572 574 574 573 572 572 572 573 573
0 0 0 0 0 0 0 0 0 0 0 0 0 0 0 0 0 0 0 0 0 0 0 577 577 577 576 575 575 576 576 575 574 573 573 574 574 574 574 574 574 575 575 574 574 574 574 576 576 575 575 575 575 574 574 572 572 572 571 571 0 0 0 0 0 0 573 573 574 574 574 573 573 574 574 574 575 575 575 574 574 573 573 574 574 574 573 572 571 571 571 571 572 571 571 571 571 571 572 572 572 571 571 571 571 569 569 570 570 571 573 572 572 571 571 570 570 571 571 572 572 571 570 570 0 0 0 0 0 0 0 0 0 568 568 569 569 571 569 569 569 570 568 567 567 568 569 570 569 568 568 568 568 569 569 569 570 570 570 570 570 570 0 0 0 0 0 0 0 0 0 0 0 0 0 0 0 0 0 0 0 0 0 0 0 0 0 0 0 0 0 0 0 0 0 0 0 0 0 0 0 0 0 0 568 568 568 569 570 571 570 570 570 570 570 570 570 569 569 569 569 569 570 570 570 570 570 570 570 569 569 570 570 570 569 569 569 569 569 569 570 569 569 571 570 570 570 570 570 570 570 571 571 571 571 571 571 571 570 570 571 572 572 571 571 572 572 572 572 572 572 572 573 573 572 572 572 574 573 573 574 574 574 573 573 573 574 574 574 574 574 574 574 574 574 574 574 575 575 576 576 575 575 576 575 575 576 575 575 574 574 574 575 574 574 573 573 573 574 573
0 0 0 0 0 0 0 0 0 0 0 0 0 0 0 0 0 0 0 0 0 0 0 578 578 577 576 575 575 576 576 575 574 574 574 574 574 574 574 574 575 576 576 574 574 575 575 576 576 576 576 576 576 575 575 573 573 574 572 572 572 0 0 0 0 0 573 573 573 573 575 574 574 574 574 575 575 575 575 575 574 574 574 574 574 574 573 572 572 572 572 572 572 572 572 572 572 572 572 572 572 572 573 573 572 570 570 571 572 572 573 573 573 571 571 571 571 571 571 572 571 571 570 570 571 0 0 0 0 0 0 0 0 0 571 571 571 571 570 570 570 570 568 568 568 568 570 570 570 570 570 569 569 570 570 570 570 570 570 570 570 570 0 0 0 0 0 0 0 0 0 0 0 0 0 0 0 0 0 0 0 0 0 0 0 0 0 0 0 0 0 0 0 0 0 0 0 0 0 0 0 0 0 0 568 568 568 569 570 571 571 571 571 571 572 571 571 570 570 571 571 571 571 571 571 571 571 570 570 571 571 571 570 570 570 570 571 571 571 571 571 570 570 572 572 571 571 571 571 572 572 572 571 571 571 571 571 571 571 571 572 572 572 572 572 573 573 573 572 572 572 572 573 573 573 573 573 574 574 574 574 575 574 574 574 574 574 575 575 575 576 575 575 575 576 576 576 576 576 577 577 577 577 577 576 576 576 576 576 576 575 575 575 574 574 574 574 574 575 574
0 0 0 0 0 0 0 0 0 0 0 0 0 0 0 0 0 0 0 0 0 0 0 578 578 578 576 576 576 577 577 577 575 575 575 575 575 575 575 575 575 575 575 574 574 575 576 576 576 576 576 576 576 575 575 576 576 572 572 572 0 0 574 575 0 0 575 574 572 572 575 575 575 575 575 576 576 576 575 575 575 575 575 575 575 574 573 573 574 574 573 573 574 574 572 572 573 572 572 572 572 572 573 573 573 571 571 571 572 573 573 574 573 572 572 572 574 572 572 572 571 571 571 571 571 571 0 0 0 0 0 0 0 0 571 571 571 571 571 571 571 571 571 571 571 571 571 572 571 571 572 572 571 571 570 570 570 571 571 572 572 0 0 0 0 0 0 0 0 0 0 0 0 0 0 0 0 0 0 0 0 0 0 0 0 0 0 0 0 0 0 0 0 0 0 0 0 0 0 0 0 0 0 0 0 0 570 570 570 571 571 572 572 572 572 572 572 570 570 571 571 571 571 571 571 571 571 571 571 571 572 572 572 571 570 570 571 571 572 572 572 571 571 572 572 572 572 572 572 572 572 572 572 572 572 572 572 572 572 572 573 573 573 573 573 573 573 573 573 573 573 573 573 573 574 574 574 575 576 576 575 575 575 575 575 576 576 576 576 576 576 576 576 576 577 577 577 577 577 577 577 577 577 577 577 577 577 577 577 577 576 576 575 574 574 575 576 576 576 575
0 0 0 0 0 0 0 0 0 0 0 0 0 0 0 0 0 0 0 0 0 0 0 579 579 579 577 577 577 577 577 578 576 576 578 578 577 576 576 576 576 575 575 575 575 577 577 576 576 576 577 577 577 575 575 576 576 576 577 574 574 574 574 575 575 576 575 575 572 572 573 575 575 576 576 576 578 576 576 575 575 575 575 575 575 575 575 574 574 575 575 575 575 575 573 573 573 573 573 573 573 573 574 574 574 572 572 572 572 574 574 574 573 572 572 574 574 575 572 572 572 572 572 572 571 571 0 0 0 0 0 0 0 0 0 0 571 571 571 572 572 572 572 572 572 572 572 572 572 572 572 572 572 571 571 571 571 573 0 0 0 0 0 0 0 0 0 0 0 0 0 0 0 0 0 0 0 0 0 0 0 0 0 0 0 0 0 0 0 0 0 0 0 0 0 0 0 0 0 0 0 0 0 0 0 0 0 572 572 572 572 573 573 573 573 572 572 572 572 572 572 572 572 572 573 572 572 572 572 573 573 573 572 572 572 572 572 572 572 572 573 572 572 573 573 573 573 573 573 573 573 573 573 573 573 574 573 573 573 573 573 574 574 574 573 573 574 574 574 573 573 573 573 574 575 574 574 576 577 577 576 576 576 576 577 576 576 576 576 576 576 577 577 577 577 577 577 577 577 577 577 577 577 577 577 577 577 577 577 577 577 577 577 576 576 576 577 577 576 576
0 0 0 0 0 0 0 0 0 0 0 0 0 0 0 0 0 0 0 0 0 0 0 580 580 579 578 578 578 578 578 579 579 579 579 579 579 579 579 578 578 578 578 578 578 578 577 577 577 577 578 577 577 575 575 576 576 577 577 577 574 574 574 575 575 576 575 575 577 573 573 573 577 577 576 576 578 578 578 575 575 576 576 576 576 576 576 577 577 575 575 575 575 575 575 574 574 573 573 573 573 574 575 575 574 573 573 573 573 574 574 574 574 573 573 573 573 575 575 575 575 574 574 574 572 572 574 0 0 0 0 0 0 0 0 0 571 571 571 572 572 572 572 572 572 572 572 572 572 573 572 572 572 572 572 572 572 573 0 0 0 0 0 0 0 0 0 0 0 0 0 0 0 0 0 0 0 0 0 0 0 0 0 0 0 0 0 0 0 0 0 0 0 0 0 0 0 0 0 0 0 0 0 0 0 0 0 0 0 0 573 573 574 574 574 573 573 573 573 573 573 573 574 574 574 573 573 574 574 573 573 573 574 574 574 574 574 575 575 574 574 574 573 573 573 574 573 573 573 574 574 574 574 574 574 574 574 574 573 573 575 575 575 575 575 575 575 575 574 574 574 575 575 575 575 575 575 576 577 577 578 577 577 578 578 578 578 578 577 577 577 577 577 577 578 578 578 578 578 578 578 578 578 578 578 578 577 577 577 577 578 578 577 577 577 577 577 577 577 577
0 0 0 0 0 0 0 0 0 0 0 0 0 0 0 0 0 0 0 0 0 0 0 580 580 580 579 578 578 578 578 580 579 579 579 578 578 579 578 578 581 581 580 579 579 579 578 578 578 578 578 577 576 575 575 576 576 577 578 577 577 576 576 577 576 576 576 579 577 577 577 577 577 577 577 577 578 578 578 578 576 576 576 576 576 577 577 577 578 577 577 576 576 576 576 576 576 576 576 575 575 575 576 576 574 574 574 573 573 575 575 575 575 573 573 573 573 575 575 575 0 0 575 575 573 573 574 0 0 0 0 0 0 0 0 574 574 572 572 572 573 573 573 573 573 573 573 574 574 575 572 572 572 572 573 574 0 0 0 0 0 0 0 0 0 0 0 0 0 0 0 0 0 0 0 0 0 0 0 0 0 0 0 0 0 0 0 0 0 0 0 0 0 0 0 0 0 0 0 0 0 0 0 0 0 0 0 0 0 0 573 573 574 574 574 574 574 574 574 574 574 574 574 574 574 574 574 574 574 574 574 575 574 574 574 574 575 575 575 574 574 574 573 573 573 575 574 574 574 575 575 575 575 575 575 575 574 574 574 574 575 575 575 575 575 575 575 576 575 575 575 575 575 576 576 576 576 577 577 578 578 578 578 578 578 578 578 578 578 578 578 578 578 578 578 578 578 578 578 579 579 579 579 579 579 578 578 578 578 578 578 578 578 578 577 577 578 578 577 577
0 0 0 0 0 0 0 0 0 0 0 0 0 0 0 0 0 0 0 0 0 0 0 581 581 581 580 580 578 578 581 581 581 579 579 578 578 579 578 578 581 580 580 579 579 579 579 579 578 578 578 578 576 575 575 576 576 577 578 577 577 577 577 575 575 576 580 580 582 582 582 580 579 579 579 578 578 577 577 577 578 578 577 576 576 577 577 577 578 577 577 577 577 576 576 576 577 577 577 576 576 576 576 576 576 577 577 576 576 576 575 575 575 575 575 575 575 576 576 576 0 0 575 575 575 574 574 0 0 0 0 0 0 0 0 575 574 574 574 574 574 575 575 575 575 574 574 577 577 572 572 572 573 573 573 573 0 0 0 0 0 0 0 0 0 0 0 0 0 0 0 0 0 0 0 0 0 0 0 0 0 0 0 0 0 0 0 0 0 0 0 0 0 0 0 0 0 0 0 0 0 0 0 0 0 0 0 0 0 0 575 575 575 575 576 575 575 575 575 575 575 575 575 575 575 574 574 574 574 575 575 576 575 575 575 576 576 576 575 575 575 575 575 573 573 575 575 575 575 575 575 575 575 576 576 576 576 576 576 576 576 576 576 576 576 576 576 576 576 576 576 576 576 577 577 577 577 578 578 578 578 578 579 579 579 579 579 579 579 579 578 578 579 579 579 579 579 579 580 581 580 580 580 580 580 578 578 579 579 579 579 579 579 579 579 579 579 578 578 578
0 0 0 0 0 0 0 0 0 0 0 0 0 0 0 0 0 0 0 0 0 0 0 583 582 581 580 580 579 579 581 581 581 581 581 579 579 579 579 579 581 580 580 579 579 579 580 580 579 579 579 578 578 576 576 577 578 579 579 579 578 578 577 575 575 576 580 580 582 582 0 580 580 579 579 578 578 577 577 579 579 579 579 577 577 577 577 577 578 578 577 577 577 576 576 577 577 578 578 578 577 577 577 577 577 577 577 577 577 576 576 576 576 578 578 578 578 578 578 0 577 577 0 575 575 575 575 0 0 0 0 575 575 0 0 575 575 575 575 575 577 0 576 576 576 576 576 576 576 576 576 575 574 574 573 573 0 0 0 0 0 0 0 0 0 0 0 0 0 0 0 0 0 0 0 0 0 0 0 0 0 0 0 0 0 0 0 0 0 0 0 0 0 0 0 0 0 0 0 0 0 0 0 0 0 0 0 0 0 0 0 0 576 576 577 576 576 576 576 576 576 576 576 576 575 574 574 575 575 576 576 576 576 575 575 576 576 576 576 576 576 576 576 576 575 575 575 575 575 576 576 576 576 577 577 577 577 577 577 577 576 576 576 576 577 577 577 577 577 577 577 577 577 578 578 577 577 578 578 578 579 579 579 579 579 580 580 580 580 579 579 580 580 580 580 580 580 580 581 581 581 581 581 581 580 579 579 580 580 580 580 580 580 580 580 581 579 579 578 578
0 0 0 0 0 0 0 0 0 0 0 0 0 0 0 0 0 0 0 0 0 0 0 583 583 582 582 582 580 580 581 582 582 582 582 580 579 579 579 579 581 581 581 580 580 580 580 580 580 579 579 579 579 579 578 578 579 579 579 580 578 578 578 577 577 577 577 577 577 577 0 580 580 580 579 579 579 579 579 578 578 579 579 578 578 579 579 579 579 579 578 578 578 577 577 577 578 578 578 579 578 578 578 577 577 577 577 577 577 576 576 576 576 578 578 578 578 578 578 577 577 577 576 576 576 576 576 0 577 0 575 575 575 575 576 576 576 576 576 577 577 0 578 578 577 577 576 576 576 578 576 575 575 0 0 0 0 0 0 0 0 0 0 0 0 0 0 0 0 0 0 0 0 0 0 0 0 0 0 0 0 0 0 0 0 0 0 0 0 0 0 0 0 0 0 0 0 0 0 0 0 0 0 0 0 0 0 0 0 0 0 0 577 577 577 577 577 576 576 576 577 577 577 576 576 575 575 575 576 576 576 576 576 576 576 576 577 576 576 576 576 577 576 576 576 576 576 576 576 576 576 576 577 577 577 578 577 577 578 578 577 577 577 577 577 578 578 578 578 578 578 578 578 578 578 578 578 579 579 579 579 580 580 580 580 580 581 581 581 580 580 580 581 581 581 581 581 581 581 581 582 582 582 582 581 580 580 581 581 581 581 581 580 580 581 581 580 580 578 578
0 0 0 0 0 0 0 0 0 0 0 0 0 0 0 0 0 0 0 0 0 0 0 585 584 583 582 582 582 582 582 582 582 582 582 583 583 583 581 581 581 581 581 580 580 580 580 580 580 580 580 580 579 579 579 579 580 580 579 579 578 578 578 578 578 579 577 577 577 582 582 580 580 580 580 580 580 579 579 578 578 579 580 580 579 579 579 579 579 579 578 578 578 578 578 578 579 579 579 579 579 579 579 579 579 578 578 578 578 578 578 579 578 578 578 578 578 578 578 577 577 577 576 576 576 576 578 578 577 577 577 576 576 578 576 576 576 576 577 577 577 578 577 577 577 577 577 577 577 578 577 576 576 0 0 0 0 0 0 0 0 0 0 0 0 0 0 0 0 0 0 0 0 0 0 0 0 0 0 0 0 0 0 0 0 0 0 0 0 0 0 0 0 0 0 0 0 0 0 0 0 0 0 0 0 0 0 0 0 0 0 0 0 577 577 577 577 577 577 577 577 577 577 577 577 577 577 577 577 577 577 576 576 577 577 577 577 577 577 577 577 577 577 577 577 577 577 577 577 577 577 577 577 577 577 578 578 578 579 579 577 577 577 577 578 578 578 579 579 579 579 579 579 579 579 578 578 580 580 580 580 580 581 581 581 581 581 581 581 581 581 581 581 581 582 582 582 581 581 582 582 582 582 582 582 581 581 581 581 581 581 581 581 581 581 581 580 580 579 579
0 0 0 0 0 0 0 0 0 0 0 0 0 0 0 0 0 0 0 0 0 0 0 585 584 583 583 583 583 583 583 583 583 583 583 583 583 583 582 582 581 581 581 581 581 580 580 582 581 581 581 580 580 580 580 580 580 579 578 578 579 579 579 578 578 582 582 581 581 582 582 582 580 580 580 581 580 580 580 580 580 580 580 580 581 581 580 580 580 579 579 579 578 578 579 579 579 580 579 579 579 579 579 579 579 579 579 579 579 579 579 579 579 578 578 578 578 578 579 579 577 577 576 576 578 579 578 578 576 576 577 578 578 578 576 576 576 576 578 578 578 578 577 577 577 577 577 577 577 577 577 577 578 0 0 0 0 0 0 0 0 0 0 0 0 0 0 0 0 0 0 0 0 0 0 0 0 0 0 0 0 0 0 0 0 0 0 0 0 0 0 0 0 0 0 0 0 0 0 0 0 0 0 0 0 0 0 0 0 0 0 0 0 0 577 577 577 577 578 577 577 577 577 578 578 578 578 578 578 578 578 578 578 578 578 578 578 578 578 578 578 579 578 578 578 578 578 578 579 578 578 578 578 578 579 579 579 579 580 579 578 578 578 578 578 579 579 580 580 580 580 579 579 579 579 579 579 580 581 581 581 581 581 581 582 582 582 582 582 582 582 582 582 582 583 583 582 582 582 583 583 583 582 582 583 583 582 581 581 581 581 582 582 581 581 581 581 581 580 580
0 0 0 0 0 0 0 0 0 0 0 0 0 0 0 0 0 0 0 0 0 0 0 585 584 583 583 583 584 584 584 584 584 584 584 584 585 584 583 583 583 583 582 581 581 581 581 582 581 580 580 580 579 579 580 580 580 579 578 578 579 579 580 580 580 582 582 581 581 582 582 582 582 581 581 583 584 584 584 583 583 583 583 583 583 582 582 582 581 580 580 579 578 578 579 580 582 581 580 580 580 580 580 580 580 580 579 579 579 579 580 580 579 579 578 578 579 579 579 580 579 579 579 578 578 578 578 578 576 576 578 578 578 578 577 576 576 577 578 578 578 578 577 577 577 577 577 577 577 577 577 577 0 0 0 0 0 0 0 0 0 0 0 0 0 0 0 0 0 0 0 0 0 0 0 0 0 0 0 0 0 0 0 0 0 0 0 0 0 0 0 0 0 0 0 0 0 0 0 0 0 0 0 0 0 0 0 0 0 0 0 0 0 0 577 577 577 577 578 577 577 577 577 578 579 579 579 579 579 579 579 579 579 579 578 578 578 578 578 578 578 579 579 579 579 579 579 579 579 579 579 578 578 579 580 580 580 580 580 579 578 578 578 579 579 580 580 580 580 580 580 580 580 580 580 580 580 581 582 582 582 582 582 582 582 582 582 582 582 582 582 582 582 583 583 583 583 583 583 584 583 583 582 582 583 584 584 582 581 581 581 582 582 583 582 582 582 582 581 581
0 0 0 0 0 0 0 0 0 0 0 0 0 0 0 0 0 0 0 0 0 0 0 586 584 583 583 583 584 584 585 585 585 585 585 585 585 584 584 583 583 584 584 581 581 582 582 583 581 580 580 580 579 579 581 581 581 581 579 579 579 579 580 582 583 583 582 582 582 582 582 582 582 582 582 583 584 584 0 583 583 583 583 583 583 583 582 582 582 580 580 579 579 580 580 581 582 581 581 581 580 580 580 581 581 580 580 580 580 580 580 580 579 579 578 578 579 579 580 580 579 579 579 579 579 578 578 578 579 579 579 579 580 579 577 577 577 577 578 578 579 578 578 579 578 578 578 579 579 579 579 0 0 0 0 0 0 0 0 0 0 0 0 0 0 0 0 0 0 0 0 0 0 0 0 0 0 0 0 0 0 0 0 0 0 0 0 0 0 0 0 0 0 0 0 0 0 0 0 0 0 0 0 0 0 0 0 0 0 0 0 0 0 0 0 577 577 578 579 578 577 577 577 578 580 580 580 580 580 580 579 579 580 580 580 579 579 579 579 579 579 580 579 579 579 579 579 579 579 579 579 579 579 580 580 581 581 581 581 580 579 579 580 580 580 581 581 580 580 580 581 581 581 581 581 581 581 582 582 582 582 582 582 582 582 582 582 582 582 582 583 583 583 584 584 585 585 584 584 585 585 584 583 583 584 584 584 583 582 582 582 582 583 584 584 584 584 584 582 582
0 0 0 0 0 0 0 0 0 0 0 0 0 0 0 0 0 0 0 0 0 0 587 586 585 584 584 584 585 586 586 586 586 585 585 585 585 585 584 584 583 583 582 582 582 583 583 583 582 582 583 583 583 582 582 582 583 581 579 579 580 580 582 582 582 584 584 583 583 583 583 583 583 582 582 583 583 583 583 583 583 583 583 583 583 582 582 582 582 580 580 582 582 583 583 583 583 582 582 582 581 581 581 581 583 0 581 581 581 581 581 580 579 579 579 580 580 580 580 580 580 580 579 579 579 579 578 578 579 579 580 580 580 579 579 579 579 579 579 579 580 580 579 579 579 578 578 580 580 581 0 0 0 0 0 0 0 0 0 0 0 0 0 0 0 0 0 0 0 0 0 0 0 0 0 0 0 0 0 0 0 0 0 0 0 0 0 0 0 0 0 0 0 0 0 0 0 0 0 0 0 0 0 0 0 0 0 0 0 0 0 0 0 0 0 0 0 579 579 578 577 577 580 580 580 580 580 581 580 580 579 579 580 580 581 580 580 580 580 580 580 580 580 580 580 580 580 580 579 579 580 580 580 580 581 581 581 581 581 581 580 580 580 580 581 581 581 581 581 581 581 581 581 581 581 581 582 583 583 583 583 583 583 583 583 583 583 583 583 584 584 585 585 585 585 585 585 585 585 585 585 585 585 585 585 585 585 584 583 583 583 584 584 585 585 585 584 584 582 582
0 0 0 0 0 0 0 0 0 0 0 0 0 0 0 0 0 0 0 0 0 0 587 587 586 586 585 585 586 586 586 586 586 585 585 585 586 585 585 584 583 582 582 582 582 583 584 584 584 583 583 583 583 583 583 584 583 582 582 581 581 581 582 582 582 584 584 584 583 583 583 583 583 583 583 583 583 583 583 584 584 583 583 583 583 582 582 582 582 582 582 583 583 583 583 583 583 582 582 582 581 581 581 583 583 584 583 583 582 581 581 580 580 580 580 580 580 580 580 581 580 580 580 580 579 579 579 579 579 579 579 580 580 580 580 580 580 580 580 580 581 580 580 579 579 579 579 580 581 581 0 0 0 0 0 0 0 0 0 0 0 0 0 0 0 0 0 0 0 0 0 0 0 0 0 0 0 0 0 0 0 0 0 0 0 0 0 0 0 0 0 0 0 0 0 0 0 0 0 0 0 0 0 0 0 0 0 0 0 0 0 0 0 0 0 0 0 580 580 579 578 578 581 581 581 581 581 581 582 581 581 580 580 580 581 580 580 580 580 580 580 580 580 580 581 580 580 581 580 580 580 580 581 581 581 581 581 581 581 581 581 581 581 581 581 582 582 582 581 581 582 582 582 582 582 582 583 584 584 583 583 583 584 584 584 584 584 584 584 584 585 585 585 585 585 585 585 586 586 586 586 586 586 586 586 585 585 585 584 584 584 585 585 585 585 585 585 585 584 584
0 0 0 0 0 0 0 0 0 0 0 0 0 0 0 0 0 0 0 0 0 0 587 587 587 587 586 586 587 587 587 587 586 586 586 586 586 585 585 584 583 582 582 582 583 585 585 585 585 585 585 585 585 585 585 585 586 585 585 583 583 583 583 583 583 584 584 584 583 583 583 583 584 584 584 584 584 583 583 584 584 584 584 584 584 583 583 582 582 582 582 583 583 583 583 583 583 583 582 582 582 582 583 583 583 584 583 583 582 581 581 581 580 580 580 580 580 580 582 582 582 582 582 582 583 583 583 583 582 582 582 580 580 580 580 580 580 581 583 580 580 580 580 580 580 580 580 581 581 582 0 0 0 0 0 0 0 0 0 0 0 0 0 0 0 0 0 0 0 0 0 0 0 0 0 0 0 0 0 0 0 0 0 0 0 0 0 0 0 0 0 0 0 0 0 0 0 0 0 0 0 0 0 0 0 0 0 0 0 0 0 0 0 0 0 0 0 0 0 581 581 581 583 582 582 581 581 581 582 582 581 581 581 581 581 581 581 581 581 581 581 581 581 581 582 582 582 582 581 581 581 582 582 582 581 581 582 581 581 582 582 581 581 581 581 582 582 582 583 583 583 583 583 583 583 583 584 585 585 584 584 584 584 584 585 585 584 584 585 585 585 585 585 585 585 586 586 586 586 586 586 586 586 586 586 585 585 585 585 585 586 586 585 585 585 585 585 585 584 584
0 0 0 0 0 0 0 0 0 0 0 0 0 0 0 0 0 0 0 0 0 0 587 587 587 587 587 587 587 587 587 588 587 587 586 586 586 586 586 586 583 583 583 583 585 586 584 584 585 585 586 586 586 585 585 586 586 585 585 583 583 583 583 583 583 584 585 584 584 584 584 585 586 586 586 586 584 583 583 584 584 584 585 586 584 584 584 583 583 583 583 584 584 584 583 583 583 583 582 582 582 582 584 584 584 584 583 583 583 583 582 582 581 580 580 581 582 582 582 582 582 582 583 583 583 0 0 0 583 582 582 582 582 581 581 581 581 581 583 583 580 580 580 580 580 580 581 582 582 584 0 0 0 0 0 0 0 0 0 0 0 0 0 0 0 0 0 0 0 0 0 0 0 0 0 0 0 0 0 0 0 0 0 0 0 0 0 0 0 0 0 0 0 0 0 0 0 0 0 0 0 0 0 0 0 0 0 0 0 0 0 0 0 0 0 0 0 0 584 583 582 582 583 583 583 582 582 582 583 583 583 583 582 582 582 581 581 582 582 583 582 582 582 582 582 582 582 582 582 582 582 583 583 583 583 582 582 582 582 583 583 582 582 582 582 582 583 584 584 584 584 583 583 583 583 584 584 585 586 586 585 585 585 585 585 585 585 585 585 585 586 586 586 586 586 586 586 586 586 586 586 587 587 586 586 586 585 585 586 586 586 586 586 586 585 585 585 585 585 585
0 0 0 0 0 0 0 0 0 0 0 0 0 0 0 0 0 0 0 0 0 0 588 588 588 589 588 588 588 588 588 588 587 587 587 587 587 587 587 587 585 585 585 585 586 586 584 584 585 585 586 586 586 585 585 586 586 586 585 584 584 584 584 584 584 585 585 585 584 584 585 585 586 587 587 587 584 583 583 584 585 585 586 586 586 586 585 585 584 584 584 583 583 584 583 583 584 583 583 583 583 584 584 583 583 583 584 583 583 583 582 582 581 581 582 582 582 583 583 583 584 584 583 583 583 583 583 583 583 583 582 582 582 581 581 581 581 583 583 583 585 580 580 580 580 580 582 583 583 0 0 0 0 0 0 0 0 0 0 0 0 0 0 0 0 0 0 0 0 0 0 0 0 0 0 0 0 0 0 0 0 0 0 0 0 0 0 0 0 0 0 0 0 0 0 0 0 0 0 0 0 0 0 0 0 0 0 0 0 0 0 0 0 0 0 0 0 0 584 583 583 583 583 583 583 584 583 583 584 584 584 584 584 584 583 583 583 583 583 584 584 583 582 582 582 582 582 582 582 582 582 583 584 584 584 583 583 584 584 584 584 584 584 583 583 583 583 584 584 584 584 584 584 584 584 585 586 586 586 586 586 586 586 586 586 587 587 587 586 586 587 587 587 587 587 587 587 588 588 587 587 588 588 586 586 586 586 586 587 587 587 586 586 586 586 585 585 586 586 587
0 0 0 0 0 0 0 0 0 0 0 0 0 0 0 0 0 0 0 0 0 0 588 588 588 589 589 589 588 588 588 589 589 589 588 588 587 587 587 588 587 586 586 587 587 586 585 585 585 585 586 586 586 586 586 587 586 586 585 585 585 585 585 585 585 586 586 586 585 585 585 585 587 587 587 587 587 584 584 584 585 585 586 586 586 586 586 585 584 584 584 583 583 584 584 584 584 584 584 584 585 585 587 587 583 583 584 584 584 584 583 583 583 583 583 583 583 583 583 583 584 584 583 583 583 583 583 583 583 583 583 583 583 582 582 583 583 583 583 585 585 580 580 580 581 581 583 583 0 0 0 0 0 0 0 0 0 0 0 0 0 0 0 0 0 0 0 0 0 0 0 0 0 0 0 0 0 0 0 0 0 0 0 0 0 0 0 0 0 0 0 0 0 0 0 0 0 0 0 0 0 0 0 0 0 0 0 0 0 0 0 0 0 0 0 0 0 0 584 584 584 584 584 584 584 584 584 584 584 584 584 584 584 584 584 584 584 584 585 584 584 584 584 584 583 583 583 582 582 583 583 584 584 584 584 584 584 584 584 584 584 584 584 584 584 584 584 584 585 585 585 585 585 585 585 585 585 588 587 587 587 587 587 586 586 587 587 588 588 588 588 588 587 587 588 588 588 589 589 588 588 589 589 589 589 589 589 589 588 587 587 588 588 588 588 589 589 589 589 589
0 0 0 0 0 0 0 0 0 0 0 0 0 0 0 0 0 0 0 0 0 0 589 588 588 589 590 590 589 589 589 590 591 589 588 588 588 588 588 588 589 588 587 587 587 586 585 585 586 586 586 586 586 586 586 587 587 587 587 586 586 586 586 586 586 587 587 587 586 586 586 586 587 587 587 587 587 586 586 586 587 587 587 585 585 587 587 584 584 584 584 584 584 585 585 585 585 585 585 585 586 586 587 584 584 585 584 584 585 584 584 585 584 584 585 584 584 584 584 584 585 584 583 583 583 583 583 583 584 584 584 583 583 583 583 583 584 584 584 583 583 584 580 580 582 583 584 584 0 0 0 0 0 0 0 0 0 0 0 0 0 0 0 0 0 0 0 0 0 0 0 0 0 0 0 0 0 0 0 0 0 0 0 0 0 0 0 0 0 0 0 0 0 0 0 0 0 0 0 0 0 0 0 0 0 0 0 0 0 0 0 0 0 0 0 0 0 0 585 585 585 584 584 585 585 585 585 585 585 584 584 585 585 585 585 585 585 585 585 584 584 585 585 585 585 584 584 584 584 584 584 584 584 585 585 585 585 585 585 585 585 585 585 584 584 584 585 585 585 585 586 585 585 585 585 585 585 589 588 588 588 588 588 589 589 589 589 589 589 589 589 589 589 589 590 590 590 590 590 590 590 590 590 590 590 590 590 589 588 588 588 589 589 589 589 589 589 589 589 589
0 0 0 0 0 0 0 0 0 0 0 0 0 0 0 0 0 0 0 0 0 0 590 590 590 590 590 590 590 590 590 591 591 590 590 590 589 589 589 588 588 588 588 587 587 586 585 585 587 587 587 587 587 587 587 587 587 588 587 587 587 588 588 588 588 587 587 586 585 585 585 585 586 587 588 587 587 587 586 586 587 587 587 585 585 587 588 588 587 586 586 585 585 586 586 586 586 586 586 587 586 586 586 584 584 585 585 585 586 584 584 585 584 584 585 584 584 584 584 585 585 586 584 584 584 584 584 586 584 584 584 583 583 584 584 584 585 584 584 583 583 584 580 580 583 583 585 586 0 0 0 0 0 0 0 0 0 0 0 0 0 0 0 0 0 0 0 0 0 0 0 0 0 0 0 0 0 0 0 0 0 0 0 0 0 0 0 0 0 0 0 0 0 0 0 0 0 0 0 0 0 0 0 0 0 0 0 0 0 0 0 0 0 0 0 0 0 0 585 585 585 585 587 586 586 585 585 585 585 585 585 586 586 586 586 585 585 585 585 585 586 586 586 586 585 585 585 585 584 584 585 585 585 585 585 585 586 586 586 587 587 587 586 586 586 586 586 587 587 587 587 587 588 588 588 588 589 589 589 589 589 589 589 589 589 589 589 589 589 590 590 590 590 590 590 590 590 590 590 590 590 590 592 592 593 592 592 590 590 589 589 589 590 590 590 589 589 589 589 589
0 0 0 0 0 0 0 0 0 0 0 0 0 0 0 0 0 0 0 0 0 0 593 592 592 592 591 591 591 590 590 591 591 590 590 590 590 590 589 588 588 588 588 588 587 587 586 586 587 587 587 587 587 588 588 589 589 588 588 588 588 588 588 588 588 587 587 586 585 585 585 585 586 587 588 588 588 588 588 588 588 588 587 587 587 587 588 588 587 586 586 586 586 586 586 586 586 586 587 587 586 586 586 586 586 586 587 587 587 585 585 587 584 584 584 585 585 0 0 0 587 587 584 584 584 584 584 584 584 584 584 584 584 584 585 585 585 584 584 584 584 584 582 582 583 584 585 0 0 0 0 0 0 0 0 0 0 0 0 0 0 0 0 0 0 0 0 0 0 0 0 0 0 0 0 0 0 0 0 0 0 0 0 0 0 0 0 0 0 0 0 0 0 0 0 0 0 0 0 0 0 0 0 0 0 0 0 0 0 0 0 0 0 0 0 0 0 0 0 0 586 586 588 588 588 588 587 587 587 587 588 588 588 587 587 586 586 586 586 586 587 587 587 587 587 587 586 586 585 585 586 586 587 587 588 587 587 588 588 588 588 587 587 587 587 588 588 588 588 588 588 588 588 588 588 589 589 589 589 589 589 590 590 590 590 590 590 590 590 590 590 590 591 591 591 591 590 590 590 590 590 590 592 592 593 592 592 592 591 591 591 591 591 591 590 590 590 590 590 590
0 0 0 0 0 0 0 0 0 0 0 0 0 0 0 0 0 0 0 0 0 0 593 592 592 592 591 591 591 590 590 591 591 592 591 591 591 591 591 590 589 589 589 590 590 590 589 589 587 587 588 589 589 590 590 590 590 589 589 588 588 589 589 589 590 590 588 588 588 588 588 588 588 588 589 589 590 589 589 589 589 588 588 588 588 588 588 588 588 588 588 588 587 587 587 587 587 588 588 587 586 586 586 586 586 586 587 587 588 588 588 584 584 584 584 585 585 0 0 0 0 0 0 586 584 584 585 584 584 584 585 585 585 585 586 586 584 584 584 584 584 585 584 584 584 584 0 0 0 0 0 0 0 0 0 0 0 0 0 0 0 0 0 0 0 0 0 0 0 0 0 0 0 0 0 0 0 0 0 0 0 0 0 0 0 0 0 0 0 0 0 0 0 0 0 0 0 0 0 0 0 0 0 0 0 0 0 0 0 0 0 0 0 0 0 0 0 0 0 0 587 587 588 588 588 588 588 588 587 587 588 588 588 588 587 587 587 587 587 588 588 588 588 588 587 587 587 586 586 586 586 587 588 588 588 588 588 588 588 589 588 588 588 588 588 588 588 589 589 589 589 589 589 589 589 589 590 590 590 590 590 590 590 590 590 591 591 591 591 591 591 591 592 592 591 591 591 591 591 590 590 591 592 592 593 593 593 593 592 592 591 591 591 591 591 590 590 590 590 590
0 0 0 0 0 0 0 0 0 0 0 0 0 0 0 0 0 0 0 0 0 0 593 592 592 593 592 592 592 591 591 592 592 592 592 592 592 591 591 591 591 590 590 590 590 591 590 590 587 587 588 590 590 590 590 589 589 589 589 589 589 589 589 589 591 591 591 591 590 590 590 588 588 590 591 591 591 590 589 589 590 589 589 588 588 588 589 589 589 589 588 588 588 588 588 588 588 588 588 587 587 588 588 588 588 588 588 588 588 588 591 588 588 0 588 0 0 0 0 0 0 0 0 0 587 587 587 587 587 586 586 586 587 587 587 587 588 587 587 587 587 587 586 585 585 0 0 0 0 0 0 0 0 0 0 0 0 0 0 0 0 0 0 0 0 0 0 0 0 0 0 0 0 0 0 0 0 0 0 0 0 0 0 0 0 0 0 0 0 0 0 0 0 0 0 0 0 0 0 0 0 0 0 0 0 0 0 0 0 0 0 0 0 0 0 0 0 0 0 0 587 587 588 588 588 588 588 588 589 588 588 588 588 588 588 588 588 588 588 588 588 588 588 588 588 588 587 586 586 587 587 587 589 589 589 589 589 589 589 589 589 589 589 588 588 589 589 589 590 589 589 590 590 590 590 590 590 590 590 590 590 591 591 592 592 592 592 592 593 593 592 592 593 593 593 593 592 592 592 592 593 593 593 593 593 593 593 594 593 593 592 592 591 591 591 591 591 592 592 591
0 0 0 0 0 0 0 0 0 0 0 0 0 0 0 0 0 0 0 0 0 0 594 593 593 593 593 593 593 592 592 593 593 593 592 592 592 591 591 592 592 591 590 590 591 591 591 591 589 589 591 591 591 591 590 589 589 589 591 591 590 590 590 590 591 591 591 591 591 591 591 591 591 590 590 591 591 590 590 590 590 591 591 588 588 591 591 590 589 589 588 588 589 588 588 588 589 589 589 589 589 589 589 588 588 588 588 588 588 590 591 588 588 588 0 0 0 0 0 0 0 0 0 0 587 587 588 588 0 586 586 586 586 586 587 587 588 588 587 587 587 587 587 587 0 0 0 0 0 0 0 0 0 0 0 0 0 0 0 0 0 0 0 0 0 0 0 0 0 0 0 0 0 0 0 0 0 0 0 0 0 0 0 0 0 0 0 0 0 0 0 0 0 0 0 0 0 0 0 0 0 0 0 0 0 0 0 0 0 0 0 0 0 0 0 0 0 0 0 591 589 589 589 588 588 588 589 589 589 589 588 588 588 588 588 589 589 589 589 588 588 588 588 588 588 588 587 586 586 588 588 589 589 589 589 589 589 589 589 589 589 589 589 589 589 590 590 590 591 591 591 590 590 590 591 591 591 591 591 591 591 591 592 592 593 593 593 593 593 593 593 593 593 593 593 593 593 593 593 594 594 593 593 593 593 593 593 593 593 593 593 593 592 592 592 592 592 593 593 592
0 0 0 0 0 0 0 0 0 0 0 0 0 0 0 0 0 0 0 0 0 0 594 594 594 594 594 594 594 593 593 593 594 593 593 592 592 593 593 593 592 591 590 590 591 591 592 593 590 590 591 591 591 591 591 590 590 590 591 591 590 590 590 591 591 591 592 592 591 591 591 591 591 590 590 591 591 591 591 591 591 592 591 591 592 592 592 592 591 591 591 591 591 589 589 590 589 589 589 590 590 590 589 589 589 589 589 589 589 590 591 588 588 588 591 0 0 0 0 0 0 0 0 0 0 0 0 0 0 0 587 587 587 589 587 587 587 587 588 588 588 588 0 0 0 0 0 0 0 0 0 0 0 0 0 0 0 0 0 0 0 0 0 0 0 0 0 0 0 0 0 0 0 0 0 0 0 0 0 0 0 0 0 0 0 0 0 0 0 0 0 0 0 0 0 0 0 0 0 0 0 0 0 0 0 0 0 0 0 0 0 0 0 0 0 0 0 0 0 591 591 590 589 589 588 588 589 590 589 589 588 588 589 588 588 590 590 590 590 589 589 589 589 589 589 589 588 588 588 588 588 589 590 590 590 590 590 590 590 589 589 589 590 590 590 591 591 591 592 592 592 591 591 591 591 591 592 592 592 592 592 592 593 593 593 593 593 593 593 593 593 593 594 594 594 594 594 593 593 594 594 594 594 594 594 593 593 593 593 594 594 593 593 593 593 593 593 593 593 593
0 0 0 0 0 0 0 0 0 0 0 0 0 0 0 0 0 0 0 0 0 0 595 594 594 594 594 594 594 593 593 594 594 594 594 593 593 593 594 593 593 592 591 591 592 593 593 592 592 591 591 591 591 591 592 591 591 591 591 591 591 591 591 591 592 592 592 592 592 591 591 591 591 591 591 591 591 591 591 591 591 592 592 593 593 592 592 592 592 592 591 591 591 591 590 590 590 590 591 591 591 591 590 590 590 589 589 589 589 590 591 591 591 591 0 0 0 0 0 0 0 0 0 0 0 0 0 0 0 0 588 588 590 589 588 587 587 587 588 588 590 0 0 0 0 0 0 0 0 0 0 0 0 0 0 0 0 0 0 0 0 0 0 0 0 0 0 0 0 0 0 0 0 0 0 0 0 0 0 0 0 0 0 0 0 0 0 0 0 0 0 0 0 0 0 0 0 0 0 0 0 0 0 0 0 0 0 0 0 0 0 0 0 0 0 0 0 0 0 592 592 591 590 590 589 589 590 590 589 589 589 589 589 590 590 590 590 590 590 590 589 589 589 589 590 590 590 590 590 591 591 591 591 591 591 590 590 590 590 590 590 590 591 591 591 592 592 592 592 592 592 592 592 592 592 592 593 593 593 593 593 593 594 594 594 594 594 594 594 594 594 594 594 594 594 594 595 595 595 595 595 595 595 595 594 593 593 593 593 594 594 594 593 593 593 593 594 594 594 594
0 0 0 0 0 0 0 0 0 0 0 0 0 0 0 0 0 0 0 0 0 0 595 595 595 595 595 595 594 593 593 594 594 595 595 594 594 594 594 594 594 592 592 592 592 593 593 592 592 591 591 591 592 592 592 593 593 592 592 593 593 592 592 592 592 592 592 592 592 592 592 592 592 591 591 591 591 591 592 592 592 593 594 593 593 592 592 592 592 592 592 592 592 591 591 591 591 591 591 591 591 591 591 590 590 591 589 589 590 591 591 591 591 591 591 0 591 591 591 0 0 0 0 0 0 0 0 0 0 0 590 590 590 589 588 588 588 588 589 589 590 590 0 0 0 0 0 0 0 0 0 0 0 0 0 0 0 0 0 0 0 0 0 0 0 0 0 0 0 0 0 0 0 0 0 0 0 0 0 0 0 0 0 0 0 0 0 0 0 0 0 0 0 0 0 0 0 0 0 0 0 0 0 0 0 0 0 0 0 0 0 0 0 0 0 0 0 0 0 592 592 592 591 591 589 589 591 592 592 590 590 590 590 591 591 591 591 592 592 591 591 591 591 591 591 591 591 591 591 591 592 592 592 591 591 591 591 591 591 591 592 592 592 592 592 593 593 593 593 593 592 592 592 592 593 593 594 594 594 594 594 594 594 594 595 595 595 594 594 595 594 594 594 594 594 594 595 596 596 596 596 596 596 595 594 593 593 594 595 596 596 594 594 594 594 594 594 595 595 595
0 0 0 0 0 0 0 0 0 0 0 0 0 0 0 0 0 0 0 0 0 0 596 596 596 596 596 596 595 594 594 594 595 595 595 595 595 595 595 594 594 593 593 592 592 593 594 594 595 595 594 594 593 593 593 594 593 593 594 593 593 592 592 593 593 593 593 593 592 592 592 592 592 592 591 591 592 592 592 592 592 594 594 594 594 594 594 593 593 593 592 592 592 592 592 592 592 592 592 592 591 591 591 591 591 591 591 591 591 591 592 592 592 591 591 591 591 591 591 0 0 0 0 0 0 0 0 0 0 591 591 590 590 589 588 588 588 588 589 590 590 590 590 0 0 0 0 0 0 0 0 0 0 0 0 0 0 0 0 0 0 0 0 0 0 0 0 0 0 0 0 0 0 0 0 0 0 0 0 0 0 0 0 0 0 0 0 0 0 0 0 0 0 0 0 0 0 0 0 0 0 0 0 0 0 0 0 0 0 0 0 0 0 0 0 0 0 0 0 592 592 592 592 592 591 591 592 592 592 592 592 593 592 591 591 592 592 592 592 592 592 592 592 592 592 592 592 592 592 592 592 592 592 592 592 592 592 592 592 592 592 592 593 593 593 593 593 593 594 594 593 593 593 593 593 593 594 594 594 594 594 594 595 595 595 596 596 596 596 595 595 594 594 595 595 595 596 596 597 597 597 597 596 595 594 594 595 596 597 597 598 595 595 594 594 594 595 596 596 597
0 0 0 0 0 0 0 0 0 0 0 0 0 0 0 0 0 0 0 0 0 0 598 598 597 597 596 596 595 594 594 595 595 595 595 596 595 595 595 595 595 594 594 594 594 594 595 595 595 594 594 594 594 594 594 594 594 594 594 593 593 594 594 595 595 595 594 594 593 592 592 593 593 592 592 592 592 593 592 592 592 595 595 594 594 594 594 594 594 594 593 593 593 593 593 592 592 592 592 592 592 592 592 592 592 592 592 592 592 592 592 592 592 592 592 592 592 591 591 0 0 0 0 0 0 0 0 0 0 591 591 591 591 592 589 589 589 589 590 591 591 590 590 591 0 0 0 0 0 0 0 0 0 0 0 0 0 0 0 0 0 0 0 0 0 0 0 0 0 0 0 0 0 0 0 0 0 0 0 0 0 0 0 0 0 0 0 0 0 0 0 0 0 0 0 0 0 0 0 0 0 0 0 0 0 0 0 0 0 0 0 0 0 0 0 0 0 0 592 592 592 592 593 593 593 592 592 592 592 592 592 593 593 592 592 592 592 592 592 592 592 592 592 592 592 592 593 593 593 592 592 593 592 592 592 592 593 593 592 592 592 593 593 593 593 593 593 594 594 594 594 594 594 594 594 594 594 594 595 595 595 595 596 596 596 597 597 597 597 597 596 596 596 596 596 597 597 597 597 597 597 597 598 597 597 596 596 597 597 598 598 597 596 596 596 596 596 597 598 598
0 0 0 0 0 0 0 0 0 0 0 0 0 0 0 0 0 0 0 0 0 0 598 598 598 598 598 597 595 595 595 597 597 597 597 597 597 597 597 596 595 595 595 597 594 594 595 595 595 594 594 595 595 595 595 595 595 595 595 593 593 594 594 595 596 597 597 595 592 592 593 593 593 593 593 593 593 594 592 592 593 595 595 595 595 594 594 594 594 595 594 594 593 593 593 592 592 592 592 592 593 593 594 594 594 595 593 593 593 593 592 592 593 592 592 592 592 592 0 0 0 0 0 0 0 0 0 0 0 592 592 592 593 593 593 593 591 591 591 591 591 591 591 591 0 0 0 0 0 0 0 0 0 0 0 0 0 0 0 0 0 0 0 0 0 0 0 0 0 0 0 0 0 0 0 0 0 0 0 0 0 0 0 0 0 0 0 0 0 0 0 0 0 0 0 0 0 0 0 0 0 0 0 0 0 0 0 0 0 0 0 0 0 0 0 0 0 0 592 592 592 592 593 594 594 594 593 593 593 593 593 593 593 592 592 592 593 592 592 593 593 593 593 593 593 593 593 593 593 593 593 593 593 593 593 593 594 593 593 593 593 593 594 594 593 593 593 594 594 594 594 594 595 595 595 595 596 596 595 595 596 596 596 596 596 597 597 597 597 597 597 597 597 597 597 597 597 597 597 597 598 598 598 598 599 599 598 598 598 599 598 598 597 597 597 597 597 597 598 598
0 0 0 0 0 0 0 0 0 0 0 0 0 0 0 0 0 0 0 0 0 0 599 599 599 599 598 598 597 596 596 597 597 598 597 597 597 597 597 598 597 596 596 596 597 597 597 596 595 594 594 595 595 595 596 596 596 596 596 593 593 594 594 595 596 598 598 597 592 592 594 593 593 593 593 595 595 595 595 595 596 595 595 596 595 595 595 595 595 595 595 595 594 593 593 593 593 593 594 594 594 594 594 595 595 595 594 594 593 593 593 593 593 592 592 592 592 593 0 0 0 0 0 0 0 0 0 0 0 592 592 592 593 593 593 593 592 592 591 591 591 591 591 591 0 0 0 0 0 0 0 0 0 0 0 0 0 0 0 0 0 0 0 0 0 0 0 0 0 0 0 0 0 0 0 0 0 0 0 0 0 0 0 0 0 0 0 0 0 0 0 0 0 0 0 0 0 0 0 0 0 0 0 0 0 0 0 0 0 0 0 0 0 0 0 0 0 0 592 592 592 593 594 595 595 595 595 594 594 594 594 593 593 593 593 594 594 593 593 593 593 593 593 593 593 593 593 593 593 593 593 593 593 593 594 594 594 593 593 593 593 593 594 594 594 594 594 595 595 595 595 595 596 597 596 596 597 597 596 596 597 597 597 597 597 597 597 597 597 597 598 598 598 598 598 598 598 598 598 598 598 598 599 599 600 600 599 599 599 599 599 599 599 598 598 598 598 598 598 598
0 0 0 0 0 0 0 0 0 0 0 0 0 0 0 0 0 0 0 0 0 0 599 599 599 599 599 599 598 598 598 598 598 598 598 598 598 598 598 598 598 598 596 596 597 597 598 596 596 595 595 595 597 597 597 597 596 596 596 595 595 595 595 596 597 599 598 597 596 596 596 596 596 596 596 595 595 595 595 595 598 597 597 597 597 597 596 596 595 595 596 596 595 595 594 594 594 595 595 595 595 595 595 595 595 595 596 596 594 594 594 593 593 593 593 593 593 592 592 592 0 0 0 0 0 0 0 0 595 595 592 592 594 593 593 593 591 591 591 592 592 592 592 592 0 0 596 596 0 0 0 0 0 0 0 0 0 0 0 0 0 0 0 0 0 0 0 0 0 0 0 0 0 0 0 0 0 0 0 0 0 0 0 0 0 0 0 0 0 0 0 0 0 0 0 0 0 0 0 0 0 0 0 0 0 0 0 0 0 0 0 0 0 0 0 0 0 0 0 594 594 594 595 595 595 595 595 595 595 595 595 595 595 594 594 594 594 595 594 594 595 594 594 594 594 594 594 594 594 594 594 594 594 594 594 594 595 594 594 594 594 594 594 594 595 595 595 596 595 595 595 595 597 597 597 597 598 598 597 597 597 597 597 597 597 598 598 598 598 599 599 599 599 599 599 599 599 599 599 599 599 600 600 600 601 600 599 599 599 600 600 600 600 600 599 599 600 600 599 598
0 0 0 0 0 0 0 0 0 0 0 0 0 0 0 0 0 0 0 0 0 0 600 599 599 600 599 599 599 599 598 598 598 598 598 598 598 597 597 598 598 598 596 596 597 597 599 596 596 596 596 596 598 598 597 597 597 597 594 594 595 595 597 598 598 599 598 598 598 597 597 597 597 597 597 597 597 595 595 596 599 598 598 598 598 598 597 596 596 596 596 597 597 596 596 595 595 595 595 596 596 596 596 596 596 596 596 596 594 594 595 594 594 594 596 599 0 592 592 592 0 0 0 0 0 0 0 0 595 595 595 595 595 595 595 595 591 591 591 592 592 592 592 592 596 595 595 595 595 0 0 0 0 0 0 0 0 0 0 0 0 0 0 0 0 0 0 0 0 0 0 0 0 0 0 0 0 0 0 0 0 0 0 0 0 0 0 0 0 0 0 0 0 0 0 0 0 0 0 0 0 0 0 0 0 0 0 0 0 0 0 0 0 0 0 0 0 0 0 594 594 595 595 595 595 595 595 596 596 596 596 596 596 595 595 595 596 596 596 595 595 595 595 595 595 595 594 594 594 595 595 595 595 595 595 595 596 595 595 595 595 595 596 596 596 595 595 596 596 596 597 597 597 597 597 597 598 598 598 598 598 598 598 598 599 598 598 599 599 599 599 599 599 599 599 599 599 599 600 600 601 601 601 601 601 600 600 600 601 601 601 601 601 600 599 599 600 600 600 598
0 0 0 0 0 0 0 0 0 0 0 0 0 0 0 0 0 0 0 0 0 0 601 599 599 600 599 599 600 599 599 599 600 600 600 598 598 597 597 598 598 598 598 598 598 599 599 597 597 596 596 596 598 598 598 597 597 597 594 594 595 595 597 598 598 599 598 598 599 599 599 599 599 598 598 598 597 597 597 597 599 598 598 598 598 598 598 598 596 596 597 597 597 597 597 597 596 596 596 596 596 597 597 596 596 596 596 596 596 596 597 596 596 596 596 599 599 599 596 0 0 0 0 0 0 0 0 0 0 0 596 596 596 596 596 595 594 594 594 592 592 592 592 592 596 596 595 595 595 0 0 0 0 0 0 0 0 0 0 0 0 0 0 0 0 0 0 0 0 0 0 0 0 0 0 0 0 0 0 0 0 0 0 0 0 0 0 0 0 0 0 0 0 0 0 0 0 0 0 0 0 0 0 0 0 0 0 0 0 0 0 0 0 0 0 0 0 0 0 0 597 596 596 596 596 596 596 596 596 596 597 597 597 596 596 596 596 596 596 596 596 595 595 596 596 596 596 596 596 596 596 597 597 597 596 596 596 597 597 596 596 596 596 596 596 596 596 596 596 597 597 597 598 598 598 598 599 599 599 598 598 598 599 599 599 599 599 600 600 601 601 600 600 600 600 601 601 601 601 601 601 602 602 602 601 601 601 601 601 601 601 601 601 601 600 600 601 601 600 600
0 0 0 0 0 0 0 0 0 0 0 0 0 0 0 0 0 0 0 0 0 0 602 600 600 600 600 600 600 600 600 600 600 600 600 598 598 598 598 600 599 599 598 598 598 599 599 599 598 597 597 597 599 598 598 597 597 597 595 595 597 597 598 598 599 599 599 599 599 599 599 599 599 599 599 599 597 597 599 599 600 599 599 599 599 598 598 598 598 598 598 598 597 597 597 597 597 597 597 597 597 598 598 597 597 597 597 597 597 597 597 596 596 596 596 599 599 599 596 596 597 597 0 0 0 0 0 0 0 0 596 596 596 596 596 595 595 595 595 595 595 595 596 596 596 596 595 595 595 0 0 0 0 0 0 0 0 0 0 0 0 0 0 0 0 0 0 0 0 0 0 0 0 0 0 0 0 0 0 0 0 0 0 0 0 0 0 0 0 0 0 0 0 0 0 0 0 0 0 0 0 0 0 0 0 0 0 0 0 0 0 0 0 0 0 0 0 0 0 598 597 597 597 597 596 596 596 596 597 597 597 597 597 597 597 597 597 597 598 597 597 597 597 597 597 597 597 597 597 596 596 597 597 597 596 596 596 597 598 597 597 597 597 596 596 598 598 597 597 597 597 597 598 598 598 598 600 600 599 599 599 599 600 600 600 600 600 601 601 601 601 601 601 601 601 601 602 601 601 601 601 602 602 602 602 601 601 601 601 601 602 601 601 602 601 601 601 601 601 600
0 0 0 0 0 0 0 0 0 0 0 0 0 0 0 0 0 0 0 0 0 0 603 601 601 601 601 600 600 600 600 600 600 600 600 601 601 599 599 600 600 600 599 599 599 599 599 600 600 599 599 599 599 599 599 599 598 598 597 597 597 597 598 599 600 600 600 600 600 600 600 599 599 600 599 599 599 599 599 599 600 600 600 600 599 598 598 598 598 598 598 598 598 598 597 597 598 598 598 597 597 598 598 598 598 598 598 598 598 598 598 598 598 598 599 599 599 599 596 596 597 596 596 0 0 0 0 0 0 0 596 596 596 596 596 596 595 595 595 595 595 595 596 596 596 596 595 595 595 0 0 0 0 0 0 0 0 0 0 0 0 0 0 0 0 0 0 0 0 0 0 0 0 0 0 0 0 0 0 0 0 0 0 0 0 0 0 0 0 0 0 0 0 0 0 0 0 0 0 0 0 0 0 0 0 0 0 0 0 0 0 0 0 0 0 0 0 0 0 597 597 598 598 599 597 597 597 597 597 597 597 597 598 597 597 597 597 598 598 598 597 597 597 597 597 597 598 598 597 597 597 597 597 597 596 596 597 597 598 597 597 597 597 597 599 599 598 598 598 598 598 598 598 598 599 599 600 600 599 599 600 601 601 601 601 601 601 602 602 602 602 602 602 602 602 602 602 602 602 602 602 602 602 603 603 602 601 601 601 601 602 602 602 602 602 602 602 602 602 602
0 0 0 0 0 0 0 0 0 0 0 0 0 0 0 0 0 0 0 0 0 0 603 602 602 601 601 602 600 600 601 601 602 602 602 602 601 600 600 601 601 601 600 600 600 600 601 601 601 599 599 600 600 600 600 600 599 599 598 598 598 598 598 598 600 600 600 600 600 600 600 599 599 602 601 600 599 599 599 600 600 600 600 600 600 599 599 599 599 599 599 598 598 598 597 597 598 599 599 598 598 598 598 598 598 598 598 599 599 599 599 598 598 598 599 599 599 599 598 598 598 596 596 0 0 0 0 0 0 0 596 596 596 596 596 596 595 595 596 596 598 597 597 596 596 596 595 595 595 0 0 0 0 0 0 0 0 0 0 0 0 0 0 0 0 0 0 0 0 0 0 0 0 0 0 0 0 0 0 0 0 0 0 0 0 0 0 0 0 0 0 0 0 0 0 0 0 0 0 0 0 0 0 0 0 0 0 0 0 0 0 0 0 0 0 0 0 0 0 597 597 598 599 599 599 599 597 597 597 597 597 599 598 598 597 597 597 598 599 599 597 597 597 597 598 598 599 598 598 598 598 598 598 598 597 597 599 599 599 598 598 598 598 598 600 600 600 600 599 599 600 600 600 600 600 601 601 601 602 602 602 603 602 602 602 602 603 603 602 602 603 603 603 604 603 603 604 604 604 604 604 604 604 606 606 604 601 601 601 601 602 603 603 604 604 604 604 603 603 602
0 0 0 0 0 0 0 0 0 0 0 0 0 0 0 0 0 0 0 0 0 0 604 603 603 602 602 602 601 601 601 601 602 602 602 602 602 602 602 601 601 601 600 600 601 601 601 601 601 601 601 600 600 601 601 601 601 599 598 598 598 598 598 598 601 600 600 601 601 601 601 600 600 602 601 600 600 600 600 601 601 601 601 600 600 600 599 599 599 599 600 599 598 598 597 597 598 599 599 599 599 599 599 599 598 598 598 600 600 599 599 598 598 598 599 599 599 599 599 599 0 0 0 0 0 0 0 0 0 0 597 596 596 596 597 597 597 597 597 597 598 597 597 597 597 597 597 0 0 0 0 0 0 0 0 0 0 0 0 0 0 0 0 0 0 0 0 0 0 0 0 0 0 0 0 0 0 0 0 0 0 0 0 0 0 0 0 0 0 0 0 0 0 0 0 0 0 0 0 0 0 0 0 0 0 0 0 0 0 0 0 0 0 0 0 0 0 0 0 0 599 599 600 600 600 599 599 598 598 599 600 600 600 599 599 599 599 600 600 600 600 600 599 599 600 600 600 600 600 600 599 599 599 599 599 600 599 599 599 599 599 600 600 600 600 601 601 601 600 600 601 601 601 601 601 601 602 602 602 602 603 603 603 603 603 604 604 604 604 604 604 604 604 604 604 604 604 606 606 606 606 606 606 607 606 606 604 603 603 603 604 604 606 606 606 606 606 606 604 603
0 0 0 0 0 0 0 0 0 0 0 0 0 0 0 0 0 0 0 0 0 0 606 606 604 604 603 602 602 603 603 604 603 603 603 603 603 603 603 603 602 602 602 602 602 602 602 602 602 601 601 601 601 602 602 602 603 603 599 598 598 598 599 602 603 601 601 601 602 602 602 603 603 603 601 600 600 601 603 603 602 601 601 601 601 601 601 601 601 601 602 602 602 600 600 600 600 601 600 600 600 600 600 600 599 599 600 600 600 600 600 599 599 599 599 599 599 599 599 0 0 0 0 0 0 0 0 0 0 0 0 600 600 598 598 597 597 597 598 598 599 597 597 599 599 599 0 0 0 0 0 0 0 0 0 0 0 0 0 0 0 0 0 0 0 0 0 0 0 0 0 0 0 0 0 0 0 0 0 0 0 0 0 0 0 0 0 0 0 0 0 0 0 0 0 0 0 0 0 0 0 0 0 0 0 0 0 0 0 0 0 0 0 0 0 0 0 0 0 0 601 600 600 601 600 600 599 599 599 599 600 600 600 600 600 601 601 601 601 601 600 600 600 600 600 600 600 600 600 600 600 600 600 600 600 600 600 600 600 600 601 601 601 601 601 601 601 601 602 602 602 601 601 601 601 602 603 603 603 603 604 604 604 604 604 606 606 606 606 606 606 606 606 606 606 606 606 606 606 606 607 607 607 607 607 606 606 606 606 606 607 606 606 606 606 606 606 607 607 606
0 0 0 0 0 0 0 0 0 0 0 0 0 0 0 0 0 0 0 0 0 0 607 607 606 606 606 603 603 604 604 604 604 604 604 604 604 603 603 603 603 602 602 602 602 602 602 603 602 602 602 603 603 603 603 603 603 603 602 602 602 602 602 602 603 603 603 603 603 603 604 604 604 604 603 602 602 603 604 603 603 602 602 602 602 601 601 601 602 602 603 603 602 601 601 601 601 601 600 600 600 600 601 600 600 600 600 600 600 600 600 599 599 599 599 599 599 599 600 0 0 0 0 0 0 0 0 0 0 0 0 600 600 598 598 598 598 598 599 599 600 599 599 600 600 600 0 0 0 0 0 0 0 0 0 0 0 0 0 0 0 0 0 0 0 0 0 0 0 0 0 0 0 0 0 0 0 0 0 0 0 0 0 0 0 0 0 0 0 0 0 0 0 0 0 0 0 0 0 0 0 0 0 0 0 0 0 0 0 0 0 0 0 0 0 0 0 0 0 0 602 601 601 601 601 600 600 599 599 600 601 601 601 601 601 601 601 601 601 601 600 600 600 600 601 601 601 601 601 601 600 600 600 600 600 601 601 601 601 601 601 601 601 601 602 601 601 602 604 602 602 602 602 602 602 603 603 603 603 603 604 604 606 606 606 606 606 606 606 607 607 607 607 607 607 607 607 607 607 607 607 607 607 608 608 607 607 607 607 607 608 607 606 606 606 606 606 607 607 607
0 0 0 0 0 0 0 0 0 0 0 0 0 0 0 0 0 0 0 0 0 0 607 607 607 606 606 603 603 604 604 604 606 606 606 606 606 606 603 603 606 604 603 603 603 603 603 604 604 604 604 604 606 604 604 604 603 603 603 603 603 603 603 603 603 603 603 604 603 603 604 604 604 606 606 606 603 603 606 604 604 603 603 603 603 602 602 602 603 604 604 604 603 603 602 602 602 602 601 601 601 601 601 601 601 601 601 601 604 604 601 601 601 601 601 0 0 0 0 0 0 0 0 0 0 0 0 0 0 0 0 600 599 599 599 599 599 0 599 0 600 599 599 599 599 603 603 603 0 0 0 0 0 0 0 0 0 0 0 0 0 0 0 0 0 0 0 0 0 0 0 0 0 0 0 0 0 0 0 0 0 0 0 0 0 0 0 0 0 0 0 0 0 0 0 0 0 0 0 0 0 0 0 0 0 0 0 0 0 0 0 0 0 0 0 0 0 0 0 601 601 601 601 601 601 601 601 600 600 600 602 602 601 601 602 602 602 602 602 602 602 601 601 601 601 601 602 601 601 601 600 600 600 600 601 601 601 601 601 602 601 601 601 601 602 602 602 603 604 603 603 603 603 603 604 604 606 604 603 603 604 604 606 606 606 606 606 606 606 607 607 607 607 607 608 608 608 608 608 608 608 608 608 608 608 608 608 609 609 609 609 608 608 607 607 607 607 607 607 607
0 0 0 0 0 0 0 0 0 0 0 0 0 0 0 0 0 0 0 0 0 0 609 608 608 608 607 606 604 604 604 606 607 607 607 607 607 607 607 606 606 606 604 603 603 603 604 606 606 606 606 606 607 606 606 606 604 604 604 604 604 604 604 604 604 604 604 604 603 603 604 604 604 606 606 606 607 607 606 606 604 603 603 603 603 603 603 606 604 604 604 604 604 603 603 603 602 602 601 601 601 602 602 601 601 602 602 604 604 604 603 603 603 603 603 0 0 0 0 0 0 0 0 0 0 0 0 0 0 0 0 600 599 599 599 599 0 0 0 0 601 599 599 599 599 603 603 603 0 0 0 0 0 0 0 0 0 0 0 0 0 0 0 0 0 0 0 0 0 0 0 0 0 0 0 0 0 0 0 0 0 0 0 0 0 0 0 0 0 0 0 0 0 0 0 0 0 0 0 0 0 0 0 0 0 0 0 0 0 0 0 0 0 0 0 0 0 0 0 601 601 602 602 602 602 604 604 602 601 601 603 603 602 602 602 602 602 603 603 603 603 603 602 602 601 601 602 602 602 602 601 601 601 601 601 601 601 601 602 602 603 603 602 602 602 602 602 603 604 604 603 603 604 604 606 606 607 607 606 606 607 607 607 607 607 607 607 607 607 607 607 607 608 609 609 609 609 609 609 609 609 609 609 609 609 609 609 610 609 609 609 609 608 608 608 608 608 607 607 607
0 0 0 0 0 0 0 0 0 0 0 0 0 0 0 0 0 0 0 0 0 0 609 609 608 608 607 607 606 606 607 607 607 608 607 607 607 607 607 607 607 607 607 607 606 604 604 606 606 606 607 607 607 607 607 606 604 604 604 606 606 607 606 606 606 606 607 604 604 604 604 604 604 606 606 606 606 606 607 607 604 603 603 604 604 604 604 604 606 604 604 606 604 604 603 603 603 603 603 602 602 603 602 602 602 602 602 604 603 603 603 603 603 603 0 0 0 0 0 0 0 0 0 0 0 0 0 0 0 0 0 0 0 602 602 0 0 0 0 0 600 600 601 600 600 603 603 604 0 0 0 0 0 0 0 0 0 0 0 0 0 0 0 0 0 0 0 0 0 0 0 0 0 0 0 0 0 0 0 0 0 0 0 0 0 0 0 0 0 0 0 0 0 0 0 0 0 0 0 0 0 0 0 0 0 0 0 0 0 0 0 0 0 0 0 0 0 0 598 598 601 603 603 603 603 603 604 604 604 604 603 603 602 602 602 602 602 603 603 603 603 603 603 603 602 602 602 602 602 602 602 603 603 602 602 602 602 602 602 603 603 603 603 602 602 602 602 604 604 604 606 606 606 606 606 606 607 607 606 606 608 608 608 608 608 607 607 607 607 608 608 608 608 609 610 610 610 610 610 610 610 609 609 610 610 611 610 610 609 609 609 609 609 609 608 608 608 608 608 608
0 0 0 0 0 0 0 0 0 0 0 0 0 0 0 0 0 0 0 0 0 0 610 610 610 610 608 608 608 608 608 609 608 608 607 607 607 607 608 608 608 608 608 608 607 606 606 607 607 607 607 607 607 607 607 606 604 604 604 607 607 607 606 606 606 606 607 604 604 604 604 604 607 606 606 606 606 606 607 607 606 606 606 610 604 604 604 604 606 606 606 607 606 606 604 604 604 604 604 603 603 604 604 603 603 603 603 604 603 603 603 603 603 603 0 0 0 0 0 0 0 0 0 0 0 0 0 0 0 0 0 0 0 0 0 0 0 0 0 0 600 600 601 600 600 603 0 0 0 0 0 0 0 0 0 0 0 0 0 0 0 0 0 0 0 0 0 0 0 0 0 0 0 0 0 0 0 0 0 0 0 0 0 0 0 0 0 0 0 0 0 0 0 0 0 0 0 0 0 0 0 0 0 0 0 0 0 0 0 0 0 0 0 0 0 0 0 0 598 598 602 603 603 603 603 603 604 604 606 604 603 603 603 603 604 604 604 604 604 604 604 604 604 604 604 604 604 604 604 604 604 603 603 603 603 603 603 604 604 604 603 603 604 604 604 604 606 606 606 606 607 607 606 606 606 606 608 608 608 609 609 609 609 608 608 608 608 608 608 609 609 609 609 610 610 610 610 611 611 611 611 610 610 610 612 611 611 611 611 610 610 610 609 609 609 608 608 610 610 610
0 0 0 0 0 0 0 0 0 0 0 0 0 0 0 0 0 0 0 0 0 0 610 610 610 610 610 609 609 609 609 610 609 609 608 608 608 608 608 609 608 608 608 608 608 607 607 607 607 607 607 607 607 607 607 606 604 604 606 607 607 607 606 606 606 606 608 606 606 606 606 606 607 607 607 606 606 607 608 608 608 610 610 610 608 608 606 606 607 608 608 607 606 606 604 604 604 604 604 606 606 607 607 607 607 608 604 604 606 606 604 604 604 0 0 0 0 0 0 0 0 0 0 0 0 0 0 0 0 0 0 0 0 0 0 0 0 0 0 0 602 602 602 602 602 603 0 0 0 0 0 0 0 0 0 0 0 0 0 0 0 0 0 0 0 0 0 0 0 0 0 0 0 0 0 0 0 0 0 0 0 0 0 0 0 0 0 0 0 0 0 0 0 0 0 0 0 0 0 0 0 0 0 0 0 0 0 0 0 0 0 0 0 0 0 0 0 0 600 600 603 604 604 604 604 604 604 606 606 604 603 603 604 604 606 604 604 604 604 606 604 604 606 606 606 606 606 606 606 606 606 606 604 604 604 604 606 606 606 606 604 604 606 606 606 606 606 606 607 607 607 607 607 606 606 607 609 609 610 610 610 610 609 609 609 609 609 609 609 609 609 610 610 611 611 611 611 611 611 611 611 611 611 612 612 611 611 611 611 610 610 611 611 611 611 611 611 611 611 611
0 0 0 0 0 0 0 0 0 0 0 0 0 0 0 0 0 0 0 0 0 0 611 611 611 611 610 609 609 609 610 611 611 609 608 608 608 608 608 609 608 608 608 608 609 609 608 608 608 608 608 608 607 607 607 607 607 607 607 607 607 607 606 606 606 606 609 608 608 608 607 607 608 608 608 608 608 608 608 609 609 609 609 609 608 608 607 607 608 608 608 608 607 607 606 606 606 606 606 606 606 607 607 607 607 608 608 606 606 606 607 608 0 0 0 0 0 0 0 0 0 0 0 0 0 0 0 0 0 0 0 0 0 0 0 0 0 0 0 0 603 603 603 603 603 606 0 0 0 0 0 0 0 0 0 0 0 0 0 0 0 0 0 0 0 0 0 0 0 0 0 0 0 0 0 0 0 0 0 0 0 0 0 0 0 0 0 0 0 0 0 0 0 0 0 0 0 0 0 0 0 0 0 0 0 0 0 0 0 0 0 0 0 0 0 0 0 0 0 606 606 606 606 604 604 604 604 606 606 604 604 604 604 604 606 606 606 606 606 606 606 606 606 606 606 606 606 606 606 606 606 606 606 606 606 606 607 608 607 607 607 607 607 607 606 606 608 608 608 608 608 608 608 608 608 608 610 610 610 611 611 611 610 610 610 610 610 610 610 611 611 611 611 611 611 611 611 611 611 612 612 612 612 613 613 612 612 612 611 610 610 611 611 611 612 612 612 612 612 612
0 0 0 0 0 0 0 0 0 0 0 0 0 0 0 0 0 0 0 0 0 0 611 611 611 611 611 611 611 611 611 611 611 610 609 609 609 609 610 610 610 610 609 609 609 609 608 608 609 609 609 609 608 608 608 607 607 610 611 610 610 608 607 607 608 608 609 610 610 609 609 608 608 608 608 609 609 608 608 609 609 609 609 609 608 608 608 608 609 609 609 609 608 608 607 607 607 607 607 607 607 607 607 607 608 608 608 608 607 607 607 608 0 0 0 0 0 0 0 0 0 0 0 0 0 0 0 0 0 0 0 0 0 0 0 0 0 0 0 0 0 0 604 604 604 606 0 0 0 0 0 0 0 0 0 0 0 0 0 0 0 0 0 0 0 0 0 0 0 0 0 0 0 0 0 0 0 0 0 0 0 0 0 0 0 0 0 0 0 0 0 0 0 0 0 0 0 0 0 0 0 0 0 0 0 0 0 0 0 0 0 0 0 0 0 0 0 0 609 606 606 606 607 604 604 604 604 606 606 606 606 608 606 606 606 606 606 606 606 606 606 607 607 607 606 606 607 607 607 607 607 608 606 606 607 607 608 608 608 608 608 608 608 609 609 609 608 608 609 609 609 609 609 609 609 609 610 610 611 611 611 611 611 610 610 610 611 611 611 611 611 611 612 612 612 612 612 612 612 613 613 613 613 614 614 614 613 613 611 611 611 613 613 612 612 612 612 612 612 612
0 0 0 0 0 0 0 0 0 0 0 0 0 0 0 0 0 0 0 0 0 0 611 611 611 611 611 611 612 611 611 612 611 611 611 610 610 610 610 611 611 611 609 609 609 609 608 608 609 609 609 609 609 609 609 609 609 610 611 611 611 611 609 609 610 610 610 610 610 609 609 609 609 609 609 609 609 609 609 609 609 609 609 609 609 609 608 608 609 609 609 609 609 608 608 608 608 608 608 608 608 608 607 607 608 608 608 608 608 608 608 608 0 0 0 0 0 0 0 0 0 0 0 0 0 0 0 0 0 0 608 608 608 0 0 0 0 0 0 0 0 0 0 0 607 607 0 0 0 0 0 0 0 0 0 0 0 0 0 0 0 0 0 0 0 0 0 0 0 0 0 0 0 0 0 0 0 0 0 0 0 0 0 0 0 0 0 0 0 0 0 0 0 0 0 0 0 0 0 0 0 0 0 0 0 0 0 0 0 0 0 0 0 0 0 0 0 0 609 609 608 608 608 607 607 606 606 606 606 607 608 608 608 607 607 607 607 608 608 609 608 608 607 607 606 606 607 607 608 608 608 608 608 608 608 609 609 609 608 608 609 609 609 609 609 609 608 608 609 609 609 609 609 609 609 610 611 611 611 611 611 611 611 611 611 612 612 612 612 612 612 612 613 613 613 613 613 613 613 614 614 614 614 614 614 614 613 613 611 611 613 613 613 612 612 612 612 613 613 613
0 0 0 0 0 0 0 0 0 0 0 0 0 0 0 0 0 0 0 0 0 0 612 612 612 612 612 612 612 612 612 612 611 611 611 611 611 610 610 611 611 612 611 610 610 609 609 609 609 609 610 609 609 610 610 610 610 611 612 611 611 611 611 611 610 610 610 610 610 610 610 610 610 610 610 610 610 609 609 609 609 610 609 609 609 609 609 609 609 609 609 609 609 609 609 609 609 609 609 609 609 609 608 608 608 608 608 608 608 608 608 608 0 0 0 0 0 0 0 0 0 0 0 0 0 0 0 0 0 0 607 607 608 0 0 0 0 0 0 0 0 0 0 608 607 607 0 0 0 0 0 0 0 0 0 0 0 0 0 0 0 0 0 0 0 0 0 0 0 0 0 0 0 0 0 0 0 0 0 0 0 0 0 0 0 0 0 0 0 0 0 0 0 0 0 0 0 0 0 0 0 0 0 0 0 0 0 0 0 0 0 0 0 0 0 0 0 0 609 609 609 609 609 608 608 606 606 606 607 607 609 609 609 607 607 609 609 609 609 609 609 609 608 608 609 608 608 608 609 609 608 608 609 609 609 609 609 609 609 609 609 609 609 610 610 609 609 609 609 609 609 609 610 610 610 610 611 611 612 612 611 611 611 612 612 613 613 613 613 613 613 613 613 613 613 613 614 614 614 614 614 614 615 615 614 614 614 614 613 613 613 613 613 613 613 612 612 613 614 614
0 0 0 0 0 0 0 0 0 0 0 0 0 0 0 0 0 0 0 0 0 0 612 612 612 612 612 612 612 612 612 612 611 611 611 611 612 612 612 612 613 612 611 610 610 609 609 610 609 609 611 610 610 611 610 610 610 611 612 611 611 611 611 611 611 611 611 611 612 610 610 611 610 610 611 611 611 610 610 609 609 610 610 610 610 610 610 610 610 609 609 610 610 610 609 609 609 609 609 609 609 609 608 608 609 609 608 608 608 608 608 608 0 0 0 0 0 0 0 0 0 0 0 0 0 0 0 0 0 0 607 607 0 0 0 0 0 0 0 0 0 0 0 608 608 608 0 0 0 0 0 0 0 0 0 0 0 0 0 0 0 0 0 0 0 0 0 0 0 0 0 0 0 0 0 0 0 0 0 0 0 0 0 0 0 0 0 0 0 0 0 0 0 0 0 0 0 0 0 0 0 0 0 0 0 0 0 0 0 0 0 0 0 0 0 0 0 610 609 609 609 610 610 610 609 609 609 608 608 608 610 610 609 609 609 610 610 610 609 609 609 609 609 609 609 609 609 609 609 610 609 609 609 609 609 609 609 609 609 609 610 610 610 610 610 610 610 609 609 609 609 609 610 611 611 611 612 612 612 612 612 612 612 612 613 613 613 613 614 614 614 614 614 614 614 614 614 614 614 615 614 614 615 615 615 615 615 614 614 614 614 614 613 613 613 614 613 613 614 614
0 0 0 0 0 0 0 0 0 0 0 0 0 0 0 0 0 0 0 0 0 0 614 614 614 613 613 613 613 613 613 613 612 612 612 613 613 613 612 612 613 613 613 612 611 611 611 611 611 611 612 611 611 611 610 610 612 612 612 611 611 611 611 611 612 612 613 613 613 611 611 612 611 611 611 611 612 611 611 611 611 611 611 611 611 611 612 612 612 611 611 611 609 609 609 609 609 609 609 610 610 610 610 610 610 610 610 610 609 609 609 609 0 0 0 611 611 611 610 610 610 610 610 0 0 0 0 0 0 0 609 609 0 0 0 0 0 0 0 0 0 0 0 0 0 0 0 0 0 0 0 0 0 0 0 0 0 0 0 0 0 0 0 0 0 0 0 0 0 0 0 0 0 0 0 0 0 0 0 0 0 0 0 0 0 0 0 0 0 0 0 0 0 0 0 0 0 0 0 0 0 0 0 0 0 0 0 0 0 0 0 0 0 0 0 0 0 610 610 610 610 610 610 610 609 609 609 609 609 609 610 610 610 610 610 610 610 610 609 609 609 610 610 610 610 610 609 609 609 610 609 609 610 610 610 610 610 610 610 610 610 611 611 611 611 610 610 610 610 611 611 611 611 612 612 612 613 613 613 613 613 613 614 614 614 614 614 614 614 614 615 614 614 614 614 614 614 614 614 615 615 615 615 615 615 616 615 615 616 615 615 614 614 614 614 615 613 613 614 614
0 0 0 0 0 0 0 0 0 0 0 0 0 0 0 0 0 0 0 0 0 0 615 615 615 615 615 615 615 614 614 614 613 613 613 613 614 614 613 613 613 613 613 613 612 612 611 611 611 611 612 612 612 611 610 610 610 611 611 611 611 611 611 611 612 612 613 613 613 613 613 612 611 611 611 611 612 612 612 612 612 612 612 612 612 612 612 612 612 613 613 609 609 609 609 609 610 610 610 611 611 611 611 610 610 610 611 611 611 611 611 611 611 0 611 611 611 611 610 610 610 610 610 0 0 0 0 0 0 0 609 609 611 0 0 0 0 0 0 0 0 0 0 0 0 0 0 0 0 0 0 0 0 0 0 0 0 0 0 0 0 0 0 0 0 0 0 0 0 0 0 0 0 0 0 0 0 0 0 0 0 0 0 0 0 0 0 0 0 0 0 0 0 0 0 0 0 0 0 0 0 0 0 0 0 0 0 0 0 0 0 0 0 0 0 0 0 0 610 610 610 610 610 610 610 609 609 609 609 609 611 611 610 610 610 610 611 610 610 610 611 611 611 611 610 610 610 610 610 610 610 610 611 611 611 611 611 611 611 611 611 612 612 612 612 612 612 612 612 612 612 612 612 612 612 612 613 614 614 614 614 614 614 614 614 614 614 614 615 615 615 615 615 615 615 615 615 615 615 615 616 616 616 616 616 618 618 618 618 618 618 616 616 616 616 616 615 615 615 615
0 0 0 0 0 0 0 0 0 0 0 0 0 0 0 0 0 0 0 0 0 0 616 616 616 616 616 615 615 615 615 615 614 614 615 615 615 614 614 614 614 615 615 614 614 613 612 612 613 613 613 613 612 611 611 611 611 611 611 611 612 612 611 611 613 613 614 614 614 614 614 613 613 613 612 612 613 614 613 612 612 613 613 613 613 613 613 613 613 613 613 613 615 609 609 609 610 610 611 611 611 611 611 611 611 611 611 611 611 611 611 611 611 613 612 612 611 611 611 611 611 611 611 0 0 0 0 0 0 610 610 610 611 612 612 612 612 0 0 0 0 0 0 0 0 0 0 0 0 0 0 0 0 0 0 0 0 0 0 0 0 0 0 0 0 0 0 0 0 0 0 0 0 0 0 0 0 0 0 0 0 0 0 0 0 0 0 0 0 0 0 0 0 0 0 0 0 0 0 0 0 0 0 0 0 0 0 0 0 0 0 0 0 0 0 0 0 0 0 611 611 611 612 612 611 610 610 611 611 611 611 611 610 610 610 610 611 611 610 610 611 611 611 611 611 611 611 611 611 611 611 611 612 612 612 612 612 613 613 613 613 613 613 613 613 613 613 613 613 613 613 613 613 613 613 613 614 614 615 615 615 615 615 615 615 615 615 615 615 615 616 616 616 616 616 616 616 616 618 618 618 618 618 618 618 618 619 619 619 619 619 619 619 619 619 618 618 616 616 616
0 0 0 0 0 0 0 0 0 0 0 0 0 0 0 0 0 0 0 0 0 0 616 616 616 615 615 616 615 615 615 615 615 615 615 615 615 615 615 614 614 615 615 615 614 613 612 612 613 614 614 614 613 613 613 612 612 612 612 612 612 614 612 612 614 614 615 615 615 614 614 614 614 614 614 614 614 614 613 613 613 613 613 614 613 613 613 613 613 613 613 616 615 615 615 612 612 612 612 612 613 612 612 612 612 612 612 612 612 612 612 612 612 613 613 612 611 611 611 611 612 612 612 0 0 0 0 612 611 610 610 610 611 612 612 612 612 0 0 0 0 0 0 0 0 0 0 0 0 0 0 0 0 0 0 0 0 0 0 0 0 0 0 0 0 0 0 0 0 0 0 0 0 0 0 0 0 0 0 0 0 0 0 0 0 0 0 0 0 0 0 0 0 0 0 0 0 0 0 0 0 0 0 0 0 0 0 0 0 0 0 0 0 0 0 0 0 0 0 611 611 612 612 612 612 610 610 611 611 612 612 612 610 610 610 611 611 612 611 611 612 612 612 611 611 612 612 612 612 612 612 612 613 612 612 612 612 613 613 613 613 613 614 614 614 614 614 614 614 614 614 614 614 614 614 614 616 616 618 616 616 616 616 618 618 618 618 618 618 618 618 618 618 618 618 619 619 619 619 619 619 620 619 619 619 619 619 619 619 619 620 620 620 620 619 619 619 619 619 619
0 0 0 0 0 0 0 0 0 0 0 0 0 0 0 0 0 0 0 0 0 0 618 616 616 615 615 616 616 616 616 616 616 615 615 615 615 615 615 614 614 615 615 615 615 614 614 614 614 614 615 615 614 614 618 618 612 612 612 612 614 614 614 614 614 614 615 615 616 616 616 616 616 616 616 616 616 615 614 613 613 614 614 614 615 614 614 613 613 614 614 615 615 615 615 612 612 613 613 613 613 613 612 612 612 612 612 612 612 613 613 613 613 613 613 613 613 613 612 612 612 612 613 0 0 0 0 612 611 611 612 612 612 612 613 613 0 0 0 0 0 0 0 0 0 0 0 0 0 0 0 0 0 0 0 0 0 0 0 0 0 0 0 0 0 0 0 0 0 0 0 0 0 0 0 0 0 0 0 0 0 0 0 0 0 0 0 0 0 0 0 0 0 0 0 0 0 0 0 0 0 0 0 0 0 0 0 0 0 0 0 0 0 0 0 0 0 0 612 612 613 613 613 613 613 613 613 613 614 614 613 613 613 613 614 614 613 613 613 613 614 613 613 613 613 613 613 613 613 613 613 614 614 614 613 613 614 614 614 615 615 615 615 615 614 614 614 614 614 614 614 615 615 614 614 614 619 619 619 618 618 618 618 619 619 619 619 619 618 618 619 619 619 619 619 620 620 619 619 619 619 620 620 620 620 619 619 619 620 620 621 621 621 620 620 620 619 619 619 619
0 0 0 0 0 0 0 0 0 0 0 0 0 0 0 0 0 0 0 0 0 0 619 619 619 619 619 619 616 616 618 619 619 616 616 616 616 616 616 616 616 616 616 616 616 615 615 615 615 615 616 616 615 615 618 618 619 615 615 616 616 614 614 614 615 615 616 616 618 618 615 615 616 616 618 618 618 616 616 616 615 615 615 616 616 616 616 616 616 615 615 615 615 615 615 615 615 615 615 615 615 615 614 614 614 614 614 614 614 614 614 615 613 613 614 614 614 614 613 613 613 613 614 0 0 0 0 0 612 612 613 614 614 614 613 613 0 0 0 0 0 0 0 0 0 0 0 0 0 0 0 0 0 0 0 0 0 0 0 0 0 0 0 0 0 0 0 0 0 0 0 0 0 0 0 0 0 0 0 0 0 0 0 0 0 0 0 0 0 0 0 0 0 0 0 0 0 0 0 0 0 0 0 0 0 0 0 0 0 0 0 0 0 0 0 0 0 0 612 612 613 613 614 614 613 613 613 613 614 614 614 614 614 614 614 614 614 614 614 614 614 614 614 613 613 613 613 613 613 614 614 614 615 614 614 615 615 615 616 616 616 616 616 616 616 615 615 615 615 615 615 616 616 616 616 616 619 619 619 619 619 619 619 619 619 619 619 619 619 619 620 619 619 620 620 620 620 620 619 619 620 620 620 620 620 619 619 620 620 620 623 622 622 621 620 620 620 620 619 619
0 0 0 0 0 0 0 0 0 0 0 0 0 0 0 0 0 0 0 0 0 0 620 620 620 620 620 619 618 618 619 619 619 616 616 616 616 616 616 616 618 618 618 618 618 618 616 616 616 616 616 616 616 616 618 618 619 616 616 618 618 618 615 615 616 616 616 618 618 618 615 615 618 618 618 618 618 618 618 616 616 616 616 618 618 618 618 618 618 618 615 615 615 615 616 616 616 615 615 615 616 615 615 614 614 615 615 615 615 615 615 615 614 614 615 615 615 616 613 613 613 613 614 0 0 0 0 0 0 0 615 615 615 615 614 614 0 0 0 0 0 0 0 0 0 0 0 0 0 0 0 0 0 0 0 0 0 0 0 0 0 0 0 0 0 0 0 0 0 0 0 0 0 0 0 0 0 0 0 0 0 0 0 0 0 0 0 0 0 0 0 0 0 0 0 0 0 0 0 0 0 0 0 0 0 0 0 0 0 0 0 0 0 0 0 0 0 0 616 616 615 615 614 614 614 614 614 615 614 614 615 615 615 615 614 614 614 614 614 614 615 615 614 614 614 614 614 614 614 615 614 614 615 615 615 615 615 615 618 618 616 616 616 616 618 616 615 615 616 616 618 618 618 618 618 618 619 620 620 620 620 619 619 620 620 620 620 620 620 620 620 620 620 620 620 620 620 620 620 620 620 621 621 621 621 621 621 622 623 623 624 624 623 622 622 621 621 620 620 620
0 0 0 0 0 0 0 0 0 0 0 0 0 0 0 0 0 0 0 0 0 0 621 621 621 621 621 620 619 619 620 620 620 620 619 618 616 616 616 618 618 618 619 619 619 618 616 616 616 616 616 616 616 618 619 620 620 619 619 620 620 620 615 615 618 618 619 618 618 619 618 618 618 619 619 619 619 619 618 618 618 616 616 619 619 619 618 618 618 618 616 616 615 615 616 616 616 615 615 616 616 616 616 616 616 616 616 616 616 615 615 615 615 616 616 616 616 614 613 613 613 613 0 0 0 0 0 0 0 0 615 615 615 616 616 0 0 0 0 0 0 0 0 0 0 0 0 0 0 0 0 0 0 0 0 0 0 0 0 0 0 0 0 0 0 0 0 0 0 0 0 0 0 0 0 0 0 0 0 0 0 0 0 0 0 0 0 0 0 0 0 0 0 0 0 0 0 0 0 0 0 0 0 0 0 0 0 0 0 0 0 0 0 0 0 0 0 0 618 616 616 616 614 614 614 614 615 615 614 614 615 616 616 616 614 614 614 614 614 614 615 615 615 614 614 614 614 614 615 615 615 615 615 615 615 616 616 618 618 618 618 618 618 618 618 618 616 616 618 618 618 618 618 618 619 619 620 620 620 621 621 620 620 620 620 620 621 621 621 621 621 620 620 620 620 621 621 621 621 621 621 622 621 621 622 622 622 622 623 624 624 623 623 623 623 623 623 622 621 621
0 0 0 0 0 0 0 0 0 0 0 0 0 0 0 0 0 0 0 0 0 0 622 622 622 621 621 620 620 621 621 621 620 620 619 619 618 618 619 619 619 619 619 619 619 618 618 618 618 618 619 618 618 619 619 620 620 620 620 621 621 620 620 620 620 620 619 618 618 619 619 619 620 620 620 619 619 619 619 619 619 619 620 620 621 620 619 618 618 618 618 618 618 619 618 618 618 616 616 616 616 616 618 618 618 616 616 618 616 616 616 615 615 616 616 616 618 614 614 614 615 615 0 0 0 0 0 0 0 0 615 615 615 616 616 0 0 616 616 615 615 616 0 0 0 0 0 0 0 0 0 0 0 0 0 0 0 0 0 0 0 0 0 0 0 0 0 0 0 0 0 0 0 0 0 0 0 0 0 0 0 0 0 0 0 0 0 0 0 0 0 0 0 0 0 0 0 0 0 0 0 0 0 0 0 0 0 0 0 0 0 0 0 0 0 0 0 0 618 616 616 616 615 615 615 615 618 618 615 615 615 618 618 618 618 615 615 616 616 618 615 615 615 614 614 614 614 614 616 615 615 616 615 615 616 616 616 618 618 618 618 618 619 618 618 618 618 618 619 619 618 618 619 619 619 620 620 621 622 622 622 622 622 622 621 621 621 621 622 621 621 621 621 622 622 622 622 622 622 622 622 623 623 623 623 623 623 623 623 624 624 623 623 623 623 623 623 623 623 623
0 0 0 0 0 0 0 0 0 0 0 0 0 0 0 0 0 0 0 0 0 0 623 623 622 622 623 622 622 622 622 622 621 621 621 620 620 621 621 620 620 620 620 620 620 620 619 619 619 619 619 620 620 620 620 620 620 621 621 621 621 620 620 620 620 620 620 619 619 620 620 620 620 620 620 619 619 619 620 620 619 619 620 620 621 620 619 618 618 618 618 619 620 620 619 618 618 618 618 618 618 618 618 618 618 618 618 618 618 618 616 616 616 616 618 618 620 619 615 615 615 615 0 0 0 0 0 0 616 615 614 614 615 615 615 619 618 618 616 615 615 616 0 0 0 618 618 619 0 0 0 0 0 0 0 0 0 0 0 0 0 0 0 0 0 0 0 0 0 0 0 0 0 0 0 0 0 0 0 0 0 0 0 0 0 0 0 0 0 0 0 0 0 0 0 0 0 0 0 0 0 0 0 0 0 0 0 0 0 0 0 0 0 0 0 0 0 0 618 616 616 618 615 615 616 616 619 619 616 616 618 618 618 619 619 619 618 618 618 618 616 616 616 616 616 616 616 616 618 616 616 618 618 618 618 618 618 619 619 619 619 619 619 620 619 619 619 619 620 619 618 618 619 619 620 620 621 621 622 622 622 622 623 623 622 622 622 622 622 621 621 622 622 622 622 623 623 623 623 623 623 623 624 624 623 623 623 623 623 623 624 624 624 623 623 623 623 624 624 624
0 0 0 0 0 0 0 0 0 0 0 0 0 0 0 0 0 0 0 0 0 0 624 624 624 623 623 623 623 623 623 622 621 621 622 621 621 621 621 622 621 621 621 621 621 621 621 621 620 620 620 620 621 621 621 621 621 621 621 621 621 621 621 621 621 621 621 620 620 620 620 620 621 621 621 620 620 620 620 620 619 619 620 620 621 620 620 618 618 618 619 620 620 621 620 619 618 618 618 619 620 620 620 618 618 618 618 618 618 618 616 616 616 616 618 620 620 619 618 618 618 0 0 0 0 0 0 0 616 615 614 614 615 615 615 619 619 618 616 616 618 618 618 0 618 618 618 619 0 0 0 0 0 0 0 0 0 0 0 0 0 0 0 0 0 0 0 0 0 0 0 0 0 0 0 0 0 0 0 0 0 0 0 0 0 0 0 0 0 0 0 0 0 0 0 0 0 0 0 0 0 0 0 0 0 0 0 0 0 0 0 0 0 0 0 0 0 0 616 616 616 618 618 618 619 619 619 619 618 618 618 618 618 619 619 619 619 618 618 618 616 616 618 618 618 619 619 619 618 618 618 619 619 619 620 619 619 619 619 619 620 620 620 620 619 619 620 621 621 621 619 619 620 620 620 621 622 622 623 623 623 623 623 624 623 623 623 623 623 622 622 623 623 623 623 623 624 623 623 624 624 624 625 624 624 623 623 623 623 623 624 624 624 624 624 624 624 625 625 624
0 0 0 0 0 0 0 0 0 0 0 0 0 0 0 0 0 0 0 0 0 0 624 624 624 624 624 625 625 624 623 622 622 622 623 622 622 622 622 623 622 622 621 621 621 622 622 622 622 622 621 621 621 621 621 621 621 621 621 621 621 621 621 621 622 621 621 622 621 621 621 621 622 622 622 622 621 621 621 621 620 620 621 621 621 621 620 620 620 620 620 620 621 622 621 620 618 618 618 619 621 621 621 621 618 618 619 619 619 619 619 619 619 620 620 620 621 620 618 618 619 0 0 0 0 0 0 0 618 616 616 618 618 618 619 619 619 619 618 618 618 618 0 618 618 618 618 619 0 0 0 0 0 0 0 0 0 0 0 0 0 0 0 0 0 0 0 0 0 0 0 0 0 0 0 0 0 0 0 0 0 0 0 0 0 0 0 0 0 0 0 0 0 0 0 0 0 0 0 0 0 0 0 0 0 0 0 0 0 0 0 0 0 0 0 0 0 0 616 616 618 618 619 619 619 620 620 619 618 618 618 618 618 619 619 619 619 618 618 619 618 618 619 619 619 620 620 619 619 619 619 620 620 620 620 620 620 619 619 619 620 620 621 621 620 620 620 621 622 622 620 620 621 621 621 621 623 623 623 623 623 623 624 624 624 624 624 624 624 623 623 624 624 624 624 624 624 624 624 624 624 625 627 627 625 624 624 624 624 624 624 624 624 624 624 625 625 625 625 625
0 0 0 0 0 0 0 0 0 0 0 0 0 0 0 0 0 0 0 0 0 0 625 625 625 625 625 625 625 624 623 623 622 622 623 623 623 623 623 623 623 623 622 622 622 623 623 623 622 622 622 622 622 621 621 621 621 621 621 621 621 621 623 623 623 622 622 623 623 622 621 621 623 623 623 622 622 619 619 620 621 621 622 621 621 621 621 621 621 621 621 622 622 622 621 621 620 620 620 620 621 621 621 621 618 618 620 620 620 623 620 620 620 620 621 621 621 620 619 619 622 621 620 620 620 620 0 0 618 618 618 618 619 619 619 620 620 619 619 619 619 622 621 618 618 618 618 620 621 0 0 0 0 0 0 0 0 0 0 0 0 0 0 0 0 0 0 0 0 0 0 0 0 0 0 0 0 0 0 0 0 0 0 0 0 0 0 0 0 0 0 0 0 0 0 0 0 0 0 0 0 0 0 0 0 0 0 0 0 0 0 0 0 0 0 0 0 0 618 618 619 619 620 620 620 620 620 619 619 619 619 619 619 619 620 620 620 619 619 619 618 618 620 620 620 620 620 620 620 620 620 621 620 620 621 621 621 620 620 620 621 621 622 622 622 621 621 621 622 622 622 622 622 622 622 622 624 624 623 623 623 623 624 625 625 625 625 625 625 624 624 624 624 624 625 625 625 625 625 625 625 627 627 627 627 625 625 625 625 625 627 625 625 624 624 625 627 627 628 628
0 0 0 0 0 0 0 0 0 0 0 0 0 0 0 0 0 0 0 0 0 0 625 625 625 627 627 627 625 624 624 624 624 623 623 623 623 623 623 623 623 622 622 623 623 623 623 623 623 623 623 623 623 622 622 621 621 621 621 621 621 621 622 622 624 624 624 623 623 622 622 622 623 623 623 622 622 619 619 620 621 621 622 622 622 622 623 622 621 621 621 622 622 622 622 622 622 621 621 621 621 621 621 622 621 621 621 621 623 623 621 620 620 621 622 622 621 621 621 621 622 621 620 620 620 620 621 621 621 620 620 620 619 619 619 619 619 619 620 621 622 622 621 620 619 619 619 620 621 0 0 0 0 0 0 0 0 0 0 0 0 0 0 0 0 0 0 0 0 0 0 0 0 0 0 0 0 0 0 0 0 0 0 0 0 0 0 0 0 0 0 0 0 0 0 0 0 0 0 0 0 0 0 0 0 0 0 0 0 0 0 0 0 0 0 0 0 622 621 620 620 620 621 621 621 621 621 620 620 619 619 619 619 619 621 620 620 620 619 619 619 619 620 620 620 621 621 621 621 621 621 621 621 621 621 622 622 621 621 621 621 621 623 622 622 622 622 622 623 622 622 622 622 623 623 623 624 624 624 624 624 624 625 627 627 627 627 627 627 627 625 625 625 625 627 627 627 627 627 627 628 628 628 628 628 628 628 628 628 627 627 625 625 625 627 627 628 628 629 628
0 0 0 0 0 0 0 0 0 0 0 0 0 0 0 0 0 0 0 0 0 0 628 628 628 628 627 627 625 625 624 624 624 624 624 624 624 624 623 623 623 622 622 623 623 624 624 623 623 623 623 624 623 623 624 624 623 623 621 621 621 623 622 622 624 625 624 623 623 622 622 622 623 623 624 624 624 623 623 623 623 623 623 622 622 624 624 624 623 622 622 622 622 622 622 622 622 622 622 621 621 621 621 622 622 622 621 621 623 622 621 621 621 621 622 622 622 622 622 622 622 622 620 620 621 621 621 621 621 621 620 620 619 619 619 619 619 619 621 621 621 621 621 619 619 619 619 620 621 0 0 0 0 0 0 0 0 0 0 0 0 0 0 0 0 0 0 0 0 0 0 0 0 0 0 0 0 0 0 0 0 0 0 0 0 0 0 0 0 0 0 0 0 0 0 0 0 0 0 0 0 0 0 0 0 0 0 0 0 0 0 0 0 0 0 0 0 622 622 622 621 621 622 622 622 621 621 622 621 621 622 622 621 621 622 621 621 621 620 620 621 621 622 623 622 622 622 622 622 622 622 622 622 622 622 622 623 622 622 622 622 622 623 623 623 623 622 622 623 622 622 623 623 623 623 623 625 624 624 624 624 625 625 627 627 628 628 628 628 627 627 627 627 627 628 628 627 627 627 628 628 629 628 628 628 628 628 628 629 627 627 627 627 628 628 629 629 629 629 629
0 0 0 0 0 0 0 0 0 0 0 0 0 0 0 0 0 0 0 0 0 0 628 628 628 628 628 628 627 625 625 625 625 625 625 625 625 625 624 624 624 622 622 623 623 624 624 624 624 623 623 624 623 623 625 625 624 624 624 622 622 623 623 623 625 625 624 623 623 622 622 624 624 624 624 624 625 625 623 623 625 625 624 623 623 624 625 625 624 623 623 623 623 623 623 623 623 623 622 622 622 622 622 623 623 622 621 621 623 622 622 622 621 621 622 625 623 623 623 622 622 622 621 621 622 621 621 622 622 622 622 622 621 621 621 621 621 621 621 622 621 621 621 619 619 620 620 621 621 621 0 0 0 0 0 0 0 0 0 0 0 0 0 0 0 0 0 0 0 0 0 0 0 0 0 0 0 0 0 0 0 0 0 0 0 0 0 0 0 0 0 0 0 0 0 0 0 0 0 0 0 0 0 0 0 0 0 0 0 0 0 0 0 0 0 0 623 622 622 622 622 622 622 622 622 622 622 622 622 622 622 622 622 622 622 622 622 622 621 621 621 621 623 623 623 623 623 623 623 623 623 623 622 622 623 623 623 623 623 623 623 623 623 623 623 623 623 623 623 623 623 623 624 624 623 623 625 625 625 625 625 627 627 627 628 628 628 628 628 628 628 628 628 628 628 628 628 628 628 628 629 629 629 629 629 629 629 629 629 628 628 628 628 629 629 630 630 630 629 629
0 0 0 0 0 0 0 0 0 0 0 0 0 0 0 0 0 0 0 0 0 0 629 629 628 628 628 628 628 627 625 625 627 627 627 627 627 627 625 625 624 624 624 625 625 625 625 624 624 624 624 624 624 625 627 627 625 625 625 624 624 624 624 624 625 625 625 625 627 627 627 625 625 624 624 625 625 625 625 625 625 625 624 624 624 625 625 625 625 624 624 624 624 624 624 624 625 625 624 624 622 622 622 623 623 623 623 623 623 624 623 623 623 623 623 624 624 623 623 623 622 622 622 622 625 621 621 622 622 622 623 622 622 622 622 622 622 622 622 622 621 621 621 620 620 620 620 621 621 621 0 0 0 0 0 0 0 0 0 0 0 0 0 0 0 0 0 0 0 0 0 0 0 0 0 0 0 0 0 0 0 0 0 0 0 0 0 0 0 0 0 0 0 0 0 0 0 0 0 0 0 0 0 0 0 0 0 0 0 0 0 0 0 0 0 0 623 622 622 623 623 623 623 622 622 622 622 622 623 623 623 623 622 622 622 622 622 622 622 623 623 623 623 623 623 623 623 623 623 623 623 623 623 623 623 623 624 623 623 623 623 624 624 624 623 623 623 623 623 623 624 624 624 624 625 625 628 627 627 627 627 627 628 628 628 628 628 628 628 628 629 629 629 629 629 628 628 628 629 629 629 630 630 630 629 629 629 630 629 629 629 629 629 629 630 630 630 630 629 629
0 0 0 0 0 0 0 0 0 0 0 0 0 0 0 0 0 0 0 0 0 0 629 629 628 628 628 627 627 627 627 627 628 628 628 628 628 628 627 627 627 627 627 627 627 627 627 625 625 625 625 625 625 625 627 627 627 625 625 625 625 625 624 624 625 625 625 627 627 627 627 627 627 625 625 625 625 625 625 627 627 625 625 625 625 625 625 625 625 625 625 625 625 625 625 625 625 625 625 625 624 624 624 624 624 625 623 623 623 624 623 623 623 623 623 624 624 624 624 623 622 622 622 624 625 622 622 623 623 623 623 622 622 622 622 622 622 621 621 622 622 622 622 622 622 622 622 622 621 621 0 0 0 0 0 0 0 0 0 0 0 0 0 0 0 0 0 0 0 0 0 0 0 0 0 0 0 0 0 0 0 0 0 0 0 0 0 0 0 0 0 0 0 0 0 0 0 0 0 0 0 0 0 0 0 0 0 0 0 0 0 0 0 0 0 0 0 622 622 623 623 623 623 622 622 623 623 623 623 623 623 623 623 623 623 623 623 622 622 623 623 623 623 623 623 623 623 624 624 624 624 623 623 624 624 624 624 624 624 624 624 625 625 625 625 625 627 625 625 624 624 625 625 625 627 627 628 628 628 628 627 627 628 628 628 628 629 629 629 629 629 630 630 630 630 630 630 630 630 630 630 630 630 631 630 630 630 629 629 629 629 630 630 630 631 630 630 630 630 630
0 0 0 0 0 0 0 0 0 0 0 0 0 0 0 0 0 0 0 0 0 0 629 629 629 629 629 627 627 627 627 627 628 628 629 629 629 629 628 627 627 627 627 627 627 627 627 627 627 627 627 625 625 625 627 627 627 627 627 627 627 625 625 625 625 625 627 627 627 627 627 627 628 625 625 625 625 625 628 627 627 627 627 627 627 627 627 627 627 627 627 625 625 625 625 625 627 627 625 625 625 625 625 624 624 625 625 625 624 624 624 624 624 625 625 625 625 625 625 623 623 622 622 624 624 627 627 624 623 623 623 622 622 623 622 622 622 621 621 622 622 623 622 622 622 623 624 624 625 0 0 0 0 0 0 0 0 0 0 0 0 0 0 0 0 0 0 0 0 0 0 0 0 0 0 0 0 0 0 0 0 0 0 0 0 0 0 0 0 0 0 0 0 0 0 0 0 0 0 0 0 0 0 0 0 0 0 0 0 0 0 0 0 0 0 0 0 622 622 623 624 624 623 623 624 624 623 623 624 623 623 625 625 624 624 624 624 624 624 624 624 624 624 624 624 624 624 624 624 624 624 623 623 624 624 624 624 624 624 625 625 627 627 627 627 627 628 627 627 625 625 625 625 625 627 627 629 629 629 629 629 629 629 629 629 629 629 629 629 630 630 630 630 631 631 631 631 631 631 631 631 631 631 631 631 631 630 629 629 630 630 630 631 631 632 631 631 631 632 632
0 0 0 0 0 0 0 0 0 0 0 0 0 0 0 0 0 0 0 0 0 0 630 629 629 629 629 628 628 628 628 628 629 629 629 629 629 629 628 628 628 627 627 627 627 627 628 628 628 628 628 628 628 628 628 628 628 628 628 628 628 628 628 627 627 627 627 628 628 628 627 627 628 628 628 628 627 627 628 628 628 628 628 628 628 627 627 627 627 627 628 627 627 627 627 627 627 627 627 627 627 627 627 625 625 625 625 625 625 625 625 625 625 625 625 625 625 625 625 625 624 624 625 625 630 630 625 625 624 624 623 623 625 625 624 624 624 625 625 625 624 624 623 623 623 624 624 624 624 625 628 0 0 0 0 0 0 0 0 0 0 0 0 0 0 0 0 0 0 0 0 0 0 0 0 0 0 0 0 0 0 0 0 0 0 0 0 0 0 0 0 0 0 0 0 0 0 0 0 0 0 0 0 0 0 0 0 0 0 0 0 0 0 0 0 0 0 624 624 625 625 627 623 623 625 625 627 625 625 624 624 625 625 625 625 625 624 624 624 624 625 624 624 624 624 624 624 624 625 624 624 624 624 625 627 627 627 625 625 625 627 627 627 627 627 627 628 628 628 627 627 627 627 627 627 627 629 629 629 629 630 630 630 631 630 630 630 630 630 630 631 631 631 631 631 631 631 632 632 632 632 632 632 632 631 631 631 630 630 630 632 632 632 632 632 632 632 632 632 632
0 0 0 0 0 0 0 0 0 0 0 0 0 0 0 0 0 0 0 0 0 0 629 629 629 629 630 629 628 628 628 629 629 629 629 630 630 630 629 629 629 629 629 629 629 629 629 629 629 629 629 629 628 628 628 628 629 629 629 628 628 628 628 628 628 630 630 628 628 628 627 627 628 628 628 628 627 627 628 628 628 628 628 628 629 628 628 628 628 629 630 628 627 627 627 627 627 627 627 627 627 627 627 625 625 627 625 625 625 625 627 625 625 627 627 627 627 627 627 627 625 625 629 630 630 630 625 625 624 624 624 624 625 628 628 628 627 627 625 625 624 624 624 624 624 624 624 624 624 625 627 0 0 0 0 0 0 0 0 0 0 0 0 0 0 0 0 0 0 0 0 0 0 0 0 0 0 0 0 0 0 0 0 0 0 0 0 0 0 0 0 0 0 0 0 0 0 0 0 0 0 0 0 0 0 0 0 0 0 0 0 0 0 0 0 0 625 625 627 627 628 627 625 625 625 627 627 627 627 627 627 625 625 627 627 627 625 625 625 627 627 627 627 628 627 627 627 627 627 625 625 627 627 627 628 628 628 628 628 628 628 628 628 628 627 627 628 629 629 628 628 627 627 627 628 628 631 631 630 630 631 632 632 631 631 631 631 631 631 631 632 632 632 632 632 632 632 632 632 632 632 632 632 632 632 632 632 632 631 631 634 634 632 632 632 632 632 634 634 634
0 0 0 0 0 0 0 0 0 0 0 0 0 0 0 0 0 0 0 0 0 0 629 629 629 629 630 630 630 629 629 629 630 630 630 630 630 630 629 629 629 629 629 629 629 630 630 629 629 629 629 629 629 629 629 629 629 629 629 629 629 629 630 630 631 631 631 629 629 629 628 628 630 630 631 631 630 629 629 630 630 630 630 630 630 630 630 630 630 631 631 630 629 629 628 627 627 627 628 628 629 630 630 630 629 629 627 627 628 628 628 628 628 629 630 629 629 629 629 628 628 628 629 629 629 628 627 627 625 625 625 627 627 628 628 627 627 627 627 625 624 624 624 625 627 627 627 627 625 625 627 0 0 0 0 0 0 0 0 0 0 0 0 0 0 0 0 0 0 0 0 0 0 0 0 0 0 0 0 0 0 0 0 0 0 0 0 0 0 0 0 0 0 0 0 0 0 0 0 0 0 0 0 0 0 0 0 0 0 0 0 0 0 0 0 0 625 625 627 628 628 627 627 625 625 627 627 627 627 627 627 627 627 627 628 627 627 627 627 627 627 628 628 628 628 628 628 627 627 627 627 628 628 628 628 628 628 629 628 628 629 628 628 629 629 629 629 630 629 629 629 628 628 628 628 628 631 632 632 632 632 632 632 634 634 634 634 634 634 634 634 634 634 634 634 634 634 634 634 634 634 635 635 635 635 635 635 635 635 635 635 634 634 634 634 634 634 634 634 634
0 0 0 0 0 0 0 0 0 0 0 0 0 0 0 0 0 0 0 0 0 0 634 632 632 634 634 632 632 631 631 631 631 631 631 631 631 631 631 631 631 631 631 630 630 631 631 630 630 630 630 630 630 630 630 630 629 629 629 629 630 630 630 630 631 631 631 630 630 630 629 629 630 631 632 631 631 630 630 630 630 631 630 630 630 630 631 631 631 631 631 630 630 629 629 628 628 629 629 630 630 630 630 630 630 629 629 629 629 629 629 630 630 630 630 630 630 629 629 629 629 629 630 629 629 628 627 627 627 627 627 627 627 628 628 627 627 627 627 627 627 625 625 627 627 627 627 628 625 625 629 0 0 0 0 0 0 0 0 0 0 0 0 0 0 0 0 0 0 0 0 0 0 0 0 0 0 0 0 0 0 0 0 0 0 0 0 0 0 0 0 0 0 0 0 0 0 0 0 0 0 0 0 0 0 0 0 0 0 0 0 0 0 0 0 0 0 627 627 628 628 628 627 627 627 628 627 627 627 628 628 628 628 628 629 629 629 628 628 628 628 629 629 630 631 630 630 628 628 629 628 628 629 629 629 629 629 629 630 630 630 629 629 630 630 630 630 631 631 631 631 629 629 628 628 630 632 634 634 634 634 634 634 634 634 635 635 635 635 635 635 634 634 634 634 634 635 635 635 635 635 636 636 636 635 635 635 635 635 636 635 634 634 634 634 634 635 635 634 634
0 0 0 0 0 0 0 0 0 0 0 0 0 0 0 0 0 0 0 0 0 0 635 634 634 635 635 632 632 632 632 631 631 631 631 631 631 632 632 632 632 631 631 630 630 631 631 631 631 631 631 631 631 630 630 630 630 630 630 630 630 630 630 631 631 631 631 631 631 632 632 631 631 632 632 632 632 631 631 631 631 631 631 630 630 631 631 631 631 631 631 631 631 630 629 629 631 630 630 631 630 630 630 630 631 630 630 630 630 631 631 631 630 630 630 630 630 630 629 629 629 630 630 629 629 628 628 629 629 629 628 628 628 629 628 627 627 628 628 628 627 627 628 629 628 628 628 629 629 630 0 0 0 0 0 0 0 0 0 0 0 0 0 0 0 0 0 0 0 0 0 0 0 0 0 0 0 0 0 0 0 0 0 0 0 0 0 0 0 0 0 0 0 0 0 0 0 0 0 0 0 0 0 0 0 0 0 0 0 0 0 0 0 0 0 0 0 627 627 628 630 629 629 629 629 630 630 628 628 628 629 629 629 629 630 630 630 630 629 629 629 629 630 631 631 631 631 630 630 630 630 630 630 630 630 629 629 631 631 631 630 630 630 631 631 631 631 631 631 631 631 631 631 632 631 631 632 634 634 634 634 634 634 635 635 635 636 636 636 636 636 636 636 636 636 636 636 636 636 636 636 636 636 636 636 637 636 635 635 636 636 636 635 635 635 635 636 635 634 634
0 0 0 0 0 0 0 0 0 0 0 0 0 0 0 0 0 0 0 0 0 0 636 635 635 635 635 632 632 632 632 634 631 631 631 631 631 632 634 634 632 632 632 632 632 632 632 631 631 632 632 632 632 631 630 630 630 630 630 630 631 631 632 631 631 631 631 632 632 634 632 631 631 632 632 632 632 631 631 632 632 632 631 631 631 631 632 632 632 632 632 632 632 631 631 631 631 631 631 631 630 630 631 631 631 630 630 630 630 631 631 631 630 630 630 630 630 630 630 630 630 631 629 629 629 629 629 630 630 630 629 629 629 629 629 627 627 628 628 628 629 629 629 630 629 629 629 629 629 0 0 0 0 0 0 0 0 0 0 0 0 0 0 0 0 0 0 0 0 0 0 0 0 0 0 0 0 0 0 0 0 0 0 0 0 0 0 0 0 0 0 0 0 0 0 0 0 0 0 0 0 0 0 0 0 0 0 0 0 0 0 0 0 0 0 0 0 628 628 630 630 630 630 630 630 630 630 630 629 629 630 630 630 630 630 630 630 630 630 630 630 630 631 631 631 631 631 630 630 630 631 631 631 630 630 630 630 631 631 631 631 631 631 631 632 632 632 632 632 632 632 632 632 634 634 634 634 634 634 634 634 635 635 635 635 636 636 637 637 637 637 637 637 637 637 637 637 637 637 637 636 636 637 637 637 637 637 637 636 636 636 637 637 638 637 637 636 636 636 636
0 0 0 0 0 0 0 0 0 0 0 0 0 0 0 0 0 0 0 0 0 0 637 636 636 636 636 636 636 634 634 634 634 632 631 631 632 634 634 634 634 634 634 634 634 634 634 632 632 634 634 632 632 632 631 631 631 631 631 632 632 632 632 632 635 632 632 632 632 632 632 634 634 634 635 634 634 634 634 632 632 632 632 632 632 632 632 634 634 634 634 634 634 632 632 631 631 631 631 632 631 631 631 631 631 631 631 632 632 632 632 631 631 631 631 631 631 630 630 630 630 631 629 629 629 629 629 631 631 630 630 630 630 629 629 629 629 629 629 630 630 630 630 630 630 630 630 630 631 634 634 0 0 0 0 0 0 0 0 0 0 0 0 0 0 0 0 0 0 0 0 0 0 0 0 0 0 0 0 0 0 0 0 0 0 0 0 0 0 0 0 0 0 0 0 0 0 0 0 0 0 0 0 0 0 0 0 0 0 0 0 0 0 0 0 0 0 630 630 631 631 631 631 631 632 632 632 632 631 630 630 630 630 631 631 631 631 631 631 631 631 631 631 631 631 631 631 631 632 632 632 632 632 632 631 631 632 632 632 631 631 631 631 631 634 634 634 634 634 634 632 632 632 634 634 635 636 636 636 636 636 636 636 636 636 637 637 637 637 637 637 637 638 637 637 637 637 637 638 638 637 637 638 638 638 638 638 638 637 637 637 637 637 638 638 637 637 637 637 637
0 0 0 0 0 0 0 0 0 0 0 0 0 0 0 0 0 0 0 0 0 0 637 637 637 637 636 636 636 636 635 635 635 635 634 634 634 634 635 635 635 634 634 634 634 634 634 634 634 634 634 634 634 634 634 634 634 634 634 632 632 632 634 634 635 635 632 632 634 632 632 634 634 635 635 634 634 634 634 635 635 634 634 634 634 634 634 634 634 634 635 635 635 634 632 632 632 634 635 635 632 632 631 631 635 635 635 634 634 634 632 632 631 631 632 632 632 632 632 632 631 631 631 631 631 630 630 631 631 631 632 632 632 630 630 630 630 629 629 631 631 631 631 631 631 631 631 632 632 634 634 0 0 0 0 0 0 0 0 0 0 0 0 0 0 0 0 0 0 0 0 0 0 0 0 0 0 0 0 0 0 0 0 0 0 0 0 0 0 0 0 0 0 0 0 0 0 0 0 0 0 0 0 0 0 0 0 0 0 0 0 0 0 0 0 0 0 632 631 631 631 631 631 631 632 632 632 632 631 631 631 630 630 631 631 631 632 632 632 632 632 632 632 632 632 632 632 632 632 632 634 634 634 634 634 634 634 632 632 632 631 631 632 632 634 635 635 635 634 634 632 632 632 635 635 636 636 636 637 637 637 637 637 637 637 638 638 638 637 637 637 638 638 638 638 638 638 638 638 638 638 638 638 638 638 638 641 640 640 638 638 637 637 638 638 638 638 638 638 638
0 0 0 0 0 0 0 0 0 0 0 0 0 0 0 0 0 0 0 0 0 0 637 637 637 637 636 636 636 636 636 635 635 636 635 635 635 635 636 636 636 635 635 635 635 635 635 635 635 635 635 635 635 635 634 634 635 635 634 634 634 634 634 635 636 636 635 634 634 634 634 634 634 635 636 635 635 635 635 635 636 636 635 635 635 635 635 634 634 635 635 635 635 635 634 632 632 635 635 635 634 634 634 634 635 635 635 635 634 634 632 632 631 631 632 634 634 632 632 635 635 634 634 634 634 632 632 632 631 631 631 631 631 630 630 630 630 630 630 631 631 631 631 631 631 631 631 631 631 632 0 0 0 0 0 0 0 0 0 0 0 0 0 0 0 0 0 0 0 0 0 0 0 0 0 0 0 0 0 0 0 0 0 0 0 0 0 0 0 0 0 0 0 0 0 0 0 0 0 0 0 0 0 0 0 0 0 0 0 0 0 0 0 0 0 0 0 632 632 632 632 632 632 634 634 634 632 632 632 632 632 632 632 634 634 634 634 632 632 632 632 632 634 632 632 634 634 634 634 634 634 634 635 635 635 634 634 632 632 632 632 632 634 634 634 636 636 636 635 635 634 634 636 637 636 636 637 637 637 638 638 638 638 638 638 640 638 638 638 638 638 638 638 640 640 638 638 638 640 640 640 638 638 638 638 640 641 641 641 638 638 638 638 638 638 638 638 638 638 638
0 0 0 0 0 0 0 0 0 0 0 0 0 0 0 0 0 0 0 0 0 0 637 637 637 637 637 638 637 637 637 635 635 636 636 636 636 636 636 636 636 635 635 635 635 636 636 636 636 636 636 636 636 636 635 635 636 635 635 635 635 635 635 636 637 636 636 635 635 634 634 635 635 636 636 636 636 637 636 636 636 636 636 636 635 635 635 635 635 635 635 636 636 635 635 634 634 635 636 636 635 635 635 635 636 636 635 635 634 634 632 632 632 632 634 635 634 634 634 635 635 634 634 635 634 632 632 634 631 631 631 631 631 631 631 631 630 630 630 631 631 631 631 631 631 631 631 631 631 632 0 0 0 0 0 0 0 0 0 0 0 0 0 0 0 0 0 0 0 0 0 0 0 0 0 0 0 0 0 0 0 0 0 0 0 0 0 0 0 0 0 0 0 0 0 0 0 0 0 0 0 0 0 0 0 0 0 0 0 0 0 0 0 0 0 0 0 632 632 632 632 632 634 634 634 634 634 635 634 634 632 632 632 635 635 635 635 634 634 634 634 634 634 635 635 635 635 635 635 635 635 635 635 635 635 635 634 632 632 634 635 635 636 636 636 636 636 636 636 636 636 636 637 637 636 636 637 637 638 638 638 638 638 638 638 640 640 640 640 640 640 640 640 640 641 640 640 641 640 640 641 640 640 640 640 641 642 642 642 640 638 638 638 638 638 638 638 638 640 640
0 0 0 0 0 0 0 0 0 0 0 0 0 0 0 0 0 0 0 0 0 0 638 638 638 638 638 640 638 638 638 637 637 637 637 637 637 637 637 637 638 637 636 635 635 637 637 637 636 636 636 636 636 636 636 636 636 636 636 636 636 635 635 636 637 637 637 636 636 635 635 635 635 636 637 637 637 637 637 638 638 638 637 637 636 636 635 635 635 636 636 636 636 636 637 635 635 636 636 636 635 635 635 636 637 636 635 635 635 635 635 634 634 635 635 635 634 634 635 635 635 635 635 635 635 634 634 635 635 635 634 634 635 635 634 634 630 630 634 632 632 632 631 631 632 631 631 632 632 632 0 0 0 0 0 0 0 0 0 0 0 0 0 0 0 0 0 0 0 0 0 0 0 0 0 0 0 0 0 0 0 0 0 0 0 0 0 0 0 0 0 0 0 0 0 0 0 0 0 0 0 0 0 0 0 0 0 0 0 0 0 0 0 0 0 0 0 634 634 634 634 634 634 635 635 636 636 636 636 635 635 635 635 635 635 635 635 635 635 635 635 635 635 636 636 636 636 636 635 635 635 635 635 635 636 636 636 635 635 636 636 636 634 634 634 635 636 636 636 636 636 636 638 637 637 636 636 636 637 638 638 638 638 632 632 636 637 638 640 640 640 640 640 640 642 641 641 641 640 630 630 638 634 634 638 641 642 642 642 642 638 638 638 638 638 638 621 621 621 0
0 0 0 0 0 0 0 0 0 0 0 0 0 0 0 0 0 0 0 0 0 0 638 638 640 640 640 640 640 640 640 640 640 640 640 637 637 637 638 638 638 637 637 636 636 638 638 638 637 637 637 636 636 637 637 637 637 637 637 637 637 637 637 638 638 638 638 637 637 637 637 638 638 638 638 638 638 638 638 640 640 638 638 638 637 637 637 637 637 637 637 637 636 636 637 636 636 636 636 636 636 636 636 637 637 636 636 636 635 635 636 635 635 636 636 636 636 636 636 636 636 636 636 636 635 635 635 635 636 635 635 635 635 635 635 635 635 635 635 634 634 634 632 632 634 634 634 634 634 634 0 0 0 0 0 0 0 0 0 0 0 0 0 0 0 0 0 0 0 0 0 0 0 0 0 0 0 0 0 0 0 0 0 0 0 0 0 0 0 0 0 0 0 0 0 0 0 0 0 0 0 0 0 0 0 0 0 0 0 0 0 0 0 0 0 0 637 637 637 635 635 635 635 636 636 636 636 636 635 635 635 635 636 636 636 636 635 635 636 636 636 636 636 636 636 636 636 636 636 636 635 635 635 635 636 636 636 636 636 636 636 636 628 628 629 631 634 635 635 635 635 637 640 637 637 632 632 631 631 634 640 625 625 627 628 629 637 638 640 623 623 623 624 624 625 630 642 624 624 625 625 625 629 629 629 622 621 621 621 621 621 621 619 619 619 614 621 621 621 620
0 0 0 0 0 0 0 0 0 0 0 0 0 0 0 0 0 0 0 0 0 0 640 640 640 640 640 640 641 641 641 640 640 640 640 640 638 638 638 638 638 638 637 637 638 638 638 638 638 638 638 637 637 638 638 638 638 638 638 638 637 637 637 640 640 640 640 640 640 638 638 640 640 640 640 640 640 640 640 640 640 640 640 640 638 638 638 638 638 638 637 637 638 637 637 637 637 637 637 638 638 637 637 637 637 637 637 637 637 637 638 636 636 637 637 637 636 636 637 637 637 637 637 637 636 636 636 636 636 636 636 636 636 636 635 635 636 636 636 636 636 636 636 636 635 635 635 635 636 636 0 0 0 0 0 0 0 0 0 0 0 0 0 0 0 0 0 0 0 0 0 0 0 0 0 0 0 0 0 0 0 0 0 0 0 0 0 0 0 0 0 0 0 0 0 0 0 0 0 0 0 0 0 0 0 0 0 0 0 0 0 0 0 0 0 0 637 637 637 637 637 636 636 636 636 636 636 636 635 635 635 635 636 624 624 624 624 624 636 635 635 636 636 636 637 637 637 637 636 636 624 624 623 623 636 636 635 635 635 636 622 622 623 623 624 624 628 632 634 622 620 619 618 618 618 619 622 624 624 623 623 623 624 625 625 625 621 621 621 622 623 623 623 622 622 621 621 621 622 624 623 621 620 620 621 620 620 621 621 621 619 618 616 614 614 614 614 621 621 619
0 0 0 0 0 0 0 0 0 0 0 0 0 0 0 0 0 0 0 0 0 0 642 641 641 641 642 642 642 641 641 641 641 641 641 641 640 640 638 638 638 638 638 638 640 638 638 640 638 638 640 638 638 640 640 640 638 638 638 638 638 638 640 641 640 640 640 640 640 640 640 640 640 640 640 640 640 640 640 640 640 640 640 640 640 640 640 640 640 640 640 640 640 638 638 638 638 638 638 638 640 640 640 638 638 638 638 638 637 637 638 638 638 638 638 637 637 637 637 637 638 638 638 638 636 636 637 637 637 636 636 636 637 637 637 637 637 637 637 637 637 637 636 636 636 636 636 636 637 640 0 0 0 0 0 0 0 0 0 0 0 0 0 0 0 0 0 0 0 0 0 0 0 0 0 0 0 0 0 0 0 0 0 0 0 0 0 0 0 0 0 0 0 0 0 0 0 0 0 0 0 0 0 0 0 0 0 0 0 0 0 0 0 0 0 0 638 638 638 637 637 636 636 636 636 636 637 636 635 635 636 636 637 623 622 622 622 622 622 635 635 622 621 620 619 619 619 619 619 618 618 620 620 619 616 615 615 615 615 616 618 618 620 621 621 619 619 618 618 619 619 618 616 616 616 619 622 621 620 619 619 619 620 620 620 620 620 620 621 621 620 619 619 620 620 619 619 619 619 619 620 615 615 615 615 615 619 619 621 618 615 615 615 613 612 611 611 608 608 608
0 0 0 0 0 0 0 0 0 0 0 0 0 0 0 0 0 0 0 0 0 0 643 643 642 642 642 642 642 643 643 643 642 641 641 642 641 641 640 638 638 638 638 638 641 640 640 640 640 640 640 640 640 640 640 640 638 638 638 640 640 640 640 641 641 641 640 640 641 641 641 641 641 641 640 640 640 641 641 641 641 640 640 641 641 641 641 641 640 640 641 641 640 640 640 640 640 638 638 640 640 640 640 638 638 638 640 640 640 640 640 640 640 640 640 640 640 640 638 638 638 638 638 638 638 638 638 638 638 638 637 637 637 637 637 637 637 637 637 637 637 638 637 637 637 637 637 637 638 641 0 0 0 0 0 0 0 0 0 0 0 0 0 0 0 0 0 0 0 0 0 0 0 0 0 0 0 0 0 0 0 0 0 0 0 0 0 0 0 0 0 0 0 0 0 0 0 0 0 0 0 0 0 0 0 0 0 0 0 0 0 0 0 0 0 0 0 614 614 614 615 615 615 615 615 615 616 618 619 616 616 616 616 619 621 621 621 621 620 619 618 614 614 618 618 618 619 618 618 615 615 615 615 616 615 615 614 612 612 612 613 614 616 618 619 618 615 613 613 614 614 616 615 615 615 615 616 615 615 615 615 614 614 616 615 615 616 616 616 615 615 614 612 611 611 613 613 614 613 612 611 611 611 612 611 611 616 619 619 618 615 615 615 613 612 606 606 607 606 606
0 0 0 0 0 0 0 0 0 0 0 0 0 0 0 0 0 0 0 0 0 0 644 643 643 643 643 643 643 643 643 643 642 642 642 643 642 642 640 638 638 638 638 640 642 642 642 641 641 641 641 641 641 641 641 641 640 638 638 640 640 640 640 641 641 641 640 640 641 641 641 641 641 641 641 641 641 641 641 641 641 641 641 641 642 642 641 641 641 641 641 641 641 641 641 641 641 640 640 640 640 640 640 640 640 640 640 641 641 641 641 641 641 640 640 640 640 640 640 640 640 640 640 640 640 640 640 640 638 638 637 637 638 638 638 638 638 637 637 637 638 638 638 637 637 638 638 638 640 0 0 0 0 0 0 0 0 0 0 0 0 0 0 0 0 0 0 0 0 0 0 0 0 0 0 0 0 0 0 0 0 0 0 0 0 0 0 0 0 0 0 0 0 0 0 0 0 0 0 0 0 0 0 0 0 0 0 0 0 0 0 0 0 0 0 0 0 614 614 614 614 614 615 614 614 614 614 616 618 613 613 613 612 612 613 611 611 615 614 612 611 611 611 613 616 616 615 614 614 613 612 612 612 612 612 611 610 610 609 609 610 611 613 613 615 613 612 611 611 611 611 611 612 612 612 612 613 613 611 611 612 610 610 611 611 611 610 608 608 608 609 609 610 610 610 610 610 611 610 610 609 608 608 609 608 606 606 606 606 593 595 601 601 600 604 604 604 604 603 599
0 0 0 0 0 0 0 0 0 0 0 0 0 0 0 0 0 0 0 0 0 0 644 644 644 644 643 643 643 644 643 643 644 643 643 643 643 642 642 641 640 640 640 642 642 642 642 642 642 642 642 642 642 642 641 641 640 640 640 641 640 640 642 642 641 641 641 641 641 641 641 643 642 642 641 641 641 642 642 642 642 642 642 642 642 642 641 641 641 641 642 642 642 642 642 643 641 641 622 622 641 641 640 640 640 618 618 619 619 619 620 621 621 619 619 621 621 619 618 618 618 619 620 620 620 615 615 616 616 616 616 616 616 615 615 640 640 637 637 612 612 614 613 613 613 613 613 614 614 614 0 0 0 0 0 0 0 0 0 0 0 0 0 0 0 0 0 0 0 0 0 0 0 0 0 0 0 0 0 0 0 0 0 0 0 0 0 0 0 0 0 0 0 0 0 0 0 0 0 0 0 0 0 0 0 0 0 0 0 0 0 0 0 604 604 606 607 607 607 607 609 607 607 608 607 607 608 608 606 606 607 607 608 608 608 606 604 604 606 607 608 608 607 606 604 604 604 604 603 602 602 603 604 603 603 603 603 604 603 603 603 603 600 600 601 601 602 606 607 608 604 604 606 606 606 606 606 607 608 608 609 606 602 602 602 604 606 604 604 607 607 607 608 607 606 604 603 603 604 606 603 603 603 602 602 603 604 604 592 593 595 601 601 600 599 599 598 598 599 598
0 0 0 0 0 0 0 0 0 0 0 0 0 0 0 0 0 0 0 0 0 0 644 644 644 644 644 644 644 644 644 644 644 643 643 643 643 642 642 642 642 642 642 642 643 643 643 642 642 643 643 643 643 642 642 618 616 616 619 621 621 622 622 622 622 643 641 619 619 620 621 621 642 642 642 642 642 642 621 621 621 621 619 619 620 620 621 621 620 620 619 619 642 619 619 620 620 623 616 616 616 614 614 615 616 615 615 616 618 619 619 619 619 619 619 619 619 618 618 616 616 615 615 618 618 614 614 615 613 613 614 615 615 614 612 612 612 612 610 609 609 610 610 613 613 613 613 613 613 613 0 0 0 0 0 0 0 0 0 0 0 0 0 0 0 0 0 0 0 0 0 0 0 0 0 0 0 0 0 0 0 0 0 0 0 0 0 0 0 0 0 0 0 0 0 0 0 0 0 0 0 0 0 0 0 0 0 0 0 0 0 0 0 604 603 603 604 604 603 603 604 602 602 604 603 603 600 600 600 601 602 601 601 602 601 601 600 600 600 607 608 608 600 600 600 600 598 598 599 599 599 598 597 597 597 598 600 601 601 599 599 597 597 597 597 597 596 596 597 596 596 597 596 596 596 597 598 599 598 598 599 599 599 597 597 598 598 598 598 599 601 606 597 596 595 595 596 596 597 596 596 598 600 597 595 593 593 592 592 593 595 595 601 600 596 596 596 596 597 597
0 0 0 0 0 0 0 0 0 0 0 0 0 0 0 0 0 0 0 0 0 0 646 646 646 624 613 613 621 624 622 622 644 643 619 619 619 619 616 615 615 618 620 621 621 643 643 621 621 621 620 620 619 619 619 618 616 616 619 620 620 620 618 618 619 619 619 619 619 619 620 620 644 644 618 618 618 618 618 618 618 616 616 615 615 618 620 620 618 618 616 616 616 613 612 612 612 612 612 613 614 614 614 615 615 614 614 614 614 610 610 610 611 615 612 610 610 612 612 611 610 610 609 609 610 610 610 610 610 610 610 609 609 608 608 608 609 609 608 607 607 608 608 606 606 606 608 608 609 609 0 0 0 0 0 0 0 0 0 0 0 0 0 0 0 0 0 0 0 0 0 0 0 0 0 0 0 0 0 0 0 0 0 0 0 0 0 0 0 0 0 0 0 0 0 0 0 0 0 0 0 0 0 0 0 0 0 0 0 0 0 0 0 0 603 598 597 597 598 597 597 597 597 597 597 598 597 595 595 595 596 596 596 596 596 596 596 597 593 592 592 592 593 595 596 596 595 595 595 596 596 594 594 595 595 595 596 593 593 593 594 594 594 593 593 593 593 593 593 594 593 593 592 592 594 594 594 592 592 592 596 596 596 594 594 595 598 598 595 594 592 592 592 592 592 591 591 592 592 593 592 592 593 591 590 590 590 591 591 591 593 600 600 589 589 590 592 592 590 590
0 0 0 0 0 0 0 0 0 0 0 0 0 0 0 0 0 0 0 0 0 0 621 621 618 618 613 613 618 623 622 622 620 616 616 615 615 615 615 614 614 616 619 621 621 618 618 618 619 618 616 616 618 618 619 618 616 616 619 618 618 616 615 615 616 616 616 616 616 618 613 613 614 616 616 616 616 615 614 613 613 613 613 613 613 614 619 620 610 610 612 612 612 612 612 611 610 610 610 609 609 609 610 609 609 612 612 611 611 609 609 608 604 604 603 603 606 609 608 608 606 606 606 606 606 608 608 606 606 607 606 606 606 606 606 606 606 604 604 603 603 603 603 600 600 600 600 601 599 599 0 0 0 0 0 0 0 0 0 0 0 0 0 0 0 0 0 0 0 0 0 0 0 0 0 0 0 0 0 0 0 0 0 0 0 0 0 0 0 0 0 0 0 0 0 0 0 0 0 0 0 0 0 0 0 0 0 0 0 0 0 0 0 0 0 593 593 593 593 594 594 593 593 593 593 594 594 593 593 593 592 592 592 590 590 590 592 590 590 590 590 590 591 590 590 591 591 592 590 590 588 588 589 590 592 589 589 589 589 589 590 590 591 589 589 590 590 590 590 591 591 591 590 590 589 589 587 587 587 589 589 589 589 589 589 589 589 595 595 594 586 586 588 590 590 588 587 587 586 586 589 587 585 585 586 586 586 587 586 586 584 584 584 587 587 589 592 577 577 590
0 0 0 0 0 0 0 0 0 0 0 0 0 0 0 0 0 0 0 0 0 0 619 619 616 615 613 613 614 614 612 612 618 616 613 613 612 612 612 612 612 612 612 612 612 612 613 613 613 614 614 614 615 615 614 613 613 612 611 611 610 610 612 612 614 614 613 612 612 612 612 612 612 612 613 614 615 612 612 611 611 611 611 611 611 604 604 604 604 607 608 609 609 610 604 604 608 608 608 609 608 608 604 604 604 604 612 607 607 601 601 603 603 603 601 601 602 601 601 601 601 601 602 602 602 599 599 601 601 600 600 601 603 603 602 602 602 601 600 600 600 599 599 598 598 598 599 599 597 597 0 0 0 0 0 0 0 0 0 0 0 0 0 0 0 0 0 0 0 0 0 0 0 0 0 0 0 0 0 0 0 0 0 0 0 0 0 0 0 0 0 0 0 0 0 0 0 0 0 0 0 0 0 0 0 0 0 0 0 0 0 0 0 0 0 591 591 591 591 591 590 590 590 590 590 591 591 593 593 589 589 589 590 588 588 588 587 587 587 587 587 588 587 587 586 586 587 585 585 585 585 585 586 587 587 587 586 586 586 584 584 584 584 584 586 586 586 587 587 588 587 585 585 585 586 586 586 586 586 585 585 585 586 586 586 585 585 584 584 583 583 583 583 584 585 585 585 585 584 582 582 581 581 582 582 582 583 587 582 580 580 584 584 587 587 589 574 574 574 575
0 0 0 0 0 0 0 0 0 0 0 0 0 0 0 0 0 0 0 0 0 0 613 611 611 611 612 612 612 611 611 611 611 611 611 611 611 610 608 608 609 609 609 608 608 609 611 611 608 608 609 611 611 609 609 609 608 607 607 607 607 608 610 610 611 607 607 608 609 610 611 607 604 604 604 606 604 604 604 607 604 604 603 603 603 603 603 603 603 603 603 604 601 601 602 602 604 604 603 601 601 601 601 601 601 600 600 601 599 599 599 599 600 598 598 599 598 598 597 597 597 598 598 596 596 596 597 597 597 596 596 597 597 597 597 597 598 598 598 598 598 597 597 596 596 596 594 594 595 595 0 0 0 0 0 0 0 0 0 0 0 0 0 0 0 0 0 0 0 0 0 0 0 0 0 0 0 0 0 0 0 0 0 0 0 0 0 0 0 0 0 0 0 0 0 0 0 0 0 0 0 0 0 0 0 0 0 0 0 0 0 0 0 0 584 584 585 586 586 589 588 588 584 584 585 585 582 582 582 582 584 584 584 585 585 585 585 585 583 583 584 583 583 582 582 583 583 583 583 583 582 582 582 583 583 582 582 582 582 581 581 580 580 580 582 583 583 581 580 580 580 580 581 580 580 582 584 583 582 582 583 583 584 584 582 582 581 581 581 580 579 579 580 580 582 581 578 577 577 577 574 574 579 580 581 581 581 571 571 575 580 580 580 567 572 572 572 572 572 573
0 0 0 0 0 0 0 0 0 0 0 0 0 0 0 0 0 0 0 0 0 0 608 608 609 609 610 611 610 609 608 606 606 606 606 607 608 607 607 607 607 606 604 603 603 604 604 604 604 604 604 604 604 604 606 606 606 604 604 606 606 604 602 602 603 603 603 602 602 607 604 600 600 600 600 600 600 600 600 600 600 600 600 599 599 600 601 601 600 600 600 599 599 598 598 598 598 596 596 596 597 598 599 598 598 598 597 595 595 595 596 596 595 595 595 595 595 595 595 595 595 595 595 594 593 593 593 593 594 593 593 592 592 592 593 591 591 591 592 592 593 591 591 592 592 593 588 588 588 591 0 0 0 0 0 0 0 0 0 0 0 0 0 0 0 0 0 0 0 0 0 0 0 0 0 0 0 0 0 0 0 0 0 0 0 0 0 0 0 0 0 0 0 0 0 0 0 0 0 0 0 0 0 0 0 0 0 0 0 0 0 0 0 0 582 582 581 581 581 580 579 578 578 581 581 581 580 580 579 579 580 580 581 581 581 581 581 582 581 581 581 581 581 580 580 579 579 580 580 580 579 578 578 578 579 579 579 579 580 579 578 577 577 577 578 579 576 576 575 575 577 578 578 578 578 580 580 579 579 580 579 579 584 572 572 574 578 578 577 577 577 577 577 576 575 574 574 573 573 574 573 573 574 577 580 580 581 571 571 575 575 575 0 0 567 572 572 569 569 573
0 0 0 0 0 0 0 0 0 0 0 0 0 0 0 0 0 0 0 0 0 0 606 604 604 606 606 606 606 606 606 602 602 600 600 600 602 602 603 603 604 602 600 599 599 599 600 601 601 601 601 600 600 599 598 595 595 601 598 598 598 598 598 599 600 600 599 597 596 596 596 596 598 598 597 597 597 598 598 597 596 596 597 597 597 598 597 597 596 595 595 595 595 595 595 595 592 592 593 593 595 595 595 596 596 592 592 592 592 592 592 591 591 591 592 592 591 591 592 592 593 592 591 588 585 584 584 585 585 585 590 589 588 587 587 585 585 587 586 584 584 586 585 585 584 584 584 586 585 585 586 0 0 0 0 0 0 0 0 0 0 0 0 0 0 0 0 0 0 0 0 0 0 0 0 0 0 0 0 0 0 0 0 0 0 0 0 0 0 0 0 0 0 0 0 0 0 0 0 0 0 0 0 0 0 0 0 0 0 0 0 0 0 576 575 575 579 579 579 578 576 576 576 578 578 578 578 578 578 578 576 576 577 577 578 579 581 582 577 577 578 578 576 576 575 574 574 576 576 576 575 575 573 573 573 573 574 574 574 576 576 575 574 573 573 572 572 572 572 572 573 573 575 578 569 569 570 573 576 576 573 569 569 569 569 570 571 571 571 571 572 572 572 572 570 570 572 572 572 572 572 571 568 568 580 580 580 580 560 565 565 565 565 564 567 567 567 567 568 0
0 0 0 0 0 0 0 0 0 0 0 0 0 0 0 0 0 0 0 0 0 0 601 599 599 600 600 599 599 602 601 600 597 596 596 596 596 600 600 601 601 598 598 597 597 597 597 592 592 598 598 598 597 595 594 592 591 591 591 591 592 592 592 595 596 594 592 592 592 592 592 592 592 592 593 595 596 596 595 593 593 593 593 595 593 592 592 592 592 591 591 591 591 592 590 589 589 589 590 591 592 590 590 586 585 585 585 585 590 586 586 585 585 585 585 587 587 587 585 585 585 584 584 584 584 584 584 584 583 581 581 581 581 585 584 583 583 582 582 582 582 583 583 583 583 582 582 581 581 581 582 582 584 0 0 0 0 0 0 0 0 0 0 0 0 0 0 0 0 0 0 0 0 0 0 0 0 0 0 0 0 0 0 0 0 0 0 0 0 0 0 0 0 0 0 0 0 0 0 0 0 0 0 0 0 0 0 0 0 0 0 0 0 573 573 573 573 573 573 572 572 572 572 568 568 569 569 573 574 574 573 571 570 570 578 579 579 570 570 571 573 578 576 572 571 571 572 569 569 572 572 571 571 569 569 568 567 567 568 568 568 566 566 566 566 567 568 569 569 569 569 568 568 566 566 567 567 569 571 570 567 567 567 567 567 566 566 566 566 567 568 569 568 568 567 567 569 569 569 569 569 564 564 564 564 564 560 560 560 565 565 565 565 564 564 564 566 567 568 0
0 0 0 0 0 0 0 0 0 0 0 0 0 0 0 0 0 0 0 0 0 0 601 596 596 596 596 596 596 601 601 595 595 595 594 594 594 594 596 598 599 594 594 593 593 590 590 590 590 590 591 592 594 593 588 588 589 589 589 589 591 590 590 590 591 590 590 589 588 588 588 588 589 590 589 585 584 584 584 586 588 587 587 587 587 587 588 590 589 589 588 587 587 585 585 586 586 586 586 580 580 580 580 582 584 583 583 581 581 581 583 583 583 582 582 582 583 583 582 580 580 580 580 580 582 582 582 581 580 578 578 578 579 580 581 581 582 579 579 579 580 580 582 582 581 579 579 579 579 579 580 580 584 0 0 0 0 0 0 0 0 0 0 0 0 0 0 0 0 0 0 0 0 0 0 0 0 0 0 0 0 0 0 0 0 0 0 0 0 0 0 0 0 0 0 0 0 0 0 0 0 0 0 0 0 0 0 0 0 0 0 0 0 571 571 571 571 568 568 568 567 567 567 566 566 568 568 567 567 567 567 566 566 567 567 567 567 567 567 565 565 565 565 565 565 565 565 565 564 564 565 565 565 565 565 565 565 565 567 565 565 565 565 565 565 565 565 566 567 568 565 565 565 565 565 565 565 563 563 563 564 565 566 566 566 566 564 564 564 565 565 565 564 564 564 564 565 565 566 568 563 562 562 562 562 560 560 560 560 560 561 561 561 561 561 564 565 566 0 0
0 0 0 0 0 0 0 0 0 0 0 0 0 0 0 0 0 0 0 0 0 0 0 594 590 590 595 591 590 590 588 588 588 588 588 590 589 587 586 585 585 586 587 586 586 586 586 586 587 587 587 586 586 586 586 586 586 586 587 587 587 584 584 585 585 586 586 586 586 586 586 586 587 585 584 584 583 583 583 582 582 583 583 584 585 586 587 590 586 584 584 584 582 581 580 580 582 584 581 578 578 578 579 580 582 579 579 578 577 577 579 578 578 577 577 577 577 576 576 577 577 577 577 577 577 580 580 579 576 576 576 576 576 575 575 573 573 574 575 576 577 580 572 572 572 574 575 575 575 579 580 580 0 0 0 0 0 0 0 0 0 0 0 0 0 0 0 0 0 0 0 0 0 0 0 0 0 0 0 0 0 0 0 0 0 0 0 0 0 0 0 0 0 0 0 0 0 0 0 0 0 0 0 0 0 0 0 0 0 0 0 0 0 565 565 567 566 565 565 565 565 565 565 565 565 565 565 565 565 565 565 564 564 565 565 565 563 563 563 563 564 564 564 563 563 564 564 563 561 561 561 561 563 563 563 563 563 564 563 563 562 562 564 564 563 560 560 560 561 559 559 562 562 563 564 561 561 562 562 562 562 562 563 565 564 564 563 563 562 562 562 561 561 562 561 559 559 558 557 557 558 558 558 559 559 558 558 558 559 559 559 559 559 559 559 565 565 566 0 0
0 0 0 0 0 0 0 0 0 0 0 0 0 0 0 0 0 0 0 0 0 0 0 585 585 586 587 587 587 587 586 586 586 586 586 586 584 583 583 583 583 585 584 584 584 583 583 584 584 585 585 581 581 583 582 582 584 584 584 582 581 581 582 582 581 581 582 582 581 581 581 580 579 579 581 582 582 581 581 580 580 581 581 582 582 572 572 572 576 575 575 576 576 578 578 577 577 577 575 575 575 575 576 577 576 576 576 576 575 575 575 575 575 575 575 575 574 574 574 572 572 573 573 573 574 575 573 572 572 572 572 572 572 572 572 572 572 572 572 572 571 569 569 567 567 568 571 571 575 575 0 0 0 0 0 0 0 0 0 0 0 0 0 0 0 0 0 0 0 0 0 0 0 0 0 0 0 0 0 0 0 0 0 0 0 0 0 0 0 0 0 0 0 0 0 0 0 0 0 0 0 0 0 0 0 0 0 0 0 0 0 0 561 561 561 564 564 561 559 559 561 561 562 563 563 563 563 562 562 562 561 561 561 561 565 565 559 559 560 561 561 559 559 559 559 559 559 558 558 557 557 558 560 560 560 560 559 559 558 558 559 559 559 558 558 557 557 556 556 557 557 558 557 556 556 556 556 557 558 558 558 560 559 559 558 558 559 559 558 556 556 559 559 559 556 553 553 553 555 555 556 555 555 555 554 554 554 554 557 556 556 559 559 559 559 550 550 0 0 0
0 0 0 0 0 0 0 0 0 0 0 0 0 0 0 0 0 0 0 0 0 0 0 582 582 583 583 583 584 585 585 585 585 585 583 582 582 582 582 582 580 580 581 581 583 582 582 580 580 579 578 578 578 578 578 578 580 579 579 578 578 579 580 579 578 577 577 577 576 575 575 575 575 576 577 577 575 575 577 578 578 578 577 575 575 571 571 571 571 572 572 572 572 573 574 574 573 571 570 570 571 571 571 571 565 565 568 568 571 571 571 571 572 574 573 572 570 568 568 568 568 569 570 568 566 566 567 567 567 567 567 567 567 568 569 569 570 570 570 566 565 565 567 565 565 567 565 563 562 562 0 0 0 0 0 0 0 0 0 0 0 0 0 0 0 0 0 0 0 0 0 0 0 0 0 0 0 0 0 0 0 0 0 0 0 0 0 0 0 0 0 0 0 0 0 0 0 0 0 0 0 0 0 0 0 0 0 0 0 0 0 0 554 554 558 558 558 558 557 557 558 558 558 559 559 557 556 556 557 556 555 555 557 557 555 554 554 555 557 559 561 559 556 554 554 554 554 555 555 555 555 556 554 554 554 555 554 554 554 554 554 555 554 554 554 554 554 554 554 554 553 550 550 551 554 554 554 555 555 555 555 554 554 554 554 554 559 552 552 554 554 554 555 552 551 551 551 551 552 553 554 553 553 553 552 552 549 549 549 556 556 556 547 547 547 547 547 546 546 0
0 0 0 0 0 0 0 0 0 0 0 0 0 0 0 0 0 0 0 0 0 0 0 579 577 577 576 576 576 577 577 575 575 574 574 575 577 578 579 577 575 574 573 572 572 574 575 578 577 575 575 575 574 574 574 574 580 575 575 574 571 571 572 573 574 575 576 576 574 573 573 573 573 572 571 571 571 572 572 575 575 573 572 569 569 569 569 568 568 568 569 568 568 568 568 569 568 567 567 567 567 567 567 567 565 565 567 566 565 565 565 565 570 572 569 568 566 565 565 565 565 568 568 562 561 561 562 562 562 564 564 565 564 564 563 563 563 561 561 560 560 561 567 564 563 561 560 560 562 562 562 0 0 0 0 0 0 0 0 0 0 0 0 0 0 0 0 0 0 0 0 0 0 0 0 0 0 0 0 0 0 0 0 0 0 0 0 0 0 0 0 0 0 0 0 0 0 0 0 0 0 0 0 0 0 0 0 0 0 0 0 0 554 554 554 554 554 554 554 554 555 556 552 552 552 552 552 554 553 552 552 553 553 554 552 552 553 554 551 548 548 551 553 551 551 552 552 553 553 554 553 553 551 551 552 552 550 550 551 551 553 552 552 552 552 552 552 551 551 549 549 548 548 548 550 552 553 548 548 549 549 551 552 551 548 547 547 548 548 549 550 550 550 551 550 549 549 548 547 546 545 545 545 546 549 548 548 547 546 546 546 544 544 544 546 546 546 546 545 545
0 0 0 0 0 0 0 0 0 0 0 0 0 0 0 0 0 0 0 0 0 0 0 574 574 573 573 573 573 574 574 574 573 572 572 573 574 575 574 574 573 572 571 571 571 571 572 574 571 571 571 571 571 571 570 568 568 568 569 569 570 570 571 572 574 574 574 569 568 568 570 567 567 567 568 568 568 565 565 565 564 564 565 565 566 565 565 565 565 566 567 567 566 565 565 563 563 565 565 566 565 565 563 563 564 564 565 565 564 564 563 562 561 561 561 561 562 562 562 562 562 568 559 559 560 560 561 561 561 560 560 560 559 559 558 558 557 557 557 557 557 557 557 555 554 554 556 557 560 558 558 556 556 0 0 0 0 0 0 0 0 0 0 0 0 0 0 0 0 0 0 0 0 0 0 0 0 0 0 0 0 0 0 0 0 0 0 0 0 0 0 0 0 0 0 0 0 0 0 0 0 0 0 0 0 0 0 0 0 0 0 0 554 551 551 551 550 550 551 552 551 550 548 548 549 549 549 550 550 550 550 550 547 547 547 550 549 547 545 544 544 545 545 550 550 550 548 548 550 547 547 547 547 549 549 548 548 546 545 545 546 546 548 547 547 547 547 547 548 547 547 547 546 546 545 544 544 546 546 547 547 548 548 546 546 546 546 547 547 546 545 545 545 548 548 547 547 546 546 545 545 545 545 545 546 546 545 542 541 540 540 541 541 541 542 546 545 544 543 543
0 0 0 0 0 0 0 0 0 0 0 0 0 0 0 0 0 0 0 0 0 0 0 571 571 571 571 570 570 571 571 573 571 571 571 571 572 567 567 567 569 570 570 569 569 569 567 567 567 566 566 566 566 566 566 566 566 564 564 565 565 566 571 572 574 565 565 565 565 565 565 565 564 564 562 561 561 563 564 562 562 561 561 564 564 564 563 563 563 563 563 563 562 562 562 561 561 561 561 561 560 560 560 563 563 563 563 563 562 562 561 559 559 559 559 560 560 560 554 554 555 555 556 556 556 556 557 559 556 555 555 554 554 556 556 554 553 553 554 554 554 554 554 554 554 554 554 554 554 558 558 554 554 0 0 0 0 0 0 0 0 0 0 0 0 0 0 0 0 0 0 0 0 0 0 0 0 0 0 0 0 0 0 0 0 0 0 0 0 0 0 0 0 0 0 0 0 0 0 0 0 0 0 0 0 0 0 0 0 0 0 0 0 549 547 547 548 548 549 549 547 545 544 544 545 546 546 546 546 546 546 546 545 545 545 546 545 544 544 543 543 543 543 543 543 544 545 545 550 543 543 543 543 543 541 539 539 541 543 543 543 543 548 543 543 544 546 546 546 547 547 545 545 543 543 543 543 545 546 546 546 541 540 540 541 543 543 546 545 545 544 544 543 541 541 540 540 543 541 541 541 542 540 540 539 539 540 540 540 539 539 539 539 540 542 542 545 544 543 543
0 0 0 0 0 0 0 0 0 0 0 0 0 0 0 0 0 0 0 0 0 0 0 569 569 568 568 567 566 565 565 565 565 568 568 565 565 564 564 564 564 567 567 565 565 565 565 565 565 564 564 564 563 563 564 565 565 560 560 561 560 560 560 560 560 560 561 561 562 562 562 561 561 560 560 559 559 560 561 560 560 558 558 561 561 561 560 560 561 560 559 557 557 557 557 557 557 557 554 554 554 554 554 554 554 554 556 556 557 555 555 554 553 553 553 550 550 553 553 554 554 554 554 554 554 553 553 553 552 552 553 553 553 550 550 550 550 550 550 550 551 551 553 554 554 551 551 553 554 548 548 549 554 0 0 0 0 0 0 0 0 0 0 0 0 0 0 0 0 0 0 0 0 0 0 0 0 0 0 0 0 0 0 0 0 0 0 0 0 0 0 0 0 0 0 0 0 0 0 0 0 0 0 0 0 0 0 0 0 0 0 0 0 544 544 545 546 545 545 542 542 542 542 542 540 540 541 541 541 540 540 541 541 541 543 544 545 540 540 540 540 540 539 539 540 540 545 545 545 540 540 540 540 540 538 537 537 538 539 541 540 540 540 540 540 541 543 544 539 538 538 538 538 539 540 540 541 542 546 538 538 539 539 539 540 540 540 540 540 543 541 541 540 535 535 538 536 536 535 535 537 538 537 537 537 537 537 539 539 537 536 535 535 540 540 540 533 533 532 532
0 0 0 0 0 0 0 0 0 0 0 0 0 0 0 0 0 0 0 0 0 0 0 565 564 564 564 563 563 563 561 561 562 562 565 562 562 562 561 559 556 556 556 556 557 556 556 557 557 558 562 562 560 560 560 557 556 556 557 558 557 556 556 556 556 556 558 558 558 558 558 558 559 557 557 557 557 557 561 554 554 554 554 554 554 556 556 557 555 555 555 551 551 550 547 547 549 549 546 546 550 550 552 550 549 548 548 548 550 550 549 547 547 547 547 547 547 546 546 545 544 544 546 546 546 545 545 546 546 546 546 546 545 545 546 546 546 546 546 545 545 544 544 541 541 541 545 553 553 546 546 549 0 0 0 0 0 0 0 0 0 0 0 0 0 0 0 0 0 0 0 0 0 0 0 0 0 0 0 0 0 0 0 0 0 0 0 0 0 0 0 0 0 0 0 0 0 0 0 0 0 0 0 0 0 0 0 0 0 0 0 536 536 536 536 535 535 535 534 534 535 535 535 535 535 536 536 535 534 534 534 534 534 534 534 533 533 533 533 533 533 534 535 536 537 535 535 533 533 534 533 533 534 533 533 533 536 536 536 536 535 535 534 534 538 539 535 535 535 535 535 536 535 535 536 536 535 534 534 534 535 537 537 538 538 538 535 535 531 531 531 531 531 533 534 535 535 534 534 534 534 534 534 534 534 535 535 539 539 537 534 534 534 534 534 0 531 531 531 531
0 0 0 0 0 0 0 0 0 0 0 0 0 0 0 0 0 0 0 0 0 0 0 559 559 560 560 559 559 559 559 559 560 559 559 556 556 558 557 556 556 556 556 556 555 554 554 555 555 555 554 554 554 554 554 554 553 553 553 549 549 549 549 549 552 553 552 548 548 546 546 546 548 548 549 549 549 549 549 549 549 549 548 548 547 547 546 546 546 546 547 547 547 546 546 546 546 543 543 543 543 543 543 543 543 544 544 543 543 543 543 543 543 544 546 545 545 543 543 542 542 542 541 541 542 543 543 543 543 541 541 541 541 540 540 546 540 540 539 539 541 540 540 539 539 538 538 538 536 536 537 537 0 0 0 0 0 0 0 0 0 0 0 0 0 0 0 0 0 0 0 0 0 0 0 0 0 0 0 0 0 0 0 0 0 0 0 0 0 0 0 0 0 0 0 0 0 0 0 0 0 0 0 0 0 0 0 0 0 0 0 534 534 534 534 535 535 534 533 532 532 532 532 533 533 533 532 532 531 531 532 532 532 531 530 530 530 530 530 530 530 530 532 533 533 532 529 529 530 531 530 529 529 529 530 530 530 531 529 529 528 528 528 529 529 529 532 531 531 530 530 530 529 529 529 529 530 532 532 531 529 529 528 528 528 528 532 531 530 530 531 531 531 532 533 531 531 531 531 531 533 533 532 529 529 529 528 528 528 534 534 534 534 534 521 524 531 531 531 529
0 0 0 0 0 0 0 0 0 0 0 0 0 0 0 0 0 0 0 0 0 0 0 556 554 552 552 553 553 554 556 556 554 552 552 549 549 549 550 550 551 551 551 551 550 550 550 549 549 550 550 550 551 552 553 553 553 552 552 546 546 548 547 547 548 550 547 546 545 545 545 544 544 546 546 546 547 543 543 545 544 544 544 544 544 543 543 543 543 545 545 545 545 545 545 544 544 541 541 541 541 541 540 540 540 540 541 540 540 540 540 540 540 540 546 541 541 540 540 540 540 538 538 538 539 539 536 536 536 536 537 539 540 539 538 538 538 538 537 537 537 537 537 537 536 536 536 536 535 535 535 535 0 0 0 0 0 0 0 0 0 0 0 0 0 0 0 0 0 0 0 0 0 0 0 0 0 0 0 0 0 0 0 0 0 0 0 0 0 0 0 0 0 0 0 0 0 0 0 0 0 0 0 0 0 0 0 0 0 0 0 529 529 529 529 531 527 527 527 527 528 529 529 529 529 529 529 529 529 529 529 529 529 527 527 528 528 527 526 526 526 526 527 527 526 526 526 526 528 528 526 526 526 527 528 528 528 528 527 527 526 526 526 527 526 526 526 526 526 528 527 527 526 526 528 527 527 527 526 526 526 527 527 525 525 526 526 527 527 525 525 526 525 525 525 526 526 525 524 522 522 523 524 524 525 526 528 528 528 515 517 517 521 521 521 524 518 518 518 519
0 0 0 0 0 0 0 0 0 0 0 0 0 0 0 0 0 0 0 0 0 0 0 556 547 547 548 548 547 546 546 546 546 546 547 547 548 548 548 546 546 546 546 546 546 547 548 549 549 550 543 543 541 541 540 539 539 540 535 535 535 535 544 541 541 543 541 541 542 543 543 542 542 542 542 542 541 541 542 542 542 542 542 542 542 542 541 540 540 541 542 545 537 537 538 544 539 539 540 540 540 539 538 538 538 539 540 540 540 540 540 540 540 540 540 540 541 530 530 531 535 535 535 534 534 534 534 534 534 534 534 535 537 537 536 535 535 536 534 534 534 534 534 529 529 529 529 529 529 532 532 533 0 0 0 0 0 0 0 0 0 0 0 0 0 0 0 0 0 0 0 0 0 0 0 0 0 0 0 0 0 0 0 0 0 0 0 0 0 0 0 0 0 0 0 0 0 0 0 0 0 0 0 0 0 0 0 0 0 0 525 525 526 527 527 527 526 525 525 525 524 524 525 526 526 526 527 529 525 525 525 525 525 525 525 526 525 524 524 524 524 524 524 525 525 525 524 523 522 522 523 524 525 525 524 523 522 521 521 521 524 524 523 523 522 521 521 521 521 523 524 524 522 521 521 520 520 520 521 522 522 526 526 525 522 522 524 524 524 522 521 521 521 521 522 524 524 523 520 520 521 521 521 521 521 521 514 514 515 515 517 517 518 521 521 517 517 517 518 517
0 0 0 0 0 0 0 0 0 0 0 0 0 0 0 0 0 0 0 0 0 0 0 0 545 545 546 546 544 542 542 543 544 544 544 544 543 543 543 543 543 544 543 542 540 540 539 539 539 540 540 540 540 540 540 539 539 539 535 535 535 535 537 538 536 536 537 537 537 541 541 540 537 536 536 537 537 538 540 539 539 537 537 538 540 536 536 536 536 539 534 534 534 535 533 532 531 531 533 536 537 537 536 536 536 537 534 534 534 535 540 530 530 532 530 530 530 530 530 531 532 532 532 533 532 532 532 531 531 531 531 532 527 527 528 529 530 530 529 529 529 530 525 525 526 526 527 527 527 528 529 528 528 529 0 0 0 0 0 0 0 0 0 0 0 0 0 0 0 0 0 0 0 0 0 0 0 0 0 0 0 0 0 0 0 0 0 0 0 0 0 0 0 0 0 0 0 0 0 0 0 0 0 0 0 0 0 0 0 0 523 523 524 527 527 527 524 523 523 522 522 522 522 523 523 524 527 527 520 520 521 522 522 521 521 521 521 521 522 522 522 522 522 519 519 520 520 520 520 519 519 518 518 519 519 519 519 518 518 517 517 521 521 521 521 521 520 520 520 520 520 519 519 518 517 517 517 517 520 520 518 518 518 518 518 519 520 519 519 519 519 519 520 520 521 522 515 515 515 516 516 515 515 515 515 516 514 514 515 514 514 517 518 517 514 514 514 515 515 516
0 0 0 0 0 0 0 0 0 0 0 0 0 0 0 0 0 0 0 0 0 0 0 0 544 544 544 542 541 540 540 540 540 540 539 539 540 540 540 540 540 540 540 540 539 539 538 538 538 538 539 539 539 538 538 535 534 534 534 534 534 534 535 535 534 534 536 535 535 536 536 536 534 534 534 533 533 533 533 534 534 534 535 536 536 534 534 534 534 530 530 530 530 530 530 530 529 529 530 530 530 532 532 532 536 527 527 528 529 529 527 527 529 529 529 529 529 529 529 528 527 527 529 529 527 527 527 527 527 528 529 526 526 526 526 527 527 526 526 527 527 527 525 525 525 525 525 525 525 526 526 526 526 529 0 0 0 0 0 0 0 0 0 0 0 0 0 0 0 0 0 0 0 0 0 0 0 0 0 0 0 0 0 0 0 0 0 0 0 0 0 0 0 0 0 0 0 0 0 0 0 0 0 0 0 0 0 0 0 0 520 520 517 517 527 527 517 517 517 517 517 518 517 517 518 517 517 517 517 517 519 520 519 519 519 519 519 520 520 520 519 519 517 517 517 517 518 518 518 517 517 517 517 517 517 517 517 517 517 517 516 516 517 519 519 518 517 517 516 516 517 517 517 516 516 516 516 516 517 516 516 516 517 516 516 516 516 516 517 517 517 517 514 514 513 513 513 514 514 514 514 514 514 514 514 514 514 514 515 514 513 513 513 517 514 512 512 511 509 509
0 0 0 0 0 0 0 0 0 0 0 0 0 0 0 0 0 0 0 0 0 0 0 0 535 535 535 536 537 538 538 538 538 538 538 538 539 538 537 535 535 536 537 537 535 535 534 534 536 536 537 537 536 535 534 534 533 533 532 532 532 533 532 531 531 532 534 534 533 533 533 533 533 533 532 532 533 532 532 532 532 532 534 531 530 530 530 529 529 529 529 529 529 529 529 529 529 529 529 529 529 527 526 526 526 526 526 526 525 525 525 525 526 527 527 528 527 527 527 525 525 525 526 526 525 525 525 525 525 524 523 523 524 524 525 524 524 524 524 525 525 520 520 522 522 523 523 523 523 523 523 524 524 0 0 0 0 0 0 0 0 0 0 0 0 0 0 0 0 0 0 0 0 0 0 0 0 0 0 0 0 0 0 0 0 0 0 0 0 0 0 0 0 0 0 0 0 0 0 0 0 0 0 0 0 0 0 0 0 514 514 516 516 516 516 515 515 515 514 514 515 516 516 516 515 514 514 514 514 514 514 514 515 516 516 516 517 516 515 515 515 515 515 515 515 515 516 515 515 515 515 515 516 514 513 513 514 515 515 514 513 513 514 512 512 514 514 514 514 513 513 514 514 513 513 513 513 513 513 513 514 514 514 514 514 514 514 514 512 512 512 511 511 511 511 511 511 512 514 514 513 512 512 512 512 511 511 512 515 514 513 513 513 511 510 510 509 507 507 507
0 0 0 0 0 0 0 0 0 0 0 0 0 0 0 0 0 0 0 0 0 0 0 0 533 532 532 533 533 535 536 535 535 535 536 534 532 532 532 532 533 534 535 533 533 529 529 529 529 529 528 528 529 530 530 525 525 526 529 530 530 529 528 528 528 528 529 529 529 529 529 527 527 530 527 527 524 524 529 529 529 524 524 525 525 527 528 527 526 526 526 527 527 527 526 526 527 527 526 526 525 525 525 525 525 525 525 525 524 523 523 522 521 521 524 523 523 523 521 521 522 522 523 524 524 522 522 522 520 520 520 521 521 522 521 520 519 519 520 520 519 517 517 517 518 521 521 519 518 518 519 524 524 0 0 0 0 0 0 0 0 0 0 0 0 0 0 0 0 0 0 0 0 0 0 0 0 0 0 0 0 0 0 0 0 0 0 0 0 0 0 0 0 0 0 0 0 0 0 0 0 0 0 0 0 0 0 0 511 511 513 514 514 514 512 512 513 514 513 513 514 514 514 514 513 511 511 511 511 511 513 513 511 511 510 510 511 511 509 508 508 508 509 509 509 515 508 508 515 513 513 513 508 508 508 509 510 511 510 510 511 511 510 508 508 510 510 511 509 509 510 508 508 508 509 511 510 510 511 511 511 508 506 506 507 510 511 511 511 509 509 509 509 509 509 510 509 509 508 508 507 506 505 504 504 504 506 505 505 506 506 506 511 511 510 510 509 505 505 505
0 0 0 0 0 0 0 0 0 0 0 0 0 0 0 0 0 0 0 0 0 0 0 0 529 529 529 530 530 530 526 526 529 529 529 529 529 529 529 529 529 528 526 526 526 526 526 527 527 525 525 527 528 529 525 525 524 524 524 525 529 528 525 525 525 525 526 528 527 524 524 524 525 525 524 523 522 522 529 522 521 521 522 522 522 524 526 526 521 520 520 520 525 523 523 523 523 520 518 518 519 521 522 523 524 525 523 521 521 521 520 517 517 517 518 521 522 522 521 518 518 519 523 519 519 519 519 517 517 517 518 518 516 516 517 517 517 517 517 517 517 517 516 516 516 516 514 514 514 514 516 516 511 511 0 0 0 0 0 0 0 0 0 0 0 0 0 0 0 0 0 0 0 0 0 0 0 0 0 0 0 0 0 0 0 0 0 0 0 0 0 0 0 0 0 0 0 0 0 0 0 0 0 0 0 0 0 0 511 511 511 512 511 511 511 511 511 511 511 511 512 514 514 509 509 509 509 509 510 510 511 511 509 509 507 507 508 508 507 507 506 506 507 507 507 506 506 507 507 507 507 507 506 506 507 507 507 507 506 506 511 511 507 506 506 507 507 507 507 507 507 507 507 507 507 506 506 506 506 508 507 507 505 505 506 504 504 505 505 507 507 507 504 504 504 503 503 504 505 504 504 504 503 503 503 503 504 504 505 505 505 497 497 497 501 501 501 502 501 501
0 0 0 0 0 0 0 0 0 0 0 0 0 0 0 0 0 0 0 0 0 0 0 0 526 526 526 526 525 525 525 525 525 525 527 527 526 526 525 524 524 525 525 525 525 525 525 525 525 525 525 525 524 524 521 521 522 523 523 524 525 520 520 522 521 521 521 520 520 521 521 521 519 519 521 521 520 519 519 519 520 521 521 521 521 519 517 517 518 518 518 517 517 517 518 518 516 516 516 517 517 519 520 522 515 515 517 517 518 514 514 514 515 517 516 516 514 514 514 514 514 512 512 514 515 516 516 517 517 517 517 517 512 511 511 512 514 514 516 513 513 514 514 514 514 513 511 511 511 512 513 511 510 510 503 503 0 0 0 0 0 0 0 0 0 0 0 0 0 0 0 0 0 0 0 0 0 0 0 0 0 0 0 0 0 0 0 0 0 0 0 0 0 0 0 0 0 0 0 0 0 0 0 0 0 0 0 0 0 504 504 504 505 507 507 507 507 507 507 505 505 505 507 507 506 505 505 505 504 503 503 503 504 505 505 505 504 504 504 504 504 504 504 504 504 504 504 504 504 504 505 505 505 505 505 505 505 507 505 502 502 502 503 504 504 505 504 504 504 502 502 503 504 504 503 503 503 503 503 504 504 503 503 503 502 502 503 503 503 503 503 503 503 503 502 502 502 502 502 502 501 501 501 501 501 502 504 504 505 505 498 497 497 497 499 499 499 502 497 497
0 0 0 0 0 0 0 0 0 0 0 0 0 0 0 0 0 0 0 0 0 0 0 0 524 524 524 524 525 521 521 524 524 524 524 524 523 522 522 522 522 523 523 523 522 522 522 523 522 520 520 520 520 520 519 519 520 521 521 516 516 515 515 517 518 518 517 517 517 518 517 517 517 517 517 519 518 518 517 517 518 519 519 518 514 514 515 515 517 517 514 514 515 515 516 515 514 514 514 514 514 516 520 514 514 514 514 514 514 514 513 513 514 513 513 513 512 512 512 512 511 511 511 511 511 511 510 510 515 511 511 511 511 509 509 508 508 509 509 509 511 511 511 507 507 508 508 508 509 510 510 510 510 509 503 503 0 0 0 0 0 0 0 0 0 0 0 0 0 0 0 0 0 0 0 0 0 0 0 0 0 0 0 0 0 0 0 0 0 0 0 0 0 0 0 0 0 0 0 0 0 0 0 0 0 0 0 0 502 502 503 504 504 505 504 504 504 504 504 504 504 502 502 502 502 503 502 502 502 502 502 502 502 504 504 504 504 504 503 502 502 502 502 502 502 502 502 502 502 502 502 502 504 504 504 504 504 504 502 500 500 501 501 502 503 504 504 502 501 500 499 499 500 499 499 500 500 501 500 500 500 501 501 501 499 499 500 501 501 500 499 499 500 500 500 500 499 499 499 499 499 499 499 499 499 499 499 499 496 496 496 496 496 496 496 496 499 499 493 493
0 0 0 0 0 0 0 0 0 0 0 0 0 0 0 0 0 0 0 0 0 0 0 0 522 521 520 518 518 518 518 519 520 521 521 519 519 520 520 520 520 519 519 519 519 519 519 517 517 517 517 517 517 515 515 516 516 516 516 515 515 515 515 515 510 510 515 516 516 514 514 514 515 515 515 515 514 514 517 516 516 514 512 511 511 512 513 513 513 513 513 513 514 514 514 513 513 513 513 513 514 516 511 511 512 513 513 513 513 512 512 511 509 509 510 510 511 510 509 508 507 507 508 508 508 508 507 507 507 507 507 509 508 507 507 507 507 507 507 507 507 507 507 506 506 506 506 506 506 506 506 506 506 509 504 504 0 0 0 0 0 0 0 0 0 0 0 0 0 0 0 0 0 0 0 0 0 0 0 0 0 0 0 0 0 0 0 0 0 0 0 0 0 0 0 0 0 0 0 0 0 0 0 0 0 0 0 0 500 500 501 502 502 499 499 499 499 499 499 499 502 501 500 500 500 502 499 499 500 500 501 501 496 496 498 496 496 498 498 499 499 499 499 499 499 499 499 499 499 499 500 500 500 499 499 499 498 498 497 497 497 498 499 499 498 496 496 497 497 498 498 498 498 498 498 499 498 497 497 497 497 497 498 498 497 497 498 498 499 498 497 497 497 497 497 497 496 494 494 494 494 494 497 496 496 499 499 490 490 496 496 496 494 494 494 496 499 499 491 491
0 0 0 0 0 0 0 0 0 0 0 0 0 0 0 0 0 0 0 0 0 0 0 0 516 516 515 515 516 517 517 517 517 517 518 517 517 517 517 517 517 517 516 516 516 517 510 510 514 514 514 515 516 515 515 515 514 513 512 512 513 514 514 510 510 510 511 511 511 511 511 511 512 512 512 511 511 508 508 516 507 507 510 511 511 512 512 511 508 508 510 510 510 511 507 507 509 509 510 511 505 505 505 507 511 513 507 507 513 507 507 507 507 507 507 507 508 507 507 506 506 506 505 505 507 507 507 505 504 504 504 506 507 506 505 505 507 507 502 502 502 503 503 504 504 504 504 504 504 504 504 504 504 503 503 504 504 0 0 0 0 0 0 0 0 0 0 0 0 0 0 0 0 0 0 0 0 0 0 0 0 0 0 0 0 0 0 0 0 0 0 0 0 0 0 0 0 0 0 0 0 0 0 0 0 0 0 0 496 496 497 497 497 497 497 498 498 498 498 495 494 494 495 496 496 495 495 495 496 498 497 496 494 494 494 494 494 496 496 496 496 496 496 494 494 494 496 496 496 497 498 497 496 496 497 497 498 495 495 496 496 496 496 496 494 494 494 494 494 494 495 495 496 495 494 494 494 494 494 495 496 495 495 495 495 495 496 496 497 496 496 494 493 493 494 494 494 494 493 493 494 494 495 494 494 494 490 490 490 486 486 486 486 486 485 485 482 482 490 489
0 0 0 0 0 0 0 0 0 0 0 0 0 0 0 0 0 0 0 0 0 0 0 0 516 514 513 513 513 513 512 512 512 513 513 513 512 512 512 512 512 514 514 515 510 510 510 510 510 510 513 514 514 515 515 511 511 511 510 507 507 510 507 507 507 508 509 509 509 509 509 509 509 509 509 510 509 507 507 507 507 507 508 510 511 511 509 507 506 506 505 505 506 505 505 506 506 506 507 504 504 504 504 504 504 503 503 504 502 502 503 504 504 504 504 504 504 504 504 504 504 503 503 503 504 504 504 503 503 503 503 503 503 501 501 502 507 507 501 501 501 503 503 504 504 502 502 502 502 502 502 499 499 499 503 504 504 0 0 0 0 0 0 0 0 0 0 0 0 0 0 0 0 0 0 0 0 0 0 0 0 0 0 0 0 0 0 0 0 0 0 0 0 0 0 0 0 0 0 0 0 0 0 0 0 0 0 0 496 496 495 495 495 495 496 496 496 495 494 494 494 494 494 494 493 491 491 492 493 494 493 493 492 492 492 492 492 493 493 493 493 493 493 493 493 493 493 494 496 497 498 492 491 491 491 491 491 491 493 493 494 494 492 492 492 492 492 492 493 493 493 494 494 491 491 491 491 492 493 494 494 493 493 491 491 491 491 491 490 489 489 489 490 491 491 492 492 491 491 491 492 489 488 488 489 489 489 489 488 486 486 486 486 486 485 482 482 482 483 484
0 0 0 0 0 0 0 0 0 0 0 0 0 0 0 0 0 0 0 0 0 0 0 0 0 510 510 508 507 507 508 508 508 507 507 507 507 509 509 510 510 511 510 508 507 507 508 508 508 507 507 504 504 504 504 506 506 506 507 506 506 506 506 506 506 506 506 507 507 507 506 506 506 506 507 507 506 504 504 505 505 505 505 504 504 504 502 502 503 502 502 503 503 503 504 503 503 503 502 502 502 502 500 499 499 501 499 499 502 502 502 502 502 502 502 502 499 499 504 501 501 502 501 499 499 499 499 500 501 501 501 496 496 496 496 497 496 496 496 496 497 497 496 494 494 498 498 498 498 498 497 497 496 496 496 496 0 0 0 0 0 0 0 0 0 0 0 0 0 0 0 0 0 0 0 0 0 0 0 0 0 0 0 0 0 0 0 0 0 0 0 0 0 0 0 0 0 0 0 0 0 0 0 0 0 0 0 0 493 493 493 491 491 491 491 493 496 493 492 492 492 491 491 491 491 491 491 491 491 490 489 489 489 491 491 491 491 491 491 490 490 490 490 490 491 491 491 489 488 488 488 488 489 489 489 489 489 489 489 488 488 488 488 489 491 491 491 491 491 491 491 491 490 489 489 489 489 489 491 491 489 489 489 488 488 489 489 489 487 487 487 487 487 487 487 492 492 487 486 486 486 487 487 488 488 488 488 489 484 483 482 482 484 484 482 482 482 482 483 483
0 0 0 0 0 0 0 0 0 0 0 0 0 0 0 0 0 0 0 0 0 0 0 0 0 507 507 507 507 506 506 507 507 507 507 507 507 507 507 507 502 502 508 506 506 505 505 505 505 506 505 503 502 502 504 502 502 504 503 503 503 503 505 505 503 503 503 504 504 502 502 502 503 504 505 502 502 502 503 504 503 503 499 499 501 501 500 500 500 500 500 501 501 501 500 500 499 499 499 500 500 499 498 498 498 497 497 496 496 496 499 499 500 499 499 498 498 498 498 498 499 500 499 499 497 496 496 500 501 501 496 494 494 494 495 494 494 494 494 494 494 494 493 493 493 493 495 495 494 494 494 495 495 495 495 495 0 0 0 0 0 0 0 0 0 0 0 0 0 0 0 0 0 0 0 0 0 0 0 0 0 0 0 0 0 0 0 0 0 0 0 0 0 0 0 0 0 0 0 0 0 0 0 0 0 0 0 488 488 489 490 490 490 489 487 487 487 493 489 489 490 490 489 488 488 489 489 489 486 486 486 487 487 488 489 489 489 489 489 488 488 488 485 485 485 484 484 484 486 487 487 487 487 486 486 487 487 487 487 485 483 483 488 489 491 487 487 487 487 491 491 491 484 484 486 486 486 487 487 487 484 484 486 486 486 485 485 483 483 484 483 483 484 484 484 484 484 485 484 484 484 484 486 487 484 483 483 483 483 482 481 481 481 482 482 480 480 480 482 482
0 0 0 0 0 0 0 0 0 0 0 0 0 0 0 0 0 0 0 0 0 0 0 0 0 507 504 504 506 506 504 504 506 506 505 505 505 504 503 503 502 502 503 504 504 502 502 502 502 502 503 502 501 501 500 500 501 502 501 501 501 500 500 500 500 501 501 503 500 500 501 501 496 496 496 496 498 499 499 498 498 497 496 496 496 496 498 498 498 497 497 498 499 500 498 498 498 497 497 497 495 495 497 497 497 497 495 495 495 495 496 496 496 496 494 494 493 493 493 494 491 491 490 490 494 494 494 491 491 492 492 493 492 492 493 493 493 493 492 492 492 491 491 491 490 490 490 490 491 490 490 491 493 493 494 495 0 0 0 0 0 0 0 0 0 0 0 0 0 0 0 0 0 0 0 0 0 0 0 0 0 0 0 0 0 0 0 0 0 0 0 0 0 0 0 0 0 0 0 0 0 0 0 0 0 0 486 486 487 487 487 490 490 489 484 484 485 485 485 489 485 485 485 486 486 486 484 484 484 484 484 485 484 484 484 484 484 484 489 488 488 488 484 484 484 484 484 484 485 485 484 484 484 484 484 485 485 484 483 483 482 482 483 483 483 483 483 483 484 484 484 482 482 483 483 483 483 482 482 483 483 483 483 483 484 483 483 482 481 481 481 481 481 481 482 482 483 483 484 484 484 480 480 480 480 480 482 482 482 482 481 481 481 482 482 480 480 480 482 482
0 0 0 0 0 0 0 0 0 0 0 0 0 0 0 0 0 0 0 0 0 0 0 0 0 499 499 501 504 504 504 503 503 504 504 504 503 502 502 502 502 501 501 504 504 499 499 499 499 499 499 499 498 498 498 499 499 499 498 498 498 498 498 496 496 499 496 496 496 496 496 497 496 495 495 496 496 498 497 496 496 496 495 495 494 494 493 493 494 494 494 493 493 493 493 494 495 495 495 495 494 494 494 494 487 487 487 489 489 490 489 489 489 489 489 489 490 488 488 488 489 489 489 488 488 484 484 485 486 487 489 493 492 485 485 484 484 484 484 485 486 486 486 487 487 487 487 487 487 487 487 487 489 484 484 484 0 0 0 0 0 0 0 0 0 0 0 0 0 0 0 0 0 0 0 0 0 0 0 0 0 0 0 0 0 0 0 0 0 0 0 0 0 0 0 0 0 0 0 0 0 0 0 0 0 480 480 480 480 480 478 478 479 480 480 480 479 479 479 480 480 481 480 478 477 477 478 478 480 480 480 479 479 480 480 480 480 480 480 480 481 480 480 481 482 482 482 484 482 482 482 482 484 481 480 480 480 482 482 482 481 481 480 480 480 481 481 481 480 480 481 481 481 481 480 480 478 478 480 480 480 480 480 480 480 480 480 480 480 480 480 480 480 480 480 478 478 478 484 484 484 478 478 478 479 479 480 482 482 482 482 482 482 482 482 480 480 480 0 0
0 0 0 0 0 0 0 0 0 0 0 0 0 0 0 0 0 0 0 0 0 0 0 0 0 498 498 498 498 497 496 496 496 497 494 494 499 499 500 500 500 500 494 494 495 495 496 497 497 497 496 496 497 497 497 497 496 496 496 496 496 495 495 494 494 494 494 494 494 495 495 495 493 493 494 494 496 496 491 490 490 490 491 491 491 489 489 489 489 489 489 489 490 489 489 487 487 488 489 489 489 489 489 487 486 486 486 487 487 487 487 487 486 486 485 484 484 485 486 487 487 487 487 485 484 484 484 484 484 483 483 483 483 483 484 484 484 484 484 485 486 486 486 484 484 482 482 482 482 482 487 482 482 482 483 482 482 0 0 0 0 0 0 0 0 0 0 0 0 0 0 0 0 0 0 0 0 0 0 0 0 0 0 0 0 0 0 0 0 0 0 0 0 0 0 0 0 0 0 0 0 0 0 0 0 480 478 477 477 476 476 476 478 477 477 478 477 477 478 478 478 481 476 476 476 476 476 476 476 476 476 477 477 477 474 474 475 475 475 476 476 476 476 476 476 474 474 474 474 474 474 474 474 474 475 476 476 476 476 476 476 476 476 476 478 478 478 478 477 477 478 478 478 479 478 478 477 477 477 477 477 478 478 478 477 477 478 478 478 478 478 478 478 478 475 475 475 475 474 474 474 475 475 476 475 473 473 472 472 472 472 472 472 472 470 468 468 468 468 0
0 0 0 0 0 0 0 0 0 0 0 0 0 0 0 0 0 0 0 0 0 0 0 0 0 498 498 494 492 492 492 493 493 492 492 492 492 494 494 491 491 491 491 492 493 494 494 494 494 494 494 494 495 496 496 489 488 488 488 487 487 489 489 489 489 489 489 490 488 487 486 486 485 485 487 487 487 484 484 486 487 488 487 487 491 487 486 485 485 484 484 486 490 489 486 485 485 485 485 489 482 482 482 482 482 483 483 484 484 484 484 484 482 482 482 481 481 482 484 484 484 484 484 485 483 483 483 483 482 482 482 482 482 482 482 482 482 483 485 485 485 480 480 480 480 480 480 480 480 479 479 478 478 480 479 479 481 0 0 0 0 0 0 0 0 0 0 0 0 0 0 0 0 0 0 0 0 0 0 0 0 0 0 0 0 0 0 0 0 0 0 0 0 0 0 0 0 0 0 0 0 0 0 0 0 0 476 475 474 474 474 474 474 475 475 476 476 476 474 474 474 474 474 474 474 474 474 473 473 474 474 475 476 477 473 472 472 472 473 473 473 473 474 474 475 474 474 473 473 473 473 473 473 473 474 474 474 474 475 476 474 474 474 474 472 472 474 474 474 474 472 471 471 470 470 471 471 471 472 472 472 472 472 472 474 474 475 476 476 476 476 476 475 472 472 472 472 472 473 473 473 472 472 473 472 472 472 472 472 472 471 470 470 470 470 468 468 467 467 467
0 0 0 0 0 0 0 0 0 0 0 0 0 0 0 0 0 0 0 0 0 0 0 0 0 490 490 490 490 490 491 491 491 491 492 491 491 491 489 489 489 489 489 488 488 489 488 488 487 487 487 487 487 487 486 486 487 487 487 484 484 484 484 484 482 482 484 484 484 483 483 484 484 484 484 484 484 483 483 484 487 484 482 482 482 482 484 482 482 482 482 482 482 482 484 484 484 483 483 480 480 481 481 481 481 482 482 482 482 482 482 482 482 481 479 479 479 479 480 479 479 484 484 484 483 479 479 479 479 480 476 476 476 476 478 476 476 476 476 476 476 476 476 476 476 476 477 478 478 478 476 476 476 476 478 478 481 0 0 0 0 0 0 0 0 0 0 0 0 0 0 0 0 0 0 0 0 0 0 0 0 0 0 0 0 0 0 0 0 0 0 0 0 0 0 0 0 0 0 0 0 0 0 0 0 0 474 473 473 473 472 472 472 472 472 472 472 473 472 472 472 472 472 474 474 474 471 471 471 471 471 471 471 470 470 470 469 469 470 471 471 471 471 474 469 469 470 470 471 471 471 470 470 473 474 473 473 470 470 470 470 470 474 472 471 471 472 474 474 472 470 469 469 468 468 468 468 469 469 469 469 471 471 472 472 472 467 467 467 468 468 469 469 470 470 469 469 467 465 465 471 471 470 470 470 471 470 470 472 468 468 469 470 468 468 467 467 465 465 465
0 0 0 0 0 0 0 0 0 0 0 0 0 0 0 0 0 0 0 0 0 0 0 0 0 487 487 488 489 489 488 487 487 487 487 487 488 488 489 487 487 487 487 486 486 486 486 484 484 484 484 484 483 483 482 482 487 487 486 483 483 483 483 482 482 482 482 482 482 482 482 482 482 483 483 484 482 482 482 482 482 482 481 481 481 480 480 480 480 479 479 479 479 479 479 479 479 478 478 478 478 479 479 479 479 479 479 479 480 480 482 475 475 476 477 477 476 476 474 474 475 475 474 474 474 476 476 476 476 475 475 476 475 475 474 474 474 474 474 474 474 474 474 474 473 473 475 475 475 476 475 475 475 475 478 478 0 0 0 0 0 0 0 0 0 0 0 0 0 0 0 0 0 0 0 0 0 0 0 0 0 0 0 0 0 0 0 0 0 0 0 0 0 0 0 0 0 0 0 0 0 0 0 0 0 0 471 471 471 472 471 471 470 470 470 470 470 470 470 470 470 470 470 470 468 468 468 469 469 468 467 467 467 468 467 467 467 467 468 468 471 471 471 471 469 468 468 468 468 468 468 468 468 468 468 468 467 467 467 465 465 466 467 472 467 466 464 464 474 472 470 467 467 467 467 467 464 464 465 467 467 468 471 465 465 465 465 465 465 465 465 466 465 465 465 465 465 464 463 463 462 462 464 464 464 465 470 463 463 462 462 462 461 460 460 463 465 464 464 464
0 0 0 0 0 0 0 0 0 0 0 0 0 0 0 0 0 0 0 0 0 0 0 0 0 487 486 486 487 489 481 481 482 482 482 482 482 484 486 485 485 484 484 484 484 484 481 481 482 482 482 483 481 480 479 479 479 479 486 480 480 480 480 480 480 480 480 480 480 481 481 481 482 482 482 484 479 479 480 479 478 475 475 476 477 477 478 478 477 476 475 475 476 476 476 474 474 476 476 476 477 478 478 478 478 478 477 477 478 480 480 474 474 475 475 476 474 473 473 473 473 472 472 472 472 472 472 472 473 474 474 474 473 473 473 473 473 473 473 473 472 472 471 471 471 472 472 471 471 468 468 475 475 474 474 0 0 0 0 0 0 0 0 0 0 0 0 0 0 0 0 0 0 0 0 0 0 0 0 0 0 0 0 0 0 0 0 0 0 0 0 0 0 0 0 0 0 0 0 0 0 0 0 0 0 0 471 469 469 470 470 470 469 468 468 468 470 470 470 470 470 470 470 470 468 468 467 467 467 467 466 466 466 466 466 466 465 465 467 467 467 460 460 460 468 468 466 466 466 465 465 465 465 465 468 468 463 463 464 464 464 465 464 464 465 464 463 463 463 463 463 465 465 465 465 464 463 463 464 464 465 466 466 462 462 465 464 463 463 463 462 462 462 462 463 463 463 463 462 462 462 462 462 462 462 460 460 462 462 462 461 460 460 459 459 463 465 464 463 461
0 0 0 0 0 0 0 0 0 0 0 0 0 0 0 0 0 0 0 0 0 0 0 0 0 478 478 478 478 480 480 480 480 481 481 481 480 479 479 480 480 480 478 478 478 478 479 479 478 478 476 476 478 478 478 478 478 478 477 477 477 477 477 478 478 480 479 478 478 478 481 481 482 476 476 476 476 476 474 474 476 474 474 473 472 472 474 474 473 473 474 474 476 476 476 474 474 474 474 474 473 473 476 478 471 471 476 476 478 478 470 470 472 471 471 471 471 472 471 471 472 471 470 470 470 471 471 471 472 472 471 470 468 468 470 471 471 471 471 471 471 471 470 470 470 468 468 470 467 467 468 468 468 474 474 466 466 0 0 0 0 0 0 0 0 0 0 0 0 0 0 0 0 0 0 0 0 0 0 0 0 0 0 0 0 0 0 0 0 0 0 0 0 0 0 0 0 0 0 0 0 0 0 0 0 0 465 465 469 470 470 470 465 464 464 464 464 463 463 463 461 461 461 460 460 462 462 462 465 465 464 464 465 465 464 464 464 464 462 462 462 460 460 460 460 465 465 464 464 463 463 462 461 461 461 461 461 461 462 463 463 463 459 459 463 463 463 462 462 461 461 462 463 463 463 462 462 462 463 463 463 466 460 460 461 461 462 461 461 460 460 460 460 460 461 462 461 460 460 459 459 457 457 458 458 458 458 462 462 460 460 460 460 457 457 457 457 457 463 461
0 0 0 0 0 0 0 0 0 0 0 0 0 0 0 0 0 0 0 0 0 0 0 0 0 476 476 477 477 478 478 478 479 479 481 476 476 476 476 477 476 474 474 475 475 475 476 476 475 475 474 474 475 476 476 477 475 475 475 475 475 475 475 475 471 470 470 474 473 473 472 472 473 472 472 473 473 474 474 474 472 472 472 472 472 472 471 470 470 471 471 471 471 472 472 472 471 471 472 471 470 469 468 468 469 469 470 476 476 470 470 470 470 468 468 468 468 468 468 468 472 471 468 468 468 469 469 468 468 468 467 467 468 468 468 469 469 470 466 466 465 465 464 464 465 466 466 467 466 466 465 465 465 464 464 465 465 465 0 0 0 0 0 0 0 0 0 0 0 0 0 0 0 0 0 0 0 0 0 0 0 0 0 0 0 0 0 0 0 0 0 0 0 0 0 0 0 0 0 0 0 0 0 0 0 0 465 465 465 465 461 461 461 460 460 461 463 460 460 461 461 461 461 460 460 460 460 459 458 458 460 462 461 461 461 461 461 459 459 458 458 458 458 460 460 460 459 459 460 460 460 460 460 460 460 460 460 460 460 459 458 458 458 458 459 459 460 462 460 460 459 459 458 458 459 459 460 461 462 462 463 458 458 459 460 460 460 458 458 457 457 457 459 459 455 455 455 456 457 457 457 457 457 457 457 457 458 458 457 457 459 460 453 453 455 455 455 452 452 454
0 0 0 0 0 0 0 0 0 0 0 0 0 0 0 0 0 0 0 0 0 0 0 0 0 475 475 474 474 474 475 476 478 473 473 473 473 473 474 474 474 473 473 473 473 473 473 473 473 473 473 473 473 473 473 473 473 473 473 473 473 474 472 472 470 470 470 472 472 472 472 471 471 471 471 471 472 472 472 472 470 470 470 469 469 468 468 468 469 469 468 468 468 468 468 468 468 468 467 467 467 467 468 468 468 468 468 466 466 465 465 467 467 467 467 466 466 466 466 465 465 465 465 465 467 467 467 467 468 468 466 466 466 467 467 468 462 462 463 463 463 463 463 463 463 465 465 465 466 466 465 463 463 462 462 464 465 465 465 0 0 0 0 0 0 0 0 0 0 0 0 0 0 0 0 0 0 0 0 0 0 0 0 0 0 0 0 0 0 0 0 0 0 0 0 0 0 0 0 0 0 0 0 0 0 0 0 0 454 454 459 459 459 458 458 457 457 458 458 461 461 461 461 458 458 458 458 457 457 457 457 457 457 457 458 459 458 457 457 456 456 457 457 460 458 458 458 458 458 460 460 457 457 457 457 458 458 458 457 457 456 456 456 456 456 457 457 462 457 457 458 458 457 457 457 457 458 461 462 462 456 455 455 455 455 455 455 456 456 456 456 457 459 455 454 454 454 454 454 454 454 454 454 455 457 457 457 457 457 457 450 450 451 451 452 454 452 452 452 452
0 0 0 0 0 0 0 0 0 0 0 0 0 0 0 0 0 0 0 0 0 0 0 0 0 475 472 472 472 472 472 470 470 470 470 472 471 471 471 472 472 472 472 472 472 472 472 471 470 470 470 470 468 468 468 469 470 470 469 469 469 470 470 469 468 468 468 468 470 470 470 470 470 468 468 467 467 468 469 471 469 469 469 468 465 465 466 466 467 467 467 466 466 466 466 466 465 465 465 465 465 465 466 466 468 468 468 466 464 464 463 463 465 465 465 465 465 465 465 465 464 464 465 465 467 467 467 467 468 468 466 466 466 467 467 461 461 461 462 462 462 462 462 462 462 462 465 465 465 460 460 460 459 459 460 462 462 462 465 0 0 0 0 0 0 0 0 0 0 0 0 0 0 0 0 0 0 0 0 0 0 0 0 0 0 0 0 0 0 0 0 0 0 0 0 0 0 0 0 0 0 0 0 0 0 0 0 0 454 454 454 455 456 456 455 455 454 454 455 455 456 456 452 456 456 456 456 456 456 456 457 456 456 455 455 456 455 455 455 455 455 457 457 457 458 458 458 458 458 454 454 454 455 456 456 456 456 456 455 455 455 454 454 454 454 454 454 453 453 452 452 452 452 452 453 453 452 451 450 450 451 452 452 452 452 452 452 452 452 454 455 455 455 455 452 451 451 451 451 452 452 451 451 451 451 451 447 448 448 448 448 449 449 449 450 453 452 450 450 449
0 0 0 0 0 0 0 0 0 0 0 0 0 0 0 0 0 0 0 0 0 0 0 0 0 0 468 468 469 470 469 469 469 469 470 470 470 469 468 468 468 468 468 470 470 470 470 468 468 468 468 466 466 465 465 466 467 466 466 465 465 465 467 468 467 467 467 467 467 467 470 467 467 466 466 466 466 466 465 465 463 463 465 465 465 465 465 464 464 465 464 464 465 465 465 465 463 463 463 463 463 463 463 461 461 460 460 460 460 460 462 462 463 463 463 463 463 465 465 461 461 461 461 461 462 458 458 459 459 459 459 458 458 461 461 461 461 460 460 460 462 460 458 458 459 458 458 458 457 457 457 456 456 457 456 456 457 462 465 0 0 0 0 0 0 0 0 0 0 0 0 0 0 0 0 0 0 0 0 0 0 0 0 0 0 0 0 0 0 0 0 0 0 0 0 0 0 0 0 0 0 0 0 0 0 0 0 452 452 452 453 454 454 453 453 453 453 453 454 453 452 452 452 452 454 453 453 452 452 456 457 456 455 454 454 454 454 454 454 454 454 454 454 455 455 455 455 449 449 451 452 453 453 452 452 452 452 451 451 451 452 452 452 452 452 452 452 451 451 451 451 451 451 451 451 451 451 451 450 450 451 451 451 451 450 450 451 451 451 452 452 453 447 447 448 449 450 451 451 450 449 448 448 448 448 448 447 447 447 447 448 448 448 447 446 446 446 446 447 449
0 0 0 0 0 0 0 0 0 0 0 0 0 0 0 0 0 0 0 0 0 0 0 0 0 0 465 465 465 465 465 465 466 467 467 466 466 466 466 467 467 467 467 466 465 465 465 465 465 465 464 464 465 465 465 464 464 464 464 464 463 463 465 465 465 463 463 463 463 463 470 463 463 463 463 465 465 463 463 462 462 462 462 462 463 463 463 463 463 461 461 462 465 465 459 459 459 459 462 462 462 460 460 460 458 458 458 459 459 459 458 458 458 458 458 463 463 458 458 458 458 458 457 457 457 458 458 458 458 458 458 458 458 454 454 454 460 460 460 460 460 455 455 455 459 458 458 456 456 456 456 455 455 455 455 455 454 454 454 0 0 0 0 0 0 0 0 0 0 0 0 0 0 0 0 0 0 0 0 0 0 0 0 0 0 0 0 0 0 0 0 0 0 0 0 0 0 0 0 0 0 0 0 0 0 0 450 450 451 451 452 452 452 451 451 451 451 451 451 450 450 451 452 452 452 451 451 451 450 450 449 449 455 451 451 450 450 451 451 451 454 454 446 455 455 450 449 449 449 449 450 450 450 450 450 452 447 447 448 450 450 451 450 450 451 451 451 449 449 449 449 449 449 449 448 448 449 449 449 449 449 449 450 449 449 449 449 449 448 448 446 446 446 446 446 447 448 449 447 447 446 445 445 446 446 446 446 446 446 446 447 446 446 445 445 444 444 445 447 0
0 0 0 0 0 0 0 0 0 0 0 0 0 0 0 0 0 0 0 0 0 0 0 0 0 0 463 463 463 463 464 464 465 464 464 463 463 463 462 462 462 464 465 463 463 464 463 463 462 462 462 462 462 463 463 461 461 462 462 462 462 462 463 463 465 462 462 460 460 458 458 460 459 458 458 458 458 458 458 458 460 458 458 458 458 458 458 459 459 458 458 457 457 458 458 458 458 458 458 462 462 459 458 458 458 458 458 458 458 457 457 457 457 457 458 463 463 458 455 455 455 455 455 454 454 455 456 456 457 457 457 458 458 454 454 454 452 452 448 454 454 454 453 453 453 455 455 454 454 455 454 454 454 454 454 452 452 453 453 0 0 0 0 0 0 0 0 0 0 0 0 0 0 0 0 0 0 0 0 0 0 0 0 0 0 0 0 0 0 0 0 0 0 0 0 0 0 0 0 0 0 0 0 0 448 448 448 449 449 449 449 449 450 449 449 449 449 449 449 449 449 449 452 452 452 449 449 449 449 449 449 449 0 451 448 448 449 449 449 447 447 447 446 446 446 448 448 448 448 448 448 448 448 450 450 452 447 447 447 448 448 448 450 448 448 447 446 446 446 446 449 445 445 446 446 446 446 446 446 446 448 448 448 447 446 445 445 445 445 445 445 445 445 445 446 446 446 445 445 445 443 443 443 444 444 444 446 446 446 446 447 443 443 443 444 442 442 445 445 440
0 0 0 0 0 0 0 0 0 0 0 0 0 0 0 0 0 0 0 0 0 0 0 0 0 0 459 459 460 463 463 463 463 460 460 460 460 460 460 460 460 460 461 461 462 461 461 460 460 460 460 460 460 460 460 460 459 459 459 460 460 459 459 463 465 462 457 457 458 457 457 457 457 457 457 457 457 457 457 457 457 457 456 456 456 456 456 459 456 456 456 456 455 455 455 457 456 455 454 454 454 455 455 455 455 458 458 456 456 455 455 455 455 455 458 454 454 454 454 455 455 454 452 452 453 452 452 452 454 454 457 457 451 451 451 452 452 452 448 449 451 451 450 450 450 450 455 454 454 451 451 451 451 450 450 451 451 452 452 0 0 0 0 0 0 0 0 0 0 0 0 0 0 0 0 0 0 0 0 0 0 0 0 0 0 0 0 0 0 0 0 0 0 0 0 0 0 0 0 0 0 0 0 0 446 446 447 447 447 446 445 445 445 445 446 449 449 449 447 447 447 449 449 449 449 449 449 449 449 449 449 449 448 448 448 448 449 449 449 447 445 444 444 444 444 444 445 445 445 446 446 446 445 444 444 444 444 444 444 446 448 448 448 444 442 442 444 444 445 444 444 444 444 445 445 446 445 444 444 445 445 445 444 444 444 444 444 444 444 444 445 444 444 444 442 441 441 441 439 439 441 442 442 442 441 441 439 438 438 439 440 440 440 439 439 440 438 438 440 440
0 0 0 0 0 0 0 0 0 0 0 0 0 0 0 0 0 0 0 0 0 0 0 0 0 0 458 458 460 462 463 463 457 457 457 457 458 459 458 458 458 458 458 458 456 455 455 455 456 457 457 457 457 455 455 455 455 456 457 457 456 456 455 455 455 455 455 455 456 456 456 455 455 456 456 456 456 456 456 455 455 455 455 454 454 454 453 452 452 452 453 454 454 454 454 453 453 452 452 451 451 451 455 452 452 452 454 454 454 455 455 452 452 453 453 454 454 452 452 451 449 449 449 451 451 451 451 450 449 448 448 448 448 449 449 449 449 448 448 449 449 449 449 449 449 449 448 448 448 448 449 451 451 448 448 445 445 451 451 0 0 0 0 0 0 0 0 0 0 0 0 0 0 0 0 0 0 0 0 0 0 0 0 0 0 0 0 0 0 0 0 0 0 0 0 0 0 0 0 0 0 0 0 0 443 443 445 446 443 443 443 444 444 444 446 446 449 449 447 444 444 444 442 0 444 444 442 442 442 441 441 0 0 436 438 438 438 438 444 444 444 442 442 442 442 442 443 443 443 443 442 442 441 441 441 441 442 442 442 446 446 441 441 441 441 441 441 442 442 442 442 442 442 442 442 442 445 444 441 441 441 440 440 441 442 442 442 442 441 440 440 440 440 439 439 439 439 438 438 438 437 437 438 437 437 437 437 437 438 438 438 438 437 437 437 437 437 437 440 437
0 0 0 0 0 0 0 0 0 0 0 0 0 0 0 0 0 0 0 0 0 0 0 0 0 0 457 457 460 462 462 454 454 455 455 455 454 454 455 456 456 457 457 455 455 454 454 454 455 455 456 455 454 453 453 454 454 455 454 454 454 454 455 455 455 454 454 454 453 453 453 453 453 454 455 454 454 454 454 454 454 455 455 454 453 452 451 451 451 451 451 451 451 451 451 452 452 452 451 450 449 449 449 449 449 448 448 448 454 454 451 451 451 448 448 448 448 452 452 447 447 448 448 449 449 450 448 448 447 447 447 447 447 447 447 448 448 448 446 446 447 447 447 448 448 448 446 446 446 447 448 448 448 448 445 445 445 451 451 0 0 0 0 0 0 0 0 0 0 0 0 0 0 0 0 0 0 0 0 0 0 0 0 0 0 0 0 0 0 0 0 0 0 0 0 0 0 0 0 0 0 0 0 442 442 442 442 442 442 442 442 442 442 442 442 442 442 442 442 442 442 442 442 0 440 440 440 441 441 441 441 0 0 0 0 0 438 438 438 444 444 441 441 442 442 442 440 440 438 438 440 440 441 440 440 440 440 440 438 438 438 439 440 440 441 440 440 440 440 440 440 440 440 440 440 440 440 441 441 441 438 438 438 438 440 440 438 437 437 438 438 440 437 437 437 437 437 436 436 436 436 436 436 436 436 436 436 436 436 435 435 436 436 436 436 436 437 437 440 435
0 0 0 0 0 0 0 0 0 0 0 0 0 0 0 0 0 0 0 0 0 0 0 0 0 0 457 457 457 451 451 451 452 453 452 451 451 451 455 453 453 453 453 453 453 453 453 452 452 452 454 453 453 452 452 452 452 452 451 449 449 449 450 455 455 454 449 449 449 450 451 451 451 451 455 451 451 451 451 451 453 455 452 452 451 451 451 450 450 450 448 448 449 449 449 449 449 449 450 449 449 449 448 448 448 448 448 447 447 447 451 451 445 445 446 447 447 447 443 443 444 445 445 445 445 445 446 446 446 446 446 446 446 446 446 446 445 445 446 445 445 446 446 446 446 448 446 444 444 442 442 442 439 445 445 444 444 440 440 440 440 0 0 0 0 0 0 0 0 0 0 0 0 0 0 0 0 0 0 0 0 0 0 0 0 0 0 0 0 0 0 0 0 0 0 0 0 0 0 0 0 0 0 442 440 440 440 440 440 439 439 439 440 440 440 436 436 440 440 440 440 442 442 435 438 438 438 439 440 440 440 436 436 0 0 435 438 438 438 438 438 441 441 442 442 442 437 437 437 437 438 438 438 440 438 438 437 437 437 437 437 437 437 438 438 438 438 436 436 436 435 435 436 436 437 437 437 436 436 436 436 437 438 436 436 436 434 434 435 435 436 436 435 435 435 434 433 433 434 434 434 433 433 434 435 435 435 433 433 434 433 432 432 432 435 435 435 433 432 432
0 0 0 0 0 0 0 0 0 0 0 0 0 0 0 0 0 0 0 0 0 0 0 0 0 0 0 448 448 448 449 449 450 451 450 449 449 449 448 448 453 453 453 453 452 450 450 450 450 451 452 451 450 449 449 450 451 451 450 448 448 448 448 448 448 446 446 446 448 448 448 449 448 446 446 446 446 447 448 444 444 455 446 446 446 446 448 447 447 446 446 446 449 449 449 449 449 449 450 447 445 444 444 444 444 446 446 446 446 446 439 444 444 444 444 443 442 442 442 442 442 444 444 442 442 443 444 445 445 445 444 444 444 444 444 446 440 440 440 440 444 444 444 446 446 441 438 437 437 438 438 438 439 437 437 438 436 436 437 437 437 439 440 0 0 0 0 0 0 0 0 0 0 0 0 0 0 0 0 0 0 0 0 0 0 0 0 0 0 0 0 0 0 0 0 0 0 0 0 0 438 438 437 437 437 438 438 440 438 437 437 437 437 437 436 436 436 440 440 440 440 440 435 435 435 435 436 436 436 436 436 436 436 432 432 435 435 435 436 436 437 437 433 437 437 436 436 436 435 435 435 435 436 436 436 436 436 436 436 436 436 435 435 436 436 434 434 434 435 435 434 434 435 436 435 435 435 434 433 433 434 435 436 434 433 433 433 433 433 433 433 433 433 433 432 432 432 432 433 432 432 431 431 431 430 430 430 431 431 432 430 429 429 430 435 435 435 431 431 431
0 0 0 0 0 0 0 0 0 0 0 0 0 0 0 0 0 0 0 0 0 0 0 0 0 0 448 448 447 447 448 448 448 448 448 447 447 447 446 446 446 446 446 446 449 447 447 447 448 448 452 447 446 446 447 447 449 451 446 445 445 446 446 446 445 444 444 444 444 445 446 446 446 446 446 446 446 444 444 444 444 444 444 444 444 444 445 443 443 443 443 443 442 442 442 442 438 442 442 442 443 443 442 442 442 446 439 439 439 439 439 439 438 438 438 438 438 440 441 440 440 440 440 437 437 441 440 440 445 445 444 444 444 444 444 444 440 440 439 439 444 438 438 438 438 436 436 435 435 435 435 437 437 437 437 436 436 435 435 437 437 439 440 0 0 0 0 0 0 0 0 0 0 0 0 0 0 0 0 0 0 0 0 0 0 0 0 0 0 0 0 0 0 0 0 0 0 0 0 432 431 431 432 432 433 433 433 433 433 433 432 432 433 432 432 433 433 433 431 429 429 433 432 432 433 434 435 435 431 431 430 430 432 432 432 432 433 433 434 435 433 433 433 437 437 435 435 435 435 434 434 434 432 432 435 436 435 435 434 433 433 433 433 433 433 433 432 432 432 432 432 432 433 433 433 431 431 431 431 431 432 432 432 431 431 431 432 432 431 430 430 430 430 430 430 430 431 431 431 431 431 430 430 429 429 428 428 431 426 426 429 429 429 429 425 425 425 431 426 426
0 0 0 0 0 0 0 0 0 0 0 0 0 0 0 0 0 0 0 0 0 0 0 0 0 0 448 445 445 446 446 446 445 445 445 445 445 445 444 444 444 444 444 444 445 445 445 445 444 444 443 443 444 444 446 446 449 449 444 444 444 444 444 443 443 443 443 443 443 443 443 443 444 444 444 445 442 442 443 443 443 443 442 441 441 441 440 439 439 440 441 442 438 437 437 439 438 438 439 439 442 442 437 437 437 437 438 437 437 437 437 437 436 436 436 436 436 437 437 437 437 437 435 435 436 441 440 440 440 432 432 432 432 440 0 0 440 440 439 439 439 438 438 438 435 435 435 435 434 433 433 434 437 436 436 435 435 435 435 0 0 0 0 0 0 0 0 0 0 0 0 0 0 0 0 0 0 0 0 0 0 0 0 0 0 0 0 0 0 0 0 0 0 0 0 424 424 425 0 431 431 431 430 430 430 431 430 430 430 431 431 431 431 431 431 431 431 429 428 427 427 427 432 432 433 429 429 429 428 428 428 429 429 429 430 430 430 429 429 430 430 429 429 427 427 429 429 429 429 429 429 429 429 429 432 432 435 435 431 431 432 431 431 433 433 433 431 431 431 431 431 431 431 433 429 429 431 431 430 429 428 428 429 429 429 430 430 430 429 429 429 427 427 427 427 430 431 431 431 430 429 427 426 426 426 423 423 423 423 423 424 427 425 425 424 424 424 425 425 426
0 0 0 0 0 0 0 0 0 0 0 0 0 0 0 0 0 0 0 0 0 0 0 0 0 0 0 441 441 441 441 441 441 443 442 442 443 444 443 442 442 442 442 443 444 444 444 443 442 442 443 443 441 441 446 446 446 441 441 441 441 441 441 440 440 441 441 440 440 440 440 440 440 440 438 438 438 437 437 442 442 439 439 440 439 439 438 438 438 438 438 442 436 436 436 436 436 437 437 439 442 433 433 433 435 436 437 437 436 436 436 437 435 435 435 435 435 435 435 435 435 433 433 433 433 433 432 432 432 432 432 432 0 0 0 0 0 0 0 0 0 431 431 431 431 432 432 433 432 432 432 431 431 436 436 435 435 435 435 0 0 0 0 0 0 0 0 0 0 0 0 0 0 0 0 0 0 0 0 0 0 0 0 0 0 0 0 0 0 0 0 0 0 0 0 424 424 425 425 425 431 429 429 428 428 426 426 427 427 429 429 429 427 427 429 427 427 427 427 427 427 427 427 427 427 427 427 427 427 427 427 429 429 429 430 430 430 429 429 430 426 426 427 426 426 427 428 428 427 427 427 427 427 427 426 425 425 425 431 431 432 431 425 425 426 426 425 425 427 430 429 429 427 427 427 427 427 427 427 426 426 427 427 427 427 427 427 427 426 426 425 425 425 426 426 426 426 424 424 424 424 425 424 424 423 423 423 423 421 421 423 427 424 424 423 423 424 424 424 425
0 0 0 0 0 0 0 0 0 0 0 0 0 0 0 0 0 0 0 0 0 0 0 0 0 0 0 440 440 438 438 440 440 440 441 441 441 441 441 441 441 440 440 440 442 443 439 439 439 440 440 438 438 438 438 437 437 437 437 437 437 437 437 436 436 435 435 436 436 437 438 439 438 438 437 437 437 436 435 435 435 435 436 434 434 435 435 435 436 436 438 438 435 435 435 435 435 436 437 437 433 433 433 433 435 436 437 437 433 433 433 437 435 431 431 431 432 433 433 432 432 432 432 432 432 432 431 430 430 431 431 431 428 429 0 0 0 0 0 0 0 432 431 431 431 432 432 432 429 429 429 429 429 429 429 0 0 0 0 0 0 0 0 0 0 0 0 0 0 0 0 0 0 0 0 0 0 0 0 0 0 0 0 0 0 0 0 0 0 0 0 0 0 0 0 425 425 425 425 425 424 424 425 426 426 426 426 426 426 426 429 429 426 426 425 425 424 424 424 425 426 426 426 426 426 426 426 426 426 425 425 429 429 423 423 423 423 423 423 424 424 424 424 424 425 425 425 425 425 426 426 426 427 427 424 424 424 425 425 425 424 424 424 424 424 424 424 424 424 430 429 429 424 424 424 423 423 424 424 424 424 422 422 423 423 424 424 423 423 424 423 423 423 423 422 422 421 421 423 422 422 422 422 422 421 421 421 421 421 421 421 421 424 420 420 421 423 423 424 425
0 0 0 0 0 0 0 0 0 0 0 0 0 0 0 0 0 0 0 0 0 0 0 0 0 0 0 438 438 438 438 438 438 438 439 438 437 437 436 436 436 436 435 435 435 435 435 434 433 433 433 433 435 435 436 436 435 435 435 435 435 435 435 435 434 433 433 435 435 435 433 433 438 438 435 435 434 434 434 434 434 433 432 432 432 432 432 432 432 436 436 433 433 433 433 433 435 431 431 431 433 433 433 433 433 437 437 437 432 432 432 433 430 430 430 430 430 432 432 432 430 430 431 432 432 432 431 429 429 429 429 428 428 429 429 0 0 0 0 0 0 432 429 429 432 427 427 428 428 428 429 428 428 429 429 0 0 0 0 0 0 0 0 0 0 0 0 0 0 0 0 0 0 0 0 0 0 0 0 0 0 0 0 0 0 0 0 0 0 0 0 0 0 0 0 425 425 425 424 424 423 423 424 424 424 424 426 425 424 423 423 423 426 426 425 424 423 423 423 424 426 426 426 426 426 426 423 423 423 423 423 423 423 423 423 423 423 422 422 423 423 424 424 424 424 424 425 421 421 423 423 423 423 424 424 424 424 425 425 419 424 424 424 422 422 421 421 421 421 422 422 422 422 422 422 423 423 424 424 422 422 422 421 421 421 421 419 419 419 419 419 419 419 419 419 419 419 419 421 421 421 420 419 419 421 421 421 421 421 421 421 421 421 419 419 419 416 416 0 0
0 0 0 0 0 0 0 0 0 0 0 0 0 0 0 0 0 0 0 0 0 0 0 0 0 0 0 431 431 431 431 431 431 433 433 433 434 434 435 436 436 436 435 431 431 435 433 433 432 432 432 431 431 435 436 434 434 433 433 434 435 435 435 435 431 431 432 432 432 433 431 430 430 430 430 430 431 431 431 432 433 430 430 430 430 430 431 431 430 430 428 428 429 433 433 433 433 430 430 430 430 426 426 426 0 0 0 0 432 432 432 427 427 428 428 428 428 428 428 428 430 430 431 432 432 432 429 429 429 427 427 427 427 427 427 427 0 0 0 0 0 0 429 429 429 427 427 428 428 428 428 428 428 429 429 0 0 0 0 0 0 0 0 0 0 0 0 0 0 0 0 0 0 0 0 0 0 0 0 0 0 0 0 0 0 0 0 0 0 0 0 421 421 421 422 425 425 425 424 421 421 422 421 421 421 421 423 423 421 421 421 421 421 426 426 424 421 421 421 421 421 419 419 423 423 423 423 421 421 422 422 423 423 423 423 423 423 421 421 421 421 420 420 420 424 424 425 421 421 420 420 420 420 420 418 417 419 419 419 419 416 416 422 422 422 421 418 418 419 419 419 419 419 418 418 418 416 416 418 418 418 419 419 419 419 418 418 418 418 417 417 418 418 418 417 416 415 415 418 415 415 416 416 416 419 421 421 421 421 421 421 421 421 419 419 418 415 415 415 0
0 0 0 0 0 0 0 0 0 0 0 0 0 0 0 0 0 0 0 0 0 0 0 0 0 0 0 429 429 430 430 430 430 430 430 430 433 433 433 430 430 430 430 430 430 431 431 431 431 431 431 430 430 430 430 430 430 430 430 430 428 427 427 427 427 428 431 431 431 429 429 429 429 429 429 428 428 429 429 429 429 429 429 429 429 430 430 430 429 428 428 428 429 429 429 427 427 427 429 430 430 426 426 426 0 0 0 0 0 0 0 427 427 428 428 428 426 426 425 425 425 422 422 422 422 422 421 429 429 427 426 425 425 425 426 427 0 0 0 0 0 0 0 419 419 419 419 416 428 428 428 428 428 422 421 421 0 0 0 0 0 0 0 0 0 0 0 0 0 0 0 0 0 0 0 0 0 0 0 0 0 0 0 0 0 0 0 0 0 0 0 420 420 421 421 421 417 420 420 420 420 421 419 419 419 419 423 423 418 418 419 419 420 420 418 418 418 419 419 419 419 419 0 0 0 418 418 418 419 419 420 423 423 423 423 421 421 421 421 419 418 418 418 419 419 415 415 416 417 418 419 419 419 418 418 417 417 417 419 419 416 416 416 416 416 416 416 416 418 418 419 419 419 416 416 416 416 416 416 416 416 417 416 416 416 416 416 416 416 416 416 416 416 415 415 415 414 414 418 415 415 415 414 414 419 419 410 410 409 409 410 410 410 411 411 411 412 412 414 0
0 0 0 0 0 0 0 0 0 0 0 0 0 0 0 0 0 0 0 0 0 0 0 0 0 0 0 426 425 425 426 426 426 427 427 428 426 426 426 426 428 429 429 429 429 429 429 429 430 430 430 429 429 429 429 428 428 428 428 429 427 427 427 427 427 427 427 427 427 429 428 428 428 427 427 427 427 427 427 427 429 429 428 428 429 430 430 425 425 425 425 425 429 429 421 423 423 423 424 424 424 424 424 426 0 0 0 0 0 0 0 0 0 0 0 425 425 425 423 423 422 422 422 422 422 422 421 421 422 422 422 421 421 420 420 420 421 0 0 0 0 0 0 0 419 419 419 416 416 416 420 420 420 420 421 421 0 0 0 0 0 0 0 0 0 0 0 0 0 0 0 0 0 0 0 0 0 0 0 0 0 0 0 0 0 0 0 0 0 0 0 419 419 421 421 421 417 417 417 419 419 419 418 418 418 419 419 416 416 416 417 416 416 415 415 416 416 416 418 417 417 417 415 415 415 416 416 416 415 415 418 418 412 413 413 0 416 416 416 416 416 416 416 416 415 415 415 415 415 415 416 416 417 418 418 416 416 416 416 412 416 416 416 415 415 415 415 416 416 418 419 419 414 414 415 414 414 414 415 416 416 414 414 416 416 413 413 414 415 411 411 411 416 415 415 415 414 414 414 415 415 415 410 410 410 410 410 410 409 409 409 410 410 407 407 410 410 409 409 409
0 0 0 0 0 0 0 0 0 0 0 0 0 0 0 0 0 0 0 0 0 0 0 0 0 0 0 424 424 424 424 425 425 425 425 425 425 425 426 426 428 428 429 429 426 426 426 424 424 426 426 426 427 427 426 426 426 427 427 427 426 426 427 427 427 424 424 424 424 424 424 426 425 425 425 425 426 426 426 426 426 428 428 428 428 420 420 420 424 424 424 424 424 421 421 422 422 422 422 422 422 423 423 423 0 0 0 0 0 0 0 0 0 0 0 425 425 425 423 422 422 421 421 422 421 421 420 420 421 420 420 420 420 420 420 420 420 0 419 419 419 419 419 419 419 419 419 416 416 416 417 418 418 419 0 0 0 0 0 0 0 0 0 0 0 0 0 0 0 0 0 0 0 0 0 0 0 0 0 0 0 0 0 0 0 0 0 0 0 0 0 419 419 419 413 416 416 415 415 415 415 415 416 416 416 416 415 414 414 415 417 416 414 413 412 412 413 416 416 416 414 414 415 415 415 416 415 415 415 414 413 412 412 413 413 0 0 414 414 413 413 414 414 416 415 414 414 414 414 413 412 412 412 413 413 413 414 414 414 412 412 416 416 414 413 413 413 413 413 412 411 411 414 414 415 414 414 411 411 411 411 414 414 410 410 410 410 411 415 411 410 410 410 410 406 407 407 407 407 409 409 408 408 408 406 406 408 408 408 409 409 407 407 407 407 408 408 408 408 409
0 0 0 0 0 0 0 0 0 0 0 0 0 0 0 0 0 0 0 0 0 0 0 0 0 0 0 422 422 423 423 424 424 424 424 424 424 424 424 424 423 423 423 422 422 422 423 423 423 424 424 424 424 424 424 424 424 427 427 427 425 425 423 423 422 422 423 423 423 422 422 422 422 423 424 424 424 424 423 423 421 420 419 419 419 419 419 420 423 423 423 421 420 420 421 420 420 420 421 422 422 421 420 420 420 0 0 0 0 0 0 0 0 0 0 0 0 0 0 422 420 420 421 422 421 418 418 418 419 419 419 418 418 418 420 420 420 420 419 419 418 418 419 419 418 418 418 416 416 415 415 418 418 418 0 0 0 0 0 0 0 0 0 0 0 0 0 0 0 0 0 0 0 0 0 0 0 0 0 0 0 0 0 0 0 0 0 0 0 0 0 0 0 0 413 413 413 414 414 414 414 414 413 413 414 416 415 414 414 415 415 413 413 412 412 412 412 416 412 412 412 414 415 415 415 416 414 414 414 411 411 411 412 412 412 409 407 412 412 412 412 412 412 412 412 412 412 412 412 412 412 412 412 412 412 412 411 411 411 411 411 410 410 410 410 410 411 412 410 410 409 409 410 409 409 409 409 409 409 409 409 409 409 409 409 409 408 408 408 411 410 410 410 405 406 406 406 406 405 405 405 405 405 405 405 405 406 408 408 409 409 407 407 407 407 406 406 406 407 407
0 0 0 0 0 0 0 0 0 0 0 0 0 0 0 0 0 0 0 0 0 0 0 0 0 0 0 422 422 423 423 423 423 423 423 423 424 423 423 423 422 422 422 421 421 421 422 422 423 422 422 422 423 423 423 422 422 422 421 421 420 420 420 420 420 421 421 422 422 421 420 420 421 421 422 422 421 421 423 423 421 419 419 419 419 419 419 419 420 420 420 420 420 420 420 419 419 420 421 422 422 419 419 419 420 0 0 0 0 0 0 0 0 0 0 0 0 0 0 0 420 420 0 0 0 418 416 416 419 419 419 416 415 415 415 414 414 414 414 413 413 418 418 418 417 417 417 415 414 414 413 413 414 418 0 0 0 0 0 0 0 0 0 0 0 0 0 0 0 0 0 0 0 0 0 0 0 0 0 0 0 0 0 0 0 0 0 0 0 0 0 0 0 0 0 413 409 409 414 414 412 412 412 412 410 409 409 410 410 410 410 410 411 410 410 410 410 410 410 409 409 409 409 409 409 409 414 414 414 410 410 410 410 410 409 409 407 407 410 410 410 410 410 410 409 409 408 408 409 411 411 410 410 411 410 410 411 411 409 409 409 409 409 409 409 409 409 412 409 408 408 408 408 408 408 409 408 408 407 407 407 407 407 407 408 407 406 406 406 406 406 406 405 405 405 405 405 406 403 403 403 403 403 404 404 403 403 403 403 401 401 407 407 405 405 402 402 403 404 406
0 0 0 0 0 0 0 0 0 0 0 0 0 0 0 0 0 0 0 0 0 0 0 0 0 0 0 422 421 421 421 419 419 418 418 418 421 419 418 416 416 419 419 419 420 420 420 420 419 419 420 420 423 423 420 420 420 420 419 418 418 419 419 420 420 420 420 420 419 419 420 420 419 416 416 416 416 416 416 416 418 418 418 418 418 418 418 418 420 420 420 420 418 418 416 416 416 416 415 415 415 415 419 419 420 0 0 0 0 0 0 0 0 0 0 0 0 0 0 0 0 0 0 0 0 0 416 414 412 412 413 413 414 414 413 413 413 412 412 412 412 0 418 418 417 417 411 411 412 413 413 413 413 0 0 0 0 0 0 0 0 0 0 0 0 0 0 0 0 0 0 0 0 0 0 0 0 0 0 0 0 0 0 0 0 0 0 0 0 0 0 0 0 409 409 409 409 409 409 409 409 409 410 410 410 409 409 409 409 410 409 409 409 409 409 409 409 409 409 409 409 409 408 408 407 407 407 407 408 408 409 408 408 410 408 408 407 407 407 407 409 409 409 408 408 408 407 407 407 408 408 409 409 409 409 410 410 407 407 407 408 408 409 408 406 406 408 408 406 405 405 405 405 406 407 408 408 408 405 405 405 405 406 406 406 406 404 404 404 404 404 404 404 405 405 405 405 403 402 402 402 403 403 403 403 402 402 401 401 401 401 401 402 401 401 402 402 402 403 404
0 0 0 0 0 0 0 0 0 0 0 0 0 0 0 0 0 0 0 0 0 0 0 0 0 0 0 0 421 421 421 418 418 418 418 418 416 416 416 416 416 416 416 416 418 418 417 417 417 418 418 415 415 416 416 415 415 415 415 416 416 417 417 420 420 420 420 416 416 416 416 416 416 416 414 414 415 415 415 416 416 416 416 416 418 418 412 412 413 414 413 413 418 418 416 416 416 416 413 413 415 415 419 419 420 0 0 0 0 0 0 0 0 0 0 0 0 0 0 0 0 0 0 0 0 0 0 411 411 411 411 411 411 411 411 411 412 412 412 412 412 0 0 0 0 0 411 411 412 413 413 413 413 0 0 0 0 0 0 0 0 0 0 0 0 0 0 0 0 0 0 0 0 0 0 0 0 0 0 0 0 0 0 0 0 0 0 0 0 0 0 0 0 407 407 409 408 408 408 409 409 409 410 409 409 409 409 409 409 410 409 409 408 408 408 408 408 409 407 407 408 408 407 407 406 406 406 406 406 407 407 406 406 407 406 404 404 404 407 407 409 407 407 405 405 406 407 407 407 407 408 407 405 405 406 406 406 407 407 407 407 407 407 405 405 405 408 408 404 404 404 404 404 405 407 408 408 403 402 402 404 404 404 403 403 403 403 403 404 404 404 404 404 404 404 399 399 399 400 400 401 401 401 401 400 399 398 398 399 400 400 400 401 400 400 401 401 402 403 404
0 0 0 0 0 0 0 0 0 0 0 0 0 0 0 0 0 0 0 0 0 0 0 0 0 0 0 0 0 410 410 418 418 418 418 418 414 414 414 415 415 415 415 415 415 415 415 415 415 415 415 415 415 414 414 414 414 414 415 415 416 416 416 416 412 414 414 414 414 414 415 414 414 414 413 413 414 414 414 415 415 415 415 411 411 411 411 412 412 413 412 412 411 411 411 410 410 412 412 412 412 411 411 411 411 0 0 0 0 0 0 0 0 0 0 0 0 0 0 0 0 0 0 0 0 0 0 411 409 409 409 409 409 409 409 410 412 412 412 412 0 0 0 0 0 0 0 0 0 0 0 0 0 0 0 0 0 0 0 0 0 0 0 0 0 0 0 0 0 0 0 0 0 0 0 0 0 0 0 0 0 0 0 0 0 0 0 0 0 0 0 0 0 407 407 0 408 408 408 409 409 0 0 409 409 0 409 409 409 0 0 0 408 408 408 408 408 409 406 406 408 408 407 407 406 406 406 406 406 406 406 405 405 404 404 404 403 403 403 403 402 402 402 403 403 403 406 405 405 407 408 407 405 404 404 404 0 398 407 407 407 407 403 402 402 402 402 401 401 401 401 402 402 401 401 400 400 401 401 401 402 402 402 401 401 401 402 402 402 396 405 405 404 398 398 399 399 399 399 399 401 398 398 398 398 398 398 398 398 399 399 399 401 400 400 401 401 0 0 0
0 0 0 0 0 0 0 0 0 0 0 0 0 0 0 0 0 0 0 0 0 0 0 0 0 0 0 0 409 409 409 410 410 409 413 413 413 413 413 413 413 415 414 414 413 412 412 413 413 413 414 414 414 413 413 413 413 414 415 415 415 415 416 416 412 412 412 413 413 413 412 412 413 412 412 412 413 413 413 413 414 414 415 411 410 410 410 411 411 412 412 412 410 410 410 410 410 409 409 410 411 410 410 411 411 0 408 408 408 408 408 0 0 0 0 0 0 0 0 0 0 0 0 0 0 0 0 0 408 408 408 408 408 408 409 410 0 0 0 0 0 0 0 0 0 0 0 0 0 0 0 0 0 0 0 0 0 0 0 0 0 0 0 0 0 0 0 0 0 0 0 0 0 0 0 0 0 0 0 0 0 0 0 0 0 0 0 0 0 0 0 0 0 0 0 0 0 0 0 0 0 0 0 0 0 0 0 0 0 0 0 0 0 0 0 0 0 0 406 406 406 402 402 402 400 400 406 406 406 406 400 400 402 404 402 402 401 401 402 401 401 401 401 402 402 401 401 401 400 400 401 401 401 402 404 404 398 398 398 398 399 403 403 400 400 401 401 400 400 400 400 401 400 400 400 399 399 400 400 400 399 399 399 398 398 398 399 402 402 396 396 396 396 397 397 397 399 399 399 395 394 394 395 394 394 396 396 395 395 395 399 399 399 394 394 394 0 0 0 0
0 0 0 0 0 0 0 0 0 0 0 0 0 0 0 0 0 0 0 0 0 0 0 0 0 0 0 0 409 409 409 409 409 409 0 412 412 411 411 411 410 410 414 411 411 412 412 412 412 413 412 412 412 412 412 412 409 409 409 408 407 407 408 410 410 411 411 412 411 411 411 411 411 411 411 411 411 413 413 408 408 408 408 409 409 409 408 408 407 407 408 408 408 409 409 409 409 408 408 408 406 406 408 405 405 405 405 405 407 407 407 0 406 406 0 0 0 0 0 0 0 0 0 0 0 0 0 406 406 407 407 408 407 407 0 0 0 0 0 0 0 0 0 0 0 0 0 0 0 0 0 0 0 0 0 0 0 0 0 0 0 0 0 0 0 0 0 0 0 0 0 0 0 0 0 0 0 0 0 0 0 0 0 0 0 0 0 0 0 0 0 0 0 0 0 0 0 0 0 0 0 0 0 0 0 0 0 0 0 0 0 0 0 0 0 0 0 0 0 0 401 401 400 400 400 400 398 399 399 399 399 399 399 399 401 401 401 401 400 400 400 400 400 401 400 399 399 400 399 399 400 399 399 399 399 399 398 398 398 398 399 399 398 398 398 399 399 399 399 398 398 398 398 398 398 398 398 397 397 397 398 398 398 397 397 397 399 399 395 395 395 395 395 396 397 393 393 393 392 392 393 393 393 393 393 394 396 393 393 393 393 393 393 393 394 393 393 0 0 0
0 0 0 0 0 0 0 0 0 0 0 0 0 0 0 0 0 0 0 0 0 0 0 0 0 0 0 0 408 407 407 407 409 409 405 412 412 411 411 411 410 407 407 408 407 406 406 406 406 413 409 409 409 409 410 410 409 409 408 407 407 407 408 408 409 410 411 412 409 408 408 411 407 407 408 408 409 408 408 408 407 407 408 408 409 408 406 406 406 406 406 406 406 409 406 405 405 405 405 405 405 405 406 405 404 403 403 405 407 407 404 404 405 405 0 0 0 0 0 0 0 0 0 0 0 0 403 403 403 403 400 400 401 407 0 0 0 0 0 0 0 0 0 0 0 0 0 0 0 0 0 0 0 0 0 0 0 0 0 0 0 0 0 0 0 0 0 0 0 0 0 0 0 0 0 0 0 0 0 0 0 0 0 0 0 0 0 0 0 0 0 0 0 0 0 0 0 0 0 0 0 0 0 0 0 0 0 0 0 0 0 0 0 0 0 0 0 0 0 0 398 398 398 398 400 400 398 398 398 398 398 397 397 397 401 401 401 401 398 398 398 398 398 398 398 398 398 398 399 399 399 398 398 399 399 397 397 397 397 397 397 397 398 398 398 399 399 397 397 396 396 396 396 396 396 395 395 394 394 394 394 395 398 397 397 397 392 391 391 391 392 393 395 396 392 391 391 392 392 392 392 392 392 392 392 394 392 392 392 392 392 392 392 393 394 393 393 0 0 0
0 0 0 0 0 0 0 0 0 0 0 0 0 0 0 0 0 0 0 0 0 0 0 0 0 0 0 0 404 404 404 404 409 405 405 405 406 406 406 407 407 406 406 405 405 406 406 406 406 406 406 406 408 409 410 410 409 409 407 406 406 406 407 407 407 404 404 406 407 406 406 406 406 406 406 406 406 406 405 405 406 404 404 408 409 408 405 405 406 406 406 404 404 404 404 404 404 404 404 404 404 404 404 404 403 403 403 403 403 403 403 402 402 402 402 0 0 0 0 0 0 0 0 0 401 401 402 401 401 403 400 400 400 0 0 0 0 0 0 0 0 0 0 0 0 0 0 0 0 0 0 0 0 0 0 0 0 0 0 0 0 0 0 0 0 0 0 0 0 0 0 0 0 0 0 0 0 0 0 0 0 0 0 0 0 0 0 0 0 0 0 0 0 0 0 0 0 0 0 0 0 0 0 0 0 0 0 0 0 0 0 0 0 0 0 0 0 0 0 0 398 395 395 394 394 395 395 397 397 397 397 396 396 396 393 393 395 395 395 396 398 398 397 397 396 395 395 396 395 395 393 393 394 395 395 396 396 396 395 395 394 394 395 396 397 397 397 397 397 394 393 393 394 395 394 393 393 393 393 393 393 393 393 390 390 392 392 390 390 390 390 389 389 389 390 390 390 390 390 390 390 390 390 390 390 390 391 391 390 390 391 390 389 389 389 389 393 0 0 0
0 0 0 0 0 0 0 0 0 0 0 0 0 0 0 0 0 0 0 0 0 0 0 0 0 0 0 0 402 402 403 402 402 402 403 403 403 405 405 405 407 406 406 404 404 404 405 405 405 404 404 404 408 408 401 409 409 403 403 405 405 405 405 405 404 404 404 404 405 405 406 405 405 405 405 405 404 404 404 404 404 404 404 0 0 403 403 404 406 406 406 403 401 401 402 403 403 403 402 402 402 402 402 402 401 401 402 400 400 400 400 401 400 400 400 400 400 0 0 0 0 0 0 0 401 401 402 398 398 398 398 398 398 0 0 0 0 0 0 0 0 0 0 0 0 0 0 0 0 0 0 0 0 0 0 0 0 0 0 0 0 0 0 0 0 0 0 0 0 0 0 0 0 0 0 0 0 0 0 0 0 0 0 0 0 0 0 0 0 0 0 0 0 0 0 0 0 0 0 0 0 0 0 0 0 0 0 0 0 0 0 0 0 0 0 0 0 0 0 0 0 394 394 393 393 393 393 393 396 396 397 396 396 393 393 393 393 395 395 395 398 398 397 397 396 394 393 393 394 394 393 393 394 394 0 396 395 395 393 393 393 393 393 394 397 397 392 392 393 393 393 393 392 392 393 393 393 393 392 392 393 393 0 0 390 390 390 390 390 389 389 389 389 389 389 388 387 387 387 387 388 389 389 389 389 389 391 391 390 390 391 390 389 389 388 388 388 0 0 0
0 0 0 0 0 0 0 0 0 0 0 0 0 0 0 0 0 0 0 0 0 0 0 0 0 0 0 0 401 400 400 401 401 401 401 401 400 400 401 401 401 403 402 401 401 400 400 400 403 403 403 403 403 399 401 401 401 402 403 403 405 405 403 403 403 403 402 402 402 402 403 403 403 402 401 400 400 402 402 402 402 403 404 0 0 403 403 404 0 406 400 400 400 400 401 400 400 400 399 399 399 400 400 400 401 401 402 400 398 398 398 399 398 398 399 399 398 397 397 0 0 0 0 395 395 395 395 396 398 398 398 398 398 0 0 0 0 0 0 0 0 0 0 0 0 0 0 0 0 0 0 0 0 0 0 0 0 0 0 0 0 0 0 0 0 0 0 0 0 0 0 0 0 0 0 0 0 0 0 0 0 0 0 0 0 0 0 0 0 0 0 0 0 0 0 0 0 0 0 0 0 0 0 0 0 0 0 0 0 0 0 0 0 0 0 0 0 0 0 0 391 391 391 391 392 392 391 391 391 393 393 393 392 392 392 392 393 392 392 391 391 391 392 392 392 393 392 392 392 392 392 392 392 394 0 0 395 395 393 393 393 393 393 394 0 0 392 392 392 390 390 393 392 392 389 389 390 390 390 390 0 0 0 0 390 390 390 390 390 389 388 388 389 389 389 385 385 385 385 385 386 386 386 386 385 385 386 386 0 0 0 0 386 385 385 385 388 0 0 0
0 0 0 0 0 0 0 0 0 0 0 0 0 0 0 0 0 0 0 0 0 0 0 0 0 0 0 0 400 400 400 400 400 400 400 400 399 399 396 396 397 400 400 400 400 400 399 399 400 401 401 401 0 0 399 399 400 400 400 401 0 0 403 403 403 403 400 400 400 400 402 402 400 400 400 400 399 399 399 399 400 403 0 0 0 0 0 0 0 0 398 398 398 398 399 400 398 398 398 398 398 400 400 400 0 0 0 0 397 397 397 399 398 398 399 399 398 397 397 0 0 0 0 395 395 395 395 396 398 398 398 398 0 0 0 0 0 0 0 0 0 0 0 0 0 0 0 0 0 0 0 0 0 0 0 0 0 0 0 0 0 0 0 0 0 0 0 0 0 0 0 0 0 0 0 0 0 0 0 0 0 0 0 0 0 0 0 0 0 0 0 0 0 0 0 0 0 0 0 0 0 0 0 0 0 0 0 0 0 0 0 0 0 0 0 0 0 0 0 0 391 391 391 391 391 391 390 390 390 390 393 0 391 391 391 391 391 390 390 390 390 0 0 392 392 392 392 391 391 391 390 390 392 0 0 0 0 0 0 0 393 393 0 0 0 0 392 392 392 387 387 387 387 387 387 387 387 387 387 390 0 0 0 0 0 0 0 0 0 0 388 385 384 384 383 383 383 385 385 384 383 382 382 383 383 385 386 386 0 0 0 0 386 385 385 385 388 0 0 0
0 0 0 0 0 0 0 0 0 0 0 0 0 0 0 0 0 0 0 0 0 0 0 0 0 0 0 0 400 400 400 400 400 400 400 400 399 399 396 396 397 400 400 400 400 400 399 399 400 401 401 401 0 0 399 399 400 400 400 401 0 0 0 0 0 0 400 400 400 400 402 402 400 400 400 400 399 399 399 399 400 0 0 0 0 0 0 0 0 0 398 398 398 398 399 0 398 398 398 398 398 0 0 0 0 0 0 0 397 397 397 0 0 0 0 0 0 0 0 0 0 0 0 0 0 0 0 0 0 0 0 0 0 0 0 0 0 0 0 0 0 0 0 0 0 0 0 0 0 0 0 0 0 0 0 0 0 0 0 0 0 0 0 0 0 0 0 0 0 0 0 0 0 0 0 0 0 0 0 0 0 0 0 0 0 0 0 0 0 0 0 0 0 0 0 0 0 0 0 0 0 0 0 0 0 0 0 0 0 0 0 0 0 0 0 0 0 0 0 0 0 0 0 0 391 391 390 390 390 390 0 0 391 391 391 391 391 390 390 390 390 0 0 0 392 392 392 391 391 391 390 390 0 0 0 0 0 0 0 0 0 0 0 0 0 0 0 0 0 387 387 387 387 387 387 387 387 387 387 0 0 0 0 0 0 0 0 0 0 0 0 385 384 384 383 383 383 385 385 384 383 382 382 383 383 385 386 386 0 0 0 0 0 0 385 385 0 0 0 0
0 0 0 0 0 0 0 0 0 0 0 0 0 0 0 0 0 0 0 0 0 0 0 0 0 0 0 0 0 0 0 0 0 0 0 0 0 0 0 0 0 0 0 0 0 0 0 0 0 0 0 0 0 0 0 0 0 0 0 0 0 0 0 0 0 0 0 0 0 0 0 0 0 0 0 0 0 0 0 0 0 0 0 0 0 0 0 0 0 0 0 0 0 0 0 0 0 0 0 0 0 0 0 0 0 0 0 0 0 0 0 0 0 0 0 0 0 0 0 0 0 0 0 0 0 0 0 0 0 0 0 0 0 0 0 0 0 0 0 0 0 0 0 0 0 0 0 0 0 0 0 0 0 0 0 0 0 0 0 0 0 0 0 0 0 0 0 0 0 0 0 0 0 0 0 0 0 0 0 0 0 0 0 0 0 0 0 0 0 0 0 0 0 0 0 0 0 0 0 0 0 0 0 0 0 0 0 0 0 0 0 0 0 0 0 0 0 0 0 0 0 0 0 0 0 0 0 0 0 0 0 0 0 0 0 0 0 0 0 0 0 0 0 0 0 0 0 0 0 0 0 0 0 0 0 0 0 0 0 0 0 0 0 0 0 0 0 0 0 0 0 0 0 0 0 0 0 0 0 0 0 0 0 0 0 0 0 0 0 0 0 0 0 0 0 0 0 0 0 0 0 0 0 0 0 0 0 0 0 0 0 0 0 0 0 0 0 0 0 0
0 0 0 0 0 0 0 0 0 0 0 0 0 0 0 0 0 0 0 0 0 0 0 0 0 0 0 0 0 0 0 0 0 0 0 0 0 0 0 0 0 0 0 0 0 0 0 0 0 0 0 0 0 0 0 0 0 0 0 0 0 0 0 0 0 0 0 0 0 0 0 0 0 0 0 0 0 0 0 0 0 0 0 0 0 0 0 0 0 0 0 0 0 0 0 0 0 0 0 0 0 0 0 0 0 0 0 0 0 0 0 0 0 0 0 0 0 0 0 0 0 0 0 0 0 0 0 0 0 0 0 0 0 0 0 0 0 0 0 0 0 0 0 0 0 0 0 0 0 0 0 0 0 0 0 0 0 0 0 0 0 0 0 0 0 0 0 0 0 0 0 0 0 0 0 0 0 0 0 0 0 0 0 0 0 0 0 0 0 0 0 0 0 0 0 0 0 0 0 0 0 0 0 0 0 0 0 0 0 0 0 0 0 0 0 0 0 0 0 0 0 0 0 0 0 0 0 0 0 0 0 0 0 0 0 0 0 0 0 0 0 0 0 0 0 0 0 0 0 0 0 0 0 0 0 0 0 0 0 0 0 0 0 0 0 0 0 0 0 0 0 0 0 0 0 0 0 0 0 0 0 0 0 0 0 0 0 0 0 0 0 0 0 0 0 0 0 0 0 0 0 0 0 0 0 0 0 0 0 0 0 0 0 0 0 0 0 0 0 0
0 0 0 0 0 0 0 0 0 0 0 0 0 0 0 0 0 0 0 0 0 0 0 0 0 0 0 0 0 0 0 0 0 0 0 0 0 0 0 0 0 0 0 0 0 0 0 0 0 0 0 0 0 0 0 0 0 0 0 0 0 0 0 0 0 0 0 0 0 0 0 0 0 0 0 0 0 0 0 0 0 0 0 0 0 0 0 0 0 0 0 0 0 0 0 0 0 0 0 0 0 0 0 0 0 0 0 0 0 0 0 0 0 0 0 0 0 0 0 0 0 0 0 0 0 0 0 0 0 0 0 0 0 0 0 0 0 0 0 0 0 0 0 0 0 0 0 0 0 0 0 0 0 0 0 0 0 0 0 0 0 0 0 0 0 0 0 0 0 0 0 0 0 0 0 0 0 0 0 0 0 0 0 0 0 0 0 0 0 0 0 0 0 0 0 0 0 0 0 0 0 0 0 0 0 0 0 0 0 0 0 0 0 0 0 0 0 0 0 0 0 0 0 0 0 0 0 0 0 0 0 0 0 0 0 0 0 0 0 0 0 0 0 0 0 0 0 0 0 0 0 0 0 0 0 0 0 0 0 0 0 0 0 0 0 0 0 0 0 0 0 0 0 0 0 0 0 0 0 0 0 0 0 0 0 0 0 0 0 0 0 0 0 0 0 0 0 0 0 0 0 0 0 0 0 0 0 0 0 0 0 0 0 0 0 0 0 0 0 0
0 0 0 0 0 0 0 0 0 0 0 0 0 0 0 0 0 0 0 0 0 0 0 0 0 0 0 0 0 0 0 0 0 0 0 0 0 0 0 0 0 0 0 0 0 0 0 0 0 0 0 0 0 0 0 0 0 0 0 0 0 0 0 0 0 0 0 0 0 0 0 0 0 0 0 0 0 0 0 0 0 0 0 0 0 0 0 0 0 0 0 0 0 0 0 0 0 0 0 0 0 0 0 0 0 0 0 0 0 0 0 0 0 0 0 0 0 0 0 0 0 0 0 0 0 0 0 0 0 0 0 0 0 0 0 0 0 0 0 0 0 0 0 0 0 0 0 0 0 0 0 0 0 0 0 0 0 0 0 0 0 0 0 0 0 0 0 0 0 0 0 0 0 0 0 0 0 0 0 0 0 0 0 0 0 0 0 0 0 0 0 0 0 0 0 0 0 0 0 0 0 0 0 0 0 0 0 0 0 0 0 0 0 0 0 0 0 0 0 0 0 0 0 0 0 0 0 0 0 0 0 0 0 0 0 0 0 0 0 0 0 0 0 0 0 0 0 0 0 0 0 0 0 0 0 0 0 0 0 0 0 0 0 0 0 0 0 0 0 0 0 0 0 0 0 0 0 0 0 0 0 0 0 0 0 0 0 0 0 0 0 0 0 0 0 0 0 0 0 0 0 0 0 0 0 0 0 0 0 0 0 0 0 0 0 0 0 0 0 0
0 0 0 0 0 0 0 0 0 0 0 0 0 0 0 0 0 0 0 0 0 0 0 0 0 0 0 0 0 0 0 0 0 0 0 0 0 0 0 0 0 0 0 0 0 0 0 0 0 0 0 0 0 0 0 0 0 0 0 0 0 0 0 0 0 0 0 0 0 0 0 0 0 0 0 0 0 0 0 0 0 0 0 0 0 0 0 0 0 0 0 0 0 0 0 0 0 0 0 0 0 0 0 0 0 0 0 0 0 0 0 0 0 0 0 0 0 0 0 0 0 0 0 0 0 0 0 0 0 0 0 0 0 0 0 0 0 0 0 0 0 0 0 0 0 0 0 0 0 0 0 0 0 0 0 0 0 0 0 0 0 0 0 0 0 0 0 0 0 0 0 0 0 0 0 0 0 0 0 0 0 0 0 0 0 0 0 0 0 0 0 0 0 0 0 0 0 0 0 0 0 0 0 0 0 0 0 0 0 0 0 0 0 0 0 0 0 0 0 0 0 0 0 0 0 0 0 0 0 0 0 0 0 0 0 0 0 0 0 0 0 0 0 0 0 0 0 0 0 0 0 0 0 0 0 0 0 0 0 0 0 0 0 0 0 0 0 0 0 0 0 0 0 0 0 0 0 0 0 0 0 0 0 0 0 0 0 0 0 0 0 0 0 0 0 0 0 0 0 0 0 0 0 0 0 0 0 0 0 0 0 0 0 0 0 0 0 0 0 0
0 0 0 0 0 0 0 0 0 0 0 0 0 0 0 0 0 0 0 0 0 0 0 0 0 0 0 0 0 0 0 0 0 0 0 0 0 0 0 0 0 0 0 0 0 0 0 0 0 0 0 0 0 0 0 0 0 0 0 0 0 0 0 0 0 0 0 0 0 0 0 0 0 0 0 0 0 0 0 0 0 0 0 0 0 0 0 0 0 0 0 0 0 0 0 0 0 0 0 0 0 0 0 0 0 0 0 0 0 0 0 0 0 0 0 0 0 0 0 0 0 0 0 0 0 0 0 0 0 0 0 0 0 0 0 0 0 0 0 0 0 0 0 0 0 0 0 0 0 0 0 0 0 0 0 0 0 0 0 0 0 0 0 0 0 0 0 0 0 0 0 0 0 0 0 0 0 0 0 0 0 0 0 0 0 0 0 0 0 0 0 0 0 0 0 0 0 0 0 0 0 0 0 0 0 0 0 0 0 0 0 0 0 0 0 0 0 0 0 0 0 0 0 0 0 0 0 0 0 0 0 0 0 0 0 0 0 0 0 0 0 0 0 0 0 0 0 0 0 0 0 0 0 0 0 0 0 0 0 0 0 0 0 0 0 0 0 0 0 0 0 0 0 0 0 0 0 0 0 0 0 0 0 0 0 0 0 0 0 0 0 0 0 0 0 0 0 0 0 0 0 0 0 0 0 0 0 0 0 0 0 0 0 0 0 0 0 0 0 0
