0 0 0 0 0 0 0 0 0 0 0 0 0 0 0 0 0 0 0 0 0 0 0 0 0 0 0 0 0 0 0 0 0 0 0 0 0 0 0 0 0 0 0 0 0 0 0 0 0 0 0 0 0 0 0 0 0 0 0 0 0 0 0 0 0 0 0 0 0 0 0 0 0 0 0 0 0 0 0 0 0 0 0 0 0 0 0 0 0 0 0 0 0 0 0 0 0 0 0 0 0 0 0 0 0 0 0 0 0 0 0 0 0 0 0 0 0 0 0 0 0 0 0 0 0 0 0 0 0 0 0 0 0 0 0 0 0 0 0 0 0 0 0 0 0 0 0 0 0 0 0 0 0 0 0 0 0 0 0 0 0 0 0 0 0 0 0 0 0 0 0 0 0 0 0 0 0 0 0 0 0 0 0 0 0 0 0 0 0 0 0 0 0 0 0 0 0 0 0 0 0 0 0 0 0 0 0 0 0 0 0 0 0 0 0 0 0 0 0 0 0 0 0 0 0 0 0 0 0 0 0 0 0 0 0 0 0 0 0 0 0 0 0 0 0 0 0 0 0 0 0 0 0 0 0 0 0 0 0 0 0 0 0 0 0 0 0 0 0 0 0 0 0 0 0 0 0 0 0 0 0 0 0 0 0 0 0 0 0 0 0 0 0 0 0 0 0 0 0 0 0 0 0 0 0 0 0 0 0 0 0 0 0 0 0 0 0 0 0 0
0 0 0 0 0 0 0 0 0 0 0 0 0 0 0 0 0 0 0 0 0 0 0 0 0 0 0 0 0 0 0 0 0 0 0 0 0 0 0 0 0 0 0 0 0 0 0 0 0 0 0 0 0 0 0 0 0 0 0 0 0 0 0 0 0 0 0 0 0 0 0 0 0 0 0 0 0 0 0 0 0 0 0 0 0 0 0 0 0 0 0 0 0 0 0 0 0 0 0 0 0 0 0 0 0 0 0 0 0 0 0 0 0 0 0 0 0 0 0 0 0 0 0 0 0 0 0 0 0 0 0 0 0 0 0 0 0 0 0 0 0 0 0 0 0 0 0 0 0 0 0 0 0 0 0 0 0 0 0 0 0 0 0 0 0 0 0 0 0 0 0 0 0 0 0 0 0 0 0 0 0 0 0 0 0 0 0 0 0 0 0 0 0 0 0 0 0 0 0 0 0 0 0 0 0 0 0 0 0 0 0 0 0 0 0 0 0 0 0 0 0 0 0 0 0 0 0 0 0 0 0 0 0 0 0 0 0 0 0 0 0 0 0 0 0 0 0 0 0 0 0 0 0 0 0 0 0 0 0 0 0 0 0 0 0 0 0 0 0 0 0 0 0 0 0 0 0 0 0 0 0 0 0 0 0 0 0 0 0 0 0 0 0 0 0 0 0 0 0 0 0 0 0 0 0 0 0 0 0 0 0 0 0 0 0 0 0 0 0 0
0 0 0 0 0 0 0 0 0 0 0 0 0 0 0 0 0 0 0 0 0 0 0 0 0 0 0 0 0 0 0 0 0 0 0 0 0 0 0 0 0 0 0 0 0 0 0 0 0 0 0 0 0 0 0 0 0 0 0 0 0 0 0 0 0 0 0 0 0 0 0 0 0 0 0 0 0 0 0 0 0 0 0 0 0 0 0 0 0 0 0 0 0 0 0 0 0 0 0 0 0 0 0 0 0 0 0 0 0 0 0 0 0 0 0 0 0 0 0 0 0 0 0 0 0 0 0 0 0 0 0 0 0 0 0 0 0 0 0 0 0 0 0 0 0 0 0 0 0 0 0 0 0 0 0 0 0 0 0 0 0 0 0 0 0 0 0 0 0 0 0 0 0 0 0 0 0 0 0 0 0 0 0 0 0 0 0 0 0 0 0 0 0 0 0 0 0 0 0 0 0 0 0 0 0 0 0 0 0 0 0 0 0 0 0 0 0 0 0 0 0 0 0 0 0 0 0 0 0 0 0 0 0 0 0 0 0 0 0 0 0 0 0 0 0 0 0 0 0 0 0 0 0 0 0 0 0 0 0 0 0 0 0 0 0 0 0 0 0 0 0 0 0 0 0 0 0 0 0 0 0 0 0 0 0 0 0 0 0 0 0 0 0 0 0 0 0 0 0 0 0 0 0 0 0 0 0 0 0 0 0 0 0 0 0 0 0 0 0 0
0 0 0 0 0 0 0 0 0 0 0 0 0 0 0 0 0 0 0 0 0 0 0 0 0 0 0 0 0 0 0 0 0 0 0 0 0 0 0 0 0 0 0 0 0 0 0 0 0 0 0 0 0 0 0 0 0 0 0 0 0 0 0 0 0 0 0 0 0 0 0 0 0 0 0 0 0 0 0 0 0 0 0 0 0 0 0 0 0 0 0 0 0 0 0 0 0 0 0 0 0 0 0 0 0 0 0 0 0 0 0 0 0 0 0 0 0 0 0 0 0 0 0 0 0 0 0 0 0 0 0 0 0 0 0 0 0 0 0 0 0 0 0 0 0 0 0 0 0 0 0 0 0 0 0 0 0 0 0 0 0 0 0 0 0 0 0 0 0 0 0 0 0 0 0 0 0 0 0 0 0 0 0 0 0 0 0 0 0 0 0 0 0 0 0 0 0 0 0 0 0 0 0 0 0 0 0 0 0 0 0 0 0 0 0 0 0 0 0 0 0 0 0 0 0 0 0 0 0 0 0 0 0 0 0 0 0 0 0 0 0 0 0 0 0 0 0 0 0 0 0 0 0 0 0 0 0 0 0 0 0 0 0 0 0 0 0 0 0 0 0 0 0 0 0 0 0 0 0 0 0 0 0 0 0 0 0 0 0 0 0 0 0 0 0 0 0 0 0 0 0 0 0 0 0 0 0 0 0 0 0 0 0 0 0 0 0 0 0 0
0 0 0 0 0 0 0 0 0 0 0 0 0 0 0 0 0 0 0 0 0 0 0 0 0 0 0 0 0 0 0 0 0 0 0 0 0 0 0 0 0 0 0 0 0 0 0 0 0 0 0 0 0 0 0 0 0 0 0 0 0 0 0 0 0 0 0 0 0 0 0 0 0 0 0 0 0 0 0 0 0 0 0 0 0 0 0 0 0 0 0 0 0 0 0 0 0 0 0 0 0 0 0 0 0 0 0 0 0 0 0 0 0 0 0 0 0 0 0 0 0 0 0 0 0 0 0 0 0 0 0 0 0 0 0 0 0 0 0 0 0 0 0 0 0 0 0 0 0 0 0 0 0 0 0 0 0 0 0 0 0 0 0 0 0 0 0 0 0 0 0 0 0 0 0 0 0 0 0 0 0 0 0 0 0 0 0 0 0 0 0 0 0 0 0 0 0 0 0 0 0 0 0 0 0 0 0 0 0 0 0 0 0 0 0 0 0 0 0 0 0 0 0 0 0 0 0 0 0 0 0 0 0 0 0 0 0 0 0 0 0 0 0 0 0 0 0 0 0 0 0 0 0 0 0 0 0 0 0 0 0 0 0 0 0 0 0 0 0 0 0 0 0 0 0 0 0 0 0 0 0 0 0 0 0 0 0 0 0 0 0 0 0 0 0 0 0 0 0 0 0 0 0 0 0 0 0 0 0 0 0 0 0 0 0 0 0 0 0 0
0 0 0 0 0 0 0 0 0 0 0 0 0 0 0 0 0 0 0 0 0 0 0 0 521 521 521 521 522 522 522 525 525 525 525 525 525 525 525 525 525 525 525 525 525 525 526 527 528 529 528 528 527 527 527 527 527 528 526 526 525 525 526 526 526 526 527 528 528 529 529 529 527 527 527 527 527 527 527 526 526 527 526 525 525 525 525 525 526 525 525 525 525 526 526 526 524 524 524 524 524 524 524 524 524 525 525 525 525 525 525 525 524 524 524 524 524 524 524 525 524 524 524 524 523 523 525 525 523 522 522 523 523 523 523 523 523 523 522 521 521 522 522 521 521 522 522 522 523 522 522 522 521 521 520 520 520 521 521 521 521 521 522 522 522 521 521 521 521 521 521 521 521 522 522 521 521 521 521 521 521 521 521 521 521 521 521 521 521 521 521 521 521 521 521 521 521 521 519 518 518 519 519 521 521 521 521 521 521 521 521 521 521 522 521 521 521 521 521 521 521 521 521 521 521 521 521 521 521 521 521 521 521 521 521 521 521 521 521 521 521 521 521 521 521 521 521 521 521 521 521 521 521 521 521 521 521 521 521 521 521 521 521 521 521 521 521 521 521 521 520 520 520 520 520 520 520 520 518 518 519 519 519 519 519 519 519 519 518 518 517 517 517 517 517 517 517 516 516 515 515 515 515 515 515 515 515 515 515 515 515 516 516 516 515 515 514 514 518 518
0 0 0 0 0 0 0 0 0 0 0 0 0 0 0 0 0 0 0 0 0 0 0 0 521 521 521 521 522 522 522 525 525 525 525 525 525 525 525 525 525 525 525 525 525 525 526 527 528 528 528 528 527 527 527 527 527 528 526 526 525 525 526 526 526 526 527 528 528 529 528 528 527 527 527 527 527 527 527 526 526 527 526 525 525 525 525 525 526 525 525 525 525 526 526 526 524 524 524 524 524 524 524 524 524 525 525 525 525 525 525 525 524 524 524 524 524 524 524 525 524 524 524 524 523 523 525 524 523 522 522 523 523 523 523 523 523 523 522 521 521 522 522 521 521 522 522 522 523 522 522 522 521 521 520 520 520 521 521 521 521 521 522 522 522 521 521 521 521 521 521 521 521 522 522 521 521 521 521 521 521 521 521 521 521 521 521 521 521 521 521 521 521 521 521 521 521 521 519 518 518 519 519 521 521 521 521 521 521 521 521 521 521 522 521 521 521 521 521 521 521 521 521 521 521 521 521 521 521 521 521 521 521 521 521 521 521 521 521 521 521 521 521 521 521 521 521 521 521 521 521 521 521 521 521 521 521 521 521 521 521 521 521 521 521 521 521 521 521 521 520 520 520 520 520 520 520 520 518 518 519 519 519 519 519 519 519 519 518 518 517 517 517 517 517 517 517 516 516 515 515 515 515 515 515 515 515 515 515 515 515 516 516 516 515 515 514 514 518 518
0 0 0 0 0 0 0 0 0 0 0 0 0 0 0 0 0 0 0 0 0 0 0 0 521 521 522 523 524 525 525 525 525 525 525 525 525 525 525 525 525 526 525 525 526 526 527 528 528 528 528 528 528 528 528 528 528 529 529 529 526 526 527 527 527 527 529 529 529 529 528 528 527 527 528 527 527 528 527 527 528 528 528 525 525 525 525 526 526 526 526 526 526 526 526 526 525 525 525 525 525 525 525 525 525 525 525 525 525 525 525 525 524 524 524 524 525 525 525 525 524 524 525 525 524 524 525 524 524 523 523 523 523 523 523 523 523 523 523 522 522 523 522 522 522 522 523 523 523 522 522 522 521 521 520 520 521 522 522 522 522 522 523 523 522 521 521 521 521 521 522 522 522 523 522 522 522 522 521 521 521 521 521 521 521 521 521 521 521 0 523 523 523 522 521 521 521 521 521 520 520 519 519 521 521 521 521 521 521 522 522 522 522 522 522 522 522 522 522 522 521 521 521 521 521 521 522 522 522 522 521 521 522 522 522 522 522 522 523 523 523 522 522 522 522 521 521 521 521 522 521 521 521 521 521 521 521 521 521 521 521 521 521 521 521 521 521 521 521 521 521 521 520 520 521 521 521 521 520 520 520 520 520 521 521 521 520 519 518 518 518 518 518 517 517 517 517 517 516 516 516 516 516 516 516 515 515 515 515 515 515 517 517 517 517 517 518 518 520 521
0 0 0 0 0 0 0 0 0 0 0 0 0 0 0 0 0 0 0 0 0 0 0 0 523 523 524 525 525 525 525 525 525 525 525 525 526 526 526 526 526 527 526 526 527 527 528 529 529 529 529 529 528 528 528 528 529 529 529 529 529 529 528 528 527 527 529 529 529 529 529 529 528 528 528 528 528 528 528 528 528 529 528 527 525 525 526 526 526 526 526 526 526 526 526 526 525 525 526 526 526 525 525 525 525 525 525 525 525 525 525 525 525 525 525 525 525 525 525 525 525 525 525 525 524 524 525 525 525 524 524 524 524 524 524 524 524 524 524 523 523 524 523 523 523 523 524 524 523 523 522 522 522 522 521 521 521 522 522 522 522 522 523 523 522 521 521 0 0 0 523 522 522 0 0 0 0 0 0 0 0 522 522 523 522 521 521 0 0 0 0 0 0 0 521 521 521 521 0 520 520 0 521 521 521 522 523 523 523 523 523 523 522 522 523 523 523 523 523 523 522 521 521 522 523 523 523 523 523 523 522 522 523 523 522 522 522 522 523 523 523 522 522 522 522 522 522 522 522 523 522 522 521 521 523 523 523 523 521 521 522 521 521 521 521 521 521 521 521 521 522 521 521 521 521 521 521 521 521 521 521 521 521 521 521 521 521 521 520 518 518 518 518 520 520 518 518 517 517 516 516 516 516 516 517 517 517 517 517 517 517 517 517 517 518 519 519 520 520 0
0 0 0 0 0 0 0 0 0 0 0 0 0 0 0 0 0 0 0 0 0 0 0 0 524 524 525 526 526 526 526 526 526 527 527 527 527 527 526 526 526 528 528 528 528 528 529 529 529 529 529 529 529 529 529 529 529 529 529 529 529 529 529 529 529 529 530 529 529 529 529 529 529 529 529 529 529 529 529 528 528 529 528 528 527 526 526 526 526 527 527 526 526 526 526 526 526 526 526 526 526 526 526 525 525 525 525 525 525 525 526 525 525 526 526 526 526 525 525 525 525 525 525 525 525 525 525 525 525 525 524 524 525 525 525 525 525 524 524 525 525 525 523 523 524 524 525 525 524 524 523 523 523 523 524 523 523 523 523 523 523 524 524 525 0 0 0 0 0 0 0 0 0 0 0 0 0 0 0 0 0 0 0 0 522 522 0 0 0 0 0 0 0 0 0 0 0 0 0 0 0 0 0 0 523 523 523 523 523 524 524 524 523 523 523 523 523 523 524 523 522 522 523 523 524 523 523 523 523 523 523 523 523 523 523 523 523 523 524 524 523 523 523 524 524 523 523 523 523 523 524 522 521 521 523 523 524 523 522 522 522 522 522 522 522 522 522 523 522 522 523 523 522 522 522 521 521 521 521 521 522 522 521 521 521 521 521 521 521 520 519 519 521 521 521 519 518 518 517 517 517 517 517 517 517 517 517 517 517 517 518 518 518 518 518 519 519 520 521 0
0 0 0 0 0 0 0 0 0 0 0 0 0 0 0 0 0 0 0 0 0 0 0 0 525 525 526 527 527 527 527 527 528 528 528 528 528 528 527 527 527 528 528 528 528 529 529 529 530 530 530 529 529 529 529 529 529 529 529 529 529 529 529 529 529 529 530 531 530 529 529 529 529 529 529 529 529 529 529 529 529 529 529 528 528 528 528 527 527 528 528 528 527 527 526 526 526 526 526 526 526 526 526 526 526 526 526 526 526 526 526 526 526 526 526 527 526 525 525 525 525 525 525 525 525 525 525 525 525 526 525 525 525 525 525 525 525 525 525 525 525 525 523 523 525 525 525 525 524 524 523 523 523 523 525 525 525 524 523 523 524 524 525 0 0 0 0 0 0 0 0 0 0 0 0 0 0 0 0 0 0 0 0 0 0 0 0 0 0 0 0 0 0 0 0 0 0 0 0 0 0 0 0 0 524 524 524 524 524 524 524 524 523 523 523 523 524 524 524 524 523 523 523 523 524 524 524 524 524 524 524 524 523 523 523 524 523 523 524 524 524 524 524 524 524 524 524 524 524 525 523 523 523 523 523 523 524 524 524 524 524 523 523 523 523 523 523 523 524 524 524 523 522 522 523 522 521 521 521 521 523 523 522 521 521 521 521 521 521 521 521 521 521 521 521 520 520 519 518 518 519 519 519 518 518 518 518 518 518 518 520 519 519 520 520 520 520 521 521 0
0 0 0 0 0 0 0 0 0 0 0 0 0 0 0 0 0 0 0 0 0 0 0 0 525 525 528 528 528 528 528 528 528 528 529 529 529 528 528 528 529 529 529 529 529 529 530 531 531 531 530 530 530 530 530 530 530 529 529 529 529 529 529 529 529 529 530 532 531 531 530 529 529 529 529 529 529 529 529 529 529 529 529 529 529 529 529 529 528 528 529 529 529 529 529 528 528 527 527 526 526 526 526 526 526 526 526 526 526 526 526 526 528 526 526 527 527 526 525 525 525 525 525 525 525 525 525 525 526 527 525 525 525 525 525 525 526 526 525 525 525 525 525 525 525 525 525 525 525 525 525 525 524 524 525 525 525 525 524 524 525 525 526 0 0 0 0 0 0 0 0 0 0 0 0 0 0 0 0 0 0 0 0 0 0 0 0 0 0 0 0 0 0 0 0 0 0 0 0 0 0 0 0 0 524 524 525 525 525 525 525 525 524 524 523 523 523 523 524 524 524 524 524 524 525 525 525 525 525 525 525 525 524 523 523 524 524 524 524 524 524 524 525 525 525 525 525 525 525 525 523 523 523 524 525 525 525 524 524 525 525 525 524 524 524 524 524 524 524 524 525 523 523 523 523 524 524 522 522 522 523 524 523 522 522 522 522 523 522 521 521 521 521 521 521 521 521 521 520 520 521 521 521 521 520 518 518 518 519 519 521 520 520 520 521 521 521 521 521 522
0 0 0 0 0 0 0 0 0 0 0 0 0 0 0 0 0 0 0 0 0 0 0 0 526 526 528 529 529 529 529 529 529 529 529 529 529 531 529 529 529 529 529 529 529 529 530 532 532 531 530 530 530 530 531 531 531 530 530 530 530 529 529 529 529 529 531 532 532 531 531 530 530 529 529 529 529 529 529 529 529 529 529 529 529 529 529 529 529 529 529 529 529 529 529 529 528 528 527 526 526 527 527 527 528 528 528 526 526 526 527 527 529 526 526 527 527 528 526 526 525 525 526 526 526 526 526 527 528 529 527 526 526 526 526 526 527 526 526 526 526 525 525 525 525 525 525 525 525 525 525 525 525 525 525 525 525 525 525 525 526 526 526 0 0 0 0 0 0 0 0 0 0 0 0 0 0 0 0 0 0 0 0 0 0 0 0 0 0 0 0 0 0 0 0 0 0 0 0 0 0 0 0 0 524 524 525 525 525 525 525 525 525 524 523 523 523 523 524 524 524 524 524 524 525 525 525 525 525 525 525 525 524 524 524 525 525 525 525 525 525 525 525 525 525 525 525 525 525 525 525 525 525 525 525 525 525 524 524 525 525 525 525 525 525 524 524 525 525 525 525 524 524 524 524 525 525 524 523 523 524 524 524 524 524 524 524 524 523 523 523 523 523 522 521 521 521 521 521 521 521 521 521 521 521 521 521 520 520 521 521 521 521 521 521 521 521 522 522 522
0 0 0 0 0 0 0 0 0 0 0 0 0 0 0 0 0 0 0 0 0 0 0 0 528 528 529 529 529 530 529 529 529 529 529 529 529 531 530 530 530 530 529 529 529 529 531 532 532 532 531 531 532 532 532 532 532 532 531 531 531 529 529 529 529 529 531 532 532 531 531 531 531 532 531 530 530 530 530 530 530 530 529 529 529 529 529 529 529 529 529 529 529 529 529 529 529 529 529 529 527 527 527 527 528 528 528 527 527 527 528 528 529 529 528 527 527 528 528 528 526 526 526 527 526 526 526 527 528 529 528 528 527 527 527 527 527 527 527 526 526 526 526 526 525 525 525 525 526 526 526 526 525 525 526 525 525 525 525 526 526 527 530 0 0 0 0 0 0 0 0 0 0 0 0 0 0 0 0 0 0 0 0 0 0 0 0 0 0 0 0 0 0 0 0 0 0 0 0 0 0 0 0 0 524 524 525 525 525 525 525 525 525 524 524 525 525 525 525 525 525 525 525 525 525 525 525 525 525 525 525 525 525 525 525 526 525 525 525 525 525 526 526 526 525 525 525 525 525 525 525 525 525 525 525 525 525 525 525 526 526 525 525 525 525 525 525 525 525 525 525 525 525 525 525 525 525 525 525 525 525 525 525 525 525 525 525 525 524 524 524 524 524 524 523 523 522 521 521 521 521 521 521 521 521 521 521 521 521 521 521 521 521 521 521 521 522 525 525 525
0 0 0 0 0 0 0 0 0 0 0 0 0 0 0 0 0 0 0 0 0 0 0 0 528 528 529 529 529 530 530 530 529 529 529 529 530 531 531 531 532 531 531 532 532 532 532 532 532 532 532 532 532 532 532 532 532 532 531 531 531 531 531 531 531 531 532 532 532 532 532 532 532 532 532 532 531 531 531 531 531 530 529 529 529 529 529 529 529 529 529 529 529 529 529 529 529 529 529 529 528 528 528 529 529 529 529 528 527 527 528 528 528 529 529 528 528 528 528 528 528 528 528 527 527 527 527 528 528 529 528 528 528 528 528 528 527 527 527 527 528 527 527 526 526 526 525 525 526 526 527 527 526 526 527 526 526 526 526 526 527 529 530 0 0 0 0 0 0 0 0 0 0 0 0 0 0 0 0 0 0 0 0 0 0 0 0 0 0 0 0 0 0 0 0 0 0 0 0 0 0 0 0 0 524 524 524 525 526 526 525 525 525 525 525 525 525 525 525 526 525 525 525 525 526 526 526 525 525 525 525 525 525 525 527 527 526 526 526 526 526 527 527 526 525 525 526 526 526 526 526 526 526 526 525 525 525 525 526 526 526 526 525 525 525 525 525 526 526 525 525 525 525 525 525 525 526 526 525 525 526 526 525 525 525 525 525 525 525 525 525 525 525 524 524 524 523 522 522 522 522 522 522 521 521 522 521 521 521 521 521 521 521 521 522 523 524 525 525 525
0 0 0 0 0 0 0 0 0 0 0 0 0 0 0 0 0 0 0 0 0 0 0 0 529 529 529 530 531 532 532 531 531 531 531 530 530 531 531 531 533 533 533 534 534 534 534 532 532 532 532 532 533 532 532 532 532 532 533 532 532 531 531 531 531 531 531 532 532 533 533 532 532 532 533 533 532 532 532 531 531 531 530 530 530 529 529 529 529 529 529 529 529 529 529 529 529 529 529 529 529 529 529 529 529 529 529 530 529 529 528 528 528 529 529 529 529 529 529 529 529 529 529 529 528 528 529 528 528 529 529 529 529 529 529 528 528 529 527 527 528 527 527 526 526 526 526 526 527 527 528 528 527 527 526 526 526 527 528 529 529 530 532 533 0 0 0 0 0 0 0 0 0 0 0 0 0 0 0 0 0 0 0 0 0 0 0 0 0 0 0 0 0 0 0 0 0 0 0 0 0 0 0 0 524 524 524 525 526 526 526 526 526 526 526 526 526 526 526 526 526 526 526 526 526 527 527 526 526 526 526 525 525 526 527 527 527 527 527 527 527 527 526 526 527 526 526 526 527 527 527 527 526 526 526 526 526 526 526 526 526 526 526 526 526 526 527 527 527 526 526 526 526 526 526 527 526 526 527 527 527 527 526 526 526 525 525 526 526 526 525 525 525 525 525 525 524 524 523 523 523 522 522 522 522 522 523 523 523 523 523 522 522 522 524 524 525 525 525 525
0 0 0 0 0 0 0 0 0 0 0 0 0 0 0 0 0 0 0 0 0 0 0 0 529 529 530 531 531 532 532 532 531 531 531 531 531 531 531 532 534 534 534 534 534 534 534 533 532 532 533 533 534 534 533 533 533 533 534 533 533 532 532 531 531 531 531 532 533 533 533 533 532 532 533 533 533 533 532 532 532 532 531 531 530 530 529 529 530 530 530 530 529 529 530 529 529 529 529 529 530 529 529 529 530 529 529 531 529 529 528 528 529 529 529 529 529 529 529 529 529 529 529 529 529 529 529 529 529 529 529 529 529 529 529 529 529 529 529 529 529 529 529 528 527 527 526 526 528 528 528 527 527 527 526 526 526 527 529 529 529 531 532 533 0 0 0 0 0 0 0 0 0 0 0 0 0 0 0 0 0 0 0 0 0 0 0 0 0 0 0 0 0 0 0 0 0 0 0 0 0 0 0 0 0 525 525 527 526 526 526 526 526 526 527 527 527 527 527 527 527 527 527 527 527 528 528 527 527 527 527 526 526 527 527 527 527 527 527 527 527 527 526 526 527 527 527 527 527 528 528 527 526 526 527 527 527 527 527 527 527 529 528 527 527 527 527 527 528 526 526 527 527 528 527 527 526 526 527 527 528 529 528 528 528 526 526 527 527 527 527 526 526 525 525 525 525 525 524 524 524 523 523 523 523 523 523 523 523 524 524 523 523 523 524 524 525 525 525 526
0 0 0 0 0 0 0 0 0 0 0 0 0 0 0 0 0 0 0 0 0 0 0 0 531 531 531 532 533 533 533 534 534 533 532 532 532 534 534 534 534 534 534 534 534 534 534 534 534 534 533 533 534 534 533 533 533 533 534 533 533 532 532 532 531 531 532 533 533 533 533 533 533 533 533 533 533 533 533 533 533 533 533 532 530 530 529 529 530 531 531 531 531 530 530 530 530 530 530 530 530 530 530 530 530 529 529 531 531 531 529 529 529 529 529 529 529 529 531 531 530 529 529 529 529 529 529 529 529 530 530 530 529 529 529 530 529 529 529 529 529 529 529 529 529 529 529 529 529 529 529 527 527 527 527 527 527 527 529 529 529 531 532 533 0 0 0 0 0 0 0 0 0 0 0 0 0 0 0 0 0 0 0 0 0 0 0 0 0 0 0 0 0 0 0 0 0 0 0 0 0 0 0 0 0 526 526 527 527 526 526 528 528 527 527 527 527 527 527 528 528 528 528 528 528 529 529 528 527 527 527 527 527 528 529 529 528 528 528 528 529 529 528 527 527 527 528 527 527 528 528 529 529 529 529 529 529 529 529 529 529 529 529 529 529 528 528 529 529 529 529 529 529 529 529 529 527 527 527 529 529 529 529 528 528 527 527 527 527 527 527 527 527 527 525 525 525 525 525 525 525 524 524 524 523 523 524 524 524 525 525 525 524 524 524 524 525 525 525 525
0 0 0 0 0 0 0 0 0 0 0 0 0 0 0 0 0 0 0 0 0 0 0 0 532 532 532 532 533 534 534 535 534 534 534 534 534 534 534 534 534 535 535 535 535 535 534 534 534 534 534 534 534 535 535 535 534 534 534 534 534 533 533 533 533 533 534 534 534 534 534 534 534 534 534 534 533 533 534 534 534 533 533 533 531 531 532 532 532 533 532 532 533 532 532 533 532 530 530 530 530 531 531 531 531 531 531 533 530 530 529 529 529 529 529 529 529 529 531 531 531 529 529 529 530 530 530 529 529 531 531 530 529 529 530 530 530 529 529 529 530 529 529 529 529 529 529 529 529 529 529 529 529 529 528 528 528 528 529 529 530 531 532 0 0 0 0 0 0 0 0 0 0 0 0 0 0 0 0 0 0 0 0 0 0 0 0 0 0 0 0 0 0 0 0 0 0 0 0 0 0 0 0 0 0 529 529 529 528 528 528 528 528 528 529 528 528 527 527 528 528 527 527 528 528 529 529 528 528 528 528 528 528 529 529 529 529 529 529 529 529 529 528 528 529 529 529 529 529 529 529 529 529 529 529 529 529 529 529 529 529 530 530 530 529 529 529 529 529 529 529 529 529 529 529 529 529 529 529 529 529 530 529 528 528 528 528 528 528 527 527 527 528 528 528 527 527 526 526 526 525 525 525 524 524 524 525 525 525 525 525 525 525 525 525 525 525 525 525 525
0 0 0 0 0 0 0 0 0 0 0 0 0 0 0 0 0 0 0 0 0 0 0 0 532 532 532 533 534 534 535 535 534 534 536 535 535 535 535 535 535 535 537 535 535 536 536 536 535 534 534 534 534 536 535 535 535 535 535 534 534 534 534 534 534 534 535 535 535 535 534 534 535 535 535 534 534 534 534 534 534 533 533 533 532 532 532 533 533 534 533 533 533 532 532 534 534 532 531 531 531 531 531 531 531 532 532 534 530 530 531 531 529 529 529 529 529 529 531 531 531 530 529 529 530 530 530 530 530 531 531 530 529 529 531 530 530 530 529 529 530 529 529 530 530 530 530 529 529 529 529 529 529 529 529 529 529 529 529 529 530 531 0 0 0 0 0 0 0 0 0 0 0 0 0 0 0 0 0 0 0 0 0 0 0 0 0 0 0 0 0 0 0 0 0 0 0 0 0 0 0 0 0 0 533 529 529 529 528 528 528 529 529 529 529 528 528 528 528 528 528 527 527 528 528 529 529 528 528 528 529 529 529 529 529 530 530 530 530 530 530 529 529 529 529 529 529 529 529 529 529 529 529 530 530 530 530 530 530 530 530 530 530 530 529 529 529 529 529 529 530 530 530 530 529 529 529 529 529 529 529 530 530 529 529 529 529 529 529 528 528 528 529 529 529 528 527 526 526 526 526 526 525 525 525 525 525 525 525 525 525 525 525 525 525 525 526 526 527 527
0 0 0 0 0 0 0 0 0 0 0 0 0 0 0 0 0 0 0 0 0 0 0 534 534 534 534 534 534 534 535 536 537 537 537 536 536 536 535 535 535 535 535 535 535 536 536 537 536 536 535 535 536 536 536 536 536 536 537 536 534 534 534 535 535 535 535 535 535 535 535 535 535 535 535 535 534 534 534 534 534 534 534 534 532 532 532 533 533 534 533 533 533 533 533 533 534 534 533 532 532 532 532 532 532 533 533 534 532 532 531 531 530 530 530 531 530 530 531 532 532 531 531 531 532 532 532 530 530 531 531 531 529 529 532 532 531 531 530 530 530 530 530 530 530 530 530 530 529 529 529 529 529 529 529 529 529 529 529 529 531 532 0 0 0 0 0 0 0 0 0 0 0 0 0 0 0 0 0 0 0 0 0 0 0 0 0 0 0 0 0 0 0 0 0 0 0 0 0 0 0 0 0 0 533 530 529 529 528 528 528 529 529 529 529 529 529 529 529 529 529 529 529 529 530 530 530 530 530 530 530 530 530 530 530 530 530 530 530 530 530 530 530 530 529 529 529 529 530 530 530 530 530 530 530 530 530 530 530 530 531 531 532 531 531 530 530 530 529 529 530 530 530 530 530 530 530 530 529 529 530 530 530 530 530 530 530 529 529 529 529 529 529 529 530 529 528 527 527 527 527 527 526 526 526 526 526 526 526 526 527 527 527 527 527 527 527 527 527 527
0 0 0 0 0 0 0 0 0 0 0 0 0 0 0 0 0 0 0 0 0 0 0 534 534 534 534 536 535 535 535 536 538 538 538 537 537 537 536 536 536 535 535 537 537 537 538 538 537 537 536 536 536 537 537 537 537 537 537 537 535 535 535 535 535 536 536 536 535 535 535 535 535 535 535 535 536 535 534 534 534 534 534 534 534 534 534 534 534 534 534 534 534 533 533 533 534 534 534 533 533 533 532 532 533 533 534 534 533 533 534 534 531 531 531 532 532 532 532 532 532 531 531 531 532 532 532 530 530 531 531 531 531 531 532 532 532 532 531 531 530 530 530 530 530 530 530 530 530 530 530 530 530 529 529 529 529 530 530 530 531 532 533 0 0 0 0 0 0 0 0 0 0 0 0 0 0 0 0 0 0 0 0 0 0 0 0 0 0 0 0 0 0 0 0 0 0 0 0 0 0 0 0 0 533 532 531 531 529 529 529 529 529 529 529 529 529 529 529 529 529 529 530 530 530 531 531 531 531 531 531 531 531 531 530 530 530 530 531 531 531 530 530 530 530 530 530 530 530 530 531 531 531 531 531 531 531 531 531 531 532 532 532 531 531 530 530 531 531 531 530 530 530 530 531 531 531 530 530 530 530 531 531 531 531 531 531 530 530 530 530 530 530 530 530 530 529 528 527 527 527 527 527 526 526 527 527 527 527 527 527 527 528 528 529 528 528 528 527 527
0 0 0 0 0 0 0 0 0 0 0 0 0 0 0 0 0 0 0 0 0 0 0 535 535 536 536 537 537 537 537 537 538 538 538 538 537 537 537 537 537 538 538 537 537 537 538 538 538 537 537 536 536 537 537 537 538 538 538 538 536 536 536 537 537 538 537 537 535 535 535 535 536 536 536 536 536 536 536 536 535 535 535 535 536 535 534 534 534 534 534 534 534 534 534 534 534 534 534 534 534 534 534 534 534 534 534 534 533 533 534 534 532 532 532 532 532 532 532 532 532 531 531 531 532 532 532 532 532 533 533 532 532 532 533 533 532 532 531 531 532 532 532 532 532 531 530 530 530 530 531 531 531 532 530 530 531 531 530 530 532 533 533 535 535 0 0 0 0 0 0 0 0 0 0 0 0 0 0 0 0 0 0 0 0 0 0 0 0 0 0 0 0 0 0 0 0 0 0 0 0 0 0 0 531 530 530 532 530 530 529 529 529 529 529 529 529 530 530 529 529 530 530 530 532 532 532 531 531 531 532 532 532 533 532 530 530 530 531 531 531 531 531 531 531 531 530 530 531 531 531 532 532 532 532 532 532 532 532 532 533 533 532 531 531 531 531 531 531 532 532 532 531 531 532 532 532 531 531 531 531 531 532 532 532 532 531 531 531 531 530 530 530 531 531 531 530 529 529 529 528 528 528 528 528 528 528 528 528 528 528 528 528 528 529 528 528 528 528 529
0 0 0 0 0 0 0 0 0 0 0 0 0 0 0 0 0 0 0 0 0 0 0 536 536 537 538 538 538 538 537 537 538 538 538 538 538 538 538 537 537 538 539 539 538 538 538 538 539 539 538 537 537 537 537 537 538 538 538 538 537 537 537 536 536 537 537 538 537 537 537 538 537 537 538 537 537 536 536 536 536 535 535 535 536 536 536 535 535 534 534 535 535 535 535 535 535 535 534 534 534 534 534 534 534 535 534 534 534 534 534 534 534 533 533 533 534 534 534 534 534 534 532 532 533 533 533 532 532 533 533 533 533 533 533 534 534 534 534 534 534 534 533 533 532 531 531 532 532 533 533 533 533 532 530 530 531 532 532 532 532 532 533 534 534 539 0 0 0 0 0 0 0 0 0 0 0 0 0 0 0 0 0 0 0 0 0 0 0 0 0 0 0 0 0 0 0 0 0 0 0 0 0 0 531 530 530 532 532 532 530 530 530 532 532 530 530 530 530 530 530 530 531 531 532 533 532 531 531 531 532 532 532 533 533 533 533 533 533 532 532 532 532 532 533 533 531 531 532 532 532 533 533 533 532 532 533 533 533 533 533 533 532 532 532 532 532 532 532 533 533 533 533 533 533 533 533 533 532 532 532 532 532 532 532 533 533 533 532 532 531 531 531 531 531 531 530 530 530 529 529 529 529 528 528 528 529 529 529 529 529 529 529 530 530 530 530 530 530 530
0 0 0 0 0 0 0 0 0 0 0 0 0 0 0 0 0 0 0 0 0 0 0 538 538 538 538 538 538 538 538 538 538 539 539 540 540 539 539 538 538 539 540 540 539 539 539 540 540 539 538 537 537 538 538 538 538 538 538 538 538 538 537 536 536 537 537 538 538 538 538 538 537 537 539 538 538 537 537 537 536 536 538 538 538 539 539 536 536 534 534 535 535 536 536 536 536 536 535 535 535 535 535 535 535 535 533 533 534 533 533 533 535 534 534 534 534 534 534 534 534 534 534 535 533 533 533 532 532 536 536 534 534 533 533 534 534 534 534 534 534 534 534 533 533 533 533 533 533 534 534 534 533 532 531 531 531 533 533 533 532 532 533 534 534 539 0 0 0 0 0 0 0 0 0 0 0 0 0 0 0 0 0 0 0 0 0 0 0 0 0 0 0 0 0 0 0 0 0 0 0 0 0 0 531 531 532 533 532 532 531 530 530 532 532 532 532 532 532 531 531 531 532 533 533 533 533 531 531 531 532 532 533 533 533 533 533 533 533 532 532 533 533 533 534 533 533 533 533 533 533 534 534 534 533 533 533 533 534 534 534 533 533 533 533 533 533 533 533 533 534 533 533 533 533 533 533 533 532 532 533 533 533 534 534 534 533 533 532 532 532 532 532 532 532 531 531 531 530 530 530 529 529 529 530 529 529 529 529 529 529 529 530 530 530 531 531 531 532 532
0 0 0 0 0 0 0 0 0 0 0 0 0 0 0 0 0 0 0 0 0 0 0 539 539 539 538 538 539 539 538 538 538 539 539 540 540 540 540 540 540 540 540 541 540 540 540 540 540 539 539 538 538 539 539 539 538 538 539 539 539 538 538 538 538 538 539 539 539 539 538 538 537 537 539 537 537 537 537 537 537 538 538 538 538 539 539 537 537 536 536 536 536 536 537 537 537 537 536 536 535 535 536 535 535 536 533 533 537 533 533 533 535 534 534 534 534 535 534 534 534 534 534 535 534 534 535 535 536 536 536 534 534 533 533 534 534 534 534 534 534 534 534 533 533 533 533 534 534 534 534 534 534 532 532 531 531 533 533 533 533 533 534 535 536 539 0 0 0 0 0 0 0 0 0 0 0 0 0 0 0 0 0 0 0 0 0 0 0 0 0 0 0 0 0 0 0 0 0 0 0 0 0 0 534 533 533 533 533 532 532 532 532 533 533 533 533 533 533 532 532 532 532 533 534 534 534 531 531 531 532 533 533 533 533 533 533 533 533 533 534 534 533 533 534 533 533 534 534 534 534 534 534 534 534 534 534 534 534 534 534 534 534 534 534 534 534 534 533 533 534 534 534 534 534 534 533 533 533 533 534 534 534 534 534 534 534 534 533 533 532 532 533 533 532 532 531 531 531 531 531 531 530 530 530 530 530 530 530 531 531 531 531 531 531 531 531 532 533 532
0 0 0 0 0 0 0 0 0 0 0 0 0 0 0 0 0 0 0 0 0 0 0 540 539 539 539 539 539 540 538 538 539 539 540 540 540 541 541 541 541 541 541 541 541 540 540 540 540 540 540 539 539 540 539 539 538 538 540 540 540 539 539 539 539 539 540 540 539 539 539 539 537 537 540 537 537 538 538 538 538 538 538 539 539 539 539 538 538 537 537 536 536 537 537 537 537 537 536 536 536 536 536 536 536 536 535 535 537 538 538 538 537 536 536 536 536 535 535 535 535 535 535 536 535 535 536 536 537 536 536 534 534 534 534 535 534 534 534 534 534 535 534 534 534 534 534 535 535 535 535 535 534 533 532 532 533 533 534 534 533 533 534 536 538 539 0 0 0 0 0 0 0 0 0 0 0 0 0 0 0 0 0 0 0 0 0 0 0 0 0 0 0 0 0 0 0 0 0 0 0 0 0 0 534 533 533 534 533 533 533 532 532 533 533 533 534 534 534 534 534 533 533 534 534 534 534 533 533 533 533 533 533 533 534 534 534 534 534 534 534 534 533 533 534 534 534 534 534 534 534 534 534 534 534 534 534 534 534 534 534 534 534 534 534 534 534 534 534 534 534 534 534 534 534 534 534 534 533 533 534 534 534 534 534 534 534 534 534 534 533 533 534 533 533 533 531 531 531 532 532 531 531 531 531 531 531 531 531 531 531 531 532 532 531 531 531 532 533 534
0 0 0 0 0 0 0 0 0 0 0 0 0 0 0 0 0 0 0 0 0 0 0 540 540 540 540 540 540 540 538 538 539 539 540 540 541 542 542 542 541 541 541 542 541 541 540 540 541 541 541 540 540 540 540 540 538 538 540 540 540 540 539 539 540 540 540 540 540 540 539 539 540 540 540 539 538 538 538 538 538 539 539 539 539 539 539 538 538 537 537 537 537 537 538 538 538 538 537 537 536 536 537 536 536 536 536 536 537 538 538 538 537 536 536 536 536 537 538 536 536 536 536 536 536 536 536 536 537 536 536 534 534 534 535 535 534 534 534 534 535 535 534 534 534 534 534 535 535 535 535 535 534 534 534 534 534 535 534 534 534 534 536 536 538 540 0 0 0 0 0 0 0 0 0 0 0 0 0 0 0 0 0 0 0 0 0 0 0 0 0 0 0 0 0 0 0 0 0 0 0 0 0 0 534 534 534 534 534 534 533 533 533 534 534 534 534 534 534 534 534 534 534 534 534 534 534 534 534 533 533 533 534 534 534 534 534 535 534 534 534 534 534 534 534 534 534 534 534 534 534 534 535 535 535 535 534 534 534 534 534 534 535 535 535 536 536 536 535 535 535 535 535 535 535 535 534 534 534 534 535 535 534 534 534 534 534 534 534 534 533 533 534 534 534 533 532 532 532 532 533 533 531 531 532 532 532 532 532 532 532 532 532 532 532 531 531 532 533 534
0 0 0 0 0 0 0 0 0 0 0 0 0 0 0 0 0 0 0 0 0 0 0 540 540 541 540 540 540 540 539 539 540 540 540 541 541 542 542 542 542 542 543 543 541 541 540 540 541 541 541 540 540 540 541 541 538 538 541 540 540 540 540 540 540 540 541 540 540 540 540 540 540 540 540 540 539 539 540 540 540 540 539 539 539 539 539 539 538 537 537 537 538 538 539 539 539 539 538 538 538 537 537 536 536 536 536 536 537 537 538 538 537 537 537 536 536 538 538 537 537 537 537 537 536 536 537 537 537 537 536 536 534 534 535 536 535 535 535 535 535 535 535 534 534 534 534 535 535 535 535 535 534 534 534 536 536 536 535 535 535 535 537 537 538 540 0 0 0 0 0 0 0 0 0 0 0 0 0 0 0 0 0 0 0 0 0 0 0 0 0 0 0 0 0 0 0 0 0 0 0 0 0 533 533 534 534 534 534 534 534 534 534 535 535 535 534 534 535 535 534 534 534 534 535 534 534 534 534 534 534 534 534 534 534 534 534 535 535 535 535 535 534 534 534 534 535 536 536 536 535 535 535 536 536 536 535 535 535 535 535 535 536 535 535 535 535 536 536 536 536 536 535 535 535 535 535 535 535 535 536 536 536 536 536 535 535 535 534 534 534 534 534 534 534 534 533 533 533 533 534 534 532 532 533 533 533 533 533 534 534 534 533 533 533 533 533 534 534 534
0 0 0 0 0 0 0 0 0 0 0 0 0 0 0 0 0 0 0 0 0 0 0 540 540 541 541 541 540 540 540 540 541 541 541 541 541 542 542 542 543 543 543 542 541 541 541 541 541 541 542 541 541 542 542 542 540 540 541 540 540 540 540 540 540 540 541 541 541 540 540 540 541 540 540 540 540 540 540 540 540 540 540 540 540 540 540 540 539 538 538 538 538 539 539 539 539 539 539 539 538 537 537 537 537 537 537 537 537 537 538 539 539 538 538 538 538 539 539 539 539 539 538 538 538 538 538 538 538 539 537 537 536 536 537 537 536 536 535 535 536 535 535 536 536 536 536 536 535 535 536 535 535 535 536 537 537 536 536 536 535 535 537 538 538 0 0 0 0 0 0 0 0 0 0 0 0 0 0 0 0 0 0 0 0 0 0 0 0 0 0 0 0 0 0 0 0 0 0 0 0 0 0 533 533 534 535 534 534 534 534 534 535 535 535 536 535 535 535 534 534 534 534 535 535 535 535 534 534 535 535 535 535 535 535 535 535 535 535 535 535 535 536 536 536 536 536 536 536 536 536 536 536 536 536 536 536 536 536 535 535 535 536 535 535 535 535 536 537 536 536 536 536 536 536 536 536 536 536 536 537 537 537 537 537 537 536 536 536 536 536 536 535 535 535 535 534 534 534 534 534 534 534 534 533 533 534 534 534 534 534 534 534 534 533 533 534 534 534 534
0 0 0 0 0 0 0 0 0 0 0 0 0 0 0 0 0 0 0 0 0 0 0 541 541 542 542 542 542 541 541 541 542 542 542 542 542 542 542 542 543 543 543 542 541 541 541 541 542 542 542 542 542 542 542 542 542 542 541 540 540 540 540 541 541 542 543 542 542 540 540 540 541 540 540 540 540 540 541 541 540 540 540 540 540 540 540 540 540 539 539 539 540 540 540 540 539 539 539 539 540 540 538 538 538 537 537 538 538 539 539 540 540 539 539 539 539 539 539 538 538 538 538 539 538 538 539 539 539 539 537 537 537 537 538 537 537 537 536 536 536 536 536 536 536 536 537 537 536 536 536 536 536 538 538 537 537 536 536 536 536 536 538 538 0 0 0 0 0 0 0 0 0 0 0 0 0 0 0 0 0 0 0 0 0 0 0 0 0 0 0 0 0 0 0 0 0 0 0 0 0 0 0 0 534 534 535 534 534 535 534 534 535 535 536 536 537 536 535 534 534 535 535 535 536 536 536 535 535 535 536 536 536 536 536 536 536 536 536 537 536 536 536 536 536 536 536 536 536 536 536 536 536 536 537 536 536 536 536 536 536 536 537 537 537 536 536 538 538 537 537 537 537 537 537 537 537 536 536 537 538 538 537 537 537 537 537 536 536 536 536 536 535 535 536 536 535 534 534 534 534 534 534 534 534 534 534 534 534 534 534 534 534 534 534 534 534 534 534 534
0 0 0 0 0 0 0 0 0 0 0 0 0 0 0 0 0 0 0 0 0 0 0 541 541 542 542 542 542 542 542 542 543 542 542 542 542 542 543 543 543 543 544 543 542 541 541 542 543 542 542 542 542 542 543 542 542 542 541 541 541 541 541 541 542 542 543 542 542 542 542 541 541 541 541 541 541 541 541 541 540 540 540 540 540 540 540 541 540 540 540 540 540 540 540 540 539 539 540 540 540 540 540 538 538 538 538 538 539 539 540 540 540 539 539 540 540 540 540 538 538 538 538 539 539 539 539 539 539 539 539 539 539 539 539 538 538 538 537 537 537 536 536 536 536 536 537 539 537 537 537 537 537 539 539 538 538 537 537 537 536 536 538 539 0 0 0 0 0 0 0 0 0 0 0 0 0 0 0 0 0 0 0 0 0 0 0 0 0 0 0 0 0 0 0 0 0 0 0 0 0 0 0 0 535 535 536 536 536 536 536 536 536 536 536 536 537 536 536 536 536 536 536 536 536 536 536 536 536 536 537 537 536 536 536 536 536 537 537 537 536 536 536 536 536 537 537 537 537 537 537 537 537 537 537 536 536 536 536 537 537 537 538 537 537 537 537 538 538 537 537 537 537 537 537 537 537 537 537 537 538 538 538 538 538 538 538 538 538 538 538 537 537 537 537 537 536 535 535 535 535 536 536 534 534 534 535 534 534 534 534 534 534 534 534 534 534 534 536 536
0 0 0 0 0 0 0 0 0 0 0 0 0 0 0 0 0 0 0 0 0 0 0 542 542 543 544 544 544 544 543 543 543 544 544 543 542 542 543 543 544 544 544 543 542 542 542 543 544 544 542 542 542 542 543 543 543 543 542 542 541 541 542 542 542 543 543 543 543 542 542 542 542 542 541 541 541 541 541 541 541 541 541 541 541 541 541 541 540 540 540 540 540 540 540 540 539 539 540 540 540 540 541 540 540 539 539 539 539 540 540 540 540 540 540 540 540 540 540 539 539 539 539 539 539 539 540 539 539 539 539 539 539 539 539 539 539 538 538 539 540 539 539 539 538 538 540 539 538 538 537 537 538 539 539 539 539 539 538 537 537 537 538 539 0 0 0 0 0 0 0 0 0 0 0 0 0 0 0 0 0 0 0 0 0 0 0 0 0 0 0 0 0 0 0 0 0 0 0 0 0 0 0 535 535 535 536 536 536 537 537 537 536 536 537 537 537 537 537 537 536 536 537 537 538 537 537 536 536 536 537 537 537 537 536 536 536 537 537 537 537 537 537 537 537 537 537 537 537 537 537 537 537 537 537 537 538 538 537 537 538 538 538 538 538 538 538 538 538 538 538 538 539 539 540 539 539 539 538 538 540 540 539 539 539 539 539 538 538 538 538 539 539 538 537 537 536 536 536 536 537 537 537 536 536 535 535 535 535 535 535 537 536 536 535 535 535 536 536 537
0 0 0 0 0 0 0 0 0 0 0 0 0 0 0 0 0 0 0 0 0 0 0 545 545 545 545 545 545 545 545 545 544 544 545 545 545 544 544 545 545 545 545 544 544 543 543 545 545 545 542 542 542 542 543 543 543 543 543 542 542 542 542 542 543 543 544 543 543 542 542 543 543 543 543 542 541 541 541 542 542 542 542 541 541 541 541 541 540 540 541 541 541 541 541 541 541 541 540 540 540 541 541 540 540 540 540 540 540 540 540 540 540 540 540 541 541 540 540 539 539 539 539 540 540 540 540 540 540 539 539 539 540 540 539 539 539 537 537 539 540 540 540 540 539 539 539 539 539 539 538 538 538 539 539 539 539 539 538 538 538 538 539 540 0 0 0 0 0 0 0 0 0 0 0 0 0 0 0 0 0 0 0 0 0 0 0 0 0 0 0 0 0 0 0 0 0 0 0 0 0 0 0 535 535 536 537 537 537 537 537 537 536 536 537 537 537 538 538 537 537 537 537 538 537 537 537 537 537 537 537 538 538 538 537 537 537 537 537 538 538 538 537 537 537 537 537 537 537 537 538 539 539 537 537 538 539 538 538 538 539 539 540 540 540 539 539 539 540 539 539 540 540 540 540 539 539 539 538 538 540 540 540 540 540 540 540 540 540 540 540 540 540 539 538 538 537 537 537 537 538 537 537 537 537 537 537 537 537 537 537 538 537 537 537 537 537 538 538 538
0 0 0 0 0 0 0 0 0 0 0 0 0 0 0 0 0 0 0 0 0 0 0 546 545 545 545 545 546 546 546 546 546 546 546 546 546 545 545 545 545 545 545 544 544 544 545 545 545 545 543 543 543 543 543 543 543 543 543 544 543 543 543 543 543 543 544 544 544 544 544 544 544 544 542 542 542 541 541 542 542 543 543 543 543 542 541 541 540 540 541 541 541 541 541 542 542 542 541 541 541 541 542 542 541 540 540 540 540 540 540 541 540 540 540 541 541 540 540 539 539 540 540 540 540 540 540 540 540 540 540 540 540 540 539 539 539 537 537 539 540 540 540 540 539 539 539 539 539 539 540 539 539 539 539 539 539 539 539 539 539 539 540 540 546 546 546 546 0 0 0 0 0 0 0 0 0 0 0 0 0 0 0 0 0 0 0 0 0 0 0 0 0 0 0 0 0 0 0 0 0 0 0 535 535 536 536 536 537 537 538 538 537 537 537 537 537 538 538 538 538 538 538 538 537 537 538 538 537 537 537 539 539 539 538 538 538 538 538 538 538 538 539 539 538 538 539 538 538 538 539 540 540 539 539 539 540 540 539 539 539 539 540 540 540 540 540 540 540 540 540 540 540 540 540 540 540 540 540 540 540 540 540 540 540 540 540 540 540 540 540 540 540 539 539 539 540 540 540 540 540 538 538 538 538 538 538 539 537 537 538 538 538 538 539 538 538 538 538 538
0 0 0 0 0 0 0 0 0 0 0 0 0 0 0 0 0 0 0 0 0 0 0 545 545 545 545 546 546 546 547 547 546 546 546 546 546 546 546 546 546 546 546 545 545 545 545 545 545 545 544 544 543 543 544 544 544 544 545 545 545 544 544 543 543 545 546 545 545 544 544 545 545 544 542 542 542 542 542 543 543 543 543 543 543 543 542 542 540 540 541 542 542 542 542 542 542 543 542 542 542 542 542 542 542 541 541 541 540 540 541 541 540 540 541 541 542 542 542 540 540 540 540 540 540 540 540 540 540 541 541 540 540 540 540 540 539 539 539 540 540 540 540 540 539 539 539 539 539 540 540 540 540 540 540 540 540 540 540 540 540 540 540 541 546 546 546 546 0 0 0 0 0 0 0 0 0 0 0 0 0 0 0 0 0 0 0 0 0 0 0 0 0 0 0 0 0 0 0 0 0 0 536 536 536 536 536 536 537 537 538 539 539 538 538 537 537 538 538 538 538 538 538 538 539 539 539 538 538 539 539 540 540 540 539 539 539 539 539 539 540 540 539 539 539 539 540 539 539 540 540 540 540 540 540 540 540 540 540 540 540 540 540 540 540 540 540 540 540 540 540 540 540 540 540 540 540 540 540 540 540 541 541 541 540 540 541 541 541 541 541 541 541 540 540 540 540 540 540 540 540 540 539 539 539 538 538 539 538 538 539 539 538 538 539 539 539 540 540 540
0 0 0 0 0 0 0 0 0 0 0 0 0 0 0 0 0 0 0 0 0 0 0 545 545 546 546 546 546 546 546 546 546 546 547 547 547 546 546 546 546 547 546 546 546 545 545 545 545 545 545 545 545 545 545 544 544 544 545 546 546 545 544 543 543 545 546 545 545 545 545 546 545 544 544 544 544 543 543 545 542 542 543 543 544 544 543 543 542 541 541 543 543 543 542 542 542 543 543 543 542 542 542 543 543 541 541 542 542 543 543 542 541 541 541 541 542 542 542 542 541 540 540 540 539 539 540 540 540 541 541 541 540 540 540 540 540 540 540 540 540 540 540 540 543 543 540 540 540 540 540 540 540 540 540 540 540 540 540 540 540 540 540 541 545 546 546 546 0 0 0 0 0 0 0 0 0 0 0 0 0 0 0 0 0 0 0 0 0 0 0 0 0 0 0 0 0 0 0 0 0 0 536 536 536 537 537 537 537 538 540 540 540 539 539 538 538 538 538 538 538 538 538 538 538 539 539 540 539 539 539 540 540 540 540 540 540 540 540 540 540 540 540 540 540 540 540 540 540 540 540 540 540 540 540 540 540 540 540 540 540 540 540 541 540 540 540 540 540 540 540 540 540 540 540 540 540 540 540 541 542 542 542 542 543 543 543 542 542 542 542 542 542 541 541 541 541 541 541 541 541 540 540 540 540 540 540 539 539 539 539 539 539 539 540 540 540 540 540 540
0 0 0 0 0 0 0 0 0 0 0 0 0 0 0 0 0 0 0 0 0 0 0 546 546 546 546 546 546 546 546 546 547 547 547 547 548 546 546 546 547 547 547 547 547 545 545 546 546 546 546 546 546 546 546 547 546 546 546 546 546 546 546 545 545 546 546 545 545 546 546 546 546 544 544 544 544 544 545 545 542 542 542 542 544 544 544 543 543 543 543 544 543 543 543 543 543 544 543 543 542 542 542 543 543 542 542 542 542 543 543 542 541 541 542 542 543 543 542 542 542 542 541 540 539 539 540 540 540 541 541 542 540 540 540 540 540 541 541 542 541 541 542 542 543 543 543 540 540 540 540 540 540 540 540 541 541 541 540 540 540 541 542 545 545 546 546 546 0 0 0 0 0 0 0 0 0 0 0 0 0 0 0 0 0 0 0 0 0 0 0 0 0 0 0 0 0 0 0 0 0 536 536 536 540 540 540 540 540 540 540 540 540 540 540 539 539 539 539 539 540 539 538 538 538 539 540 540 540 540 540 540 540 540 540 540 540 540 540 540 540 540 540 540 540 540 540 540 540 540 540 540 540 540 540 540 541 541 541 540 540 540 540 541 540 540 540 541 543 542 542 541 541 542 542 542 542 543 542 542 543 543 543 543 543 543 543 543 544 544 543 542 542 542 542 541 541 541 541 541 541 541 541 541 541 540 540 540 540 540 540 539 539 539 540 540 540 541 541 541
0 0 0 0 0 0 0 0 0 0 0 0 0 0 0 0 0 0 0 0 0 0 0 546 546 546 546 546 547 547 547 547 548 548 548 548 547 546 546 547 547 548 548 548 548 547 546 546 546 546 546 546 546 547 547 547 546 546 546 547 546 546 546 546 546 546 546 546 546 546 546 546 546 545 545 544 544 546 546 545 542 542 542 542 544 544 545 544 544 544 544 545 545 544 544 543 543 544 544 544 542 542 543 543 543 542 542 542 542 543 543 544 544 543 543 543 543 543 543 543 543 544 543 543 544 544 541 541 541 542 542 542 541 540 540 540 540 541 543 543 542 542 542 542 542 543 543 543 541 541 542 542 542 541 541 542 542 542 541 541 541 542 542 545 545 546 0 0 0 0 0 0 0 0 0 0 0 0 0 0 0 0 0 0 0 0 0 0 0 0 0 0 0 0 0 0 0 0 0 0 0 536 536 536 540 540 540 540 540 540 540 540 540 540 540 540 539 539 539 540 540 539 539 539 539 540 540 540 540 540 540 540 540 540 540 540 541 541 541 541 540 540 540 540 541 541 540 540 540 540 540 541 541 541 541 541 541 541 542 541 541 542 541 541 543 543 543 544 543 543 543 543 543 543 542 542 543 543 543 543 543 543 543 543 543 543 543 543 544 544 544 543 543 543 543 543 542 542 542 542 541 541 541 541 541 541 541 541 541 541 541 540 540 540 540 540 542 542 542 541
0 0 0 0 0 0 0 0 0 0 0 0 0 0 0 0 0 0 0 0 0 0 0 548 548 548 548 548 548 548 548 548 549 549 550 549 547 546 546 548 548 548 548 548 548 548 548 547 547 547 546 546 547 547 547 548 547 547 547 547 546 546 546 546 546 546 546 546 546 548 546 546 546 546 546 546 546 546 546 546 543 543 546 546 546 546 546 544 544 545 545 545 546 545 545 545 545 544 544 542 542 543 545 545 546 546 543 543 543 543 544 545 544 544 544 544 544 544 543 543 544 544 543 543 546 546 542 542 542 543 543 543 542 542 542 541 541 541 543 544 543 542 542 542 542 543 543 543 544 542 542 542 542 542 542 543 542 542 542 542 542 542 543 545 545 546 0 0 0 0 0 0 0 0 0 0 0 0 0 0 0 0 0 0 0 0 0 0 0 0 0 0 0 0 0 0 0 0 0 0 0 0 0 540 540 540 540 540 540 540 540 540 540 541 541 540 540 540 540 540 540 540 540 540 540 540 540 540 540 540 540 540 540 540 540 540 541 541 541 541 540 540 540 540 541 542 542 542 543 543 543 543 542 542 542 542 543 542 542 542 542 543 543 543 544 544 544 544 544 543 543 543 543 543 542 542 543 543 543 543 545 545 544 544 544 544 544 544 545 545 544 544 543 543 543 543 542 542 542 543 543 542 542 542 542 542 542 542 542 542 542 541 540 540 541 541 543 543 543 542
0 0 0 0 0 0 0 0 0 0 0 0 0 0 0 0 0 0 0 0 0 0 0 548 548 548 549 549 549 549 549 549 549 550 550 550 549 549 549 550 550 549 548 548 549 549 549 548 548 548 548 548 548 547 547 548 547 547 547 547 546 546 546 546 546 546 547 548 548 548 546 546 546 546 546 546 546 546 546 546 546 546 546 546 546 546 546 544 544 545 545 546 546 545 545 545 546 545 545 542 542 543 545 545 545 544 543 543 543 544 544 546 544 544 544 544 544 545 544 544 544 543 543 544 546 546 546 543 543 544 544 544 543 543 543 542 542 543 543 544 543 543 543 543 543 543 543 543 544 543 543 543 543 543 543 544 542 542 542 542 542 542 543 545 546 546 0 0 0 0 0 0 0 0 0 0 0 0 0 0 0 0 0 0 0 0 0 0 0 0 0 0 0 0 0 0 0 0 0 0 0 0 0 539 539 540 540 540 541 541 541 542 542 542 541 541 540 540 541 541 542 540 540 540 540 540 540 540 540 540 540 541 541 542 542 542 543 543 543 542 541 541 542 543 543 543 542 542 543 543 543 543 542 542 543 543 545 545 544 544 544 544 544 544 544 544 544 544 544 544 544 545 545 545 544 544 544 544 544 545 545 545 545 544 544 545 545 545 545 545 545 544 544 544 544 544 543 543 544 545 544 543 543 543 543 543 544 544 544 543 543 543 542 542 542 542 543 543 543 543
0 0 0 0 0 0 0 0 0 0 0 0 0 0 0 0 0 0 0 0 0 0 0 551 550 550 549 549 549 550 550 550 550 550 550 550 550 550 551 550 550 549 549 549 549 549 550 548 548 548 549 549 549 548 548 548 548 547 547 547 547 548 548 547 547 547 548 548 549 548 547 547 546 546 546 546 547 546 546 546 546 546 547 547 547 546 546 545 545 546 546 546 546 545 545 546 546 545 545 545 545 546 545 545 545 544 544 543 543 544 546 546 546 545 545 545 545 545 544 544 544 542 542 544 546 545 545 544 544 544 544 544 544 543 543 543 544 544 544 544 546 545 545 545 543 543 543 543 543 543 543 543 543 544 544 544 542 542 542 542 542 542 543 545 546 547 0 0 0 0 0 0 0 0 0 0 0 0 0 0 0 0 0 0 0 0 0 0 0 0 0 0 0 0 0 0 0 0 0 0 0 0 0 539 539 540 541 541 542 541 541 542 542 542 542 543 543 543 543 542 542 542 542 542 541 541 541 542 542 542 542 542 542 544 543 543 543 543 543 543 542 542 542 543 543 543 543 543 543 543 543 544 543 543 544 544 545 545 545 545 545 545 545 545 545 545 545 545 545 544 544 545 546 546 544 544 544 544 544 546 546 546 545 545 545 545 545 545 546 546 545 545 544 544 544 544 545 545 545 545 544 544 543 543 543 543 544 545 545 544 544 544 544 544 543 543 543 543 544 544
0 0 0 0 0 0 0 0 0 0 0 0 0 0 0 0 0 0 0 0 0 0 0 552 551 551 549 549 549 551 551 552 552 552 550 550 551 551 551 550 550 550 550 550 549 549 551 549 549 549 549 549 550 550 549 548 548 548 548 547 547 549 549 548 548 549 549 549 550 550 549 549 549 549 549 548 548 548 548 548 548 549 548 548 548 546 546 546 546 546 547 547 546 546 546 546 546 546 546 546 546 546 545 545 545 545 545 545 545 546 546 546 546 545 545 546 546 545 545 544 544 542 542 544 544 545 545 544 544 545 544 544 544 544 544 545 545 545 544 544 546 545 545 546 543 543 543 543 543 544 544 545 546 546 546 546 544 544 543 543 543 543 544 546 546 547 0 0 0 0 0 0 0 0 0 0 0 0 0 0 0 0 0 0 0 0 0 0 0 0 0 0 0 0 0 0 0 0 0 0 0 0 0 540 540 541 542 542 542 543 542 542 542 542 542 543 543 543 543 542 542 542 542 542 541 541 541 542 542 542 543 543 543 545 543 543 544 543 543 544 543 543 543 543 543 544 544 544 543 543 544 544 544 545 545 544 544 545 545 545 545 546 546 546 545 545 546 545 545 546 546 546 546 546 544 544 545 545 546 546 547 547 546 545 545 546 546 546 546 546 546 545 545 545 546 546 546 546 546 546 546 545 544 544 544 544 544 545 545 544 544 544 544 544 544 544 544 544 544 545
0 0 0 0 0 0 0 0 0 0 0 0 0 0 0 0 0 0 0 0 0 0 0 553 551 551 552 553 552 552 552 552 552 552 552 552 551 551 551 551 551 551 551 552 550 550 551 551 551 550 549 549 550 550 550 549 549 549 549 549 549 549 550 549 549 550 550 550 551 551 550 550 549 549 549 549 549 548 548 548 548 548 548 549 549 549 549 548 548 549 548 548 547 547 546 546 547 546 546 546 547 546 546 546 546 546 546 546 546 546 546 546 546 546 546 547 546 546 548 548 547 547 544 544 544 545 546 546 546 546 544 544 544 545 545 546 546 546 547 547 546 546 546 546 546 544 544 544 544 545 545 546 546 547 547 546 546 546 545 545 546 546 546 546 548 549 549 0 0 0 0 0 0 0 0 0 0 0 0 0 0 0 0 0 0 0 0 0 0 0 0 0 0 0 0 0 0 0 0 0 0 0 0 544 544 545 544 544 544 544 544 542 542 542 543 543 544 543 543 543 543 543 543 543 543 544 544 544 544 544 544 544 544 544 544 544 544 544 544 544 545 543 543 544 544 544 544 545 544 544 544 544 545 546 545 544 544 545 545 545 546 546 546 546 546 546 546 546 546 546 546 547 547 547 545 545 546 546 546 547 547 547 547 546 546 546 546 546 547 547 547 546 546 546 546 546 546 546 546 546 546 545 545 545 545 545 545 545 545 545 545 545 545 545 545 544 544 544 545 545
0 0 0 0 0 0 0 0 0 0 0 0 0 0 0 0 0 0 0 0 0 0 0 553 553 553 552 552 552 552 553 553 553 553 554 554 553 551 551 551 551 552 552 552 551 551 551 551 551 552 549 549 550 550 550 549 549 549 549 551 551 551 550 549 549 550 550 550 551 551 550 550 549 549 549 549 549 549 549 549 549 548 548 549 549 549 549 549 549 550 549 549 548 548 548 548 548 548 547 547 547 547 546 546 546 546 546 546 546 546 546 548 548 546 546 548 548 548 548 547 547 547 546 546 546 546 546 546 547 546 546 545 545 546 546 546 546 546 547 546 546 546 546 546 546 546 544 544 545 545 546 546 546 547 546 546 546 546 546 546 546 546 546 546 547 549 549 0 0 0 0 0 0 0 0 0 0 0 0 0 0 0 0 0 0 0 0 0 0 0 0 0 0 0 0 0 0 0 0 0 0 0 0 543 543 545 544 544 544 544 544 544 544 544 544 544 544 544 544 544 544 544 544 543 543 545 545 545 545 545 545 545 545 544 544 544 544 544 544 544 545 545 545 546 545 545 546 546 546 546 546 546 546 546 546 545 545 545 545 545 546 546 546 546 546 546 546 546 546 546 546 546 546 547 546 546 546 546 546 547 548 548 548 546 546 546 547 547 547 548 547 547 547 547 547 547 547 547 547 546 546 546 546 546 546 546 546 546 546 546 545 545 545 545 545 545 545 545 546 546
0 0 0 0 0 0 0 0 0 0 0 0 0 0 0 0 0 0 0 0 0 0 0 553 553 553 551 551 552 552 553 553 553 554 554 553 553 553 552 552 552 552 552 552 551 551 551 552 553 554 553 553 552 551 550 550 550 550 550 552 551 550 550 550 550 550 551 551 551 551 551 550 550 550 549 549 549 550 550 549 549 549 550 551 550 550 549 549 549 549 549 549 549 548 548 548 548 548 547 547 548 548 548 548 547 547 547 550 550 548 0 547 547 546 546 548 548 548 548 547 547 547 546 546 546 546 546 546 547 546 546 546 548 546 546 546 546 546 547 546 546 546 546 546 546 546 546 546 546 546 546 546 546 547 546 546 546 546 546 546 546 546 547 547 547 549 0 0 0 0 0 0 0 0 0 0 0 0 0 0 0 0 0 0 0 0 0 0 0 0 0 0 0 0 0 0 0 0 0 0 0 0 0 543 543 545 546 546 546 546 546 546 545 545 544 544 544 544 544 544 545 546 546 545 545 545 545 546 546 546 545 545 545 544 544 544 544 545 545 545 546 546 546 546 545 545 546 546 546 546 546 546 546 546 546 546 546 546 546 546 546 546 546 546 546 546 546 546 546 547 547 546 546 547 547 546 546 546 547 548 548 548 548 548 547 547 547 547 548 548 548 548 548 547 547 547 548 548 548 547 546 546 546 546 546 546 546 546 546 546 546 546 546 546 546 546 546 546 546 546
0 0 0 0 0 0 0 0 0 0 0 0 0 0 0 0 0 0 0 0 0 0 0 553 553 553 551 551 552 552 553 553 553 555 555 554 553 553 553 552 552 552 552 552 552 552 553 553 553 554 553 553 552 551 551 551 551 552 552 552 551 550 550 550 551 551 551 551 551 551 551 550 550 550 550 550 550 551 551 550 550 550 551 551 550 550 549 549 549 549 549 549 549 549 549 549 549 548 548 548 548 549 550 549 549 549 550 550 0 0 548 547 547 547 547 548 548 548 548 547 547 549 549 546 546 547 547 547 547 546 546 546 546 547 546 546 546 546 547 546 546 546 546 546 546 547 546 546 547 547 547 547 547 547 547 547 546 546 546 546 546 546 547 548 548 549 0 0 0 0 0 0 0 0 0 0 0 0 0 0 0 0 0 0 0 0 0 0 0 0 0 0 0 0 0 0 0 0 0 0 0 0 545 545 546 546 546 546 546 546 546 546 546 546 545 545 545 545 546 546 546 546 546 546 545 545 546 546 546 546 545 545 545 546 546 545 545 545 545 545 546 546 546 546 546 546 546 546 546 546 546 546 547 547 546 546 546 546 546 546 546 547 547 547 547 547 547 547 547 547 547 547 547 548 548 548 547 547 548 549 549 549 549 548 548 548 548 548 549 549 549 548 548 548 548 548 548 548 548 548 547 547 547 547 547 547 547 546 546 547 547 547 546 546 546 547 547 546 546 547
0 0 0 0 0 0 0 0 0 0 0 0 0 0 0 0 0 0 0 0 0 0 0 554 554 554 554 552 552 554 555 554 554 554 554 554 553 553 553 553 553 553 552 552 553 553 553 554 554 554 554 554 553 553 553 553 553 553 553 553 552 551 551 552 552 551 551 551 551 551 551 551 551 551 551 552 552 552 552 551 551 552 552 553 552 550 550 550 549 549 549 549 549 549 550 550 550 550 549 549 549 549 550 550 550 550 550 550 552 549 548 548 548 548 549 549 549 548 548 547 547 549 549 549 547 547 548 548 548 546 546 546 546 547 547 547 546 546 546 548 548 546 546 546 546 547 547 547 548 548 548 548 548 548 548 547 547 546 546 546 546 546 548 548 548 549 0 0 0 0 0 0 0 0 0 0 0 0 0 0 0 0 0 0 0 0 0 0 0 0 0 0 0 0 0 0 0 0 0 0 0 544 544 545 546 546 546 546 546 546 546 546 546 546 545 545 546 546 546 546 546 546 546 546 546 546 546 546 546 546 546 546 546 547 547 545 545 546 546 546 546 546 546 547 546 546 546 546 546 547 547 547 547 547 547 547 547 547 547 547 547 547 547 547 547 547 548 548 548 548 547 547 548 548 548 549 549 549 549 550 550 550 550 549 548 548 549 549 549 549 549 548 548 548 548 548 549 549 548 548 548 548 548 548 548 547 547 547 547 547 547 547 547 547 547 547 547 547 547 547
0 0 0 0 0 0 0 0 0 0 0 0 0 0 0 0 0 0 0 0 0 0 0 555 555 554 554 553 553 555 555 555 555 554 554 554 554 554 554 553 553 553 553 553 553 553 554 554 554 555 555 554 554 554 553 553 554 554 552 552 552 552 552 553 553 551 551 551 551 552 552 552 552 552 552 553 553 553 552 552 552 552 552 553 552 552 552 552 549 549 549 550 550 550 550 550 552 552 550 550 550 550 550 550 551 551 551 552 552 549 549 548 548 548 549 549 549 548 548 548 548 550 550 550 550 549 549 549 549 549 549 549 549 549 547 547 547 547 547 548 548 547 547 548 548 549 548 548 548 548 548 549 548 548 548 550 547 547 546 546 548 548 549 549 549 549 0 0 0 0 0 0 0 0 0 0 0 0 0 0 0 0 0 0 0 0 0 0 0 0 0 0 0 0 0 0 0 0 0 0 0 544 543 543 546 547 546 546 547 546 546 546 546 546 546 546 546 546 546 546 546 546 546 546 546 546 546 546 546 546 546 546 546 547 547 547 546 546 546 546 546 546 546 547 546 546 547 547 547 547 548 548 548 548 548 548 547 547 547 548 548 548 549 548 548 548 548 548 548 549 549 548 548 548 548 549 550 550 550 550 550 550 550 550 550 550 550 551 551 551 551 550 549 549 549 549 549 549 549 548 548 548 548 548 548 547 547 547 547 547 548 548 548 547 547 548 548 548 548 548
0 0 0 0 0 0 0 0 0 0 0 0 0 0 0 0 0 0 0 0 0 0 0 555 555 556 554 554 555 556 556 556 555 554 554 554 554 554 554 554 554 554 554 554 554 554 554 555 555 555 556 555 555 555 555 555 555 554 552 552 552 552 552 553 554 552 552 552 553 553 553 553 553 553 553 553 553 553 552 552 553 553 553 554 552 552 554 554 554 553 552 550 550 550 550 550 552 552 551 551 551 551 551 551 552 551 551 552 552 552 549 549 548 548 550 550 549 548 548 549 549 550 550 550 550 549 549 549 549 550 550 550 549 549 549 549 549 549 0 549 549 549 549 549 549 549 548 548 549 549 549 549 549 548 548 550 549 548 548 549 548 548 550 550 550 550 0 0 0 0 0 0 0 0 0 0 0 0 0 0 0 0 0 0 0 0 0 0 0 0 0 0 0 0 0 0 0 0 0 0 0 0 543 543 546 546 547 547 547 547 547 546 546 546 546 546 546 546 546 546 546 547 547 547 547 546 546 546 546 546 547 547 547 547 547 548 546 546 546 546 547 547 547 547 547 547 547 548 548 548 548 549 549 549 548 548 548 548 548 549 549 549 550 549 549 549 549 549 550 551 550 550 549 549 549 549 550 550 551 551 551 551 551 551 550 550 551 551 551 551 551 551 551 551 550 550 550 550 549 549 549 549 549 550 549 548 548 549 549 549 549 549 549 548 548 548 548 549 550 549
0 0 0 0 0 0 0 0 0 0 0 0 0 0 0 0 0 0 0 0 0 0 0 557 557 556 555 555 555 556 556 556 556 555 555 555 555 556 555 554 554 555 554 554 555 555 555 555 556 557 557 557 555 555 555 556 556 554 553 553 552 552 554 554 554 552 552 554 556 554 554 554 554 553 553 554 553 553 552 552 553 553 553 554 554 554 554 554 554 553 553 551 551 550 550 551 552 553 552 552 551 551 552 552 552 553 553 553 552 552 550 550 549 549 550 550 550 549 549 549 549 550 550 550 550 550 550 549 549 550 550 550 550 550 550 550 550 550 550 551 550 550 549 549 549 549 548 548 549 549 549 549 549 549 549 550 550 550 549 549 549 549 550 550 550 550 0 0 0 0 0 0 0 0 0 0 0 0 0 0 0 0 0 0 0 0 0 0 0 0 0 0 0 0 0 0 0 0 0 0 0 0 543 543 546 546 547 547 548 548 548 547 547 547 547 547 547 547 547 547 547 547 547 547 547 546 546 547 547 547 547 547 547 548 548 549 548 547 547 547 547 547 547 548 548 548 549 548 548 549 549 549 550 550 549 549 549 549 549 550 550 550 550 550 549 549 549 549 550 551 551 550 550 550 550 550 551 551 551 552 552 552 551 551 551 551 553 553 553 552 552 551 551 551 551 551 551 551 551 550 550 551 551 551 550 549 549 550 550 550 550 550 550 549 549 548 548 549 550 550
0 0 0 0 0 0 0 0 0 0 0 0 0 0 0 0 0 0 0 0 0 0 0 557 557 557 555 555 556 557 557 557 556 556 555 555 556 557 557 554 554 554 554 554 555 555 555 556 556 556 556 557 555 555 556 556 556 552 552 552 552 553 554 554 554 554 554 554 555 556 555 554 554 554 554 554 554 553 553 553 553 553 553 554 554 554 555 555 554 554 554 554 554 554 552 552 553 553 552 552 552 552 552 553 553 554 554 553 552 552 551 551 550 550 550 550 552 552 553 551 551 550 550 550 550 550 550 550 550 550 551 551 551 551 552 552 550 550 550 551 551 552 552 549 549 549 549 549 550 550 550 549 549 549 549 550 550 550 549 549 549 550 551 551 552 552 0 0 0 0 0 0 0 0 0 0 0 0 0 0 0 0 0 0 0 0 0 0 0 0 0 0 0 0 0 0 0 0 0 0 0 0 543 543 546 547 548 548 548 548 548 548 548 548 547 547 547 547 548 549 548 547 547 547 547 548 548 548 549 548 548 547 547 548 550 550 548 548 548 548 548 549 549 549 549 549 550 550 550 550 550 550 550 550 550 550 550 550 550 550 551 551 551 551 551 551 551 551 551 551 551 551 551 551 551 551 551 551 551 553 553 553 552 552 552 552 553 553 553 553 552 552 552 552 552 552 552 552 551 551 551 552 552 552 552 552 551 551 551 551 550 550 550 550 550 549 549 550 551 551
0 0 0 0 0 0 0 0 0 0 0 0 0 0 0 0 0 0 0 0 0 0 0 557 557 557 557 557 557 558 558 558 557 556 556 556 557 557 557 554 554 554 554 554 556 556 556 556 556 556 556 557 555 555 556 556 556 552 552 552 552 556 554 554 554 554 554 554 555 556 556 555 554 554 554 554 554 554 553 553 554 554 554 554 554 553 553 554 554 554 554 554 555 555 554 553 553 553 553 553 553 553 554 554 554 554 554 554 552 552 552 552 552 552 551 551 553 553 553 553 552 551 551 551 553 551 551 550 550 551 551 551 551 551 551 551 550 550 550 551 551 552 552 550 550 550 550 550 551 550 550 549 549 549 550 550 550 550 549 549 550 551 551 551 552 552 0 0 0 0 0 0 0 0 0 0 0 0 0 0 0 0 0 0 0 0 0 0 0 0 0 0 0 0 0 0 0 0 0 0 0 0 0 547 547 548 549 550 550 549 549 548 548 548 548 547 547 548 550 550 548 548 547 547 548 549 549 549 550 549 549 548 548 549 550 550 548 548 549 549 549 550 550 550 549 549 550 550 551 550 550 550 550 550 550 550 551 551 551 551 551 551 551 551 551 551 551 551 551 551 551 551 551 552 552 552 552 552 552 554 554 554 554 554 553 553 554 554 554 553 553 553 553 553 552 552 552 552 552 552 552 552 552 552 552 552 552 552 551 551 551 551 551 551 551 551 551 551 552 551
0 0 0 0 0 0 0 0 0 0 0 0 0 0 0 0 0 0 0 0 0 0 0 559 559 559 558 558 558 559 559 559 557 557 557 557 558 558 558 555 555 556 555 555 557 557 557 558 558 558 558 557 556 556 556 556 556 558 558 558 558 558 558 554 554 554 554 555 555 557 557 557 554 554 554 554 554 554 554 555 555 554 554 555 553 553 553 554 554 554 554 554 555 555 554 553 553 554 553 553 553 554 554 554 554 554 554 554 553 553 553 553 553 553 552 552 553 553 553 553 552 552 552 553 553 551 551 551 551 551 551 551 551 552 552 551 551 551 551 551 551 552 552 553 551 551 551 551 551 552 552 550 550 550 550 551 551 550 550 551 551 552 553 553 0 0 0 0 0 0 0 0 0 0 0 0 0 0 0 0 0 0 0 0 0 0 0 0 0 0 0 0 0 0 0 0 0 0 0 0 0 0 0 549 549 549 550 550 550 549 549 549 548 548 548 548 549 549 551 551 549 549 549 549 549 550 550 550 550 550 550 550 550 550 551 550 549 549 550 550 551 551 551 550 550 550 551 551 551 551 551 551 551 551 551 551 552 552 552 551 551 551 551 551 552 552 552 552 551 551 551 552 552 553 553 553 553 553 553 554 554 554 554 554 554 554 554 554 554 554 554 554 554 554 553 553 553 553 553 553 553 553 553 553 553 553 552 552 552 552 551 551 551 551 552 552 553 554 553 553
0 0 0 0 0 0 0 0 0 0 0 0 0 0 0 0 0 0 0 0 0 0 0 559 559 559 559 559 560 560 560 559 557 557 557 559 559 559 559 555 555 557 556 556 558 558 559 559 559 558 558 558 558 557 556 556 558 556 556 557 556 556 555 555 556 556 556 556 556 557 557 556 554 554 556 555 555 555 557 557 556 555 555 555 553 553 554 554 554 554 555 555 556 555 555 554 554 554 554 554 554 554 554 554 554 554 554 555 554 554 554 554 553 553 553 553 554 554 554 554 554 554 554 554 553 553 553 552 552 552 552 551 551 552 552 552 551 551 551 551 552 552 553 553 552 552 551 551 551 552 552 553 551 551 553 552 552 551 551 551 553 553 553 553 0 0 0 0 0 0 0 0 0 0 0 0 0 0 0 0 0 0 0 0 0 0 0 0 0 0 0 0 0 0 0 0 0 0 0 0 0 0 0 550 550 550 550 550 550 550 550 550 550 550 550 550 551 551 551 551 549 549 549 549 549 550 551 550 550 550 550 550 550 551 551 550 550 550 551 551 551 551 551 551 551 551 551 551 551 551 551 551 551 552 552 552 553 553 553 553 553 553 553 553 553 553 552 552 552 552 553 553 554 554 554 553 553 553 553 554 554 554 554 554 554 554 554 554 554 554 554 554 554 554 554 554 554 554 553 553 553 553 553 553 553 553 553 554 554 554 554 554 553 553 553 554 554 554 554 554
0 0 0 0 0 0 0 0 0 0 0 0 0 0 0 0 0 0 0 0 0 0 0 559 559 559 559 559 560 560 560 559 557 557 557 558 559 559 559 557 557 558 558 558 559 559 560 560 559 558 558 558 558 559 559 557 557 556 556 557 556 556 555 555 556 556 556 556 556 557 557 556 554 554 557 557 557 557 557 557 556 555 555 555 555 555 555 556 555 555 555 555 556 555 555 554 554 555 555 555 555 555 555 555 555 555 555 555 554 554 554 554 554 554 553 553 554 554 554 554 554 554 555 554 554 553 553 553 553 552 552 552 552 552 552 552 552 552 552 552 553 553 553 551 551 552 552 552 552 553 554 553 553 553 553 553 553 552 552 552 553 554 554 554 0 0 0 0 0 0 0 0 0 0 0 0 0 0 0 0 0 0 0 0 0 0 0 0 0 0 0 0 0 0 0 0 0 0 0 0 0 0 0 0 551 551 551 550 550 551 551 551 551 551 551 551 552 551 550 550 551 551 551 551 551 552 552 550 550 550 550 550 551 551 552 551 551 551 551 551 551 551 551 551 551 551 552 551 551 551 551 552 552 552 552 552 553 553 553 553 553 554 553 553 554 554 554 553 553 553 554 554 554 554 554 554 554 554 554 554 554 554 554 554 555 555 554 554 554 554 554 554 554 555 554 554 554 554 554 554 553 553 553 553 554 554 554 554 554 554 554 554 554 554 554 554 554 554 554 554
0 0 0 0 0 0 0 0 0 0 0 0 0 0 0 0 0 0 0 0 0 0 0 560 560 559 559 560 562 562 560 559 558 558 558 558 559 560 559 559 559 559 559 559 559 559 560 560 559 559 558 558 558 559 559 557 557 557 557 557 558 558 557 556 556 556 556 557 557 558 557 556 556 557 557 557 557 557 557 558 559 559 556 556 556 556 556 556 556 556 556 556 556 556 556 556 556 556 555 555 555 555 556 556 556 556 555 555 554 554 554 554 554 554 554 554 554 554 554 554 554 554 554 554 554 554 554 554 554 554 552 552 553 553 554 552 552 552 554 554 553 553 553 551 551 552 552 552 552 553 554 554 554 554 554 554 554 554 553 553 554 554 554 0 0 0 0 0 0 0 0 0 0 0 0 0 0 0 0 0 0 0 0 0 0 0 0 0 0 0 0 0 0 0 0 0 0 0 0 0 0 0 0 0 552 551 551 551 551 551 551 552 552 551 551 551 552 551 550 550 551 551 551 551 551 552 553 551 551 551 551 551 551 552 552 551 551 551 551 552 552 552 553 553 552 552 552 552 552 552 552 553 553 553 554 554 554 554 554 553 553 554 553 553 554 554 554 554 554 554 554 554 554 554 554 554 554 554 554 554 554 555 555 555 555 555 555 555 555 555 556 556 556 556 555 555 555 555 555 556 554 554 554 554 555 555 555 555 554 554 554 554 554 554 554 555 554 554 554 554
0 0 0 0 0 0 0 0 0 0 0 0 0 0 0 0 0 0 0 0 0 0 0 560 560 560 560 562 561 560 560 559 558 558 558 559 560 560 560 560 560 560 560 559 559 559 560 560 559 559 558 557 557 558 559 557 557 557 557 558 558 558 558 556 556 556 557 557 557 558 557 557 557 560 559 559 559 558 557 557 557 557 557 557 557 557 557 557 556 556 556 556 556 556 556 556 557 557 556 556 557 557 557 556 556 557 555 555 554 554 554 554 555 556 556 555 555 554 554 554 554 554 554 554 554 554 554 554 554 554 553 553 553 553 554 552 552 552 554 554 553 553 553 553 553 553 554 554 554 554 554 554 554 554 554 554 554 554 554 554 554 554 554 555 0 0 0 0 0 0 0 0 0 0 0 0 0 0 0 0 0 0 0 0 0 0 0 0 0 0 0 0 0 0 0 0 0 0 0 0 0 0 0 0 553 552 552 552 552 552 552 552 552 551 551 551 552 551 551 551 552 552 552 553 553 553 554 553 553 553 552 552 553 553 553 552 552 553 553 553 553 554 554 554 553 553 553 553 553 554 554 554 554 554 554 554 554 554 554 554 554 554 554 554 554 554 554 554 554 555 555 555 555 555 555 555 555 555 555 555 555 556 556 556 556 556 556 556 555 555 556 556 556 556 556 556 556 556 556 556 557 557 557 557 556 556 555 555 554 554 554 555 555 555 555 555 555 555 554 554
0 0 0 0 0 0 0 0 0 0 0 0 0 0 0 0 0 0 0 0 0 0 0 562 562 562 562 562 561 560 560 560 560 560 560 560 560 560 560 560 560 560 561 560 560 561 561 560 559 559 558 557 557 558 558 558 559 559 558 558 558 558 558 556 556 557 557 557 559 559 560 560 561 560 560 559 559 559 557 557 557 557 557 557 557 557 556 556 556 557 557 556 556 557 557 557 557 557 557 557 558 558 557 556 556 557 556 556 555 555 555 555 556 556 557 557 557 556 554 554 554 554 554 554 554 554 554 554 554 555 554 554 554 554 553 553 553 554 554 554 553 553 553 553 553 554 554 554 554 554 554 554 554 554 554 555 555 555 554 554 554 554 554 555 557 0 0 0 0 0 0 0 0 0 0 0 0 0 0 0 0 0 0 0 0 0 0 0 0 0 0 0 0 0 0 0 0 0 0 0 0 0 0 554 553 553 553 553 553 554 553 553 552 552 552 554 554 551 551 551 553 553 553 553 553 553 554 554 554 554 554 554 554 553 553 553 553 554 554 554 554 554 554 554 553 553 554 554 554 554 554 554 554 554 554 554 554 554 554 554 555 556 556 556 556 556 556 555 555 555 555 555 555 555 555 556 556 556 556 556 556 557 557 557 557 557 557 557 556 556 557 557 557 557 557 557 557 557 557 557 557 557 557 557 557 557 556 556 555 554 554 555 555 555 555 555 556 556 555 555
0 0 0 0 0 0 0 0 0 0 0 0 0 0 0 0 0 0 0 0 0 0 0 564 564 564 564 562 562 562 563 563 563 563 563 561 561 561 561 562 561 561 561 560 560 561 561 562 560 559 558 557 557 558 558 558 559 559 559 559 559 559 559 562 563 563 561 561 561 561 561 561 561 560 560 560 560 560 557 557 558 559 558 558 557 557 556 556 556 559 558 557 557 557 557 558 559 560 560 560 558 558 558 558 558 557 557 557 556 556 555 555 556 556 557 557 557 557 557 554 554 554 554 554 554 554 555 555 555 555 556 556 556 557 557 557 557 559 559 558 558 558 554 554 554 555 555 555 554 554 554 554 554 554 554 555 555 555 556 556 555 555 555 557 557 0 0 0 0 0 0 0 0 0 0 0 0 0 0 0 0 0 0 0 0 0 0 0 0 0 0 0 0 0 0 0 0 0 0 0 0 0 0 552 552 553 554 554 554 554 553 553 553 553 553 554 554 552 552 552 553 553 554 554 554 554 554 554 554 554 554 554 554 554 554 554 554 555 554 554 554 554 554 554 554 554 554 555 555 556 555 555 555 555 555 554 554 555 555 555 556 556 557 557 556 556 556 556 556 556 556 555 555 556 556 557 557 557 558 558 558 558 558 557 557 558 558 558 557 557 557 558 558 558 558 557 557 558 558 558 558 558 558 558 558 558 558 558 557 556 556 557 557 557 557 557 557 557 557 558
0 0 0 0 0 0 0 0 0 0 0 0 0 0 0 0 0 0 0 0 0 0 0 564 564 564 564 563 563 563 564 563 563 563 563 563 563 561 561 562 562 562 562 562 562 563 563 563 563 563 563 562 560 560 559 559 561 561 562 560 560 562 562 562 563 563 563 561 561 561 561 561 561 560 560 560 561 560 559 559 559 559 558 558 559 558 558 559 559 559 559 558 558 558 558 559 560 560 560 560 558 558 558 558 558 558 558 557 557 557 557 557 556 556 557 557 557 557 557 554 554 554 555 555 556 556 556 555 555 555 555 555 556 557 557 557 557 559 559 0 558 558 558 554 554 554 555 555 555 554 554 554 554 554 554 556 556 556 556 556 556 556 556 558 558 0 0 0 0 0 0 0 0 0 0 0 0 0 0 0 0 0 0 0 0 0 0 0 0 0 0 0 0 0 0 0 0 0 0 0 0 0 0 552 552 553 554 554 554 554 553 553 554 554 554 554 554 555 555 555 554 554 554 554 554 554 554 554 554 554 554 554 555 555 555 555 555 556 554 554 554 554 554 555 555 555 555 555 556 556 557 557 556 555 555 556 556 557 555 555 557 557 557 557 557 557 557 557 557 556 556 556 556 556 556 557 557 557 558 558 558 558 558 558 558 559 559 559 558 557 557 558 558 558 558 558 558 558 559 559 559 559 559 559 559 559 559 559 559 558 558 558 558 558 558 558 558 558 558 559
0 0 0 0 0 0 0 0 0 0 0 0 0 0 0 0 0 0 0 0 0 0 0 564 564 564 564 564 564 564 564 564 564 564 564 563 562 562 562 563 564 564 564 562 562 563 563 563 563 563 563 563 563 563 561 561 563 563 561 560 560 561 561 561 562 563 563 561 561 561 561 561 0 561 562 562 562 562 561 561 561 561 561 561 561 560 560 560 560 560 559 559 559 559 560 560 560 560 560 560 558 558 559 558 558 558 560 560 558 558 558 560 558 558 557 557 557 557 557 555 555 556 556 556 556 556 560 556 555 555 555 555 556 557 557 557 559 559 559 556 557 557 557 554 554 554 555 555 555 554 554 554 554 554 554 556 556 556 556 556 556 557 560 561 0 0 0 0 0 0 0 0 0 0 0 0 0 0 0 0 0 0 0 0 0 0 0 0 0 0 0 0 0 0 0 0 0 0 0 0 0 0 0 554 554 554 555 555 555 555 554 554 554 555 555 555 555 555 556 558 557 556 555 555 555 555 555 555 555 555 555 555 555 555 555 555 555 557 557 557 556 556 556 556 556 556 556 556 557 557 557 557 558 558 558 557 557 557 557 557 557 557 557 557 557 557 557 557 557 557 557 557 557 557 557 558 558 558 559 559 559 559 560 560 560 560 560 560 559 559 559 559 559 559 559 559 559 559 559 559 559 559 559 559 559 559 560 560 560 559 559 559 558 558 558 559 559 559 559 559
0 0 0 0 0 0 0 0 0 0 0 0 0 0 0 0 0 0 0 0 0 0 0 565 564 564 564 565 565 565 565 565 564 564 564 563 562 562 562 563 564 564 565 565 565 564 564 564 563 563 563 563 564 563 563 563 563 563 561 561 561 561 561 561 562 563 563 563 563 562 562 563 563 0 0 564 564 564 562 561 561 561 561 561 561 561 561 561 561 561 560 560 561 563 561 561 561 560 560 561 560 560 562 561 561 561 560 560 559 559 559 560 559 559 559 559 560 557 557 559 559 559 559 561 560 560 560 560 557 556 556 556 556 557 557 559 559 556 556 556 557 557 557 556 556 557 557 557 559 559 557 556 556 557 559 558 558 556 556 556 556 557 560 561 563 0 0 0 0 0 0 0 0 0 0 0 0 0 0 0 0 0 0 0 0 0 0 0 0 0 0 0 0 0 0 0 0 0 0 0 0 0 0 555 555 555 556 556 556 556 556 556 557 556 556 556 556 556 557 558 557 556 555 555 555 555 555 556 555 555 556 556 555 555 557 557 557 557 557 557 557 557 557 556 556 556 556 557 557 557 557 558 558 558 558 558 558 558 558 558 558 558 558 557 557 557 557 558 558 557 557 558 558 558 558 559 559 559 559 560 560 560 561 561 561 561 561 561 561 561 561 561 560 560 560 560 560 559 559 560 560 560 560 560 560 560 560 560 560 560 559 559 559 559 559 559 559 559 559 559
0 0 0 0 0 0 0 0 0 0 0 0 0 0 0 0 0 0 0 0 0 0 0 565 565 565 565 566 566 565 565 565 564 564 565 565 564 564 564 564 565 565 565 565 565 564 564 564 563 563 564 564 564 564 563 563 563 563 563 562 562 562 562 561 561 563 564 564 564 562 562 563 563 0 0 564 0 564 564 562 562 561 561 561 562 562 561 561 562 561 561 561 561 563 561 561 561 561 561 561 561 562 561 561 561 561 561 561 560 560 560 560 559 559 560 560 560 557 557 560 560 560 561 561 560 560 560 560 558 557 556 556 557 557 557 559 558 556 556 558 558 560 560 556 556 557 557 558 559 559 557 557 559 559 559 558 557 557 557 557 557 557 560 561 563 0 0 0 0 0 0 0 0 0 0 0 0 0 0 0 0 0 0 0 0 0 0 0 0 0 0 0 0 0 0 0 0 0 0 0 0 0 0 556 556 556 557 557 557 557 557 557 557 557 557 557 557 557 557 558 558 557 556 555 555 555 555 556 556 557 557 557 556 556 557 557 557 557 557 557 557 557 558 557 557 557 557 557 558 558 558 558 558 558 558 558 558 558 558 558 558 558 558 559 559 558 558 558 558 559 559 559 559 559 559 559 560 560 560 561 561 561 561 561 561 561 561 561 561 561 562 562 561 561 561 561 561 561 561 562 561 561 560 560 560 560 561 562 561 560 559 559 559 560 560 561 560 560 560 561
0 0 0 0 0 0 0 0 0 0 0 0 0 0 0 0 0 0 0 0 0 0 0 566 565 565 565 566 566 566 566 565 565 565 565 566 566 565 565 565 565 565 565 565 565 565 565 565 564 564 564 563 563 565 562 562 563 564 564 563 563 563 563 561 561 563 564 565 565 564 563 563 563 0 0 0 564 564 564 563 563 561 561 561 563 563 562 562 562 562 562 563 563 563 561 561 561 561 561 562 562 563 561 561 561 561 562 561 560 560 560 560 560 560 560 561 561 560 560 560 560 561 561 561 561 560 560 560 559 559 559 559 557 557 557 559 558 557 557 558 558 561 561 557 557 558 558 559 559 559 559 559 560 560 559 558 557 557 557 557 557 557 560 561 0 0 0 0 0 0 0 0 0 0 0 0 0 0 0 0 0 0 0 0 0 0 0 0 0 0 0 0 0 0 0 0 0 0 0 0 0 0 0 556 556 557 558 558 558 558 558 558 558 558 558 557 557 558 558 558 560 557 557 557 557 557 557 557 557 557 557 557 557 557 558 558 558 558 558 558 558 558 558 558 558 558 558 559 559 559 559 559 559 559 558 558 559 559 559 559 559 559 559 560 560 560 558 558 558 560 560 560 560 560 560 560 561 560 560 562 562 562 562 562 562 562 562 562 562 562 562 562 563 562 562 562 562 562 562 562 562 562 562 562 562 562 562 562 562 560 560 560 560 562 562 562 562 562 561 561
0 0 0 0 0 0 0 0 0 0 0 0 0 0 0 0 0 0 0 0 0 0 0 566 566 566 566 566 566 566 566 565 565 565 565 566 566 565 565 565 564 564 565 565 565 565 565 565 564 564 565 563 563 563 562 562 563 564 564 563 563 563 563 562 562 563 565 565 565 565 564 564 0 566 0 565 0 565 565 565 565 564 561 561 564 564 562 562 563 563 563 563 563 564 562 562 561 561 561 562 561 561 563 562 562 562 562 561 561 561 561 561 563 562 562 562 561 560 560 561 561 561 561 561 561 560 560 560 560 560 560 559 559 559 559 559 557 557 560 560 560 561 561 560 559 559 559 560 560 559 559 559 560 560 559 558 558 558 557 557 557 558 560 562 0 0 0 0 0 0 0 0 0 0 0 0 0 0 0 0 0 0 0 0 0 0 0 0 0 0 0 0 0 0 0 0 0 0 0 0 0 0 0 558 558 559 558 558 557 557 557 558 558 558 558 558 558 559 559 560 560 560 559 558 558 557 557 557 557 557 557 557 557 558 559 559 559 559 559 559 558 558 559 560 560 559 559 559 559 559 561 561 561 560 560 560 560 560 560 560 560 560 560 561 561 561 560 560 560 560 561 561 561 561 561 561 561 561 561 562 562 562 562 562 562 562 563 563 562 562 563 563 563 563 563 563 563 563 562 562 562 562 562 563 563 563 563 562 562 561 561 561 561 562 563 563 563 562 562 562
0 0 0 0 0 0 0 0 0 0 0 0 0 0 0 0 0 0 0 0 0 0 0 567 567 567 567 567 567 567 566 566 565 565 566 567 567 567 566 565 564 564 565 565 565 565 565 565 564 564 565 565 565 563 563 563 564 565 565 564 564 564 564 565 565 565 565 565 565 565 564 564 566 566 565 565 565 565 565 565 565 565 562 562 564 564 562 562 563 563 563 563 563 564 563 563 564 565 565 565 561 561 564 564 563 563 564 563 562 561 561 563 563 563 563 563 562 562 562 562 0 0 561 561 561 562 561 561 560 560 561 559 559 559 559 560 557 557 560 560 560 561 561 560 560 560 560 560 560 560 559 559 560 560 560 559 559 559 559 560 560 560 561 563 0 0 0 0 0 0 0 0 0 0 0 0 0 0 0 0 0 0 0 0 0 0 0 0 0 0 0 0 0 0 0 0 0 0 0 0 0 0 0 0 559 559 558 558 557 557 557 559 559 559 559 559 559 560 560 561 560 560 559 559 559 559 558 558 558 558 558 558 558 559 560 560 560 560 559 559 559 559 560 561 561 561 560 560 560 561 561 561 561 561 561 560 560 560 560 560 561 561 561 562 562 562 562 561 561 561 561 561 561 561 561 561 561 561 561 562 562 563 563 563 563 563 563 563 563 563 563 563 564 564 564 563 563 563 563 563 563 563 563 564 564 564 563 563 562 562 562 563 563 563 563 563 563 563 562 562
0 0 0 0 0 0 0 0 0 0 0 0 0 0 0 0 0 0 0 0 0 0 0 567 567 567 567 568 568 568 567 567 566 566 567 567 567 568 566 566 565 565 565 565 565 565 565 565 565 566 566 566 566 566 565 565 565 565 565 565 565 565 565 566 565 565 565 565 565 565 566 566 566 565 565 565 565 565 565 565 565 565 564 564 564 565 564 564 564 564 564 564 564 564 564 564 564 565 565 565 565 564 564 565 564 564 564 564 564 564 563 563 563 563 563 0 565 562 562 562 564 564 564 564 561 561 561 561 561 561 561 560 560 560 560 561 560 560 561 561 561 561 561 561 561 561 561 560 560 560 559 559 560 560 560 560 560 560 560 560 560 560 561 563 564 0 0 0 0 0 0 0 0 0 0 0 0 0 0 0 0 0 0 0 0 0 0 0 0 0 0 0 0 0 0 0 0 0 0 0 0 0 0 560 560 561 560 560 560 560 560 560 560 560 560 560 560 560 560 561 560 560 560 560 560 560 559 559 559 559 560 558 558 559 561 561 561 561 561 561 560 560 561 561 561 561 561 561 561 561 562 562 562 561 561 561 561 561 561 561 561 562 562 562 562 562 562 562 561 561 562 562 562 562 562 562 562 562 562 564 564 564 564 564 564 564 564 564 564 564 564 564 564 565 565 565 564 564 564 564 564 565 565 565 565 565 564 563 563 563 563 563 563 563 563 563 563 563 563 563
0 0 0 0 0 0 0 0 0 0 0 0 0 0 0 0 0 0 0 0 0 0 0 568 567 567 567 568 568 568 568 568 567 567 568 568 568 567 567 567 567 567 567 567 567 566 565 565 566 567 567 567 566 566 566 567 566 566 566 566 566 566 566 566 566 566 565 565 565 565 567 567 567 565 565 565 565 565 565 565 565 565 565 565 565 565 565 564 564 564 564 565 565 565 565 565 565 565 565 565 565 564 564 565 565 565 565 564 564 564 564 563 563 563 563 565 565 565 564 564 564 564 0 0 0 562 562 562 564 564 564 563 563 564 564 564 564 564 562 561 561 561 561 561 561 561 561 561 561 562 562 564 562 562 562 562 563 561 561 561 560 560 560 562 564 0 0 0 0 0 0 0 0 0 0 0 0 0 0 0 0 0 0 0 0 0 0 0 0 0 0 0 0 0 0 0 0 0 0 0 0 0 0 560 560 561 561 561 561 561 562 561 561 561 561 560 560 561 561 561 560 560 561 561 561 560 560 561 561 561 561 561 561 561 561 561 562 562 561 561 561 561 561 561 561 561 561 561 562 562 562 562 562 562 562 562 562 562 562 562 562 562 562 562 562 562 563 563 562 562 563 563 563 563 563 563 563 563 563 565 565 565 564 564 564 565 565 565 565 564 564 564 564 565 565 565 565 565 565 565 565 565 565 565 565 565 564 564 563 563 563 563 563 563 564 564 564 564 563 563
0 0 0 0 0 0 0 0 0 0 0 0 0 0 0 0 0 0 0 0 0 0 0 569 568 567 567 569 570 570 569 569 569 569 569 569 568 567 567 567 568 568 568 567 567 567 567 567 567 567 568 568 566 566 566 567 567 567 566 566 566 566 567 567 567 567 566 565 565 565 567 567 565 565 565 565 565 565 565 567 566 566 566 565 565 567 565 565 564 564 565 565 565 565 565 565 565 565 565 565 565 565 565 565 565 565 565 565 564 564 564 564 565 565 565 565 565 565 565 565 565 565 0 0 0 563 563 563 564 564 563 563 564 564 564 565 564 564 563 562 562 562 561 561 561 561 561 562 562 563 564 564 564 564 563 563 563 561 561 561 561 560 560 562 0 0 0 0 0 0 0 0 0 0 0 0 0 0 0 0 0 0 0 0 0 0 0 0 0 0 0 0 0 0 0 0 0 0 0 0 0 0 0 0 560 560 561 561 561 562 563 563 562 562 562 561 561 561 561 561 561 561 561 561 561 561 561 561 561 561 562 562 561 561 562 562 562 562 561 561 561 561 562 562 562 562 562 562 562 562 562 562 562 562 562 562 562 562 562 562 562 564 564 564 563 563 563 563 563 563 563 563 563 564 563 563 563 563 564 565 565 565 565 565 565 565 565 565 565 565 565 565 565 565 565 565 565 566 566 565 565 566 565 565 565 565 565 564 564 564 563 563 563 563 564 564 564 564 563 563
0 0 0 0 0 0 0 0 0 0 0 0 0 0 0 0 0 0 0 0 0 0 0 571 570 568 568 569 570 570 569 569 569 569 570 569 568 568 568 568 568 569 568 568 567 567 567 567 569 569 570 568 567 567 567 567 567 567 567 566 566 566 566 567 567 567 566 566 566 567 567 567 565 565 565 565 565 565 566 566 566 566 567 567 567 568 565 565 565 565 565 565 565 565 565 565 565 565 566 565 565 565 565 565 565 565 565 565 565 565 565 565 565 565 565 565 565 565 565 565 565 565 565 565 565 564 564 564 565 564 563 563 563 563 565 565 564 564 563 563 563 563 563 562 562 562 563 563 563 564 564 564 564 564 564 564 564 563 563 562 561 561 561 0 0 0 0 0 0 0 0 0 0 0 0 0 0 0 0 0 0 0 0 0 0 0 0 0 0 0 0 0 0 0 0 0 0 0 0 0 0 0 0 0 560 560 561 561 562 562 564 564 563 563 562 562 562 562 561 561 562 562 562 562 562 562 562 561 561 562 562 562 562 562 562 562 562 562 562 562 562 562 562 562 562 563 562 562 562 562 562 562 563 563 563 563 563 563 562 562 563 564 564 564 564 564 564 564 564 564 564 564 564 565 564 564 564 564 565 565 565 565 565 565 566 566 566 566 566 566 566 566 566 566 566 566 566 566 566 566 566 566 566 565 565 565 565 565 564 564 564 565 565 565 565 565 565 565 565 565
0 0 0 0 0 0 0 0 0 0 0 0 0 0 0 0 0 0 0 0 0 0 0 571 570 568 568 569 570 570 569 569 570 570 570 570 569 568 568 568 568 569 569 570 570 567 567 570 569 569 570 570 567 567 567 567 567 567 568 567 566 566 566 567 567 0 569 567 567 567 568 568 568 568 568 570 566 566 566 566 567 567 567 567 568 568 565 565 565 565 565 566 566 566 565 565 565 566 566 565 565 565 565 565 566 566 565 565 565 565 565 565 565 565 566 566 566 566 565 565 565 565 565 565 565 565 564 564 565 565 565 565 565 565 565 565 565 565 564 563 563 564 564 563 562 562 563 563 563 564 564 564 564 564 564 564 564 564 564 562 562 0 0 0 0 0 0 0 0 0 0 0 0 0 0 0 0 0 0 0 0 0 0 0 0 0 0 0 0 0 0 0 0 0 0 0 0 0 0 0 0 0 0 0 560 560 561 562 562 563 564 564 563 563 564 563 562 562 562 562 562 562 563 563 563 563 563 563 563 564 563 563 563 563 564 563 563 564 564 564 563 563 563 563 563 564 564 564 564 564 563 563 563 563 563 564 563 563 564 564 564 565 565 565 565 565 565 565 565 565 565 565 565 565 565 565 565 565 565 565 566 566 566 566 567 566 566 566 566 566 566 566 566 566 566 566 566 566 566 566 566 566 566 566 566 566 565 565 565 565 565 565 565 565 565 565 565 565 565 565
0 0 0 0 0 0 0 0 0 0 0 0 0 0 0 0 0 0 0 0 0 0 0 573 571 571 570 570 570 570 570 570 571 569 569 570 569 569 568 568 569 570 570 571 571 570 570 570 570 570 570 570 568 567 567 567 567 568 568 569 0 0 0 0 0 0 569 569 569 568 568 568 568 568 570 570 570 567 567 567 568 568 568 568 568 568 565 565 565 565 565 566 568 568 568 567 567 566 566 566 566 565 565 565 566 566 566 565 565 566 566 565 565 565 566 566 566 566 565 565 565 565 565 565 565 565 565 565 565 565 565 565 565 565 565 565 565 565 565 564 564 564 564 563 563 564 564 564 564 564 564 564 564 564 565 565 565 565 564 563 563 0 0 0 0 0 0 0 0 0 0 0 0 0 0 0 0 0 0 0 0 0 0 0 0 0 0 0 0 0 0 0 0 0 0 0 0 0 0 0 0 0 0 0 0 563 563 563 564 564 565 565 564 564 564 564 563 563 563 563 564 564 564 564 564 564 565 565 565 565 563 563 564 564 564 564 564 564 564 565 565 564 564 564 564 564 564 564 564 564 564 564 564 565 565 565 564 564 565 565 565 565 565 565 565 565 565 565 565 565 565 565 565 565 565 565 565 565 565 566 566 566 567 567 567 567 567 567 566 566 567 567 567 566 566 567 567 567 567 567 567 567 567 567 567 567 567 567 566 565 565 565 565 566 565 565 565 565 565 565
0 0 0 0 0 0 0 0 0 0 0 0 0 0 0 0 0 0 0 0 0 0 0 574 573 572 571 571 571 571 570 570 570 569 569 570 570 570 570 570 571 571 571 571 571 570 570 571 571 571 570 570 571 570 569 569 569 569 569 569 0 0 0 0 0 569 569 568 568 568 568 568 568 568 570 570 570 570 569 569 569 569 568 568 568 569 568 568 567 567 568 568 568 568 568 567 567 567 567 567 567 565 565 565 567 567 567 567 567 567 567 567 566 566 567 567 567 566 565 565 565 565 565 565 566 567 567 567 0 0 0 0 0 565 565 565 566 566 565 565 565 565 565 564 564 565 565 565 565 564 564 564 564 565 564 564 565 565 565 564 564 0 0 0 0 0 0 0 0 0 0 0 0 0 0 0 0 0 0 0 0 0 0 0 0 0 0 0 0 0 0 0 0 0 0 0 0 0 0 0 0 0 0 0 0 563 563 565 565 565 565 565 564 564 565 565 564 564 564 565 565 564 564 564 564 565 565 565 565 565 565 565 565 565 565 565 565 565 565 565 565 565 565 565 565 565 565 565 565 565 565 565 565 565 565 565 565 565 565 565 565 565 565 565 565 565 565 565 565 565 566 566 566 565 565 565 565 565 565 566 567 567 567 567 567 567 567 567 567 567 568 568 568 567 567 567 567 567 568 568 568 568 568 568 568 568 567 567 566 566 566 567 567 567 566 566 566 566 566 566
0 0 0 0 0 0 0 0 0 0 0 0 0 0 0 0 0 0 0 0 0 0 0 575 573 572 572 572 572 572 571 571 570 570 570 571 571 571 571 571 571 572 572 571 571 571 571 572 571 571 570 570 571 571 571 569 569 569 569 0 0 0 0 0 0 0 568 568 568 568 569 570 570 570 570 570 570 571 570 570 570 570 569 569 569 569 568 568 568 568 568 568 568 568 568 568 568 568 568 568 568 567 567 567 567 568 568 568 567 567 567 568 567 567 567 567 567 567 567 567 567 565 565 565 566 567 567 567 0 0 0 0 0 565 565 566 566 566 566 566 566 567 566 564 564 565 565 565 565 566 566 565 565 565 564 564 565 565 565 566 566 0 0 0 0 0 0 0 0 0 0 0 0 0 0 0 0 0 0 0 0 0 0 0 0 0 0 0 0 0 0 0 0 0 0 0 0 0 0 0 0 0 0 0 0 0 565 565 565 565 565 565 565 565 565 565 565 564 564 565 565 565 565 565 565 565 565 565 565 565 565 565 565 565 565 565 565 565 565 565 565 565 565 565 565 565 565 565 565 565 565 565 565 565 565 565 565 565 565 566 565 565 565 565 565 566 566 565 565 565 566 567 567 566 566 565 565 566 566 567 568 568 568 568 568 568 568 568 568 568 568 568 568 568 568 568 568 568 569 569 570 570 570 570 569 569 569 567 567 568 568 568 568 566 566 567 567 568 568 567
0 0 0 0 0 0 0 0 0 0 0 0 0 0 0 0 0 0 0 0 0 0 0 575 574 572 572 572 572 572 573 573 571 571 571 571 571 572 571 571 571 572 572 572 572 571 571 572 571 571 570 570 571 571 571 571 571 572 572 574 0 0 0 0 0 575 568 568 568 568 571 570 570 570 570 570 570 571 571 570 570 570 571 571 570 570 568 568 569 569 568 568 569 570 570 570 570 569 569 568 568 568 568 568 568 568 568 568 570 570 569 569 569 568 568 569 569 568 568 568 567 566 566 566 567 567 567 0 0 0 0 0 0 567 566 566 566 566 566 566 566 567 566 565 565 566 567 566 566 566 566 565 565 565 565 565 565 565 565 566 566 0 0 0 0 0 0 0 0 0 0 0 0 0 0 0 0 0 0 0 0 0 0 0 0 0 0 0 0 0 0 0 0 0 0 0 0 0 0 0 0 0 0 0 0 0 565 565 565 566 566 565 565 565 565 566 566 565 565 565 565 565 565 565 565 565 566 566 566 566 566 565 565 565 565 565 565 565 566 566 565 565 565 565 565 565 565 566 566 566 566 566 566 566 566 565 565 565 566 567 566 566 565 565 566 566 567 567 566 566 567 568 568 568 567 567 567 567 567 568 568 569 568 568 569 569 569 569 570 570 570 570 570 570 570 570 569 569 570 570 570 570 571 571 570 569 569 569 569 570 570 570 569 566 566 568 568 569 570 569
0 0 0 0 0 0 0 0 0 0 0 0 0 0 0 0 0 0 0 0 0 0 0 575 575 574 574 574 574 574 574 574 571 571 571 571 573 573 572 572 572 572 572 572 572 572 572 571 571 571 571 571 572 571 571 572 572 573 574 0 0 0 0 0 575 575 575 569 567 567 571 571 572 572 572 572 575 571 571 571 570 570 571 571 571 571 569 569 569 569 569 569 570 570 571 570 570 569 569 569 569 568 568 569 569 570 570 570 571 571 570 570 569 569 569 569 569 571 568 568 568 566 566 567 567 567 568 568 0 0 0 0 0 567 567 567 567 567 567 567 567 567 567 567 567 567 567 567 567 567 567 567 565 565 565 565 565 0 0 567 567 0 0 0 0 0 0 0 0 0 0 0 0 0 0 0 0 0 0 0 0 0 0 0 0 0 0 0 0 0 0 0 0 0 0 0 0 0 0 0 0 0 0 0 0 0 0 566 566 566 566 566 565 565 566 566 566 565 565 565 565 566 566 566 565 565 566 566 566 566 567 567 567 565 565 565 566 566 566 567 566 565 565 565 565 566 566 567 567 567 566 566 566 566 567 566 566 566 566 567 567 567 567 568 568 568 568 568 568 567 567 568 568 568 568 568 568 568 568 570 570 570 569 569 570 570 570 570 570 570 571 571 571 571 571 570 570 570 570 570 571 571 571 571 570 570 570 570 570 570 570 570 570 569 569 570 570 570 571 570
0 0 0 0 0 0 0 0 0 0 0 0 0 0 0 0 0 0 0 0 0 0 0 575 575 575 575 576 576 575 575 575 571 571 574 574 574 574 573 572 572 572 572 573 573 573 572 571 571 571 572 573 573 572 572 572 572 573 574 574 570 570 570 571 571 571 575 575 567 567 567 573 573 572 572 575 575 575 576 571 571 571 571 571 571 571 571 570 570 571 571 571 571 571 571 571 571 570 570 570 570 571 571 570 570 571 571 570 570 571 571 571 569 569 569 569 570 571 571 571 571 568 568 568 568 569 0 0 0 0 0 0 0 571 568 568 568 567 567 567 568 568 568 568 568 567 567 567 567 567 567 569 569 569 0 0 0 0 0 0 0 0 0 0 0 0 0 0 0 0 0 0 0 0 0 0 0 0 0 0 0 0 0 0 0 0 0 0 0 0 0 0 0 0 0 0 0 0 0 0 0 0 0 0 0 0 0 0 566 566 566 566 566 566 566 567 567 566 566 566 566 566 567 567 567 567 567 567 567 568 567 567 567 567 567 567 566 566 567 567 568 567 567 568 568 568 568 568 568 567 567 568 568 568 569 569 569 569 569 569 569 569 568 568 568 568 568 568 568 568 568 569 569 569 569 569 569 569 569 571 571 570 570 570 570 570 570 570 571 571 571 572 572 572 572 572 571 571 571 571 571 571 571 571 572 572 571 571 571 571 571 571 571 570 570 570 570 570 570 570
0 0 0 0 0 0 0 0 0 0 0 0 0 0 0 0 0 0 0 0 0 0 0 576 576 575 575 576 577 578 577 577 575 575 576 577 577 577 575 574 573 573 574 575 575 575 575 575 574 574 573 573 573 573 572 572 572 573 573 573 570 570 570 571 571 571 575 576 576 576 576 575 575 572 572 575 575 576 576 575 573 573 572 572 572 572 571 571 572 572 572 571 571 571 571 571 571 570 570 572 572 572 572 572 571 571 571 570 570 571 571 571 569 569 569 569 569 570 571 571 571 570 570 569 569 569 0 0 0 571 571 571 571 571 572 570 567 567 567 567 568 568 568 568 568 568 568 567 567 567 569 569 569 569 0 0 0 0 0 0 0 0 0 0 0 0 0 0 0 0 0 0 0 0 0 0 0 0 0 0 0 0 0 0 0 0 0 0 0 0 0 0 0 0 0 0 0 0 0 0 0 0 0 0 0 0 0 0 0 0 0 0 568 568 567 567 567 566 566 568 568 568 569 568 568 568 568 569 569 569 568 568 569 569 569 569 569 569 569 568 568 568 568 568 568 568 568 568 568 568 568 569 569 569 569 569 569 569 569 569 569 569 569 569 569 569 569 569 569 569 569 569 569 569 569 569 569 570 570 571 572 572 572 572 572 572 572 572 571 571 572 572 573 573 573 573 572 572 572 572 573 572 572 573 573 573 573 572 572 572 572 572 571 571 571 571 570 570 570 571
0 0 0 0 0 0 0 0 0 0 0 0 0 0 0 0 0 0 0 0 0 0 0 577 577 576 576 577 577 578 578 577 576 576 577 576 576 572 572 574 576 575 575 575 576 576 576 576 575 575 575 574 574 574 573 573 573 573 573 573 573 571 571 571 571 572 572 575 575 575 0 575 575 575 575 576 575 575 575 575 575 575 574 574 574 574 573 573 574 573 573 573 572 572 572 572 572 572 572 572 572 572 572 572 572 572 572 570 570 571 571 572 569 569 569 569 569 570 571 571 571 571 571 570 570 570 0 0 0 571 571 571 571 572 572 570 570 568 568 568 569 569 569 568 568 568 568 567 567 567 569 569 569 569 571 0 0 0 0 0 0 0 0 0 0 0 0 0 0 0 0 0 0 0 0 0 0 0 0 0 0 0 0 0 0 0 0 0 0 0 0 0 0 0 0 0 0 0 0 0 0 0 0 0 0 0 0 0 0 0 0 0 0 568 568 568 568 569 569 569 569 569 569 569 569 569 569 569 569 569 569 570 570 570 570 570 570 570 570 569 569 569 568 568 568 569 568 568 569 568 568 569 569 569 569 569 569 569 570 570 570 570 570 569 569 569 569 569 569 569 569 569 569 570 570 570 570 571 571 572 572 572 573 573 573 573 573 572 572 572 573 573 573 573 573 573 573 573 573 573 573 573 573 573 574 574 573 573 573 573 573 573 572 572 571 571 571 571 571 571
0 0 0 0 0 0 0 0 0 0 0 0 0 0 0 0 0 0 0 0 0 0 0 578 578 577 577 577 578 578 578 578 577 577 577 576 576 572 572 574 576 576 576 576 577 576 576 576 576 576 576 575 575 574 573 573 573 573 573 573 573 572 572 573 573 574 575 575 575 575 0 576 576 576 576 575 575 575 575 575 575 575 575 574 574 574 573 573 574 573 573 573 573 573 573 573 573 573 573 573 573 572 572 572 572 572 573 571 571 571 572 572 572 572 572 572 572 572 572 572 573 573 0 570 570 570 570 0 571 571 571 571 571 572 572 572 570 570 570 571 571 571 571 571 571 572 572 572 572 570 570 570 570 570 571 0 0 0 0 0 0 0 0 0 0 0 0 0 0 0 0 0 0 0 0 0 0 0 0 0 0 0 0 0 0 0 0 0 0 0 0 0 0 0 0 0 0 0 0 0 0 0 0 0 0 0 0 0 0 0 0 0 0 569 569 570 571 571 571 571 571 571 571 570 569 569 569 569 569 570 570 570 570 571 570 570 570 570 570 569 569 569 569 569 569 569 569 569 569 569 569 570 570 570 570 570 570 570 571 571 571 571 571 570 569 569 570 570 571 571 571 571 571 571 571 572 572 572 572 572 573 573 573 573 573 573 573 573 573 573 573 573 574 574 574 574 574 574 574 574 574 574 574 574 573 573 573 573 573 574 574 573 573 573 572 572 572 572 572 572
0 0 0 0 0 0 0 0 0 0 0 0 0 0 0 0 0 0 0 0 0 0 0 579 579 579 579 578 578 578 578 578 578 578 578 577 577 578 576 576 576 576 576 576 577 577 576 576 576 576 576 575 575 575 575 575 574 574 574 574 574 575 576 574 574 574 575 574 574 574 0 576 576 576 576 575 575 575 575 575 575 576 575 575 574 574 574 574 574 575 574 574 573 573 573 573 573 574 574 574 573 572 572 573 573 573 573 572 572 572 572 572 572 575 575 575 575 575 575 0 573 0 0 0 0 572 572 572 0 572 571 570 570 570 572 572 571 571 571 572 572 0 572 572 572 572 572 572 572 572 571 571 571 571 0 0 0 0 0 0 0 0 0 0 0 0 0 0 0 0 0 0 0 0 0 0 0 0 0 0 0 0 0 0 0 0 0 0 0 0 0 0 0 0 0 0 0 0 0 0 0 0 0 0 0 0 0 0 0 0 0 0 0 0 571 571 571 571 572 572 572 572 572 571 571 569 569 569 571 570 570 571 571 571 571 571 571 571 571 569 569 570 570 569 569 570 569 569 570 570 570 571 571 571 571 571 572 572 572 572 571 571 571 571 571 571 572 572 572 572 572 572 572 572 572 572 572 572 572 573 573 573 573 574 574 574 574 573 573 574 574 574 574 574 574 574 574 574 574 574 574 575 574 574 573 573 573 573 573 574 574 574 573 573 573 573 573 573 572 572
0 0 0 0 0 0 0 0 0 0 0 0 0 0 0 0 0 0 0 0 0 0 0 580 580 580 580 579 578 578 578 579 578 578 579 578 578 579 577 577 577 577 577 577 577 576 576 576 576 576 576 575 575 577 577 577 575 575 574 574 574 575 575 575 575 575 575 574 574 574 578 576 576 576 576 576 576 575 575 574 574 575 577 575 575 575 575 576 575 575 574 574 574 574 574 574 574 574 575 575 573 573 573 573 574 574 574 574 572 572 573 573 573 575 575 575 575 575 576 575 573 573 572 572 572 0 0 572 572 572 571 570 570 570 572 572 572 571 571 572 572 572 572 572 571 571 572 572 572 572 572 572 572 572 0 0 0 0 0 0 0 0 0 0 0 0 0 0 0 0 0 0 0 0 0 0 0 0 0 0 0 0 0 0 0 0 0 0 0 0 0 0 0 0 0 0 0 0 0 0 0 0 0 0 0 0 0 0 0 0 0 0 0 0 0 571 571 572 572 572 572 572 572 571 571 570 570 572 572 572 572 571 571 571 571 571 571 571 571 571 571 571 571 570 570 571 570 570 570 570 571 572 572 572 572 572 572 572 573 573 572 572 572 572 572 572 572 572 572 572 573 573 573 573 573 573 573 573 573 573 573 573 574 574 574 574 574 574 574 574 575 575 575 574 574 574 575 575 575 575 575 576 576 576 574 573 573 573 574 574 574 574 573 573 574 574 574 573 573 573
0 0 0 0 0 0 0 0 0 0 0 0 0 0 0 0 0 0 0 0 0 0 0 581 581 581 580 580 580 579 579 579 578 578 579 580 580 579 577 577 577 577 578 578 578 576 576 576 576 576 577 577 577 578 579 578 577 576 575 575 575 575 575 574 574 576 575 575 575 580 578 578 576 576 577 577 576 575 575 574 574 575 575 576 576 576 576 576 576 576 575 575 575 575 575 575 575 575 576 576 575 575 575 575 575 575 574 574 573 573 573 576 575 575 575 575 575 576 576 575 575 573 572 572 572 574 574 572 572 572 573 572 572 572 572 572 572 572 572 572 572 572 572 572 571 571 572 571 571 572 572 572 575 0 0 0 0 0 0 0 0 0 0 0 0 0 0 0 0 0 0 0 0 0 0 0 0 0 0 0 0 0 0 0 0 0 0 0 0 0 0 0 0 0 0 0 0 0 0 0 0 0 0 0 0 0 0 0 0 0 0 0 0 0 0 572 572 572 573 572 572 572 572 572 572 571 571 573 573 573 573 572 572 572 571 571 571 571 572 572 572 573 573 572 572 572 572 572 572 572 572 572 572 573 573 573 573 573 574 573 573 572 572 572 572 572 573 573 573 573 573 574 573 573 573 573 573 573 573 574 574 574 574 575 575 575 575 576 576 576 576 576 576 576 576 576 576 576 576 576 576 576 576 576 575 574 574 574 575 575 575 574 574 574 574 574 574 574 574 573
0 0 0 0 0 0 0 0 0 0 0 0 0 0 0 0 0 0 0 0 0 0 0 582 582 581 581 581 581 579 579 579 579 579 580 580 581 581 578 577 577 578 579 579 578 577 577 578 578 578 578 578 578 579 579 578 577 576 575 575 575 575 576 574 574 576 575 575 575 580 579 578 578 577 577 578 577 576 576 577 577 577 579 577 577 577 577 577 578 578 577 575 575 576 576 576 576 576 577 576 575 575 575 576 576 576 575 575 574 574 574 576 576 575 575 576 576 576 576 575 575 574 573 573 573 574 574 573 573 574 574 574 574 572 572 572 572 572 573 572 572 572 572 572 571 571 572 571 571 573 573 573 575 0 0 0 0 0 0 0 0 0 0 0 0 0 0 0 0 0 0 0 0 0 0 0 0 0 0 0 0 0 0 0 0 0 0 0 0 0 0 0 0 0 0 0 0 0 0 0 0 0 0 0 0 0 0 0 0 0 0 0 0 0 0 0 0 574 574 573 573 572 572 573 573 573 573 574 574 574 573 573 573 573 572 572 573 573 573 573 573 574 574 573 573 573 574 574 574 573 573 573 573 574 574 573 573 573 574 574 573 572 572 572 573 573 573 574 573 573 573 574 574 574 574 573 573 574 574 575 575 576 576 576 576 576 576 576 576 576 576 576 576 577 577 578 577 577 577 577 577 577 577 577 577 576 575 575 575 575 576 576 575 575 575 575 575 575 575 574
0 0 0 0 0 0 0 0 0 0 0 0 0 0 0 0 0 0 0 0 0 0 0 582 582 581 581 581 581 580 580 581 580 580 581 581 581 581 578 578 578 579 579 579 579 577 577 578 578 578 579 580 580 580 579 578 578 577 576 576 576 576 576 576 576 577 577 579 579 580 579 579 579 578 578 579 579 579 579 579 579 579 579 579 578 578 579 579 578 578 576 575 575 576 576 576 576 576 577 577 577 577 577 576 576 576 576 575 575 575 575 575 576 576 576 576 576 576 575 575 575 575 575 575 575 575 574 573 573 574 574 574 575 574 573 573 573 573 573 573 573 572 572 572 572 572 574 574 573 573 573 573 0 0 0 0 0 0 0 0 0 0 0 0 0 0 0 0 0 0 0 0 0 0 0 0 0 0 0 0 0 0 0 0 0 0 0 0 0 0 0 0 0 0 0 0 0 0 0 0 0 0 0 0 0 0 0 0 0 0 0 0 0 0 0 0 0 0 574 573 573 572 572 573 574 573 573 574 574 574 574 574 574 574 573 573 573 573 573 574 574 574 574 573 573 574 574 574 574 574 574 574 574 575 575 574 574 574 574 574 573 572 572 573 573 574 574 574 574 574 574 575 575 575 575 575 575 575 576 576 576 576 576 577 577 577 577 577 577 577 577 577 577 578 578 578 577 577 577 577 577 577 577 577 577 577 577 576 575 575 576 577 577 577 576 576 577 577 576 575
0 0 0 0 0 0 0 0 0 0 0 0 0 0 0 0 0 0 0 0 0 0 0 582 582 581 581 581 581 581 581 581 582 582 582 582 581 581 580 580 580 580 580 579 579 578 578 578 578 578 580 580 580 580 580 578 578 577 577 577 576 576 577 578 578 579 579 579 579 580 579 579 579 579 579 580 581 581 581 0 580 579 579 579 579 579 579 579 579 578 576 576 576 576 577 577 578 577 577 578 578 578 578 579 579 579 579 576 576 575 575 578 577 576 576 576 576 576 575 575 576 576 576 575 575 574 574 574 574 575 575 575 575 575 575 575 574 574 574 573 573 574 574 574 575 575 575 575 576 0 0 0 0 0 0 0 0 0 0 0 0 0 0 0 0 0 0 0 0 0 0 0 0 0 0 0 0 0 0 0 0 0 0 0 0 0 0 0 0 0 0 0 0 0 0 0 0 0 0 0 0 0 0 0 0 0 0 0 0 0 0 0 0 0 0 0 0 0 574 573 573 572 572 573 574 573 573 575 575 574 574 574 574 574 574 574 573 573 573 574 575 575 574 574 574 574 574 574 574 574 574 574 575 575 575 575 575 575 575 575 574 573 573 573 573 574 575 575 575 576 575 575 575 575 575 575 575 575 577 577 577 577 577 577 577 577 577 577 577 578 578 578 578 578 578 578 578 578 578 578 578 578 578 578 578 577 577 577 576 576 577 577 578 578 577 577 577 578 578 577
0 0 0 0 0 0 0 0 0 0 0 0 0 0 0 0 0 0 0 0 0 0 0 583 583 582 582 582 582 581 581 582 582 583 583 583 583 583 583 582 582 581 581 581 581 582 579 579 579 579 580 580 579 579 579 579 578 577 577 577 577 577 577 578 578 580 580 581 581 581 580 579 579 579 579 580 581 581 581 581 580 580 579 579 579 579 579 579 579 578 578 576 576 577 578 578 579 579 579 579 578 578 578 579 579 579 577 577 576 576 576 577 577 577 577 577 576 576 576 576 577 577 577 575 575 574 574 574 574 574 576 576 575 575 575 576 575 575 575 574 574 576 576 575 575 575 575 576 576 0 0 0 0 0 0 0 0 0 0 0 0 0 0 0 0 0 0 0 0 0 0 0 0 0 0 0 0 0 0 0 0 0 0 0 0 0 0 0 0 0 0 0 0 0 0 0 0 0 0 0 0 0 0 0 0 0 0 0 0 0 0 0 0 0 0 0 0 0 0 573 573 573 573 575 574 574 574 576 576 576 574 574 574 574 575 574 574 574 574 575 575 575 575 575 575 575 575 575 575 575 575 575 575 576 576 575 575 575 575 575 575 575 574 574 574 575 576 576 576 576 576 576 576 576 576 576 576 576 577 578 578 578 578 578 578 578 578 578 578 578 578 578 578 578 578 579 580 580 579 579 579 579 579 579 578 577 577 577 577 577 578 579 579 578 578 578 578 578 578 577
0 0 0 0 0 0 0 0 0 0 0 0 0 0 0 0 0 0 0 0 0 0 0 584 584 584 583 583 582 582 582 582 582 583 583 583 583 583 583 583 582 581 581 582 582 582 582 581 581 581 580 580 579 579 579 582 579 579 578 578 578 578 578 578 578 580 581 581 581 581 580 580 580 580 580 581 581 581 581 581 581 580 579 579 579 579 580 579 579 578 578 578 577 577 578 578 579 579 579 579 578 578 578 579 579 579 579 577 577 577 577 577 577 577 577 577 576 576 576 576 577 577 577 577 575 574 574 574 574 0 576 576 576 576 576 577 577 575 575 575 576 576 576 575 575 575 575 576 576 0 0 0 0 0 0 0 0 0 0 0 0 0 0 0 0 0 0 0 0 0 0 0 0 0 0 0 0 0 0 0 0 0 0 0 0 0 0 0 0 0 0 0 0 0 0 0 0 0 0 0 0 0 0 0 0 0 0 0 0 0 0 0 0 0 0 0 0 0 0 573 573 574 574 575 574 574 574 577 576 576 576 575 575 575 575 575 575 575 575 576 575 575 575 575 575 575 575 575 575 575 575 576 576 576 576 576 576 576 576 576 576 576 575 575 576 576 576 577 577 577 577 577 577 576 576 576 576 577 578 578 578 578 578 578 578 579 579 579 578 578 578 579 579 579 579 580 580 581 580 580 580 580 580 581 580 578 577 577 577 578 579 580 579 579 579 580 580 579 578 577
0 0 0 0 0 0 0 0 0 0 0 0 0 0 0 0 0 0 0 0 0 0 0 586 586 586 584 584 584 584 584 583 583 583 583 583 583 583 583 584 581 581 581 582 582 582 582 582 582 582 582 582 582 581 581 582 580 580 579 579 578 578 579 579 579 580 582 582 582 581 581 581 581 581 581 581 581 580 580 581 581 581 580 580 580 580 580 580 580 579 579 578 578 578 579 579 580 580 580 579 579 579 579 579 579 579 579 579 578 578 577 577 578 577 577 579 577 577 576 576 578 578 578 578 580 580 0 0 579 0 576 576 576 576 576 576 576 576 577 577 577 576 576 576 576 576 576 577 577 0 0 0 0 0 0 0 0 0 0 0 0 0 0 0 0 0 0 0 0 0 0 0 0 0 0 0 0 0 0 0 0 0 0 0 0 0 0 0 0 0 0 0 0 0 0 0 0 0 0 0 0 0 0 0 0 0 0 0 0 0 0 0 0 0 0 0 0 0 0 0 575 575 576 575 575 575 575 577 577 577 576 575 575 576 576 577 577 577 577 577 576 576 576 576 576 576 575 575 576 576 576 576 577 577 577 577 576 576 576 577 576 576 576 576 576 576 577 577 577 577 577 577 578 577 577 577 578 578 579 578 578 578 579 579 579 579 579 579 578 578 578 579 579 579 580 580 581 581 581 581 581 581 581 581 580 578 577 577 578 579 579 580 579 579 580 580 580 580 580 578
0 0 0 0 0 0 0 0 0 0 0 0 0 0 0 0 0 0 0 0 0 0 587 586 586 586 585 585 585 585 585 585 584 584 584 584 584 584 584 585 581 581 582 582 583 583 582 582 583 583 583 583 583 582 582 582 580 580 578 578 578 578 579 579 580 581 582 582 582 582 581 581 582 582 582 583 582 580 580 581 581 581 581 581 581 581 580 580 580 580 580 580 580 580 580 580 580 580 580 580 580 580 580 580 580 580 579 579 579 579 578 578 578 578 579 579 579 579 580 579 578 578 578 580 0 0 0 0 0 579 579 579 577 577 576 576 576 579 579 579 576 576 576 576 576 576 576 579 0 0 0 0 0 0 0 0 0 0 0 0 0 0 0 0 0 0 0 0 0 0 0 0 0 0 0 0 0 0 0 0 0 0 0 0 0 0 0 0 0 0 0 0 0 0 0 0 0 0 0 0 0 0 0 0 0 0 0 0 0 0 0 0 0 0 0 0 0 0 0 0 576 576 578 578 578 577 577 578 578 578 578 577 577 577 577 577 577 577 578 578 577 577 577 576 576 576 576 576 577 577 577 577 578 578 578 578 577 577 577 577 577 577 577 577 577 577 578 578 578 578 577 577 578 578 578 578 578 579 580 580 579 579 580 580 580 580 580 580 579 579 580 581 581 581 581 581 581 581 581 581 581 581 581 581 581 580 579 579 580 580 580 581 580 580 580 580 581 580 580 579
0 0 0 0 0 0 0 0 0 0 0 0 0 0 0 0 0 0 0 0 0 0 587 587 587 587 586 586 586 586 586 586 585 585 585 585 585 585 585 586 583 583 583 584 583 583 582 582 583 583 583 583 583 582 582 582 582 582 578 578 578 582 582 581 581 582 582 582 583 583 583 583 583 583 583 583 583 583 582 582 581 581 582 582 582 582 582 581 580 580 581 581 581 581 580 580 580 580 580 581 580 580 580 580 580 580 580 580 580 579 578 578 578 578 579 579 579 579 580 580 580 580 580 580 580 0 580 0 0 0 579 578 577 577 577 577 579 579 579 579 580 577 577 577 576 576 578 579 0 0 0 0 0 0 0 0 0 0 0 0 0 0 0 0 0 0 0 0 0 0 0 0 0 0 0 0 0 0 0 0 0 0 0 0 0 0 0 0 0 0 0 0 0 0 0 0 0 0 0 0 0 0 0 0 0 0 0 0 0 0 0 0 0 0 0 0 0 0 0 0 577 577 578 579 579 579 579 579 579 579 579 578 578 578 578 578 579 579 579 578 577 577 577 577 577 577 577 577 577 577 577 578 579 579 579 579 578 578 578 578 578 578 578 577 577 577 578 578 578 578 578 578 578 578 579 580 580 580 580 580 580 580 580 580 581 581 581 581 581 581 581 581 581 581 581 581 581 581 581 581 581 581 581 581 581 581 581 581 581 581 581 581 582 581 581 581 581 581 580 580
0 0 0 0 0 0 0 0 0 0 0 0 0 0 0 0 0 0 0 0 0 0 587 587 587 587 586 586 586 586 586 587 587 586 586 586 585 585 586 587 585 583 583 584 584 583 582 582 583 584 583 583 582 582 582 583 582 582 581 581 582 583 583 582 582 583 583 583 583 583 583 583 583 584 584 583 583 583 582 582 581 581 582 582 583 582 582 581 581 581 581 581 581 581 581 580 580 580 580 581 581 581 581 583 580 580 580 580 581 580 579 579 578 578 579 580 580 580 580 580 580 580 579 579 580 580 580 0 0 0 579 578 578 578 578 579 579 579 579 580 580 0 577 577 577 577 578 0 0 0 0 0 0 0 0 0 0 0 0 0 0 0 0 0 0 0 0 0 0 0 0 0 0 0 0 0 0 0 0 0 0 0 0 0 0 0 0 0 0 0 0 0 0 0 0 0 0 0 0 0 0 0 0 0 0 0 0 0 0 0 0 0 0 0 0 0 0 0 0 0 578 578 579 579 579 579 579 579 580 579 579 579 579 580 579 579 579 579 580 578 578 578 578 578 578 578 578 578 578 578 578 578 579 579 579 579 579 579 579 579 579 579 579 579 579 579 579 579 579 580 580 580 579 579 579 579 580 581 581 581 581 581 581 581 581 582 582 582 582 582 582 582 582 582 581 581 581 581 581 581 581 581 581 581 581 582 581 581 582 582 582 582 582 582 582 582 582 582 582 582
0 0 0 0 0 0 0 0 0 0 0 0 0 0 0 0 0 0 0 0 0 0 588 587 587 587 587 587 587 587 587 587 587 587 587 586 586 586 587 587 587 584 584 586 586 583 583 583 584 584 583 583 582 582 582 583 583 583 583 583 584 583 583 582 582 583 584 584 584 584 584 584 584 584 584 584 584 583 583 583 582 582 583 583 583 584 584 584 582 582 582 582 582 582 582 582 582 581 581 582 582 582 583 583 583 581 581 581 581 580 580 579 579 579 579 580 580 581 581 581 581 580 579 579 580 580 580 0 0 0 579 579 580 580 580 580 580 580 580 580 580 581 578 578 578 579 579 583 0 0 0 0 0 0 0 0 0 0 0 0 0 0 0 0 0 0 0 0 0 0 0 0 0 0 0 0 0 0 0 0 0 0 0 0 0 0 0 0 0 0 0 0 0 0 0 0 0 0 0 0 0 0 0 0 0 0 0 0 0 0 0 0 0 0 0 0 0 0 0 0 580 580 580 580 580 580 580 580 580 580 580 580 581 581 581 580 580 580 580 579 579 579 579 580 580 580 580 580 580 579 579 579 579 579 580 579 579 579 579 580 579 579 579 579 579 580 580 580 580 580 580 580 579 579 579 579 580 581 582 582 582 582 582 582 583 583 583 583 583 583 583 583 583 583 583 583 583 583 584 584 584 584 584 584 583 582 581 581 582 582 582 583 583 583 583 582 582 582 582 583
0 0 0 0 0 0 0 0 0 0 0 0 0 0 0 0 0 0 0 0 0 0 589 588 588 587 587 587 587 587 587 587 587 587 587 587 587 587 587 586 586 585 585 586 586 584 584 584 586 585 585 583 583 583 583 584 584 584 584 584 583 583 583 583 584 584 584 584 584 584 584 584 584 585 585 584 584 583 583 583 583 583 584 583 583 584 584 584 584 582 582 582 583 584 583 583 582 582 582 583 582 582 583 583 583 583 583 582 581 580 580 579 579 579 580 581 582 581 581 581 581 580 580 579 579 580 582 582 0 0 580 580 580 580 580 580 581 581 581 581 581 581 581 579 579 582 582 583 0 0 0 0 0 0 0 0 0 0 0 0 0 0 0 0 0 0 0 0 0 0 0 0 0 0 0 0 0 0 0 0 0 0 0 0 0 0 0 0 0 0 0 0 0 0 0 0 0 0 0 0 0 0 0 0 0 0 0 0 0 0 0 0 0 0 0 0 0 0 0 576 576 578 581 581 581 580 580 580 580 580 581 581 581 581 581 580 580 580 580 580 580 580 580 580 580 580 580 580 580 579 579 579 580 580 580 581 581 581 581 581 581 581 581 581 581 582 582 582 582 582 581 581 581 581 581 581 582 582 582 582 583 583 583 583 583 583 583 584 584 584 584 584 584 585 584 584 584 584 585 584 584 585 585 585 585 585 585 584 583 583 583 583 584 585 585 585 585 583 583 583
0 0 0 0 0 0 0 0 0 0 0 0 0 0 0 0 0 0 0 0 0 0 589 589 589 589 589 589 588 587 587 588 587 587 588 588 588 588 587 586 586 586 586 586 586 585 585 586 586 586 585 584 583 583 585 586 586 585 584 584 583 583 583 584 584 584 584 585 584 584 584 584 584 585 585 585 584 584 583 583 584 584 584 584 584 584 585 584 584 584 582 582 584 584 583 583 583 583 583 583 582 582 583 583 583 583 583 583 583 583 583 583 582 582 582 582 583 583 584 584 582 580 580 579 579 580 580 580 0 581 581 581 581 581 581 581 581 581 581 581 581 580 580 579 579 583 583 0 0 0 0 0 0 0 0 0 0 0 0 0 0 0 0 0 0 0 0 0 0 0 0 0 0 0 0 0 0 0 0 0 0 0 0 0 0 0 0 0 0 0 0 0 0 0 0 0 0 0 0 0 0 0 0 0 0 0 0 0 0 0 0 0 0 0 0 0 0 0 0 576 576 578 581 582 582 582 582 582 582 582 582 582 582 582 582 581 581 580 580 581 582 582 581 581 581 581 581 581 581 581 581 581 582 582 582 582 582 582 582 582 581 581 581 581 582 583 583 582 582 582 582 582 582 582 582 582 582 582 584 584 584 584 584 585 585 585 585 585 585 585 585 585 585 586 585 585 585 585 585 584 584 585 586 586 586 585 585 585 584 584 584 585 585 585 585 585 584 583 583 584
0 0 0 0 0 0 0 0 0 0 0 0 0 0 0 0 0 0 0 0 0 0 590 590 590 591 590 590 589 588 588 590 590 590 589 589 589 589 588 588 587 587 587 587 587 587 588 587 586 585 585 586 587 586 586 587 587 587 587 585 585 585 585 586 586 587 586 585 584 584 584 585 585 585 585 585 586 585 585 584 584 584 585 585 585 585 585 585 585 586 585 585 584 584 584 584 584 584 583 583 583 583 583 583 583 583 583 583 583 583 583 0 582 582 582 582 583 583 582 582 582 581 581 581 580 580 580 580 0 581 581 581 582 582 582 583 583 582 581 581 581 580 580 580 582 584 584 0 0 0 0 0 0 0 0 0 0 0 0 0 0 0 0 0 0 0 0 0 0 0 0 0 0 0 0 0 0 0 0 0 0 0 0 0 0 0 0 0 0 0 0 0 0 0 0 0 0 0 0 0 0 0 0 0 0 0 0 0 0 0 0 0 0 0 0 0 0 0 0 0 583 583 583 582 582 583 583 583 583 583 583 583 583 583 583 583 583 581 581 581 583 583 582 582 582 582 582 581 581 581 581 582 583 583 583 582 582 583 583 583 583 583 583 583 583 584 584 584 583 583 583 583 583 583 583 583 583 583 585 585 585 585 585 585 585 585 585 586 586 586 586 586 586 586 586 586 586 586 586 585 585 585 586 586 586 586 586 586 585 585 585 585 585 585 585 585 584 584 584 585
0 0 0 0 0 0 0 0 0 0 0 0 0 0 0 0 0 0 0 0 0 0 590 590 590 591 591 591 590 590 590 591 590 590 591 589 589 589 589 589 589 588 587 587 587 587 588 587 587 585 585 586 587 586 586 587 587 587 587 585 585 585 585 586 586 588 588 587 587 586 586 586 586 586 586 587 588 588 587 586 586 586 586 585 585 586 586 586 586 586 585 585 585 584 584 584 584 584 585 586 585 585 585 584 584 584 584 584 584 584 584 586 582 582 582 582 584 583 582 582 0 0 0 0 584 583 583 583 584 583 583 583 584 584 584 584 583 583 582 582 582 582 583 583 583 586 0 0 0 0 0 0 0 0 0 0 0 0 0 0 0 0 0 0 0 0 0 0 0 0 0 0 0 0 0 0 0 0 0 0 0 0 0 0 0 0 0 0 0 0 0 0 0 0 0 0 0 0 0 0 0 0 0 0 0 0 0 0 0 0 0 0 0 0 0 0 0 0 0 0 583 583 583 582 582 583 584 584 584 584 584 583 583 583 583 583 583 582 582 582 583 583 583 583 583 582 581 581 581 582 582 582 583 583 584 584 584 584 584 584 584 584 583 583 584 584 584 584 584 584 584 584 584 584 584 584 584 584 585 586 586 586 586 586 586 586 586 586 587 587 587 587 587 587 586 586 586 586 587 587 586 586 587 587 587 587 586 586 586 586 586 586 586 585 585 585 584 584 584 586
0 0 0 0 0 0 0 0 0 0 0 0 0 0 0 0 0 0 0 0 0 0 591 591 591 591 591 591 592 592 592 593 590 590 590 590 590 590 590 590 590 588 587 587 587 587 587 586 586 587 587 589 589 588 587 587 587 587 587 587 587 587 587 587 588 588 589 588 587 587 587 588 588 588 587 587 588 588 587 586 586 587 587 586 586 587 587 586 586 586 586 586 586 585 585 585 585 585 586 586 587 586 585 585 585 585 585 585 584 584 586 586 586 586 0 0 0 583 583 583 0 0 0 0 584 584 584 584 584 583 583 583 584 584 584 583 583 583 583 583 582 582 582 584 584 586 586 0 0 0 0 0 0 0 0 0 0 0 0 0 0 0 0 0 0 0 0 0 0 0 0 0 0 0 0 0 0 0 0 0 0 0 0 0 0 0 0 0 0 0 0 0 0 0 0 0 0 0 0 0 0 0 0 0 0 0 0 0 0 0 0 0 0 0 0 0 0 0 0 0 583 583 583 582 582 584 584 584 584 584 584 584 584 584 584 584 584 584 583 583 584 584 584 583 583 582 581 581 582 582 582 583 584 584 584 584 584 584 584 584 584 584 584 584 584 585 585 585 585 584 584 584 584 584 585 585 585 585 586 586 586 586 586 586 586 586 586 587 587 588 588 588 587 587 587 587 586 586 588 588 588 588 588 588 588 588 586 586 586 587 587 587 587 586 586 585 585 585 586 586
0 0 0 0 0 0 0 0 0 0 0 0 0 0 0 0 0 0 0 0 0 0 592 591 591 592 592 592 591 591 592 593 593 591 590 590 590 591 591 591 591 589 588 588 587 587 587 586 586 587 587 589 589 589 588 587 587 587 587 587 587 587 587 587 588 588 589 589 589 588 588 589 589 589 588 588 588 588 588 588 588 588 588 588 588 588 588 587 587 587 587 587 586 585 585 586 585 585 586 586 587 587 586 586 586 586 586 586 585 585 586 586 586 0 0 0 0 0 0 0 0 0 0 0 585 584 584 584 584 584 584 584 585 586 586 583 583 583 583 584 584 584 586 586 586 586 586 0 0 0 0 0 0 0 0 0 0 0 0 0 0 0 0 0 0 0 0 0 0 0 0 0 0 0 0 0 0 0 0 0 0 0 0 0 0 0 0 0 0 0 0 0 0 0 0 0 0 0 0 0 0 0 0 0 0 0 0 0 0 0 0 0 0 0 0 0 0 0 0 0 588 583 583 584 584 585 585 585 585 584 584 584 584 584 585 585 585 585 584 584 584 584 584 584 584 583 583 583 585 585 585 585 584 584 584 584 584 584 584 584 584 584 584 584 585 586 586 586 585 585 585 585 585 585 585 585 585 585 586 586 586 587 587 587 586 586 588 588 588 588 588 588 588 587 587 587 587 587 589 589 589 589 589 589 589 588 588 588 588 588 588 587 587 586 586 586 586 586 588 588
0 0 0 0 0 0 0 0 0 0 0 0 0 0 0 0 0 0 0 0 0 0 592 592 592 592 593 593 591 591 592 593 593 593 591 591 591 591 592 591 591 590 588 588 588 588 588 587 587 590 590 590 589 589 590 588 588 588 589 589 589 589 588 588 589 589 589 589 589 588 588 589 589 589 588 588 588 588 588 588 588 588 589 589 589 589 589 589 590 588 587 587 587 586 586 586 586 586 587 588 587 587 587 587 587 586 586 586 586 586 587 587 587 587 0 0 0 0 0 0 0 0 0 0 0 584 584 584 584 0 584 584 586 586 586 584 584 584 584 585 585 0 0 0 0 0 0 0 0 0 0 0 0 0 0 0 0 0 0 0 0 0 0 0 0 0 0 0 0 0 0 0 0 0 0 0 0 0 0 0 0 0 0 0 0 0 0 0 0 0 0 0 0 0 0 0 0 0 0 0 0 0 0 0 0 0 0 0 0 0 0 0 0 0 0 0 0 0 0 0 588 587 587 585 585 585 585 585 585 585 585 585 585 585 585 585 585 585 585 585 585 585 585 584 584 585 584 584 585 585 585 586 585 585 585 585 585 585 585 585 585 585 585 585 585 586 586 586 586 586 585 585 586 586 586 586 585 585 587 587 587 589 589 588 587 587 588 588 589 588 588 589 589 588 588 589 589 590 590 590 589 589 590 589 589 588 588 588 588 589 589 588 587 587 587 587 587 588 589 589
0 0 0 0 0 0 0 0 0 0 0 0 0 0 0 0 0 0 0 0 0 0 593 592 592 593 594 593 593 592 592 593 593 594 592 591 591 591 592 591 591 590 590 590 588 588 588 588 588 590 590 590 590 591 591 591 590 590 591 590 590 589 589 590 590 590 590 590 590 589 589 591 591 589 588 588 588 588 589 589 589 591 590 590 590 589 589 590 590 589 588 588 588 587 587 587 587 587 587 588 588 588 587 587 587 588 587 587 587 587 587 587 587 588 0 0 0 0 0 0 0 0 0 0 0 584 584 584 0 0 587 587 587 587 586 584 584 584 585 585 585 586 586 0 0 0 0 0 0 0 0 0 0 0 0 0 0 0 0 0 0 0 0 0 0 0 0 0 0 0 0 0 0 0 0 0 0 0 0 0 0 0 0 0 0 0 0 0 0 0 0 0 0 0 0 0 0 0 0 0 0 0 0 0 0 0 0 0 0 0 0 0 0 0 0 0 0 0 0 0 0 588 588 586 586 586 586 586 587 585 585 586 586 586 586 586 586 586 586 586 586 586 587 587 587 587 585 585 586 587 587 587 587 586 586 586 586 585 585 585 585 585 586 586 586 587 587 588 588 587 587 587 588 588 588 588 588 588 588 588 588 589 589 589 588 588 589 589 589 589 589 589 589 589 589 589 589 590 590 590 590 590 590 589 589 589 589 589 589 590 590 588 588 588 588 588 589 589 590 590
0 0 0 0 0 0 0 0 0 0 0 0 0 0 0 0 0 0 0 0 0 0 593 593 594 594 595 594 593 593 593 593 594 594 592 592 592 592 592 592 591 590 590 591 591 591 591 591 592 591 591 591 591 591 592 592 591 591 591 590 590 589 589 590 591 591 590 590 588 588 589 589 589 589 588 588 589 589 588 588 588 591 590 590 590 590 590 591 590 590 588 588 589 588 588 588 588 588 588 588 588 588 588 588 588 588 587 587 588 588 588 588 588 588 0 0 0 0 0 0 0 0 0 0 0 0 0 0 0 585 585 587 587 587 586 584 584 585 585 586 586 586 0 0 0 0 0 0 0 0 0 0 0 0 0 0 0 0 0 0 0 0 0 0 0 0 0 0 0 0 0 0 0 0 0 0 0 0 0 0 0 0 0 0 0 0 0 0 0 0 0 0 0 0 0 0 0 0 0 0 0 0 0 0 0 0 0 0 0 0 0 0 0 0 0 0 0 0 0 0 0 589 588 587 587 587 587 587 588 588 588 587 587 587 586 586 587 588 588 587 587 587 587 587 587 587 587 587 587 587 587 587 587 586 586 586 586 586 586 586 586 587 587 587 588 587 587 588 588 588 588 588 588 588 588 588 588 589 589 589 589 589 589 589 589 589 589 589 590 589 589 589 589 589 589 590 590 590 590 590 590 590 591 591 591 590 590 590 591 591 591 589 589 589 589 589 590 590 590 590
0 0 0 0 0 0 0 0 0 0 0 0 0 0 0 0 0 0 0 0 0 0 595 595 595 595 595 595 594 593 593 594 594 594 592 592 593 593 594 593 593 591 591 592 592 592 592 591 591 591 591 591 591 591 592 592 591 591 591 590 590 590 590 591 592 592 591 591 588 588 589 589 589 589 589 589 589 589 588 588 588 590 589 589 590 590 590 592 592 591 590 590 590 589 589 588 588 588 589 589 589 589 589 588 588 589 589 589 589 588 588 588 589 589 0 0 0 0 0 0 0 0 0 0 0 0 0 0 0 585 585 587 587 587 587 587 586 586 586 586 586 586 587 0 0 0 0 0 0 0 0 0 0 0 0 0 0 0 0 0 0 0 0 0 0 0 0 0 0 0 0 0 0 0 0 0 0 0 0 0 0 0 0 0 0 0 0 0 0 0 0 0 0 0 0 0 0 0 0 0 0 0 0 0 0 0 0 0 0 0 0 0 0 0 0 0 0 0 0 0 0 588 588 588 588 587 587 588 588 588 588 588 587 587 587 587 587 588 588 587 587 587 587 587 587 588 588 588 588 588 588 587 587 587 587 587 588 588 587 587 587 588 588 588 588 588 588 588 589 589 589 589 589 589 589 589 589 589 590 589 589 589 590 590 590 590 590 591 591 591 590 590 590 590 590 591 592 592 590 590 591 591 592 593 593 591 591 591 591 591 592 591 590 590 590 590 591 592 592 592
0 0 0 0 0 0 0 0 0 0 0 0 0 0 0 0 0 0 0 0 0 0 597 597 597 597 596 595 595 594 594 594 594 595 594 594 594 594 594 594 594 591 591 593 592 592 592 591 591 591 591 592 592 593 593 593 593 592 592 590 590 591 591 591 592 592 592 592 588 588 589 592 592 591 591 591 591 592 589 589 590 590 589 589 590 591 591 592 592 592 591 591 590 589 589 589 589 589 589 589 589 589 590 590 590 590 590 590 590 590 589 589 589 589 590 0 0 0 0 0 0 0 0 0 0 0 0 0 0 587 587 589 0 589 589 587 0 587 587 587 588 586 586 586 0 0 0 0 0 0 0 0 0 0 0 0 0 0 0 0 0 0 0 0 0 0 0 0 0 0 0 0 0 0 0 0 0 0 0 0 0 0 0 0 0 0 0 0 0 0 0 0 0 0 0 0 0 0 0 0 0 0 0 0 0 0 0 0 0 0 0 0 0 0 0 0 0 0 0 0 0 588 588 589 589 588 588 589 589 589 589 589 588 588 588 587 587 588 589 588 587 587 587 588 588 588 588 588 588 588 588 588 588 588 588 588 588 588 588 587 587 588 588 589 589 589 588 588 589 589 589 589 589 589 589 589 589 590 591 591 591 590 590 590 590 590 591 591 592 592 591 591 592 592 592 592 592 592 592 592 592 592 593 593 594 594 593 593 592 592 593 592 591 591 591 591 591 592 593 593
0 0 0 0 0 0 0 0 0 0 0 0 0 0 0 0 0 0 0 0 0 0 598 598 598 597 596 595 595 595 595 595 595 595 595 595 595 594 594 594 594 592 592 592 594 594 594 593 593 591 591 592 592 593 593 594 594 593 593 592 591 591 591 591 593 593 593 593 588 588 589 592 592 591 591 592 592 592 591 591 591 591 591 591 591 592 592 592 592 593 592 592 591 589 589 590 590 591 591 590 590 591 591 591 591 590 590 590 590 590 590 590 590 590 590 0 0 0 0 0 0 0 0 0 0 0 0 0 0 587 587 588 588 0 0 0 588 588 588 588 588 586 586 586 0 0 0 0 0 0 0 0 0 0 0 0 0 0 0 0 0 0 0 0 0 0 0 0 0 0 0 0 0 0 0 0 0 0 0 0 0 0 0 0 0 0 0 0 0 0 0 0 0 0 0 0 0 0 0 0 0 0 0 0 0 0 0 0 0 0 0 0 0 0 0 0 0 0 0 0 0 589 589 589 589 589 589 590 590 590 589 589 589 588 588 589 589 590 589 589 588 588 588 588 588 588 588 588 588 588 588 588 588 588 588 589 588 588 588 588 588 588 588 589 589 589 589 589 589 589 589 590 589 589 589 590 590 590 592 592 592 591 591 591 591 591 591 591 592 592 593 593 593 593 594 593 593 593 593 593 593 593 594 594 594 593 593 594 593 593 593 592 592 592 592 592 593 593 593 593
0 0 0 0 0 0 0 0 0 0 0 0 0 0 0 0 0 0 0 0 0 0 599 598 598 597 596 595 595 596 596 596 596 596 595 595 595 595 595 594 594 592 592 592 594 595 595 594 594 593 593 594 594 594 594 594 594 594 593 592 592 592 592 592 593 593 593 593 589 589 594 594 592 592 592 592 592 592 592 592 592 592 593 592 592 594 594 592 592 593 593 593 592 591 591 591 591 592 592 592 591 591 592 592 592 591 591 591 591 591 590 590 590 0 0 0 0 0 0 0 0 0 0 0 0 0 0 0 0 0 588 588 0 0 0 592 588 588 587 587 588 587 587 0 0 0 0 0 0 0 0 0 0 0 0 0 0 0 0 0 0 0 0 0 0 0 0 0 0 0 0 0 0 0 0 0 0 0 0 0 0 0 0 0 0 0 0 0 0 0 0 0 0 0 0 0 0 0 0 0 0 0 0 0 0 0 0 0 0 0 0 0 0 0 0 0 0 0 0 0 0 588 588 589 589 590 590 590 590 590 590 590 590 589 589 590 590 591 590 589 589 589 589 589 589 589 589 589 589 589 589 589 589 589 589 589 588 588 589 589 589 589 589 589 589 589 590 590 591 591 590 590 591 591 591 591 591 591 592 592 592 592 592 592 592 593 593 593 593 593 593 594 594 594 594 593 593 593 593 593 594 594 594 594 595 593 593 594 593 593 593 593 593 593 593 593 593 593 593 593
0 0 0 0 0 0 0 0 0 0 0 0 0 0 0 0 0 0 0 0 0 0 597 597 599 597 596 596 596 597 597 596 596 596 596 596 596 596 595 595 595 595 594 594 595 595 595 595 594 593 593 594 594 595 595 595 595 595 593 593 593 593 594 594 594 594 594 595 595 595 594 594 594 594 592 592 592 593 593 593 594 594 594 592 592 594 594 593 593 594 593 593 593 592 592 593 592 592 592 592 592 592 592 592 592 592 591 591 591 591 591 592 592 592 0 0 0 0 0 593 593 593 0 0 0 0 0 0 0 0 0 0 0 0 0 592 592 588 587 587 588 588 588 0 0 0 0 0 0 0 0 0 0 0 0 0 0 0 0 0 0 0 0 0 0 0 0 0 0 0 0 0 0 0 0 0 0 0 0 0 0 0 0 0 0 0 0 0 0 0 0 0 0 0 0 0 0 0 0 0 0 0 0 0 0 0 0 0 0 0 0 0 0 0 0 0 0 0 0 0 0 588 588 589 589 590 590 591 591 591 591 591 591 590 590 591 591 591 590 589 589 590 590 590 589 589 589 589 589 590 590 590 591 590 590 590 589 589 589 589 590 590 590 591 590 590 590 591 591 592 592 592 592 592 592 592 592 592 593 593 593 593 593 593 593 593 593 593 593 594 594 594 594 594 594 594 594 594 594 594 594 594 594 594 595 594 594 594 594 594 594 594 594 593 593 593 593 593 593 593
0 0 0 0 0 0 0 0 0 0 0 0 0 0 0 0 0 0 0 0 0 0 597 597 599 599 598 597 597 597 598 598 598 597 597 597 596 596 596 597 596 596 595 595 596 596 596 596 595 593 593 594 595 595 595 595 595 595 593 593 593 593 594 595 595 595 595 595 595 595 595 595 595 595 595 595 595 594 594 595 595 595 595 595 595 595 595 593 593 594 594 594 594 593 593 594 593 593 594 594 594 592 592 592 592 592 592 592 592 592 592 592 592 592 0 0 0 0 0 593 593 593 0 0 0 0 0 0 0 0 0 0 0 0 0 592 592 592 591 590 588 588 589 0 0 0 0 0 0 0 0 0 0 0 0 0 0 0 0 0 0 0 0 0 0 0 0 0 0 0 0 0 0 0 0 0 0 0 0 0 0 0 0 0 0 0 0 0 0 0 0 0 0 0 0 0 0 0 0 0 0 0 0 0 0 0 0 0 0 0 0 0 0 0 0 0 0 0 0 0 0 590 590 590 590 590 591 592 592 591 591 592 592 590 590 591 591 591 590 590 590 591 591 592 591 591 591 591 591 591 591 591 591 590 590 590 590 591 591 591 591 591 591 591 591 591 591 591 591 592 592 592 593 592 592 592 592 592 594 593 593 593 593 594 594 594 594 594 594 594 594 594 594 595 595 595 594 594 594 594 595 595 596 595 595 594 594 594 594 595 595 595 595 595 595 594 594 594 593 593
0 0 0 0 0 0 0 0 0 0 0 0 0 0 0 0 0 0 0 0 0 0 597 597 599 599 599 598 598 598 598 598 598 598 598 598 597 597 597 597 597 596 595 595 596 597 597 597 597 595 595 595 596 596 597 597 596 595 593 593 594 595 595 595 596 596 596 596 596 595 595 595 595 595 596 597 596 594 594 595 596 595 595 596 595 595 595 594 594 595 594 594 595 595 594 594 594 594 594 594 594 594 594 594 593 593 592 592 592 592 592 592 592 592 592 595 595 595 595 595 595 595 0 0 0 0 0 0 0 0 593 593 593 593 0 593 593 592 592 590 590 590 591 591 591 0 0 0 0 0 0 0 0 0 0 0 0 0 0 0 0 0 0 0 0 0 0 0 0 0 0 0 0 0 0 0 0 0 0 0 0 0 0 0 0 0 0 0 0 0 0 0 0 0 0 0 0 0 0 0 0 0 0 0 0 0 0 0 0 0 0 0 0 0 0 0 0 0 0 0 0 591 591 591 592 592 592 593 593 593 593 593 593 592 592 592 592 592 592 591 591 591 592 592 593 593 593 592 592 592 592 592 592 591 591 591 591 592 592 591 591 591 591 592 592 592 592 592 592 592 592 593 593 593 593 593 593 593 594 594 595 595 595 595 595 595 595 595 595 595 595 595 595 595 595 595 594 594 594 595 595 596 596 597 595 595 595 594 594 595 595 595 596 596 596 595 595 595 594 594
0 0 0 0 0 0 0 0 0 0 0 0 0 0 0 0 0 0 0 0 0 0 599 599 599 600 599 598 598 598 599 599 599 599 599 598 598 597 597 597 597 597 597 596 596 597 597 597 597 596 596 596 597 597 597 597 596 596 594 594 595 595 596 596 597 598 598 597 597 597 595 595 596 596 597 597 597 596 596 596 597 596 596 596 595 595 596 595 595 595 595 595 595 595 595 594 594 594 595 595 595 595 595 595 594 593 592 592 592 592 593 593 593 593 595 0 0 595 594 594 595 595 0 0 0 0 0 0 0 0 593 593 592 592 592 592 592 592 592 592 592 591 591 591 591 591 595 0 0 0 0 0 0 0 0 0 0 0 0 0 0 0 0 0 0 0 0 0 0 0 0 0 0 0 0 0 0 0 0 0 0 0 0 0 0 0 0 0 0 0 0 0 0 0 0 0 0 0 0 0 0 0 0 0 0 0 0 0 0 0 0 0 0 0 0 0 0 0 0 0 0 592 592 592 593 593 593 593 593 593 593 593 593 593 592 592 593 593 593 593 592 592 592 592 593 593 593 593 593 593 593 593 592 592 592 591 591 592 592 592 592 592 592 592 593 593 593 593 593 593 593 594 594 593 593 594 593 593 594 594 595 595 595 595 595 595 595 596 595 595 595 595 596 596 596 596 596 596 596 597 597 597 597 598 598 598 597 596 596 596 596 597 597 597 597 597 597 597 596 596
0 0 0 0 0 0 0 0 0 0 0 0 0 0 0 0 0 0 0 0 0 0 600 600 600 600 600 599 599 599 599 599 600 599 599 599 599 599 598 598 599 598 598 598 597 597 597 599 599 597 597 598 598 598 598 598 596 596 596 595 595 595 597 597 598 599 599 599 599 599 596 596 596 596 597 598 598 596 596 597 597 596 596 596 596 596 596 596 596 596 596 596 596 595 595 595 595 595 596 596 595 595 595 595 595 595 595 594 594 594 594 594 594 595 595 595 595 595 594 594 595 595 0 0 0 0 0 0 0 0 593 593 592 592 594 592 592 592 592 592 593 591 591 591 591 591 595 0 0 0 0 0 0 0 0 0 0 0 0 0 0 0 0 0 0 0 0 0 0 0 0 0 0 0 0 0 0 0 0 0 0 0 0 0 0 0 0 0 0 0 0 0 0 0 0 0 0 0 0 0 0 0 0 0 0 0 0 0 0 0 0 0 0 0 0 0 0 0 0 0 0 593 593 593 594 594 594 593 593 593 593 594 594 593 593 593 593 593 593 593 592 592 592 592 593 594 594 594 593 593 593 593 593 593 593 593 593 593 593 593 593 592 592 593 594 595 594 594 595 595 595 596 596 596 596 596 594 594 596 596 597 597 597 597 597 597 597 597 597 597 597 597 598 598 597 597 597 597 598 598 598 598 599 599 599 598 598 597 597 597 597 598 598 598 598 598 598 598 598 597
0 0 0 0 0 0 0 0 0 0 0 0 0 0 0 0 0 0 0 0 0 0 602 601 601 601 600 600 599 599 600 600 600 600 600 600 599 599 599 599 599 598 598 598 597 597 597 599 599 599 598 598 598 598 598 599 597 597 596 595 595 595 596 599 600 599 599 599 599 599 599 599 598 598 598 598 598 597 597 598 599 598 597 597 596 596 597 596 596 596 597 596 596 596 595 595 595 595 595 596 596 596 596 596 596 596 596 595 595 595 595 594 594 595 595 595 595 595 596 0 0 0 0 0 0 0 0 0 0 0 593 593 593 593 594 593 593 594 594 594 593 591 591 592 592 594 595 0 0 0 0 0 0 0 0 0 0 0 0 0 0 0 0 0 0 0 0 0 0 0 0 0 0 0 0 0 0 0 0 0 0 0 0 0 0 0 0 0 0 0 0 0 0 0 0 0 0 0 0 0 0 0 0 0 0 0 0 0 0 0 0 0 0 0 0 0 0 0 0 0 597 594 594 594 596 595 594 594 594 594 594 594 595 595 595 594 594 595 595 594 594 594 593 593 594 594 594 595 595 595 595 595 594 594 595 595 595 594 594 594 595 595 595 595 595 596 595 595 596 595 595 596 596 596 596 596 596 596 597 597 597 598 598 598 598 598 598 598 598 598 598 598 598 598 598 598 598 598 598 599 599 599 600 601 599 598 598 598 598 598 598 598 598 598 598 598 599 599 599 598
0 0 0 0 0 0 0 0 0 0 0 0 0 0 0 0 0 0 0 0 0 0 603 603 603 602 601 601 601 601 601 601 601 601 601 601 601 600 599 599 599 599 599 599 599 599 599 600 600 599 599 599 599 599 599 600 599 598 598 597 597 596 596 599 600 600 600 600 600 600 601 601 601 601 601 599 599 599 599 599 598 598 598 598 599 598 598 598 598 598 598 598 598 598 596 596 598 595 595 596 597 597 597 597 597 597 599 599 597 597 596 595 595 595 596 596 596 596 596 0 0 0 0 0 0 0 0 0 0 0 595 595 596 596 596 596 595 595 595 595 593 592 592 0 0 0 0 0 0 0 0 0 0 0 0 0 0 0 0 0 0 0 0 0 0 0 0 0 0 0 0 0 0 0 0 0 0 0 0 0 0 0 0 0 0 0 0 0 0 0 0 0 0 0 0 0 0 0 0 0 0 0 0 0 0 0 0 0 0 0 0 0 0 0 0 0 0 0 0 0 597 596 595 595 596 596 594 594 594 594 595 596 596 596 596 595 595 596 596 595 595 595 594 594 595 594 594 595 595 595 595 595 595 595 595 595 596 595 595 596 596 596 596 596 596 596 596 596 596 596 596 596 597 597 597 597 597 597 598 598 598 598 598 598 599 599 599 599 599 599 599 599 599 599 599 599 599 599 599 600 600 600 601 601 601 599 599 599 599 599 599 598 598 599 599 599 599 600 600 600
0 0 0 0 0 0 0 0 0 0 0 0 0 0 0 0 0 0 0 0 0 0 604 604 603 603 601 601 601 602 602 602 601 601 601 601 601 600 599 599 599 599 599 599 599 600 600 601 600 600 600 600 599 599 600 600 600 598 598 598 598 598 600 600 600 600 600 600 600 600 601 601 602 601 601 600 600 600 600 599 598 598 599 599 600 599 599 599 598 598 598 598 598 599 597 597 599 598 596 596 598 598 598 598 598 599 599 599 599 599 595 595 595 596 597 597 597 597 0 0 0 0 0 0 0 0 0 0 0 0 595 595 596 596 596 595 595 596 596 596 596 596 0 0 0 0 0 0 0 0 0 0 0 0 0 0 0 0 0 0 0 0 0 0 0 0 0 0 0 0 0 0 0 0 0 0 0 0 0 0 0 0 0 0 0 0 0 0 0 0 0 0 0 0 0 0 0 0 0 0 0 0 0 0 0 0 0 0 0 0 0 0 0 0 0 0 0 0 0 0 0 596 596 596 596 596 596 596 595 595 595 596 596 596 596 596 596 596 596 596 596 596 595 595 595 595 595 595 596 596 596 595 595 595 596 596 596 596 596 596 596 596 596 596 597 596 596 596 596 596 596 597 597 597 597 597 597 597 598 598 599 599 599 599 599 599 599 599 599 600 599 599 600 600 600 601 601 601 601 601 601 601 601 601 601 601 600 600 601 601 600 599 599 599 599 599 599 600 601 601
0 0 0 0 0 0 0 0 0 0 0 0 0 0 0 0 0 0 0 0 0 0 607 606 604 603 601 601 602 603 603 603 602 602 602 602 601 601 600 600 600 600 602 601 601 601 601 601 601 601 601 600 600 601 601 601 600 600 600 600 600 601 601 600 600 600 601 601 601 601 601 601 601 601 601 601 601 602 600 600 600 600 600 600 600 600 599 599 599 599 599 599 599 599 599 600 599 599 598 598 598 599 599 599 599 598 598 599 599 599 599 599 599 599 599 0 0 0 0 0 0 0 0 0 0 0 0 0 0 0 596 596 597 596 596 595 595 0 0 0 0 0 0 0 0 0 0 0 0 0 0 0 0 0 0 0 0 0 0 0 0 0 0 0 0 0 0 0 0 0 0 0 0 0 0 0 0 0 0 0 0 0 0 0 0 0 0 0 0 0 0 0 0 0 0 0 0 0 0 0 0 0 0 0 0 0 0 0 0 0 0 0 0 0 0 0 0 0 0 0 598 597 597 597 597 598 597 597 596 596 597 597 597 597 597 596 596 596 597 597 596 596 596 596 596 596 596 597 597 597 596 596 596 596 596 596 596 596 596 596 596 596 596 596 597 597 597 597 597 597 597 597 598 599 598 598 598 598 598 598 599 599 599 599 600 600 600 600 600 600 601 601 601 601 601 602 602 602 602 601 601 602 602 602 602 601 601 601 602 602 602 601 600 600 602 600 600 601 601 602
0 0 0 0 0 0 0 0 0 0 0 0 0 0 0 0 0 0 0 0 0 0 607 606 604 603 603 603 603 603 603 603 602 602 603 603 603 603 602 602 602 602 602 601 601 601 601 601 601 602 602 602 602 602 602 602 600 600 601 601 601 601 601 601 602 602 601 601 601 601 601 601 601 601 601 603 603 603 602 602 602 601 601 601 601 600 599 599 599 599 599 600 600 600 600 600 600 599 599 599 599 599 599 599 599 598 598 599 599 599 600 599 599 0 0 0 0 0 0 0 0 0 0 0 0 0 0 0 0 0 597 597 597 597 596 596 0 0 0 0 0 0 0 0 0 0 0 0 0 0 0 0 0 0 0 0 0 0 0 0 0 0 0 0 0 0 0 0 0 0 0 0 0 0 0 0 0 0 0 0 0 0 0 0 0 0 0 0 0 0 0 0 0 0 0 0 0 0 0 0 0 0 0 0 0 0 0 0 0 0 0 0 0 0 0 0 0 0 0 0 598 597 597 597 598 598 598 597 597 597 598 598 598 597 597 597 597 598 598 599 598 598 597 597 597 597 597 597 597 597 597 596 596 597 597 597 596 596 596 597 597 597 596 596 598 597 597 597 597 597 597 598 598 599 599 599 599 599 600 600 600 600 600 600 601 601 601 601 601 601 601 601 602 602 602 602 602 602 602 602 602 602 602 602 602 602 602 602 603 603 603 602 602 602 602 601 601 601 601 602
0 0 0 0 0 0 0 0 0 0 0 0 0 0 0 0 0 0 0 0 0 0 607 606 606 606 604 604 606 606 604 604 603 603 603 604 604 603 602 602 603 603 603 602 601 601 602 602 603 603 603 603 603 603 603 603 602 602 602 602 602 603 603 601 601 602 603 602 601 601 601 601 602 601 601 603 603 603 603 602 602 602 602 601 601 602 601 601 601 600 600 600 600 600 600 601 600 600 600 600 600 600 600 600 600 599 599 600 600 599 599 600 600 0 0 0 0 0 0 0 0 0 0 0 0 0 0 0 0 0 0 598 598 599 599 0 0 0 0 0 0 0 0 0 0 0 0 0 0 0 0 0 0 0 0 0 0 0 0 0 0 0 0 0 0 0 0 0 0 0 0 0 0 0 0 0 0 0 0 0 0 0 0 0 0 0 0 0 0 0 0 0 0 0 0 0 0 0 0 0 0 0 0 0 0 0 0 0 0 0 0 0 0 0 0 0 0 0 0 0 598 597 597 598 598 599 599 599 598 598 598 598 598 598 598 598 598 599 599 599 598 598 597 597 597 597 597 597 597 597 597 597 597 597 597 597 597 597 597 597 597 597 597 597 598 597 597 598 598 598 600 599 599 599 599 599 599 599 601 601 601 601 601 601 601 601 601 601 601 601 602 602 602 602 602 603 603 603 603 603 603 603 603 604 604 603 603 604 603 603 603 603 603 603 602 601 601 602 602 603
0 0 0 0 0 0 0 0 0 0 0 0 0 0 0 0 0 0 0 0 0 0 607 607 606 606 606 606 606 607 607 607 607 606 606 606 606 604 603 603 604 606 604 603 602 602 602 603 603 604 604 604 604 603 603 602 602 602 603 603 603 604 603 601 601 602 604 603 602 602 602 602 602 603 603 603 603 603 603 603 603 602 602 601 601 602 602 603 603 603 602 602 602 601 601 601 601 601 601 601 601 601 601 600 600 600 600 600 600 599 599 600 600 0 0 0 0 0 0 0 0 0 0 0 0 0 0 0 0 0 0 0 0 0 0 0 0 0 0 0 0 0 0 0 0 0 0 0 0 0 0 0 0 0 0 0 0 0 0 0 0 0 0 0 0 0 0 0 0 0 0 0 0 0 0 0 0 0 0 0 0 0 0 0 0 0 0 0 0 0 0 0 0 0 0 0 0 0 0 0 0 0 0 0 0 0 0 0 0 0 0 0 0 0 0 0 0 0 0 0 598 598 598 598 599 599 600 600 599 598 598 598 598 598 599 599 599 599 599 600 599 599 597 597 598 598 598 598 599 599 598 598 598 598 598 598 598 598 599 598 598 598 598 598 599 600 600 601 601 601 601 600 600 600 600 600 600 600 602 602 602 602 602 602 602 602 602 602 602 602 603 603 603 603 603 603 604 606 604 604 604 603 603 604 604 606 606 606 604 604 604 603 603 603 602 602 602 603 603 603
0 0 0 0 0 0 0 0 0 0 0 0 0 0 0 0 0 0 0 0 0 0 607 607 607 607 608 608 607 607 607 607 607 606 606 606 606 606 604 604 604 606 606 606 606 604 604 604 604 604 604 604 604 604 603 602 602 602 603 604 604 604 603 603 604 604 606 604 603 602 602 602 604 606 606 603 603 603 604 604 604 603 603 603 604 603 603 603 603 603 603 603 602 602 602 602 602 601 601 601 602 602 602 601 601 601 601 602 603 601 601 601 601 0 0 0 0 0 0 0 0 0 0 0 0 0 0 0 0 0 0 0 0 0 0 0 0 0 0 0 0 0 0 0 0 0 0 0 0 0 0 0 0 0 0 0 0 0 0 0 0 0 0 0 0 0 0 0 0 0 0 0 0 0 0 0 0 0 0 0 0 0 0 0 0 0 0 0 0 0 0 0 0 0 0 0 0 0 0 0 0 0 0 0 0 0 0 0 0 0 0 0 0 0 0 0 0 0 0 0 598 598 599 599 600 600 600 600 600 599 599 598 598 599 599 599 599 599 600 600 600 600 598 598 599 599 599 599 600 600 600 599 599 599 599 600 600 600 600 600 600 600 600 599 599 600 601 601 601 601 601 601 600 600 600 601 601 601 603 603 603 603 603 602 602 602 602 602 602 603 603 604 604 606 606 606 606 606 606 606 606 606 606 606 606 606 606 606 604 604 604 604 604 604 602 602 606 606 604 604
0 0 0 0 0 0 0 0 0 0 0 0 0 0 0 0 0 0 0 0 0 0 607 607 608 608 608 607 607 607 608 608 608 608 607 607 606 606 606 606 606 607 607 607 607 606 606 606 606 607 607 607 606 606 604 604 603 603 604 606 606 604 603 603 604 604 606 604 604 603 602 602 606 607 607 604 604 604 604 604 604 606 604 604 604 604 604 604 604 604 603 603 603 603 603 603 602 601 601 602 602 602 602 602 602 603 603 603 603 602 602 602 0 0 0 0 0 0 0 0 0 0 0 0 0 0 0 0 0 0 0 0 0 0 0 0 0 0 0 0 0 0 0 0 0 0 0 0 0 0 0 0 0 0 0 0 0 0 0 0 0 0 0 0 0 0 0 0 0 0 0 0 0 0 0 0 0 0 0 0 0 0 0 0 0 0 0 0 0 0 0 0 0 0 0 0 0 0 0 0 0 0 0 0 0 0 0 0 0 0 0 0 0 0 0 0 0 0 0 0 599 599 600 600 599 599 600 600 600 599 599 599 599 599 600 599 599 600 600 601 601 600 600 600 600 600 600 600 600 600 600 600 600 600 600 601 601 601 601 601 601 601 601 601 601 601 601 601 601 601 602 602 602 601 601 601 602 602 603 604 604 604 604 603 603 603 603 603 603 604 604 606 606 606 606 606 606 606 607 607 607 607 607 607 607 608 607 607 604 604 604 604 604 604 604 604 607 607 606 606
0 0 0 0 0 0 0 0 0 0 0 0 0 0 0 0 0 0 0 0 0 0 609 608 608 608 608 607 607 607 609 608 608 608 607 607 607 607 607 607 607 607 607 607 607 607 606 606 606 606 607 607 606 606 606 606 604 604 607 607 607 604 604 604 604 604 607 606 606 606 606 606 607 607 607 607 606 606 606 604 604 606 606 606 606 604 604 604 606 604 604 604 604 604 604 604 603 602 602 604 604 604 604 604 603 603 603 603 603 603 603 603 0 0 0 0 0 0 0 0 0 0 0 0 0 0 0 0 0 0 0 0 0 0 0 0 0 0 0 0 0 0 0 0 0 0 0 0 0 0 0 0 0 0 0 0 0 0 0 0 0 0 0 0 0 0 0 0 0 0 0 0 0 0 0 0 0 0 0 0 0 0 0 0 0 0 0 0 0 0 0 0 0 0 0 0 0 0 0 0 0 0 0 0 0 0 0 0 0 0 0 0 0 0 0 0 0 0 0 0 600 600 600 600 599 599 601 601 601 601 600 600 600 600 600 600 600 600 601 601 601 601 601 601 601 601 601 601 601 601 601 601 601 601 601 601 602 602 602 602 602 602 602 602 602 602 602 602 602 602 602 602 602 603 603 603 603 603 606 606 606 606 606 604 604 604 604 606 606 606 606 606 607 607 607 607 607 607 607 607 607 607 608 608 608 607 607 606 606 606 606 606 606 606 606 606 607 607 607 606
0 0 0 0 0 0 0 0 0 0 0 0 0 0 0 0 0 0 0 0 0 0 610 609 609 609 609 609 608 608 608 609 609 608 608 608 608 608 608 608 608 608 608 608 608 608 606 606 604 604 607 607 606 606 606 606 606 607 608 608 607 607 607 607 606 606 607 606 606 606 606 606 608 607 607 607 606 606 606 607 607 607 607 606 606 606 606 606 606 604 604 606 604 604 606 606 604 604 604 606 606 606 604 604 604 604 603 603 604 604 604 604 0 0 0 0 0 0 0 0 0 0 0 0 0 0 0 0 0 0 0 0 0 0 0 0 0 0 0 0 0 0 0 0 0 0 0 0 0 0 0 0 0 0 0 0 0 0 0 0 0 0 0 0 0 0 0 0 0 0 0 0 0 0 0 0 0 0 0 0 0 0 0 0 0 0 0 0 0 0 0 0 0 0 0 0 0 0 0 0 0 0 0 0 0 0 0 0 0 0 0 0 0 0 0 0 0 0 0 0 600 600 601 601 601 601 601 601 602 602 601 601 600 600 600 600 601 601 603 601 601 601 601 601 601 601 601 601 601 601 601 602 602 602 602 602 602 602 602 602 603 602 602 603 603 603 602 602 602 602 603 603 603 604 603 603 604 604 606 606 606 606 606 606 606 606 606 607 607 607 607 607 607 607 607 607 607 607 607 607 607 608 608 608 608 607 607 606 606 607 607 607 607 607 607 607 607 607 607 607
0 0 0 0 0 0 0 0 0 0 0 0 0 0 0 0 0 0 0 0 0 0 611 611 610 610 609 609 608 608 608 609 609 610 610 609 609 609 609 609 608 608 608 608 608 608 607 606 604 604 607 607 607 607 607 607 607 608 608 608 608 607 607 607 607 607 607 606 606 607 606 606 608 607 607 608 608 607 607 607 607 607 607 606 606 607 607 607 606 606 606 606 606 606 607 607 606 606 606 606 606 606 604 604 604 604 603 603 604 604 604 604 0 0 0 0 0 0 0 0 0 0 0 0 0 0 0 0 0 0 0 0 0 0 0 0 0 0 0 0 0 0 0 0 0 0 0 0 0 0 0 0 0 0 0 0 0 0 0 0 0 0 0 0 0 0 0 0 0 0 0 0 0 0 0 0 0 0 0 0 0 0 0 0 0 0 0 0 0 0 0 0 0 0 0 0 0 0 0 0 0 0 0 0 0 0 0 0 0 0 0 0 0 0 0 0 0 0 0 0 601 601 601 602 601 601 601 601 602 602 603 602 601 601 601 604 603 603 603 601 601 601 601 602 601 601 602 602 602 602 602 602 602 602 603 603 603 603 603 603 604 604 604 603 603 604 604 603 603 604 604 604 604 604 604 604 604 604 607 607 606 606 606 606 607 607 607 607 607 607 607 607 608 609 608 608 608 608 608 608 608 609 609 609 609 608 608 607 607 607 607 607 607 607 608 608 607 607 607 607
0 0 0 0 0 0 0 0 0 0 0 0 0 0 0 0 0 0 0 0 0 0 611 611 610 610 609 609 609 610 610 610 610 610 610 609 609 609 609 610 610 609 609 608 608 608 607 606 606 606 608 608 608 608 608 607 607 608 608 608 608 609 607 607 609 609 609 608 608 608 608 608 608 608 608 608 608 608 608 607 607 607 608 608 608 608 608 608 607 607 607 608 607 607 607 607 606 606 606 606 606 606 604 604 604 604 604 604 604 604 604 0 0 0 0 0 0 0 0 0 0 0 0 0 0 0 0 0 0 0 0 0 0 0 0 0 0 0 0 0 0 0 0 0 0 0 0 0 0 0 0 0 0 0 0 0 0 0 0 0 0 0 0 0 0 0 0 0 0 0 0 0 0 0 0 0 0 0 0 0 0 0 0 0 0 0 0 0 0 0 0 0 0 0 0 0 0 0 0 0 0 0 0 0 0 0 0 0 0 0 0 0 0 0 0 0 0 0 0 0 602 602 603 603 602 602 602 602 603 603 604 604 603 603 604 604 603 603 602 601 601 601 604 604 603 602 602 602 603 603 603 603 603 603 604 604 604 603 603 603 604 604 604 604 604 604 604 603 603 604 606 606 606 606 606 606 606 606 607 607 607 607 607 607 607 607 607 607 607 608 608 608 609 609 608 608 608 608 609 609 609 610 610 610 609 609 609 609 608 608 608 608 609 609 609 608 608 607 607 607
0 0 0 0 0 0 0 0 0 0 0 0 0 0 0 0 0 0 0 0 0 0 611 611 611 611 611 611 611 611 611 611 610 610 610 610 610 611 610 610 610 610 610 609 609 608 608 608 608 608 609 608 608 609 608 608 608 608 610 609 609 607 607 607 609 611 611 610 609 609 609 609 609 609 609 609 609 609 609 608 608 608 608 608 608 609 609 609 608 608 608 608 604 604 607 607 606 606 606 606 607 608 607 607 607 607 606 606 606 606 606 0 0 0 0 0 0 0 0 0 0 0 0 0 0 0 0 0 0 0 0 0 0 0 0 0 0 0 0 0 0 0 0 0 0 0 0 0 0 0 0 0 0 0 0 0 0 0 0 0 0 0 0 0 0 0 0 0 0 0 0 0 0 0 0 0 0 0 0 0 0 0 0 0 0 0 0 0 0 0 0 0 0 0 0 0 0 0 0 0 0 0 0 0 0 0 0 0 0 0 0 0 0 0 0 0 0 0 0 0 603 603 604 606 606 604 603 603 603 603 604 606 604 604 604 604 604 603 602 602 602 602 604 604 603 602 602 602 603 604 604 604 604 606 606 606 604 604 604 604 604 604 606 604 604 606 606 606 606 607 607 607 607 607 607 607 607 607 607 608 608 608 608 608 608 608 608 608 608 608 609 609 609 609 609 609 610 610 610 610 610 610 610 610 609 609 609 609 610 610 610 610 610 610 611 611 608 608 608 608
0 0 0 0 0 0 0 0 0 0 0 0 0 0 0 0 0 0 0 0 0 0 612 612 612 612 612 611 611 612 612 612 611 611 611 611 611 611 611 611 611 610 610 609 609 609 609 609 609 609 610 610 610 610 609 609 609 609 610 610 610 607 607 607 609 611 611 611 611 611 611 612 611 610 609 609 609 609 609 609 609 609 609 610 609 609 609 609 610 612 612 604 604 604 607 607 607 606 606 606 607 608 608 607 607 607 606 606 607 607 607 0 0 0 0 0 0 0 0 0 0 0 0 0 0 0 0 0 0 0 0 0 0 0 0 0 0 0 0 0 0 0 0 0 0 0 0 0 0 0 0 0 0 0 0 0 0 0 0 0 0 0 0 0 0 0 0 0 0 0 0 0 0 0 0 0 0 0 0 0 0 0 0 0 0 0 0 0 0 0 0 0 0 0 0 0 0 0 0 0 0 0 0 0 0 0 0 0 0 0 0 0 0 0 0 0 0 0 0 607 606 606 607 608 607 604 604 604 604 604 606 606 604 604 606 606 604 603 602 602 606 606 606 604 604 603 603 603 606 606 606 606 606 606 606 607 607 606 606 606 606 606 607 607 607 606 606 607 608 608 608 608 608 608 608 608 608 608 609 609 610 609 609 609 609 609 610 609 609 610 610 610 610 610 610 610 610 610 610 611 611 611 611 610 610 610 610 610 611 611 611 611 611 611 612 611 610 610 609 608
0 0 0 0 0 0 0 0 0 0 0 0 0 0 0 0 0 0 0 0 0 0 612 612 612 612 612 612 614 613 613 613 612 611 611 611 612 612 612 612 612 612 611 611 611 611 610 610 610 610 611 611 611 610 609 609 609 609 611 611 611 611 607 607 612 612 612 611 611 611 611 611 611 611 610 609 609 609 609 609 609 610 610 611 610 610 610 610 611 612 612 612 604 604 608 608 607 606 606 607 607 608 608 608 608 608 609 608 608 608 608 0 0 0 0 0 0 0 0 0 0 0 0 0 0 0 0 0 0 0 0 0 0 0 0 0 0 0 0 0 0 0 0 0 0 0 0 0 0 0 0 0 0 0 0 0 0 0 0 0 0 0 0 0 0 0 0 0 0 0 0 0 0 0 0 0 0 0 0 0 0 0 0 0 0 0 0 0 0 0 0 0 0 0 0 0 0 0 0 0 0 0 0 0 0 0 0 0 0 0 0 0 0 0 0 0 0 0 0 607 607 607 608 608 607 606 606 606 606 606 606 606 606 606 606 604 604 603 603 603 604 604 606 606 604 604 606 606 607 606 606 607 607 607 607 607 607 607 608 607 607 608 608 608 608 608 608 608 608 609 608 608 608 608 608 608 608 608 609 610 610 610 610 610 610 610 610 610 610 611 611 611 611 611 611 611 611 611 611 611 611 612 611 611 612 612 612 612 613 612 612 613 613 613 612 611 611 610 610 609
0 0 0 0 0 0 0 0 0 0 0 0 0 0 0 0 0 0 0 0 0 0 614 613 613 613 613 614 615 615 614 614 613 612 612 612 612 612 612 612 612 612 611 611 611 611 611 611 611 611 612 611 611 611 614 614 611 611 611 611 611 612 609 609 613 613 612 612 612 612 612 611 611 612 611 611 612 611 611 611 611 612 611 611 611 611 611 611 611 612 612 613 613 614 610 608 608 609 608 608 609 609 609 609 609 609 610 610 610 609 609 0 0 0 0 0 0 0 0 0 0 0 0 0 0 0 0 0 0 0 0 0 0 0 0 0 0 0 0 0 0 0 0 0 0 0 0 0 0 0 0 0 0 0 0 0 0 0 0 0 0 0 0 0 0 0 0 0 0 0 0 0 0 0 0 0 0 0 0 0 0 0 0 0 0 0 0 0 0 0 0 0 0 0 0 0 0 0 0 0 0 0 0 0 0 0 0 0 0 0 0 0 0 0 0 0 0 0 0 609 608 608 608 608 607 607 607 607 607 607 607 607 606 606 606 604 604 604 603 603 604 604 606 606 606 606 607 608 607 607 607 607 607 607 607 607 607 607 608 608 608 608 609 609 609 609 609 609 609 609 610 609 609 609 609 609 610 610 611 612 612 611 611 612 612 612 612 611 611 612 612 612 612 612 612 613 613 612 612 613 613 614 613 613 613 613 613 614 614 614 614 614 614 613 613 612 611 611 611 611
0 0 0 0 0 0 0 0 0 0 0 0 0 0 0 0 0 0 0 0 0 0 614 613 613 614 614 615 615 615 615 614 614 612 612 612 612 613 613 614 612 612 612 612 613 612 612 612 611 611 612 612 612 612 614 614 611 611 611 611 611 612 611 611 613 613 613 613 612 612 612 612 612 613 612 612 612 612 612 612 612 612 612 612 611 611 611 611 612 612 613 613 613 613 612 610 610 610 609 609 609 609 609 609 609 609 610 610 610 610 610 0 0 0 0 0 0 0 0 0 0 0 0 0 0 0 0 0 0 0 0 0 0 0 0 0 0 0 0 0 0 0 0 0 0 0 0 0 0 0 0 0 0 0 0 0 0 0 0 0 0 0 0 0 0 0 0 0 0 0 0 0 0 0 0 0 0 0 0 0 0 0 0 0 0 0 0 0 0 0 0 0 0 0 0 0 0 0 0 0 0 0 0 0 0 0 0 0 0 0 0 0 0 0 0 0 0 0 0 609 609 609 609 610 609 609 609 609 609 609 608 608 609 609 609 609 609 609 609 609 609 609 609 609 609 609 609 609 608 608 608 609 609 609 608 608 608 608 609 610 610 610 610 610 610 609 609 609 609 609 610 610 609 609 609 610 610 611 613 612 612 612 612 612 612 612 612 612 612 612 613 613 614 613 613 614 614 613 613 614 614 615 614 613 613 613 613 614 614 615 615 614 614 614 614 613 612 612 611 611
0 0 0 0 0 0 0 0 0 0 0 0 0 0 0 0 0 0 0 0 0 0 616 616 616 616 616 615 615 615 615 616 616 615 615 615 615 615 615 615 615 615 615 615 615 614 613 613 612 612 613 613 614 614 615 615 615 614 614 614 614 613 613 613 614 614 614 615 615 615 612 612 613 613 614 614 614 614 614 613 613 613 613 612 612 613 613 613 613 613 613 613 613 613 613 613 613 613 613 611 611 611 611 612 612 612 612 612 611 611 0 0 0 0 0 0 0 0 0 0 0 0 0 0 0 0 0 0 0 0 0 0 0 0 0 0 0 0 0 0 0 0 0 0 0 0 0 0 0 0 0 0 0 0 0 0 0 0 0 0 0 0 0 0 0 0 0 0 0 0 0 0 0 0 0 0 0 0 0 0 0 0 0 0 0 0 0 0 0 0 0 0 0 0 0 0 0 0 0 0 0 0 0 0 0 0 0 0 0 0 0 0 0 0 0 0 0 0 0 609 609 609 609 610 610 609 609 609 609 609 609 609 609 609 609 610 609 609 610 610 610 609 609 610 610 610 609 609 608 608 609 610 610 610 610 610 610 610 610 611 611 611 611 610 610 609 609 609 610 610 610 610 610 610 611 611 612 612 613 613 612 612 612 612 613 613 613 614 613 613 614 614 615 614 614 614 614 614 614 614 614 615 614 613 613 613 613 614 615 615 615 615 615 615 614 614 613 613 612 612
0 0 0 0 0 0 0 0 0 0 0 0 0 0 0 0 0 0 0 0 0 0 619 618 618 619 616 615 615 616 616 616 616 615 615 615 615 615 615 615 616 616 616 615 615 615 615 615 613 613 614 614 615 616 616 616 615 614 614 614 614 614 613 613 614 614 614 616 616 615 612 612 614 614 614 614 615 615 614 613 613 613 613 612 612 613 613 613 613 613 613 613 613 614 613 613 614 613 613 612 612 612 612 612 612 612 612 613 613 613 0 0 0 0 0 0 0 0 0 0 0 0 0 0 0 0 0 0 0 0 0 0 0 0 0 0 0 0 0 0 0 0 0 0 0 0 0 0 0 0 0 0 0 0 0 0 0 0 0 0 0 0 0 0 0 0 0 0 0 0 0 0 0 0 0 0 0 0 0 0 0 0 0 0 0 0 0 0 0 0 0 0 0 0 0 0 0 0 0 0 0 0 0 0 0 0 0 0 0 0 0 0 0 0 0 0 0 0 0 609 609 609 610 610 610 610 610 610 609 609 610 610 610 611 610 610 610 610 611 611 610 610 610 610 610 610 609 609 609 609 609 610 610 610 610 610 610 611 611 611 611 611 611 611 612 610 610 610 610 610 612 612 610 610 611 611 612 612 614 614 613 613 613 613 614 614 614 614 614 614 615 615 615 615 615 615 614 614 614 614 615 615 614 614 614 614 615 615 615 615 615 615 615 615 614 614 614 614 613 613
0 0 0 0 0 0 0 0 0 0 0 0 0 0 0 0 0 0 0 0 0 0 619 619 619 619 616 616 618 618 618 618 618 618 616 616 615 615 615 616 616 616 616 616 616 615 615 615 614 614 615 615 615 616 618 618 618 615 615 616 615 615 614 614 615 615 616 616 616 616 615 614 614 615 616 616 616 616 615 614 613 613 613 614 618 615 614 614 614 614 614 614 615 614 614 614 614 613 613 613 613 613 613 613 613 613 613 613 613 613 613 613 0 0 0 0 0 0 0 0 0 0 0 0 0 0 0 0 0 0 0 0 0 0 0 0 0 0 0 0 0 0 0 0 0 0 0 0 0 0 0 0 0 0 0 0 0 0 0 0 0 0 0 0 0 0 0 0 0 0 0 0 0 0 0 0 0 0 0 0 0 0 0 0 0 0 0 0 0 0 0 0 0 0 0 0 0 0 0 0 0 0 0 0 0 0 0 0 0 0 0 0 0 0 0 0 0 0 0 609 609 609 610 610 610 610 610 610 610 610 610 610 610 611 610 610 610 610 611 611 611 611 610 610 610 610 610 610 610 610 610 611 611 611 612 611 611 612 612 612 612 612 612 612 612 612 611 611 612 612 612 613 613 613 612 612 613 613 614 614 614 614 614 614 614 614 615 615 615 615 615 615 615 615 615 615 615 615 615 615 616 616 616 615 615 615 615 616 616 618 616 616 616 616 616 615 615 615 615 615
0 0 0 0 0 0 0 0 0 0 0 0 0 0 0 0 0 0 0 0 0 0 620 619 619 619 618 618 618 619 618 618 618 618 618 616 616 615 615 616 616 616 616 616 616 615 615 616 615 615 616 616 616 616 618 618 618 618 616 616 616 616 615 615 616 616 616 616 616 618 616 616 616 616 616 616 616 616 615 615 615 615 615 616 616 615 615 615 615 615 615 615 615 615 614 614 614 614 614 614 614 615 614 614 613 613 614 614 614 613 613 613 0 0 0 0 615 615 612 612 0 0 0 0 0 0 0 0 0 0 0 0 0 0 0 0 0 609 609 611 611 612 0 0 0 0 0 0 0 0 0 0 0 0 0 0 0 0 0 0 0 0 0 0 0 0 0 0 0 0 0 0 0 0 0 0 0 0 0 0 0 0 0 0 0 0 0 0 0 0 0 0 0 0 0 0 0 0 0 0 0 0 0 0 0 0 0 0 0 0 0 0 0 0 0 0 0 0 0 609 609 609 610 610 610 610 612 612 610 610 610 611 612 612 612 613 612 612 612 611 611 611 610 610 610 610 610 610 611 611 611 612 611 611 612 611 611 612 613 613 613 613 613 613 613 613 613 613 613 612 612 613 613 613 613 613 613 613 615 615 615 615 615 615 615 615 615 615 615 615 615 615 615 615 616 616 616 616 616 616 616 616 618 615 615 618 618 618 618 618 619 618 616 616 616 615 615 615 615 615
0 0 0 0 0 0 0 0 0 0 0 0 0 0 0 0 0 0 0 0 0 0 620 620 620 620 620 620 620 619 619 619 619 619 620 619 619 618 618 618 618 618 618 618 618 616 616 616 616 616 616 616 616 618 618 618 618 618 616 616 616 616 615 615 616 616 618 618 618 618 618 618 618 616 616 616 616 616 616 616 616 616 616 616 616 615 615 616 616 616 616 616 616 616 615 614 614 615 615 616 616 616 614 614 613 613 614 615 614 614 614 613 613 614 0 615 615 614 612 612 0 0 0 0 0 0 0 0 0 0 0 0 0 0 0 0 0 609 609 611 611 612 0 0 0 0 0 0 0 0 0 0 0 0 0 0 0 0 0 0 0 0 0 0 0 0 0 0 0 0 0 0 0 0 0 0 0 0 0 0 0 0 0 0 0 0 0 0 0 0 0 0 0 0 0 0 0 0 0 0 0 0 0 0 0 0 0 0 0 0 0 0 0 0 0 0 0 0 0 609 609 609 610 611 611 611 613 613 613 613 613 613 613 613 613 613 612 612 612 611 611 612 612 611 611 612 611 611 613 613 613 613 613 613 613 612 612 613 613 613 613 614 614 613 613 613 613 613 614 612 612 613 613 614 614 614 614 614 615 615 615 616 618 618 618 618 618 616 616 615 615 615 615 615 618 618 618 618 618 618 618 619 619 619 618 618 618 619 618 618 619 618 618 616 616 616 619 618 618 616
0 0 0 0 0 0 0 0 0 0 0 0 0 0 0 0 0 0 0 0 0 0 621 621 621 621 620 620 620 620 620 620 620 620 620 619 619 618 618 620 619 619 619 619 619 616 616 616 616 616 618 618 618 619 619 618 618 619 619 619 619 618 616 616 618 618 618 619 619 618 618 619 619 618 618 618 618 618 616 616 616 616 618 616 616 618 618 616 616 616 616 618 618 616 616 614 614 615 615 616 618 618 616 616 616 614 614 616 616 616 613 613 613 614 615 615 615 614 613 613 616 0 0 0 0 0 0 0 0 0 0 0 0 0 0 0 0 610 610 612 613 613 0 0 0 616 616 616 0 0 0 0 0 0 0 0 0 0 0 0 0 0 0 0 0 0 0 0 0 0 0 0 0 0 0 0 0 0 0 0 0 0 0 0 0 0 0 0 0 0 0 0 0 0 0 0 0 0 0 0 0 0 0 0 0 0 0 0 0 0 0 0 0 0 0 0 0 0 0 0 610 610 611 612 612 612 613 613 613 613 613 613 613 613 613 613 612 612 612 611 611 612 612 613 613 613 613 613 613 614 614 614 613 613 613 613 613 613 613 614 614 614 614 613 613 613 614 614 614 613 613 614 614 614 614 614 614 614 616 616 616 618 619 619 619 618 618 618 618 618 616 616 616 616 618 619 619 619 619 619 619 620 619 619 618 618 618 619 619 619 619 619 619 619 618 618 619 619 619 616
0 0 0 0 0 0 0 0 0 0 0 0 0 0 0 0 0 0 0 0 0 0 622 621 621 622 622 621 620 620 621 621 621 621 621 620 619 618 618 620 620 619 619 619 619 619 619 619 619 619 619 619 619 619 620 618 618 619 619 619 619 618 618 618 618 619 619 620 619 619 619 619 619 619 619 619 619 618 618 618 618 618 618 616 616 618 618 616 616 616 616 618 618 618 616 616 616 616 616 616 618 618 616 616 616 616 616 616 616 618 615 615 615 615 615 615 615 614 614 616 616 0 0 0 0 0 0 0 0 0 0 0 0 0 0 0 616 613 613 613 614 614 0 0 616 616 616 616 0 0 0 0 0 0 0 0 0 0 0 0 0 0 0 0 0 0 0 0 0 0 0 0 0 0 0 0 0 0 0 0 0 0 0 0 0 0 0 0 0 0 0 0 0 0 0 0 0 0 0 0 0 0 0 0 0 0 0 0 0 0 0 0 0 0 0 0 0 0 0 615 613 613 613 614 614 614 614 614 613 613 613 613 614 614 614 613 613 612 612 611 611 612 613 614 614 614 614 614 614 614 614 614 613 613 613 613 613 613 613 614 614 615 615 614 614 614 614 614 615 614 614 614 614 614 614 615 615 615 618 618 618 619 619 620 620 619 619 619 619 619 618 618 618 618 619 619 619 619 619 620 620 620 619 619 619 619 619 620 620 620 620 619 619 619 619 619 620 619 619 619
0 0 0 0 0 0 0 0 0 0 0 0 0 0 0 0 0 0 0 0 0 0 623 623 623 622 622 621 621 621 621 621 621 621 620 620 620 620 620 621 621 620 620 620 620 620 620 620 620 620 619 619 618 618 618 618 618 619 619 619 619 620 620 620 621 620 620 621 619 619 619 619 620 620 620 619 619 618 618 618 618 618 619 618 618 618 620 618 618 619 619 619 618 618 618 618 618 618 618 618 618 618 618 619 616 616 616 616 616 618 618 616 616 616 616 616 615 614 614 616 618 616 616 0 0 0 0 0 0 616 616 616 616 0 0 616 616 615 613 613 614 614 616 616 616 616 616 616 618 0 0 0 0 0 0 0 0 0 0 0 0 0 0 0 0 0 0 0 0 0 0 0 0 0 0 0 0 0 0 0 0 0 0 0 0 0 0 0 0 0 0 0 0 0 0 0 0 0 0 0 0 0 0 0 0 0 0 0 0 0 0 0 0 0 0 0 0 0 0 615 614 614 615 615 615 615 615 614 613 613 613 614 614 614 614 614 614 613 613 613 613 613 614 614 615 615 614 614 615 615 615 615 614 614 614 615 614 614 615 615 616 616 616 615 615 615 615 616 618 616 616 615 615 616 615 615 616 616 618 618 618 619 620 620 620 620 620 619 619 620 619 619 619 619 620 620 620 620 620 620 620 620 620 620 620 621 621 621 620 620 620 619 619 619 619 619 620 620 620 621
0 0 0 0 0 0 0 0 0 0 0 0 0 0 0 0 0 0 0 0 0 0 623 623 623 623 623 623 623 621 621 622 621 621 620 620 620 621 621 621 621 621 621 621 621 621 621 620 620 620 620 620 618 618 618 619 619 620 619 619 619 620 620 620 621 621 621 621 619 619 619 619 620 620 620 619 619 619 618 618 618 618 619 619 620 620 621 620 619 619 619 619 618 618 618 618 618 618 618 618 618 618 618 619 619 618 616 616 616 618 618 618 618 618 618 618 616 616 616 618 618 616 616 616 0 0 0 0 0 616 616 616 616 616 616 616 616 616 614 614 614 616 616 618 616 616 616 616 618 0 0 0 0 0 0 0 0 0 0 0 0 0 0 0 0 0 0 0 0 0 0 0 0 0 0 0 0 0 0 0 0 0 0 0 0 0 0 0 0 0 0 0 0 0 0 0 0 0 0 0 0 0 0 0 0 0 0 0 0 0 0 0 0 0 0 0 0 0 0 615 615 616 616 616 616 616 616 615 614 614 614 614 614 614 615 614 614 614 614 614 613 613 615 615 615 615 615 615 616 616 616 616 615 614 614 618 618 618 616 616 618 618 616 616 616 616 616 618 618 618 618 618 618 618 618 618 618 618 619 619 619 619 620 620 620 620 620 620 620 620 620 620 620 620 621 621 621 621 621 621 621 621 621 621 621 622 622 622 621 621 620 620 620 620 619 619 621 621 621 621
0 0 0 0 0 0 0 0 0 0 0 0 0 0 0 0 0 0 0 0 0 0 624 624 623 623 623 624 624 623 623 622 622 622 621 621 621 622 624 623 622 621 621 621 621 621 621 621 621 621 621 621 620 620 622 621 621 621 619 619 619 620 620 620 621 621 621 621 620 620 620 620 621 621 621 620 620 619 619 620 620 620 620 620 621 621 622 622 621 621 621 620 618 618 619 619 620 619 619 619 619 619 619 619 620 618 618 618 620 619 618 618 618 618 619 619 618 618 618 618 618 618 616 616 618 618 0 0 0 616 616 616 616 616 616 616 616 616 618 615 615 616 616 618 618 616 616 616 618 0 0 0 0 0 0 0 0 0 0 0 0 0 0 0 0 0 0 0 0 0 0 0 0 0 0 0 0 0 0 0 0 0 0 0 0 0 0 0 0 0 0 0 0 0 0 0 0 0 0 0 0 0 0 0 0 0 0 0 0 0 0 0 0 0 0 0 0 0 0 616 616 616 618 618 618 618 618 616 615 615 615 615 616 616 616 615 615 616 615 615 615 615 616 616 616 616 615 615 616 616 616 618 616 616 618 618 618 618 618 618 618 618 616 616 616 618 618 618 619 618 618 618 618 618 618 619 619 619 620 619 619 620 620 621 621 621 621 621 621 621 621 621 621 621 621 621 621 621 621 621 622 622 622 622 622 623 623 623 623 622 622 621 621 622 622 623 623 622 622 622
0 0 0 0 0 0 0 0 0 0 0 0 0 0 0 0 0 0 0 0 0 0 625 625 625 624 624 624 624 624 623 623 623 622 622 622 622 622 624 624 622 622 622 622 622 622 622 621 621 621 621 621 621 621 622 622 622 622 620 620 620 620 620 620 622 622 622 622 621 621 621 621 622 622 622 621 621 621 621 621 621 621 620 620 621 621 622 622 621 621 621 622 621 621 620 620 621 620 619 619 619 620 620 620 620 619 619 619 620 619 619 619 618 618 618 622 621 621 619 618 618 618 618 618 618 618 619 619 619 620 619 619 618 618 618 618 618 618 618 615 615 616 616 618 618 618 618 618 619 620 0 0 0 0 0 0 0 0 0 0 0 0 0 0 0 0 0 0 0 0 0 0 0 0 0 0 0 0 0 0 0 0 0 0 0 0 0 0 0 0 0 0 0 0 0 0 0 0 0 0 0 0 0 0 0 0 0 0 0 0 0 0 0 0 0 0 0 0 0 616 616 616 618 618 618 618 618 618 618 618 618 618 616 616 616 615 615 618 618 618 618 618 618 618 618 618 618 618 618 618 618 618 618 618 618 618 618 618 618 618 619 619 618 618 618 618 618 619 619 619 619 619 619 619 619 619 619 619 620 620 620 620 621 621 621 622 621 621 622 622 622 622 622 622 621 621 621 621 622 622 623 623 623 623 623 623 623 623 623 623 623 622 622 623 623 623 623 623 622 622
0 0 0 0 0 0 0 0 0 0 0 0 0 0 0 0 0 0 0 0 0 0 625 625 625 625 625 624 624 624 624 624 624 623 622 622 622 623 624 624 622 622 622 623 623 622 622 622 622 622 622 622 623 623 623 623 623 622 622 623 621 621 621 621 622 622 623 623 624 624 623 622 622 622 622 622 622 622 622 622 623 621 621 622 622 624 624 623 622 622 622 622 622 622 621 621 622 621 621 621 620 620 621 621 621 619 619 620 621 620 620 619 619 619 622 622 621 621 620 618 618 618 618 618 621 619 619 619 619 620 620 619 619 618 618 618 618 618 619 618 618 618 618 618 618 619 620 620 620 620 0 0 0 0 0 0 0 0 0 0 0 0 0 0 0 0 0 0 0 0 0 0 0 0 0 0 0 0 0 0 0 0 0 0 0 0 0 0 0 0 0 0 0 0 0 0 0 0 0 0 0 0 0 0 0 0 0 0 0 0 0 0 0 0 0 0 0 0 0 618 618 618 619 618 618 618 618 619 619 618 618 618 618 618 616 615 615 618 618 619 619 619 618 618 619 619 619 619 619 619 619 619 618 618 618 618 619 618 618 619 619 619 619 619 619 619 619 619 619 619 619 619 619 620 620 620 621 621 622 621 621 621 621 621 621 622 622 623 623 623 623 623 623 623 622 622 622 622 624 624 623 623 623 623 623 623 623 624 624 624 624 623 623 623 623 623 623 623 623 622
0 0 0 0 0 0 0 0 0 0 0 0 0 0 0 0 0 0 0 0 0 0 627 625 625 625 625 625 625 625 625 625 625 624 624 624 624 624 625 624 624 624 624 623 623 623 623 623 623 623 623 623 623 623 624 624 624 623 623 623 622 621 621 621 622 623 623 624 624 624 624 624 624 623 623 623 622 622 622 622 623 622 622 623 623 624 624 624 623 622 622 622 622 623 622 622 622 622 621 621 621 621 620 620 621 619 619 620 621 621 620 619 619 619 622 622 621 621 621 619 619 619 620 620 621 620 620 620 620 620 620 618 618 618 618 618 619 619 619 618 618 618 618 619 620 620 620 620 620 0 0 0 0 0 0 0 0 0 0 0 0 0 0 0 0 0 0 0 0 0 0 0 0 0 0 0 0 0 0 0 0 0 0 0 0 0 0 0 0 0 0 0 0 0 0 0 0 0 0 0 0 0 0 0 0 0 0 0 0 0 0 0 0 0 0 0 0 0 0 620 620 620 620 619 619 619 619 619 619 618 618 619 620 619 618 616 616 618 619 619 619 619 618 618 619 619 619 619 619 619 619 619 619 619 619 619 619 619 619 619 619 620 620 620 620 620 620 620 620 620 620 620 620 620 620 621 622 622 622 622 621 621 622 622 622 623 623 623 624 624 624 624 623 623 623 623 623 624 624 624 624 624 624 624 624 624 624 624 624 624 624 624 624 624 623 623 623 623 623 623
0 0 0 0 0 0 0 0 0 0 0 0 0 0 0 0 0 0 0 0 0 0 629 627 627 627 627 625 625 625 625 625 627 625 625 627 627 627 625 625 624 624 624 624 624 624 623 623 624 624 623 623 623 623 624 624 624 623 623 624 623 622 621 621 623 624 624 624 624 624 625 624 624 624 623 623 623 622 622 622 623 623 623 624 624 624 624 624 624 623 623 622 622 623 623 623 623 622 622 622 622 622 620 620 621 621 621 622 621 621 620 620 620 622 622 622 622 622 621 621 621 621 621 621 622 621 621 621 620 620 620 618 618 618 618 618 619 619 619 621 619 619 619 619 620 620 620 621 621 0 0 0 0 0 0 0 0 0 0 0 0 0 0 0 0 0 0 0 0 0 0 0 0 0 0 0 0 0 0 0 0 0 0 0 0 0 0 0 0 0 0 0 0 0 0 0 0 0 0 0 0 0 0 0 0 0 0 0 0 0 0 0 0 0 0 0 0 0 619 619 620 621 620 620 620 620 619 619 619 618 618 621 621 620 619 619 619 619 620 620 620 619 619 619 619 619 619 619 620 619 619 619 619 619 619 619 619 619 619 620 620 621 622 622 622 622 621 621 621 621 620 620 620 620 621 622 622 622 623 623 623 623 622 622 622 623 623 623 624 624 624 624 624 624 624 624 624 624 625 624 624 624 624 624 624 624 624 624 624 624 624 624 624 624 623 623 624 624 624 624
0 0 0 0 0 0 0 0 0 0 0 0 0 0 0 0 0 0 0 0 0 0 629 628 628 628 627 625 625 625 625 625 627 627 628 628 628 627 625 625 624 624 624 624 624 624 624 624 625 625 624 624 624 624 624 624 624 624 624 624 624 624 624 625 625 625 625 625 625 625 625 625 625 627 627 625 623 623 623 623 624 624 624 625 625 624 624 624 624 624 624 622 622 622 623 623 623 623 623 623 622 622 622 622 622 622 622 622 622 622 622 621 621 622 622 622 622 622 622 622 622 622 621 621 622 622 622 621 620 620 621 621 627 627 621 621 621 621 621 621 621 621 621 621 621 621 622 622 0 0 0 0 0 0 0 0 0 0 0 0 0 0 0 0 0 0 0 0 0 0 0 0 0 0 0 0 0 0 0 0 0 0 0 0 0 0 0 0 0 0 0 0 0 0 0 0 0 0 0 0 0 0 0 0 0 0 0 0 0 0 0 0 0 0 0 0 0 0 619 619 621 622 621 620 620 620 620 620 619 619 619 621 621 620 620 620 619 619 620 620 620 619 619 619 619 620 619 619 620 620 620 620 620 620 620 620 620 621 622 621 621 621 622 622 622 622 622 622 622 621 620 620 621 621 622 622 623 624 624 624 624 624 623 623 624 624 624 624 624 625 625 624 624 625 625 625 625 625 625 625 625 625 625 625 625 625 625 625 625 625 625 625 625 625 624 624 624 624 625 624
0 0 0 0 0 0 0 0 0 0 0 0 0 0 0 0 0 0 0 0 0 0 629 629 629 628 627 625 625 625 625 627 628 628 628 628 629 628 628 627 627 625 625 625 625 625 625 625 625 625 625 625 624 624 624 624 624 625 624 624 625 625 625 627 627 625 625 627 628 625 625 625 625 627 627 625 625 624 624 625 625 625 625 625 625 625 625 625 625 625 627 623 622 622 624 623 623 624 624 624 624 623 623 623 622 622 622 622 622 622 622 621 621 623 623 623 623 623 623 623 622 622 624 624 622 622 622 621 620 620 622 622 627 627 627 627 624 624 624 621 621 621 621 621 621 623 623 0 0 0 0 0 0 0 0 0 0 0 0 0 0 0 0 0 0 0 0 0 0 0 0 0 0 0 0 0 0 0 0 0 0 0 0 0 0 0 0 0 0 0 0 0 0 0 0 0 0 0 0 0 0 0 0 0 0 0 0 0 0 0 0 0 0 0 0 0 0 0 620 620 621 622 622 621 620 620 621 621 622 622 622 621 621 621 621 622 621 621 621 621 621 621 622 622 622 622 621 621 621 621 621 622 622 622 622 622 622 623 623 623 623 623 623 623 622 622 623 623 623 623 622 622 622 622 623 623 624 625 625 625 625 625 624 624 624 624 624 625 627 627 627 625 625 627 627 627 627 627 627 627 627 627 625 625 625 625 625 627 625 625 625 627 627 627 627 627 627 627 627 625
0 0 0 0 0 0 0 0 0 0 0 0 0 0 0 0 0 0 0 0 0 0 629 629 629 628 628 627 627 627 627 627 628 628 629 629 629 628 628 627 627 627 627 627 625 625 627 627 627 625 625 625 625 625 624 624 625 625 625 627 628 628 628 628 628 627 627 628 628 628 627 627 628 628 628 628 628 628 627 627 627 627 627 627 627 625 625 625 627 627 628 628 627 627 625 624 624 624 624 625 627 625 625 625 624 624 623 623 624 624 624 625 625 625 624 624 625 625 624 624 624 624 624 625 624 623 622 622 622 622 622 622 623 625 627 627 624 624 624 622 622 622 622 622 622 623 623 625 627 0 0 0 0 0 0 0 0 0 0 0 0 0 0 0 0 0 0 0 0 0 0 0 0 0 0 0 0 0 0 0 0 0 0 0 0 0 0 0 0 0 0 0 0 0 0 0 0 0 0 0 0 0 0 0 0 0 0 0 0 0 0 0 0 0 0 0 0 0 621 621 622 623 623 622 621 621 621 622 622 622 622 621 621 622 622 623 622 622 622 622 622 622 623 623 623 623 623 622 622 622 622 622 623 623 623 623 623 623 623 623 623 623 623 623 623 623 624 623 623 623 623 623 623 623 623 623 625 627 627 627 627 628 628 628 628 628 628 628 628 628 628 628 628 628 628 628 628 628 628 628 629 629 628 628 628 628 628 628 629 629 629 628 628 628 628 628 628 628 628 628
0 0 0 0 0 0 0 0 0 0 0 0 0 0 0 0 0 0 0 0 0 0 630 630 630 630 630 630 629 629 629 629 629 630 629 629 630 630 630 630 630 630 628 628 627 627 627 628 628 628 628 628 628 629 628 627 627 627 627 628 628 628 628 628 628 627 627 628 628 628 627 627 628 628 629 629 628 628 629 629 628 628 628 627 627 627 627 627 628 629 629 628 627 627 627 627 627 627 627 627 627 625 625 627 625 625 624 624 625 625 625 627 627 627 625 625 625 625 625 625 625 625 625 625 624 623 623 623 627 625 622 622 623 625 624 624 625 625 625 624 623 622 622 622 622 623 623 625 625 627 628 0 0 0 0 0 0 0 0 0 0 0 0 0 0 0 0 0 0 0 0 0 0 0 0 0 0 0 0 0 0 0 0 0 0 0 0 0 0 0 0 0 0 0 0 0 0 0 0 0 0 0 0 0 0 0 0 0 0 0 0 0 0 0 0 0 0 0 622 622 623 623 623 623 622 622 625 624 623 623 623 621 621 622 623 623 624 623 623 623 623 623 623 623 624 625 625 624 623 623 623 623 623 624 624 624 624 624 624 624 624 624 624 625 625 624 624 624 625 625 625 624 624 624 624 624 625 628 628 628 628 628 628 628 629 629 629 628 628 629 629 629 628 628 628 629 629 629 629 629 629 629 629 629 629 629 629 628 628 629 630 630 629 629 628 628 629 629 629 629
0 0 0 0 0 0 0 0 0 0 0 0 0 0 0 0 0 0 0 0 0 0 631 630 630 630 630 631 629 629 629 630 630 630 630 630 630 630 630 631 630 630 628 628 628 627 627 628 628 629 629 629 629 629 628 627 627 628 628 629 628 628 629 629 629 628 628 628 629 628 628 629 629 629 630 629 629 630 630 630 629 629 629 628 627 627 628 628 629 629 629 629 629 628 628 628 629 629 628 628 627 627 627 627 627 627 625 625 625 627 627 627 627 627 627 627 627 625 625 625 625 625 625 625 625 625 625 625 627 625 625 624 624 624 624 624 625 625 625 625 624 624 625 624 624 623 623 624 625 627 628 0 0 0 0 0 0 0 0 0 0 0 0 0 0 0 0 0 0 0 0 0 0 0 0 0 0 0 0 0 0 0 0 0 0 0 0 0 0 0 0 0 0 0 0 0 0 0 0 0 0 0 0 0 0 0 0 0 0 0 0 0 0 0 0 0 0 0 623 623 624 624 624 624 624 624 625 625 625 624 624 624 624 624 624 624 624 624 624 624 624 624 624 624 625 627 625 624 624 624 624 624 624 624 624 625 625 625 625 625 625 625 625 627 627 627 625 625 625 625 625 625 627 627 627 627 627 628 628 629 629 629 629 629 629 629 629 629 629 629 629 629 629 629 629 629 629 629 629 629 630 629 629 630 630 630 629 628 628 629 630 631 630 630 629 629 629 629 629 629
0 0 0 0 0 0 0 0 0 0 0 0 0 0 0 0 0 0 0 0 0 0 631 631 631 631 632 631 631 631 631 630 630 630 630 630 631 631 632 631 631 631 630 630 630 630 630 629 629 629 629 630 630 629 629 629 628 628 628 629 629 629 629 630 630 629 629 629 629 629 629 630 630 630 630 629 629 630 630 630 630 630 630 630 629 629 629 629 629 630 630 630 630 629 629 630 630 629 628 628 629 629 629 628 628 627 625 625 627 627 627 628 628 628 627 627 627 625 625 625 625 627 625 625 625 625 627 627 627 625 625 625 625 624 624 624 625 625 625 625 624 624 625 625 625 624 624 624 625 627 629 0 0 0 0 0 0 0 0 0 0 0 0 0 0 0 0 0 0 0 0 0 0 0 0 0 0 0 0 0 0 0 0 0 0 0 0 0 0 0 0 0 0 0 0 0 0 0 0 0 0 0 0 0 0 0 0 0 0 0 0 0 0 0 0 0 0 0 625 625 625 624 624 625 624 624 625 625 627 625 625 625 625 625 625 625 625 624 624 625 625 625 625 625 627 627 625 624 624 624 625 625 625 625 625 625 625 627 627 627 627 627 627 627 627 627 627 627 627 627 627 627 628 628 627 627 627 629 629 630 630 629 629 629 630 630 630 631 630 630 630 630 629 629 630 631 631 630 630 630 630 630 630 630 631 631 630 629 629 629 630 631 632 631 629 629 629 629 629 630
0 0 0 0 0 0 0 0 0 0 0 0 0 0 0 0 0 0 0 0 0 0 635 634 634 634 634 634 634 634 634 631 631 631 631 631 632 632 632 631 631 631 630 630 630 632 631 630 630 630 631 630 630 629 629 629 629 629 629 629 629 629 630 630 631 629 629 629 629 630 630 630 630 630 630 630 630 630 630 631 631 631 630 630 630 630 630 630 630 630 631 631 631 630 630 630 630 629 629 629 629 629 629 628 628 628 628 629 629 629 629 629 628 628 628 628 628 627 627 627 627 627 630 627 627 627 627 627 627 625 625 627 625 625 624 624 627 627 627 625 625 625 627 625 625 624 624 625 627 627 629 0 0 0 0 0 0 0 0 0 0 0 0 0 0 0 0 0 0 0 0 0 0 0 0 0 0 0 0 0 0 0 0 0 0 0 0 0 0 0 0 0 0 0 0 0 0 0 0 0 0 0 0 0 0 0 0 0 0 0 0 0 0 0 0 0 0 627 627 625 625 625 625 628 628 627 627 627 627 627 627 627 627 627 627 627 625 625 627 627 625 625 627 627 627 627 627 625 625 625 627 627 627 627 627 628 628 627 627 627 627 627 627 628 628 628 628 628 628 628 628 628 628 628 628 628 629 630 630 630 630 630 630 630 631 631 631 631 631 631 631 631 631 631 631 631 631 632 632 632 631 631 631 631 632 632 632 630 630 630 631 632 632 631 630 629 629 629 630 631
0 0 0 0 0 0 0 0 0 0 0 0 0 0 0 0 0 0 0 0 0 0 635 635 635 634 634 634 634 634 634 632 632 634 632 632 632 632 632 631 631 631 631 631 632 632 632 631 631 631 631 631 630 630 630 630 630 630 630 629 629 630 630 632 632 630 630 630 630 630 630 631 631 631 631 631 631 631 631 631 631 631 630 630 630 630 630 630 630 630 631 631 631 631 631 630 630 630 630 630 630 630 630 630 631 631 631 631 630 630 629 629 629 629 629 630 630 630 630 630 630 630 630 630 627 627 627 628 628 628 627 627 627 629 628 628 628 627 627 627 627 627 627 627 627 625 625 627 628 629 630 0 0 0 0 0 0 0 0 0 0 0 0 0 0 0 0 0 0 0 0 0 0 0 0 0 0 0 0 0 0 0 0 0 0 0 0 0 0 0 0 0 0 0 0 0 0 0 0 0 0 0 0 0 0 0 0 0 0 0 0 0 0 0 0 0 0 627 627 627 627 627 627 628 628 627 627 627 627 627 627 627 627 627 627 627 628 627 627 627 627 627 628 628 628 627 627 627 627 627 628 628 629 628 628 628 628 628 628 627 627 627 628 628 628 628 629 629 628 628 628 628 628 630 629 629 630 631 631 631 632 631 631 632 632 632 632 632 632 632 632 632 632 632 632 632 632 632 632 634 632 632 632 632 632 634 634 632 632 632 632 632 632 632 631 630 630 631 631 632
0 0 0 0 0 0 0 0 0 0 0 0 0 0 0 0 0 0 0 0 0 0 635 635 635 635 635 635 635 635 635 634 634 634 634 634 634 634 634 634 632 632 632 632 632 634 634 634 634 632 632 634 632 632 631 631 631 631 631 630 630 631 631 634 634 634 631 630 630 630 630 630 630 630 631 631 631 632 632 632 632 632 631 631 631 631 631 631 631 631 631 632 632 631 631 631 631 631 631 631 630 630 630 630 631 632 632 632 630 630 629 629 629 629 630 630 630 630 630 630 631 630 630 630 628 627 627 628 628 628 627 627 627 629 629 628 628 628 628 627 627 627 628 628 628 627 627 628 628 631 0 0 0 0 0 0 0 0 0 0 0 0 0 0 0 0 0 0 0 0 0 0 0 0 0 0 0 0 0 0 0 0 0 0 0 0 0 0 0 0 0 0 0 0 0 0 0 0 0 0 0 0 0 0 0 0 0 0 0 0 0 0 0 0 0 0 0 628 627 627 627 628 628 628 628 628 628 628 628 628 628 629 629 629 629 629 628 628 628 628 628 628 628 628 628 628 628 628 628 628 629 629 629 629 629 628 628 628 628 628 628 628 629 629 630 630 630 631 630 630 630 631 631 631 630 630 631 632 632 632 632 632 632 634 634 634 634 634 634 634 632 632 632 634 634 634 634 634 634 634 634 634 632 632 634 635 636 635 634 632 632 632 632 632 632 631 631 632 632 632
0 0 0 0 0 0 0 0 0 0 0 0 0 0 0 0 0 0 0 0 0 0 635 635 635 635 636 636 636 636 635 634 634 635 634 634 634 634 634 634 634 634 634 634 634 635 635 634 634 634 634 634 634 632 632 632 632 632 632 631 631 631 631 634 634 634 631 631 631 631 631 630 630 630 632 632 634 632 632 632 634 634 632 631 631 631 631 631 631 631 632 634 632 632 631 631 631 631 631 631 630 630 630 632 632 632 632 632 631 631 630 630 630 630 631 631 631 631 631 631 631 631 631 630 629 629 629 629 629 629 630 630 630 629 629 627 627 628 628 628 627 627 628 628 628 627 627 628 629 631 635 635 0 0 0 0 0 0 0 0 0 0 0 0 0 0 0 0 0 0 0 0 0 0 0 0 0 0 0 0 0 0 0 0 0 0 0 0 0 0 0 0 0 0 0 0 0 0 0 0 0 0 0 0 0 0 0 0 0 0 0 0 0 0 0 0 0 0 627 627 627 629 629 629 629 629 629 629 629 629 629 629 629 629 629 629 629 629 629 629 629 629 629 629 629 629 629 629 629 629 630 630 630 629 629 629 629 629 629 630 630 630 631 631 631 631 631 631 631 631 631 631 631 631 631 631 631 632 632 632 632 632 634 632 632 634 634 634 634 634 634 634 634 634 634 635 635 635 635 635 635 635 634 634 635 636 637 635 634 634 634 634 632 632 632 631 631 632 632 632
0 0 0 0 0 0 0 0 0 0 0 0 0 0 0 0 0 0 0 0 0 0 637 636 636 636 636 636 637 637 636 636 636 635 635 634 634 634 635 635 635 635 635 635 635 635 635 635 635 635 635 634 634 634 634 634 634 634 634 634 634 632 632 634 634 634 634 634 634 632 632 632 631 631 634 634 634 634 634 634 635 635 635 632 632 632 632 632 634 634 634 634 632 632 632 632 632 632 632 632 632 631 631 634 634 632 632 632 632 632 631 631 631 631 631 631 631 631 631 631 632 632 631 631 630 630 630 630 630 630 630 630 630 630 630 627 627 628 628 628 628 628 628 628 628 628 630 630 630 632 635 635 0 0 0 0 0 0 0 0 0 0 0 0 0 0 0 0 0 0 0 0 0 0 0 0 0 0 0 0 0 0 0 0 0 0 0 0 0 0 0 0 0 0 0 0 0 0 0 0 0 0 0 0 0 0 0 0 0 0 0 0 0 0 0 0 0 0 0 629 629 630 630 630 630 630 629 629 631 631 631 630 630 630 630 630 630 630 630 630 630 630 630 630 630 630 630 630 630 630 630 630 630 630 630 630 630 630 630 631 630 630 630 630 630 631 631 631 631 631 631 631 632 632 630 630 631 632 632 634 632 632 629 629 629 632 634 634 634 634 634 634 634 634 634 635 636 636 631 631 631 632 635 635 635 636 637 635 634 634 634 634 634 632 632 631 631 632 634 634
0 0 0 0 0 0 0 0 0 0 0 0 0 0 0 0 0 0 0 0 0 0 637 637 637 637 638 637 637 638 637 637 637 636 636 635 635 635 636 636 636 635 635 635 635 636 636 635 635 635 635 635 634 634 635 635 635 635 635 635 635 634 634 634 635 635 635 635 635 634 634 634 632 632 635 635 635 635 635 635 635 635 635 635 635 635 634 634 635 635 635 634 634 634 634 632 632 632 632 634 634 634 634 635 634 634 632 632 632 632 632 631 631 632 632 632 631 631 632 632 632 632 631 631 630 630 631 631 631 631 631 630 630 630 630 630 630 630 630 630 630 630 629 629 630 630 630 631 631 632 635 635 0 0 0 0 0 0 0 0 0 0 0 0 0 0 0 0 0 0 0 0 0 0 0 0 0 0 0 0 0 0 0 0 0 0 0 0 0 0 0 0 0 0 0 0 0 0 0 0 0 0 0 0 0 0 0 0 0 0 0 0 0 0 0 0 0 0 631 630 630 631 631 631 631 631 631 630 630 630 630 630 630 631 631 631 631 631 631 631 631 631 631 631 631 631 631 631 631 631 631 631 630 630 630 630 630 631 631 631 629 621 621 622 625 630 630 629 629 629 629 632 632 634 630 630 624 624 627 632 632 620 620 621 622 623 634 634 620 620 620 620 619 619 621 629 637 619 619 620 620 621 625 624 622 619 618 618 618 618 634 634 634 610 610 610 610 610 0 0
0 0 0 0 0 0 0 0 0 0 0 0 0 0 0 0 0 0 0 0 0 0 638 638 638 638 638 637 637 638 637 637 637 637 637 637 636 636 636 636 636 636 636 636 636 636 636 636 636 636 636 635 635 635 635 635 636 636 636 636 635 635 634 634 636 636 636 636 636 636 636 636 636 636 635 635 636 636 636 636 636 636 636 636 636 635 635 635 635 636 635 635 635 635 635 635 635 634 634 635 635 635 635 635 634 634 634 634 634 634 634 632 632 634 634 634 634 632 632 634 634 634 634 632 631 631 631 631 632 632 632 632 632 632 630 630 631 631 631 631 631 631 631 631 631 631 631 631 631 632 635 636 0 0 0 0 0 0 0 0 0 0 0 0 0 0 0 0 0 0 0 0 0 0 0 0 0 0 0 0 0 0 0 0 0 0 0 0 0 0 0 0 0 0 0 0 0 0 0 0 0 0 0 0 0 0 0 0 0 0 0 0 0 0 0 0 0 0 631 631 631 630 630 630 630 631 630 630 630 630 630 630 631 631 631 631 631 631 631 631 631 631 631 631 631 631 631 631 631 619 619 619 618 618 631 631 631 630 630 631 618 618 618 619 619 620 629 628 618 616 615 613 613 613 613 614 618 620 618 618 616 616 618 618 620 616 616 616 616 618 618 616 615 615 616 616 615 615 615 616 616 615 615 615 616 616 618 618 616 616 616 610 610 610 610 610 610 610 610 610
0 0 0 0 0 0 0 0 0 0 0 0 0 0 0 0 0 0 0 0 0 0 640 640 640 640 640 638 638 638 638 638 638 638 638 638 637 637 637 636 636 637 637 637 637 637 637 637 636 636 637 637 637 637 636 636 636 636 636 636 635 635 635 635 636 636 636 636 636 637 637 637 636 636 636 636 636 636 637 637 637 636 636 637 636 636 636 636 636 636 636 636 636 636 636 635 635 635 635 635 636 636 636 635 635 635 635 635 635 635 635 635 635 635 635 635 635 634 634 634 634 634 634 632 632 632 632 632 632 632 632 632 632 634 632 632 631 631 632 632 632 632 632 632 631 631 632 632 634 634 636 0 0 0 0 0 0 0 0 0 0 0 0 0 0 0 0 0 0 0 0 0 0 0 0 0 0 0 0 0 0 0 0 0 0 0 0 0 0 0 0 0 0 0 0 0 0 0 0 0 0 0 0 0 0 0 0 0 0 0 0 0 0 0 0 0 0 0 0 631 631 630 630 630 630 619 619 616 616 631 630 630 631 618 616 614 614 614 614 632 632 632 613 613 613 613 613 613 613 614 614 614 614 613 612 611 611 611 610 610 610 610 615 615 615 613 613 613 614 614 613 612 612 611 611 614 615 615 615 614 613 613 615 615 616 614 613 613 614 615 614 614 614 614 614 613 613 613 613 613 614 612 612 612 611 611 611 614 613 613 608 608 608 608 609 607 607 607 607 608
0 0 0 0 0 0 0 0 0 0 0 0 0 0 0 0 0 0 0 0 0 0 640 640 640 640 640 640 640 640 640 640 638 638 638 640 638 638 637 637 637 637 637 637 637 638 638 638 638 638 638 637 637 637 637 637 637 637 637 636 636 636 636 638 637 637 637 637 637 638 638 638 637 637 636 636 637 637 637 637 637 637 638 638 638 637 637 637 637 637 637 637 636 636 636 636 636 636 636 636 636 636 636 636 636 636 636 636 636 636 636 636 636 636 636 636 636 636 635 635 635 635 635 634 634 634 635 635 634 634 631 631 632 634 634 634 632 632 632 632 634 634 634 632 631 631 632 616 615 615 0 0 0 0 0 0 0 0 0 0 0 0 0 0 0 0 0 0 0 0 0 0 0 0 0 0 0 0 0 0 0 0 0 0 0 0 0 0 0 0 0 0 0 0 0 0 0 0 0 0 0 0 0 0 0 0 0 0 0 0 0 0 0 0 0 0 0 0 610 610 610 610 613 613 613 614 615 615 615 612 612 611 611 613 614 614 614 614 614 614 614 610 610 612 612 612 612 611 611 611 610 610 610 611 611 611 608 607 607 607 609 610 610 612 613 613 611 610 610 610 611 610 610 609 609 610 615 615 610 610 610 611 611 612 610 610 611 611 612 611 610 610 610 609 609 610 610 609 609 607 607 607 607 609 610 610 610 610 610 613 607 607 607 608 606 604 604 604 604 606
0 0 0 0 0 0 0 0 0 0 0 0 0 0 0 0 0 0 0 0 0 0 640 640 641 640 640 640 640 640 640 642 638 638 638 640 640 640 638 638 637 637 637 638 638 638 638 640 640 638 638 638 637 637 637 637 637 638 638 636 636 637 637 640 638 637 637 638 638 638 638 638 638 638 638 638 638 638 638 638 638 638 638 640 640 638 638 638 638 638 638 638 637 637 637 637 638 637 637 637 636 636 636 636 636 636 636 636 636 636 636 636 636 636 636 636 636 636 636 636 635 635 635 636 636 636 636 612 612 616 616 630 632 634 635 616 616 618 632 632 634 635 635 618 618 615 615 615 615 615 616 0 0 0 0 0 0 0 0 0 0 0 0 0 0 0 0 0 0 0 0 0 0 0 0 0 0 0 0 0 0 0 0 0 0 0 0 0 0 0 0 0 0 0 0 0 0 0 0 0 0 0 0 0 0 0 0 0 0 0 0 0 0 0 0 0 0 609 609 610 609 609 610 610 610 610 610 610 614 608 607 607 607 607 606 606 606 611 610 608 607 607 608 610 610 610 609 609 608 608 606 606 607 608 609 602 602 602 602 603 604 607 608 609 609 601 601 604 607 607 607 607 607 607 607 610 606 606 606 606 607 607 607 608 604 603 603 611 612 604 604 606 606 606 607 606 606 606 606 604 603 602 602 601 600 599 599 599 599 599 601 601 607 608 597 597 600 602 604 606
0 0 0 0 0 0 0 0 0 0 0 0 0 0 0 0 0 0 0 0 0 0 640 640 641 640 640 640 640 641 641 642 642 641 641 640 640 640 638 638 637 637 638 640 640 638 638 640 640 640 640 638 638 638 637 637 640 640 640 637 637 638 638 641 640 638 638 638 640 640 640 638 638 638 640 640 640 640 638 637 637 638 638 640 621 621 622 621 621 640 640 640 638 638 640 641 641 618 615 615 636 636 636 636 636 610 610 637 616 616 615 615 612 612 613 613 613 611 611 611 611 612 612 613 613 611 611 610 610 610 610 610 610 612 614 615 615 615 614 614 608 608 610 610 612 612 612 612 611 611 616 0 0 0 0 0 0 0 0 0 0 0 0 0 0 0 0 0 0 0 0 0 0 0 0 0 0 0 0 0 0 0 0 0 0 0 0 0 0 0 0 0 0 0 0 0 0 0 0 0 0 0 0 0 0 0 0 0 0 0 0 0 0 0 0 0 601 601 601 600 600 601 601 601 601 601 600 600 600 600 601 601 602 601 600 598 598 598 600 602 602 602 602 600 599 599 600 601 599 599 597 597 598 596 596 597 598 599 599 598 598 597 597 597 597 597 597 599 599 600 599 599 600 600 602 598 598 601 601 601 601 601 599 599 599 599 600 598 598 599 601 601 603 602 601 600 599 599 599 600 600 599 599 598 598 598 598 597 595 595 601 601 601 596 596 596 596 595 595 586
0 0 0 0 0 0 0 0 0 0 0 0 0 0 0 0 0 0 0 0 0 0 642 642 643 643 640 640 640 641 642 642 642 643 644 625 625 640 638 638 637 637 638 640 620 620 620 640 641 641 640 638 638 619 618 618 616 616 618 618 615 613 613 615 641 640 610 610 612 614 614 615 615 613 613 613 614 616 616 616 613 613 613 614 614 615 616 616 616 615 614 614 615 615 615 614 613 610 610 610 610 611 611 611 610 609 609 609 610 612 613 612 610 610 611 611 611 609 609 608 608 609 610 610 610 610 609 608 606 606 607 607 607 604 604 606 604 604 602 602 602 603 603 604 604 604 606 604 604 606 0 0 0 0 0 0 0 0 0 0 0 0 0 0 0 0 0 0 0 0 0 0 0 0 0 0 0 0 0 0 0 0 0 0 0 0 0 0 0 0 0 0 0 0 0 0 0 0 0 0 0 0 0 0 0 0 0 0 0 0 0 0 0 0 0 0 600 599 598 597 597 597 597 599 597 595 594 594 595 597 597 596 596 596 596 595 595 595 597 602 602 602 596 596 595 595 593 593 593 594 594 593 592 592 593 594 596 597 597 595 594 592 592 594 594 594 593 593 591 591 592 593 593 592 592 592 592 593 593 593 595 595 595 594 594 598 598 593 593 594 596 601 591 591 592 592 592 592 593 593 593 594 595 591 591 589 589 589 590 591 592 594 594 596 596 593 593 592 590 586
0 0 0 0 0 0 0 0 0 0 0 0 0 0 0 0 0 0 0 0 0 0 618 618 619 616 616 616 616 615 613 613 613 615 618 618 615 615 615 616 615 615 615 615 615 616 615 615 615 614 613 613 615 615 616 615 615 615 615 614 613 611 611 611 607 607 609 609 611 613 613 614 611 611 612 612 612 612 612 611 611 609 609 609 609 609 610 610 612 612 611 611 609 609 604 604 604 604 604 607 608 609 609 609 609 608 608 608 608 608 608 608 608 608 607 606 604 604 604 603 603 603 603 603 603 601 601 603 603 604 603 603 603 601 601 602 602 602 599 599 600 600 600 599 599 601 601 600 600 601 0 0 0 0 0 0 0 0 0 0 0 0 0 0 0 0 0 0 0 0 0 0 0 0 0 0 0 0 0 0 0 0 0 0 0 0 0 0 0 0 0 0 0 0 0 0 0 0 0 0 0 0 0 0 0 0 0 0 0 0 0 0 0 0 0 0 589 589 593 593 594 593 592 592 591 590 590 589 589 590 590 591 592 592 592 591 591 589 587 587 587 587 589 591 590 589 589 589 590 592 592 587 587 589 590 591 592 586 586 586 591 589 589 588 588 589 590 590 589 589 589 589 588 588 589 588 588 587 587 588 592 592 593 594 594 598 598 593 590 586 586 586 586 586 588 588 589 588 587 587 588 588 589 586 586 586 586 587 589 589 581 581 581 582 584 585 585 585 586 586
0 0 0 0 0 0 0 0 0 0 0 0 0 0 0 0 0 0 0 0 0 0 615 615 616 613 612 612 613 614 613 613 613 611 611 609 609 609 612 612 612 612 612 611 610 608 608 610 612 611 609 609 610 611 611 611 607 607 613 612 610 608 608 608 607 607 608 608 609 610 609 606 606 607 608 609 608 606 604 604 606 606 607 607 607 608 608 608 603 603 604 604 603 603 604 604 604 604 604 603 602 602 603 603 603 603 603 603 603 600 600 607 607 597 597 597 598 600 600 600 598 598 599 599 599 598 598 600 601 599 599 598 598 598 597 597 597 596 596 596 597 598 598 595 595 594 594 594 594 594 0 0 0 0 0 0 0 0 0 0 0 0 0 0 0 0 0 0 0 0 0 0 0 0 0 0 0 0 0 0 0 0 0 0 0 0 0 0 0 0 0 0 0 0 0 0 0 0 0 0 0 0 0 0 0 0 0 0 0 0 0 0 0 0 0 0 587 587 589 589 589 589 586 586 586 586 588 587 587 588 588 588 586 585 585 586 585 585 584 584 585 585 583 583 584 585 585 586 583 583 585 585 585 586 587 587 584 584 584 584 585 585 585 585 585 585 587 587 587 587 586 586 584 584 584 583 583 583 583 583 583 583 584 584 583 583 583 583 584 584 584 584 584 585 585 584 583 582 582 582 582 581 581 581 582 582 583 587 577 577 581 581 581 582 584 584 585 585 584 584
0 0 0 0 0 0 0 0 0 0 0 0 0 0 0 0 0 0 0 0 0 0 611 611 604 604 604 604 604 604 606 609 609 609 609 608 608 608 607 607 607 608 604 603 603 604 604 604 603 603 604 607 608 608 607 603 603 602 602 603 603 604 604 604 606 604 604 604 604 604 604 604 602 602 604 600 596 596 602 603 603 603 602 601 601 599 598 598 598 599 599 600 600 600 601 601 602 601 601 598 598 596 596 597 597 597 596 596 597 596 596 597 596 596 596 596 596 595 595 595 595 596 596 596 596 596 596 595 595 592 592 593 595 595 595 594 594 594 593 593 593 594 594 593 593 592 592 593 592 592 0 0 0 0 0 0 0 0 0 0 0 0 0 0 0 0 0 0 0 0 0 0 0 0 0 0 0 0 0 0 0 0 0 0 0 0 0 0 0 0 0 0 0 0 0 0 0 0 0 0 0 0 0 0 0 0 0 0 0 0 0 0 0 0 0 580 580 583 585 585 585 585 584 584 584 584 585 584 584 585 585 585 583 583 582 581 581 581 581 581 582 582 581 581 581 581 582 581 581 581 581 581 582 582 582 581 581 582 582 580 580 580 580 580 581 581 581 583 583 584 582 581 581 581 581 581 580 580 581 580 580 581 581 581 580 579 579 580 581 581 580 580 580 581 581 581 581 580 578 578 577 577 577 578 578 578 574 573 573 575 575 581 581 584 584 584 572 572 572 573
0 0 0 0 0 0 0 0 0 0 0 0 0 0 0 0 0 0 0 0 0 0 603 602 602 602 602 603 603 603 603 603 606 604 603 603 603 599 599 599 600 602 602 601 601 602 601 601 600 600 601 603 603 602 601 601 600 599 599 599 596 596 595 595 598 598 599 600 600 601 599 599 598 598 599 598 596 596 597 598 596 596 596 597 597 597 596 596 596 596 596 597 595 595 594 594 596 599 596 595 595 595 595 595 595 596 595 595 593 593 593 593 593 593 593 593 592 592 592 592 593 594 594 594 589 589 592 591 591 590 590 591 591 591 591 590 590 591 590 590 591 591 592 591 591 591 590 590 590 589 589 0 0 0 0 0 0 0 0 0 0 0 0 0 0 0 0 0 0 0 0 0 0 0 0 0 0 0 0 0 0 0 0 0 0 0 0 0 0 0 0 0 0 0 0 0 0 0 0 0 0 0 0 0 0 0 0 0 0 0 0 0 0 0 579 578 578 579 580 581 582 582 581 581 583 577 577 577 576 576 580 580 580 580 580 579 579 579 579 579 579 579 579 578 578 579 577 577 576 576 576 576 576 577 577 577 578 578 578 577 576 574 574 576 576 576 576 576 576 576 576 576 575 575 576 578 578 578 578 578 578 579 580 579 578 577 577 577 577 576 576 576 576 578 577 576 576 571 571 573 571 571 575 576 575 575 571 571 572 573 573 581 581 581 568 568 568 569 569 570
0 0 0 0 0 0 0 0 0 0 0 0 0 0 0 0 0 0 0 0 0 0 601 601 601 601 601 602 601 601 600 600 599 599 599 599 596 596 596 596 597 598 598 596 596 599 598 597 597 597 597 597 597 597 598 598 598 597 597 598 596 596 594 594 595 595 596 598 598 595 595 594 594 594 593 593 592 592 594 593 593 593 593 594 595 596 595 595 594 594 594 592 592 591 590 590 590 588 588 589 592 593 593 593 592 592 592 591 590 589 589 589 589 589 588 588 589 589 589 589 590 588 588 584 584 580 580 584 585 587 588 587 587 587 587 584 584 584 584 584 585 586 586 591 585 584 584 584 587 587 587 587 579 579 0 0 0 0 0 0 0 0 0 0 0 0 0 0 0 0 0 0 0 0 0 0 0 0 0 0 0 0 0 0 0 0 0 0 0 0 0 0 0 0 0 0 0 0 0 0 0 0 0 0 0 0 0 0 0 0 0 0 0 0 577 577 577 577 578 579 578 578 573 573 577 576 575 575 575 575 575 575 576 574 574 576 577 577 577 577 577 576 575 574 574 574 574 575 574 573 573 573 572 572 572 573 575 576 575 575 574 573 573 573 573 572 571 571 571 571 572 573 573 573 574 575 575 575 574 574 574 569 569 569 570 571 573 574 573 573 573 573 573 573 571 570 569 568 568 569 569 569 571 576 572 567 567 568 568 573 573 573 573 564 565 565 565 565 567 567
0 0 0 0 0 0 0 0 0 0 0 0 0 0 0 0 0 0 0 0 0 0 598 597 597 597 598 598 599 599 598 596 596 595 595 594 594 595 595 595 596 596 594 594 593 593 595 594 594 595 594 594 594 594 593 592 592 593 593 590 590 592 593 593 593 592 591 589 588 588 590 590 591 591 590 590 591 590 590 589 589 590 590 590 592 594 594 592 592 588 588 588 588 588 587 587 587 587 587 587 588 589 591 590 590 592 584 584 585 586 584 584 584 584 585 585 585 585 585 587 587 584 582 581 581 580 580 582 582 582 584 584 583 577 577 577 579 582 579 579 579 579 579 577 577 577 579 579 579 577 577 581 579 579 0 0 0 0 0 0 0 0 0 0 0 0 0 0 0 0 0 0 0 0 0 0 0 0 0 0 0 0 0 0 0 0 0 0 0 0 0 0 0 0 0 0 0 0 0 0 0 0 0 0 0 0 0 0 0 0 0 0 0 0 577 575 572 572 575 570 569 569 570 570 574 576 574 573 573 573 572 572 572 572 572 572 577 577 572 572 573 573 571 569 569 569 569 571 571 571 571 571 570 570 569 569 569 569 569 571 571 569 569 569 569 569 569 569 567 567 569 569 573 573 565 565 567 567 568 569 567 566 566 566 566 567 567 567 566 566 567 567 567 566 566 567 567 566 566 566 567 567 565 565 572 565 565 568 568 568 559 559 563 564 564 564 564 564 565 565
0 0 0 0 0 0 0 0 0 0 0 0 0 0 0 0 0 0 0 0 0 0 598 592 592 592 592 593 593 593 593 593 591 591 591 591 592 593 593 594 594 593 591 591 591 590 590 590 592 593 592 592 590 587 586 586 586 586 586 586 586 586 586 586 588 589 585 585 583 583 584 584 584 584 586 587 588 588 587 586 586 586 586 587 590 584 583 583 584 584 584 585 585 585 584 582 582 583 583 583 584 584 584 590 580 580 579 579 583 580 580 581 582 582 583 582 582 583 582 576 576 576 576 577 577 577 578 577 577 575 575 575 576 576 576 576 575 575 575 575 575 575 577 576 576 576 576 575 575 575 574 574 580 580 0 0 0 0 0 0 0 0 0 0 0 0 0 0 0 0 0 0 0 0 0 0 0 0 0 0 0 0 0 0 0 0 0 0 0 0 0 0 0 0 0 0 0 0 0 0 0 0 0 0 0 0 0 0 0 0 0 0 0 0 567 567 568 568 568 568 567 567 567 563 563 563 563 567 566 565 565 565 565 566 566 572 565 565 565 566 566 567 565 565 566 566 565 565 565 566 566 567 567 567 567 563 563 563 562 562 565 563 563 562 562 562 565 565 565 565 565 565 563 563 563 565 565 565 566 565 565 563 563 564 565 565 563 562 562 563 564 564 564 564 564 565 565 565 564 564 565 563 560 560 562 563 563 563 559 559 559 559 563 563 563 563 563 561 561 559
0 0 0 0 0 0 0 0 0 0 0 0 0 0 0 0 0 0 0 0 0 0 0 589 589 590 590 590 591 592 588 588 588 589 588 587 586 586 588 591 591 590 590 589 589 589 586 586 584 584 584 585 584 583 583 583 584 584 584 584 585 582 582 578 578 580 583 583 582 580 580 581 581 581 580 580 577 577 577 580 581 582 582 582 579 579 581 582 583 582 582 582 581 579 579 579 579 577 577 575 575 574 574 576 577 579 579 579 577 577 577 576 576 576 576 576 575 572 572 575 574 574 573 573 575 576 575 575 574 572 572 572 573 573 575 575 575 574 573 573 573 574 575 575 574 573 572 572 572 572 571 571 581 581 0 0 0 0 0 0 0 0 0 0 0 0 0 0 0 0 0 0 0 0 0 0 0 0 0 0 0 0 0 0 0 0 0 0 0 0 0 0 0 0 0 0 0 0 0 0 0 0 0 0 0 0 0 0 0 0 0 0 0 0 566 565 565 563 563 563 564 564 562 562 562 563 563 564 563 563 564 564 564 564 563 563 564 563 563 562 561 561 561 561 562 562 561 560 560 560 561 561 562 563 563 561 561 562 562 562 562 562 561 561 560 559 559 561 564 564 561 561 561 561 561 561 561 558 558 559 561 561 562 563 564 564 560 560 560 561 561 560 559 559 559 559 563 562 562 561 559 558 558 558 557 557 562 556 556 556 558 558 559 562 557 557 557 555 555 555
0 0 0 0 0 0 0 0 0 0 0 0 0 0 0 0 0 0 0 0 0 0 0 584 583 583 583 589 582 582 583 583 585 586 586 583 583 581 579 578 578 580 581 581 581 579 579 581 581 581 581 580 579 579 580 580 580 582 582 582 582 575 575 576 576 578 579 579 579 579 579 579 580 579 579 577 576 576 576 576 576 577 577 578 576 576 577 577 582 578 578 576 575 574 574 576 577 577 574 573 573 572 572 572 576 576 574 572 572 572 574 574 574 574 574 571 571 570 570 572 572 570 570 570 570 574 568 568 569 569 569 570 570 569 567 567 569 569 571 570 568 567 565 565 565 567 568 568 568 567 567 567 0 0 0 0 0 0 0 0 0 0 0 0 0 0 0 0 0 0 0 0 0 0 0 0 0 0 0 0 0 0 0 0 0 0 0 0 0 0 0 0 0 0 0 0 0 0 0 0 0 0 0 0 0 0 0 0 0 0 0 0 0 0 561 561 561 561 561 561 561 561 561 561 561 562 561 561 559 559 559 560 561 561 561 561 558 558 558 558 558 557 557 558 558 558 557 557 556 556 558 558 558 558 558 558 558 559 559 558 558 558 558 558 557 556 556 555 555 557 557 558 558 559 558 556 556 557 557 557 557 557 559 561 561 560 559 559 559 559 559 558 558 558 557 555 555 555 555 555 555 555 555 554 554 553 553 553 553 555 557 557 559 562 555 554 552 550 550 552
0 0 0 0 0 0 0 0 0 0 0 0 0 0 0 0 0 0 0 0 0 0 0 579 579 578 576 576 577 577 579 576 576 577 583 580 578 577 576 575 575 575 575 575 576 576 576 578 578 578 575 575 576 577 577 577 577 577 577 569 569 570 572 572 574 574 571 571 572 572 573 575 572 572 573 574 574 574 574 574 574 573 572 571 571 569 569 577 568 568 568 571 571 571 571 572 569 569 568 568 568 568 569 571 570 568 567 567 568 568 568 568 568 568 568 568 568 568 568 568 572 567 567 566 565 565 567 566 566 566 566 566 566 565 565 565 566 566 566 566 566 565 565 564 564 564 565 565 568 567 567 567 0 0 0 0 0 0 0 0 0 0 0 0 0 0 0 0 0 0 0 0 0 0 0 0 0 0 0 0 0 0 0 0 0 0 0 0 0 0 0 0 0 0 0 0 0 0 0 0 0 0 0 0 0 0 0 0 0 0 0 0 0 557 557 556 556 555 554 554 557 557 557 558 559 558 555 555 555 556 554 554 554 554 561 553 553 554 555 556 556 554 554 554 554 554 554 554 554 554 554 555 555 554 554 554 554 554 554 554 554 554 554 554 554 554 553 553 553 553 553 553 554 553 552 552 552 552 554 554 554 554 554 554 553 553 557 556 555 554 554 555 555 555 553 551 551 551 552 553 554 554 553 552 551 551 550 550 551 551 550 548 548 548 555 546 546 546 546 548
0 0 0 0 0 0 0 0 0 0 0 0 0 0 0 0 0 0 0 0 0 0 0 577 576 575 574 574 574 575 576 575 575 574 572 572 574 574 575 574 574 573 573 573 574 573 573 575 575 575 572 571 571 568 568 573 573 573 565 565 569 569 569 570 570 570 569 569 568 568 567 567 568 569 569 568 568 569 571 571 571 570 570 569 569 569 569 567 566 566 565 565 565 569 567 567 566 565 565 565 565 564 564 564 562 562 564 564 564 565 565 565 565 565 565 565 565 562 562 562 562 562 564 562 561 561 561 561 562 561 561 561 561 563 564 564 564 562 556 556 561 561 561 562 562 562 561 561 556 556 554 554 0 0 0 0 0 0 0 0 0 0 0 0 0 0 0 0 0 0 0 0 0 0 0 0 0 0 0 0 0 0 0 0 0 0 0 0 0 0 0 0 0 0 0 0 0 0 0 0 0 0 0 0 0 0 0 0 0 0 0 0 554 554 554 554 554 553 553 553 553 554 554 554 554 551 551 553 553 553 552 552 552 552 551 551 551 552 554 554 550 550 548 548 549 549 550 551 551 553 551 551 548 548 549 550 549 549 551 551 551 551 551 550 550 550 550 549 549 548 548 547 547 547 549 551 551 551 551 551 551 551 550 550 549 548 547 547 546 546 547 551 551 548 547 547 547 547 549 549 548 548 548 549 549 549 546 546 546 547 547 546 544 544 545 545 545 545 545 546
0 0 0 0 0 0 0 0 0 0 0 0 0 0 0 0 0 0 0 0 0 0 0 575 574 573 572 572 573 573 574 573 571 568 568 570 570 571 573 571 570 569 569 568 568 569 570 571 571 571 569 569 567 567 567 566 565 565 565 565 565 566 566 567 567 569 568 565 565 565 565 565 565 565 565 565 565 565 565 567 561 561 565 565 565 562 562 562 562 563 563 563 562 562 562 562 562 561 561 562 561 561 562 562 562 561 561 560 560 559 559 561 562 562 560 560 558 558 559 559 560 560 559 559 555 555 556 556 556 559 559 557 557 557 557 557 554 554 554 554 556 557 560 560 559 558 558 560 554 554 553 553 553 0 0 0 0 0 0 0 0 0 0 0 0 0 0 0 0 0 0 0 0 0 0 0 0 0 0 0 0 0 0 0 0 0 0 0 0 0 0 0 0 0 0 0 0 0 0 0 0 0 0 0 0 0 0 0 0 0 0 0 554 554 547 547 547 548 548 550 550 551 547 546 546 547 549 547 547 548 548 549 550 549 549 549 550 550 548 547 547 547 547 547 547 547 547 548 548 548 547 547 547 547 547 547 546 546 547 547 549 547 547 547 547 547 546 546 546 546 546 544 544 545 546 548 547 546 546 546 546 546 547 546 544 544 545 545 545 545 546 545 545 546 546 546 546 546 542 541 541 542 542 546 545 545 544 543 542 542 544 544 544 542 541 541 543 543 542 542
0 0 0 0 0 0 0 0 0 0 0 0 0 0 0 0 0 0 0 0 0 0 0 566 566 567 567 569 570 570 573 566 566 566 566 567 567 566 566 567 566 566 566 565 565 566 567 568 565 564 564 565 566 565 565 564 564 563 563 563 563 564 564 565 566 566 562 562 562 562 563 563 562 562 562 563 565 565 565 557 557 557 557 560 561 560 560 560 560 560 560 560 560 558 558 558 559 560 560 560 559 557 557 557 560 559 559 557 557 557 557 556 556 557 554 554 555 555 555 555 556 560 554 554 554 554 554 554 554 554 554 554 554 554 554 554 553 553 553 552 551 550 549 549 550 550 550 550 554 552 551 551 553 0 0 0 0 0 0 0 0 0 0 0 0 0 0 0 0 0 0 0 0 0 0 0 0 0 0 0 0 0 0 0 0 0 0 0 0 0 0 0 0 0 0 0 0 0 0 0 0 0 0 0 0 0 0 0 0 0 0 0 0 544 544 544 545 546 546 546 546 544 544 544 544 545 545 546 546 546 546 546 547 547 546 546 546 550 548 540 540 541 543 544 545 546 546 546 546 544 544 544 544 544 544 544 544 543 542 542 544 544 544 544 544 544 543 543 544 543 543 543 542 542 542 542 542 542 542 544 544 545 544 542 542 542 543 543 543 543 541 541 543 545 545 544 544 543 541 540 540 541 541 541 541 541 541 540 540 538 538 539 539 540 540 540 540 540 540 540
0 0 0 0 0 0 0 0 0 0 0 0 0 0 0 0 0 0 0 0 0 0 0 564 564 564 564 564 558 558 559 561 561 564 565 565 565 566 558 558 560 565 565 563 563 564 561 561 561 561 560 560 559 559 560 561 561 559 559 559 559 560 560 563 559 559 559 558 558 560 558 558 559 559 554 554 554 555 555 555 556 556 556 557 558 558 558 558 558 557 557 557 557 557 556 556 556 557 558 554 554 554 554 554 554 554 557 556 556 556 556 553 552 552 553 553 554 553 551 551 550 550 550 551 551 552 553 553 553 550 550 549 549 548 547 546 546 547 549 549 549 549 548 548 548 548 548 549 548 548 550 550 553 0 0 0 0 0 0 0 0 0 0 0 0 0 0 0 0 0 0 0 0 0 0 0 0 0 0 0 0 0 0 0 0 0 0 0 0 0 0 0 0 0 0 0 0 0 0 0 0 0 0 0 0 0 0 0 0 0 0 0 543 543 543 543 544 544 544 543 543 541 541 541 541 541 541 541 542 541 540 539 538 538 540 540 541 540 540 539 539 540 540 540 540 546 546 546 546 539 539 538 538 538 538 539 539 540 540 540 538 538 541 540 540 541 541 542 542 540 540 540 540 539 539 540 540 540 541 541 541 539 539 537 537 540 540 541 541 541 540 540 537 536 536 536 534 534 537 539 539 540 538 536 536 537 537 537 536 536 536 537 537 535 535 534 534 540 540 540
0 0 0 0 0 0 0 0 0 0 0 0 0 0 0 0 0 0 0 0 0 0 0 561 560 560 559 558 556 556 556 556 558 560 560 560 554 554 555 555 558 561 561 556 556 560 557 557 559 559 559 559 554 554 555 557 557 559 553 553 555 554 554 554 554 555 554 554 555 555 555 555 555 554 554 554 554 554 554 554 554 554 554 554 555 554 554 555 554 554 554 553 553 554 554 553 551 551 549 549 549 549 550 548 548 553 554 554 555 550 549 549 547 547 550 550 549 549 549 549 549 549 548 546 546 546 546 546 546 546 546 546 548 546 545 545 545 546 546 546 546 547 546 546 546 546 546 548 548 543 543 545 0 0 0 0 0 0 0 0 0 0 0 0 0 0 0 0 0 0 0 0 0 0 0 0 0 0 0 0 0 0 0 0 0 0 0 0 0 0 0 0 0 0 0 0 0 0 0 0 0 0 0 0 0 0 0 0 0 0 0 0 543 540 540 540 540 540 540 539 539 539 539 539 537 537 537 536 536 536 536 536 537 537 539 540 541 539 536 536 536 536 534 534 535 535 535 534 534 534 536 536 537 535 534 534 534 535 536 537 535 534 534 537 537 539 540 540 534 534 534 535 536 536 537 537 537 540 533 533 534 534 534 534 537 536 535 535 538 538 537 536 534 533 533 534 533 532 532 533 534 534 534 533 533 534 531 531 531 531 531 531 531 533 533 533 533 531 530 530
0 0 0 0 0 0 0 0 0 0 0 0 0 0 0 0 0 0 0 0 0 0 0 556 556 556 556 556 554 554 554 554 555 556 557 554 554 554 553 553 554 553 553 550 550 550 550 551 552 552 550 550 551 552 548 548 549 549 549 551 552 552 551 550 550 550 550 551 553 554 553 552 551 551 552 552 552 552 553 553 547 547 549 551 551 552 552 553 549 546 546 544 543 543 544 545 545 545 543 543 543 546 546 546 543 542 542 542 543 543 543 542 541 541 541 541 542 540 540 540 540 540 540 540 540 540 540 540 540 540 540 539 539 539 539 539 539 537 535 535 537 536 536 535 535 533 533 548 548 540 540 540 540 0 0 0 0 0 0 0 0 0 0 0 0 0 0 0 0 0 0 0 0 0 0 0 0 0 0 0 0 0 0 0 0 0 0 0 0 0 0 0 0 0 0 0 0 0 0 0 0 0 0 0 0 0 0 0 0 0 0 0 532 532 532 532 530 530 530 530 531 533 533 532 531 531 531 531 529 529 530 529 529 528 528 527 527 529 529 529 529 529 530 530 532 532 528 528 528 529 529 529 528 527 527 529 532 532 533 533 532 531 531 531 534 535 531 531 531 531 532 533 533 534 534 532 531 530 530 531 532 533 534 534 534 533 529 529 527 527 528 528 529 531 531 531 531 531 531 531 530 530 530 530 531 531 524 524 529 529 529 529 529 532 533 511 511 526 526 530
0 0 0 0 0 0 0 0 0 0 0 0 0 0 0 0 0 0 0 0 0 0 0 554 554 554 552 552 551 551 552 553 554 553 550 550 550 551 551 551 550 550 550 550 548 548 548 548 549 549 548 547 547 548 546 546 547 547 546 545 544 544 544 545 546 547 545 545 542 542 549 543 543 543 543 543 543 542 541 541 540 540 540 540 540 540 540 540 540 541 543 543 542 541 540 540 540 541 540 538 538 542 546 536 536 537 537 537 537 537 540 540 540 540 541 539 539 537 537 536 536 537 537 538 538 539 539 538 536 536 536 536 536 536 536 539 535 534 534 534 535 534 533 533 533 532 532 532 532 532 532 532 540 0 0 0 0 0 0 0 0 0 0 0 0 0 0 0 0 0 0 0 0 0 0 0 0 0 0 0 0 0 0 0 0 0 0 0 0 0 0 0 0 0 0 0 0 0 0 0 0 0 0 0 0 0 0 0 0 0 0 0 530 530 531 532 530 530 528 528 529 529 529 528 528 528 528 528 527 527 528 527 526 526 526 525 525 527 526 526 527 527 529 529 526 526 526 526 527 527 526 525 525 525 525 526 526 527 526 526 525 525 525 526 526 527 528 527 526 526 526 526 525 525 525 525 527 528 527 527 526 525 525 525 525 525 528 527 526 526 527 527 528 529 529 528 528 528 528 528 529 529 528 528 525 525 524 524 528 528 529 529 529 532 533 511 511 526 526 0
0 0 0 0 0 0 0 0 0 0 0 0 0 0 0 0 0 0 0 0 0 0 0 554 553 546 546 548 548 548 549 551 545 545 546 544 544 544 544 544 544 543 543 543 543 545 546 544 544 544 544 544 544 543 543 543 543 546 542 540 540 541 541 541 541 541 543 540 540 537 537 537 541 542 541 541 541 540 538 537 537 539 539 539 538 537 537 538 538 539 537 536 536 537 537 538 539 538 538 535 534 534 533 533 533 533 535 535 535 535 535 536 536 540 540 534 534 535 535 535 535 534 534 533 533 532 532 531 531 531 534 534 534 533 533 533 533 533 533 533 532 532 533 533 531 529 529 530 530 530 530 529 529 529 0 0 0 0 0 0 0 0 0 0 0 0 0 0 0 0 0 0 0 0 0 0 0 0 0 0 0 0 0 0 0 0 0 0 0 0 0 0 0 0 0 0 0 0 0 0 0 0 0 0 0 0 0 0 0 0 0 0 523 523 524 532 525 524 524 525 525 525 525 525 525 525 525 525 525 525 524 524 524 525 525 524 524 525 525 525 523 523 523 523 523 526 526 524 524 523 523 523 523 524 524 524 524 524 524 523 523 523 523 523 523 523 522 522 523 524 524 524 523 523 523 523 524 522 522 523 524 524 524 524 521 521 522 523 522 522 522 523 521 521 521 522 522 521 519 519 520 521 521 521 521 521 521 524 524 528 528 529 529 529 514 514 514 520 520 520
0 0 0 0 0 0 0 0 0 0 0 0 0 0 0 0 0 0 0 0 0 0 0 0 540 540 541 541 542 540 540 539 539 540 541 541 542 541 540 540 540 540 540 540 539 539 541 544 540 540 540 538 538 539 535 534 533 532 532 539 539 539 538 537 536 536 537 536 536 535 534 534 534 534 534 535 535 535 536 536 536 536 534 534 536 535 535 534 534 535 534 534 533 530 530 538 539 535 533 533 531 530 530 531 531 531 533 533 533 533 534 534 534 534 534 534 534 535 535 534 533 529 529 529 528 528 529 529 529 529 529 531 531 530 529 529 532 532 529 529 529 529 529 529 529 524 524 529 530 528 528 528 528 529 0 0 0 0 0 0 0 0 0 0 0 0 0 0 0 0 0 0 0 0 0 0 0 0 0 0 0 0 0 0 0 0 0 0 0 0 0 0 0 0 0 0 0 0 0 0 0 0 0 0 0 0 0 0 0 0 0 0 521 521 523 522 521 521 521 521 521 521 521 522 523 523 523 523 525 521 521 521 521 521 521 522 521 520 519 519 520 520 521 521 521 521 519 519 519 519 520 521 521 521 521 520 519 519 519 519 520 520 520 519 519 520 519 519 519 520 520 521 521 521 517 515 515 516 517 518 522 523 524 521 521 521 520 520 519 519 518 518 518 518 520 520 520 518 518 517 517 519 519 519 518 517 511 511 511 511 511 511 511 514 514 514 514 515 515 514
0 0 0 0 0 0 0 0 0 0 0 0 0 0 0 0 0 0 0 0 0 0 0 0 539 539 539 539 539 535 535 535 536 536 536 536 536 536 537 538 539 539 539 537 534 534 534 534 534 534 534 534 534 534 535 529 529 529 529 530 533 533 533 532 532 532 532 533 533 534 534 534 532 532 531 531 531 533 533 534 532 532 532 532 532 532 532 533 533 530 530 529 529 529 529 527 527 527 528 528 529 529 529 529 530 530 531 529 529 533 534 534 534 534 525 525 525 525 525 526 533 528 527 527 527 527 527 526 526 525 525 525 525 524 524 525 525 525 525 524 524 523 522 522 523 522 521 521 521 522 522 523 523 529 0 0 0 0 0 0 0 0 0 0 0 0 0 0 0 0 0 0 0 0 0 0 0 0 0 0 0 0 0 0 0 0 0 0 0 0 0 0 0 0 0 0 0 0 0 0 0 0 0 0 0 0 0 0 0 0 0 0 521 521 523 522 518 518 518 517 517 517 517 517 521 521 523 516 516 516 517 517 517 517 517 517 517 518 518 517 517 517 515 515 515 515 517 517 517 517 515 515 515 516 516 515 514 514 514 514 517 517 517 517 517 517 517 517 517 517 516 516 516 514 514 514 514 514 515 515 514 514 513 513 514 515 515 516 515 515 516 516 517 517 514 514 513 512 512 514 514 514 514 514 514 513 511 511 511 511 511 511 511 511 511 511 512 513 513 513
0 0 0 0 0 0 0 0 0 0 0 0 0 0 0 0 0 0 0 0 0 0 0 0 538 536 536 535 534 533 533 533 533 533 533 533 534 534 534 534 532 532 533 533 534 532 532 532 532 532 534 533 532 531 531 529 529 529 529 529 529 530 531 529 529 530 530 530 529 529 531 531 529 529 529 529 529 528 528 529 529 529 529 531 531 529 528 527 523 523 525 526 526 526 525 525 523 523 523 524 525 527 527 527 528 523 523 523 524 523 523 523 523 522 522 522 523 523 523 523 523 523 524 525 525 521 521 521 521 522 521 521 521 521 521 521 521 520 519 519 522 522 521 521 521 521 520 520 520 521 521 521 521 0 0 0 0 0 0 0 0 0 0 0 0 0 0 0 0 0 0 0 0 0 0 0 0 0 0 0 0 0 0 0 0 0 0 0 0 0 0 0 0 0 0 0 0 0 0 0 0 0 0 0 0 0 0 0 0 0 0 0 514 514 514 513 512 512 513 514 514 514 513 513 513 514 514 514 514 514 515 515 516 516 515 515 515 517 517 516 516 514 513 513 514 514 516 515 515 514 513 513 513 514 514 514 514 514 514 513 513 514 514 516 515 512 512 513 514 513 513 512 512 511 511 513 513 514 513 513 512 512 512 512 512 512 512 514 514 514 514 512 511 511 510 510 511 511 511 511 511 511 511 511 511 510 510 510 510 510 509 509 509 509 511 510 510 510 511 506
0 0 0 0 0 0 0 0 0 0 0 0 0 0 0 0 0 0 0 0 0 0 0 0 534 533 531 531 531 531 531 531 532 532 532 532 531 531 529 529 529 529 530 530 530 529 529 530 528 528 530 530 530 529 529 526 526 527 526 526 528 528 526 526 528 528 528 527 526 526 526 526 527 527 527 527 527 527 527 527 527 528 528 526 524 524 523 522 521 521 523 524 525 525 524 522 522 522 522 522 523 521 521 521 521 521 521 521 521 520 520 520 521 521 521 521 521 521 521 521 521 521 522 521 520 519 518 518 519 519 519 518 518 519 519 519 518 517 517 517 517 517 519 521 517 517 517 518 518 518 519 520 520 520 0 0 0 0 0 0 0 0 0 0 0 0 0 0 0 0 0 0 0 0 0 0 0 0 0 0 0 0 0 0 0 0 0 0 0 0 0 0 0 0 0 0 0 0 0 0 0 0 0 0 0 0 0 0 0 0 511 511 511 512 511 511 511 511 511 511 511 511 511 511 511 511 511 511 513 513 512 512 513 513 513 513 514 514 514 511 511 512 512 512 512 513 516 515 515 511 511 511 511 511 510 510 511 511 511 510 510 511 511 511 508 508 509 509 509 508 508 508 508 508 510 510 511 509 509 510 510 511 511 511 511 511 511 511 509 509 509 509 508 508 508 508 508 510 510 510 509 509 509 509 509 508 508 507 507 507 507 507 507 507 507 507 508 505 504 503
0 0 0 0 0 0 0 0 0 0 0 0 0 0 0 0 0 0 0 0 0 0 0 0 525 525 526 528 529 529 530 530 530 530 531 526 526 526 526 527 527 527 524 524 527 523 523 523 523 524 523 523 523 523 522 521 521 521 521 524 525 525 525 525 524 524 525 525 524 524 525 525 525 525 525 525 525 525 525 525 525 519 517 517 517 520 520 521 521 521 521 521 521 521 521 521 521 520 520 521 521 520 520 520 520 520 520 520 519 518 518 518 517 517 519 519 519 518 518 518 517 517 518 518 517 517 517 517 516 516 514 514 516 515 514 514 514 514 514 516 517 513 513 513 514 515 516 517 515 515 514 514 520 520 0 0 0 0 0 0 0 0 0 0 0 0 0 0 0 0 0 0 0 0 0 0 0 0 0 0 0 0 0 0 0 0 0 0 0 0 0 0 0 0 0 0 0 0 0 0 0 0 0 0 0 0 0 0 509 509 509 510 510 509 509 509 509 509 508 508 510 510 511 511 510 508 508 507 506 506 507 507 508 508 507 507 507 507 514 505 504 504 512 512 512 513 505 505 505 507 507 507 507 507 507 507 508 508 505 505 507 511 505 504 504 505 506 506 507 507 507 505 505 505 505 506 507 507 507 508 508 502 502 511 507 506 506 506 506 506 506 506 505 505 506 506 506 506 505 504 504 503 502 502 503 503 503 502 502 501 501 507 507 507 507 507 502 502 503 502
0 0 0 0 0 0 0 0 0 0 0 0 0 0 0 0 0 0 0 0 0 0 0 0 523 523 525 525 525 526 526 530 530 530 531 526 522 522 523 522 522 521 521 522 521 521 521 521 521 521 522 522 522 521 520 519 519 519 519 521 524 521 519 518 518 518 521 520 520 517 517 517 517 517 517 517 517 525 525 518 517 517 517 517 517 518 518 519 518 518 521 516 516 517 518 518 516 516 517 514 514 517 517 519 519 519 518 517 517 517 514 514 514 514 514 517 517 513 513 513 513 515 516 516 516 514 514 514 514 513 513 513 512 512 512 512 513 513 513 511 511 511 511 511 512 512 511 511 511 512 512 512 0 0 0 0 0 0 0 0 0 0 0 0 0 0 0 0 0 0 0 0 0 0 0 0 0 0 0 0 0 0 0 0 0 0 0 0 0 0 0 0 0 0 0 0 0 0 0 0 0 0 0 0 0 0 0 0 509 509 509 507 507 507 507 507 507 507 507 507 508 510 511 505 505 505 505 505 504 504 505 505 506 506 505 504 504 504 504 503 502 502 502 502 503 502 502 502 503 503 504 504 503 503 503 503 503 504 504 504 503 503 503 503 503 503 503 503 503 504 503 503 503 503 504 503 503 503 503 504 503 502 500 500 502 502 502 503 503 503 503 503 502 502 501 501 502 502 502 502 501 501 500 500 500 502 502 502 500 499 499 499 499 499 500 500 500 499 498 498
0 0 0 0 0 0 0 0 0 0 0 0 0 0 0 0 0 0 0 0 0 0 0 0 521 521 521 521 521 521 519 519 519 519 519 518 518 518 518 518 518 520 520 521 519 519 520 520 520 520 519 519 519 518 517 517 517 517 517 518 522 513 513 515 517 517 518 517 517 516 515 514 514 514 515 517 516 515 514 514 515 515 515 515 515 515 513 513 513 513 513 514 514 514 514 514 514 513 513 513 513 514 517 517 519 519 514 514 511 511 511 511 511 511 511 511 510 509 509 509 510 510 510 514 507 507 510 510 511 512 511 510 510 508 508 510 511 511 513 510 509 509 509 510 510 506 506 506 506 507 507 508 508 0 0 0 0 0 0 0 0 0 0 0 0 0 0 0 0 0 0 0 0 0 0 0 0 0 0 0 0 0 0 0 0 0 0 0 0 0 0 0 0 0 0 0 0 0 0 0 0 0 0 0 0 0 0 0 0 0 502 502 502 504 504 503 502 502 502 502 502 502 501 501 502 502 502 502 502 502 502 502 502 502 502 502 501 501 500 500 501 500 500 500 500 500 500 501 501 501 501 502 502 502 501 501 501 502 502 500 500 501 501 502 501 501 501 500 500 500 501 502 502 502 500 500 500 500 500 501 502 500 499 499 499 499 500 500 500 500 500 500 500 500 499 499 499 499 499 499 499 499 499 498 498 502 502 502 500 499 498 498 498 0 0 500 500 499 498 498
0 0 0 0 0 0 0 0 0 0 0 0 0 0 0 0 0 0 0 0 0 0 0 0 518 518 517 517 517 517 517 518 518 518 517 516 516 517 517 517 517 518 518 518 517 517 518 517 517 516 516 516 516 514 514 515 516 516 514 513 511 511 511 512 513 512 512 513 514 514 513 513 513 513 514 514 513 513 512 512 511 511 513 515 515 512 511 511 511 511 511 511 511 512 511 511 511 511 511 511 511 514 517 507 507 507 507 507 507 508 508 508 509 510 507 507 507 507 507 507 505 505 504 504 504 505 507 507 509 510 510 505 505 504 504 504 505 504 504 505 507 506 506 502 502 504 504 504 504 506 506 506 508 0 0 0 0 0 0 0 0 0 0 0 0 0 0 0 0 0 0 0 0 0 0 0 0 0 0 0 0 0 0 0 0 0 0 0 0 0 0 0 0 0 0 0 0 0 0 0 0 0 0 0 0 0 0 0 0 500 500 500 501 502 502 501 499 499 499 499 499 499 499 499 499 499 499 498 498 498 498 499 499 499 499 499 499 498 498 498 498 498 498 499 498 498 499 499 499 499 499 501 499 499 499 499 499 498 497 497 497 497 499 499 499 499 499 497 497 496 496 496 496 496 497 497 498 499 497 496 496 496 497 497 496 496 498 497 497 497 496 496 496 497 497 497 497 496 494 494 495 495 496 496 496 496 496 499 499 499 496 496 496 0 0 484 484 487 0 0
0 0 0 0 0 0 0 0 0 0 0 0 0 0 0 0 0 0 0 0 0 0 0 0 516 516 515 515 514 514 514 517 516 511 511 511 514 517 515 515 514 513 513 513 513 513 513 512 512 514 513 513 511 511 512 513 513 513 512 511 511 511 511 509 507 507 508 510 511 511 511 511 511 511 510 510 511 511 510 510 510 507 507 507 507 507 507 510 510 510 508 508 508 507 507 509 509 509 509 510 507 507 504 504 507 507 507 507 507 507 507 507 504 504 504 504 504 504 504 504 504 504 504 504 504 504 504 504 504 503 503 503 503 503 503 503 504 503 503 503 504 502 502 502 502 502 502 502 502 502 502 506 0 0 0 0 0 0 0 0 0 0 0 0 0 0 0 0 0 0 0 0 0 0 0 0 0 0 0 0 0 0 0 0 0 0 0 0 0 0 0 0 0 0 0 0 0 0 0 0 0 0 0 0 0 0 0 0 0 500 498 498 496 496 496 495 495 496 496 496 496 496 496 496 495 495 494 494 494 497 497 495 494 494 493 493 494 494 494 496 496 496 495 495 496 496 496 496 497 497 497 498 496 494 494 496 496 496 494 494 494 494 496 496 494 494 494 494 494 495 494 494 495 495 496 496 496 494 493 493 493 494 494 494 494 494 494 496 496 496 494 494 494 494 495 494 492 491 491 491 491 492 494 494 494 494 487 487 488 496 496 496 496 484 484 0 0 484 487 487
0 0 0 0 0 0 0 0 0 0 0 0 0 0 0 0 0 0 0 0 0 0 0 0 516 511 511 511 511 511 510 510 509 509 509 509 509 517 513 513 511 511 511 511 509 508 508 509 510 510 510 510 510 510 512 510 510 508 507 507 509 509 510 504 504 504 506 507 506 506 507 507 507 508 506 506 505 505 502 502 502 502 504 506 506 507 507 505 504 504 504 504 504 502 502 502 503 504 504 501 501 503 503 502 502 504 503 503 504 502 502 501 501 502 502 502 503 502 502 502 502 502 502 502 503 503 503 501 501 501 502 502 502 501 501 501 502 502 499 499 498 498 500 500 500 500 499 499 499 499 498 498 498 0 0 0 0 0 0 0 0 0 0 0 0 0 0 0 0 0 0 0 0 0 0 0 0 0 0 0 0 0 0 0 0 0 0 0 0 0 0 0 0 0 0 0 0 0 0 0 0 0 0 0 0 0 0 0 0 0 494 494 493 493 494 494 494 493 493 494 493 493 493 494 494 494 492 492 492 495 495 491 491 491 491 491 491 491 493 494 493 493 493 492 492 493 493 495 495 495 495 493 493 493 493 494 496 496 491 491 492 493 494 494 491 491 491 491 491 491 492 493 493 493 491 491 491 491 491 491 491 492 492 491 491 491 491 491 493 492 491 491 490 490 491 491 491 490 490 491 491 491 493 493 489 488 487 487 488 488 483 483 483 484 484 480 480 484 484 484
0 0 0 0 0 0 0 0 0 0 0 0 0 0 0 0 0 0 0 0 0 0 0 0 0 509 508 508 508 508 507 507 507 507 507 507 507 507 507 507 507 507 507 507 506 505 505 506 506 506 507 506 506 501 501 502 503 503 504 505 506 507 499 499 502 502 503 504 504 504 503 503 502 502 502 502 502 502 501 501 502 502 503 505 505 505 504 502 502 501 501 501 500 500 501 501 501 502 501 499 499 499 499 501 501 504 503 503 504 500 499 499 499 499 499 501 500 499 499 499 499 498 497 497 497 500 503 499 498 498 500 500 500 501 496 496 502 497 497 496 496 496 500 499 498 496 496 497 497 497 498 498 498 0 0 0 0 0 0 0 0 0 0 0 0 0 0 0 0 0 0 0 0 0 0 0 0 0 0 0 0 0 0 0 0 0 0 0 0 0 0 0 0 0 0 0 0 0 0 0 0 0 0 0 0 0 0 0 0 491 491 491 491 491 491 491 491 491 491 491 490 490 490 490 488 488 489 489 490 490 490 489 489 489 489 489 489 489 489 490 489 489 490 489 489 489 489 490 495 495 495 489 488 488 488 488 488 488 488 490 490 490 490 490 490 490 490 489 489 489 489 490 490 489 488 488 488 489 489 489 489 489 490 489 489 489 488 488 487 487 487 487 487 488 489 489 489 489 489 489 486 486 485 485 485 485 485 485 485 485 484 483 483 483 481 480 480 480 482 482
0 0 0 0 0 0 0 0 0 0 0 0 0 0 0 0 0 0 0 0 0 0 0 0 0 507 507 506 502 502 503 503 505 505 505 504 504 504 505 505 505 506 505 503 503 502 502 503 503 503 502 502 502 501 501 501 501 502 502 502 500 500 499 499 499 501 501 502 502 502 502 502 502 502 502 500 500 500 500 500 500 499 499 499 499 499 499 499 499 499 496 496 498 499 499 498 498 498 497 497 498 496 496 496 496 496 496 495 494 494 496 496 498 496 496 496 500 499 496 496 496 496 496 496 496 494 494 499 498 498 500 500 490 490 492 491 491 493 492 492 494 496 491 491 490 490 494 494 494 494 493 493 492 492 492 494 0 0 0 0 0 0 0 0 0 0 0 0 0 0 0 0 0 0 0 0 0 0 0 0 0 0 0 0 0 0 0 0 0 0 0 0 0 0 0 0 0 0 0 0 0 0 0 0 0 0 0 0 0 488 488 489 489 489 489 489 490 489 489 489 488 487 485 485 487 488 488 489 487 486 486 486 487 487 488 488 487 487 487 486 486 487 487 487 487 487 487 487 487 485 485 485 487 487 487 486 486 486 486 486 485 485 485 485 485 487 487 487 487 487 488 490 485 485 487 487 487 487 488 487 487 486 486 486 487 487 486 486 484 484 484 484 484 484 485 486 486 483 483 483 483 484 484 484 485 485 485 482 482 485 484 481 481 480 480 480 480 480 480 480
0 0 0 0 0 0 0 0 0 0 0 0 0 0 0 0 0 0 0 0 0 0 0 0 0 502 502 501 501 501 500 500 501 501 501 501 501 502 502 504 503 503 500 500 500 500 500 501 500 500 500 497 497 499 499 498 498 499 500 500 499 498 498 498 498 499 499 500 500 499 499 499 500 500 500 496 496 496 498 497 497 496 496 496 495 495 496 496 496 496 496 496 496 496 496 495 495 496 495 495 494 494 494 494 495 495 495 491 491 493 494 494 495 494 493 493 493 493 493 494 494 494 495 494 493 492 491 491 491 490 489 489 489 490 490 491 491 490 490 490 489 489 489 489 489 489 489 490 490 488 488 489 490 490 491 494 0 0 0 0 0 0 0 0 0 0 0 0 0 0 0 0 0 0 0 0 0 0 0 0 0 0 0 0 0 0 0 0 0 0 0 0 0 0 0 0 0 0 0 0 0 0 0 0 0 0 0 0 0 488 488 485 485 485 485 484 484 489 489 489 488 485 484 484 485 486 488 489 482 482 483 484 485 486 485 485 485 485 484 484 484 482 482 482 482 482 482 482 482 482 484 484 483 483 483 483 483 484 483 483 482 482 485 485 484 484 484 484 484 487 488 488 481 481 481 482 483 483 483 484 483 483 484 484 484 484 484 480 480 480 482 482 482 482 482 482 482 481 481 482 482 482 482 484 485 485 481 481 480 480 480 480 480 480 480 479 479 479 479 479
0 0 0 0 0 0 0 0 0 0 0 0 0 0 0 0 0 0 0 0 0 0 0 0 0 502 500 500 500 500 499 499 498 498 499 499 499 496 496 496 496 499 499 499 499 498 498 496 496 496 497 496 496 496 495 495 495 495 495 497 497 497 496 496 496 496 496 497 495 495 495 496 494 491 491 492 494 494 493 493 494 494 494 494 494 494 494 494 494 494 494 494 494 494 494 494 494 494 494 490 489 489 494 494 495 495 489 489 490 491 491 491 490 490 489 489 487 487 493 494 494 494 495 488 488 489 489 489 489 489 488 488 488 487 487 487 487 487 489 488 488 487 487 487 487 487 487 485 485 485 486 487 487 488 491 494 0 0 0 0 0 0 0 0 0 0 0 0 0 0 0 0 0 0 0 0 0 0 0 0 0 0 0 0 0 0 0 0 0 0 0 0 0 0 0 0 0 0 0 0 0 0 0 0 0 0 0 0 0 0 485 485 485 484 482 482 482 482 482 482 482 482 482 482 485 486 486 481 480 480 482 482 485 486 485 482 481 480 480 482 480 480 481 481 481 480 480 482 482 482 482 482 480 480 481 481 481 481 480 480 480 480 480 480 480 480 480 480 481 481 480 480 480 480 480 480 481 480 480 480 480 480 481 481 482 484 480 480 479 479 479 479 479 480 480 480 481 480 480 480 482 477 476 476 476 478 480 480 480 480 480 480 480 480 480 479 478 478 478 479
0 0 0 0 0 0 0 0 0 0 0 0 0 0 0 0 0 0 0 0 0 0 0 0 0 494 494 498 498 497 496 496 496 496 498 498 496 495 495 495 496 499 499 499 496 495 495 494 494 494 494 494 494 493 493 493 494 494 494 494 494 495 495 493 493 492 492 492 492 492 492 493 491 490 490 491 491 491 491 491 491 491 491 491 491 491 490 490 490 491 491 490 490 490 490 490 491 491 491 489 488 488 488 488 484 484 484 485 485 484 484 483 483 486 486 484 483 483 484 484 484 484 484 484 484 482 482 482 482 484 487 487 487 481 481 481 481 481 481 482 481 481 482 482 482 482 482 482 482 481 481 482 479 479 479 0 0 0 0 0 0 0 0 0 0 0 0 0 0 0 0 0 0 0 0 0 0 0 0 0 0 0 0 0 0 0 0 0 0 0 0 0 0 0 0 0 0 0 0 0 0 0 0 0 0 0 0 0 0 0 476 476 476 476 476 476 476 476 476 476 476 477 477 474 474 474 474 476 476 476 476 476 476 476 476 476 476 478 477 477 478 478 478 477 477 479 480 480 480 480 480 480 479 479 479 475 475 481 480 478 478 477 477 477 477 478 478 479 479 478 478 478 478 478 478 478 476 476 477 477 477 478 478 478 477 477 478 476 476 477 477 477 478 478 475 475 474 474 476 474 474 474 475 476 476 476 480 480 471 471 472 472 472 472 472 478 478 478 478 479
0 0 0 0 0 0 0 0 0 0 0 0 0 0 0 0 0 0 0 0 0 0 0 0 0 493 493 494 493 491 491 490 490 489 489 492 492 494 494 494 494 494 489 489 490 494 494 492 492 492 492 492 491 491 492 493 494 494 491 489 489 494 487 487 489 489 489 489 489 489 489 489 488 488 488 488 487 486 486 486 486 484 484 485 484 484 485 486 487 485 484 484 484 484 482 482 482 482 482 482 482 482 482 482 482 482 482 482 482 482 482 482 482 486 486 480 480 481 481 483 483 484 484 484 480 480 481 481 481 481 480 480 480 480 480 480 480 481 481 481 481 481 482 478 477 477 477 477 477 477 477 477 477 477 477 477 0 0 0 0 0 0 0 0 0 0 0 0 0 0 0 0 0 0 0 0 0 0 0 0 0 0 0 0 0 0 0 0 0 0 0 0 0 0 0 0 0 0 0 0 0 0 0 0 0 0 0 472 472 472 472 474 474 474 474 474 474 474 474 474 474 474 474 474 474 472 472 473 472 472 474 474 474 474 474 474 472 472 472 474 474 473 473 472 472 472 472 472 472 472 472 472 472 472 472 472 472 472 472 472 474 474 473 473 474 474 474 476 474 474 475 475 476 476 475 475 475 475 476 474 474 474 474 474 473 473 474 474 474 475 475 475 475 474 474 471 471 472 472 472 472 473 474 474 472 470 470 469 469 470 470 472 472 472 465 467 467 467 467 468
0 0 0 0 0 0 0 0 0 0 0 0 0 0 0 0 0 0 0 0 0 0 0 0 0 491 489 487 487 487 489 489 489 488 488 487 487 489 488 488 486 486 487 488 489 489 488 487 487 487 487 489 491 491 491 482 482 482 482 482 482 483 483 483 482 482 483 484 486 483 483 483 487 487 487 482 481 480 480 482 482 483 483 483 484 480 480 480 480 481 481 484 482 481 481 481 481 481 481 480 480 479 479 480 480 479 479 480 480 480 480 480 479 478 478 478 478 479 479 480 480 474 474 474 480 479 479 479 479 479 480 480 478 478 478 478 476 476 476 481 481 475 475 474 474 475 476 476 476 475 475 474 474 474 474 474 0 0 0 0 0 0 0 0 0 0 0 0 0 0 0 0 0 0 0 0 0 0 0 0 0 0 0 0 0 0 0 0 0 0 0 0 0 0 0 0 0 0 0 0 0 0 0 0 0 0 0 470 470 470 470 469 469 471 474 474 473 472 471 471 471 471 471 472 472 471 470 470 470 470 471 471 472 471 471 471 471 471 471 471 470 470 471 471 472 470 470 470 470 470 470 471 470 470 470 471 471 471 472 472 470 470 470 470 470 470 470 470 470 472 470 469 468 468 468 468 468 468 470 469 469 470 470 470 471 471 473 474 474 474 473 473 470 468 468 468 468 470 471 470 470 470 470 469 469 468 468 469 469 469 469 472 472 472 465 465 465 466 465 465
0 0 0 0 0 0 0 0 0 0 0 0 0 0 0 0 0 0 0 0 0 0 0 0 0 484 484 484 484 485 487 487 487 487 487 487 487 487 485 483 483 484 484 484 482 482 482 483 483 483 483 484 482 482 481 481 480 480 480 480 480 481 481 480 479 479 477 477 478 478 479 479 479 479 478 478 478 478 479 480 481 482 480 480 480 479 478 478 478 478 478 477 477 477 478 479 479 478 477 477 477 477 477 478 478 479 478 478 478 478 478 480 478 478 476 476 476 477 477 477 474 474 473 473 473 479 479 476 476 476 473 473 473 474 474 474 472 472 472 472 472 472 472 472 472 472 473 474 475 473 473 473 473 473 473 473 0 0 0 0 0 0 0 0 0 0 0 0 0 0 0 0 0 0 0 0 0 0 0 0 0 0 0 0 0 0 0 0 0 0 0 0 0 0 0 0 0 0 0 0 0 0 0 0 0 0 468 468 468 468 469 469 468 468 468 468 470 469 468 468 467 467 467 472 472 471 470 467 467 468 468 468 469 468 468 467 467 467 468 469 469 469 469 471 471 467 467 467 468 468 468 468 468 470 467 467 467 467 467 468 468 468 468 468 469 468 468 468 469 469 468 467 466 465 465 465 466 466 466 465 465 467 468 469 468 468 464 464 464 465 465 467 467 467 467 467 467 466 466 467 467 467 467 467 467 467 467 467 469 467 467 465 465 465 462 462 462 465 465 465
0 0 0 0 0 0 0 0 0 0 0 0 0 0 0 0 0 0 0 0 0 0 0 0 0 482 482 482 483 483 484 484 478 478 482 483 483 483 480 480 481 482 482 480 480 476 476 483 483 480 480 480 480 476 476 478 478 478 479 479 479 479 477 477 477 477 476 476 477 478 478 478 478 478 478 478 478 478 478 480 480 480 480 480 480 479 476 476 476 476 476 475 475 476 476 476 476 475 473 473 476 476 476 476 474 474 474 475 476 476 476 472 472 472 472 474 473 473 474 473 472 472 471 470 470 470 470 470 471 471 471 471 471 471 471 470 470 470 470 470 470 470 470 469 469 470 471 471 471 470 470 472 471 471 472 473 0 0 0 0 0 0 0 0 0 0 0 0 0 0 0 0 0 0 0 0 0 0 0 0 0 0 0 0 0 0 0 0 0 0 0 0 0 0 0 0 0 0 0 0 0 0 0 0 0 0 467 467 467 467 467 468 467 467 467 467 470 469 467 467 467 466 466 466 466 465 465 466 466 465 463 463 464 465 465 465 464 464 465 465 469 469 469 469 467 467 465 465 465 466 464 464 466 466 465 465 465 465 464 463 463 468 468 468 464 462 462 462 469 469 468 464 464 464 464 465 462 462 463 463 463 464 465 463 462 462 462 462 463 463 463 463 463 463 462 462 463 462 461 460 460 461 462 462 463 458 458 460 460 461 460 460 459 458 458 460 461 463 462 462
0 0 0 0 0 0 0 0 0 0 0 0 0 0 0 0 0 0 0 0 0 0 0 0 0 478 478 479 479 479 477 477 476 476 478 478 478 480 480 480 480 480 479 479 479 475 475 476 476 476 476 476 476 475 475 475 476 476 477 476 475 475 475 475 475 475 475 475 474 474 476 477 476 476 476 476 476 476 476 474 474 474 474 474 474 472 472 472 472 471 471 471 474 475 474 471 471 471 471 472 474 474 474 474 474 472 472 473 476 476 469 469 470 471 471 472 471 470 469 469 469 472 468 468 468 468 468 468 468 469 470 469 469 469 469 469 469 469 469 469 469 468 468 466 466 468 468 468 468 468 468 472 471 471 472 0 0 0 0 0 0 0 0 0 0 0 0 0 0 0 0 0 0 0 0 0 0 0 0 0 0 0 0 0 0 0 0 0 0 0 0 0 0 0 0 0 0 0 0 0 0 0 0 0 0 0 466 465 465 465 467 465 465 465 465 467 467 467 467 467 467 466 466 466 466 465 463 463 463 462 462 462 463 462 462 462 462 463 463 465 465 465 458 461 461 463 463 463 463 462 462 462 462 462 465 465 461 461 462 461 461 461 461 458 458 461 461 461 460 460 460 463 463 462 462 461 461 461 460 460 461 464 459 459 460 461 460 460 460 460 460 460 460 460 460 460 460 460 460 459 459 459 460 457 457 457 457 459 459 459 458 458 458 458 458 460 461 463 462 461
0 0 0 0 0 0 0 0 0 0 0 0 0 0 0 0 0 0 0 0 0 0 0 0 0 476 475 475 474 474 475 476 476 476 476 476 477 480 480 480 478 478 476 475 473 473 474 474 473 472 472 472 473 473 473 473 473 473 473 473 473 472 472 472 474 474 473 473 472 470 470 470 470 472 472 472 472 471 470 470 470 470 471 471 470 470 470 469 469 468 468 469 470 475 474 470 470 469 469 468 468 474 474 474 474 470 470 470 470 467 467 467 468 468 468 468 468 468 467 467 469 468 468 468 468 467 467 467 467 468 467 467 467 467 467 467 467 467 467 467 465 465 466 464 464 466 466 466 465 465 465 465 465 461 461 0 0 0 0 0 0 0 0 0 0 0 0 0 0 0 0 0 0 0 0 0 0 0 0 0 0 0 0 0 0 0 0 0 0 0 0 0 0 0 0 0 0 0 0 0 0 0 0 0 0 0 466 465 465 465 465 465 465 465 465 465 458 458 457 457 457 457 457 457 457 463 463 463 461 461 460 460 460 460 460 460 460 459 459 459 459 0 0 458 461 461 461 460 460 461 460 458 458 458 458 458 458 458 457 457 457 457 457 458 458 460 460 460 458 458 458 458 460 460 460 459 459 459 459 459 458 458 458 458 458 458 459 459 459 458 458 458 458 459 458 458 457 457 457 457 456 455 455 455 455 455 455 455 457 456 454 454 458 458 458 458 451 452 461 461
0 0 0 0 0 0 0 0 0 0 0 0 0 0 0 0 0 0 0 0 0 0 0 0 0 476 472 472 471 471 473 474 474 474 472 471 470 470 470 470 470 470 470 470 470 472 472 472 470 470 470 470 470 470 471 472 472 472 471 470 470 470 470 470 470 470 469 468 468 468 469 469 469 469 469 469 470 469 469 469 468 468 469 468 468 470 468 468 467 467 467 467 467 467 467 467 468 468 468 468 467 463 463 463 463 470 470 470 470 464 464 465 463 463 464 464 464 465 465 465 465 468 468 468 465 465 465 464 464 464 463 463 464 464 465 465 465 460 460 461 461 461 461 461 462 462 463 463 463 463 464 465 465 461 461 461 461 0 0 0 0 0 0 0 0 0 0 0 0 0 0 0 0 0 0 0 0 0 0 0 0 0 0 0 0 0 0 0 0 0 0 0 0 0 0 0 0 0 0 0 0 0 0 0 0 0 0 454 454 457 457 457 457 458 458 454 458 458 457 457 457 0 0 457 457 457 457 461 461 457 457 458 458 458 457 457 458 457 457 458 458 454 454 458 458 458 457 457 458 461 457 457 457 458 458 457 457 457 457 456 455 455 455 455 456 457 458 458 457 457 457 457 455 455 457 457 457 458 458 458 457 456 455 455 456 456 456 455 455 454 454 455 458 459 454 454 454 454 455 455 455 454 454 454 454 454 454 454 454 452 452 451 451 450 450 451 451 452 0 0
0 0 0 0 0 0 0 0 0 0 0 0 0 0 0 0 0 0 0 0 0 0 0 0 0 0 470 469 469 470 470 471 472 474 469 468 468 469 469 469 468 468 468 469 470 470 469 468 467 467 468 468 468 468 469 469 468 468 468 468 468 468 468 468 470 467 467 468 468 468 468 468 468 468 467 467 467 467 467 467 467 466 464 464 465 470 466 465 465 465 465 463 463 463 463 464 465 466 466 463 463 463 463 463 463 463 463 461 463 463 463 463 462 462 462 462 462 462 462 463 463 459 463 463 463 463 463 463 463 464 463 463 463 463 465 465 458 458 458 458 458 458 459 459 460 461 461 459 459 463 464 464 456 456 460 460 460 460 460 0 0 0 0 0 0 0 0 0 0 0 0 0 0 0 0 0 0 0 0 0 0 0 0 0 0 0 0 0 0 0 0 0 0 0 0 0 0 0 0 0 0 0 0 0 0 0 0 0 454 454 454 455 455 455 454 454 454 456 456 457 457 452 452 455 455 455 455 454 454 454 455 455 455 455 455 456 455 454 454 454 454 454 454 458 458 455 455 456 456 456 454 454 454 456 456 456 455 454 454 454 454 454 453 453 454 457 458 458 454 454 454 454 452 452 454 455 456 457 457 458 453 453 452 452 452 452 452 452 454 453 453 454 454 454 454 452 452 452 452 452 452 453 454 454 454 454 447 447 448 452 450 449 449 449 450 451 451 452 0 0
0 0 0 0 0 0 0 0 0 0 0 0 0 0 0 0 0 0 0 0 0 0 0 0 0 0 468 468 468 468 469 465 465 467 467 467 468 468 468 467 467 467 467 467 468 468 468 467 465 465 465 465 465 465 464 464 465 464 464 465 465 465 465 465 464 463 463 464 466 466 466 465 465 464 463 463 463 463 464 465 467 463 462 462 463 463 463 463 463 463 463 462 461 461 461 461 459 459 461 461 461 462 462 463 463 463 455 461 461 461 461 461 462 460 460 461 461 461 461 459 459 459 457 463 463 463 463 463 463 458 458 459 463 463 463 457 457 458 458 458 458 458 457 457 460 460 460 458 457 457 456 455 455 455 456 456 456 460 460 0 0 0 0 0 0 0 0 0 0 0 0 0 0 0 0 0 0 0 0 0 0 0 0 0 0 0 0 0 0 0 0 0 0 0 0 0 0 0 0 0 0 0 0 0 0 0 0 449 449 449 452 452 452 452 452 452 452 452 452 452 452 452 452 452 454 454 453 453 452 452 454 453 453 452 452 452 452 452 452 453 454 454 454 454 455 455 455 456 456 452 452 452 453 453 454 454 453 452 452 452 452 451 451 451 450 450 450 450 450 450 450 451 451 451 451 450 449 449 449 449 449 449 450 450 449 449 449 449 450 451 451 452 452 449 449 449 450 449 449 449 448 448 448 448 447 447 445 445 445 445 445 445 447 447 447 446 446 446 0 0
0 0 0 0 0 0 0 0 0 0 0 0 0 0 0 0 0 0 0 0 0 0 0 0 0 0 467 467 467 465 463 463 463 463 463 465 465 465 465 465 464 464 465 465 465 465 463 463 463 463 463 463 463 462 462 462 462 462 462 462 461 461 462 463 462 462 462 462 462 463 462 462 462 462 462 462 462 462 462 460 460 461 461 461 461 460 460 460 460 461 460 458 458 458 459 458 458 458 458 458 458 460 459 459 459 455 455 456 456 457 459 459 459 458 458 459 460 459 459 457 457 457 457 456 456 456 456 456 455 455 458 459 459 459 457 457 456 456 457 457 457 455 455 456 457 458 458 455 455 454 454 454 453 451 451 452 455 460 0 0 0 0 0 0 0 0 0 0 0 0 0 0 0 0 0 0 0 0 0 0 0 0 0 0 0 0 0 0 0 0 0 0 0 0 0 0 0 0 0 0 0 0 0 0 0 0 449 449 449 449 451 451 451 451 450 450 451 451 451 451 449 449 449 449 454 454 451 451 451 452 454 453 453 450 450 449 449 449 450 452 454 454 454 454 454 446 446 448 448 448 449 451 451 451 454 448 448 449 449 449 449 449 449 449 449 449 449 448 448 448 448 449 449 449 448 448 449 449 449 448 448 448 448 448 448 448 448 448 449 448 448 452 446 446 446 447 448 448 447 447 446 446 445 445 445 445 445 445 445 444 444 445 445 445 446 446 445 445 445 445
0 0 0 0 0 0 0 0 0 0 0 0 0 0 0 0 0 0 0 0 0 0 0 0 0 0 467 462 462 462 463 463 462 462 462 461 461 462 463 462 462 462 460 460 461 462 462 462 461 461 462 462 462 461 461 460 459 459 460 460 460 460 460 459 459 459 460 460 460 459 459 460 460 460 460 460 462 462 458 458 458 459 459 459 458 458 458 458 458 456 456 456 456 455 455 455 456 457 458 457 456 456 455 455 454 454 454 454 454 455 455 455 455 455 458 458 460 455 455 455 455 455 455 454 454 454 454 454 454 455 455 455 450 450 450 456 456 456 457 457 457 455 455 456 457 458 458 455 454 454 452 452 452 451 451 452 452 0 0 0 0 0 0 0 0 0 0 0 0 0 0 0 0 0 0 0 0 0 0 0 0 0 0 0 0 0 0 0 0 0 0 0 0 0 0 0 0 0 0 0 0 0 0 445 445 446 447 448 448 448 449 449 449 449 449 448 448 447 447 447 447 447 449 448 448 448 448 448 447 447 454 454 446 446 447 447 448 448 448 448 448 443 443 443 443 446 446 446 446 446 447 448 446 446 445 445 445 446 447 447 447 448 447 447 448 448 445 445 445 446 446 448 447 447 446 446 447 447 445 445 446 446 447 447 447 447 446 446 446 446 444 444 444 444 445 445 445 445 445 445 444 443 443 444 444 444 444 444 443 443 443 444 445 445 446 446 445 444 444 445
0 0 0 0 0 0 0 0 0 0 0 0 0 0 0 0 0 0 0 0 0 0 0 0 0 0 456 456 457 460 462 462 461 460 458 458 458 459 460 462 459 459 458 458 459 457 457 458 458 458 458 458 458 458 460 458 458 458 458 458 459 459 458 458 458 458 457 457 456 456 456 458 458 458 460 460 460 457 457 457 457 457 457 459 458 458 457 457 454 454 454 454 455 454 454 454 454 455 455 454 454 454 454 454 454 454 454 454 454 454 454 454 454 454 458 458 458 455 455 455 451 450 450 451 452 452 452 452 452 453 453 453 450 450 450 450 449 449 449 447 447 447 448 448 448 446 446 450 450 450 451 451 451 451 451 451 451 451 0 0 0 0 0 0 0 0 0 0 0 0 0 0 0 0 0 0 0 0 0 0 0 0 0 0 0 0 0 0 0 0 0 0 0 0 0 0 0 0 0 0 0 0 0 443 443 445 445 446 446 447 446 446 447 448 448 446 445 445 445 446 446 446 449 446 446 445 445 448 445 445 445 446 446 446 445 445 445 446 446 447 447 443 443 443 443 443 443 444 444 445 445 444 444 445 444 444 445 445 445 446 446 446 445 445 445 445 444 444 444 444 444 442 442 444 444 444 443 443 443 443 443 444 444 444 444 443 443 444 444 444 442 442 443 443 444 444 444 444 444 442 441 441 441 442 442 442 442 441 441 440 440 444 445 445 437 445 445 444 438 438
0 0 0 0 0 0 0 0 0 0 0 0 0 0 0 0 0 0 0 0 0 0 0 0 0 0 455 455 455 456 462 462 461 455 455 456 457 457 457 457 457 457 457 457 457 457 457 456 456 456 456 456 456 455 455 454 454 454 456 457 457 455 455 458 458 457 455 455 455 455 455 456 457 454 454 452 452 452 452 452 453 453 453 451 451 451 457 451 451 452 452 453 452 452 452 452 452 452 455 452 452 452 452 452 454 452 451 451 452 452 452 452 452 451 451 452 452 452 449 449 448 448 448 448 449 449 449 451 451 452 453 453 449 449 449 449 449 449 445 447 447 447 448 448 448 446 446 446 446 447 447 448 447 447 447 448 448 451 0 0 0 0 0 0 0 0 0 0 0 0 0 0 0 0 0 0 0 0 0 0 0 0 0 0 0 0 0 0 0 0 0 0 0 0 0 0 0 0 0 0 0 0 0 442 442 442 443 444 444 447 442 442 447 448 448 446 445 445 445 442 442 446 446 446 446 442 442 442 442 442 442 442 442 446 445 445 445 446 446 441 441 441 441 441 442 442 442 442 442 442 442 442 442 442 442 442 442 442 442 443 444 446 445 442 442 442 442 442 442 442 441 441 441 442 442 442 442 442 442 441 441 440 440 440 440 440 441 441 441 442 442 442 442 442 439 438 438 437 437 438 440 440 440 440 440 438 435 435 436 436 437 437 437 437 437 437 437 437 437 436
0 0 0 0 0 0 0 0 0 0 0 0 0 0 0 0 0 0 0 0 0 0 0 0 0 0 455 455 455 453 451 451 451 451 453 454 455 455 455 455 454 454 454 454 454 454 453 453 453 453 454 454 454 452 452 452 452 452 453 453 457 455 455 451 451 452 454 454 454 454 454 456 452 452 453 452 452 451 451 451 451 451 449 449 449 449 449 449 449 449 449 450 449 449 451 449 448 448 448 448 449 452 452 452 452 448 448 449 452 452 452 452 451 451 451 452 452 0 446 446 446 445 445 446 446 447 446 446 445 444 444 445 445 446 446 446 448 448 445 445 445 446 446 446 446 445 445 445 444 444 445 448 447 445 445 446 446 446 0 0 0 0 0 0 0 0 0 0 0 0 0 0 0 0 0 0 0 0 0 0 0 0 0 0 0 0 0 0 0 0 0 0 0 0 0 0 0 0 0 0 0 0 0 442 441 441 441 441 441 441 441 441 441 441 441 441 438 441 441 441 441 440 440 441 438 438 440 439 439 440 440 440 440 440 440 440 440 440 441 441 439 439 440 441 440 440 441 440 440 440 440 440 441 440 438 438 442 440 440 443 444 444 438 438 438 438 438 438 441 440 440 440 440 440 440 440 442 442 440 439 439 439 439 439 440 440 440 440 441 442 438 438 438 437 437 437 437 436 436 437 436 436 437 437 436 435 435 435 435 435 436 435 434 434 434 434 0 436 436 436
0 0 0 0 0 0 0 0 0 0 0 0 0 0 0 0 0 0 0 0 0 0 0 0 0 0 455 455 455 453 450 450 450 450 451 452 452 455 455 453 453 452 452 452 452 451 451 452 452 452 452 452 452 450 450 450 450 449 449 450 450 450 450 450 451 451 454 453 453 454 454 457 452 452 450 450 450 449 449 449 449 449 449 449 448 448 448 448 448 448 448 448 448 448 448 447 447 446 446 445 445 445 444 444 446 445 444 444 444 445 445 444 444 445 451 451 442 441 446 446 444 444 444 445 445 445 445 445 444 444 444 444 444 444 444 445 444 444 444 444 444 444 444 444 444 442 442 443 443 444 444 444 444 444 444 443 443 444 0 0 0 0 0 0 0 0 0 0 0 0 0 0 0 0 0 0 0 0 0 0 0 0 0 0 0 0 0 0 0 0 0 0 0 0 0 0 0 0 0 0 0 0 0 0 440 440 440 440 440 438 438 438 438 438 438 438 438 436 439 439 439 437 437 439 438 438 438 438 438 439 439 439 438 438 438 440 440 435 435 438 438 438 438 438 440 440 441 440 436 436 440 439 439 440 438 438 438 438 437 436 436 437 438 437 437 437 437 436 436 436 438 438 438 438 438 438 438 440 440 437 437 437 439 439 437 437 434 434 435 435 438 438 436 435 435 436 435 434 434 434 434 434 434 435 435 435 434 434 433 433 432 432 432 433 433 0 431 436 436 432
0 0 0 0 0 0 0 0 0 0 0 0 0 0 0 0 0 0 0 0 0 0 0 0 0 0 0 0 445 450 450 450 450 450 451 452 452 452 447 447 448 448 449 449 449 449 449 449 449 450 448 448 448 448 448 448 449 448 448 445 445 446 449 449 451 451 451 446 446 446 446 446 446 446 446 446 446 447 447 447 446 446 446 446 447 446 446 445 445 446 444 444 448 448 448 445 445 446 446 445 444 444 443 443 444 444 444 444 444 444 444 443 441 441 442 442 442 441 441 441 441 441 441 441 444 444 444 444 443 443 443 443 443 442 442 440 440 441 440 440 442 443 444 444 441 441 442 442 442 442 442 442 440 440 442 443 443 444 0 0 0 0 0 0 433 433 0 0 0 0 0 0 0 0 0 0 0 0 0 0 0 0 0 0 0 0 0 0 0 0 0 0 0 0 0 0 0 0 0 0 0 0 0 0 437 437 438 438 438 437 437 437 437 437 437 438 438 436 436 436 436 437 437 439 437 436 436 437 437 437 438 439 437 437 433 433 433 435 435 435 438 438 438 438 435 435 435 435 435 435 435 436 436 437 437 436 435 435 436 436 436 437 438 436 435 435 435 433 433 433 433 433 433 434 435 435 435 431 435 435 435 435 435 435 434 434 432 432 433 433 433 432 432 432 432 432 432 432 432 432 431 431 431 432 433 433 433 433 433 432 432 431 431 431 433 0 0 431 431 431
0 0 0 0 0 0 0 0 0 0 0 0 0 0 0 0 0 0 0 0 0 0 0 0 0 0 0 0 0 445 445 445 445 445 445 445 445 445 445 445 445 445 446 446 447 446 446 446 447 447 446 445 445 445 445 445 446 444 444 444 444 445 445 445 445 442 442 443 443 444 445 445 444 444 444 444 444 445 445 445 446 446 446 446 447 444 444 444 444 442 442 442 442 441 441 441 445 441 441 441 441 440 440 440 440 441 441 441 444 444 444 443 441 441 440 439 439 439 440 440 440 440 440 440 440 440 440 444 442 442 441 440 438 438 439 437 437 437 437 437 437 435 435 444 439 439 434 434 433 433 435 435 436 435 435 435 434 434 434 434 434 434 433 432 432 432 0 0 0 0 0 0 0 0 0 0 0 0 0 0 0 0 0 0 0 0 0 0 0 0 0 0 0 0 0 0 0 0 0 0 0 0 0 435 435 436 438 438 438 437 434 433 433 433 433 433 433 433 435 434 433 433 433 431 431 432 433 433 433 433 433 433 433 433 432 431 431 431 433 433 433 429 429 429 433 433 433 433 433 434 433 433 433 433 433 433 433 433 433 432 432 432 432 432 431 431 432 432 432 432 432 432 432 432 433 431 431 431 431 431 432 432 432 430 430 430 430 431 431 431 431 431 431 430 429 429 432 431 431 430 430 429 429 429 433 433 430 429 429 430 432 431 431 431 0 0 0 431 429 429
0 0 0 0 0 0 0 0 0 0 0 0 0 0 0 0 0 0 0 0 0 0 0 0 0 0 0 0 441 441 442 443 444 444 444 443 443 444 444 444 444 444 445 445 445 443 443 444 442 442 444 444 444 444 444 444 444 443 441 441 441 445 445 445 441 441 441 441 442 443 443 442 442 442 442 443 444 440 440 440 440 441 441 440 440 440 443 441 441 440 440 440 439 439 438 438 438 439 440 440 440 439 439 438 438 438 436 436 437 437 437 437 440 440 437 436 436 435 435 435 435 435 438 439 438 438 440 435 435 435 435 435 435 435 435 437 437 436 435 435 433 433 435 435 439 439 434 431 431 432 433 433 434 434 434 433 433 433 434 433 433 432 432 432 432 432 0 0 0 0 0 0 0 0 0 0 0 0 0 0 0 0 0 0 0 0 0 0 0 0 0 0 0 0 0 0 0 0 0 0 0 431 431 431 431 431 431 429 429 429 429 430 429 429 429 429 429 429 429 434 432 429 429 430 430 430 431 431 431 429 427 427 432 431 430 430 431 431 431 433 433 429 429 429 433 433 433 431 431 431 431 431 431 431 431 433 432 430 430 431 430 430 431 430 430 430 430 430 430 430 430 430 430 431 431 431 430 430 429 429 430 429 429 429 429 429 429 429 428 428 428 427 427 427 428 428 430 429 429 429 428 427 427 427 427 427 430 429 429 430 0 0 0 0 0 0 0 0 429 429
0 0 0 0 0 0 0 0 0 0 0 0 0 0 0 0 0 0 0 0 0 0 0 0 0 0 0 439 439 440 441 441 444 441 441 441 441 441 441 442 443 443 444 441 441 441 441 442 441 441 441 441 442 442 443 444 444 443 439 439 439 439 439 440 440 440 440 440 441 440 439 439 439 439 440 441 440 440 440 440 439 439 440 435 434 434 433 433 436 436 438 440 434 434 436 436 436 436 439 439 439 438 438 435 435 435 435 435 434 434 435 435 440 433 433 433 436 432 432 433 433 435 438 439 438 438 438 435 435 435 435 435 435 435 435 435 437 436 433 433 433 433 429 429 429 429 429 429 431 431 432 432 432 432 432 432 432 433 433 433 433 432 432 432 0 0 0 0 0 0 0 0 0 0 0 0 0 0 0 0 0 0 0 0 0 0 0 0 0 0 0 0 0 0 0 0 0 0 0 0 0 431 431 431 428 428 427 427 427 428 428 429 427 427 428 428 427 427 425 425 425 425 427 430 430 430 431 425 425 425 425 425 425 426 427 427 427 426 426 426 426 426 426 426 426 426 426 426 426 426 426 426 427 427 430 430 432 429 429 429 430 430 430 429 429 429 428 428 429 429 429 429 429 429 429 429 428 428 427 426 426 425 425 426 427 427 427 427 427 427 426 426 426 426 426 428 430 429 426 426 426 426 425 425 425 421 421 421 421 421 0 0 0 0 0 0 0 0 0 0
0 0 0 0 0 0 0 0 0 0 0 0 0 0 0 0 0 0 0 0 0 0 0 0 0 0 0 437 437 437 438 438 438 438 437 437 438 438 440 440 443 443 438 438 440 440 440 440 440 440 437 437 436 436 437 436 436 436 436 436 437 437 437 437 437 437 437 436 436 436 436 436 437 437 433 433 433 433 433 438 433 433 433 433 433 433 433 433 435 436 438 438 433 433 433 433 433 433 439 439 439 431 431 431 432 435 434 434 433 433 433 433 432 432 432 430 430 430 431 431 431 432 430 430 430 429 429 429 429 429 429 435 435 435 435 426 433 433 433 433 433 429 429 429 429 429 429 429 430 429 428 428 428 432 432 432 432 432 428 428 428 428 0 0 0 0 0 0 0 0 0 0 0 0 0 0 0 0 0 0 0 0 0 0 0 0 0 0 0 0 0 0 0 0 0 0 0 0 0 0 0 0 424 424 424 424 424 425 425 425 425 426 426 426 426 425 424 424 424 424 425 423 423 423 423 424 424 424 424 424 424 425 425 426 427 427 427 424 424 424 424 425 423 423 425 424 424 425 425 425 425 425 423 423 423 423 423 427 427 429 430 428 424 424 424 424 424 424 424 424 427 427 423 423 429 426 425 425 424 424 424 424 424 425 425 425 425 425 424 423 423 423 423 424 424 428 428 423 423 422 422 423 422 421 420 420 420 420 419 419 421 0 0 0 0 0 0 0 0 0
0 0 0 0 0 0 0 0 0 0 0 0 0 0 0 0 0 0 0 0 0 0 0 0 0 0 0 436 436 436 437 437 437 436 435 435 436 437 437 437 436 436 436 436 437 438 438 438 438 437 437 435 435 435 435 434 434 433 432 432 433 436 436 436 436 431 431 434 434 434 435 435 436 436 433 432 432 431 431 431 431 432 432 432 431 431 431 432 435 436 436 431 431 430 430 431 430 430 430 426 430 430 430 430 432 435 432 432 432 432 433 433 432 432 429 429 429 429 429 430 428 428 429 429 429 427 427 427 427 428 428 428 426 426 426 0 0 0 0 428 428 429 429 429 429 428 428 428 430 429 428 426 426 0 0 0 0 426 426 426 426 426 0 0 0 0 0 0 0 0 0 0 0 0 0 0 0 0 0 0 0 0 0 0 0 0 0 0 0 0 0 0 0 0 0 0 0 0 0 0 0 423 423 423 423 423 424 424 424 423 423 423 423 423 423 423 421 421 423 424 424 423 423 423 0 422 422 421 421 422 422 422 0 421 418 0 0 423 423 422 422 425 422 422 423 423 423 424 424 423 423 423 422 422 422 422 422 422 427 427 428 428 423 422 422 421 421 422 422 422 422 422 422 422 422 421 421 422 422 422 421 421 421 421 421 422 423 422 422 421 421 421 421 421 419 419 419 422 422 422 421 421 419 419 419 419 419 419 419 419 421 0 0 0 0 0 0 0 0 0
0 0 0 0 0 0 0 0 0 0 0 0 0 0 0 0 0 0 0 0 0 0 0 0 0 0 0 434 434 434 435 436 436 435 435 435 435 435 435 435 434 432 432 432 432 432 431 431 432 430 430 435 433 433 434 434 433 432 431 431 431 436 436 436 430 430 430 430 432 433 431 430 430 430 431 431 431 430 430 430 430 429 429 429 429 429 430 432 432 426 424 431 431 428 428 429 430 427 426 426 426 427 427 428 427 427 432 432 432 432 432 424 424 425 426 426 427 427 427 426 426 426 428 428 428 427 426 426 426 425 425 424 424 425 425 0 0 0 0 428 428 429 427 427 429 428 428 428 0 0 0 426 426 0 0 0 0 426 426 425 424 424 424 0 0 0 0 0 0 0 0 0 0 0 0 0 0 0 0 0 0 0 0 0 0 0 0 0 0 0 0 0 0 0 0 0 0 0 0 0 420 420 421 421 421 421 423 423 421 421 421 421 421 421 421 421 420 420 423 424 424 424 424 424 418 418 418 418 420 421 421 421 421 0 0 418 422 422 422 422 422 422 422 421 421 422 421 421 421 421 421 421 420 420 422 422 422 422 422 418 418 422 422 420 419 419 419 419 419 419 419 419 419 419 419 421 421 422 422 422 420 419 419 419 419 419 417 417 417 416 416 417 417 417 416 416 416 417 422 419 418 418 418 418 418 419 419 419 419 419 418 418 0 0 0 0 0 0 0 0
0 0 0 0 0 0 0 0 0 0 0 0 0 0 0 0 0 0 0 0 0 0 0 0 0 0 0 427 427 427 427 427 428 430 430 427 427 433 433 435 434 432 432 428 428 428 431 431 428 428 426 426 426 433 434 434 430 430 430 429 429 429 427 428 428 428 429 429 429 427 427 428 428 429 430 430 429 429 429 429 429 428 428 427 427 428 426 426 426 426 424 424 425 426 426 429 426 425 425 426 426 426 426 428 427 427 427 422 422 423 423 423 424 425 425 425 425 424 424 426 424 424 428 428 428 427 426 425 425 424 424 423 423 423 423 0 0 0 416 0 0 427 427 427 427 0 0 0 0 0 0 0 0 0 0 0 0 0 425 425 424 422 422 0 0 0 0 0 0 0 0 0 0 0 0 0 0 0 0 0 0 0 0 0 0 0 0 0 0 0 0 0 0 0 0 0 0 0 0 0 419 419 419 418 418 421 423 419 419 419 419 420 420 420 420 420 418 418 419 418 418 418 418 418 418 418 417 417 419 420 420 420 420 0 0 418 418 418 419 422 422 422 420 420 420 422 418 418 421 421 417 417 418 420 420 416 416 416 417 418 418 418 415 415 416 419 416 416 416 416 416 416 416 417 416 416 416 414 414 414 415 415 415 416 416 415 415 416 415 415 415 415 416 415 415 416 416 415 413 413 413 414 414 414 414 419 419 419 419 419 418 418 0 0 0 0 0 0 0 0
0 0 0 0 0 0 0 0 0 0 0 0 0 0 0 0 0 0 0 0 0 0 0 0 0 0 0 425 425 426 426 426 426 425 425 426 426 426 426 426 426 426 427 427 427 427 426 426 426 426 426 426 426 426 426 427 427 427 427 427 426 426 427 427 428 426 426 426 426 426 426 426 426 427 425 425 426 426 426 427 426 425 424 424 425 426 426 425 425 423 423 424 424 425 426 426 426 424 424 426 425 424 424 424 424 424 421 422 422 422 422 422 423 425 425 425 425 424 424 422 422 421 419 419 419 419 425 425 425 424 424 420 420 422 423 0 0 0 0 0 0 0 0 0 0 0 0 0 0 0 0 0 0 0 0 0 0 420 420 420 420 422 422 0 0 0 0 0 0 0 0 0 0 0 0 0 0 0 0 0 0 0 0 0 0 0 0 0 0 0 0 0 0 0 0 0 0 0 0 0 419 417 416 416 416 416 416 416 416 416 417 417 419 416 415 415 416 416 416 416 417 417 414 414 415 415 415 415 416 420 420 420 420 0 0 418 418 418 419 419 413 414 420 420 420 420 414 414 414 415 415 416 416 415 415 415 415 415 417 418 418 418 415 415 415 415 414 414 414 414 414 414 415 415 415 414 414 414 414 414 411 411 413 413 414 412 412 413 414 415 414 414 414 414 414 413 413 415 413 413 413 413 412 412 413 413 409 410 410 410 410 409 409 409 409 409 409 411 0 0
0 0 0 0 0 0 0 0 0 0 0 0 0 0 0 0 0 0 0 0 0 0 0 0 0 0 0 422 422 426 426 425 423 423 424 424 424 424 424 424 425 426 426 426 426 426 426 425 425 426 425 425 425 426 423 423 423 424 424 425 424 424 423 423 424 424 425 425 425 425 425 425 425 427 424 424 424 424 425 426 426 424 424 424 424 426 422 422 422 422 422 422 422 425 426 426 421 421 422 420 420 422 423 424 424 418 421 421 420 419 419 421 423 423 417 421 421 421 420 420 420 419 419 419 419 419 418 418 420 420 420 419 419 419 419 0 0 0 0 0 0 0 416 416 416 0 0 0 0 0 0 0 0 0 0 0 0 0 418 418 418 418 0 0 0 0 0 0 0 0 0 0 0 0 0 0 0 0 0 0 0 0 0 0 0 0 0 0 0 0 0 0 0 0 0 0 0 0 0 0 0 417 416 415 415 416 416 414 414 414 414 414 414 414 414 414 414 414 414 414 415 414 414 414 414 414 413 413 413 413 413 410 0 0 0 0 412 413 413 413 413 414 414 412 412 412 413 413 413 415 415 414 414 414 414 414 414 414 414 411 408 415 415 415 412 412 412 412 412 412 412 412 413 414 414 414 414 414 411 410 410 410 410 411 411 411 411 412 414 414 414 414 414 414 414 413 413 413 405 407 409 409 409 409 409 409 409 409 410 410 410 409 407 406 406 406 406 406 406 0
0 0 0 0 0 0 0 0 0 0 0 0 0 0 0 0 0 0 0 0 0 0 0 0 0 0 0 422 421 420 420 420 420 421 422 423 422 422 423 423 424 426 426 426 426 426 425 425 423 423 423 423 423 423 422 422 422 422 422 422 422 422 422 422 423 423 425 420 420 423 423 422 421 421 421 422 422 423 425 426 426 419 419 420 424 424 420 420 421 421 422 422 422 422 420 420 420 420 419 419 420 420 420 420 418 418 418 419 418 418 416 416 416 416 417 417 417 421 419 419 419 418 418 419 418 417 417 417 418 418 418 417 415 415 0 0 414 414 0 0 416 416 416 416 416 416 416 0 0 0 0 0 0 0 0 0 0 0 418 414 414 415 0 0 0 0 0 0 0 0 0 0 0 0 0 0 0 0 0 0 0 0 0 0 0 0 0 0 0 0 0 0 0 0 0 0 0 0 0 0 0 0 416 414 414 416 412 412 412 412 412 414 414 411 411 411 412 412 412 412 412 412 413 413 413 413 413 412 412 411 411 410 410 411 411 409 412 412 412 412 412 411 411 411 411 412 411 411 411 410 410 411 411 412 413 414 411 411 411 411 408 408 410 410 410 410 410 411 410 410 410 410 410 414 414 410 410 409 409 409 409 409 409 409 409 409 408 408 408 408 408 408 408 408 405 405 405 405 405 407 407 407 407 406 405 405 406 406 410 410 410 406 406 406 406 406 406 406 406 406
0 0 0 0 0 0 0 0 0 0 0 0 0 0 0 0 0 0 0 0 0 0 0 0 0 0 0 0 420 419 419 419 419 420 421 422 421 421 421 421 419 418 418 418 419 419 420 425 423 423 421 421 421 420 420 420 421 421 421 420 420 421 420 420 420 420 419 419 419 423 420 420 420 420 420 420 420 418 418 418 417 417 418 420 420 419 419 419 420 420 422 422 414 414 415 416 416 416 417 418 418 418 420 420 418 418 418 418 418 416 416 416 416 416 416 415 415 415 415 416 416 416 416 419 418 417 415 415 416 417 415 415 414 414 414 414 414 0 413 413 413 415 416 416 416 415 415 0 0 0 0 0 0 412 412 0 0 0 412 412 412 412 412 412 0 0 0 0 0 0 0 0 0 0 0 0 0 0 0 0 0 0 0 0 0 0 0 0 0 0 0 0 0 0 0 0 0 0 0 0 0 410 410 410 410 410 409 409 410 410 410 411 410 410 409 409 410 410 410 409 409 410 413 413 413 413 412 411 411 410 409 409 409 409 409 409 407 407 408 408 408 409 409 410 409 409 410 410 410 410 409 409 409 410 410 409 409 411 411 411 408 408 408 408 408 409 409 409 409 409 409 409 408 407 407 407 407 407 408 407 406 406 406 406 407 407 407 406 406 406 406 406 408 408 405 405 405 405 404 404 405 403 403 403 404 404 405 405 405 404 404 404 404 405 405 405 405 405 404 404
0 0 0 0 0 0 0 0 0 0 0 0 0 0 0 0 0 0 0 0 0 0 0 0 0 0 0 0 419 419 419 416 416 414 414 414 420 419 419 419 418 418 417 417 417 418 418 418 413 420 420 420 420 420 420 420 421 421 421 419 418 418 418 418 418 419 418 418 416 416 418 418 419 419 419 418 416 416 417 417 416 416 416 416 416 416 416 419 420 420 420 414 414 414 414 414 415 415 417 418 414 414 415 416 416 418 418 418 418 416 416 416 412 412 412 412 414 413 413 414 414 416 416 0 0 0 415 415 415 417 415 415 413 413 413 413 413 413 412 412 412 415 415 415 413 413 413 0 0 0 0 0 0 411 411 410 410 410 412 412 411 411 411 411 0 0 0 0 0 0 0 0 0 0 0 0 0 0 0 0 0 0 0 0 0 0 0 0 0 0 0 0 0 0 0 0 0 0 0 0 409 409 409 409 410 409 408 408 408 408 409 409 409 409 409 409 410 410 408 407 407 407 407 408 408 412 412 411 408 408 408 408 408 409 408 408 406 406 407 407 407 407 409 410 409 409 410 408 408 408 408 408 409 409 410 409 409 409 407 407 407 407 407 408 408 408 408 409 408 407 407 407 406 406 406 407 406 405 404 404 404 405 405 405 405 405 403 403 403 403 405 404 404 404 404 404 403 403 401 401 401 401 402 402 403 403 403 403 399 399 404 404 403 403 404 400 400 402 403 403
0 0 0 0 0 0 0 0 0 0 0 0 0 0 0 0 0 0 0 0 0 0 0 0 0 0 0 0 416 416 419 413 413 413 413 413 414 416 416 416 415 415 415 415 415 415 414 413 413 413 414 420 420 420 420 412 412 412 419 419 418 418 418 418 418 418 418 418 415 415 416 416 419 419 414 414 415 415 415 415 415 415 416 416 415 415 416 420 420 420 420 412 412 413 413 412 412 415 415 414 414 414 415 416 416 416 408 410 411 411 411 411 412 412 412 412 414 412 412 413 414 0 0 0 0 0 0 415 415 415 409 409 409 411 410 410 410 410 411 411 411 0 415 415 413 413 413 0 0 0 0 0 0 409 409 409 409 409 409 411 411 411 411 411 0 0 0 0 0 0 0 0 0 0 0 0 0 0 0 0 0 0 0 0 0 0 0 0 0 0 0 0 0 0 0 0 0 0 0 0 409 409 408 407 407 408 408 408 408 408 408 409 408 408 0 0 407 407 407 407 406 406 406 406 406 403 404 408 408 408 408 407 407 406 406 406 405 405 406 406 406 405 405 405 404 403 403 404 404 405 405 406 407 408 408 403 405 405 405 405 406 406 407 406 404 404 405 405 408 407 405 405 405 405 405 406 406 403 402 402 403 403 404 404 404 403 402 402 402 402 402 403 403 403 403 403 403 403 400 400 401 401 401 401 401 400 400 399 399 399 399 399 399 399 399 399 399 402 403 403
0 0 0 0 0 0 0 0 0 0 0 0 0 0 0 0 0 0 0 0 0 0 0 0 0 0 0 0 416 410 410 411 411 413 413 413 414 414 413 413 413 413 413 413 413 413 412 412 412 412 413 414 414 414 413 412 412 412 412 412 413 413 413 413 419 418 418 413 412 412 416 416 412 412 412 413 414 414 413 411 411 412 412 412 415 415 409 409 410 410 410 410 411 411 412 411 411 410 410 410 410 410 416 416 408 408 408 410 410 409 409 410 410 412 412 412 412 409 409 413 0 0 0 0 0 0 0 0 406 406 408 408 408 408 410 410 410 409 409 411 411 0 0 0 0 0 0 0 0 0 0 0 0 409 409 409 409 409 409 411 0 411 410 410 0 0 0 0 0 0 0 0 0 0 0 0 0 0 0 0 0 0 0 0 0 0 0 0 0 0 0 0 0 0 0 0 0 0 0 0 0 0 408 407 407 408 408 406 406 408 408 0 408 408 0 0 0 405 404 404 405 404 404 404 403 403 404 404 404 405 404 404 404 401 401 402 402 403 404 404 405 404 402 402 403 403 403 403 404 404 404 403 403 403 403 403 0 404 404 404 406 406 406 403 403 403 402 401 401 401 401 401 402 404 404 406 401 401 401 402 401 401 402 403 401 401 401 401 401 401 401 403 403 403 403 396 396 397 399 399 399 399 398 398 398 397 397 397 399 399 399 399 398 398 399 399 399 399 0 0
0 0 0 0 0 0 0 0 0 0 0 0 0 0 0 0 0 0 0 0 0 0 0 0 0 0 0 0 0 409 409 411 411 411 413 413 414 414 412 412 412 412 412 413 412 412 411 411 411 411 413 413 414 410 410 411 412 412 412 412 412 413 413 413 413 409 410 410 410 410 410 410 410 410 410 411 413 414 409 409 409 411 411 407 407 409 409 409 409 409 409 409 411 411 412 411 411 410 410 409 409 409 408 408 408 408 408 410 410 409 409 410 410 410 404 404 409 409 409 0 0 0 0 0 0 0 0 404 406 406 406 406 405 405 405 404 409 409 409 0 0 0 0 0 0 0 0 0 0 0 0 0 0 0 0 0 0 0 0 0 0 0 410 410 0 0 0 0 0 0 0 0 0 0 0 0 0 0 0 0 0 0 0 0 0 0 0 0 0 0 0 0 0 0 0 0 0 0 0 0 0 0 0 0 0 0 408 406 406 0 0 0 0 0 0 0 0 405 404 402 402 402 402 402 403 403 404 404 404 404 404 404 402 401 401 401 401 402 401 401 400 400 400 401 401 402 402 402 402 402 404 402 402 402 402 402 399 404 404 404 406 406 400 400 401 401 400 400 400 399 399 399 401 401 399 399 399 400 400 400 400 400 401 398 398 401 401 401 401 401 401 403 396 395 395 395 396 396 398 398 399 396 396 397 397 397 397 397 398 398 397 397 398 398 399 399 399 399 0 0
0 0 0 0 0 0 0 0 0 0 0 0 0 0 0 0 0 0 0 0 0 0 0 0 0 0 0 0 407 407 408 409 411 411 408 408 408 408 412 412 411 411 411 410 410 409 409 410 410 410 411 413 413 409 409 410 410 411 411 411 411 411 412 413 413 409 409 409 409 409 409 409 409 409 409 410 413 413 408 408 408 408 408 407 407 408 408 408 408 409 409 409 409 405 408 408 406 406 407 408 408 408 408 407 407 407 403 403 404 405 405 405 405 404 404 404 403 0 0 0 0 0 0 0 0 0 404 404 404 404 404 404 404 404 404 404 402 0 0 0 0 0 0 0 0 0 0 0 0 0 0 0 0 0 0 0 0 0 0 0 0 0 0 0 0 0 0 0 0 0 0 0 0 0 0 0 0 0 0 0 0 0 0 0 0 0 0 0 0 0 0 0 0 0 0 0 0 0 0 0 0 0 0 0 0 0 0 0 0 0 0 0 0 0 0 0 0 0 0 402 400 400 400 402 402 402 404 404 400 399 399 399 400 401 401 401 401 400 400 400 399 399 400 400 400 401 401 399 398 398 399 399 399 400 399 399 399 397 397 394 400 400 400 399 399 399 399 399 399 399 399 398 398 398 399 398 398 398 398 398 400 397 397 398 398 398 401 401 401 394 394 394 394 394 394 395 395 395 398 392 392 392 392 392 394 395 398 393 392 392 392 392 392 392 392 393 393 392 0 0
0 0 0 0 0 0 0 0 0 0 0 0 0 0 0 0 0 0 0 0 0 0 0 0 0 0 0 0 406 406 406 406 406 406 407 407 407 406 406 406 411 411 411 410 410 409 409 409 409 409 408 408 408 408 408 406 406 406 411 411 411 405 405 406 407 408 408 408 408 408 409 408 408 408 408 409 409 408 407 406 406 406 407 408 408 407 406 404 404 404 405 405 405 405 405 405 405 405 405 405 400 400 402 403 403 401 401 402 403 404 404 404 404 404 404 403 403 404 0 0 0 0 0 0 0 0 402 402 403 403 403 402 402 403 402 402 402 0 0 0 0 0 0 0 0 0 0 0 0 0 0 0 0 0 0 0 0 0 0 0 0 0 0 0 0 0 0 0 0 0 0 0 0 0 0 0 0 0 0 0 0 0 0 0 0 0 0 0 0 0 0 0 0 0 0 0 0 0 0 0 0 0 0 0 0 0 0 0 0 0 0 0 0 0 0 0 0 0 0 0 400 400 398 398 398 0 397 397 397 398 398 398 400 401 401 401 401 400 397 397 398 398 398 398 400 397 397 398 397 397 398 398 398 397 397 397 397 397 397 394 394 394 397 397 397 397 399 399 398 397 397 397 397 397 397 397 397 395 395 393 393 394 394 394 394 390 389 393 393 393 393 393 393 393 393 393 395 391 391 391 391 391 391 391 392 395 395 392 392 392 392 392 392 392 392 392 392 392 393 393
0 0 0 0 0 0 0 0 0 0 0 0 0 0 0 0 0 0 0 0 0 0 0 0 0 0 0 0 405 405 404 404 404 404 405 405 404 404 405 405 402 402 403 403 409 409 409 409 404 404 405 406 406 406 405 405 405 405 405 403 403 403 404 405 405 406 408 408 408 408 408 402 402 403 403 404 404 404 404 405 405 405 406 408 408 407 403 403 403 403 404 405 405 402 402 403 403 403 402 402 400 400 401 401 401 401 401 402 403 403 403 404 404 404 402 402 402 402 0 0 0 0 0 0 0 0 402 402 400 400 398 398 399 403 402 402 402 0 0 0 0 0 0 0 0 0 0 0 0 0 0 0 0 0 0 0 0 0 0 0 0 0 0 0 0 0 0 0 0 0 0 0 0 0 0 0 0 0 0 0 0 0 0 0 0 0 0 0 0 0 0 0 0 0 0 0 0 0 0 0 0 0 0 0 0 0 0 0 0 0 0 0 0 0 0 0 0 0 0 0 396 395 395 395 395 393 397 397 396 396 396 398 398 398 393 393 393 396 396 396 397 397 397 397 396 396 396 396 396 396 397 397 397 396 396 395 395 394 394 394 394 394 397 397 397 397 397 398 398 395 394 393 393 397 397 397 393 393 393 393 393 394 394 394 390 390 389 389 389 390 390 391 389 389 390 390 390 389 389 390 390 390 389 389 390 390 390 391 391 391 390 390 391 391 391 390 390 391 391 392
0 0 0 0 0 0 0 0 0 0 0 0 0 0 0 0 0 0 0 0 0 0 0 0 0 0 0 0 400 400 400 400 400 402 403 403 403 403 402 402 402 399 403 403 401 401 402 402 403 403 404 404 405 405 404 404 404 404 403 402 402 402 403 404 403 402 402 402 402 402 403 402 402 402 402 402 402 402 402 402 400 400 404 408 408 402 402 402 402 403 403 405 405 402 402 402 402 402 401 400 400 400 400 400 400 398 398 400 403 402 402 404 404 404 399 399 402 402 0 0 0 0 0 0 398 398 398 398 398 398 398 398 398 398 0 0 0 0 0 0 0 0 0 0 0 0 0 0 0 0 0 0 0 0 0 0 0 0 0 0 0 0 0 0 0 0 0 0 0 0 0 0 0 0 0 0 0 0 0 0 0 0 0 0 0 0 0 0 0 0 0 0 0 0 0 0 0 0 0 0 0 0 0 0 0 0 0 0 0 0 0 0 0 0 0 0 0 0 0 0 395 395 394 393 393 393 393 393 395 395 395 395 395 0 393 393 393 393 393 394 394 395 395 397 396 396 394 394 395 395 393 393 393 394 395 394 394 394 393 393 392 392 392 0 0 392 392 0 392 392 392 392 392 392 392 392 392 392 391 390 390 0 0 0 390 390 390 389 389 389 389 389 388 388 389 388 388 387 387 388 389 389 388 388 389 390 390 391 391 389 389 389 389 388 387 387 387 387 391 392
0 0 0 0 0 0 0 0 0 0 0 0 0 0 0 0 0 0 0 0 0 0 0 0 0 0 0 0 399 399 399 399 399 399 399 399 401 401 400 399 399 399 401 401 400 400 401 401 402 401 401 401 405 405 404 403 402 402 402 402 401 401 402 402 402 401 401 401 402 402 402 402 401 401 401 401 401 401 401 401 400 400 404 404 397 397 398 398 402 403 398 398 398 398 400 400 400 400 399 399 399 399 398 398 398 397 397 397 397 397 396 396 0 0 399 399 0 0 0 0 0 0 0 0 398 398 397 397 396 396 396 397 397 397 0 0 0 0 0 0 0 0 0 0 0 0 0 0 0 0 0 0 0 0 0 0 0 0 0 0 0 0 0 0 0 0 0 0 0 0 0 0 0 0 0 0 0 0 0 0 0 0 0 0 0 0 0 0 0 0 0 0 0 0 0 0 0 0 0 0 0 0 0 0 0 0 0 0 0 0 0 0 0 0 0 0 0 0 0 0 395 393 393 392 392 391 391 392 395 395 395 395 390 390 393 393 393 393 393 393 394 395 395 395 391 391 391 391 392 392 391 391 392 393 393 394 394 391 391 392 392 392 392 0 0 0 0 0 390 390 390 390 390 390 391 391 391 391 390 390 390 0 0 0 0 390 389 389 388 387 387 387 387 387 387 386 386 385 385 385 386 387 387 387 389 0 0 0 0 389 389 389 389 388 387 387 387 387 0 0
0 0 0 0 0 0 0 0 0 0 0 0 0 0 0 0 0 0 0 0 0 0 0 0 0 0 0 0 399 398 398 398 398 398 398 398 398 398 399 399 399 399 399 399 398 397 397 398 399 400 400 400 0 0 403 403 401 401 401 402 401 401 400 400 400 401 401 401 398 398 401 401 399 399 399 399 399 400 400 399 399 397 397 398 397 397 398 398 398 397 397 397 397 398 398 400 399 399 398 398 396 396 397 397 398 397 397 396 396 397 396 396 0 0 0 0 0 0 0 0 0 0 0 0 0 0 396 395 395 394 394 397 397 397 0 0 0 0 0 0 0 0 0 0 0 0 0 0 0 0 0 0 0 0 0 0 0 0 0 0 0 0 0 0 0 0 0 0 0 0 0 0 0 0 0 0 0 0 0 0 0 0 0 0 0 0 0 0 0 0 0 0 0 0 0 0 0 0 0 0 0 0 0 0 0 0 0 0 0 0 0 0 0 0 0 0 0 0 0 0 0 393 390 389 389 390 390 390 390 390 390 390 390 390 390 389 389 389 389 390 390 390 390 390 389 389 389 389 389 390 390 390 391 393 393 0 0 389 389 390 390 390 392 0 0 0 0 0 388 388 388 388 390 390 385 385 387 388 387 387 0 0 0 0 0 390 389 389 388 386 386 385 385 384 384 384 383 383 384 384 384 383 383 384 0 0 0 0 0 0 0 0 0 0 387 387 387 0 0 0
0 0 0 0 0 0 0 0 0 0 0 0 0 0 0 0 0 0 0 0 0 0 0 0 0 0 0 0 0 395 395 395 396 396 396 397 396 396 396 397 397 398 398 398 396 396 396 396 397 398 398 400 0 0 0 397 397 397 401 0 0 0 400 400 400 401 396 396 397 397 398 398 397 397 396 396 397 397 396 396 399 396 396 396 396 397 397 395 395 395 396 395 395 396 396 0 399 399 398 398 395 395 396 396 396 0 0 396 394 394 0 0 0 0 0 0 0 0 0 0 0 0 0 0 0 0 396 395 395 394 394 0 0 0 0 0 0 0 0 0 0 0 0 0 0 0 0 0 0 0 0 0 0 0 0 0 0 0 0 0 0 0 0 0 0 0 0 0 0 0 0 0 0 0 0 0 0 0 0 0 0 0 0 0 0 0 0 0 0 0 0 0 0 0 0 0 0 0 0 0 0 0 0 0 0 0 0 0 0 0 0 0 0 0 0 0 0 0 0 0 0 0 390 389 389 390 390 390 0 390 389 389 389 389 389 389 389 389 389 389 389 389 0 390 388 388 388 388 388 390 388 388 391 0 0 0 0 389 389 390 390 390 0 0 0 0 0 386 385 385 386 386 386 386 385 385 385 384 384 385 385 0 0 0 0 0 0 0 0 386 386 385 383 383 383 382 382 383 383 382 382 382 382 382 0 0 0 0 0 0 0 0 0 0 0 0 0 0 0 0
0 0 0 0 0 0 0 0 0 0 0 0 0 0 0 0 0 0 0 0 0 0 0 0 0 0 0 0 0 395 395 395 396 396 396 397 396 396 396 397 397 398 398 398 396 396 396 396 397 398 398 0 0 0 0 397 397 397 0 0 0 0 0 0 0 0 396 396 397 397 398 398 397 397 396 396 397 397 396 396 0 396 396 396 396 397 397 395 395 395 396 395 395 396 396 0 0 0 0 0 395 395 396 396 396 0 0 0 394 394 0 0 0 0 0 0 0 0 0 0 0 0 0 0 0 0 0 0 0 0 0 0 0 0 0 0 0 0 0 0 0 0 0 0 0 0 0 0 0 0 0 0 0 0 0 0 0 0 0 0 0 0 0 0 0 0 0 0 0 0 0 0 0 0 0 0 0 0 0 0 0 0 0 0 0 0 0 0 0 0 0 0 0 0 0 0 0 0 0 0 0 0 0 0 0 0 0 0 0 0 0 0 0 0 0 0 0 0 0 0 0 0 0 0 0 0 0 0 0 0 389 389 389 389 389 389 389 389 389 389 389 389 0 0 388 388 388 388 388 0 388 388 0 0 0 0 0 0 0 0 0 0 0 0 0 0 0 386 385 385 386 386 386 386 385 385 385 384 384 385 385 0 0 0 0 0 0 0 0 0 0 0 383 383 383 382 382 383 383 382 382 382 382 382 0 0 0 0 0 0 0 0 0 0 0 0 0 0 0 0
0 0 0 0 0 0 0 0 0 0 0 0 0 0 0 0 0 0 0 0 0 0 0 0 0 0 0 0 0 0 0 0 0 0 0 0 0 0 0 0 0 0 0 0 0 0 0 0 0 0 0 0 0 0 0 0 0 0 0 0 0 0 0 0 0 0 0 0 0 0 0 0 0 0 0 0 0 0 0 0 0 0 0 0 0 0 0 0 0 0 0 0 0 0 0 0 0 0 0 0 0 0 0 0 0 0 0 0 0 0 0 0 0 0 0 0 0 0 0 0 0 0 0 0 0 0 0 0 0 0 0 0 0 0 0 0 0 0 0 0 0 0 0 0 0 0 0 0 0 0 0 0 0 0 0 0 0 0 0 0 0 0 0 0 0 0 0 0 0 0 0 0 0 0 0 0 0 0 0 0 0 0 0 0 0 0 0 0 0 0 0 0 0 0 0 0 0 0 0 0 0 0 0 0 0 0 0 0 0 0 0 0 0 0 0 0 0 0 0 0 0 0 0 0 0 0 0 0 0 0 0 0 0 0 0 0 0 0 0 0 0 0 0 0 0 0 0 0 0 0 0 0 0 0 0 0 0 0 0 0 0 0 0 0 0 0 0 0 0 0 0 0 0 0 0 0 0 0 0 0 0 0 0 0 0 0 0 0 0 0 0 0 0 0 0 0 0 0 0 0 0 0 0 0 0 0 0 0 0 0 0 0 0 0 0 0 0 0 0 0
0 0 0 0 0 0 0 0 0 0 0 0 0 0 0 0 0 0 0 0 0 0 0 0 0 0 0 0 0 0 0 0 0 0 0 0 0 0 0 0 0 0 0 0 0 0 0 0 0 0 0 0 0 0 0 0 0 0 0 0 0 0 0 0 0 0 0 0 0 0 0 0 0 0 0 0 0 0 0 0 0 0 0 0 0 0 0 0 0 0 0 0 0 0 0 0 0 0 0 0 0 0 0 0 0 0 0 0 0 0 0 0 0 0 0 0 0 0 0 0 0 0 0 0 0 0 0 0 0 0 0 0 0 0 0 0 0 0 0 0 0 0 0 0 0 0 0 0 0 0 0 0 0 0 0 0 0 0 0 0 0 0 0 0 0 0 0 0 0 0 0 0 0 0 0 0 0 0 0 0 0 0 0 0 0 0 0 0 0 0 0 0 0 0 0 0 0 0 0 0 0 0 0 0 0 0 0 0 0 0 0 0 0 0 0 0 0 0 0 0 0 0 0 0 0 0 0 0 0 0 0 0 0 0 0 0 0 0 0 0 0 0 0 0 0 0 0 0 0 0 0 0 0 0 0 0 0 0 0 0 0 0 0 0 0 0 0 0 0 0 0 0 0 0 0 0 0 0 0 0 0 0 0 0 0 0 0 0 0 0 0 0 0 0 0 0 0 0 0 0 0 0 0 0 0 0 0 0 0 0 0 0 0 0 0 0 0 0 0 0
0 0 0 0 0 0 0 0 0 0 0 0 0 0 0 0 0 0 0 0 0 0 0 0 0 0 0 0 0 0 0 0 0 0 0 0 0 0 0 0 0 0 0 0 0 0 0 0 0 0 0 0 0 0 0 0 0 0 0 0 0 0 0 0 0 0 0 0 0 0 0 0 0 0 0 0 0 0 0 0 0 0 0 0 0 0 0 0 0 0 0 0 0 0 0 0 0 0 0 0 0 0 0 0 0 0 0 0 0 0 0 0 0 0 0 0 0 0 0 0 0 0 0 0 0 0 0 0 0 0 0 0 0 0 0 0 0 0 0 0 0 0 0 0 0 0 0 0 0 0 0 0 0 0 0 0 0 0 0 0 0 0 0 0 0 0 0 0 0 0 0 0 0 0 0 0 0 0 0 0 0 0 0 0 0 0 0 0 0 0 0 0 0 0 0 0 0 0 0 0 0 0 0 0 0 0 0 0 0 0 0 0 0 0 0 0 0 0 0 0 0 0 0 0 0 0 0 0 0 0 0 0 0 0 0 0 0 0 0 0 0 0 0 0 0 0 0 0 0 0 0 0 0 0 0 0 0 0 0 0 0 0 0 0 0 0 0 0 0 0 0 0 0 0 0 0 0 0 0 0 0 0 0 0 0 0 0 0 0 0 0 0 0 0 0 0 0 0 0 0 0 0 0 0 0 0 0 0 0 0 0 0 0 0 0 0 0 0 0 0
0 0 0 0 0 0 0 0 0 0 0 0 0 0 0 0 0 0 0 0 0 0 0 0 0 0 0 0 0 0 0 0 0 0 0 0 0 0 0 0 0 0 0 0 0 0 0 0 0 0 0 0 0 0 0 0 0 0 0 0 0 0 0 0 0 0 0 0 0 0 0 0 0 0 0 0 0 0 0 0 0 0 0 0 0 0 0 0 0 0 0 0 0 0 0 0 0 0 0 0 0 0 0 0 0 0 0 0 0 0 0 0 0 0 0 0 0 0 0 0 0 0 0 0 0 0 0 0 0 0 0 0 0 0 0 0 0 0 0 0 0 0 0 0 0 0 0 0 0 0 0 0 0 0 0 0 0 0 0 0 0 0 0 0 0 0 0 0 0 0 0 0 0 0 0 0 0 0 0 0 0 0 0 0 0 0 0 0 0 0 0 0 0 0 0 0 0 0 0 0 0 0 0 0 0 0 0 0 0 0 0 0 0 0 0 0 0 0 0 0 0 0 0 0 0 0 0 0 0 0 0 0 0 0 0 0 0 0 0 0 0 0 0 0 0 0 0 0 0 0 0 0 0 0 0 0 0 0 0 0 0 0 0 0 0 0 0 0 0 0 0 0 0 0 0 0 0 0 0 0 0 0 0 0 0 0 0 0 0 0 0 0 0 0 0 0 0 0 0 0 0 0 0 0 0 0 0 0 0 0 0 0 0 0 0 0 0 0 0 0
0 0 0 0 0 0 0 0 0 0 0 0 0 0 0 0 0 0 0 0 0 0 0 0 0 0 0 0 0 0 0 0 0 0 0 0 0 0 0 0 0 0 0 0 0 0 0 0 0 0 0 0 0 0 0 0 0 0 0 0 0 0 0 0 0 0 0 0 0 0 0 0 0 0 0 0 0 0 0 0 0 0 0 0 0 0 0 0 0 0 0 0 0 0 0 0 0 0 0 0 0 0 0 0 0 0 0 0 0 0 0 0 0 0 0 0 0 0 0 0 0 0 0 0 0 0 0 0 0 0 0 0 0 0 0 0 0 0 0 0 0 0 0 0 0 0 0 0 0 0 0 0 0 0 0 0 0 0 0 0 0 0 0 0 0 0 0 0 0 0 0 0 0 0 0 0 0 0 0 0 0 0 0 0 0 0 0 0 0 0 0 0 0 0 0 0 0 0 0 0 0 0 0 0 0 0 0 0 0 0 0 0 0 0 0 0 0 0 0 0 0 0 0 0 0 0 0 0 0 0 0 0 0 0 0 0 0 0 0 0 0 0 0 0 0 0 0 0 0 0 0 0 0 0 0 0 0 0 0 0 0 0 0 0 0 0 0 0 0 0 0 0 0 0 0 0 0 0 0 0 0 0 0 0 0 0 0 0 0 0 0 0 0 0 0 0 0 0 0 0 0 0 0 0 0 0 0 0 0 0 0 0 0 0 0 0 0 0 0 0
0 0 0 0 0 0 0 0 0 0 0 0 0 0 0 0 0 0 0 0 0 0 0 0 0 0 0 0 0 0 0 0 0 0 0 0 0 0 0 0 0 0 0 0 0 0 0 0 0 0 0 0 0 0 0 0 0 0 0 0 0 0 0 0 0 0 0 0 0 0 0 0 0 0 0 0 0 0 0 0 0 0 0 0 0 0 0 0 0 0 0 0 0 0 0 0 0 0 0 0 0 0 0 0 0 0 0 0 0 0 0 0 0 0 0 0 0 0 0 0 0 0 0 0 0 0 0 0 0 0 0 0 0 0 0 0 0 0 0 0 0 0 0 0 0 0 0 0 0 0 0 0 0 0 0 0 0 0 0 0 0 0 0 0 0 0 0 0 0 0 0 0 0 0 0 0 0 0 0 0 0 0 0 0 0 0 0 0 0 0 0 0 0 0 0 0 0 0 0 0 0 0 0 0 0 0 0 0 0 0 0 0 0 0 0 0 0 0 0 0 0 0 0 0 0 0 0 0 0 0 0 0 0 0 0 0 0 0 0 0 0 0 0 0 0 0 0 0 0 0 0 0 0 0 0 0 0 0 0 0 0 0 0 0 0 0 0 0 0 0 0 0 0 0 0 0 0 0 0 0 0 0 0 0 0 0 0 0 0 0 0 0 0 0 0 0 0 0 0 0 0 0 0 0 0 0 0 0 0 0 0 0 0 0 0 0 0 0 0 0
